epoch,batch_idx,phase,batch_size,batch_MSE,batch_RMSE,epoch_MSE,epoch_RMSE
1,0,train,16,0.27441678779980694,0.523848057932648,0.28585562634139877,0.5346546795281968
1,1,train,16,0.2828040571280825,0.5317932465987909,0.28585562634139877,0.5346546795281968
1,2,train,16,0.3013624219027381,0.5489648639965385,0.28585562634139877,0.5346546795281968
1,3,train,6,0.28483923853496745,0.5337033244556075,0.28585562634139877,0.5346546795281968
1,-1,train,54,0.28585562634139877,0.5346546795281968,0.28585562634139877,0.5346546795281968
2,0,train,16,0.3030295431075969,0.5504811923286724,0.28413426858090896,0.533042464144189
2,1,train,16,0.25625604494850746,0.5062173890222534,0.28413426858090896,0.533042464144189
2,2,train,16,0.2837950041584143,0.5327241351378913,0.28413426858090896,0.533042464144189
2,3,train,6,0.2934564821091171,0.5417162376273367,0.28413426858090896,0.533042464144189
2,-1,train,54,0.28413426858090896,0.533042464144189,0.28413426858090896,0.533042464144189
3,0,train,16,0.28435420010483475,0.5332487225534017,0.2891155515459925,0.5376946638623007
3,1,train,16,0.26114433587823993,0.5110228330302277,0.2891155515459925,0.5376946638623007
3,2,train,16,0.2660883124157596,0.5158374864390525,0.2891155515459925,0.5376946638623007
3,3,train,6,0.3448753577851358,0.5872608941391686,0.2891155515459925,0.5376946638623007
3,-1,train,54,0.2891155515459925,0.5376946638623007,0.2891155515459925,0.5376946638623007
4,0,train,16,0.2492280703634595,0.4992274735663689,0.27401139732698615,0.5234609797558804
4,1,train,16,0.30213556760985083,0.5496685979841407,0.27401139732698615,0.5234609797558804
4,2,train,16,0.27710398383195367,0.5264066715306273,0.27401139732698615,0.5234609797558804
4,3,train,6,0.26757796750268065,0.5172793901777653,0.27401139732698615,0.5234609797558804
4,-1,train,54,0.27401139732698615,0.5234609797558804,0.27401139732698615,0.5234609797558804
5,0,train,16,0.2606612260802425,0.5105499251593741,0.2716986775147463,0.5212472326207078
5,1,train,16,0.2820833776446288,0.5311152206862734,0.2716986775147463,0.5212472326207078
5,2,train,16,0.27216576635312323,0.5216950894470095,0.2716986775147463,0.5212472326207078
5,3,train,6,0.2718843399809906,0.5214252966446782,0.2716986775147463,0.5212472326207078
5,-1,train,54,0.2716986775147463,0.5212472326207078,0.2716986775147463,0.5212472326207078
6,0,train,16,0.27610457824674245,0.5254565426814499,0.2720141911467594,0.5215497973796552
6,1,train,16,0.26377087122144677,0.5135862841056474,0.2720141911467594,0.5215497973796552
6,2,train,16,0.2553791833849234,0.5053505549466859,0.2720141911467594,0.5215497973796552
6,3,train,6,0.29280213173392505,0.5411119401139889,0.2720141911467594,0.5215497973796552
6,-1,train,54,0.2720141911467594,0.5215497973796552,0.2720141911467594,0.5215497973796552
7,0,train,16,0.26833890201890664,0.5180143839884243,0.2606673368891709,0.5105559096604121
7,1,train,16,0.2611448063454622,0.5110232933491997,0.2606673368891709,0.5105559096604121
7,2,train,16,0.2742087423543761,0.5236494460556376,0.2606673368891709,0.5105559096604121
7,3,train,6,0.23897689683793857,0.4888526330479755,0.2606673368891709,0.5105559096604121
7,-1,train,54,0.2606673368891709,0.5105559096604121,0.2606673368891709,0.5105559096604121
8,0,train,16,0.2784060032491119,0.5276419271145081,0.2619910904321508,0.511850652468228
8,1,train,16,0.24904688811572845,0.4990459779576712,0.2619910904321508,0.511850652468228
8,2,train,16,0.2544146863196851,0.5043953670680225,0.2619910904321508,0.511850652468228
8,3,train,6,0.2660967840440776,0.5158456979020738,0.2619910904321508,0.511850652468228
8,-1,train,54,0.2619910904321508,0.511850652468228,0.2619910904321508,0.511850652468228
9,0,train,16,0.24089030674898035,0.49080577293770733,0.25788060482316333,0.5078194608550989
9,1,train,16,0.25597586256553717,0.5059405721678557,0.25788060482316333,0.5078194608550989
9,2,train,16,0.27632588878680325,0.5256670893130017,0.25788060482316333,0.5078194608550989
9,3,train,6,0.2583303611913327,0.5082620989128863,0.25788060482316333,0.5078194608550989
9,-1,train,54,0.25788060482316333,0.5078194608550989,0.25788060482316333,0.5078194608550989
10,0,train,16,0.2295267477617188,0.479089498696975,0.25650252302557414,0.5064607813301778
10,1,train,16,0.2674548303472643,0.5171603526443846,0.25650252302557414,0.5064607813301778
10,2,train,16,0.26119325546339717,0.51107069517181,0.25650252302557414,0.5064607813301778
10,3,train,6,0.26783525852991613,0.5175280268061974,0.25650252302557414,0.5064607813301778
10,-1,train,54,0.25650252302557414,0.5064607813301778,0.25650252302557414,0.5064607813301778
11,0,train,16,0.24916953895460842,0.499168848141196,0.2528067669582433,0.5027989329326816
11,1,train,16,0.24165379227590628,0.4915829454689272,0.2528067669582433,0.5027989329326816
11,2,train,16,0.2580890116792727,0.5080246171980967,0.2528067669582433,0.5027989329326816
11,3,train,6,0.2623147249231858,0.5121666964213759,0.2528067669582433,0.5027989329326816
11,-1,train,54,0.2528067669582433,0.5027989329326816,0.2528067669582433,0.5027989329326816
12,0,train,16,0.25243508411319293,0.5024291831822599,0.2523387809669486,0.5023333365076905
12,1,train,16,0.23276836554074437,0.48246073989573945,0.2523387809669486,0.5023333365076905
12,2,train,16,0.2467075971805502,0.49669668529249333,0.2523387809669486,0.5023333365076905
12,3,train,6,0.277444077033307,0.5267296052371719,0.2523387809669486,0.5023333365076905
12,-1,train,54,0.2523387809669486,0.5023333365076905,0.2523387809669486,0.5023333365076905
13,0,train,16,0.2101698669146516,0.45844287202949463,0.2554221224134127,0.5053930375592968
13,1,train,16,0.24632801839674684,0.4963144350074324,0.2554221224134127,0.5053930375592968
13,2,train,16,0.24982783203436157,0.49982780238234203,0.2554221224134127,0.5053930375592968
13,3,train,6,0.31536277230789095,0.5615716982789384,0.2554221224134127,0.5053930375592968
13,-1,train,54,0.2554221224134127,0.5053930375592968,0.2554221224134127,0.5053930375592968
14,0,train,16,0.23418393827436615,0.4839255503425771,0.24060843853865965,0.49051854046372156
14,1,train,16,0.22195425956436882,0.4711202177410441,0.24060843853865965,0.49051854046372156
14,2,train,16,0.2677563336610323,0.5174517694056445,0.24060843853865965,0.49051854046372156
14,3,train,6,0.2385392226548712,0.48840477337437155,0.24060843853865965,0.49051854046372156
14,-1,train,54,0.24060843853865965,0.49051854046372156,0.24060843853865965,0.49051854046372156
15,0,train,16,0.25026347404610794,0.5002634046640909,0.2312174309226026,0.4808507366351877
15,1,train,16,0.22953947610743103,0.47910278240418414,0.2312174309226026,0.4808507366351877
15,2,train,16,0.24875602187270696,0.4987544705290439,0.2312174309226026,0.4808507366351877
15,3,train,6,0.19631075166416448,0.44306969165602433,0.2312174309226026,0.4808507366351877
15,-1,train,54,0.2312174309226026,0.4808507366351877,0.2312174309226026,0.4808507366351877
16,0,train,16,0.244235860558374,0.4942022466140497,0.2346532436902277,0.48441020188496
16,1,train,16,0.23721837804162305,0.48705069350286634,0.2346532436902277,0.48441020188496
16,2,train,16,0.22115988773125536,0.47027639503940166,0.2346532436902277,0.48441020188496
16,3,train,6,0.23599884842965838,0.4857971268231816,0.2346532436902277,0.48441020188496
16,-1,train,54,0.2346532436902277,0.48441020188496,0.2346532436902277,0.48441020188496
17,0,train,16,0.23203720770751152,0.4817024057522565,0.22977732609445223,0.47935094251962435
17,1,train,16,0.21204950045834056,0.4604883282541921,0.22977732609445223,0.47935094251962435
17,2,train,16,0.2526881199627031,0.5026809325632942,0.22977732609445223,0.47935094251962435
17,3,train,6,0.2223344762492538,0.4715235691344111,0.22977732609445223,0.47935094251962435
17,-1,train,54,0.22977732609445223,0.47935094251962435,0.22977732609445223,0.47935094251962435
18,0,train,16,0.2056160466205344,0.45344905625718795,0.22919981615318097,0.47874817613561826
18,1,train,16,0.24992110170378137,0.49992109547785774,0.22919981615318097,0.47874817613561826
18,2,train,16,0.22527928801918434,0.47463595314639234,0.22919981615318097,0.47874817613561826
18,3,train,6,0.2359828282692238,0.48578063801393295,0.22919981615318097,0.47874817613561826
18,-1,train,54,0.22919981615318097,0.47874817613561826,0.22919981615318097,0.47874817613561826
19,0,train,16,0.21900561476786073,0.467980357245751,0.2234101358694704,0.4726628141386525
19,1,train,16,0.22646254681293856,0.4758808115620324,0.2234101358694704,0.4726628141386525
19,2,train,16,0.23207713019461523,0.4817438429234101,0.2234101358694704,0.4726628141386525
19,3,train,6,0.216095251702467,0.4648604647660059,0.2234101358694704,0.4726628141386525
19,-1,train,54,0.2234101358694704,0.4726628141386525,0.2234101358694704,0.4726628141386525
20,0,train,16,0.23103293195682975,0.48065885194889496,0.21880048999125803,0.46776114630360016
20,1,train,16,0.22061277581393393,0.4696943429656503,0.21880048999125803,0.46776114630360016
20,2,train,16,0.2199686731390384,0.46900818024746477,0.21880048999125803,0.46776114630360016
20,3,train,6,0.20358757905523006,0.4512068029797756,0.21880048999125803,0.46776114630360016
20,-1,train,54,0.21880048999125803,0.46776114630360016,0.21880048999125803,0.46776114630360016
21,0,train,16,0.21812214922551837,0.46703549032757496,0.21954924384970273,0.4685608219321188
21,1,train,16,0.22056364609626478,0.4696420403842322,0.21954924384970273,0.4685608219321188
21,2,train,16,0.2142413916544938,0.46286217349713704,0.21954924384970273,0.4685608219321188
21,3,train,6,0.225269788422534,0.47462594579577505,0.21954924384970273,0.4685608219321188
21,-1,train,54,0.21954924384970273,0.4685608219321188,0.21954924384970273,0.4685608219321188
22,0,train,16,0.2169673351048586,0.46579752586811646,0.21512489552634698,0.46381558353115626
22,1,train,16,0.2142610128220619,0.4628833684872053,0.21512489552634698,0.46381558353115626
22,2,train,16,0.21558111316139789,0.4643071323611106,0.21512489552634698,0.46381558353115626
22,3,train,6,0.21369012101706952,0.46226628799542535,0.21512489552634698,0.46381558353115626
22,-1,train,54,0.21512489552634698,0.46381558353115626,0.21512489552634698,0.46381558353115626
23,0,train,16,0.2226923226685368,0.4719028741897392,0.21691986488678036,0.46574656723026997
23,1,train,16,0.19534038382240224,0.441973284059571,0.21691986488678036,0.46574656723026997
23,2,train,16,0.20790943142356572,0.4559708668583616,0.21691986488678036,0.46574656723026997
23,3,train,6,0.24173732163261671,0.4916678977039448,0.21691986488678036,0.46574656723026997
23,-1,train,54,0.21691986488678036,0.46574656723026997,0.21691986488678036,0.46574656723026997
24,0,train,16,0.19524675024040433,0.4418673446187264,0.203269538404672,0.450854231880629
24,1,train,16,0.2075911892821886,0.45562176120351033,0.203269538404672,0.450854231880629
24,2,train,16,0.2394244385864837,0.4893101660363125,0.203269538404672,0.450854231880629
24,3,train,6,0.1708157755096114,0.41329865171521113,0.203269538404672,0.450854231880629
24,-1,train,54,0.203269538404672,0.450854231880629,0.203269538404672,0.450854231880629
25,0,train,16,0.20483914421916682,0.45259158655366855,0.20413071897682863,0.4518082767909732
25,1,train,16,0.19614394907829402,0.44288141649689255,0.20413071897682863,0.4518082767909732
25,2,train,16,0.22289602975033646,0.4721186606673543,0.20413071897682863,0.4518082767909732
25,3,train,6,0.19264375285951718,0.43891201038421945,0.20413071897682863,0.4518082767909732
25,-1,train,54,0.20413071897682863,0.4518082767909732,0.20413071897682863,0.4518082767909732
26,0,train,16,0.2116297984224448,0.4600323884493839,0.2041347531704882,0.45181274126621107
26,1,train,16,0.23043328301418672,0.4800346685544563,0.2041347531704882,0.45181274126621107
26,2,train,16,0.165686965829033,0.407046638395446,0.2041347531704882,0.45181274126621107
26,3,train,6,0.2087889654162883,0.4569343119270956,0.2041347531704882,0.45181274126621107
26,-1,train,54,0.2041347531704882,0.45181274126621107,0.2041347531704882,0.45181274126621107
27,0,train,16,0.22328528354509375,0.4725307223293463,0.20169745896865635,0.44910740248704023
27,1,train,16,0.1975212229247794,0.44443359788024506,0.20169745896865635,0.44910740248704023
27,2,train,16,0.17674707780893475,0.42041298482436856,0.20169745896865635,0.44910740248704023
27,3,train,6,0.20923625159581746,0.45742349261468573,0.20169745896865635,0.44910740248704023
27,-1,train,54,0.20169745896865635,0.44910740248704023,0.20169745896865635,0.44910740248704023
28,0,train,16,0.18213124367154815,0.42676837238899057,0.19831352469592095,0.44532406705220967
28,1,train,16,0.2116017169080313,0.4600018662005963,0.19831352469592095,0.44532406705220967
28,2,train,16,0.19603892377968396,0.44276283016947565,0.19831352469592095,0.44532406705220967
28,3,train,6,0.20348221442442033,0.45109002917867774,0.19831352469592095,0.44532406705220967
28,-1,train,54,0.19831352469592095,0.44532406705220967,0.19831352469592095,0.44532406705220967
29,0,train,16,0.1756248349242205,0.419076168404051,0.19372664967513314,0.4401438965555846
29,1,train,16,0.211125222006081,0.4594836471585044,0.19372664967513314,0.4401438965555846
29,2,train,16,0.19821763294318312,0.4452163888977843,0.19372664967513314,0.4401438965555846
29,3,train,6,0.18993890882704806,0.43581981233882433,0.19372664967513314,0.4401438965555846
29,-1,train,54,0.19372664967513314,0.4401438965555846,0.19372664967513314,0.4401438965555846
30,0,train,16,0.1975131653553781,0.44442453280098987,0.19170175480256982,0.43783758952672147
30,1,train,16,0.2169566625696957,0.4657860695315991,0.19170175480256982,0.43783758952672147
30,2,train,16,0.15976203161614516,0.39970242883443324,0.19170175480256982,0.43783758952672147
30,3,train,6,0.19257515966906028,0.43883386340283753,0.19170175480256982,0.43783758952672147
30,-1,train,54,0.19170175480256982,0.43783758952672147,0.19170175480256982,0.43783758952672147
31,0,train,16,0.162071074583427,0.40258051937895234,0.19441773977476529,0.44092827055516104
31,1,train,16,0.1929520227241713,0.439263045024472,0.19441773977476529,0.44092827055516104
31,2,train,16,0.19709244543408017,0.4439509493559848,0.19441773977476529,0.44092827055516104
31,3,train,6,0.22555541635738277,0.4749267484121975,0.19441773977476529,0.44092827055516104
31,-1,train,54,0.19441773977476529,0.44092827055516104,0.19441773977476529,0.44092827055516104
32,0,train,16,0.17641541386547488,0.42001834943901545,0.18005679730760843,0.4243309997014223
32,1,train,16,0.20481884988451676,0.4525691658570177,0.18005679730760843,0.4243309997014223
32,2,train,16,0.18997211834663064,0.4358579107308145,0.18005679730760843,0.4243309997014223
32,3,train,6,0.14902080713381152,0.3860321322556084,0.18005679730760843,0.4243309997014223
32,-1,train,54,0.18005679730760843,0.4243309997014223,0.18005679730760843,0.4243309997014223
33,0,train,16,0.1878175663986415,0.43337924084875307,0.17789254815734712,0.42177310032450754
33,1,train,16,0.16719113619428438,0.4088901272888407,0.17789254815734712,0.42177310032450754
33,2,train,16,0.2061243565279392,0.4540092031313233,0.17789254815734712,0.42177310032450754
33,3,train,6,0.15043713350852342,0.3878622610006333,0.17789254815734712,0.42177310032450754
33,-1,train,54,0.17789254815734712,0.42177310032450754,0.17789254815734712,0.42177310032450754
34,0,train,16,0.17661464551256864,0.42025545268630204,0.18155058043385494,0.4260875267287872
34,1,train,16,0.20117497019124286,0.4485253283720362,0.18155058043385494,0.4260875267287872
34,2,train,16,0.1594065375197168,0.39925748273478456,0.18155058043385494,0.4260875267287872
34,3,train,6,0.18900616851189145,0.4347483967904786,0.18155058043385494,0.4260875267287872
34,-1,train,54,0.18155058043385494,0.4260875267287872,0.18155058043385494,0.4260875267287872
35,0,train,16,0.18434142343059276,0.4293500010837228,0.17126144825862968,0.4138374659919395
35,1,train,16,0.20314506700939913,0.4507161712312962,0.17126144825862968,0.4138374659919395
35,2,train,16,0.1593594607670739,0.3991985230021197,0.17126144825862968,0.4138374659919395
35,3,train,6,0.13819984182745296,0.37175239316977227,0.17126144825862968,0.4138374659919395
35,-1,train,54,0.17126144825862968,0.4138374659919395,0.17126144825862968,0.4138374659919395
36,0,train,16,0.1932166086248983,0.43956411207569973,0.1730774693924088,0.4160258037579025
36,1,train,16,0.16897782883104992,0.4110691290173101,0.1730774693924088,0.4160258037579025
36,2,train,16,0.16534600795499102,0.4066276035330005,0.1730774693924088,0.4160258037579025
36,3,train,6,0.16476943215869602,0.40591801162143076,0.1730774693924088,0.4160258037579025
36,-1,train,54,0.1730774693924088,0.4160258037579025,0.1730774693924088,0.4160258037579025
37,0,train,16,0.1928982283943978,0.4392018082776957,0.1691598362331918,0.4112904523973196
37,1,train,16,0.1668003958684025,0.4084120417769321,0.1691598362331918,0.4112904523973196
37,2,train,16,0.1624459939851322,0.40304589563117027,0.1691598362331918,0.4112904523973196
37,3,train,6,0.1544947266848346,0.39305817213846933,0.1691598362331918,0.4112904523973196
37,-1,train,54,0.1691598362331918,0.4112904523973196,0.1691598362331918,0.4112904523973196
38,0,train,16,0.18119955187094336,0.4256754067020355,0.16371809595501846,0.40462092871602484
38,1,train,16,0.15926979208841285,0.39908619631404546,0.16371809595501846,0.40462092871602484
38,2,train,16,0.1800324147899039,0.42430226818849776,0.16371809595501846,0.40462092871602484
38,3,train,6,0.1343706250708137,0.3665659900629267,0.16371809595501846,0.40462092871602484
38,-1,train,54,0.16371809595501846,0.40462092871602484,0.16371809595501846,0.40462092871602484
39,0,train,16,0.18007049668643826,0.42434714172059446,0.16430299601873588,0.40534305966518763
39,1,train,16,0.1536617412674268,0.3919971189529673,0.16430299601873588,0.40534305966518763
39,2,train,16,0.17081040999190494,0.4132921605739757,0.16430299601873588,0.40534305966518763
39,3,train,6,0.1526693361291735,0.390729236337868,0.16430299601873588,0.40534305966518763
39,-1,train,54,0.16430299601873588,0.40534305966518763,0.16430299601873588,0.40534305966518763
40,0,train,16,0.15123397898393023,0.38888813170876046,0.16923036917457138,0.4113761893626944
40,1,train,16,0.18123374224096628,0.4257155649503155,0.16923036917457138,0.4113761893626944
40,2,train,16,0.1457777943381235,0.3818085833740822,0.16923036917457138,0.4113761893626944
40,3,train,6,0.19867596113526545,0.44573081690103666,0.16923036917457138,0.4113761893626944
40,-1,train,54,0.16923036917457138,0.4113761893626944,0.16923036917457138,0.4113761893626944
41,0,train,16,0.16350132490659586,0.4043529706909495,0.16309151279610265,0.4038459022896019
41,1,train,16,0.13529210342985093,0.36782074904748224,0.16309151279610265,0.4038459022896019
41,2,train,16,0.1797910693650564,0.42401777010528274,0.16309151279610265,0.4038459022896019
41,3,train,6,0.1737815534829074,0.4168711473380083,0.16309151279610265,0.4038459022896019
41,-1,train,54,0.16309151279610265,0.4038459022896019,0.16309151279610265,0.4038459022896019
42,0,train,16,0.15690444226651148,0.396111653787807,0.15693503465798353,0.39615026777472145
42,1,train,16,0.16363943655092655,0.40452371568416917,0.15693503465798353,0.39615026777472145
42,2,train,16,0.15853977908326092,0.39817054020012693,0.15693503465798353,0.39615026777472145
42,3,train,6,0.14865648073123522,0.3855599573752897,0.15693503465798353,0.39615026777472145
42,-1,train,54,0.15693503465798353,0.39615026777472145,0.15693503465798353,0.39615026777472145
43,0,train,16,0.17387945923883374,0.4169885600814892,0.14987895974070437,0.38714204078180964
43,1,train,16,0.1660309270895189,0.40746892775955185,0.14987895974070437,0.38714204078180964
43,2,train,16,0.14207439296480628,0.3769275699186865,0.14987895974070437,0.38714204078180964
43,3,train,6,0.11753105966965853,0.34282803221098845,0.14987895974070437,0.38714204078180964
43,-1,train,54,0.14987895974070437,0.38714204078180964,0.14987895974070437,0.38714204078180964
44,0,train,16,0.1674223101606215,0.4091727143403156,0.153317732090846,0.39155808265293923
44,1,train,16,0.14694164270275967,0.38332967887023783,0.153317732090846,0.39155808265293923
44,2,train,16,0.14527754097517293,0.3811529102278676,0.153317732090846,0.39155808265293923
44,3,train,6,0.15362943452483,0.3919559089040883,0.153317732090846,0.39155808265293923
44,-1,train,54,0.153317732090846,0.39155808265293923,0.153317732090846,0.39155808265293923
45,0,train,16,0.13051808570396406,0.3612728687626073,0.15195509763085743,0.38981418346547814
45,1,train,16,0.1654243429446751,0.40672391489150855,0.15195509763085743,0.38981418346547814
45,2,train,16,0.15314589515356428,0.3913385939995751,0.15195509763085743,0.38981418346547814
45,3,train,6,0.15873206672122633,0.3984119309473881,0.15195509763085743,0.38981418346547814
45,-1,train,54,0.15195509763085743,0.38981418346547814,0.15195509763085743,0.38981418346547814
46,0,train,16,0.14763079367447127,0.38422752852245146,0.1439529954723994,0.37941138026210997
46,1,train,16,0.15376665596793856,0.39213091687335566,0.1439529954723994,0.37941138026210997
46,2,train,16,0.153157811910916,0.3913538193386082,0.1439529954723994,0.37941138026210997
46,3,train,6,0.1212567203362718,0.34821935663640496,0.1439529954723994,0.37941138026210997
46,-1,train,54,0.1439529954723994,0.37941138026210997,0.1439529954723994,0.37941138026210997
47,0,train,16,0.14108251456028625,0.37560952405428466,0.15850441232222715,0.398126126148771
47,1,train,16,0.12028365612343168,0.34681934219912197,0.15850441232222715,0.398126126148771
47,2,train,16,0.14456678559114997,0.38021939139285094,0.15850441232222715,0.398126126148771
47,3,train,6,0.22808469301404063,0.47758213221815643,0.15850441232222715,0.398126126148771
47,-1,train,54,0.15850441232222715,0.398126126148771,0.15850441232222715,0.398126126148771
48,0,train,16,0.16891501200545456,0.41099271527054415,0.14303565728988446,0.3782005516784507
48,1,train,16,0.13388664778502427,0.36590524427100557,0.14303565728988446,0.3782005516784507
48,2,train,16,0.12692537217330288,0.35626587287207695,0.14303565728988446,0.3782005516784507
48,3,train,6,0.14241559719575617,0.37737991095944173,0.14303565728988446,0.3782005516784507
48,-1,train,54,0.14303565728988446,0.3782005516784507,0.14303565728988446,0.3782005516784507
49,0,train,16,0.14712189398607398,0.38356471942303816,0.13454875750872144,0.3668088841736544
49,1,train,16,0.14194297428971928,0.3767532007690436,0.13454875750872144,0.3668088841736544
49,2,train,16,0.14756903988930298,0.38414715915818376,0.13454875750872144,0.3668088841736544
49,3,train,6,0.10156112186978955,0.31868655740364943,0.13454875750872144,0.3668088841736544
49,-1,train,54,0.13454875750872144,0.3668088841736544,0.13454875750872144,0.3668088841736544
50,0,train,16,0.12190978072555096,0.3491558115305414,0.13280303903226154,0.36442151285600793
50,1,train,16,0.150187887332283,0.3875408202141847,0.13280303903226154,0.36442151285600793
50,2,train,16,0.15550817070772244,0.3943452430392973,0.13280303903226154,0.36442151285600793
50,3,train,6,0.10360631736348977,0.321879352185706,0.13280303903226154,0.36442151285600793
50,-1,train,54,0.13280303903226154,0.36442151285600793,0.13280303903226154,0.36442151285600793
51,0,train,16,0.1473264399262449,0.38383126491499475,0.1358726117046612,0.3686090228204692
51,1,train,16,0.12358059979130458,0.3515403245593663,0.1358726117046612,0.3686090228204692
51,2,train,16,0.13622366479170736,0.3690849018744974,0.1358726117046612,0.3686090228204692
51,3,train,6,0.1363597423093879,0.3692692003259789,0.1358726117046612,0.3686090228204692
51,-1,train,54,0.1358726117046612,0.3686090228204692,0.1358726117046612,0.3686090228204692
52,0,train,16,0.15422015015006232,0.39270873449677984,0.1315399189185483,0.3626843240595715
52,1,train,16,0.1312150816985401,0.3622362236145636,0.1315399189185483,0.3626843240595715
52,2,train,16,0.11921829083116493,0.3452800180015706,0.1315399189185483,0.3626843240595715
52,3,train,6,0.12150615299442584,0.3485773271376465,0.1315399189185483,0.3626843240595715
52,-1,train,54,0.1315399189185483,0.3626843240595715,0.1315399189185483,0.3626843240595715
53,0,train,16,0.13337372003302433,0.36520366924912506,0.12560103135741946,0.3544023580020588
53,1,train,16,0.10824611286300541,0.3290077702167616,0.12560103135741946,0.3544023580020588
53,2,train,16,0.16435963658902092,0.40541292109282967,0.12560103135741946,0.3544023580020588
53,3,train,6,0.09642465594462721,0.3105231971119504,0.12560103135741946,0.3544023580020588
53,-1,train,54,0.12560103135741946,0.3544023580020588,0.12560103135741946,0.3544023580020588
54,0,train,16,0.1346422537872897,0.3669363075348223,0.12922339541186792,0.35947655752756386
54,1,train,16,0.12414375056296474,0.3523403901952837,0.12922339541186792,0.35947655752756386
54,2,train,16,0.12573967174241957,0.3545979014918441,0.12922339541186792,0.35947655752756386
54,3,train,6,0.1323679055547977,0.3638240035440181,0.12922339541186792,0.35947655752756386
54,-1,train,54,0.12922339541186792,0.35947655752756386,0.12922339541186792,0.35947655752756386
55,0,train,16,0.12719772114722763,0.3566478951952859,0.12703886003865802,0.35642511140302396
55,1,train,16,0.1080925273982587,0.3287742803174523,0.12703886003865802,0.35642511140302396
55,2,train,16,0.1419577871884521,0.37677285887979256,0.12703886003865802,0.35642511140302396
55,3,train,6,0.1309074044206937,0.36181128288196557,0.12703886003865802,0.35642511140302396
55,-1,train,54,0.12703886003865802,0.35642511140302396,0.12703886003865802,0.35642511140302396
56,0,train,16,0.13182270777496188,0.363073970114854,0.12472220099151055,0.3531603049487733
56,1,train,16,0.13367300883056016,0.3656131956461092,0.12472220099151055,0.3531603049487733
56,2,train,16,0.10485703564140816,0.32381636098475347,0.12472220099151055,0.3531603049487733
56,3,train,6,0.128536051719112,0.3585192487428144,0.12472220099151055,0.3531603049487733
56,-1,train,54,0.12472220099151055,0.3531603049487733,0.12472220099151055,0.3531603049487733
57,0,train,16,0.11745866238653886,0.34272242760948524,0.12886814148171688,0.35898209075344817
57,1,train,16,0.1320470785548522,0.36338282644458064,0.12886814148171688,0.35898209075344817
57,2,train,16,0.09850494543577473,0.3138549751649235,0.12886814148171688,0.35898209075344817
57,3,train,6,0.16746187954970176,0.40922106440126194,0.12886814148171688,0.35898209075344817
57,-1,train,54,0.12886814148171688,0.35898209075344817,0.12886814148171688,0.35898209075344817
58,0,train,16,0.15859179013870744,0.3982358473803023,0.11897158828695832,0.3449225830341619
58,1,train,16,0.09781672460110871,0.31275665396775926,0.11897158828695832,0.3449225830341619
58,2,train,16,0.10312844314536278,0.3211361753919399,0.11897158828695832,0.3449225830341619
58,3,train,6,0.11634939526265432,0.34110027156637435,0.11897158828695832,0.3449225830341619
58,-1,train,54,0.11897158828695832,0.3449225830341619,0.11897158828695832,0.3449225830341619
59,0,train,16,0.10047323799180892,0.31697513781337633,0.11619420061818209,0.3408727044193801
59,1,train,16,0.15377355100518342,0.3921397085289673,0.11619420061818209,0.3408727044193801
59,2,train,16,0.09978347995443451,0.31588523225126325,0.11619420061818209,0.3408727044193801
59,3,train,6,0.1107465335213015,0.3327860176168787,0.11619420061818209,0.3408727044193801
59,-1,train,54,0.11619420061818209,0.3408727044193801,0.11619420061818209,0.3408727044193801
60,0,train,16,0.1274287725394355,0.35697166909915345,0.10921929590513174,0.33048342758016136
60,1,train,16,0.12323358719670155,0.3510464174389215,0.10921929590513174,0.33048342758016136
60,2,train,16,0.10814108735943213,0.32884812202509556,0.10921929590513174,0.33048342758016136
60,3,train,6,0.0780737365249578,0.27941677924734193,0.10921929590513174,0.33048342758016136
60,-1,train,54,0.10921929590513174,0.33048342758016136,0.10921929590513174,0.33048342758016136
61,0,train,16,0.1112125390794412,0.33348544058090634,0.11250797194367408,0.3354220802864267
61,1,train,16,0.10673983231728494,0.326710624738904,0.11250797194367408,0.3354220802864267
61,2,train,16,0.1210081563709211,0.34786226637984335,0.11250797194367408,0.3354220802864267
61,3,train,6,0.1110713600070491,0.333273701343279,0.11250797194367408,0.3354220802864267
61,-1,train,54,0.11250797194367408,0.3354220802864267,0.11250797194367408,0.3354220802864267
62,0,train,16,0.12203527217948285,0.3493354722605233,0.11361599906825881,0.33706972434239596
62,1,train,16,0.08992938069113518,0.29988227805446455,0.11361599906825881,0.33706972434239596
62,2,train,16,0.11257870962274974,0.3355275094872993,0.11361599906825881,0.33706972434239596
62,3,train,6,0.12992063377966742,0.3604450495979483,0.11361599906825881,0.33706972434239596
62,-1,train,54,0.11361599906825881,0.33706972434239596,0.11361599906825881,0.33706972434239596
63,0,train,16,0.10861276932152467,0.32956451465763825,0.10499251192658252,0.32402548036625534
63,1,train,16,0.12361946001994273,0.35159559158206566,0.10499251192658252,0.32402548036625534
63,2,train,16,0.10141868310995543,0.3184630011633305,0.10499251192658252,0.32402548036625534
63,3,train,6,0.08631913525490727,0.2938011832088279,0.10499251192658252,0.32402548036625534
63,-1,train,54,0.10499251192658252,0.32402548036625534,0.10499251192658252,0.32402548036625534
64,0,train,16,0.11828665919947068,0.34392827624298455,0.10834225517419173,0.32915384727235336
64,1,train,16,0.08147093676902595,0.2854311419047087,0.10834225517419173,0.32915384727235336
64,2,train,16,0.11426621318904936,0.3380328581499872,0.10834225517419173,0.32915384727235336
64,3,train,6,0.1193452115392209,0.34546376299001447,0.10834225517419173,0.32915384727235336
64,-1,train,54,0.10834225517419173,0.32915384727235336,0.10834225517419173,0.32915384727235336
65,0,train,16,0.1146068129940713,0.3385362801740329,0.09918577032633119,0.3149377245207871
65,1,train,16,0.09466813788216812,0.3076818777279028,0.09918577032633119,0.3149377245207871
65,2,train,16,0.11541476675539157,0.33972748896047783,0.09918577032633119,0.3149377245207871
65,3,train,6,0.07205336367369373,0.2684275762169262,0.09918577032633119,0.3149377245207871
65,-1,train,54,0.09918577032633119,0.3149377245207871,0.09918577032633119,0.3149377245207871
66,0,train,16,0.11115743646092746,0.333402814116689,0.10670626018313929,0.32665924169253086
66,1,train,16,0.10946723414091057,0.33085832941141224,0.10670626018313929,0.32665924169253086
66,2,train,16,0.07470825111867704,0.2733281015897872,0.10670626018313929,0.32665924169253086
66,3,train,6,0.1314921190120421,0.36261842067391187,0.10670626018313929,0.32665924169253086
66,-1,train,54,0.10670626018313929,0.32665924169253086,0.10670626018313929,0.32665924169253086
67,0,train,16,0.08619867154838275,0.2935961027472653,0.11147353064662144,0.33387652005887064
67,1,train,16,0.1018065757257999,0.3190714273102496,0.11147353064662144,0.33387652005887064
67,2,train,16,0.08468845796717175,0.29101281409445146,0.11147353064662144,0.33387652005887064
67,3,train,6,0.1732004173451314,0.416173542341571,0.11147353064662144,0.33387652005887064
67,-1,train,54,0.11147353064662144,0.33387652005887064,0.11147353064662144,0.33387652005887064
68,0,train,16,0.10420894890847772,0.3228141089055398,0.10137091262092532,0.31838799069833856
68,1,train,16,0.08441346008730724,0.29053994576874836,0.10137091262092532,0.31838799069833856
68,2,train,16,0.09732949742799439,0.3119767578330065,0.10137091262092532,0.31838799069833856
68,3,train,6,0.11953174405992187,0.3457336316587119,0.10137091262092532,0.31838799069833856
68,-1,train,54,0.10137091262092532,0.31838799069833856,0.10137091262092532,0.31838799069833856
69,0,train,16,0.09762279292303915,0.312446464091113,0.10707103030400433,0.32721709965098755
69,1,train,16,0.09164755368021409,0.30273346970596776,0.10707103030400433,0.32721709965098755
69,2,train,16,0.07199696787500867,0.26832250720915807,0.10707103030400433,0.32721709965098755
69,3,train,6,0.16701680673775546,0.4086768977294355,0.10707103030400433,0.32721709965098755
69,-1,train,54,0.10707103030400433,0.32721709965098755,0.10707103030400433,0.32721709965098755
70,0,train,16,0.09774628691961999,0.3126440258818646,0.0915058839984962,0.30249939503823176
70,1,train,16,0.09239834823961512,0.30397096611290875,0.0915058839984962,0.30249939503823176
70,2,train,16,0.09767543925380655,0.31253070129797894,0.0915058839984962,0.30249939503823176
70,3,train,6,0.0782034615809431,0.2796488183077896,0.0915058839984962,0.30249939503823176
70,-1,train,54,0.0915058839984962,0.30249939503823176,0.0915058839984962,0.30249939503823176
71,0,train,16,0.10961757251317442,0.33108544593982747,0.08652719465961438,0.29415505207222664
71,1,train,16,0.08734622677629865,0.29554395066774525,0.08652719465961438,0.29415505207222664
71,2,train,16,0.09218617392232871,0.3036217612792744,0.08652719465961438,0.29415505207222664
71,3,train,6,0.05695880542665577,0.23866043959285704,0.08652719465961438,0.29415505207222664
71,-1,train,54,0.08652719465961438,0.29415505207222664,0.08652719465961438,0.29415505207222664
72,0,train,16,0.1155058128467094,0.3398614612554789,0.09073159397528524,0.3012168553970465
72,1,train,16,0.08123191473935958,0.2850121308635118,0.09073159397528524,0.3012168553970465
72,2,train,16,0.07171559053644118,0.2677976671601924,0.09073159397528524,0.3012168553970465
72,3,train,6,0.09447305777863078,0.3073646983285992,0.09073159397528524,0.3012168553970465
72,-1,train,54,0.09073159397528524,0.3012168553970465,0.09073159397528524,0.3012168553970465
73,0,train,16,0.10937051614228524,0.3307121348579233,0.08247778255247276,0.2871894541108234
73,1,train,16,0.08492401389065794,0.29141725050287937,0.08247778255247276,0.2871894541108234
73,2,train,16,0.08358438221917934,0.28910963702232295,0.08247778255247276,0.2871894541108234
73,3,train,6,0.05203221795776854,0.2281057166266741,0.08247778255247276,0.2871894541108234
73,-1,train,54,0.08247778255247276,0.2871894541108234,0.08247778255247276,0.2871894541108234
74,0,train,16,0.0999752962008577,0.31618870346813105,0.08318537297693197,0.2884187458833631
74,1,train,16,0.09083146395987327,0.3013825873534721,0.08318537297693197,0.2884187458833631
74,2,train,16,0.07514786610127472,0.27413111115171646,0.08318537297693197,0.2884187458833631
74,3,train,6,0.06678686564572224,0.25843154924606676,0.08318537297693197,0.2884187458833631
74,-1,train,54,0.08318537297693197,0.2884187458833631,0.08318537297693197,0.2884187458833631
75,0,train,16,0.08006485985818551,0.2829573463583964,0.07970253015445744,0.28231636536775095
75,1,train,16,0.07222229628512049,0.2687420627388286,0.07970253015445744,0.28231636536775095
75,2,train,16,0.11191063577480406,0.33453047062233965,0.07970253015445744,0.28231636536775095
75,3,train,6,0.054612328699719666,0.23369280840393797,0.07970253015445744,0.28231636536775095
75,-1,train,54,0.07970253015445744,0.28231636536775095,0.07970253015445744,0.28231636536775095
76,0,train,16,0.08610954391258183,0.2934442773553129,0.08824909797928344,0.29706749734577736
76,1,train,16,0.07209162571084027,0.2684988374478375,0.08824909797928344,0.29706749734577736
76,2,train,16,0.0756149758182035,0.2749817736109132,0.08824909797928344,0.29706749734577736
76,3,train,6,0.11918024647550819,0.3452249215736144,0.08824909797928344,0.29706749734577736
76,-1,train,54,0.08824909797928344,0.29706749734577736,0.08824909797928344,0.29706749734577736
77,0,train,16,0.08570916459687038,0.29276127578091743,0.07521573805900053,0.27425487791286507
77,1,train,16,0.0779338046179815,0.27916626697719316,0.07521573805900053,0.27425487791286507
77,2,train,16,0.0917524627368089,0.3029066898185131,0.07521573805900053,0.27425487791286507
77,3,train,6,0.04546752028434133,0.2132311428575604,0.07521573805900053,0.27425487791286507
77,-1,train,54,0.07521573805900053,0.27425487791286507,0.07521573805900053,0.27425487791286507
78,0,train,16,0.07110130307926069,0.26664827597278906,0.07960795036869428,0.28214880890887045
78,1,train,16,0.07025183851134462,0.2650506338633142,0.07960795036869428,0.28214880890887045
78,2,train,16,0.09380757845936571,0.30628022864586885,0.07960795036869428,0.28214880890887045
78,3,train,6,0.08327108142480612,0.28856729098220074,0.07960795036869428,0.28214880890887045
78,-1,train,54,0.07960795036869428,0.28214880890887045,0.07960795036869428,0.28214880890887045
79,0,train,16,0.08028599504871474,0.2833478340286277,0.0829560395439177,0.28802090122752844
79,1,train,16,0.08315094851778018,0.28835906179237747,0.0829560395439177,0.28802090122752844
79,2,train,16,0.05429005716183253,0.2330022685765796,0.0829560395439177,0.28802090122752844
79,3,train,6,0.11409715744734333,0.3377827074427336,0.0829560395439177,0.28802090122752844
79,-1,train,54,0.0829560395439177,0.28802090122752844,0.0829560395439177,0.28802090122752844
80,0,train,16,0.08131068453584882,0.28515028412373855,0.07077960549130803,0.2660443675241181
80,1,train,16,0.06829853041681508,0.26133987529042535,0.07077960549130803,0.2660443675241181
80,2,train,16,0.08796121947500682,0.2965825677193567,0.07077960549130803,0.2660443675241181
80,3,train,6,0.04554798753756142,0.2134197449571183,0.07077960549130803,0.2660443675241181
80,-1,train,54,0.07077960549130803,0.2660443675241181,0.07077960549130803,0.2660443675241181
81,0,train,16,0.087645983135434,0.2960506428559715,0.06851625233149562,0.2617560932079626
81,1,train,16,0.061871667343817396,0.24874016029547258,0.06851625233149562,0.2617560932079626
81,2,train,16,0.08439206224067261,0.2905031191582504,0.06851625233149562,0.2617560932079626
81,3,train,6,0.04015529660605847,0.20038786541619347,0.06851625233149562,0.2617560932079626
81,-1,train,54,0.06851625233149562,0.2617560932079626,0.06851625233149562,0.2617560932079626
82,0,train,16,0.07414214091593414,0.2722905450358755,0.07190988458914221,0.2681601845709803
82,1,train,16,0.04611520081525258,0.21474450124567238,0.07190988458914221,0.2681601845709803
82,2,train,16,0.09646612591527767,0.31058996428615926,0.07190988458914221,0.2681601845709803
82,3,train,6,0.07091607071010449,0.2663007148133562,0.07190988458914221,0.2681601845709803
82,-1,train,54,0.07190988458914221,0.2681601845709803,0.07190988458914221,0.2681601845709803
83,0,train,16,0.09909976857529068,0.3148011572013208,0.06983969230671516,0.264272004394554
83,1,train,16,0.06929558131156943,0.26324053888329857,0.06983969230671516,0.264272004394554
83,2,train,16,0.04470654670454897,0.21143922697680526,0.06983969230671516,0.264272004394554
83,3,train,6,0.06625687263545155,0.25740410376575495,0.06983969230671516,0.264272004394554
83,-1,train,54,0.06983969230671516,0.264272004394554,0.06983969230671516,0.264272004394554
84,0,train,16,0.0726047097472503,0.2694526113201546,0.06428575692891526,0.2535463605120674
84,1,train,16,0.0922940798166126,0.3037994072025365,0.06428575692891526,0.2535463605120674
84,2,train,16,0.052964132331078585,0.23013937588139624,0.06428575692891526,0.2535463605120674
84,3,train,6,0.039280105820719585,0.19819209323461817,0.06428575692891526,0.2535463605120674
84,-1,train,54,0.06428575692891526,0.2535463605120674,0.06428575692891526,0.2535463605120674
85,0,train,16,0.067576811439687,0.25995540278995355,0.06811666977072063,0.2609917044097774
85,1,train,16,0.059539681506446965,0.24400754395396665,0.06811666977072063,0.2609917044097774
85,2,train,16,0.07318005999769925,0.27051813247488465,0.06811666977072063,0.2609917044097774
85,3,train,6,0.07217012613904929,0.2686449816003442,0.06811666977072063,0.2609917044097774
85,-1,train,54,0.06811666977072063,0.2609917044097774,0.06811666977072063,0.2609917044097774
86,0,train,16,0.07648529063304269,0.2765597415262075,0.06577763086398289,0.2564715010756222
86,1,train,16,0.05573059854490303,0.23607329062158436,0.06577763086398289,0.2564715010756222
86,2,train,16,0.06565878749052485,0.25623970709186517,0.06577763086398289,0.2564715010756222
86,3,train,6,0.06523584678746096,0.2554130904778785,0.06577763086398289,0.2564715010756222
86,-1,train,54,0.06577763086398289,0.2564715010756222,0.06577763086398289,0.2564715010756222
87,0,train,16,0.0735250507967907,0.2711550309265729,0.059563393933267955,0.2440561286533652
87,1,train,16,0.06250698353746899,0.2500139666848014,0.059563393933267955,0.2440561286533652
87,2,train,16,0.06898351336462635,0.2626471270823771,0.059563393933267955,0.2440561286533652
87,3,train,6,0.03323802803418577,0.18231299469370188,0.059563393933267955,0.2440561286533652
87,-1,train,54,0.059563393933267955,0.2440561286533652,0.059563393933267955,0.2440561286533652
88,0,train,16,0.06968870660035247,0.26398618638169774,0.058333840771072856,0.2415239962634621
88,1,train,16,0.06639351427280318,0.257669389475745,0.058333840771072856,0.2415239962634621
88,2,train,16,0.06424832504543561,0.25347253311835505,0.058333840771072856,0.2415239962634621
88,3,train,6,0.03300481716570021,0.18167227957423832,0.058333840771072856,0.2415239962634621
88,-1,train,54,0.058333840771072856,0.2415239962634621,0.058333840771072856,0.2415239962634621
89,0,train,16,0.059727404978693666,0.2443919085786059,0.061349016700927086,0.24768733657764397
89,1,train,16,0.07330726783692218,0.2707531492650126,0.061349016700927086,0.24768733657764397
89,2,train,16,0.05279736649335165,0.22977677535676153,0.061349016700927086,0.24768733657764397
89,3,train,6,0.059564027494740844,0.24405742663303825,0.061349016700927086,0.24768733657764397
89,-1,train,54,0.061349016700927086,0.24768733657764397,0.061349016700927086,0.24768733657764397
90,0,train,16,0.061619582932510686,0.24823292072670516,0.05787008763550346,0.24056202450824082
90,1,train,16,0.049668921892739006,0.2228652550146366,0.05787008763550346,0.24056202450824082
90,2,train,16,0.07579147382731972,0.2753025132964095,0.05787008763550346,0.24056202450824082
90,3,train,6,0.04440037188944442,0.21071395750980623,0.05787008763550346,0.24056202450824082
90,-1,train,54,0.05787008763550346,0.24056202450824082,0.05787008763550346,0.24056202450824082
91,0,train,16,0.05848419612319572,0.24183505974774566,0.05409510140434655,0.23258353640003532
91,1,train,16,0.07408805822639863,0.2721912162917801,0.05409510140434655,0.23258353640003532
91,2,train,16,0.056887895787977746,0.23851183573981763,0.05409510140434655,0.23258353640003532
91,3,train,6,0.026920255479814092,0.16407393296868975,0.05409510140434655,0.23258353640003532
91,-1,train,54,0.05409510140434655,0.23258353640003532,0.05409510140434655,0.23258353640003532
92,0,train,16,0.02722193914996558,0.16499072443614998,0.05932798798604119,0.24357337290032585
92,1,train,16,0.06970387767665162,0.2640149194205729,0.05932798798604119,0.24357337290032585
92,2,train,16,0.07338958286396527,0.27090511782534726,0.05932798798604119,0.24357337290032585
92,3,train,6,0.06699655225358231,0.25883692212198456,0.05932798798604119,0.24357337290032585
92,-1,train,54,0.05932798798604119,0.24357337290032585,0.05932798798604119,0.24357337290032585
93,0,train,16,0.061401809413347885,0.24779388493937432,0.05322843056630432,0.23071287473026797
93,1,train,16,0.03883234427268377,0.1970592405158504,0.05322843056630432,0.23071287473026797
93,2,train,16,0.07863340690022251,0.2804164882816674,0.05322843056630432,0.23071287473026797
93,3,train,6,0.03404616167896313,0.1845160201146858,0.05322843056630432,0.23071287473026797
93,-1,train,54,0.05322843056630432,0.23071287473026797,0.05322843056630432,0.23071287473026797
94,0,train,16,0.06614671902762503,0.25719004457331746,0.05620451519222982,0.23707491472576725
94,1,train,16,0.05342836229295026,0.23114575984203184,0.05620451519222982,0.23707491472576725
94,2,train,16,0.046274801816560476,0.21511578699983988,0.05620451519222982,0.23707491472576725
94,3,train,6,0.058968177631783504,0.24283364188634057,0.05620451519222982,0.23707491472576725
94,-1,train,54,0.05620451519222982,0.23707491472576725,0.05620451519222982,0.23707491472576725
95,0,train,16,0.04428742977026753,0.21044578819797638,0.05578020661197226,0.2361783364577968
95,1,train,16,0.07466424248482165,0.2732475845910109,0.05578020661197226,0.2361783364577968
95,2,train,16,0.04226476768260225,0.2055839674746118,0.05578020661197226,0.2361783364577968
95,3,train,6,0.06190438651019765,0.2488059213728597,0.05578020661197226,0.2361783364577968
95,-1,train,54,0.05578020661197226,0.2361783364577968,0.05578020661197226,0.2361783364577968
96,0,train,16,0.05738188604874028,0.23954516494544464,0.054855007253102786,0.2342114584154729
96,1,train,16,0.048852969447444106,0.22102707853890688,0.054855007253102786,0.2342114584154729
96,2,train,16,0.05191950855276898,0.2278585274962712,0.054855007253102786,0.2342114584154729
96,3,train,6,0.0612656649634578,0.24751901939741477,0.054855007253102786,0.2342114584154729
96,-1,train,54,0.054855007253102786,0.2342114584154729,0.054855007253102786,0.2342114584154729
97,0,train,16,0.08865853696337223,0.2977558344741077,0.051213041904336565,0.22630298695407572
97,1,train,16,0.04040520656028035,0.20101046380793303,0.051213041904336565,0.22630298695407572
97,2,train,16,0.0329111593897532,0.18141433071770596,0.051213041904336565,0.22630298695407572
97,3,train,6,0.042877264703940494,0.20706826097676218,0.051213041904336565,0.22630298695407572
97,-1,train,54,0.051213041904336565,0.22630298695407572,0.051213041904336565,0.22630298695407572
98,0,train,16,0.043527179646240304,0.20863168418588846,0.05370810746794578,0.23175009701820143
98,1,train,16,0.06798138851020302,0.26073240786331686,0.05370810746794578,0.23175009701820143
98,2,train,16,0.039771762242435726,0.19942858933070687,0.05370810746794578,0.23175009701820143
98,3,train,6,0.06355209947290405,0.2520954173976672,0.05370810746794578,0.23175009701820143
98,-1,train,54,0.05370810746794578,0.23175009701820143,0.05370810746794578,0.23175009701820143
99,0,train,16,0.0340453371018648,0.18451378566888926,0.05230084669126324,0.22869378367429063
99,1,train,16,0.021122268200999925,0.14533502055939554,0.05230084669126324,0.22869378367429063
99,2,train,16,0.09505678331783503,0.3083128010930377,0.05230084669126324,0.22869378367429063
99,3,train,6,0.05897899814435319,0.2428559205462226,0.05230084669126324,0.22869378367429063
99,-1,train,54,0.05230084669126324,0.22869378367429063,0.05230084669126324,0.22869378367429063
100,0,train,16,0.04287605810936881,0.20706534743739427,0.04536878093725573,0.2129994857675852
100,1,train,16,0.0633470882410867,0.251688474589296,0.04536878093725573,0.2129994857675852
100,2,train,16,0.056741119413553975,0.23820394499998102,0.04536878093725573,0.2129994857675852
100,3,train,6,0.018510857985013417,0.13605461397914229,0.04536878093725573,0.2129994857675852
100,-1,train,54,0.04536878093725573,0.2129994857675852,0.04536878093725573,0.2129994857675852
101,0,train,16,0.0588100925322819,0.24250792261755472,0.04484601436864415,0.21176877571692232
101,1,train,16,0.060371152645599044,0.24570541842946614,0.04484601436864415,0.21176877571692232
101,2,train,16,0.041473189696754606,0.203649673942176,0.04484601436864415,0.21176877571692232
101,3,train,6,0.01872962259994106,0.13685621140430954,0.04484601436864415,0.21176877571692232
101,-1,train,54,0.04484601436864415,0.21176877571692232,0.04484601436864415,0.21176877571692232
102,0,train,16,0.040947830158069146,0.2023557020646296,0.04735136578204051,0.21760368972524458
102,1,train,16,0.05852593080044496,0.24192133184249162,0.04735136578204051,0.21760368972524458
102,2,train,16,0.05171099078272116,0.2274005074372552,0.04735136578204051,0.21760368972524458
102,3,train,6,0.0382207113869268,0.1955011800141544,0.04735136578204051,0.21760368972524458
102,-1,train,54,0.04735136578204051,0.21760368972524458,0.04735136578204051,0.21760368972524458
103,0,train,16,0.05060508660279002,0.22495574365370186,0.044352589501343666,0.2106005448742801
103,1,train,16,0.04693122570015777,0.21663615972445083,0.044352589501343666,0.2106005448742801
103,2,train,16,0.057825294002116764,0.24046890443904959,0.044352589501343666,0.2106005448742801
103,3,train,6,0.022048751700310096,0.1484882207459908,0.044352589501343666,0.2106005448742801
103,-1,train,54,0.044352589501343666,0.2106005448742801,0.044352589501343666,0.2106005448742801
104,0,train,16,0.061893509937847854,0.24878406286948498,0.04962464541506376,0.22276589823189671
104,1,train,16,0.039783410827763675,0.19945779209588096,0.04962464541506376,0.22276589823189671
104,2,train,16,0.03808177861007872,0.1951455318732118,0.04962464541506376,0.22276589823189671
104,3,train,6,0.058739882284564816,0.24236312071881896,0.04962464541506376,0.22276589823189671
104,-1,train,54,0.04962464541506376,0.22276589823189671,0.04962464541506376,0.22276589823189671
105,0,train,16,0.04148100632755762,0.20366886440385928,0.04839582893129139,0.2199905200941427
105,1,train,16,0.04643695757950293,0.21549236083792606,0.04839582893129139,0.2199905200941427
105,2,train,16,0.05234128436737676,0.22878217668205003,0.04839582893129139,0.2199905200941427
105,3,train,6,0.05332406745072826,0.23092004558012771,0.04839582893129139,0.2199905200941427
105,-1,train,54,0.04839582893129139,0.2199905200941427,0.04839582893129139,0.2199905200941427
106,0,train,16,0.04651524635988614,0.21567393528167964,0.045493488499914636,0.21329202633927655
106,1,train,16,0.055167343915224265,0.23487729544428995,0.045493488499914636,0.21329202633927655
106,2,train,16,0.043337909733594394,0.20817759181428339,0.045493488499914636,0.21329202633927655
106,3,train,6,0.03695345399095375,0.19223281195194994,0.045493488499914636,0.21329202633927655
106,-1,train,54,0.045493488499914636,0.21329202633927655,0.045493488499914636,0.21329202633927655
107,0,train,16,0.04792424174332103,0.21891606095332755,0.043823928074903075,0.20934165394135748
107,1,train,16,0.07704757376032625,0.2775744472395221,0.043823928074903075,0.20934165394135748
107,2,train,16,0.021955977245298484,0.14817549475300726,0.043823928074903075,0.20934165394135748
107,3,train,6,0.02836791955066652,0.16842778734717892,0.043823928074903075,0.20934165394135748
107,-1,train,54,0.043823928074903075,0.20934165394135748,0.043823928074903075,0.20934165394135748
108,0,train,16,0.023676084459716192,0.15387034951450584,0.05036518406792867,0.22442188856688794
108,1,train,16,0.06650228793118543,0.25788037523469176,0.05036518406792867,0.22442188856688794
108,2,train,16,0.0390852349265773,0.1976998607146128,0.05036518406792867,0.22442188856688794
108,3,train,6,0.07219712895423575,0.26869523433480497,0.05036518406792867,0.22442188856688794
108,-1,train,54,0.05036518406792867,0.22442188856688794,0.05036518406792867,0.22442188856688794
109,0,train,16,0.04269909782204871,0.20663760021363176,0.04187959642152338,0.2046450498339097
109,1,train,16,0.03533089913122111,0.18796515403452074,0.04187959642152338,0.2046450498339097
109,2,train,16,0.07007837566459271,0.2647232057538453,0.04187959642152338,0.2046450498339097
109,3,train,6,0.019410013068230987,0.13931982295506617,0.04187959642152338,0.2046450498339097
109,-1,train,54,0.04187959642152338,0.2046450498339097,0.04187959642152338,0.2046450498339097
110,0,train,16,0.02879496876807446,0.16969080342810114,0.0447035715630428,0.21143219140670796
110,1,train,16,0.03485378259975514,0.18669167790706456,0.0447035715630428,0.21143219140670796
110,2,train,16,0.0759979192770986,0.2756772012283544,0.0447035715630428,0.21143219140670796
110,3,train,6,0.039167615607243,0.19790809889249858,0.0447035715630428,0.21143219140670796
110,-1,train,54,0.0447035715630428,0.21143219140670796,0.0447035715630428,0.21143219140670796
111,0,train,16,0.030711324099494713,0.1752464667247095,0.04395471943136168,0.20965380853054322
111,1,train,16,0.05614916135666699,0.23695814262579581,0.04395471943136168,0.20965380853054322
111,2,train,16,0.053352519082938775,0.2309816423072162,0.04395471943136168,0.20965380853054322
111,3,train,6,0.03560587318634622,0.18869518591195225,0.04395471943136168,0.20965380853054322
111,-1,train,54,0.04395471943136168,0.20965380853054322,0.04395471943136168,0.20965380853054322
112,0,train,16,0.03274921334609639,0.18096743725349151,0.04134172020482965,0.2033266342731066
112,1,train,16,0.022808703300657273,0.15102550546400192,0.04134172020482965,0.2033266342731066
112,2,train,16,0.08958911594065631,0.2993144098446587,0.04134172020482965,0.2033266342731066
112,3,train,6,0.020219848231908633,0.14219651272766373,0.04134172020482965,0.2033266342731066
112,-1,train,54,0.04134172020482965,0.2033266342731066,0.04134172020482965,0.2033266342731066
113,0,train,16,0.040928498625608115,0.20230793020939172,0.047039191162544784,0.21688520272841294
113,1,train,16,0.0377489096664597,0.1942907863653336,0.047039191162544784,0.21688520272841294
113,2,train,16,0.05173270551853162,0.2274482480005762,0.047039191162544784,0.21688520272841294
113,3,train,6,0.05774665083957969,0.24030532836285526,0.047039191162544784,0.21688520272841294
113,-1,train,54,0.047039191162544784,0.21688520272841294,0.047039191162544784,0.21688520272841294
114,0,train,16,0.05787374956719532,0.24056963558852418,0.0410660732708612,0.20264765794565998
114,1,train,16,0.031503584982986575,0.17749249275106418,0.0410660732708612,0.20264765794565998
114,2,train,16,0.054308777281712385,0.23304243665416904,0.0410660732708612,0.20264765794565998
114,3,train,6,0.02057818125155052,0.14345097159500356,0.0410660732708612,0.20264765794565998
114,-1,train,54,0.0410660732708612,0.20264765794565998,0.0410660732708612,0.20264765794565998
115,0,train,16,0.07467499644446605,0.27326726193319617,0.04359150101389922,0.20878577780562357
115,1,train,16,0.024961394747580457,0.15799175531520768,0.04359150101389922,0.20878577780562357
115,2,train,16,0.03724281787474888,0.19298398346689002,0.04359150101389922,0.20878577780562357
115,3,train,6,0.03748679498880146,0.19361506911602067,0.04359150101389922,0.20878577780562357
115,-1,train,54,0.04359150101389922,0.20878577780562357,0.04359150101389922,0.20878577780562357
116,0,train,16,0.04474073734980668,0.2115200637050932,0.039812740531239295,0.19953130213387396
116,1,train,16,0.029234031277227984,0.1709796224034548,0.039812740531239295,0.19953130213387396
116,2,train,16,0.07105102656262742,0.26655398433080574,0.039812740531239295,0.19953130213387396
116,3,train,6,0.01422516693529509,0.11926930424587498,0.039812740531239295,0.19953130213387396
116,-1,train,54,0.039812740531239295,0.19953130213387396,0.039812740531239295,0.19953130213387396
117,0,train,16,0.039570908790712685,0.19892437957855413,0.04139669380417221,0.203461774798541
117,1,train,16,0.03633437183082304,0.19061577015247988,0.04139669380417221,0.203461774798541
117,2,train,16,0.06453650495965334,0.2540403608871105,0.04139669380417221,0.203461774798541
117,3,train,6,0.025144989635499774,0.15857171764063027,0.04139669380417221,0.203461774798541
117,-1,train,54,0.04139669380417221,0.203461774798541,0.04139669380417221,0.203461774798541
118,0,train,16,0.05364537011882893,0.23161470186244423,0.04934913672023157,0.22214665588352117
118,1,train,16,0.04023822841677797,0.2005946869106407,0.04934913672023157,0.22214665588352117
118,2,train,16,0.02666179897825551,0.1632844113142939,0.04934913672023157,0.22214665588352117
118,3,train,6,0.07685114936706387,0.2772203985406988,0.04934913672023157,0.22214665588352117
118,-1,train,54,0.04934913672023157,0.22214665588352117,0.04934913672023157,0.22214665588352117
119,0,train,16,0.031181438916619543,0.176582668788926,0.04402484620205495,0.20982098608588928
119,1,train,16,0.058641612752499184,0.24216030383301715,0.04402484620205495,0.20982098608588928
119,2,train,16,0.042914398821098744,0.2071579079376376,0.04402484620205495,0.20982098608588928
119,3,train,6,0.04336193431800233,0.20823528595798152,0.04402484620205495,0.20982098608588928
119,-1,train,54,0.04402484620205495,0.20982098608588928,0.04402484620205495,0.20982098608588928
120,0,train,16,0.044591974311463736,0.2111681185962117,0.04297860585373946,0.20731282124784145
120,1,train,16,0.042167827796156104,0.20534806499248076,0.04297860585373946,0.20731282124784145
120,2,train,16,0.04790210262187226,0.21886548979195478,0.04297860585373946,0.20731282124784145
120,3,train,6,0.03725251868546573,0.19300911555018777,0.04297860585373946,0.20731282124784145
120,-1,train,54,0.04297860585373946,0.20731282124784145,0.04297860585373946,0.20731282124784145
121,0,train,16,0.03459660948452453,0.18600163839204356,0.03944317175406886,0.19860305071692344
121,1,train,16,0.06799367348611449,0.2607559653893166,0.03944317175406886,0.19860305071692344
121,2,train,16,0.039864880974634934,0.19966191668576894,0.03944317175406886,0.19860305071692344
121,3,train,6,0.015317523071001492,0.12376398131524977,0.03944317175406886,0.19860305071692344
121,-1,train,54,0.03944317175406886,0.19860305071692344,0.03944317175406886,0.19860305071692344
122,0,train,16,0.038317391525119274,0.1957482861358415,0.04137137629785758,0.20339954842097752
122,1,train,16,0.06151552705023657,0.2480232389318319,0.04137137629785758,0.20339954842097752
122,2,train,16,0.03748819447985462,0.19361868318903167,0.04137137629785758,0.20339954842097752
122,3,train,6,0.02816439213621987,0.16782250187689335,0.04137137629785758,0.20339954842097752
122,-1,train,54,0.04137137629785758,0.20339954842097752,0.04137137629785758,0.20339954842097752
123,0,train,16,0.045969917027125926,0.21440596313331847,0.04296837733296744,0.2072881504885589
123,1,train,16,0.027389973173672328,0.1654991636645706,0.04296837733296744,0.2072881504885589
123,2,train,16,0.059608842533514304,0.2441492218572779,0.04296837733296744,0.2072881504885589
123,3,train,6,0.0389047765975572,0.197242938016947,0.04296837733296744,0.2072881504885589
123,-1,train,54,0.04296837733296744,0.2072881504885589,0.04296837733296744,0.2072881504885589
124,0,train,16,0.04121999642653647,0.20302708298780356,0.04545219753044649,0.2131952099144033
124,1,train,16,0.039220462225174814,0.1980415669125419,0.04545219753044649,0.2131952099144033
124,2,train,16,0.046092626519074684,0.21469193398699143,0.04545219753044649,0.2131952099144033
124,3,train,6,0.05527570495099998,0.23510785812260718,0.04545219753044649,0.2131952099144033
124,-1,train,54,0.04545219753044649,0.2131952099144033,0.04545219753044649,0.2131952099144033
125,0,train,16,0.010857054692125412,0.10419719138309541,0.04199717358493527,0.20493211945650508
125,1,train,16,0.04668289660851198,0.21606225169731055,0.04199717358493527,0.20493211945650508
125,2,train,16,0.07680450786153611,0.2771362622637754,0.04199717358493527,0.20493211945650508
125,3,train,6,0.0336442351775676,0.1834236494500303,0.04199717358493527,0.20493211945650508
125,-1,train,54,0.04199717358493527,0.20493211945650508,0.04199717358493527,0.20493211945650508
126,0,train,16,0.04207324847776671,0.20511764545686142,0.05145118686047246,0.2268285406655707
126,1,train,16,0.02661159936530552,0.16313062056311048,0.05145118686047246,0.2268285406655707
126,2,train,16,0.04246778319792011,0.2060771292451448,0.05145118686047246,0.2268285406655707
126,3,train,6,0.09465211640089749,0.307655840836636,0.05145118686047246,0.2268285406655707
126,-1,train,54,0.05145118686047246,0.2268285406655707,0.05145118686047246,0.2268285406655707
127,0,train,16,0.03809481704575396,0.19517893596839275,0.04042475439767729,0.2010590818582371
127,1,train,16,0.039908333757670396,0.19977070295133467,0.04042475439767729,0.2010590818582371
127,2,train,16,0.059190460970526736,0.243290897837397,0.04042475439767729,0.2010590818582371
127,3,train,6,0.024505405816758048,0.15654202572075668,0.04042475439767729,0.2010590818582371
127,-1,train,54,0.04042475439767729,0.2010590818582371,0.04042475439767729,0.2010590818582371
128,0,train,16,0.04162174520059864,0.20401408088805692,0.041763544591584226,0.20436130893978985
128,1,train,16,0.034545692578704934,0.18586471579809044,0.041763544591584226,0.20436130893978985
128,2,train,16,0.05740113170951795,0.2395853328347083,0.041763544591584226,0.20436130893978985
128,3,train,6,0.03348560887751538,0.18299073440345381,0.041763544591584226,0.20436130893978985
128,-1,train,54,0.041763544591584226,0.20436130893978985,0.041763544591584226,0.20436130893978985
129,0,train,16,0.03747198501153378,0.1935768194064924,0.04592922964752914,0.21431105815503115
129,1,train,16,0.06050669848486847,0.2459810937549235,0.04592922964752914,0.21431105815503115
129,2,train,16,0.025212314365437853,0.15878386053197552,0.04592922964752914,0.21431105815503115
129,3,train,6,0.06052592072827648,0.24602016325552764,0.04592922964752914,0.21431105815503115
129,-1,train,54,0.04592922964752914,0.21431105815503115,0.04592922964752914,0.21431105815503115
130,0,train,16,0.044765450574093806,0.21157847379658878,0.044028342428692704,0.2098293173717455
130,1,train,16,0.04065551247269952,0.2016321216292174,0.044028342428692704,0.2098293173717455
130,2,train,16,0.04197667210621239,0.20488209318096198,0.044028342428692704,0.2098293173717455
130,3,train,6,0.0487157345617651,0.2207164120806722,0.044028342428692704,0.2098293173717455
130,-1,train,54,0.044028342428692704,0.2098293173717455,0.044028342428692704,0.2098293173717455
131,0,train,16,0.043878446940046716,0.20947182851172783,0.04633984561891009,0.21526691714917573
131,1,train,16,0.05192496628073758,0.22787050331435524,0.04633984561891009,0.21526691714917573
131,2,train,16,0.02563296231093749,0.1601029740852352,0.04633984561891009,0.21526691714917573
131,3,train,6,0.06392300694391856,0.25282999613162704,0.04633984561891009,0.21526691714917573
131,-1,train,54,0.04633984561891009,0.21526691714917573,0.04633984561891009,0.21526691714917573
132,0,train,16,0.03789445837631902,0.19466499011460436,0.043583980512093785,0.2087677669375562
132,1,train,16,0.06570470188900888,0.2563292841034923,0.043583980512093785,0.2087677669375562
132,2,train,16,0.02411336408090498,0.15528478380351687,0.043583980512093785,0.2087677669375562
132,3,train,6,0.046623397702142265,0.21592451852937466,0.043583980512093785,0.2087677669375562
132,-1,train,54,0.043583980512093785,0.2087677669375562,0.043583980512093785,0.2087677669375562
133,0,train,16,0.06892720566742698,0.26253991252270004,0.037931124772817154,0.1947591455434562
133,1,train,16,0.03078035341517637,0.17544330541567088,0.037931124772817154,0.1947591455434562
133,2,train,16,0.041240394920935494,0.203077312669179,0.037931124772817154,0.1947591455434562
133,3,train,6,0.010776545087729794,0.10381013961906513,0.037931124772817154,0.1947591455434562
133,-1,train,54,0.037931124772817154,0.1947591455434562,0.037931124772817154,0.1947591455434562
134,0,train,16,0.05067466212067625,0.22511033321612814,0.04155523395578148,0.2038510092096222
134,1,train,16,0.05065502815485419,0.22506671934085276,0.04155523395578148,0.2038510092096222
134,2,train,16,0.03052770320373328,0.1747217880051978,0.04155523395578148,0.2038510092096222
134,3,train,6,0.03436354234386223,0.18537406060142889,0.04155523395578148,0.2038510092096222
134,-1,train,54,0.04155523395578148,0.2038510092096222,0.04155523395578148,0.2038510092096222
135,0,train,16,0.0481112330166078,0.21934272957316775,0.04614562810919834,0.21481533490232568
135,1,train,16,0.05279450988952158,0.22977055923142456,0.04614562810919834,0.21481533490232568
135,2,train,16,0.01959892620815083,0.13999616497658365,0.04614562810919834,0.21481533490232568
135,3,train,6,0.06407784332251315,0.25313601743432945,0.04614562810919834,0.21481533490232568
135,-1,train,54,0.04614562810919834,0.21481533490232568,0.04614562810919834,0.21481533490232568
136,0,train,16,0.03858642354714433,0.1964342728424557,0.04359550564059465,0.20879536786192038
136,1,train,16,0.044269231374904974,0.2104025460276205,0.04359550564059465,0.20879536786192038
136,2,train,16,0.0434574216412265,0.20846443735377623,0.04359550564059465,0.20879536786192038
136,3,train,6,0.04806894599910284,0.21924631353594715,0.04359550564059465,0.20879536786192038
136,-1,train,54,0.04359550564059465,0.20879536786192038,0.04359550564059465,0.20879536786192038
137,0,train,16,0.06188447410187068,0.24876590220902597,0.043633732029035,0.20888688812138256
137,1,train,16,0.023542402196683004,0.1534353355543729,0.043633732029035,0.20888688812138256
137,2,train,16,0.04042235848052694,0.20105312352840218,0.043633732029035,0.20888688812138256
137,3,train,6,0.04868569333705938,0.22064834768712724,0.043633732029035,0.20888688812138256
137,-1,train,54,0.043633732029035,0.20888688812138256,0.043633732029035,0.20888688812138256
138,0,train,16,0.05014795996627321,0.22393740189229938,0.03751527554029831,0.1936886045700632
138,1,train,16,0.04279767879984804,0.20687599860749445,0.03751527554029831,0.1936886045700632
138,2,train,16,0.047267116821124305,0.21741002005686008,0.03751527554029831,0.1936886045700632
138,3,train,6,0.009848346573947678,0.09923883601669095,0.03751527554029831,0.1936886045700632
138,-1,train,54,0.03751527554029831,0.1936886045700632,0.03751527554029831,0.1936886045700632
139,0,train,16,0.02946006667432058,0.1716393505997986,0.04604911007900264,0.21459056381631192
139,1,train,16,0.029861486892424016,0.17280476524802207,0.04604911007900264,0.21459056381631192
139,2,train,16,0.06012052817182133,0.24519487794776898,0.04604911007900264,0.21459056381631192
139,3,train,6,0.06475435857744463,0.2544687772152895,0.04604911007900264,0.21459056381631192
139,-1,train,54,0.04604911007900264,0.21459056381631192,0.04604911007900264,0.21459056381631192
140,0,train,16,0.038125428928577274,0.195257340268112,0.043687759563596565,0.20901617057920796
140,1,train,16,0.05329090272514301,0.23084822443575997,0.043687759563596565,0.20901617057920796
140,2,train,16,0.0333703105178635,0.18267542395698305,0.043687759563596565,0.20901617057920796
140,3,train,6,0.049964396082802474,0.2235271707931778,0.043687759563596565,0.20901617057920796
140,-1,train,54,0.043687759563596565,0.20901617057920796,0.043687759563596565,0.20901617057920796
141,0,train,16,0.053239102778159866,0.23073600234501737,0.03783562790523134,0.19451382445788098
141,1,train,16,0.04380435167590789,0.2092948916622379,0.03783562790523134,0.19451382445788098
141,2,train,16,0.041424234864022344,0.20352944471015083,0.03783562790523134,0.19451382445788098
141,3,train,6,0.012874822302835235,0.11346727414913621,0.03783562790523134,0.19451382445788098
141,-1,train,54,0.03783562790523134,0.19451382445788098,0.03783562790523134,0.19451382445788098
142,0,train,16,0.05131998875239874,0.2265391550094569,0.03836073121880319,0.19585895746379126
142,1,train,16,0.05313019653745774,0.23049988402916333,0.03836073121880319,0.19585895746379126
142,2,train,16,0.03243566723067427,0.18009904838914134,0.03836073121880319,0.19585895746379126
142,3,train,6,0.016557072354682022,0.12867428785379784,0.03836073121880319,0.19585895746379126
142,-1,train,54,0.03836073121880319,0.19585895746379126,0.03836073121880319,0.19585895746379126
143,0,train,16,0.0469658716651684,0.21671610845797412,0.042628349381495664,0.20646633958467822
143,1,train,16,0.04205354687816357,0.2050696147120864,0.042628349381495664,0.20646633958467822
143,2,train,16,0.03729028017632722,0.19310691384910902,0.042628349381495664,0.20646633958467822
143,3,train,6,0.04420369880632346,0.21024675694603107,0.042628349381495664,0.20646633958467822
143,-1,train,54,0.042628349381495664,0.20646633958467822,0.042628349381495664,0.20646633958467822
144,0,train,16,0.04687507767461049,0.21650653032786443,0.03799513096158869,0.19492339767608374
144,1,train,16,0.0653518693105218,0.255640116786317,0.03799513096158869,0.19492339767608374
144,2,train,16,0.024922197292551306,0.157867657525382,0.03799513096158869,0.19492339767608374
144,3,train,6,0.014831379568671197,0.12178415154966264,0.03799513096158869,0.19492339767608374
144,-1,train,54,0.03799513096158869,0.19492339767608374,0.03799513096158869,0.19492339767608374
145,0,train,16,0.07156160672269325,0.2675100123784029,0.03874540563905015,0.19683852681589076
145,1,train,16,0.04794415815173418,0.2189615449153896,0.03874540563905015,0.19683852681589076
145,2,train,16,0.015555714520186174,0.12472255016710561,0.03874540563905015,0.19683852681589076
145,3,train,6,0.019920143161587,0.1411387372821048,0.03874540563905015,0.19683852681589076
145,-1,train,54,0.03874540563905015,0.19683852681589076,0.03874540563905015,0.19683852681589076
146,0,train,16,0.04241333243513963,0.20594497428958938,0.042938311321221986,0.20721561553421108
146,1,train,16,0.04592237312736995,0.2142950609028821,0.042938311321221986,0.20721561553421108
146,2,train,16,0.03637784599309697,0.19072977217282303,0.042938311321221986,0.20721561553421108
146,3,train,6,0.0470396937292814,0.21688636132611336,0.042938311321221986,0.20721561553421108
146,-1,train,54,0.042938311321221986,0.20721561553421108,0.042938311321221986,0.20721561553421108
147,0,train,16,0.02008791507913317,0.14173184214964954,0.03738927032112708,0.19336305314389066
147,1,train,16,0.05736163612749841,0.2395028937768778,0.03738927032112708,0.19336305314389066
147,2,train,16,0.06030469011825983,0.2455701327895146,0.03738927032112708,0.19336305314389066
147,3,train,6,0.011802839959616914,0.10864087609926991,0.03738927032112708,0.19336305314389066
147,-1,train,54,0.03738927032112708,0.19336305314389066,0.03738927032112708,0.19336305314389066
148,0,train,16,0.03849165191433124,0.19619289465811762,0.04354612314901603,0.20867707863830187
148,1,train,16,0.05565376099016154,0.23591049359907995,0.04354612314901603,0.20867707863830187
148,2,train,16,0.02858800061882703,0.1690798646167752,0.04354612314901603,0.20867707863830187
148,3,train,6,0.051451079072744293,0.226828303068079,0.04354612314901603,0.20867707863830187
148,-1,train,54,0.04354612314901603,0.20867707863830187,0.04354612314901603,0.20867707863830187
149,0,train,16,0.07851313468436086,0.28020195339140813,0.03918751765908411,0.1979583735513204
149,1,train,16,0.028450174368621996,0.16867179482243613,0.03918751765908411,0.1979583735513204
149,2,train,16,0.025932024514488717,0.16103423398299108,0.03918751765908411,0.1979583735513204
149,3,train,6,0.023854737068864873,0.15444978818005828,0.03918751765908411,0.1979583735513204
149,-1,train,54,0.03918751765908411,0.1979583735513204,0.03918751765908411,0.1979583735513204
150,0,train,16,0.027760666510666894,0.16661532495742068,0.042235746873769575,0.20551337395354488
150,1,train,16,0.0712024960291375,0.26683795837387436,0.042235746873769575,0.20551337395354488
150,2,train,16,0.026291153880135552,0.1621454713525344,0.042235746873769575,0.20551337395354488
150,3,train,6,0.043688671075138345,0.20901835104874966,0.042235746873769575,0.20551337395354488
150,-1,train,54,0.042235746873769575,0.20551337395354488,0.042235746873769575,0.20551337395354488
151,0,train,16,0.06584876193919438,0.2566101360803863,0.04219267968629221,0.20540856770420315
151,1,train,16,0.02333996764153164,0.1527742374928824,0.04219267968629221,0.20540856770420315
151,2,train,16,0.03584913165445473,0.18933866920007317,0.04219267968629221,0.20540856770420315
151,3,train,6,0.043732857509988086,0.20912402422961376,0.04219267968629221,0.20540856770420315
151,-1,train,54,0.04219267968629221,0.20540856770420315,0.04219267968629221,0.20540856770420315
152,0,train,16,0.039720548264302824,0.1993001461723067,0.045488043385524236,0.2132792614989189
152,1,train,16,0.05956523328446907,0.24405989691972965,0.045488043385524236,0.2132792614989189
152,2,train,16,0.01759467112146818,0.1326449061271038,0.045488043385524236,0.2132792614989189
152,3,train,6,0.06507172087185688,0.2550915931030595,0.045488043385524236,0.2132792614989189
152,-1,train,54,0.045488043385524236,0.2132792614989189,0.045488043385524236,0.2132792614989189
153,0,train,16,0.04998338778025811,0.22356964861147435,0.044721082942736405,0.21147359868961516
153,1,train,16,0.05141745795013482,0.22675417956486452,0.044721082942736405,0.21147359868961516
153,2,train,16,0.017117681997437892,0.1308345596447586,0.044721082942736405,0.21147359868961516
153,3,train,6,0.0603658040431148,0.24569453401147287,0.044721082942736405,0.21147359868961516
153,-1,train,54,0.044721082942736405,0.21147359868961516,0.044721082942736405,0.21147359868961516
154,0,train,16,0.04213302336997234,0.20526330254083983,0.03881233566385795,0.19700846597001345
154,1,train,16,0.047195890318108405,0.2172461514460231,0.03881233566385795,0.19700846597001345
154,2,train,16,0.04308460229539318,0.2075683075408989,0.03881233566385795,0.19700846597001345
154,3,train,6,0.022835826671957892,0.15111527610389988,0.03881233566385795,0.19700846597001345
154,-1,train,54,0.03881233566385795,0.19700846597001345,0.03881233566385795,0.19700846597001345
155,0,train,16,0.05882497578215751,0.24253860678695568,0.036927931159214625,0.19216641527388345
155,1,train,16,0.044585929234566425,0.21115380468882494,0.036927931159214625,0.19216641527388345
155,2,train,16,0.03325230797242196,0.18235215373672437,0.036927931159214625,0.19216641527388345
155,3,train,6,0.011048511647712617,0.10511190059984939,0.036927931159214625,0.19216641527388345
155,-1,train,54,0.036927931159214625,0.19216641527388345,0.036927931159214625,0.19216641527388345
156,0,train,16,0.07112634575393498,0.2666952300922065,0.04191583830544926,0.2047335788419898
156,1,train,16,0.038217272576178,0.1954923849570054,0.04191583830544926,0.2047335788419898
156,2,train,16,0.015089377545268578,0.12283882751503523,0.04191583830544926,0.2047335788419898
156,3,train,6,0.04323035734641549,0.20791911250872414,0.04191583830544926,0.2047335788419898
156,-1,train,54,0.04191583830544926,0.2047335788419898,0.04191583830544926,0.2047335788419898
157,0,train,16,0.052203828704578716,0.22848157191462667,0.03672156935638383,0.19162872789950838
157,1,train,16,0.03856047865437222,0.19636822210931232,0.03672156935638383,0.19162872789950838
157,2,train,16,0.04585730887070345,0.21414319711516278,0.03672156935638383,0.19162872789950838
157,3,train,6,0.010264661195880898,0.10131466426870742,0.03672156935638383,0.19162872789950838
157,-1,train,54,0.03672156935638383,0.19162872789950838,0.03672156935638383,0.19162872789950838
158,0,train,16,0.036925018803463536,0.1921588374326394,0.03876040164755011,0.19687661528873893
158,1,train,16,0.028199438351425375,0.1679268839448448,0.03876040164755011,0.19687661528873893
158,2,train,16,0.06636862516161957,0.2576210883480224,0.03876040164755011,0.19687661528873893
158,3,train,6,0.023548524273691984,0.15345528428077015,0.03876040164755011,0.19687661528873893
158,-1,train,54,0.03876040164755011,0.19687661528873893,0.03876040164755011,0.19687661528873893
159,0,train,16,0.03534367000072317,0.18799912234030022,0.04224682260402287,0.20554031868230346
159,1,train,16,0.03626022434413767,0.1904211761967079,0.04224682260402287,0.20554031868230346
159,2,train,16,0.05124318619667647,0.2263695787792089,0.04224682260402287,0.20554031868230346
159,3,train,6,0.04614020987455417,0.21480272315441945,0.04224682260402287,0.20554031868230346
159,-1,train,54,0.04224682260402287,0.20554031868230346,0.04224682260402287,0.20554031868230346
160,0,train,16,0.03929261114664238,0.19822363922257702,0.03666031082919178,0.19146882469266838
160,1,train,16,0.053866385128345996,0.23209132928299153,0.03666031082919178,0.19146882469266838
160,2,train,16,0.042839027151842304,0.20697590959298212,0.03666031082919178,0.19146882469266838
160,3,train,6,0.010643219889936446,0.10316598223220892,0.03666031082919178,0.19146882469266838
160,-1,train,54,0.03666031082919178,0.19146882469266838,0.03666031082919178,0.19146882469266838
161,0,train,16,0.03494113688610784,0.18692548484919824,0.03659117991912742,0.1912882116575076
161,1,train,16,0.04262907753441264,0.20646810294670856,0.03659117991912742,0.1912882116575076
161,2,train,16,0.0583495242217291,0.2415564617676975,0.03659117991912742,0.1912882116575076
161,3,train,6,0.010444981034260106,0.10220068998915861,0.03659117991912742,0.1912882116575076
161,-1,train,54,0.03659117991912742,0.1912882116575076,0.03659117991912742,0.1912882116575076
162,0,train,16,0.03864305321077063,0.19657836404541223,0.036710175364611686,0.19159899625157667
162,1,train,16,0.0557531673956001,0.23612108630022882,0.036710175364611686,0.19159899625157667
162,2,train,16,0.04100676059601104,0.20250126072696695,0.036710175364611686,0.19159899625157667
162,3,train,6,0.011437720256064949,0.10694727792732711,0.036710175364611686,0.19159899625157667
162,-1,train,54,0.036710175364611686,0.19159899625157667,0.036710175364611686,0.19159899625157667
163,0,train,16,0.035996124526769514,0.18972644656654886,0.0408472301561838,0.20210697701015617
163,1,train,16,0.030465671338858448,0.17454418162419064,0.0408472301561838,0.20210697701015617
163,2,train,16,0.058776915774504335,0.24243950951630044,0.0408472301561838,0.20210697701015617
163,3,train,6,0.038150208984602904,0.19532078482486934,0.0408472301561838,0.20210697701015617
163,-1,train,54,0.0408472301561838,0.20210697701015617,0.0408472301561838,0.20210697701015617
164,0,train,16,0.04968386070773861,0.22289876784706236,0.04118825120637401,0.20294888816244847
164,1,train,16,0.04019253190637602,0.20048075195982287,0.04118825120637401,0.20294888816244847
164,2,train,16,0.034256859160653644,0.18508608581050506,0.04118825120637401,0.20294888816244847
164,3,train,6,0.04061975305072778,0.20154342720795382,0.04118825120637401,0.20294888816244847
164,-1,train,54,0.04118825120637401,0.20294888816244847,0.04118825120637401,0.20294888816244847
165,0,train,16,0.028891513971913706,0.16997503926139776,0.04737863569407885,0.21766634028732795
165,1,train,16,0.04655002492639113,0.21575454786954348,0.04737863569407885,0.21766634028732795
165,2,train,16,0.03364546893554153,0.18342701255687924,0.04737863569407885,0.21766634028732795
165,3,train,6,0.08042753494246906,0.28359748754611536,0.04737863569407885,0.21766634028732795
165,-1,train,54,0.04737863569407885,0.21766634028732795,0.04737863569407885,0.21766634028732795
166,0,train,16,0.04359807577788593,0.20880152245107297,0.040288299915011996,0.20071945574610348
166,1,train,16,0.02244380435221043,0.14981256406660434,0.040288299915011996,0.20071945574610348
166,2,train,16,0.059825103558755324,0.24459170786998344,0.040288299915011996,0.20071945574610348
166,3,train,6,0.035286215971196286,0.18784625620756004,0.040288299915011996,0.20071945574610348
166,-1,train,54,0.040288299915011996,0.20071945574610348,0.040288299915011996,0.20071945574610348
167,0,train,16,0.04583829165962046,0.21409878948658365,0.04745888845798154,0.21785061041452589
167,1,train,16,0.032419825826991336,0.18005506331950605,0.04745888845798154,0.21785061041452589
167,2,train,16,0.030135888302150787,0.17359691328520443,0.04745888845798154,0.21785061041452589
167,3,train,6,0.08144154804316357,0.28537965597281734,0.04745888845798154,0.21785061041452589
167,-1,train,54,0.04745888845798154,0.21785061041452589,0.04745888845798154,0.21785061041452589
168,0,train,16,0.032950335817183006,0.18152227361176096,0.04368199196426657,0.20900237310678216
168,1,train,16,0.029549067350768444,0.17189842160639068,0.04368199196426657,0.20900237310678216
168,2,train,16,0.0546872598822289,0.23385307327941812,0.04368199196426657,0.20900237310678216
168,3,train,6,0.05754130480688593,0.23987768718012503,0.04368199196426657,0.20900237310678216
168,-1,train,54,0.04368199196426657,0.20900237310678216,0.04368199196426657,0.20900237310678216
169,0,train,16,0.05761345879788149,0.24002803752453897,0.036636130600697134,0.1914056702417594
169,1,train,16,0.035158478861269736,0.18750594353585098,0.036636130600697134,0.1914056702417594
169,2,train,16,0.04116173651168044,0.20288355406902855,0.036636130600697134,0.1914056702417594
169,3,train,6,0.012610848231956852,0.11229803307252025,0.036636130600697134,0.1914056702417594
169,-1,train,54,0.036636130600697134,0.1914056702417594,0.036636130600697134,0.1914056702417594
170,0,train,16,0.05214328855154911,0.22834904981529724,0.04141418816623406,0.20350476202348206
170,1,train,16,0.03928642472001045,0.19820803394416295,0.04141418816623406,0.20350476202348206
170,2,train,16,0.03072419688568857,0.17528319053944838,0.04141418816623406,0.20350476202348206
170,3,train,6,0.04350284250768813,0.20857335042542738,0.04141418816623406,0.20350476202348206
170,-1,train,54,0.04141418816623406,0.20350476202348206,0.04141418816623406,0.20350476202348206
171,0,train,16,0.055058170362615066,0.23464477484618118,0.04181939428002652,0.20449790776442314
171,1,train,16,0.027883437707576304,0.16698334559942288,0.04181939428002652,0.20449790776442314
171,2,train,16,0.03801531641714554,0.19497516871936676,0.04181939428002652,0.20449790776442314
171,3,train,6,0.04632065263276916,0.2152223330251049,0.04181939428002652,0.20449790776442314
171,-1,train,54,0.04181939428002652,0.20449790776442314,0.04181939428002652,0.20449790776442314
172,0,train,16,0.06142705345656899,0.2478448172880946,0.0388110962523307,0.1970053203655442
172,1,train,16,0.022268003327669268,0.14922467399082923,0.0388110962523307,0.1970053203655442
172,2,train,16,0.044275836230243906,0.21041824120128916,0.0388110962523307,0.1970053203655442
172,3,train,6,0.02727349199484064,0.1651468800639014,0.0388110962523307,0.1970053203655442
172,-1,train,54,0.0388110962523307,0.1970053203655442,0.0388110962523307,0.1970053203655442
173,0,train,16,0.04145179028837402,0.20359712740697994,0.04284079551111788,0.2069801814452724
173,1,train,16,0.03187554967298139,0.17853725009919189,0.04284079551111788,0.2069801814452724
173,2,train,16,0.04467131106396371,0.21135588722333642,0.04284079551111788,0.2069801814452724
173,3,train,6,0.05336453101915239,0.23100764277216543,0.04284079551111788,0.2069801814452724
173,-1,train,54,0.04284079551111788,0.2069801814452724,0.04284079551111788,0.2069801814452724
174,0,train,16,0.04230162716364418,0.2056735937441756,0.04062677287673434,0.201560841625387
174,1,train,16,0.03318571595491536,0.18216947042497367,0.04062677287673434,0.201560841625387
174,2,train,16,0.04757625801207149,0.21811982489464704,0.04062677287673434,0.201560841625387
174,3,train,6,0.039443490376306345,0.19860385287377066,0.04062677287673434,0.201560841625387
174,-1,train,54,0.04062677287673434,0.201560841625387,0.04062677287673434,0.201560841625387
175,0,train,16,0.05342837385582452,0.23114578485411436,0.04231681651804823,0.20571051630397563
175,1,train,16,0.04184466400073756,0.2045596832240839,0.04231681651804823,0.20571051630397563
175,2,train,16,0.023533424489684727,0.1534060770950249,0.04231681651804823,0.20571051630397563
175,3,train,6,0.050460803725946114,0.22463482304831126,0.04231681651804823,0.20571051630397563
175,-1,train,54,0.04231681651804823,0.20571051630397563,0.04231681651804823,0.20571051630397563
176,0,train,16,0.03697466647514012,0.19228797797870806,0.0450744306260064,0.21230739654097405
176,1,train,16,0.022480997544341286,0.14993664510166047,0.0450744306260064,0.21230739654097405
176,2,train,16,0.05252624469281235,0.22918604820715494,0.0450744306260064,0.21230739654097405
176,3,train,6,0.06831581379173185,0.2613729400525843,0.0450744306260064,0.21230739654097405
176,-1,train,54,0.0450744306260064,0.21230739654097405,0.0450744306260064,0.21230739654097405
177,0,train,16,0.04612280170165879,0.2147621980276296,0.04171503651141725,0.20424259230487957
177,1,train,16,0.015965422266650812,0.12635435198935893,0.04171503651141725,0.20424259230487957
177,2,train,16,0.05765864707224451,0.24012215031571849,0.04171503651141725,0.20424259230487957
177,3,train,6,0.047113275005114884,0.21705592598479057,0.04171503651141725,0.20424259230487957
177,-1,train,54,0.04171503651141725,0.20424259230487957,0.04171503651141725,0.20424259230487957
178,0,train,16,0.037231526352055816,0.1929547261718557,0.03915127209000572,0.19786680391113037
178,1,train,16,0.04784783772828986,0.21874148607040655,0.03915127209000572,0.19786680391113037
178,2,train,16,0.04057324446739694,0.2014280131148519,0.03915127209000572,0.19786680391113037
178,3,train,6,0.030952479812280245,0.17593316859614688,0.03915127209000572,0.19786680391113037
178,-1,train,54,0.03915127209000572,0.19786680391113037,0.03915127209000572,0.19786680391113037
179,0,train,16,0.014705778751259441,0.12126738535673737,0.03933254280878528,0.1983243374091674
179,1,train,16,0.04453106440357357,0.2110238479498788,0.03933254280878528,0.1983243374091674
179,2,train,16,0.06574642558565806,0.25641065809684677,0.03933254280878528,0.1983243374091674
179,3,train,6,0.03234690249465005,0.17985244645166784,0.03933254280878528,0.1983243374091674
179,-1,train,54,0.03933254280878528,0.1983243374091674,0.03933254280878528,0.1983243374091674
180,0,train,16,0.03545680586169076,0.18829977658428265,0.04106006780171682,0.2026328398895816
180,1,train,16,0.043470258069335896,0.20849522313313534,0.04106006780171682,0.2026328398895816
180,2,train,16,0.04164482905080169,0.2040706472053286,0.04106006780171682,0.2026328398895816
180,3,train,6,0.04366837822503892,0.20896980218452357,0.04106006780171682,0.2026328398895816
180,-1,train,54,0.04106006780171682,0.2026328398895816,0.04106006780171682,0.2026328398895816
181,0,train,16,0.026965977205607457,0.16421320655053132,0.03556573154922082,0.18858878956401628
181,1,train,16,0.04024560531280523,0.2006130736338119,0.03556573154922082,0.18858878956401628
181,2,train,16,0.06630999958730197,0.25750728064911477,0.03556573154922082,0.18858878956401628
181,3,train,6,0.008741344091168602,0.09349515544223991,0.03556573154922082,0.18858878956401628
181,-1,train,54,0.03556573154922082,0.18858878956401628,0.03556573154922082,0.18858878956401628
182,0,train,16,0.06765506092047123,0.2601058648329007,0.03552690892650958,0.188485832163878
182,1,train,16,0.04626550671083979,0.21509418102505654,0.03552690892650958,0.188485832163878
182,2,train,16,0.01947643270241559,0.13955799046423528,0.03552690892650958,0.188485832163878
182,3,train,6,0.008710635372311705,0.09333078469782467,0.03552690892650958,0.188485832163878
182,-1,train,54,0.03552690892650958,0.188485832163878,0.03552690892650958,0.188485832163878
183,0,train,16,0.04963687194515534,0.22279333909512497,0.04054886825154209,0.2013674955188699
183,1,train,16,0.03637908918965067,0.19073303119714388,0.04054886825154209,0.2013674955188699
183,2,train,16,0.03510507570166812,0.1873634855078975,0.04054886825154209,0.2013674955188699
183,3,train,6,0.041074436169694216,0.20266829098231973,0.04054886825154209,0.2013674955188699
183,-1,train,54,0.04054886825154209,0.2013674955188699,0.04054886825154209,0.2013674955188699
184,0,train,16,0.05853994812977813,0.24195030094996395,0.041746968576934856,0.20432074925698285
184,1,train,16,0.01811939238681805,0.1346082924147619,0.041746968576934856,0.20432074925698285
184,2,train,16,0.04133382677029042,0.20330722262204662,0.041746968576934856,0.20432074925698285
184,3,train,6,0.04899470702085284,0.2213474802676842,0.041746968576934856,0.20432074925698285
184,-1,train,54,0.041746968576934856,0.20432074925698285,0.041746968576934856,0.20432074925698285
185,0,train,16,0.050657723679744956,0.22507270754079658,0.040364816064931835,0.2009099700486062
185,1,train,16,0.018690783457551114,0.13671424014180497,0.040364816064931835,0.2009099700486062
185,2,train,16,0.0517240128403744,0.22742913806364917,0.040364816064931835,0.2009099700486062
185,3,train,6,0.040386744282056866,0.20096453488627505,0.040364816064931835,0.2009099700486062
185,-1,train,54,0.040364816064931835,0.2009099700486062,0.040364816064931835,0.2009099700486062
186,0,train,16,0.05737638089977931,0.23953367383267704,0.04087119937695498,0.20216626666423598
186,1,train,16,0.04144477920179329,0.20357990863980976,0.04087119937695498,0.20216626666423598
186,2,train,16,0.020831958898192043,0.14433280603588375,0.04087119937695498,0.20216626666423598
186,3,train,6,0.043831678508055257,0.20936016456827516,0.04087119937695498,0.20216626666423598
186,-1,train,54,0.04087119937695498,0.20216626666423598,0.04087119937695498,0.20216626666423598
187,0,train,16,0.050211008898868606,0.22407813123745166,0.04187770938366892,0.20464043926767975
187,1,train,16,0.018025908546973946,0.13426059938408566,0.04187770938366892,0.20464043926767975
187,2,train,16,0.04873665664968279,0.22076380285201375,0.04187770938366892,0.20464043926767975
187,3,train,6,0.050537263439150354,0.22480494531738032,0.04187770938366892,0.20464043926767975
187,-1,train,54,0.04187770938366892,0.20464043926767975,0.04187770938366892,0.20464043926767975
188,0,train,16,0.015430168686007186,0.12421823008724278,0.05253276552129718,0.22920027382465577
188,1,train,16,0.031023466634913337,0.1761347967748376,0.05253276552129718,0.22920027382465577
188,2,train,16,0.04472097366218239,0.2114733403107408,0.05253276552129718,0.22920027382465577
188,3,train,6,0.11895645310208582,0.34490064236253,0.05253276552129718,0.22920027382465577
188,-1,train,54,0.05253276552129718,0.22920027382465577,0.05253276552129718,0.22920027382465577
189,0,train,16,0.031978033360645156,0.17882402903593564,0.03472980363266325,0.1863593400735881
189,1,train,16,0.06760982887726466,0.26001890100003244,0.03472980363266325,0.1863593400735881
189,2,train,16,0.03408527590208006,0.1846219810913101,0.03472980363266325,0.1863593400735881
189,3,train,6,0.0052460763906631335,0.07242980319359658,0.03472980363266325,0.1863593400735881
189,-1,train,54,0.03472980363266325,0.1863593400735881,0.03472980363266325,0.1863593400735881
190,0,train,16,0.01769870913532832,0.1330364955015289,0.03891249819443812,0.19726251086924276
190,1,train,16,0.05810113527276296,0.2410417708049021,0.03891249819443812,0.19726251086924276
190,2,train,16,0.04753530014607856,0.21802591622575185,0.03891249819443812,0.19726251086924276
190,3,train,6,0.03231484822358262,0.17976331167282888,0.03891249819443812,0.19726251086924276
190,-1,train,54,0.03891249819443812,0.19726251086924276,0.03891249819443812,0.19726251086924276
191,0,train,16,0.0689385622256359,0.2625615398828166,0.03654323552438691,0.19116285079582515
191,1,train,16,0.027848914239658674,0.16687993959628183,0.03654323552438691,0.19116285079582515
191,2,train,16,0.03203314506457037,0.17897805749468387,0.03654323552438691,0.19116285079582515
191,3,train,6,0.017352320567682718,0.13172820718313416,0.03654323552438691,0.19116285079582515
191,-1,train,54,0.03654323552438691,0.19116285079582515,0.03654323552438691,0.19116285079582515
192,0,train,16,0.023553477185382903,0.15347142139624206,0.043573509373124486,0.2087426869931603
192,1,train,16,0.06225655021249923,0.24951262535691301,0.043573509373124486,0.2087426869931603
192,2,train,16,0.025938790104866716,0.16105523929654297,0.043573509373124486,0.2087426869931603
192,3,train,6,0.06254521998974912,0.2500904236266337,0.043573509373124486,0.2087426869931603
192,-1,train,54,0.043573509373124486,0.2087426869931603,0.043573509373124486,0.2087426869931603
193,0,train,16,0.04572137016820917,0.21382556013771875,0.038857314621853094,0.19712258780224323
193,1,train,16,0.03292799796864006,0.18146073395817636,0.038857314621853094,0.19712258780224323
193,2,train,16,0.04411432892475769,0.21003411371669528,0.038857314621853094,0.19712258780224323
193,3,train,6,0.032665561425805456,0.1807361652404008,0.038857314621853094,0.19712258780224323
193,-1,train,54,0.038857314621853094,0.19712258780224323,0.038857314621853094,0.19712258780224323
194,0,train,16,0.033818951642993075,0.18389929755981418,0.04323929582611152,0.20794060648683202
194,1,train,16,0.046810743623591715,0.21635790631172164,0.04323929582611152,0.20794060648683202
194,2,train,16,0.03139092658138022,0.17717484748513324,0.04323929582611152,0.20794060648683202
194,3,train,6,0.060936561456481096,0.24685331971938537,0.04323929582611152,0.20794060648683202
194,-1,train,54,0.04323929582611152,0.20794060648683202,0.04323929582611152,0.20794060648683202
195,0,train,16,0.028050995538997214,0.16748431430733213,0.0405756661335245,0.20143402426979534
195,1,train,16,0.05612577106484975,0.2369087821606657,0.0405756661335245,0.20143402426979534
195,2,train,16,0.033971663181889475,0.1843140341425185,0.0405756661335245,0.20143402426979534
195,3,train,6,0.04415423474836156,0.21012909067609264,0.0405756661335245,0.20143402426979534
195,-1,train,54,0.0405756661335245,0.20143402426979534,0.0405756661335245,0.20143402426979534
196,0,train,16,0.020110261590282785,0.1418106540083741,0.03546455614200295,0.188320355092069
196,1,train,16,0.058750278196029494,0.24238456674472797,0.03546455614200295,0.188320355092069
196,2,train,16,0.05136755416152786,0.226644113449981,0.03546455614200295,0.188320355092069
196,3,train,6,0.011630130620171675,0.10784308332096071,0.03546455614200295,0.188320355092069
196,-1,train,54,0.03546455614200295,0.188320355092069,0.03546455614200295,0.188320355092069
197,0,train,16,0.04796691126149682,0.21901349561498903,0.0347714493856152,0.18647104168104817
197,1,train,16,0.03700911932657705,0.1923775437169761,0.0347714493856152,0.18647104168104817
197,2,train,16,0.046615912632074964,0.2159071852256774,0.0347714493856152,0.18647104168104817
197,3,train,6,0.007493854322311965,0.08656705102007325,0.0347714493856152,0.18647104168104817
197,-1,train,54,0.0347714493856152,0.18647104168104817,0.0347714493856152,0.18647104168104817
198,0,train,16,0.015892175106244567,0.12606417058880992,0.03684640276872774,0.19195416840675208
198,1,train,16,0.06988625171067625,0.26436007964644787,0.03684640276872774,0.19195416840675208
198,2,train,16,0.04061468241053218,0.20153084729274617,0.03684640276872774,0.19195416840675208
198,3,train,6,0.02099250184745795,0.14488789406799296,0.03684640276872774,0.19195416840675208
198,-1,train,54,0.03684640276872774,0.19195416840675208,0.03684640276872774,0.19195416840675208
199,0,train,16,0.03357106180570799,0.18322407539869862,0.037214066104041814,0.19290947644955603
199,1,train,16,0.04339271644125856,0.20830918472611465,0.037214066104041814,0.19290947644955603
199,2,train,16,0.048300249647136,0.2197731777245258,0.037214066104041814,0.19290947644955603
199,3,train,6,0.023592236522064693,0.15359764491054118,0.037214066104041814,0.19290947644955603
199,-1,train,54,0.037214066104041814,0.19290947644955603,0.037214066104041814,0.19290947644955603
200,0,train,16,0.03933040122699209,0.19831893814508006,0.03476621459837088,0.1864570046910839
200,1,train,16,0.041565776196698274,0.2038768652807333,0.03476621459837088,0.1864570046910839
200,2,train,16,0.049998458785753166,0.22360335146359764,0.03476621459837088,0.1864570046910839
200,3,train,6,0.00817022218403998,0.09038928135592174,0.03476621459837088,0.1864570046910839
200,-1,train,54,0.03476621459837088,0.1864570046910839,0.03476621459837088,0.1864570046910839
201,0,train,16,0.07661842161790441,0.27680032806682947,0.03509574352959349,0.1873385799284106
201,1,train,16,0.01838388820372259,0.13558719778696876,0.03509574352959349,0.1873385799284106
201,2,train,16,0.03487145508643027,0.18673900258497222,0.03509574352959349,0.1873385799284106
201,3,train,6,0.010509209210316709,0.10251443415596025,0.03509574352959349,0.1873385799284106
201,-1,train,54,0.03509574352959349,0.1873385799284106,0.03509574352959349,0.1873385799284106
202,0,train,16,0.017555449713796557,0.1324969800176463,0.0369301108116619,0.19217208645290268
202,1,train,16,0.04736000700816565,0.2176235442413473,0.0369301108116619,0.19217208645290268
202,2,train,16,0.06037111389182252,0.24570533956717855,0.0369301108116619,0.19217208645290268
202,3,train,6,0.022433872632862863,0.14977941324782543,0.0369301108116619,0.19217208645290268
202,-1,train,54,0.0369301108116619,0.19217208645290268,0.0369301108116619,0.19217208645290268
203,0,train,16,0.055812218435688433,0.23624609718615128,0.04209782875594413,0.2051775542205924
203,1,train,16,0.03166041975878455,0.17793375103893178,0.04209782875594413,0.2051775542205924
203,2,train,16,0.02513993722367095,0.15855578584104382,0.04209782875594413,0.2051775542205924
203,3,train,6,0.05577873960563258,0.2361752307199732,0.04209782875594413,0.2051775542205924
203,-1,train,54,0.04209782875594413,0.2051775542205924,0.04209782875594413,0.2051775542205924
204,0,train,16,0.016095786118712787,0.12686916929937228,0.04301361154917764,0.20739723129583393
204,1,train,16,0.04199334942387196,0.20492278893249516,0.04301361154917764,0.20739723129583393
204,2,train,16,0.05208711887660966,0.22822602585290236,0.04301361154917764,0.20739723129583393
204,3,train,6,0.06187819177751615,0.24875327490812285,0.04301361154917764,0.20739723129583393
204,-1,train,54,0.04301361154917764,0.20739723129583393,0.04301361154917764,0.20739723129583393
205,0,train,16,0.03343880272657786,0.1828627975466247,0.039188897696570475,0.19796185919658987
205,1,train,16,0.0366433567863377,0.19142454593478261,0.039188897696570475,0.19796185919658987
205,2,train,16,0.04905612998040355,0.22148618462649888,0.039188897696570475,0.19796185919658987
205,3,train,6,0.03761730129296281,0.19395180146872268,0.039188897696570475,0.19796185919658987
205,-1,train,54,0.039188897696570475,0.19796185919658987,0.039188897696570475,0.19796185919658987
206,0,train,16,0.06378639229109029,0.2525596806520991,0.03657922729686848,0.19125696666231137
206,1,train,16,0.03560579414582105,0.1886949764721389,0.03657922729686848,0.19125696666231137
206,2,train,16,0.025822273208926893,0.16069310255554498,0.03657922729686848,0.19125696666231137
206,3,train,6,0.02110244954163569,0.14526682188867385,0.03657922729686848,0.19125696666231137
206,-1,train,54,0.03657922729686848,0.19125696666231137,0.03657922729686848,0.19125696666231137
207,0,train,16,0.0312460954230043,0.17676565114015874,0.042625657945917904,0.2064598216261893
207,1,train,16,0.04814227729263486,0.21941348475568875,0.042625657945917904,0.2064598216261893
207,2,train,16,0.03100974081038147,0.17609582848659838,0.042625657945917904,0.2064598216261893
207,3,train,6,0.06010451825765097,0.24516222844812569,0.042625657945917904,0.2064598216261893
207,-1,train,54,0.042625657945917904,0.2064598216261893,0.042625657945917904,0.2064598216261893
208,0,train,16,0.03286371092101618,0.18128350978789046,0.03664088290679733,0.19141808406416916
208,1,train,16,0.07998872791541517,0.2828227853540361,0.03664088290679733,0.19141808406416916
208,2,train,16,0.011751396190111417,0.10840385689684393,0.03664088290679733,0.19141808406416916
208,3,train,6,0.021959696600646575,0.1481880447291433,0.03664088290679733,0.19141808406416916
208,-1,train,54,0.03664088290679733,0.19141808406416916,0.03664088290679733,0.19141808406416916
209,0,train,16,0.034808999370519976,0.1865717003473999,0.03884925311062986,0.1971021387774112
209,1,train,16,0.06360470018706724,0.25219972281322445,0.03884925311062986,0.1971021387774112
209,2,train,16,0.020572156373437185,0.14342997027621943,0.03884925311062986,0.1971021387774112
209,3,train,6,0.036411156511495034,0.19081707604796547,0.03884925311062986,0.1971021387774112
209,-1,train,54,0.03884925311062986,0.1971021387774112,0.03884925311062986,0.1971021387774112
210,0,train,16,0.04739945311173752,0.21771415459665805,0.034069090645854616,0.18457814238380074
210,1,train,16,0.06358330265490286,0.252157297445271,0.034069090645854616,0.18457814238380074
210,2,train,16,0.01924683622252581,0.13873296732401355,0.034069090645854616,0.18457814238380074
210,3,train,6,0.006046770594252256,0.07776098375311526,0.034069090645854616,0.18457814238380074
210,-1,train,54,0.034069090645854616,0.18457814238380074,0.034069090645854616,0.18457814238380074
211,0,train,16,0.020415212171465545,0.1428818118987352,0.04191067990518606,0.20472098061797686
211,1,train,16,0.06059526503596182,0.24616105507565939,0.04191067990518606,0.20472098061797686
211,2,train,16,0.03016095881381637,0.1736691072523158,0.04191067990518606,0.20472098061797686
211,3,train,6,0.05647128359950049,0.2376368734003637,0.04191067990518606,0.20472098061797686
211,-1,train,54,0.04191067990518606,0.20472098061797686,0.04191067990518606,0.20472098061797686
212,0,train,16,0.03887683790527713,0.19717210224896708,0.0358306145380262,0.18928976342640982
212,1,train,16,0.037774478366210514,0.1943565753099455,0.0358306145380262,0.18928976342640982
212,2,train,16,0.04887712645914579,0.2210817189618938,0.0358306145380262,0.18928976342640982
212,3,train,6,0.017794015421471358,0.1333942105995285,0.0358306145380262,0.18928976342640982
212,-1,train,54,0.0358306145380262,0.18928976342640982,0.0358306145380262,0.18928976342640982
213,0,train,16,0.010456265782582685,0.1022558838531196,0.0354456453780457,0.18827013936906112
213,1,train,16,0.053770411862450386,0.23188447956353264,0.0354456453780457,0.18827013936906112
213,2,train,16,0.06202912944381613,0.24905647842169482,0.0354456453780457,0.18827013936906112
213,3,train,6,0.015526774423333578,0.12460647825588193,0.0354456453780457,0.18827013936906112
213,-1,train,54,0.0354456453780457,0.18827013936906112,0.0354456453780457,0.18827013936906112
214,0,train,16,0.034228655201585904,0.18500987865945404,0.03500970505299907,0.1871088053860616
214,1,train,16,0.053039103837389356,0.23030220111277563,0.03500970505299907,0.1871088053860616
214,2,train,16,0.039831325873129673,0.19957786919678663,0.03500970505299907,0.1871088053860616
214,3,train,6,0.012939735299891333,0.11375295732371679,0.03500970505299907,0.1871088053860616
214,-1,train,54,0.03500970505299907,0.1871088053860616,0.03500970505299907,0.1871088053860616
215,0,train,16,0.051903161808827536,0.22782265429238494,0.03706982048395194,0.1925352447837848
215,1,train,16,0.05021757791142839,0.224092788619867,0.03706982048395194,0.1925352447837848
215,2,train,16,0.01972163214342033,0.1404337286531278,0.03706982048395194,0.1925352447837848
215,3,train,6,0.0264369100721315,0.16259431131540703,0.03706982048395194,0.1925352447837848
215,-1,train,54,0.03706982048395194,0.1925352447837848,0.03706982048395194,0.1925352447837848
216,0,train,16,0.042345071423102364,0.205779181218855,0.039800000002753494,0.19949937343950105
216,1,train,16,0.03710708870849934,0.19263200333407568,0.039800000002753494,0.19949937343950105
216,2,train,16,0.03555761245940601,0.18856726242751154,0.039800000002753494,0.19949937343950105
216,3,train,6,0.04419022742000627,0.2102147174200852,0.039800000002753494,0.19949937343950105
216,-1,train,54,0.039800000002753494,0.19949937343950105,0.039800000002753494,0.19949937343950105
217,0,train,16,0.02932291360602691,0.17123934596355742,0.04152464726526969,0.20377597322861618
217,1,train,16,0.05138567525590894,0.2266840869049015,0.04152464726526969,0.20377597322861618
217,2,train,16,0.029986043052954065,0.17316478583405479,0.04152464726526969,0.20377597322861618
217,3,train,6,0.05540395714618885,0.2353804519202664,0.04152464726526969,0.20377597322861618
217,-1,train,54,0.04152464726526969,0.20377597322861618,0.04152464726526969,0.20377597322861618
218,0,train,16,0.034675532120440576,0.18621367329076718,0.03442060781872598,0.18552791654822726
218,1,train,16,0.05367843807863974,0.23168607657483378,0.03442060781872598,0.18552791654822726
218,2,train,16,0.03910808479937395,0.1977576415701147,0.03442060781872598,0.18552791654822726
218,3,train,6,0.01022037627644967,0.10109587665404396,0.03442060781872598,0.18552791654822726
218,-1,train,54,0.03442060781872598,0.18552791654822726,0.03442060781872598,0.18552791654822726
219,0,train,16,0.04306573705476815,0.20752285911380497,0.04685829439488595,0.21646776756571856
219,1,train,16,0.011574665314544515,0.10758561853028738,0.04685829439488595,0.21646776756571856
219,2,train,16,0.042717634796601144,0.20668244917409204,0.04685829439488595,0.21646776756571856
219,3,train,6,0.09007514041363,0.3001252078943553,0.04685829439488595,0.21646776756571856
219,-1,train,54,0.04685829439488595,0.21646776756571856,0.04685829439488595,0.21646776756571856
220,0,train,16,0.02886342104924704,0.1698923807863291,0.0456863336706494,0.21374361667813474
220,1,train,16,0.0480080378227439,0.2191073659709867,0.0456863336706494,0.21374361667813474
220,2,train,16,0.023037003636025254,0.1517794572266789,0.0456863336706494,0.21374361667813474
220,3,train,6,0.08283687217458141,0.2878139540998341,0.0456863336706494,0.21374361667813474
220,-1,train,54,0.0456863336706494,0.21374361667813474,0.0456863336706494,0.21374361667813474
221,0,train,16,0.05019961544580789,0.22405270684775913,0.043049446870043626,0.2074836062681667
221,1,train,16,0.023951420098308092,0.15476246346678543,0.043049446870043626,0.2074836062681667
221,2,train,16,0.03182384344146068,0.17839238616449044,0.043049446870043626,0.2074836062681667
221,3,train,6,0.06622290849459785,0.25733812095101233,0.043049446870043626,0.2074836062681667
221,-1,train,54,0.043049446870043626,0.2074836062681667,0.043049446870043626,0.2074836062681667
222,0,train,16,0.024699442613018863,0.157160563160797,0.037686232700900144,0.1941294225533578
222,1,train,16,0.046895444542650974,0.2165535604478739,0.037686232700900144,0.1941294225533578
222,2,train,16,0.04709591830034694,0.21701594019874887,0.037686232700900144,0.1941294225533578
222,3,train,6,0.032054125347583784,0.17903665922816975,0.037686232700900144,0.1941294225533578
222,-1,train,54,0.037686232700900144,0.1941294225533578,0.037686232700900144,0.1941294225533578
223,0,train,16,0.04442168740042077,0.2107645306981722,0.038065998052344195,0.19510509489079006
223,1,train,16,0.04480306911845272,0.21166735487186664,0.038065998052344195,0.19510509489079006
223,2,train,16,0.02823429081774733,0.16803062464249585,0.038065998052344195,0.19510509489079006
223,3,train,6,0.03480494487275595,0.18656083424115563,0.038065998052344195,0.19510509489079006
223,-1,train,54,0.038065998052344195,0.19510509489079006,0.038065998052344195,0.19510509489079006
224,0,train,16,0.04408826725645398,0.20997206303804794,0.03436099636865029,0.1853671933451286
224,1,train,16,0.04465690315713655,0.21132180000448736,0.03436099636865029,0.1853671933451286
224,2,train,16,0.03734967234200205,0.19326063319259318,0.03436099636865029,0.1853671933451286
224,3,train,6,0.011349142719008578,0.10653235526828729,0.03436099636865029,0.1853671933451286
224,-1,train,54,0.03436099636865029,0.1853671933451286,0.03436099636865029,0.1853671933451286
225,0,train,16,0.03728668339114333,0.19309760068717408,0.0340305662759983,0.1844737549788541
225,1,train,16,0.03837641351803436,0.1958989880474995,0.0340305662759983,0.1844737549788541
225,2,train,16,0.05088854353788277,0.2255848920869542,0.0340305662759983,0.1844737549788541
225,3,train,6,0.009570624656932722,0.09782956944059767,0.0340305662759983,0.1844737549788541
225,-1,train,54,0.0340305662759983,0.1844737549788541,0.0340305662759983,0.1844737549788541
226,0,train,16,0.026768824774885548,0.16361181123282495,0.04154650813879676,0.20382960564843558
226,1,train,16,0.04697232279897259,0.2167309917823766,0.04154650813879676,0.20382960564843558
226,2,train,16,0.03460525275031192,0.18602487132185289,0.04154650813879676,0.20382960564843558
226,3,train,6,0.057839632231016985,0.24049871565357056,0.04154650813879676,0.20382960564843558
226,-1,train,54,0.04154650813879676,0.20382960564843558,0.04154650813879676,0.20382960564843558
227,0,train,16,0.04697692456796794,0.21674160783746146,0.03702817456974572,0.19242706298685153
227,1,train,16,0.039389947266942914,0.19846900832861264,0.03702817456974572,0.19242706298685153
227,2,train,16,0.032527980446869276,0.18035515087423834,0.03702817456974572,0.19242706298685153
227,3,train,6,0.02921784599720277,0.17093228482999567,0.03702817456974572,0.19242706298685153
227,-1,train,54,0.03702817456974572,0.19242706298685153,0.03702817456974572,0.19242706298685153
228,0,train,16,0.04590156456199396,0.21424650420017116,0.03415118253294105,0.1848003856406719
228,1,train,16,0.03850263536030235,0.19622088410845148,0.03415118253294105,0.1848003856406719
228,2,train,16,0.041159278786099304,0.20287749699288807,0.03415118253294105,0.1848003856406719
228,3,train,6,0.011041251423368561,0.10507735923294115,0.03415118253294105,0.1848003856406719
228,-1,train,54,0.03415118253294105,0.1848003856406719,0.03415118253294105,0.1848003856406719
229,0,train,16,0.015546267314380888,0.12468467152934594,0.04036099705293797,0.20090046553688712
229,1,train,16,0.05318866990298891,0.23062668948538656,0.04036099705293797,0.20090046553688712
229,2,train,16,0.0417105887075145,0.20423170348286893,0.04036099705293797,0.20090046553688712
229,3,train,6,0.050998462286867594,0.22582839123296167,0.04036099705293797,0.20090046553688712
229,-1,train,54,0.04036099705293797,0.20090046553688712,0.04036099705293797,0.20090046553688712
230,0,train,16,0.04272406590582243,0.20669800653567616,0.033900517090786564,0.18412093061568682
230,1,train,16,0.03094856503397202,0.17592204249033724,0.033900517090786564,0.18412093061568682
230,2,train,16,0.052038548506481055,0.22811959255285605,0.033900517090786564,0.18412093061568682
230,3,train,6,0.009890888916870734,0.09945294825630226,0.033900517090786564,0.18412093061568682
230,-1,train,54,0.033900517090786564,0.18412093061568682,0.033900517090786564,0.18412093061568682
231,0,train,16,0.035833358178929894,0.18929701048598177,0.034191997850170984,0.18491078348806753
231,1,train,16,0.05376270618448324,0.23186786363030829,0.034191997850170984,0.18491078348806753
231,2,train,16,0.035196803291875314,0.1876081109437311,0.034191997850170984,0.18491078348806753
231,3,train,6,0.011975123745395482,0.1094309085468794,0.034191997850170984,0.18491078348806753
231,-1,train,54,0.034191997850170984,0.18491078348806753,0.034191997850170984,0.18491078348806753
232,0,train,16,0.02500965835034356,0.15814442244462357,0.0340946440948471,0.18464735063045748
232,1,train,16,0.05825982079711154,0.24137071238472893,0.0340946440948471,0.18464735063045748
232,2,train,16,0.04145292763143008,0.20359992050939038,0.0340946440948471,0.18464735063045748
232,3,train,6,0.011656169600503224,0.10796374206419128,0.0340946440948471,0.18464735063045748
232,-1,train,54,0.0340946440948471,0.18464735063045748,0.0340946440948471,0.18464735063045748
233,0,train,16,0.029234073886405403,0.17097974700649607,0.04017059137964004,0.20042602470647378
233,1,train,16,0.05414493043683481,0.23269063246472732,0.04017059137964004,0.20042602470647378
233,2,train,16,0.0265149752778982,0.16283419566509424,0.04017059137964004,0.20042602470647378
233,3,train,6,0.05078838591742175,0.22536278733948456,0.04017059137964004,0.20042602470647378
233,-1,train,54,0.04017059137964004,0.20042602470647378,0.04017059137964004,0.20042602470647378
234,0,train,16,0.05032480840442094,0.2243319157062163,0.043925123649215046,0.2095832141399092
234,1,train,16,0.016304902509271517,0.12769065161268273,0.043925123649215046,0.2095832141399092
234,2,train,16,0.034059522265778686,0.18455222097221882,0.043925123649215046,0.2095832141399092
234,3,train,6,0.07501126141738904,0.27388183842195346,0.043925123649215046,0.2095832141399092
234,-1,train,54,0.043925123649215046,0.2095832141399092,0.043925123649215046,0.2095832141399092
235,0,train,16,0.037696097642416576,0.194154829047378,0.038304863898404214,0.19571628419322756
235,1,train,16,0.04746423019319153,0.21786287015733435,0.038304863898404214,0.19571628419322756
235,2,train,16,0.028763805210261516,0.16959895403646072,0.038304863898404214,0.19571628419322756
235,3,train,6,0.03929532254774722,0.19823047835221308,0.038304863898404214,0.19571628419322756
235,-1,train,54,0.038304863898404214,0.19571628419322756,0.038304863898404214,0.19571628419322756
236,0,train,16,0.06117327705231272,0.24733232108301723,0.044895624995133054,0.21188587729042505
236,1,train,16,0.018681090246094646,0.1366787849159285,0.044895624995133054,0.21188587729042505
236,2,train,16,0.018036579664232215,0.13430033382025605,0.044895624995133054,0.21188587729042505
236,3,train,6,0.08169155301789262,0.2858173420523895,0.044895624995133054,0.21188587729042505
236,-1,train,54,0.044895624995133054,0.21188587729042505,0.044895624995133054,0.21188587729042505
237,0,train,16,0.019556460266958033,0.1398444145003941,0.045044442444399604,0.21223676035126338
237,1,train,16,0.03817181465203563,0.19537608515894578,0.045044442444399604,0.21223676035126338
237,2,train,16,0.03946119416025927,0.19864841846906123,0.045044442444399604,0.21223676035126338
237,3,train,6,0.08298830069834547,0.2880769006677652,0.045044442444399604,0.21223676035126338
237,-1,train,54,0.045044442444399604,0.21223676035126338,0.045044442444399604,0.21223676035126338
238,0,train,16,0.021624692069250738,0.14705336469884236,0.04170593794014781,0.2042203171580825
238,1,train,16,0.05274145937296609,0.22965508784472008,0.04170593794014781,0.2042203171580825
238,2,train,16,0.03055051137518743,0.17478704578768825,0.04170593794014781,0.2042203171580825
238,3,train,6,0.061907088943186986,0.24881135211880304,0.04170593794014781,0.2042203171580825
238,-1,train,54,0.04170593794014781,0.2042203171580825,0.04170593794014781,0.2042203171580825
239,0,train,16,0.04951147949709186,0.22251175136853302,0.03323683927753915,0.18230973445633436
239,1,train,16,0.05865702199718016,0.24219211795015164,0.03323683927753915,0.18230973445633436
239,2,train,16,0.0168898048945789,0.1299607821405323,0.03323683927753915,0.18230973445633436
239,3,train,6,0.007889050721305685,0.08882032831117934,0.03323683927753915,0.18230973445633436
239,-1,train,54,0.03323683927753915,0.18230973445633436,0.03323683927753915,0.18230973445633436
240,0,train,16,0.04289674274434588,0.20711528853357464,0.03436374313462383,0.18537460218331914
240,1,train,16,0.05008831893278912,0.22380419775506696,0.03436374313462383,0.18537460218331914
240,2,train,16,0.029079018915319988,0.1705257133552591,0.03436374313462383,0.18537460218331914
240,3,train,6,0.015390891946040338,0.12406003363710788,0.03436374313462383,0.18537460218331914
240,-1,train,54,0.03436374313462383,0.18537460218331914,0.03436374313462383,0.18537460218331914
241,0,train,16,0.03210302497403601,0.1791731703521373,0.03862197352802875,0.1965247402441452
241,1,train,16,0.03362039433295778,0.18335864946317035,0.03862197352802875,0.1965247402441452
241,2,train,16,0.04580267413833951,0.2140155932130636,0.03862197352802875,0.1965247402441452
241,3,train,6,0.0429618006667817,0.20727228629699077,0.03862197352802875,0.1965247402441452
241,-1,train,54,0.03862197352802875,0.1965247402441452,0.03862197352802875,0.1965247402441452
242,0,train,16,0.029870318670723685,0.17283031756819658,0.0337281524082596,0.18365225946951919
242,1,train,16,0.028821414886163126,0.169768709973785,0.0337281524082596,0.18365225946951919
242,2,train,16,0.06431798720823029,0.2536099114944648,0.0337281524082596,0.18365225946951919
242,3,train,6,0.011902888867921282,0.10910036144725316,0.0337281524082596,0.18365225946951919
242,-1,train,54,0.0337281524082596,0.18365225946951919,0.0337281524082596,0.18365225946951919
243,0,train,16,0.04948180462379094,0.22244505978733478,0.04153739750092979,0.20380725576124561
243,1,train,16,0.014612539600757082,0.12088233783624919,0.04153739750092979,0.20380725576124561
243,2,train,16,0.03991374185695059,0.19978423825955488,0.04153739750092979,0.20380725576124561
243,3,train,6,0.06214150392222053,0.24928197672960742,0.04153739750092979,0.20380725576124561
243,-1,train,54,0.04153739750092979,0.20380725576124561,0.04153739750092979,0.20380725576124561
244,0,train,16,0.019752115565641926,0.14054221986877086,0.042840191553146445,0.20697872246476556
244,1,train,16,0.05696660295174041,0.23867677505727367,0.042840191553146445,0.20697872246476556
244,2,train,16,0.023866125643959145,0.15448665199284742,0.042840191553146445,0.20697872246476556
244,3,train,6,0.07077592205124432,0.26603744482919,0.042840191553146445,0.20697872246476556
244,-1,train,54,0.042840191553146445,0.20697872246476556,0.042840191553146445,0.20697872246476556
245,0,train,16,0.0697010600620994,0.26400958327700796,0.03335019736118823,0.18262036403749782
245,1,train,16,0.023272234048213363,0.1525523977137474,0.03335019736118823,0.18262036403749782
245,2,train,16,0.030228604404458993,0.17386375241682492,0.03335019736118823,0.18262036403749782
245,3,train,6,0.010198890929981162,0.10098955851958737,0.03335019736118823,0.18262036403749782
245,-1,train,54,0.03335019736118823,0.18262036403749782,0.03335019736118823,0.18262036403749782
246,0,train,16,0.029857380214720942,0.17279288241915794,0.03953127444291453,0.19882473297584113
246,1,train,16,0.021249809666191603,0.14577314453009377,0.03953127444291453,0.19882473297584113
246,2,train,16,0.0568761315987949,0.23848717281815157,0.03953127444291453,0.19882473297584113
246,3,train,6,0.05014177629195067,0.2239235947638182,0.03953127444291453,0.19882473297584113
246,-1,train,54,0.03953127444291453,0.19882473297584113,0.03953127444291453,0.19882473297584113
247,0,train,16,0.03371078256889034,0.18360496335581547,0.0410307993811974,0.20256060668648632
247,1,train,16,0.038578702735385155,0.19641461945431954,0.0410307993811974,0.20256060668648632
247,2,train,16,0.03182570192838746,0.1783975950745622,0.0410307993811974,0.20256060668648632
247,3,train,6,0.06000801029212664,0.2449653246729558,0.0410307993811974,0.20256060668648632
247,-1,train,54,0.0410307993811974,0.20256060668648632,0.0410307993811974,0.20256060668648632
248,0,train,16,0.02472961709252184,0.15725653274990467,0.03529383955569981,0.18786654719693927
248,1,train,16,0.05886537906368803,0.24262188496441955,0.03529383955569981,0.18786654719693927
248,2,train,16,0.03405450504775574,0.18453862752214167,0.03529383955569981,0.18786654719693927
248,3,train,6,0.02352585701883365,0.1533814102778875,0.03529383955569981,0.18786654719693927
248,-1,train,54,0.03529383955569981,0.18786654719693927,0.03529383955569981,0.18786654719693927
249,0,train,16,0.03433966334954241,0.1853096418148349,0.03480965859584632,0.18657346701995522
249,1,train,16,0.054652561057571825,0.2337788721368375,0.03480965859584632,0.18657346701995522
249,2,train,16,0.029630787939584652,0.17213595771826598,0.03480965859584632,0.18657346701995522
249,3,train,6,0.020615622036686387,0.14358141257379517,0.03480965859584632,0.18657346701995522
249,-1,train,54,0.03480965859584632,0.18657346701995522,0.03480965859584632,0.18657346701995522
250,0,train,16,0.03188468602687964,0.17856283495419656,0.03941378824960863,0.19852906147365082
250,1,train,16,0.0319197799109754,0.17866107553402727,0.03941378824960863,0.19852906147365082
250,2,train,16,0.04345811805812254,0.20846610769648513,0.03941378824960863,0.19852906147365082
250,3,train,6,0.05039256900245695,0.22448289244941796,0.03941378824960863,0.19852906147365082
250,-1,train,54,0.03941378824960863,0.19852906147365082,0.03941378824960863,0.19852906147365082
251,0,train,16,0.041779459822712264,0.20440024418457103,0.033796889170977645,0.18383930257422554
251,1,train,16,0.018992111493807654,0.13781186993074165,0.033796889170977645,0.18383930257422554
251,2,train,16,0.059719254794898716,0.24437523359558905,0.033796889170977645,0.18383930257422554
251,3,train,6,0.014696730572491937,0.12123007288825631,0.033796889170977645,0.18383930257422554
251,-1,train,54,0.033796889170977645,0.18383930257422554,0.033796889170977645,0.18383930257422554
252,0,train,16,0.04083479097119915,0.20207620090252873,0.03255197269501605,0.18042165251159864
252,1,train,16,0.026318060117288267,0.16222841957341588,0.03255197269501605,0.18042165251159864
252,2,train,16,0.05607992655469766,0.23681200677900108,0.03255197269501605,0.18042165251159864
252,3,train,6,0.006975113136879136,0.08351714277248197,0.03255197269501605,0.18042165251159864
252,-1,train,54,0.03255197269501605,0.18042165251159864,0.03255197269501605,0.18042165251159864
253,0,train,16,0.030045688370467193,0.17333692154433572,0.03865629908106908,0.196612052227398
253,1,train,16,0.04477034044065801,0.21159002916172115,0.03865629908106908,0.196612052227398
253,2,train,16,0.03352820308781773,0.18310708093303693,0.03865629908106908,0.196612052227398
253,3,train,6,0.04628096442533339,0.21513011045721467,0.03865629908106908,0.196612052227398
253,-1,train,54,0.03865629908106908,0.196612052227398,0.03865629908106908,0.196612052227398
254,0,train,16,0.0310258028392695,0.17614142851489964,0.0399436681350869,0.19985912072028864
254,1,train,16,0.04476166074889237,0.21156951753239966,0.0399436681350869,0.19985912072028864
254,2,train,16,0.02917669340741259,0.17081186553460678,0.0399436681350869,0.19985912072028864
254,3,train,6,0.05481051554477313,0.23411645722753693,0.0399436681350869,0.19985912072028864
254,-1,train,54,0.0399436681350869,0.19985912072028864,0.0399436681350869,0.19985912072028864
255,0,train,16,0.03348789464939614,0.18299697989146196,0.03310255969751466,0.18194108853558796
255,1,train,16,0.043759777069416625,0.2091883769940783,0.03310255969751466,0.18194108853558796
255,2,train,16,0.04401329388906359,0.20979345530560192,0.03310255969751466,0.18194108853558796
255,3,train,6,0.011149273182182297,0.10559011877151335,0.03310255969751466,0.18194108853558796
255,-1,train,54,0.03310255969751466,0.18194108853558796,0.03310255969751466,0.18194108853558796
256,0,train,16,0.044389411877061934,0.21068794905514157,0.04042320941025851,0.20105523969859257
256,1,train,16,0.02857945047472347,0.1690545783903041,0.04042320941025851,0.20105523969859257
256,2,train,16,0.030329708470843392,0.17415426630101083,0.04042320941025851,0.20105523969859257
256,3,train,6,0.05839426681840524,0.24164905714362975,0.04042320941025851,0.20105523969859257
256,-1,train,54,0.04042320941025851,0.20105523969859257,0.04042320941025851,0.20105523969859257
257,0,train,16,0.02577477241390494,0.16054523479040086,0.0409440451728646,0.20234634954173156
257,1,train,16,0.03277819672042022,0.18104749852019558,0.0409440451728646,0.20234634954173156
257,2,train,16,0.0431837012173521,0.2078068844320421,0.0409440451728646,0.20234634954173156
257,3,train,6,0.06203951033978115,0.24907731799539906,0.0409440451728646,0.20234634954173156
257,-1,train,54,0.0409440451728646,0.20234634954173156,0.0409440451728646,0.20234634954173156
258,0,train,16,0.01929789989784561,0.13891688125582727,0.04649462478067181,0.21562612267689601
258,1,train,16,0.019279251575797938,0.13884974460112606,0.04649462478067181,0.21562612267689601
258,2,train,16,0.04958054388553758,0.2226668899624225,0.04649462478067181,0.21562612267689601
258,3,train,6,0.09782080376350612,0.3127631752037092,0.04649462478067181,0.21562612267689601
258,-1,train,54,0.04649462478067181,0.21562612267689601,0.04649462478067181,0.21562612267689601
259,0,train,16,0.02063305134402653,0.1436420946102727,0.04191196378842931,0.2047241162844019
259,1,train,16,0.05790852553735999,0.2406419031203003,0.04191196378842931,0.2047241162844019
259,2,train,16,0.020330422205939624,0.14258478953219247,0.04191196378842931,0.2047241162844019
259,3,train,6,0.0687758560663911,0.2622515129916148,0.04191196378842931,0.2047241162844019
259,-1,train,54,0.04191196378842931,0.2047241162844019,0.04191196378842931,0.2047241162844019
260,0,train,16,0.02359144321656801,0.15359506247457308,0.0401136999720317,0.20028404822159876
260,1,train,16,0.053670917183212916,0.2316698452177428,0.0401136999720317,0.20028404822159876
260,2,train,16,0.025664049961999957,0.16020003109238137,0.0401136999720317,0.20028404822159876
260,3,train,6,0.05752838952634592,0.23985076511519807,0.0401136999720317,0.20028404822159876
260,-1,train,54,0.0401136999720317,0.20028404822159876,0.0401136999720317,0.20028404822159876
261,0,train,16,0.05428611915810929,0.23299381785384196,0.03526702404819561,0.1877951651353027
261,1,train,16,0.03023088359351233,0.17387030681951512,0.03526702404819561,0.1877951651353027
261,2,train,16,0.02983457748460654,0.17272688697654034,0.03526702404819561,0.1877951651353027
261,3,train,6,0.026716515956554273,0.16345187657703497,0.03526702404819561,0.1877951651353027
261,-1,train,54,0.03526702404819561,0.1877951651353027,0.03526702404819561,0.1877951651353027
262,0,train,16,0.040196504386869614,0.20049065910128983,0.03655219529241619,0.1911862842685536
262,1,train,16,0.02236667553882022,0.14955492482302354,0.03655219529241619,0.1911862842685536
262,2,train,16,0.04838420952965801,0.21996410963986376,0.03655219529241619,0.1911862842685536
262,3,train,6,0.03526139171431692,0.18778016858634705,0.03655219529241619,0.1911862842685536
262,-1,train,54,0.03655219529241619,0.1911862842685536,0.03655219529241619,0.1911862842685536
263,0,train,16,0.044151202580081636,0.21012187553913,0.0330335464388418,0.1817513313261881
263,1,train,16,0.03426656089509948,0.1851122926633979,0.0330335464388418,0.1817513313261881
263,2,train,16,0.0407285671241022,0.20181319858746158,0.0330335464388418,0.1817513313261881
263,3,train,6,0.0129878551560839,0.11396427140154014,0.0330335464388418,0.1817513313261881
263,-1,train,54,0.0330335464388418,0.1817513313261881,0.0330335464388418,0.1817513313261881
264,0,train,16,0.04212217535372817,0.20523687620339617,0.03800213352845354,0.19494135920438624
264,1,train,16,0.019143593831192313,0.1383603766661262,0.03800213352845354,0.19494135920438624
264,2,train,16,0.0456449138033124,0.2136467032353001,0.03800213352845354,0.19494135920438624
264,3,train,6,0.045097851125581276,0.21236254642846342,0.03800213352845354,0.19494135920438624
264,-1,train,54,0.03800213352845354,0.19494135920438624,0.03800213352845354,0.19494135920438624
265,0,train,16,0.023946517568453438,0.15474662377077386,0.042443576430172276,0.2060183885728948
265,1,train,16,0.05818745110073884,0.24122075180369296,0.042443576430172276,0.2060183885728948
265,2,train,16,0.013924831009752555,0.1180035211752283,0.042443576430172276,0.2060183885728948
265,3,train,6,0.07371550604174426,0.2715059963274186,0.042443576430172276,0.2060183885728948
265,-1,train,54,0.042443576430172276,0.2060183885728948,0.042443576430172276,0.2060183885728948
266,0,train,16,0.015230474897551322,0.12341181020287857,0.03365597804501412,0.1834556568901982
266,1,train,16,0.07035238984395162,0.2652402492909996,0.03365597804501412,0.1834556568901982
266,2,train,16,0.031243855527920594,0.1767593152507686,0.03365597804501412,0.1834556568901982
266,3,train,6,0.017797191910632934,0.13340611646634848,0.03365597804501412,0.1834556568901982
266,-1,train,54,0.03365597804501412,0.1834556568901982,0.03365597804501412,0.1834556568901982
267,0,train,16,0.014204170751657275,0.11918125167851391,0.03785493590799127,0.19456344956849236
267,1,train,16,0.059140843321856984,0.2431889046026915,0.03785493590799127,0.19456344956849236
267,2,train,16,0.033111553975480684,0.18196580441247934,0.03785493590799127,0.19456344956849236
267,3,train,6,0.04496317558297014,0.21204522060864786,0.03785493590799127,0.19456344956849236
267,-1,train,54,0.03785493590799127,0.19456344956849236,0.03785493590799127,0.19456344956849236
268,0,train,16,0.03623889808166998,0.19036517034812325,0.04057391795763782,0.20142968489683397
268,1,train,16,0.04181160175274152,0.20447885404789787,0.04057391795763782,0.20142968489683397
268,2,train,16,0.021482072141501763,0.146567636746663,0.04057391795763782,0.20142968489683397
268,3,train,6,0.06276309985463799,0.2505256470995295,0.04057391795763782,0.20142968489683397
268,-1,train,54,0.04057391795763782,0.20142968489683397,0.04057391795763782,0.20142968489683397
269,0,train,16,0.02304265968422145,0.15179808853941953,0.03590328053114843,0.1894816100078011
269,1,train,16,0.06281520411514724,0.25062961539919265,0.03590328053114843,0.1894816100078011
269,2,train,16,0.02483349140366875,0.1575864569170484,0.03590328053114843,0.1894816100078011
269,3,train,6,0.03292176692155627,0.1814435640124947,0.03590328053114843,0.1894816100078011
269,-1,train,54,0.03590328053114843,0.1894816100078011,0.03590328053114843,0.1894816100078011
270,0,train,16,0.055472363995696126,0.23552571833176972,0.03880108566641575,0.19697991183472427
270,1,train,16,0.027906867595823375,0.16705348723035798,0.03880108566641575,0.19697991183472427
270,2,train,16,0.019998770071311546,0.14141700771587393,0.03880108566641575,0.19697991183472427
270,3,train,6,0.05182634100283196,0.227653994041027,0.03880108566641575,0.19697991183472427
270,-1,train,54,0.03880108566641575,0.19697991183472427,0.03880108566641575,0.19697991183472427
271,0,train,16,0.023835201634535404,0.15438653320330567,0.0325428840004844,0.1803964633813102
271,1,train,16,0.043653455743164496,0.2089340942574105,0.0325428840004844,0.1803964633813102
271,2,train,16,0.05058403249213905,0.22490894266822528,0.0325428840004844,0.1803964633813102
271,3,train,6,0.012098846132098629,0.10999475502085829,0.0325428840004844,0.1803964633813102
271,-1,train,54,0.0325428840004844,0.1803964633813102,0.0325428840004844,0.1803964633813102
272,0,train,16,0.030215063421026773,0.17382480669060665,0.04092859464690345,0.20230816752396194
272,1,train,16,0.0336235265924687,0.18336719061072157,0.04092859464690345,0.20230816752396194
272,2,train,16,0.033810765131062015,0.18387703807452963,0.04092859464690345,0.20230816752396194
272,3,train,6,0.06606502344305633,0.2570311721232589,0.04092859464690345,0.20230816752396194
272,-1,train,54,0.04092859464690345,0.20230816752396194,0.04092859464690345,0.20230816752396194
273,0,train,16,0.0526810514559181,0.22952353137732545,0.03446857279491987,0.18565713774299084
273,1,train,16,0.029276540684567903,0.1711038885723171,0.03446857279491987,0.18565713774299084
273,2,train,16,0.030931736352034694,0.17587420604521486,0.03446857279491987,0.18565713774299084
273,3,train,6,0.02498496268715876,0.158066323697234,0.03446857279491987,0.18565713774299084
273,-1,train,54,0.03446857279491987,0.18565713774299084,0.03446857279491987,0.18565713774299084
274,0,train,16,0.03744667324537092,0.1935114292370632,0.04195875267735919,0.20483835743668516
274,1,train,16,0.03488056275712571,0.18676338708945528,0.04195875267735919,0.20483835743668516
274,2,train,16,0.02227540938031907,0.14924948703536328,0.04195875267735919,0.20483835743668516
274,3,train,6,0.07323236532662106,0.2706147914039827,0.04195875267735919,0.20483835743668516
274,-1,train,54,0.04195875267735919,0.20483835743668516,0.04195875267735919,0.20483835743668516
275,0,train,16,0.04304052371906485,0.2074621018862598,0.04156343360179145,0.20387112007783606
275,1,train,16,0.03501469948187171,0.1871221512324816,0.04156343360179145,0.20387112007783606
275,2,train,16,0.01721667773941456,0.13121233836577473,0.04156343360179145,0.20387112007783606
275,3,train,6,0.07098183346681466,0.2664241608165721,0.04156343360179145,0.20387112007783606
275,-1,train,54,0.04156343360179145,0.20387112007783606,0.04156343360179145,0.20387112007783606
276,0,train,16,0.02404830577306654,0.15507516168963534,0.03454346751810606,0.1858587300024028
276,1,train,16,0.04165010089582186,0.20408356351216003,0.03454346751810606,0.1858587300024028
276,2,train,16,0.04610079035713824,0.21471094605803925,0.03454346751810606,0.1858587300024028
276,3,train,6,0.026374673046397585,0.1624028110791115,0.03454346751810606,0.1858587300024028
276,-1,train,54,0.03454346751810606,0.1858587300024028,0.03454346751810606,0.1858587300024028
277,0,train,16,0.029701826145156894,0.17234217749917427,0.04386823489177332,0.209447451385242
277,1,train,16,0.029251301957636817,0.17103012003046955,0.04386823489177332,0.209447451385242
277,2,train,16,0.030185534826742088,0.17373984812570226,0.04386823489177332,0.209447451385242
277,3,train,6,0.08633427663755748,0.2938269501552869,0.04386823489177332,0.209447451385242
277,-1,train,54,0.04386823489177332,0.209447451385242,0.04386823489177332,0.209447451385242
278,0,train,16,0.029960433819343747,0.17309082534711004,0.04191706099879931,0.20473656487984582
278,1,train,16,0.03343470968198735,0.18285160563141728,0.04191706099879931,0.20473656487984582
278,2,train,16,0.03024442498830323,0.17390924353898854,0.04191706099879931,0.20473656487984582
278,3,train,6,0.07402867550556293,0.2720821116971179,0.04191706099879931,0.20473656487984582
278,-1,train,54,0.04191706099879931,0.20473656487984582,0.04191706099879931,0.20473656487984582
279,0,train,16,0.057343554678743705,0.2394651429305395,0.032487922277287314,0.18024406308471663
279,1,train,16,0.03869567917926248,0.19671217343942513,0.032487922277287314,0.18024406308471663
279,2,train,16,0.019964547560817496,0.14129595734067374,0.032487922277287314,0.18024406308471663
279,3,train,6,0.013947907690325589,0.11810126032488218,0.032487922277287314,0.18024406308471663
279,-1,train,54,0.032487922277287314,0.18024406308471663,0.032487922277287314,0.18024406308471663
280,0,train,16,0.03668737710628678,0.1915394922888927,0.0324933353807914,0.18025907849756526
280,1,train,16,0.04674365109031108,0.2162028008382664,0.0324933353807914,0.18025907849756526
280,2,train,16,0.03226591090424237,0.17962714411870598,0.0324933353807914,0.18025907849756526
280,3,train,6,0.014276402422325347,0.11948390026411654,0.0324933353807914,0.18025907849756526
280,-1,train,54,0.0324933353807914,0.18025907849756526,0.0324933353807914,0.18025907849756526
281,0,train,16,0.03769687483134493,0.1941568305039638,0.0359801233747955,0.18968427287151537
281,1,train,16,0.034373927389229154,0.18540206953868976,0.0359801233747955,0.18968427287151537
281,2,train,16,0.0349968024387467,0.18707432330158702,0.0359801233747955,0.18968427287151537
281,3,train,6,0.03685288883986124,0.1919710625064654,0.0359801233747955,0.18968427287151537
281,-1,train,54,0.0359801233747955,0.18968427287151537,0.0359801233747955,0.18968427287151537
282,0,train,16,0.030784463383275302,0.17545501811938952,0.03704645030875326,0.19247454457344032
282,1,train,16,0.03230247228235037,0.17972888549799215,0.03704645030875326,0.19247454457344032
282,2,train,16,0.04111487120287555,0.20276802312710834,0.03704645030875326,0.19247454457344032
282,3,train,6,0.043983994366511826,0.2097236142319501,0.03704645030875326,0.19247454457344032
282,-1,train,54,0.03704645030875326,0.19247454457344032,0.03704645030875326,0.19247454457344032
283,0,train,16,0.05132798975430917,0.22655681352435456,0.031224978135871755,0.1767059086048674
283,1,train,16,0.04839849775150911,0.21999658577239128,0.031224978135871755,0.1767059086048674
283,2,train,16,0.018319088839612432,0.13534802857674888,0.031224978135871755,0.1767059086048674
283,3,train,6,0.006854336198056311,0.08279091857236705,0.031224978135871755,0.1767059086048674
283,-1,train,54,0.031224978135871755,0.1767059086048674,0.031224978135871755,0.1767059086048674
284,0,train,16,0.04196797957204843,0.20486087857872823,0.04101802582252892,0.20252907401785286
284,1,train,16,0.0190508142734059,0.1380246871882197,0.04101802582252892,0.20252907401785286
284,2,train,16,0.03314929629741415,0.1820694820594988,0.04101802582252892,0.20252907401785286
284,3,train,6,0.06990401314724722,0.2643936707775873,0.04101802582252892,0.20252907401785286
284,-1,train,54,0.04101802582252892,0.20252907401785286,0.04101802582252892,0.20252907401785286
285,0,train,16,0.02860223981710878,0.16912196728133452,0.031898912411726564,0.17860266630631963
285,1,train,16,0.05977503613038311,0.2444893374574505,0.031898912411726564,0.17860266630631963
285,2,train,16,0.027403578199265265,0.1655402615657752,0.031898912411726564,0.17860266630631963
285,3,train,6,0.011814795500149081,0.10869588538739211,0.031898912411726564,0.17860266630631963
285,-1,train,54,0.031898912411726564,0.17860266630631963,0.031898912411726564,0.17860266630631963
286,0,train,16,0.019579585665702316,0.13992707266895252,0.03922809955962782,0.1980608481240748
286,1,train,16,0.032990353714311624,0.18163246877778108,0.03922809955962782,0.1980608481240748
286,2,train,16,0.04535689317957834,0.21297157833752922,0.03922809955962782,0.1980608481240748
286,3,train,6,0.05898556567891898,0.24286944163257546,0.03922809955962782,0.1980608481240748
286,-1,train,54,0.03922809955962782,0.1980608481240748,0.03922809955962782,0.1980608481240748
287,0,train,16,0.04257035435280017,0.20632584509169027,0.0367573655431257,0.19172210499346626
287,1,train,16,0.03449129378172087,0.18571831837953107,0.0367573655431257,0.19172210499346626
287,2,train,16,0.02652309214618904,0.1628591174794615,0.0367573655431257,0.19172210499346626
287,3,train,6,0.04344472189179269,0.2084339748980302,0.0367573655431257,0.19172210499346626
287,-1,train,54,0.0367573655431257,0.19172210499346626,0.0367573655431257,0.19172210499346626
288,0,train,16,0.047410461367694785,0.21773943457190933,0.03656526338828172,0.19122045755693012
288,1,train,16,0.037974251183095185,0.1948698313826314,0.03656526338828172,0.19122045755693012
288,2,train,16,0.018457841448113986,0.13585963877514906,0.03656526338828172,0.19122045755693012
288,3,train,6,0.04241849955422291,0.20595751880963925,0.03656526338828172,0.19122045755693012
288,-1,train,54,0.03656526338828172,0.19122045755693012,0.03656526338828172,0.19122045755693012
289,0,train,16,0.023392065464145333,0.15294464836713095,0.03046895951199914,0.1745536006847156
289,1,train,16,0.044255522130104585,0.21036996489543033,0.03046895951199914,0.1745536006847156
289,2,train,16,0.05055634319559332,0.2248473775599647,0.03046895951199914,0.1745536006847156
289,3,train,6,0.003671907258153322,0.060596264391077126,0.03046895951199914,0.1745536006847156
289,-1,train,54,0.03046895951199914,0.1745536006847156,0.03046895951199914,0.1745536006847156
290,0,train,16,0.052184199558625764,0.22843861223231454,0.03133660735281392,0.17702148839283302
290,1,train,16,0.03211248479749971,0.1791995669567862,0.03133660735281392,0.17702148839283302
290,2,train,16,0.031419051356759986,0.1772541998282692,0.03133660735281392,0.17702148839283302
290,3,train,6,0.009630693698370218,0.09813609783545614,0.03133660735281392,0.17702148839283302
290,-1,train,54,0.03133660735281392,0.17702148839283302,0.03133660735281392,0.17702148839283302
291,0,train,16,0.04463218710537881,0.21126331225600625,0.03138533985902297,0.177159080656406
291,1,train,16,0.024977054055635856,0.1580413049036101,0.03138533985902297,0.177159080656406
291,2,train,16,0.045647491668017175,0.21365273615850833,0.03138533985902297,0.177159080656406
291,3,train,6,0.010284626607060044,0.10141314809757186,0.03138533985902297,0.177159080656406
291,-1,train,54,0.03138533985902297,0.177159080656406,0.03138533985902297,0.177159080656406
292,0,train,16,0.0558601553947853,0.2363475309682445,0.03607778335088338,0.18994152613602794
292,1,train,16,0.02921520222743802,0.1709245512717176,0.03607778335088338,0.18994152613602794
292,2,train,16,0.018662969559117108,0.1366124795145638,0.03607778335088338,0.18994152613602794
292,3,train,6,0.040572806222193086,0.20142692526619446,0.03607778335088338,0.18994152613602794
292,-1,train,54,0.03607778335088338,0.18994152613602794,0.03607778335088338,0.18994152613602794
293,0,train,16,0.03810330768559522,0.19520068566886548,0.03165511886418942,0.1779188547180692
293,1,train,16,0.05317643273184976,0.23060015770126818,0.03165511886418942,0.1779188547180692
293,2,train,16,0.022854766681957944,0.15117793053867995,0.03165511886418942,0.1779188547180692
293,3,train,6,0.012485968357354752,0.11174062984140885,0.03165511886418942,0.1779188547180692
293,-1,train,54,0.03165511886418942,0.1779188547180692,0.03165511886418942,0.1779188547180692
294,0,train,16,0.040758749144954094,0.20188796186240054,0.04660124916513056,0.21587322475270193
294,1,train,16,0.02355117973231051,0.15346393625966495,0.04660124916513056,0.21587322475270193
294,2,train,16,0.013664016976711945,0.11689318618598753,0.04660124916513056,0.21587322475270193
294,3,train,6,0.10843105080654568,0.3292887043409562,0.04660124916513056,0.21587322475270193
294,-1,train,54,0.04660124916513056,0.21587322475270193,0.04660124916513056,0.21587322475270193
295,0,train,16,0.03339630543332604,0.18274656066073047,0.03159896228821242,0.1777609695299067
295,1,train,16,0.027398916359343422,0.16552618028379507,0.03159896228821242,0.1777609695299067
295,2,train,16,0.052942009511455876,0.23009130690109933,0.03159896228821242,0.1777609695299067
295,3,train,6,0.012658617848724348,0.11251052327993301,0.03159896228821242,0.1777609695299067
295,-1,train,54,0.03159896228821242,0.1777609695299067,0.03159896228821242,0.1777609695299067
296,0,train,16,0.01944968239151278,0.13946211812357068,0.031607219333741055,0.17778419314928157
296,1,train,16,0.032492385239458854,0.1802564429901435,0.031607219333741055,0.17778419314928157
296,2,train,16,0.06146416981710172,0.24791968420660293,0.031607219333741055,0.17778419314928157
296,3,train,6,0.01302263988689088,0.11411678179343684,0.031607219333741055,0.17778419314928157
296,-1,train,54,0.031607219333741055,0.17778419314928157,0.031607219333741055,0.17778419314928157
297,0,train,16,0.029806859009840085,0.1726466304618775,0.03534927019370582,0.1880140159501568
297,1,train,16,0.05342455299760616,0.23113751966655297,0.03534927019370582,0.1880140159501568
297,2,train,16,0.021031155850360788,0.14502122551668356,0.03534927019370582,0.1880140159501568
297,3,train,6,0.03713451291701623,0.19270317308497084,0.03534927019370582,0.1880140159501568
297,-1,train,54,0.03534927019370582,0.1880140159501568,0.03534927019370582,0.1880140159501568
298,0,train,16,0.03365304144871288,0.18344765315673264,0.03166133310751623,0.17793631756197562
298,1,train,16,0.05036734165772838,0.22442669551042357,0.03166133310751623,0.17793631756197562
298,2,train,16,0.028819444201823707,0.16976290584760767,0.03166133310751623,0.17793631756197562
298,3,train,6,0.013805505121799943,0.11749683026277748,0.03166133310751623,0.17793631756197562
298,-1,train,54,0.03166133310751623,0.17793631756197562,0.03166133310751623,0.17793631756197562
299,0,train,16,0.04226104864896993,0.20557492222780951,0.03607522774922273,0.1899347986789749
299,1,train,16,0.023718867512313484,0.15400930982350866,0.03607522774922273,0.1899347986789749
299,2,train,16,0.03597420606471657,0.1896686744423458,0.03607522774922273,0.1899347986789749
299,3,train,6,0.04234678877089093,0.2057833539693892,0.03607522774922273,0.1899347986789749
299,-1,train,54,0.03607522774922273,0.1899347986789749,0.03607522774922273,0.1899347986789749
300,0,train,16,0.03659186878887739,0.19129001225593925,0.03170159184906679,0.17804940844907852
300,1,train,16,0.04367006443317382,0.20897383671927405,0.03170159184906679,0.17804940844907852
300,2,train,16,0.03193665679046871,0.17870830084377365,0.03170159184906679,0.17804940844907852
300,3,train,6,0.014607777383747253,0.12086263849406587,0.03170159184906679,0.17804940844907852
300,-1,train,54,0.03170159184906679,0.17804940844907852,0.03170159184906679,0.17804940844907852
301,0,train,16,0.02168788947848265,0.1472680871013223,0.04266901682424058,0.2065648005451088
301,1,train,16,0.02919206652824636,0.170856859763506,0.04266901682424058,0.2065648005451088
301,2,train,16,0.03480692647353641,0.18656614503584623,0.04266901682424058,0.2065648005451088
301,3,train,6,0.08498918481669689,0.29152904626588566,0.04266901682424058,0.2065648005451088
301,-1,train,54,0.04266901682424058,0.2065648005451088,0.04266901682424058,0.2065648005451088
302,0,train,16,0.03304452741375516,0.18178153760422194,0.030530025443742143,0.1747284334152348
302,1,train,16,0.04809336541497875,0.21930199592110133,0.030530025443742143,0.1747284334152348
302,2,train,16,0.03345886544888922,0.18291764663063326,0.030530025443742143,0.1747284334152348
302,3,train,6,0.0075233434973454505,0.08673720941640589,0.030530025443742143,0.1747284334152348
302,-1,train,54,0.030530025443742143,0.1747284334152348,0.030530025443742143,0.1747284334152348
303,0,train,16,0.03632897340205003,0.19060160912765148,0.037551004550263285,0.19378081574362124
303,1,train,16,0.0435094083909592,0.2085890898176585,0.037551004550263285,0.19378081574362124
303,2,train,16,0.01762312585647232,0.13275212185299456,0.037551004550263285,0.19378081574362124
303,3,train,6,0.05274251055157159,0.22965737643622858,0.037551004550263285,0.19378081574362124
303,-1,train,54,0.037551004550263285,0.19378081574362124,0.037551004550263285,0.19378081574362124
304,0,train,16,0.048766538366751724,0.22083147050805899,0.03043782532727465,0.1744643955862475
304,1,train,16,0.03827123568891294,0.19563035472265786,0.03043782532727465,0.1744643955862475
304,2,train,16,0.027236336209402266,0.16503434857447788,0.03043782532727465,0.1744643955862475
304,3,train,6,0.007477191044031681,0.08647075253536124,0.03043782532727465,0.1744643955862475
304,-1,train,54,0.03043782532727465,0.1744643955862475,0.03043782532727465,0.1744643955862475
305,0,train,16,0.03626944141922782,0.19044537647112314,0.030479981942952015,0.17458517102821766
305,1,train,16,0.04138562433085702,0.20343457014690747,0.030479981942952015,0.17458517102821766
305,2,train,16,0.03616669859265758,0.1901754416128896,0.030479981942952015,0.17458517102821766
305,3,train,6,0.008098163429065648,0.08998979624971738,0.030479981942952015,0.17458517102821766
305,-1,train,54,0.030479981942952015,0.17458517102821766,0.030479981942952015,0.17458517102821766
306,0,train,16,0.0432775847758171,0.20803265314805053,0.031123766056969704,0.1764192904899283
306,1,train,16,0.05620268308783767,0.23707105071652607,0.031123766056969704,0.1764192904899283
306,2,train,16,0.012643852784450077,0.11244488776485162,0.031123766056969704,0.1764192904899283
306,3,train,6,0.012370943579773978,0.11122474355903895,0.031123766056969704,0.1764192904899283
306,-1,train,54,0.031123766056969704,0.1764192904899283,0.031123766056969704,0.1764192904899283
307,0,train,16,0.04955543936449909,0.22261051045379482,0.033636358472645525,0.18340217684816482
307,1,train,16,0.027007950690575634,0.16434095865174828,0.033636358472645525,0.18340217684816482
307,2,train,16,0.029093662724202878,0.17056864519659784,0.033636358472645525,0.18340217684816482
307,3,train,6,0.028888381111304484,0.1699658233625351,0.033636358472645525,0.18340217684816482
307,-1,train,54,0.033636358472645525,0.18340217684816482,0.033636358472645525,0.18340217684816482
308,0,train,16,0.02765491402514043,0.16629766692632952,0.03464728361454658,0.18613780812759825
308,1,train,16,0.03596148200010377,0.18963512860254497,0.03464728361454658,0.18613780812759825
308,2,train,16,0.039369963502896545,0.19841865714417217,0.03464728361454658,0.18613780812759825
308,3,train,6,0.035602774930045586,0.18868697604775372,0.03464728361454658,0.18613780812759825
308,-1,train,54,0.03464728361454658,0.18613780812759825,0.03464728361454658,0.18613780812759825
309,0,train,16,0.0307214207923987,0.17527527148003139,0.03839657610246905,0.19595044297594494
309,1,train,16,0.03204632207266801,0.17901486550749915,0.03839657610246905,0.19595044297594494
309,2,train,16,0.03094223535496688,0.1759040515592716,0.03839657610246905,0.19595044297594494
309,3,train,6,0.05987632618984261,0.24469639594780018,0.03839657610246905,0.19595044297594494
309,-1,train,54,0.03839657610246905,0.19595044297594494,0.03839657610246905,0.19595044297594494
310,0,train,16,0.053206556407237614,0.23066546427074344,0.0347835881912189,0.18650358760951194
310,1,train,16,0.026296311633420732,0.1621613752822192,0.0347835881912189,0.18650358760951194
310,2,train,16,0.02271849010606473,0.15072654081502943,0.0347835881912189,0.18650358760951194
310,3,train,6,0.03691299461815251,0.1921275477857158,0.0347835881912189,0.18650358760951194
310,-1,train,54,0.0347835881912189,0.18650358760951194,0.0347835881912189,0.18650358760951194
311,0,train,16,0.030667721065509145,0.17512201764914984,0.030943925543655406,0.1759088557851918
311,1,train,16,0.05844347300505683,0.24175084902654806,0.030943925543655406,0.1759088557851918
311,2,train,16,0.021927308674150436,0.14807872458307586,0.030943925543655406,0.1759088557851918
311,3,train,6,0.012737199429905208,0.11285920179544603,0.030943925543655406,0.1759088557851918
311,-1,train,54,0.030943925543655406,0.1759088557851918,0.030943925543655406,0.1759088557851918
312,0,train,16,0.04926459459845317,0.22195628983755603,0.035436302907314095,0.1882453263890344
312,1,train,16,0.033030110664015976,0.18174187922439886,0.035436302907314095,0.1882453263890344
312,2,train,16,0.01768630181249295,0.13298985605110245,0.035436302907314095,0.1882453263890344
312,3,train,6,0.041764204554294276,0.20436292362924904,0.035436302907314095,0.1882453263890344
312,-1,train,54,0.035436302907314095,0.1882453263890344,0.035436302907314095,0.1882453263890344
313,0,train,16,0.03716556534019361,0.19278372685523434,0.03384873298684715,0.1839802516218715
313,1,train,16,0.021021607435984753,0.14498830103144444,0.03384873298684715,0.1839802516218715
313,2,train,16,0.04531147922732423,0.21286493188715758,0.03384873298684715,0.1839802516218715
313,3,train,6,0.031896279943886024,0.17859529653349224,0.03384873298684715,0.1839802516218715
313,-1,train,54,0.03384873298684715,0.1839802516218715,0.03384873298684715,0.1839802516218715
314,0,train,16,0.01356734850909545,0.11647896165872809,0.039625507970725275,0.19906156829163502
314,1,train,16,0.01923225515055219,0.1386804065127882,0.039625507970725275,0.19906156829163502
314,2,train,16,0.056579268773487054,0.2378639711547065,0.039625507970725275,0.19906156829163502
314,3,train,6,0.06912315944976641,0.2629128362209925,0.039625507970725275,0.19906156829163502
314,-1,train,54,0.039625507970725275,0.19906156829163502,0.039625507970725275,0.19906156829163502
315,0,train,16,0.03633968479643737,0.19062970596535414,0.03000064213281621,0.17320693442474008
315,1,train,16,0.04220652675671858,0.20544227110484975,0.03000064213281621,0.17320693442474008
315,2,train,16,0.03378011374755913,0.1837936716744054,0.03000064213281621,0.17320693442474008
315,3,train,6,0.007676243230549774,0.08761417254388569,0.03000064213281621,0.17320693442474008
315,-1,train,54,0.03000064213281621,0.17320693442474008,0.03000064213281621,0.17320693442474008
316,0,train,16,0.028429302017532687,0.16860991079273094,0.033286404940986204,0.182445621873988
316,1,train,16,0.026243383808675226,0.16199809816376,0.033286404940986204,0.182445621873988
316,2,train,16,0.049412039418465926,0.22228819001122377,0.033286404940986204,0.182445621873988
316,3,train,6,0.02906089451927097,0.17047256236494765,0.033286404940986204,0.182445621873988
316,-1,train,54,0.033286404940986204,0.182445621873988,0.033286404940986204,0.182445621873988
317,0,train,16,0.0337859262042903,0.1838094834449254,0.0391341725860259,0.19782358955904603
317,1,train,16,0.030252075296738245,0.17393123726558793,0.0391341725860259,0.19782358955904603
317,2,train,16,0.02575688249364419,0.16048950898312384,0.0391341725860259,0.19782358955904603
317,3,train,6,0.06674180634943086,0.25834435614007684,0.0391341725860259,0.19782358955904603
317,-1,train,54,0.0391341725860259,0.19782358955904603,0.0391341725860259,0.19782358955904603
318,0,train,16,0.023930649602441255,0.154695344475654,0.037357910409356224,0.193281945378652
318,1,train,16,0.035650772119938806,0.18881412055230087,0.037357910409356224,0.193281945378652
318,2,train,16,0.03418254020619808,0.18488520818658824,0.037357910409356224,0.193281945378652
318,3,train,6,0.05566767970884674,0.23593999175393462,0.037357910409356224,0.193281945378652
318,-1,train,54,0.037357910409356224,0.193281945378652,0.037357910409356224,0.193281945378652
319,0,train,16,0.01964239223939342,0.14015131907832126,0.032989911589937124,0.1816312516885162
319,1,train,16,0.01924414664847382,0.13872327363666784,0.032989911589937124,0.1816312516885162
319,2,train,16,0.06512089869212676,0.2551879673733202,0.032989911589937124,0.1816312516885162
319,3,train,6,0.027952208779754507,0.16718914073514018,0.032989911589937124,0.1816312516885162
319,-1,train,54,0.032989911589937124,0.1816312516885162,0.032989911589937124,0.1816312516885162
320,0,train,16,0.031581220964056925,0.17771106033124928,0.0343710902672554,0.18539441811245397
320,1,train,16,0.04410407118129049,0.2100096930650833,0.0343710902672554,0.18539441811245397
320,2,train,16,0.02471548934336284,0.1572116068977187,0.0343710902672554,0.18539441811245397
320,3,train,6,0.037083579580311325,0.19257097283939584,0.0343710902672554,0.18539441811245397
320,-1,train,54,0.0343710902672554,0.18539441811245397,0.0343710902672554,0.18539441811245397
321,0,train,16,0.05399459817994164,0.2323673776155802,0.0357125829833342,0.18897773144826932
321,1,train,16,0.01806283691485458,0.1343980539846265,0.0357125829833342,0.18897773144826932
321,2,train,16,0.024868654668912936,0.15769798562097403,0.0357125829833342,0.18897773144826932
321,3,train,6,0.045924242169627635,0.21429942176689987,0.0357125829833342,0.18897773144826932
321,-1,train,54,0.0357125829833342,0.18897773144826932,0.0357125829833342,0.18897773144826932
322,0,train,16,0.04470270854629819,0.2114301505138238,0.02963198225746165,0.17213942679543712
322,1,train,16,0.023137430462228138,0.15210992887457458,0.02963198225746165,0.17213942679543712
322,2,train,16,0.04337342023071209,0.2082628633019149,0.02963198225746165,0.17213942679543712
322,3,train,6,0.0073143697906081755,0.08552408894930232,0.02963198225746165,0.17213942679543712
322,-1,train,54,0.02963198225746165,0.17213942679543712,0.02963198225746165,0.17213942679543712
323,0,train,16,0.01204951488925415,0.10977028235936241,0.032701374158312556,0.18083521271675093
323,1,train,16,0.028028778942143073,0.16741797675919715,0.032701374158312556,0.18083521271675093
323,2,train,16,0.06351986895097385,0.2520314840470806,0.032701374158312556,0.18083521271675093
323,3,train,6,0.027207333850879145,0.1649464575275236,0.032701374158312556,0.18083521271675093
323,-1,train,54,0.032701374158312556,0.18083521271675093,0.032701374158312556,0.18083521271675093
324,0,train,16,0.05111977337456926,0.2260968230085714,0.0333614006334239,0.18265103512825737
324,1,train,16,0.02988208179644697,0.17286434506990436,0.0333614006334239,0.18265103512825737
324,2,train,16,0.020719670825438994,0.1439432903105907,0.0333614006334239,0.18265103512825737
324,3,train,6,0.0317240765372404,0.17811253896691384,0.0333614006334239,0.18265103512825737
324,-1,train,54,0.0333614006334239,0.18265103512825737,0.0333614006334239,0.18265103512825737
325,0,train,16,0.03313461759725924,0.18202916688613185,0.03256314553525642,0.1804526129909357
325,1,train,16,0.03249213725931136,0.1802557551350618,0.03256314553525642,0.1804526129909357
325,2,train,16,0.03770600250648686,0.19418033501486925,0.03256314553525642,0.1804526129909357
325,3,train,6,0.026919824777968192,0.16407262043975585,0.03256314553525642,0.1804526129909357
325,-1,train,54,0.03256314553525642,0.1804526129909357,0.03256314553525642,0.1804526129909357
326,0,train,16,0.03205252684803016,0.17903219500422307,0.028866725908712736,0.1699021068401235
326,1,train,16,0.055710220701646565,0.23603012668226606,0.028866725908712736,0.1699021068401235
326,2,train,16,0.024194194871971997,0.15554483235380082,0.028866725908712736,0.1699021068401235
326,3,train,6,0.0035099612132022304,0.05924492563251498,0.028866725908712736,0.1699021068401235
326,-1,train,54,0.028866725908712736,0.1699021068401235,0.028866725908712736,0.1699021068401235
327,0,train,16,0.028632650592526822,0.1692118512177171,0.03395812938545813,0.18427731652446572
327,1,train,16,0.034897269491708474,0.18680810874185433,0.03395812938545813,0.18427731652446572
327,2,train,16,0.03599172804951602,0.18971485985424552,0.03395812938545813,0.18427731652446572
327,3,train,6,0.03631086940808118,0.1905541114961343,0.03395812938545813,0.18427731652446572
327,-1,train,54,0.03395812938545813,0.18427731652446572,0.03395812938545813,0.18427731652446572
328,0,train,16,0.038581233336200615,0.19642106133559256,0.031536798798267755,0.17758603210350682
328,1,train,16,0.04143956769370838,0.20356710857530097,0.031536798798267755,0.17758603210350682
328,2,train,16,0.02498543593708068,0.15806782068808528,0.031536798798267755,0.17758603210350682
328,3,train,6,0.021140958226081356,0.14539930614030233,0.031536798798267755,0.17758603210350682
328,-1,train,54,0.031536798798267755,0.17758603210350682,0.031536798798267755,0.17758603210350682
329,0,train,16,0.04192094406547965,0.20474604774080415,0.035652388349586776,0.18881840045288695
329,1,train,16,0.0353772893582624,0.1880885146899257,0.035652388349586776,0.18881840045288695
329,2,train,16,0.017548738898804546,0.13247165318967127,0.035652388349586776,0.18881840045288695
329,3,train,6,0.047762581075800496,0.21854651924887866,0.035652388349586776,0.18881840045288695
329,-1,train,54,0.035652388349586776,0.18881840045288695,0.035652388349586776,0.18881840045288695
330,0,train,16,0.014548453127259636,0.12061696865391551,0.031395637017510365,0.1771881401717123
330,1,train,16,0.03201272683832488,0.17892100725830068,0.031395637017510365,0.1771881401717123
330,2,train,16,0.05823417627918946,0.2413175838582623,0.031395637017510365,0.1771881401717123
330,3,train,6,0.02078719182526748,0.14417763982416787,0.031395637017510365,0.1771881401717123
330,-1,train,54,0.031395637017510365,0.1771881401717123,0.031395637017510365,0.1771881401717123
331,0,train,16,0.04108997767524862,0.20270662957892774,0.029566350474426833,0.1719486855850513
331,1,train,16,0.015588066224810954,0.12485217749326984,0.029566350474426833,0.1719486855850513
331,2,train,16,0.05225489042200478,0.22859328603877407,0.029566350474426833,0.1719486855850513
331,3,train,6,0.00933246757564298,0.09660469748228075,0.029566350474426833,0.1719486855850513
331,-1,train,54,0.029566350474426833,0.1719486855850513,0.029566350474426833,0.1719486855850513
332,0,train,16,0.03370996091513559,0.18360272578351225,0.03529857311890875,0.18787914498131172
332,1,train,16,0.04544341859295,0.21317461995497963,0.03529857311890875,0.18787914498131172
332,2,train,16,0.015726868205228395,0.12540681084067323,0.03529857311890875,0.18787914498131172
332,3,train,6,0.046314044762321004,0.215206981211858,0.03529857311890875,0.18787914498131172
332,-1,train,54,0.03529857311890875,0.18787914498131172,0.03529857311890875,0.18787914498131172
333,0,train,16,0.02101989441928755,0.14498239348033798,0.02878761101253535,0.16966912215407773
333,1,train,16,0.06418007409632806,0.25333786550045784,0.02878761101253535,0.16966912215407773
333,2,train,16,0.02504603411441907,0.15825938870859785,0.02878761101253535,0.16966912215407773
333,3,train,6,0.004904441420106717,0.0700317172437369,0.02878761101253535,0.16966912215407773
333,-1,train,54,0.02878761101253535,0.16966912215407773,0.02878761101253535,0.16966912215407773
334,0,train,16,0.04224774035703935,0.20554255120786874,0.0329847363614266,0.18161700460426772
334,1,train,16,0.01583078290793715,0.1258204391501522,0.0329847363614266,0.18161700460426772
334,2,train,16,0.04180336704894249,0.20445871722414402,0.0329847363614266,0.18161700460426772
334,3,train,6,0.03205705513178739,0.17904484112028302,0.0329847363614266,0.18161700460426772
334,-1,train,54,0.0329847363614266,0.18161700460426772,0.0329847363614266,0.18161700460426772
335,0,train,16,0.03369965672309734,0.1835746625302559,0.03469683619582825,0.18627086781305405
335,1,train,16,0.015145753843829013,0.12306808621177552,0.03469683619582825,0.18627086781305405
335,2,train,16,0.0466743823251228,0.2160425474880418,0.03469683619582825,0.18627086781305405
335,3,train,6,0.043267551891263856,0.20800853802491823,0.03469683619582825,0.18627086781305405
335,-1,train,54,0.03469683619582825,0.18627086781305405,0.03469683619582825,0.18627086781305405
336,0,train,16,0.04708133197189594,0.2169823310131402,0.030598932246051192,0.17492550484720973
336,1,train,16,0.039613183700812696,0.19903060995940472,0.030598932246051192,0.17492550484720973
336,2,train,16,0.018418576095378454,0.13571505478530543,0.030598932246051192,0.17492550484720973
336,3,train,6,0.01728263721611768,0.1314634444099107,0.030598932246051192,0.17492550484720973
336,-1,train,54,0.030598932246051192,0.17492550484720973,0.030598932246051192,0.17492550484720973
337,0,train,16,0.026848713427676862,0.1638557701995168,0.03438096953791678,0.18542106012510223
337,1,train,16,0.04012616361241668,0.20031516071535044,0.03438096953791678,0.18542106012510223
337,2,train,16,0.028772272709422,0.16962391549961933,0.03438096953791678,0.18542106012510223
337,3,train,6,0.04177672840215157,0.20439356252619986,0.03438096953791678,0.18542106012510223
337,-1,train,54,0.03438096953791678,0.18542106012510223,0.03438096953791678,0.18542106012510223
338,0,train,16,0.041432602019811235,0.20354999882046484,0.029356588831947465,0.1713376456939556
338,1,train,16,0.04228062676848442,0.205622534680624,0.029356588831947465,0.1713376456939556
338,2,train,16,0.02382077698110152,0.154339810098048,0.029356588831947465,0.1713376456939556
338,3,train,6,0.00989234955839269,0.0994602913649095,0.029356588831947465,0.1713376456939556
338,-1,train,54,0.029356588831947465,0.1713376456939556,0.029356588831947465,0.1713376456939556
339,0,train,16,0.03807751578837069,0.19513460940686736,0.03395053116925452,0.18425669911635376
339,1,train,16,0.04264835842405622,0.20651478984338195,0.03395053116925452,0.18425669911635376
339,2,train,16,0.015486211103537461,0.12444360611754009,0.03395053116925452,0.18425669911635376
339,3,train,6,0.039590039361053715,0.1989724588003418,0.03395053116925452,0.18425669911635376
339,-1,train,54,0.03395053116925452,0.18425669911635376,0.03395053116925452,0.18425669911635376
340,0,train,16,0.025610523145778163,0.1600328814518384,0.032401485070434916,0.18000412514838351
340,1,train,16,0.0172008944530846,0.13115218051212338,0.032401485070434916,0.18000412514838351
340,2,train,16,0.05689397645970886,0.23852458250609906,0.032401485070434916,0.18000412514838351
340,3,train,6,0.029900546223168047,0.17291774409576377,0.032401485070434916,0.18000412514838351
340,-1,train,54,0.032401485070434916,0.18000412514838351,0.032401485070434916,0.18000412514838351
341,0,train,16,0.028324114850274605,0.16829769710330147,0.03821049382094758,0.19547504654289657
341,1,train,16,0.019716358872769964,0.14041495245439484,0.03821049382094758,0.19547504654289657
341,2,train,16,0.03739009493310016,0.19336518542152348,0.03821049382094758,0.19547504654289657
341,3,train,6,0.06741140662764558,0.2596370671295714,0.03821049382094758,0.19547504654289657
341,-1,train,54,0.03821049382094758,0.19547504654289657,0.03821049382094758,0.19547504654289657
342,0,train,16,0.04694553001797205,0.21666917182186313,0.032074857452199804,0.17909454891816168
342,1,train,16,0.024384470887712978,0.15615527812953675,0.032074857452199804,0.17909454891816168
342,2,train,16,0.02853692668411071,0.1689287621576347,0.032074857452199804,0.17909454891816168
342,3,train,6,0.02843250221900349,0.16861940048227989,0.032074857452199804,0.17909454891816168
342,-1,train,54,0.032074857452199804,0.17909454891816168,0.032074857452199804,0.17909454891816168
343,0,train,16,0.020952274351286146,0.144749004664233,0.029835041390800624,0.1727282298606705
343,1,train,16,0.045632152722937455,0.21361683623473468,0.029835041390800624,0.1727282298606705
343,2,train,16,0.03833451867811191,0.19579202914856342,0.029835041390800624,0.1727282298606705
343,3,train,6,0.014421219810866989,0.1200883833302247,0.029835041390800624,0.1727282298606705
343,-1,train,54,0.029835041390800624,0.1727282298606705,0.029835041390800624,0.1727282298606705
344,0,train,16,0.04015562891108798,0.20038869456904992,0.028551718673702296,0.16897253822352998
344,1,train,16,0.03353897206341132,0.18313648479593386,0.028551718673702296,0.16897253822352998
344,2,train,16,0.034080539942055635,0.18460915454563903,0.028551718673702296,0.16897253822352998
344,3,train,6,0.006431733778254253,0.08019809086414871,0.028551718673702296,0.16897253822352998
344,-1,train,54,0.028551718673702296,0.16897253822352998,0.028551718673702296,0.16897253822352998
345,0,train,16,0.04186002361655988,0.20459722289552193,0.029813305130297844,0.17266529799093344
345,1,train,16,0.023051023876160263,0.15182563642600108,0.029813305130297844,0.17266529799093344
345,2,train,16,0.03955307186334871,0.1988795410879377,0.029813305130297844,0.17266529799093344
345,3,train,6,0.014789101165122527,0.1216104484208595,0.029813305130297844,0.17266529799093344
345,-1,train,54,0.029813305130297844,0.17266529799093344,0.029813305130297844,0.17266529799093344
346,0,train,16,0.01668525902551345,0.1291714326990045,0.03519956339927759,0.18761546684449446
346,1,train,16,0.0332877661840693,0.1824493523805149,0.03519956339927759,0.18761546684449446
346,2,train,16,0.041264427373103804,0.20313647474814514,0.03519956339927759,0.18761546684449446
346,3,train,6,0.04956080101442382,0.22262255279828191,0.03519956339927759,0.18761546684449446
346,-1,train,54,0.03519956339927759,0.18761546684449446,0.03519956339927759,0.18761546684449446
347,0,train,16,0.02401867546500408,0.1549795969313512,0.033872309551833735,0.18404431409808272
347,1,train,16,0.027519223464591812,0.16588919031869379,0.033872309551833735,0.18404431409808272
347,2,train,16,0.042618659743112554,0.2064428728319594,0.033872309551833735,0.18404431409808272
347,3,train,6,0.0413326795346265,0.20330440116885443,0.033872309551833735,0.18404431409808272
347,-1,train,54,0.033872309551833735,0.18404431409808272,0.033872309551833735,0.18404431409808272
348,0,train,16,0.03461886320655969,0.18606145008184713,0.035183925248667244,0.18757378614472558
348,1,train,16,0.019784678490640896,0.14065801964566718,0.035183925248667244,0.18757378614472558
348,2,train,16,0.03633510165398805,0.19061768452582792,0.035183925248667244,0.18757378614472558
348,3,train,6,0.04999705764348035,0.22360021834399077,0.035183925248667244,0.18757378614472558
348,-1,train,54,0.035183925248667244,0.18757378614472558,0.035183925248667244,0.18757378614472558
349,0,train,16,0.028453703477472964,0.16868225596509245,0.03504274325161961,0.18719707062777347
349,1,train,16,0.020007821976871457,0.14144900839833222,0.03504274325161961,0.18719707062777347
349,2,train,16,0.04231005716485374,0.2056940863633511,0.03504274325161961,0.18719707062777347
349,3,train,6,0.04939939038728027,0.22225973631605045,0.03504274325161961,0.18719707062777347
349,-1,train,54,0.03504274325161961,0.18719707062777347,0.03504274325161961,0.18719707062777347
350,0,train,16,0.030741652354618516,0.17533297566236225,0.028038319242396748,0.1674464667957994
350,1,train,16,0.043329511337267236,0.2081574196065738,0.028038319242396748,0.1674464667957994
350,2,train,16,0.0332612330769118,0.18237662426120238,0.028038319242396748,0.1674464667957994
350,3,train,6,0.00482088020078944,0.06943255865074713,0.028038319242396748,0.1674464667957994
350,-1,train,54,0.028038319242396748,0.1674464667957994,0.028038319242396748,0.1674464667957994
351,0,train,16,0.026372012167362246,0.16239461865271967,0.030130097715053587,0.17358023422917018
351,1,train,16,0.03632089439765282,0.1905804145174756,0.030130097715053587,0.17358023422917018
351,2,train,16,0.03931171766797185,0.19827182772136803,0.030130097715053587,0.17358023422917018
351,3,train,6,0.01851576662722743,0.13607265201805774,0.030130097715053587,0.17358023422917018
351,-1,train,54,0.030130097715053587,0.17358023422917018,0.030130097715053587,0.17358023422917018
352,0,train,16,0.02817785391944983,0.16786260429127695,0.03125671454037443,0.17679568586471342
352,1,train,16,0.015829828521471394,0.12581664644025206,0.03125671454037443,0.17679568586471342
352,2,train,16,0.05502958353496514,0.2345838518205487,0.03125671454037443,0.17679568586471342
352,3,train,6,0.02598959218561136,0.16121287847318946,0.03125671454037443,0.17679568586471342
352,-1,train,54,0.03125671454037443,0.17679568586471342,0.03125671454037443,0.17679568586471342
353,0,train,16,0.03040854748271666,0.17438046760665787,0.028958614017898683,0.17017230684779083
353,1,train,16,0.022228712592131515,0.14909296627316634,0.028958614017898683,0.17017230684779083
353,2,train,16,0.051564270467954997,0.22707767496597941,0.028958614017898683,0.17017230684779083
353,3,train,6,0.01163292552879155,0.10785604076170954,0.028958614017898683,0.17017230684779083
353,-1,train,54,0.028958614017898683,0.17017230684779083,0.028958614017898683,0.17017230684779083
354,0,train,16,0.021907450094788193,0.14801165526669915,0.03342015518822879,0.18281180265023586
354,1,train,16,0.02623967900231437,0.1619866630383945,0.03342015518822879,0.18281180265023586
354,2,train,16,0.045075223156719565,0.21230926300262917,0.03342015518822879,0.18281180265023586
354,3,train,6,0.04045826849909302,0.20114240850475323,0.03342015518822879,0.18281180265023586
354,-1,train,54,0.03342015518822879,0.18281180265023586,0.03342015518822879,0.18281180265023586
355,0,train,16,0.03604949154464819,0.18986703648777,0.03524159714553093,0.18772745442670585
355,1,train,16,0.029323705028541307,0.17124165681440165,0.03524159714553093,0.18772745442670585
355,2,train,16,0.02321097737203658,0.15235149284479158,0.03524159714553093,0.18772745442670585
355,3,train,6,0.052382214636897635,0.22887161168851333,0.03524159714553093,0.18772745442670585
355,-1,train,54,0.03524159714553093,0.18772745442670585,0.03524159714553093,0.18772745442670585
356,0,train,16,0.05513996471897468,0.23481900416911464,0.03078385686342599,0.17545328969109125
356,1,train,16,0.01118891057476692,0.10577764685776915,0.03078385686342599,0.17545328969109125
356,2,train,16,0.0327087539078581,0.18085561619108792,0.03078385686342599,0.17545328969109125
356,3,train,6,0.02409779825210426,0.15523465544814488,0.03078385686342599,0.17545328969109125
356,-1,train,54,0.03078385686342599,0.17545328969109125,0.03078385686342599,0.17545328969109125
357,0,train,16,0.02997261231624939,0.17312600127147104,0.03417253256490957,0.18485814173281515
357,1,train,16,0.02868964775236336,0.1693801870124229,0.03417253256490957,0.18485814173281515
357,2,train,16,0.03189450981831706,0.17859034077552197,0.03417253256490957,0.18485814173281515
357,3,train,6,0.04613336037270846,0.21478677885919437,0.03417253256490957,0.18485814173281515
357,-1,train,54,0.03417253256490957,0.18485814173281515,0.03417253256490957,0.18485814173281515
358,0,train,16,0.026481244225562417,0.16273058786092556,0.02757414187990327,0.16605463522558855
358,1,train,16,0.027038757985826046,0.16443466175300767,0.02757414187990327,0.16605463522558855
358,2,train,16,0.052599842152019446,0.2293465546983853,0.02757414187990327,0.16605463522558855
358,3,train,6,0.0041767231562051844,0.06462757272407177,0.02757414187990327,0.16605463522558855
358,-1,train,54,0.02757414187990327,0.16605463522558855,0.02757414187990327,0.16605463522558855
359,0,train,16,0.016195203000130387,0.1272603748231569,0.03913315309709983,0.19782101277948164
359,1,train,16,0.022723872614758285,0.15074439496962494,0.03913315309709983,0.19782101277948164
359,2,train,16,0.039195611322092136,0.19797881533662165,0.03913315309709983,0.19782101277948164
359,3,train,6,0.07841792545141851,0.28003200790520094,0.03913315309709983,0.19782101277948164
359,-1,train,54,0.03913315309709983,0.19782101277948164,0.03913315309709983,0.19782101277948164
360,0,train,16,0.02063670007719811,0.14365479482842927,0.028983985884260117,0.17024683810356103
360,1,train,16,0.017014315184546706,0.1304389327790852,0.028983985884260117,0.17024683810356103
360,2,train,16,0.06444899080092206,0.2538680578586484,0.028983985884260117,0.17024683810356103
360,3,train,6,0.013835937474373594,0.1176262618396657,0.028983985884260117,0.17024683810356103
360,-1,train,54,0.028983985884260117,0.17024683810356103,0.028983985884260117,0.17024683810356103
361,0,train,16,0.013717343966772346,0.11712106542707143,0.038985699965249664,0.19744796774150314
361,1,train,16,0.026110439196254664,0.16158724948539308,0.038985699965249664,0.19744796774150314
361,2,train,16,0.03793742344517073,0.19477531528705255,0.038985699965249664,0.19744796774150314
361,3,train,6,0.07817759325280091,0.2796025630297421,0.038985699965249664,0.19744796774150314
361,-1,train,54,0.038985699965249664,0.19744796774150314,0.038985699965249664,0.19744796774150314
362,0,train,16,0.037630759239679415,0.19398649241552726,0.030037199449270507,0.17331243304872995
362,1,train,16,0.030942149587009894,0.17590380776722797,0.030037199449270507,0.17331243304872995
362,2,train,16,0.030447652980866248,0.17449255852576134,0.030037199449270507,0.17331243304872995
362,3,train,6,0.021128235989526473,0.14535555025359875,0.030037199449270507,0.17331243304872995
362,-1,train,54,0.030037199449270507,0.17331243304872995,0.030037199449270507,0.17331243304872995
363,0,train,16,0.036436636201532195,0.19088382907290025,0.028803828633105426,0.16971690732836675
363,1,train,16,0.042960871704105716,0.20727004536137322,0.028803828633105426,0.16971690732836675
363,2,train,16,0.022410193278522467,0.14970034495124743,0.028803828633105426,0.16971690732836675
363,3,train,6,0.013407613348261339,0.11579124901416919,0.028803828633105426,0.16971690732836675
363,-1,train,54,0.028803828633105426,0.16971690732836675,0.028803828633105426,0.16971690732836675
364,0,train,16,0.033638765345933686,0.18340873846666544,0.0283071327680876,0.16824723702957978
364,1,train,16,0.0405983201438891,0.20149024826003145,0.0283071327680876,0.16824723702957978
364,2,train,16,0.028306796194304252,0.16824623679091386,0.0283071327680876,0.16824723702957978
364,3,train,6,0.010684649388223366,0.10336657771360802,0.0283071327680876,0.16824723702957978
364,-1,train,54,0.0283071327680876,0.16824723702957978,0.0283071327680876,0.16824723702957978
365,0,train,16,0.024975095135745362,0.15803510728868242,0.03367301661965326,0.18350208886999966
365,1,train,16,0.0456165556188739,0.21358032591714504,0.03367301661965326,0.18350208886999966
365,2,train,16,0.018743280239689457,0.13690610008209808,0.03367301661965326,0.18350208886999966
365,3,train,6,0.045357135484304305,0.2129721472031127,0.03367301661965326,0.18350208886999966
365,-1,train,54,0.03367301661965326,0.18350208886999966,0.03367301661965326,0.18350208886999966
366,0,train,16,0.036064274769582995,0.18990596296478685,0.027385896175976202,0.16548684593035243
366,1,train,16,0.03643502178973979,0.1908796002451278,0.027385896175976202,0.16548684593035243
366,2,train,16,0.03166232751516255,0.17793911181964056,0.027385896175976202,0.16548684593035243
366,3,train,6,0.005381960629419462,0.07336184723287345,0.027385896175976202,0.16548684593035243
366,-1,train,54,0.027385896175976202,0.16548684593035243,0.027385896175976202,0.16548684593035243
367,0,train,16,0.029705684952460804,0.17235337232691678,0.027674909118948945,0.16635777444697
367,1,train,16,0.03476429860198775,0.1864518667162862,0.027674909118948945,0.16635777444697
367,2,train,16,0.03875377446524653,0.19685978376815952,0.027674909118948945,0.16635777444697
367,3,train,6,0.007475878456100704,0.08646316242250629,0.027674909118948945,0.16635777444697
367,-1,train,54,0.027674909118948945,0.16635777444697,0.027674909118948945,0.16635777444697
368,0,train,16,0.03373994253604233,0.1836843557193762,0.02734290601780572,0.1653569049595623
368,1,train,16,0.029678780859155214,0.17227530542464645,0.02734290601780572,0.1653569049595623
368,2,train,16,0.040284766051347266,0.20071065256071305,0.02734290601780572,0.1653569049595623
368,3,train,6,0.005668134624678062,0.07528701498052677,0.02734290601780572,0.1653569049595623
368,-1,train,54,0.02734290601780572,0.1653569049595623,0.02734290601780572,0.1653569049595623
369,0,train,16,0.028108708516108905,0.16765651945602625,0.03206225814009261,0.17905937043364306
369,1,train,16,0.017783464367958544,0.13335465634149618,0.03206225814009261,0.17905937043364306
369,2,train,16,0.046264256975743503,0.21509127591732655,0.03206225814009261,0.17905937043364306
369,3,train,6,0.03609260270055948,0.18998053242519214,0.03206225814009261,0.17905937043364306
369,-1,train,54,0.03206225814009261,0.17905937043364306,0.03206225814009261,0.17905937043364306
370,0,train,16,0.027620889203788485,0.16619533448261561,0.028265955575191626,0.16812482141311444
370,1,train,16,0.04775472775887489,0.21852855135856936,0.028265955575191626,0.16812482141311444
370,2,train,16,0.02563382540759504,0.1601056695048462,0.028265955575191626,0.16812482141311444
370,3,train,6,0.012054379930508091,0.1097924402247627,0.028265955575191626,0.16812482141311444
370,-1,train,54,0.028265955575191626,0.16812482141311444,0.028265955575191626,0.16812482141311444
371,0,train,16,0.03346260840174644,0.18292787759591603,0.0321092031047463,0.17919041019191373
371,1,train,16,0.030994431143276914,0.1760523534158999,0.0321092031047463,0.17919041019191373
371,2,train,16,0.02701849169963948,0.1643730260707014,0.0321092031047463,0.17919041019191373
371,3,train,6,0.036961281174322354,0.19225316947796298,0.0321092031047463,0.17919041019191373
371,-1,train,54,0.0321092031047463,0.17919041019191373,0.0321092031047463,0.17919041019191373
372,0,train,16,0.015549030267080868,0.12469575079801584,0.0315340811564621,0.1775783803182755
372,1,train,16,0.033782335340681,0.18379971528998895,0.0315340811564621,0.1775783803182755
372,2,train,16,0.04329760652850381,0.20808076924238772,0.0315340811564621,0.1775783803182755
372,3,train,6,0.0335073524895827,0.18305013654620064,0.0315340811564621,0.1775783803182755
372,-1,train,54,0.0315340811564621,0.1775783803182755,0.0315340811564621,0.1775783803182755
373,0,train,16,0.046321239998485336,0.21522369757646423,0.027498874908718024,0.1658278472052207
373,1,train,16,0.03343252564971684,0.18284563338979917,0.027498874908718024,0.1658278472052207
373,2,train,16,0.022308239928507945,0.14935943200383411,0.027498874908718024,0.1658278472052207
373,3,train,6,0.007933494058161981,0.08907016368101038,0.027498874908718024,0.1658278472052207
373,-1,train,54,0.027498874908718024,0.1658278472052207,0.027498874908718024,0.1658278472052207
374,0,train,16,0.03405147049468009,0.18453040533928303,0.03258767044860814,0.18052055408902373
374,1,train,16,0.037703360878198824,0.19417353289827846,0.03258767044860814,0.18052055408902373
374,2,train,16,0.017743728205238507,0.13320558623886053,0.03258767044860814,0.18052055408902373
374,3,train,6,0.04085212221631515,0.20211907929810868,0.03258767044860814,0.18052055408902373
374,-1,train,54,0.03258767044860814,0.18052055408902373,0.03258767044860814,0.18052055408902373
375,0,train,16,0.035116098435039725,0.18739289857153,0.026905438849026388,0.16402877445444256
375,1,train,16,0.053557823381422676,0.23142563250734063,0.026905438849026388,0.16402877445444256
375,2,train,16,0.014213193230664648,0.119219097592058,0.026905438849026388,0.16402877445444256
375,3,train,6,0.004734640348978493,0.0688087229134395,0.026905438849026388,0.16402877445444256
375,-1,train,54,0.026905438849026388,0.16402877445444256,0.026905438849026388,0.16402877445444256
376,0,train,16,0.03157430466605186,0.17769159987476013,0.02917051652623161,0.17079378362877148
376,1,train,16,0.0337447429318076,0.18369742222417712,0.02917051652623161,0.17079378362877148
376,2,train,16,0.031814915129128186,0.17836736004417453,0.02917051652623161,0.17079378362877148
376,3,train,6,0.01954810337793882,0.1398145320699491,0.02917051652623161,0.17079378362877148
376,-1,train,54,0.02917051652623161,0.17079378362877148,0.02917051652623161,0.17079378362877148
377,0,train,16,0.01856349582072748,0.13624792042716644,0.030595619336825162,0.17491603510491874
377,1,train,16,0.027268030059300008,0.16513034263665782,0.030595619336825162,0.17491603510491874
377,2,train,16,0.04760182823735252,0.21817843210856686,0.030595619336825162,0.17491603510491874
377,3,train,6,0.028949123229920642,0.1701444187445496,0.030595619336825162,0.17491603510491874
377,-1,train,54,0.030595619336825162,0.17491603510491874,0.030595619336825162,0.17491603510491874
378,0,train,16,0.05308464339694955,0.2304010490361308,0.029103100104947082,0.1705963074188509
378,1,train,16,0.011393563744048438,0.1067406377348779,0.029103100104947082,0.1705963074188509
378,2,train,16,0.03229983155718926,0.17972153893506826,0.029103100104947082,0.1705963074188509
378,3,train,6,0.019634361721601084,0.1401226666945826,0.029103100104947082,0.1705963074188509
378,-1,train,54,0.029103100104947082,0.1705963074188509,0.029103100104947082,0.1705963074188509
379,0,train,16,0.04017487627272366,0.20043671388426737,0.027336956979584652,0.16533891550262647
379,1,train,16,0.01595440567053443,0.12631075041553047,0.027336956979584652,0.16533891550262647
379,2,train,16,0.04458547897010047,0.21115273848591326,0.027336956979584652,0.16533891550262647
379,3,train,6,0.008633067004980035,0.09291429924925461,0.027336956979584652,0.16533891550262647
379,-1,train,54,0.027336956979584652,0.16533891550262647,0.027336956979584652,0.16533891550262647
380,0,train,16,0.024815091906540618,0.15752806704375133,0.03080821421992039,0.17552268861865236
380,1,train,16,0.03728467525704898,0.1930924008267777,0.03080821421992039,0.17552268861865236
380,2,train,16,0.02998483613840668,0.17316130092606338,0.03080821421992039,0.17552268861865236
380,3,train,6,0.031148253577685293,0.17648867832720969,0.03080821421992039,0.17552268861865236
380,-1,train,54,0.03080821421992039,0.17552268861865236,0.03080821421992039,0.17552268861865236
381,0,train,16,0.04066256545072393,0.20164961058907088,0.03352796410366966,0.1831064283515728
381,1,train,16,0.025379468769739445,0.15930934928540585,0.03352796410366966,0.1831064283515728
381,2,train,16,0.019211635091496267,0.13860604276688757,0.03352796410366966,0.1831064283515728
381,3,train,6,0.04885818710271899,0.2210388814274968,0.03352796410366966,0.1831064283515728
381,-1,train,54,0.03352796410366966,0.1831064283515728,0.03352796410366966,0.1831064283515728
382,0,train,16,0.02486978662396986,0.15770157457669806,0.03350151354058737,0.18303418680833197
382,1,train,16,0.02818151946474593,0.16787352222654392,0.03350151354058737,0.18303418680833197
382,2,train,16,0.03194219328245803,0.17872379047697604,0.03350151354058737,0.18303418680833197
382,3,train,6,0.04901255479117567,0.22138779277813778,0.03350151354058737,0.18303418680833197
382,-1,train,54,0.03350151354058737,0.18303418680833197,0.03350151354058737,0.18303418680833197
383,0,train,16,0.03345795739519258,0.1829151644757552,0.030708666906908516,0.1752388852592612
383,1,train,16,0.023311062727653598,0.15267960809372547,0.030708666906908516,0.1752388852592612
383,2,train,16,0.03462458194350483,0.1860768173188289,0.030708666906908516,0.1752388852592612
383,3,train,6,0.03144106556128307,0.17731628679081646,0.030708666906908516,0.1752388852592612
383,-1,train,54,0.030708666906908516,0.1752388852592612,0.030708666906908516,0.1752388852592612
384,0,train,16,0.030881114314413753,0.175730231646162,0.030717189384942768,0.17526320031581863
384,1,train,16,0.022720800814084577,0.15073420585283415,0.030717189384942768,0.17526320031581863
384,2,train,16,0.03747016708594581,0.19357212373155855,0.030717189384942768,0.17526320031581863
384,3,train,6,0.03179667532532693,0.17831622283271628,0.030717189384942768,0.17526320031581863
384,-1,train,54,0.030717189384942768,0.17526320031581863,0.030717189384942768,0.17526320031581863
385,0,train,16,0.03246172635868948,0.18017138052057402,0.02917480920325939,0.17080635000859715
385,1,train,16,0.04079297976157875,0.2019727203400963,0.02917480920325939,0.17080635000859715
385,2,train,16,0.021231736691090193,0.14571114127303442,0.02917480920325939,0.17080635000859715
385,3,train,6,0.02221279400167914,0.14903957193201792,0.02917480920325939,0.17080635000859715
385,-1,train,54,0.02917480920325939,0.17080635000859715,0.02917480920325939,0.17080635000859715
386,0,train,16,0.024574904083608233,0.15676384813983177,0.027098405978559323,0.16461593476501393
386,1,train,16,0.03560767394592188,0.18869995746136745,0.027098405978559323,0.16461593476501393
386,2,train,16,0.038934610032751754,0.19731854964182094,0.027098405978559323,0.16461593476501393
386,3,train,6,0.009276435851955424,0.09631425570472642,0.027098405978559323,0.16461593476501393
386,-1,train,54,0.027098405978559323,0.16461593476501393,0.027098405978559323,0.16461593476501393
387,0,train,16,0.05250515866000507,0.22914004159030144,0.029269017881595815,0.17108190401557907
387,1,train,16,0.01566820391211505,0.12517269635233974,0.029269017881595815,0.17108190401557907
387,2,train,16,0.025479905670691815,0.15962426404119084,0.029269017881595815,0.17108190401557907
387,3,train,6,0.02342280328357133,0.15304510212212388,0.029269017881595815,0.17108190401557907
387,-1,train,54,0.029269017881595815,0.17108190401557907,0.029269017881595815,0.17108190401557907
388,0,train,16,0.029834360921012503,0.17272626007938835,0.03129394774205553,0.17690095461035685
388,1,train,16,0.019834342633493273,0.1408344511598397,0.03129394774205553,0.17690095461035685
388,2,train,16,0.03879149546124451,0.19695556722582003,0.03129394774205553,0.17690095461035685
388,3,train,6,0.03671559195247185,0.1916131309500261,0.03129394774205553,0.17690095461035685
388,-1,train,54,0.03129394774205553,0.17690095461035685,0.03129394774205553,0.17690095461035685
389,0,train,16,0.01712151490770902,0.13084920675231096,0.03173808442543073,0.1781518577658699
389,1,train,16,0.038173352293377136,0.1953800202000633,0.03173808442543073,0.1781518577658699
389,2,train,16,0.031800276678660463,0.17832632076802477,0.03173808442543073,0.1781518577658699
389,3,train,6,0.03985719382197629,0.1996426653347833,0.03173808442543073,0.1781518577658699
389,-1,train,54,0.03173808442543073,0.1781518577658699,0.03173808442543073,0.1781518577658699
390,0,train,16,0.03142464090353034,0.17726996616327972,0.030739952206043655,0.17532812725299857
390,1,train,16,0.04507636026432032,0.21231194093672714,0.030739952206043655,0.17532812725299857
390,2,train,16,0.012733341744536258,0.11284210980186545,0.030739952206043655,0.17532812725299857
390,3,train,6,0.03372546591178769,0.18364494523887034,0.030739952206043655,0.17532812725299857
390,-1,train,54,0.030739952206043655,0.17532812725299857,0.030739952206043655,0.17532812725299857
391,0,train,16,0.04165032874924816,0.2040841217470094,0.026388245212741933,0.1624445912080237
391,1,train,16,0.04243085469548673,0.20598751101823315,0.026388245212741933,0.1624445912080237
391,2,train,16,0.01530331166543751,0.12370655465834263,0.026388245212741933,0.1624445912080237
391,3,train,6,0.006168485740795326,0.07853970805137568,0.026388245212741933,0.1624445912080237
391,-1,train,54,0.026388245212741933,0.1624445912080237,0.026388245212741933,0.1624445912080237
392,0,train,16,0.02499458486334037,0.15809675791533606,0.027167311603320008,0.16482509397333892
392,1,train,16,0.03419871853427898,0.18492895537010687,0.027167311603320008,0.16482509397333892
392,2,train,16,0.03795207934144758,0.1948129342252397,0.027167311603320008,0.16482509397333892
392,3,train,6,0.011523863674213116,0.10734926024064216,0.027167311603320008,0.16482509397333892
392,-1,train,54,0.027167311603320008,0.16482509397333892,0.027167311603320008,0.16482509397333892
393,0,train,16,0.011383727523816497,0.10669455245614227,0.027395123046502358,0.16551472154011665
393,1,train,16,0.05650461413624073,0.23770699219047117,0.027395123046502358,0.16551472154011665
393,2,train,16,0.028453271341237985,0.16868097504235025,0.027395123046502358,0.16551472154011665
393,3,train,6,0.013238879184714218,0.11506032845735413,0.027395123046502358,0.16551472154011665
393,-1,train,54,0.027395123046502358,0.16551472154011665,0.027395123046502358,0.16551472154011665
394,0,train,16,0.02327937775434207,0.15257580985969588,0.031404487454471594,0.17721311309965634
394,1,train,16,0.02708175688089786,0.16456535747507087,0.031404487454471594,0.17721311309965634
394,2,train,16,0.036085158263162234,0.18996093878258824,0.031404487454471594,0.17721311309965634
394,3,train,6,0.03917165691948421,0.19791830870206073,0.031404487454471594,0.17721311309965634
394,-1,train,54,0.031404487454471594,0.17721311309965634,0.031404487454471594,0.17721311309965634
395,0,train,16,0.025656628565342204,0.1601768665111857,0.03104648543249085,0.1762001289230256
395,1,train,16,0.034856322225352995,0.18669847944038803,0.03104648543249085,0.1762001289230256
395,2,train,16,0.026506106306435257,0.16280696025181252,0.03104648543249085,0.1762001289230256
395,3,train,6,0.03716688463283295,0.19278714851574769,0.03104648543249085,0.1762001289230256
395,-1,train,54,0.03104648543249085,0.1762001289230256,0.03104648543249085,0.1762001289230256
396,0,train,16,0.03335164813013348,0.182624336084032,0.027522412147742013,0.1658988009231592
396,1,train,16,0.03564914947230112,0.18880982355878922,0.027522412147742013,0.1658988009231592
396,2,train,16,0.026201667520487266,0.16186929146841678,0.027522412147742013,0.1658988009231592
396,3,train,6,0.014887183468046187,0.12201304630262366,0.027522412147742013,0.1658988009231592
396,-1,train,54,0.027522412147742013,0.1658988009231592,0.027522412147742013,0.1658988009231592
397,0,train,16,0.028936349890421802,0.17010687784572912,0.02899398470774948,0.17027620123713555
397,1,train,16,0.043443731200544414,0.20843159837352976,0.02899398470774948,0.17027620123713555
397,2,train,16,0.018972151536092358,0.1377394334825447,0.02899398470774948,0.17027620123713555
397,3,train,6,0.024623706203939343,0.1569194258335766,0.02899398470774948,0.17027620123713555
397,-1,train,54,0.02899398470774948,0.17027620123713555,0.02899398470774948,0.17027620123713555
398,0,train,16,0.020194321360430582,0.1421067252470149,0.03541445141962066,0.18818727751795725
398,1,train,16,0.029530708508102098,0.17184501304402783,0.03541445141962066,0.18818727751795725
398,2,train,16,0.025861714737552083,0.16081577888239723,0.03541445141962066,0.18818727751795725
398,3,train,6,0.06607106107239788,0.2570429167909473,0.03541445141962066,0.18818727751795725
398,-1,train,54,0.03541445141962066,0.18818727751795725,0.03541445141962066,0.18818727751795725
399,0,train,16,0.03818664753606182,0.1954140412970926,0.029485527391215325,0.17171350381148048
399,1,train,16,0.032484406196224065,0.18023430915401226,0.029485527391215325,0.17171350381148048
399,2,train,16,0.018911362132907283,0.13751858831775174,0.029485527391215325,0.17171350381148048
399,3,train,6,0.02835969369966813,0.16840336605801004,0.029485527391215325,0.17171350381148048
399,-1,train,54,0.029485527391215325,0.17171350381148048,0.029485527391215325,0.17171350381148048
400,0,train,16,0.03964709080572595,0.1991157723680521,0.026578772944819334,0.1630299756020939
400,1,train,16,0.028110402535641045,0.16766157143376967,0.026578772944819334,0.1630299756020939
400,2,train,16,0.02840293506734179,0.16853170344876298,0.026578772944819334,0.1630299756020939
400,3,train,6,0.010154663370568551,0.1007703496598506,0.026578772944819334,0.1630299756020939
400,-1,train,54,0.026578772944819334,0.1630299756020939,0.026578772944819334,0.1630299756020939
401,0,train,16,0.02755324550629922,0.1659917031248828,0.03453078246799956,0.18582460135299514
401,1,train,16,0.0185013689323024,0.13601973728949193,0.03453078246799956,0.18582460135299514
401,2,train,16,0.030682952409930055,0.1751655000561756,0.03453078246799956,0.18582460135299514
401,3,train,6,0.061385563023466566,0.24776110070684335,0.03453078246799956,0.18582460135299514
401,-1,train,54,0.03453078246799956,0.18582460135299514,0.03453078246799956,0.18582460135299514
402,0,train,16,0.02800766035050393,0.16735489341666687,0.026600818433991567,0.1630975733540863
402,1,train,16,0.044111557517843514,0.21002751609692363,0.026600818433991567,0.1630975733540863
402,2,train,16,0.023348373551246263,0.15280174590378953,0.026600818433991567,0.1630975733540863
402,3,train,6,0.010935682316372557,0.10457381276578069,0.026600818433991567,0.1630975733540863
402,-1,train,54,0.026600818433991567,0.1630975733540863,0.026600818433991567,0.1630975733540863
403,0,train,16,0.02039321701195797,0.14280482138904824,0.025668155462139797,0.16021284424833046
403,1,train,16,0.03773780809566629,0.19426221479141612,0.025668155462139797,0.16021284424833046
403,2,train,16,0.039282133915700124,0.19819720965669552,0.025668155462139797,0.16021284424833046
403,3,train,6,0.0052594628252348044,0.07252215403057748,0.025668155462139797,0.16021284424833046
403,-1,train,54,0.025668155462139797,0.16021284424833046,0.025668155462139797,0.16021284424833046
404,0,train,16,0.028087080062988618,0.16759200477048009,0.027544623633003272,0.16596573029696002
404,1,train,16,0.04654712808890603,0.21574783449412888,0.027544623633003272,0.16596573029696002
404,2,train,16,0.017995678114541405,0.13414797096691924,0.027544623633003272,0.16596573029696002
404,3,train,6,0.01754860826557704,0.1324711601276936,0.027544623633003272,0.16596573029696002
404,-1,train,54,0.027544623633003272,0.16596573029696002,0.027544623633003272,0.16596573029696002
405,0,train,16,0.010148786097557625,0.10074118372124494,0.028324114903613945,0.1682976972617687
405,1,train,16,0.043065144589570815,0.20752143163917025,0.028324114903613945,0.1682976972617687
405,2,train,16,0.037214941053298575,0.19291174420780757,0.028324114903613945,0.1682976972617687
405,3,train,6,0.022867587874028757,0.15122032890464415,0.028324114903613945,0.1682976972617687
405,-1,train,54,0.028324114903613945,0.1682976972617687,0.028324114903613945,0.1682976972617687
406,0,train,16,0.024593579395871305,0.15682340193947875,0.026307583810027506,0.1621961276049077
406,1,train,16,0.04809292154624935,0.21930098391536995,0.026307583810027506,0.1621961276049077
406,2,train,16,0.022306838770169663,0.14935474137157367,0.026307583810027506,0.1621961276049077
406,3,train,6,0.010236995527819714,0.10117803876246917,0.026307583810027506,0.1621961276049077
406,-1,train,54,0.026307583810027506,0.1621961276049077,0.026307583810027506,0.1621961276049077
407,0,train,16,0.018168496423985037,0.1347905650406772,0.030032773309055454,0.17329966332643423
407,1,train,16,0.05494885967654155,0.23441173109838498,0.030032773309055454,0.17329966332643423
407,2,train,16,0.012648108777293051,0.11246381096731985,0.030032773309055454,0.17329966332643423
407,3,train,6,0.03436562835840217,0.18537968701667984,0.030032773309055454,0.17329966332643423
407,-1,train,54,0.030032773309055454,0.17329966332643423,0.030032773309055454,0.17329966332643423
408,0,train,16,0.03098549891709635,0.17602698349144189,0.02888036429832266,0.16994223812320072
408,1,train,16,0.021357864052623684,0.14614329971854229,0.02888036429832266,0.16994223812320072
408,2,train,16,0.0358213230228562,0.18926521873512892,0.02888036429832266,0.16994223812320072
408,3,train,6,0.027356771200714402,0.16539882466545644,0.02888036429832266,0.16994223812320072
408,-1,train,54,0.02888036429832266,0.16994223812320072,0.02888036429832266,0.16994223812320072
409,0,train,16,0.026969139503697982,0.1642228349033653,0.02618757989403897,0.16182577017903846
409,1,train,16,0.04641333184446422,0.2154375358299111,0.02618757989403897,0.16182577017903846
409,2,train,16,0.02095483985000457,0.1447578662802287,0.02618757989403897,0.16182577017903846
409,3,train,6,0.010413008377989115,0.10204414916098382,0.02618757989403897,0.16182577017903846
409,-1,train,54,0.02618757989403897,0.16182577017903846,0.02618757989403897,0.16182577017903846
410,0,train,16,0.028019978030205017,0.16739169044550872,0.03057100307355342,0.17484565500335839
410,1,train,16,0.0447874973811358,0.21163056816333456,0.03057100307355342,0.17484565500335839
410,2,train,16,0.010703145483741443,0.10345600748019151,0.03057100307355342,0.17484565500335839
410,3,train,6,0.03877339139913142,0.19690960209987582,0.03057100307355342,0.17484565500335839
410,-1,train,54,0.03057100307355342,0.17484565500335839,0.03057100307355342,0.17484565500335839
411,0,train,16,0.02553177785757254,0.1597866635785745,0.026427976415109064,0.1625668367629421
411,1,train,16,0.03486749520506659,0.18672839956757137,0.026427976415109064,0.1625668367629421
411,2,train,16,0.03274004658441452,0.18094210837838307,0.026427976415109064,0.1625668367629421
411,3,train,6,0.012572586013382606,0.11212754350908882,0.026427976415109064,0.1625668367629421
411,-1,train,54,0.026427976415109064,0.1625668367629421,0.026427976415109064,0.1625668367629421
412,0,train,16,0.027903704849613842,0.16704402069398905,0.0277170551138178,0.16648439901029105
412,1,train,16,0.029090056917555923,0.17055807491161457,0.0277170551138178,0.16648439901029105
412,2,train,16,0.03274474448076895,0.180955089679094,0.0277170551138178,0.16648439901029105
412,3,train,6,0.02112971420733247,0.14536063499906868,0.0277170551138178,0.16648439901029105
412,-1,train,54,0.0277170551138178,0.16648439901029105,0.0277170551138178,0.16648439901029105
413,0,train,16,0.022307593590135438,0.14935726828693485,0.02535234444434073,0.15922419553679878
413,1,train,16,0.03782357073062881,0.19448282888375726,0.02535234444434073,0.15922419553679878
413,2,train,16,0.03498760690728629,0.18704974447265704,0.02535234444434073,0.15922419553679878
413,3,train,6,0.006290606549312381,0.07931334408100808,0.02535234444434073,0.15922419553679878
413,-1,train,54,0.02535234444434073,0.15922419553679878,0.02535234444434073,0.15922419553679878
414,0,train,16,0.04273068017588485,0.20671400575646742,0.02748332554882747,0.1657809565324904
414,1,train,16,0.024444544307403178,0.15634751135660324,0.02748332554882747,0.1657809565324904
414,2,train,16,0.02252840679213037,0.15009465943906988,0.02748332554882747,0.1657809565324904
414,3,train,6,0.020229670919891488,0.14223104766502806,0.02748332554882747,0.1657809565324904
414,-1,train,54,0.02748332554882747,0.1657809565324904,0.02748332554882747,0.1657809565324904
415,0,train,16,0.017187401825255084,0.13110073159694832,0.02751159539711006,0.16586619727090285
415,1,train,16,0.0119986340091675,0.10953827645698785,0.02751159539711006,0.16586619727090285
415,2,train,16,0.06017866586125521,0.24531340334611806,0.02751159539711006,0.16586619727090285
415,3,train,6,0.020681679892762445,0.14381126483263557,0.02751159539711006,0.16586619727090285
415,-1,train,54,0.02751159539711006,0.16586619727090285,0.02751159539711006,0.16586619727090285
416,0,train,16,0.04377509857927947,0.20922499511119474,0.027767119040652467,0.1666346873872678
416,1,train,16,0.017392972733251258,0.1318824201068939,0.027767119040652467,0.1666346873872678
416,2,train,16,0.027270597186927266,0.1651381154879977,0.027767119040652467,0.1666346873872678
416,3,train,6,0.02262980766315187,0.15043206992909414,0.027767119040652467,0.1666346873872678
416,-1,train,54,0.027767119040652467,0.1666346873872678,0.027767119040652467,0.1666346873872678
417,0,train,16,0.04432886174394136,0.21054420377664487,0.031862350839780264,0.178500282464147
417,1,train,16,0.016157657312621598,0.12711277399467608,0.031862350839780264,0.178500282464147
417,2,train,16,0.017821370947887754,0.13349670762939345,0.031862350839780264,0.178500282464147
417,3,train,6,0.049141513354670346,0.22167885184354041,0.031862350839780264,0.178500282464147
417,-1,train,54,0.031862350839780264,0.178500282464147,0.031862350839780264,0.178500282464147
418,0,train,16,0.03686705770084472,0.19200796259750458,0.03364279022931618,0.18341971058017778
418,1,train,16,0.020733712281219476,0.14399205631290732,0.03364279022931618,0.18341971058017778
418,2,train,16,0.01612930559384203,0.1270012031196635,0.03364279022931618,0.18341971058017778
418,3,train,6,0.06084108534135853,0.24665985757994455,0.03364279022931618,0.18341971058017778
418,-1,train,54,0.03364279022931618,0.18341971058017778,0.03364279022931618,0.18341971058017778
419,0,train,16,0.024574888204588894,0.15676379749351854,0.03080370655668046,0.17550984746355533
419,1,train,16,0.02255785052767423,0.15019271130009682,0.03080370655668046,0.17550984746355533
419,2,train,16,0.033039698950163815,0.18176825616747225,0.03080370655668046,0.17550984746355533
419,3,train,6,0.043042388544294895,0.20746659621320945,0.03080370655668046,0.17550984746355533
419,-1,train,54,0.03080370655668046,0.17550984746355533,0.03080370655668046,0.17550984746355533
420,0,train,16,0.016246500868349535,0.12746176237738727,0.02485433223261569,0.15765256811297332
420,1,train,16,0.04937936552299995,0.2222146834099852,0.02485433223261569,0.15765256811297332
420,2,train,16,0.028546296516539633,0.16895649296946133,0.02485433223261569,0.15765256811297332
420,3,train,6,0.005245166022573651,0.07242351843547544,0.02485433223261569,0.15765256811297332
420,-1,train,54,0.02485433223261569,0.15765256811297332,0.02485433223261569,0.15765256811297332
421,0,train,16,0.016239948328734155,0.12743605584266235,0.034826650415725205,0.18661899800321832
421,1,train,16,0.03911073268844428,0.19776433623999118,0.034826650415725205,0.18661899800321832
421,2,train,16,0.014502375814226236,0.12042581041548459,0.034826650415725205,0.18661899800321832
421,3,train,6,0.06945354483149614,0.263540404552122,0.034826650415725205,0.18661899800321832
421,-1,train,54,0.034826650415725205,0.18661899800321832,0.034826650415725205,0.18661899800321832
422,0,train,16,0.03626265205051734,0.1904275506603951,0.025110087860371326,0.1584616289843422
422,1,train,16,0.03100407720084249,0.17607974670825288,0.025110087860371326,0.1584616289843422
422,2,train,16,0.02567219549805298,0.16022545209189762,0.025110087860371326,0.1584616289843422
422,3,train,6,0.007501426692072486,0.08661077699727954,0.025110087860371326,0.1584616289843422
422,-1,train,54,0.025110087860371326,0.1584616289843422,0.025110087860371326,0.1584616289843422
423,0,train,16,0.028825318101627185,0.16978020527030582,0.0297454154156145,0.1724685925483666
423,1,train,16,0.02107064880061138,0.14515732430921763,0.0297454154156145,0.1724685925483666
423,2,train,16,0.03150666572733216,0.17750117105904445,0.0297454154156145,0.1724685925483666
423,3,train,6,0.03757902903288727,0.19385311200207045,0.0297454154156145,0.1724685925483666
423,-1,train,54,0.0297454154156145,0.1724685925483666,0.0297454154156145,0.1724685925483666
424,0,train,16,0.0131147733342043,0.11451975084763458,0.03218649311648014,0.17940594504218677
424,1,train,16,0.051552290613249244,0.2270512951146706,0.03218649311648014,0.17940594504218677
424,2,train,16,0.010583188394869849,0.10287462464023793,0.03218649311648014,0.17940594504218677
424,3,train,6,0.05349572012359718,0.2312914181797439,0.03218649311648014,0.17940594504218677
424,-1,train,54,0.03218649311648014,0.17940594504218677,0.03218649311648014,0.17940594504218677
425,0,train,16,0.011530141076572246,0.10737849447897957,0.03398443378791883,0.1843486744946077
425,1,train,16,0.02185142566995132,0.14782227731283035,0.03398443378791883,0.1843486744946077
425,2,train,16,0.03717782634089549,0.1928155241179908,0.03398443378791883,0.1843486744946077
425,3,train,6,0.06537834206425626,0.2556918889293445,0.03398443378791883,0.1843486744946077
425,-1,train,54,0.03398443378791883,0.1843486744946077,0.03398443378791883,0.1843486744946077
426,0,train,16,0.031789022361829525,0.1782947625754316,0.028151186280835867,0.16778315255363355
426,1,train,16,0.020412265541702695,0.14287150010307406,0.028151186280835867,0.16778315255363355
426,2,train,16,0.032069525356623205,0.17907966204073317,0.028151186280835867,0.16778315255363355
426,3,train,6,0.028333931863188045,0.1683268601952405,0.028151186280835867,0.16778315255363355
426,-1,train,54,0.028151186280835867,0.16778315255363355,0.028151186280835867,0.16778315255363355
427,0,train,16,0.04021130256423767,0.20052756061010085,0.02488265835847631,0.15774237971603036
427,1,train,16,0.027554052346650416,0.1659941334705851,0.02488265835847631,0.15774237971603036
427,2,train,16,0.024071679291920757,0.15515050529057506,0.02488265835847631,0.15774237971603036
427,3,train,6,0.007693599231096397,0.08771316452560811,0.02488265835847631,0.15774237971603036
427,-1,train,54,0.02488265835847631,0.15774237971603036,0.02488265835847631,0.15774237971603036
428,0,train,16,0.04196601495615635,0.20485608352244838,0.025436062947552063,0.15948687390362903
428,1,train,16,0.021587809150312245,0.14692790460056335,0.025436062947552063,0.15948687390362903
428,2,train,16,0.026582679528479446,0.16304195634400198,0.025436062947552063,0.15948687390362903
428,3,train,6,0.011607748155260203,0.10773926004600275,0.025436062947552063,0.15948687390362903
428,-1,train,54,0.025436062947552063,0.15948687390362903,0.025436062947552063,0.15948687390362903
429,0,train,16,0.022815812094580157,0.1510490387078983,0.03220822953967019,0.1794665137001056
429,1,train,16,0.023820472242232195,0.15433882286136627,0.03220822953967019,0.1794665137001056
429,2,train,16,0.02689534676159435,0.16399800840740217,0.03220822953967019,0.1794665137001056
429,3,train,6,0.055301287060274054,0.23516225687867953,0.03220822953967019,0.1794665137001056
429,-1,train,54,0.03220822953967019,0.1794665137001056,0.03220822953967019,0.1794665137001056
430,0,train,16,0.03337062802465353,0.18267629300118154,0.02583674447687841,0.1607381239061798
430,1,train,16,0.02241955823027591,0.14973162067604795,0.02583674447687841,0.1607381239061798
430,2,train,16,0.032749496507121195,0.18096821960532516,0.02583674447687841,0.1607381239061798
430,3,train,6,0.01480729514546302,0.12168522977528136,0.02583674447687841,0.1607381239061798
430,-1,train,54,0.02583674447687841,0.1607381239061798,0.02583674447687841,0.1607381239061798
431,0,train,16,0.02313144357100221,0.1520902481127643,0.03140952172499853,0.1772273165316186
431,1,train,16,0.03539135495406838,0.18812590186911632,0.03140952172499853,0.1772273165316186
431,2,train,16,0.016297367837077435,0.12766114458627353,0.03140952172499853,0.1772273165316186
431,3,train,6,0.05081792053784609,0.22542830465104885,0.03140952172499853,0.1772273165316186
431,-1,train,54,0.03140952172499853,0.1772273165316186,0.03140952172499853,0.1772273165316186
432,0,train,16,0.02035631683347182,0.14267556494884406,0.02685219640878244,0.16386639804664788
432,1,train,16,0.0340139498779389,0.1844287121842445,0.02685219640878244,0.16386639804664788
432,2,train,16,0.03104817210029882,0.17620491508552996,0.02685219640878244,0.16386639804664788
432,3,train,6,0.021990346823420236,0.14829142531994302,0.02685219640878244,0.16386639804664788
432,-1,train,54,0.02685219640878244,0.16386639804664788,0.02685219640878244,0.16386639804664788
433,0,train,16,0.03948525051073117,0.1987089593116807,0.03424628970765302,0.18505753080502566
433,1,train,16,0.009639194748534998,0.09817940083609697,0.03424628970765302,0.18505753080502566
433,2,train,16,0.01827825176759371,0.13519708490789922,0.03424628970765302,0.18505753080502566
433,3,train,6,0.06958246180375219,0.2637848778905876,0.03424628970765302,0.18505753080502566
433,-1,train,54,0.03424628970765302,0.18505753080502566,0.03424628970765302,0.18505753080502566
434,0,train,16,0.026678368888184624,0.16333514284496348,0.032882185616417425,0.1813344578849189
434,1,train,16,0.015296044223246616,0.1236771774550447,0.032882185616417425,0.1813344578849189
434,2,train,16,0.02833427092145896,0.16832786733473148,0.032882185616417425,0.1813344578849189
434,3,train,6,0.061220058432779514,0.2474268749202065,0.032882185616417425,0.1813344578849189
434,-1,train,54,0.032882185616417425,0.1813344578849189,0.032882185616417425,0.1813344578849189
435,0,train,16,0.02116292648634373,0.14547483110952125,0.02711215406076494,0.16465768752404164
435,1,train,16,0.0077806502724130505,0.08820799437926843,0.02711215406076494,0.16465768752404164
435,2,train,16,0.05490742626622367,0.23432333700727223,0.02711215406076494,0.16465768752404164
435,3,train,6,0.024597613218079305,0.1568362624461553,0.02711215406076494,0.16465768752404164
435,-1,train,54,0.02711215406076494,0.16465768752404164,0.02711215406076494,0.16465768752404164
436,0,train,16,0.03380229271598263,0.18385399836822325,0.024507284677306684,0.15654802674357376
436,1,train,16,0.04621398627993535,0.21497438517166492,0.024507284677306684,0.15654802674357376
436,2,train,16,0.0099028543372132,0.09951308626112045,0.024507284677306684,0.15654802674357376
436,3,train,6,0.008110005376095544,0.09005556826812845,0.024507284677306684,0.15654802674357376
436,-1,train,54,0.024507284677306684,0.15654802674357376,0.024507284677306684,0.15654802674357376
437,0,train,16,0.021621663504819026,0.14704306683696117,0.03539601343491518,0.18813828274680083
437,1,train,16,0.014104258942470208,0.11876135289929214,0.03539601343491518,0.18813828274680083
437,2,train,16,0.027746171233693363,0.16657182004676951,0.03539601343491518,0.18813828274680083
437,3,train,6,0.07811196005867813,0.27948516965785164,0.03539601343491518,0.18813828274680083
437,-1,train,54,0.03539601343491518,0.18813828274680083,0.03539601343491518,0.18813828274680083
438,0,train,16,0.01610584421587683,0.1269088027517273,0.024198238786422088,0.15555783100320628
438,1,train,16,0.041782263489849265,0.2044071023468834,0.024198238786422088,0.15555783100320628
438,2,train,16,0.03199285253500973,0.17886545931232709,0.024198238786422088,0.15555783100320628
438,3,train,6,0.006911994904952523,0.0831384081213522,0.024198238786422088,0.15555783100320628
438,-1,train,54,0.024198238786422088,0.15555783100320628,0.024198238786422088,0.15555783100320628
439,0,train,16,0.021708114997791916,0.1473367401491967,0.023832473266698108,0.1543776967916613
439,1,train,16,0.02482965022606668,0.15757426892125084,0.023832473266698108,0.1543776967916613
439,2,train,16,0.04387292348593909,0.20945864385586738,0.023832473266698108,0.1543776967916613
439,3,train,6,0.004919204356994749,0.07013703983627159,0.023832473266698108,0.1543776967916613
439,-1,train,54,0.023832473266698108,0.1543776967916613,0.023832473266698108,0.1543776967916613
440,0,train,16,0.03782762526653175,0.19449325249615151,0.028867525492324828,0.16990445989533304
440,1,train,16,0.024872809886619343,0.1577111596768578,0.028867525492324828,0.16990445989533304
440,2,train,16,0.015327637892807028,0.12380483792165405,0.028867525492324828,0.16990445989533304
440,3,train,6,0.037442028923341183,0.19349942874164044,0.028867525492324828,0.16990445989533304
440,-1,train,54,0.028867525492324828,0.16990445989533304,0.028867525492324828,0.16990445989533304
441,0,train,16,0.025091115293607875,0.15840175281103386,0.0266322301631892,0.16319384229556336
441,1,train,16,0.030162674461629846,0.17367404659772814,0.0266322301631892,0.16319384229556336
441,2,train,16,0.027831044638661873,0.16682639071400507,0.0266322301631892,0.16319384229556336
441,3,train,6,0.02344408625885722,0.15311461804431745,0.0266322301631892,0.16319384229556336
441,-1,train,54,0.0266322301631892,0.16319384229556336,0.0266322301631892,0.16319384229556336
442,0,train,16,0.01804349094780602,0.13432606205724196,0.031109641012616263,0.17637925335088667
442,1,train,16,0.024171571098216417,0.1554720910588663,0.031109641012616263,0.17637925335088667
442,2,train,16,0.029822801259067704,0.1726927944619222,0.031109641012616263,0.17637925335088667
442,3,train,6,0.0524007007453749,0.2289119934502666,0.031109641012616263,0.17637925335088667
442,-1,train,54,0.031109641012616263,0.17637925335088667,0.031109641012616263,0.17637925335088667
443,0,train,16,0.03487703369551824,0.1867539389022846,0.02610663553448165,0.16157547937258812
443,1,train,16,0.02681192219804045,0.16374346459642428,0.02610663553448165,0.16157547937258812
443,2,train,16,0.022055746866137475,0.1485117734933412,0.02610663553448165,0.16157547937258812
443,3,train,6,0.020681839378230434,0.14381181932730855,0.02610663553448165,0.16157547937258812
443,-1,train,54,0.02610663553448165,0.16157547937258812,0.02610663553448165,0.16157547937258812
444,0,train,16,0.03893429466740611,0.19731775051273545,0.028144591993449146,0.16776350018239708
444,1,train,16,0.02447181795989629,0.15643470829677247,0.028144591993449146,0.16776350018239708
444,2,train,16,0.015154471569099399,0.12310349941857623,0.028144591993449146,0.16776350018239708
444,3,train,6,0.034017783777394776,0.18443910587886392,0.028144591993449146,0.16776350018239708
444,-1,train,54,0.028144591993449146,0.16776350018239708,0.028144591993449146,0.16776350018239708
445,0,train,16,0.01911359902521365,0.13825194040306865,0.02386634031097893,0.15448734676658452
445,1,train,16,0.04028303083737641,0.20070632983883793,0.02386634031097893,0.15448734676658452
445,2,train,16,0.029095795009703468,0.17057489560220598,0.02386634031097893,0.15448734676658452
445,3,train,6,0.0069729363716221895,0.08350410990856791,0.02386634031097893,0.15448734676658452
445,-1,train,54,0.02386634031097893,0.15448734676658452,0.02386634031097893,0.15448734676658452
446,0,train,16,0.03261705252413165,0.18060191727700914,0.024207532044103267,0.1555876988842732
446,1,train,16,0.034334047517841734,0.18529448863320716,0.024207532044103267,0.1555876988842732
446,2,train,16,0.020423044231628374,0.14290921674835522,0.024207532044103267,0.1555876988842732
446,3,train,6,0.009455983902811316,0.0972418834803775,0.024207532044103267,0.1555876988842732
446,-1,train,54,0.024207532044103267,0.1555876988842732,0.024207532044103267,0.1555876988842732
447,0,train,16,0.024506204541178505,0.15654457685010523,0.032713047716639375,0.18086748662111546
447,1,train,16,0.014018332215571916,0.11839903806860896,0.032713047716639375,0.18086748662111546
447,2,train,16,0.028133371460059897,0.16773005532718308,0.032713047716639375,0.18086748662111546
447,3,train,6,0.06419428264974718,0.2533659066444165,0.032713047716639375,0.18086748662111546
447,-1,train,54,0.032713047716639375,0.18086748662111546,0.032713047716639375,0.18086748662111546
448,0,train,16,0.028127066279507167,0.16771125865459113,0.03320404184067879,0.18221976248661612
448,1,train,16,0.019814187080078084,0.14076287536164528,0.03320404184067879,0.18221976248661612
448,2,train,16,0.01723736369372461,0.13129114095674776,0.03320404184067879,0.18221976248661612
448,3,train,6,0.06763755030940528,0.26007220210819393,0.03320404184067879,0.18221976248661612
448,-1,train,54,0.03320404184067879,0.18221976248661612,0.03320404184067879,0.18221976248661612
449,0,train,16,0.03296926061709678,0.1815743941669551,0.025957217124351093,0.16111243628085045
449,1,train,16,0.026799432311844888,0.16370532157460516,0.025957217124351093,0.16111243628085045
449,2,train,16,0.02258780336555499,0.15029239290647745,0.025957217124351093,0.16111243628085045
449,3,train,6,0.02147237220290772,0.1465345426952557,0.025957217124351093,0.16111243628085045
449,-1,train,54,0.025957217124351093,0.16111243628085045,0.025957217124351093,0.16111243628085045
450,0,train,16,0.03324404811743338,0.18232950424282238,0.02383723041013441,0.15439310350574087
450,1,train,16,0.031506627427360975,0.17750106317248068,0.02383723041013441,0.15439310350574087
450,2,train,16,0.022313215459700154,0.14937608730884658,0.02383723041013441,0.15439310350574087
450,3,train,6,0.008285030636043137,0.09102214365770088,0.02383723041013441,0.15439310350574087
450,-1,train,54,0.02383723041013441,0.15439310350574087,0.02383723041013441,0.15439310350574087
451,0,train,16,0.05155863546360304,0.22706526696877935,0.02350181401514086,0.15330301371838995
451,1,train,16,0.020548340233660648,0.14334692265151927,0.02350181401514086,0.15330301371838995
451,2,train,16,0.015524548073015478,0.1245975444100544,0.02350181401514086,0.15330301371838995
451,3,train,6,0.006375732290284269,0.07984818276131442,0.02350181401514086,0.15330301371838995
451,-1,train,54,0.02350181401514086,0.15330301371838995,0.02350181401514086,0.15330301371838995
452,0,train,16,0.028601065990300344,0.16911849688990363,0.02731897609973956,0.1652845307333374
452,1,train,16,0.02242311691271535,0.14974350374128204,0.02731897609973956,0.1652845307333374
452,2,train,16,0.027045072505278062,0.16445386132675044,0.02731897609973956,0.1652845307333374
452,3,train,6,0.031206648990664484,0.17665403757249504,0.02731897609973956,0.1652845307333374
452,-1,train,54,0.02731897609973956,0.1652845307333374,0.02731897609973956,0.1652845307333374
453,0,train,16,0.019217452146034566,0.13862702530904486,0.031557084666038016,0.1776431385278869
453,1,train,16,0.016616358522167102,0.12890445501287806,0.031557084666038016,0.1776431385278869
453,2,train,16,0.031763720380083314,0.17822379296851282,0.031557084666038016,0.1776431385278869
453,3,train,6,0.058630807615867093,0.24213799292111737,0.031557084666038016,0.1776431385278869
453,-1,train,54,0.031557084666038016,0.1776431385278869,0.031557084666038016,0.1776431385278869
454,0,train,16,0.0239908728662546,0.15488987334959828,0.023459754462885868,0.15316577445005744
454,1,train,16,0.036782806655448114,0.19178844244491927,0.023459754462885868,0.15316577445005744
454,2,train,16,0.02596455857918049,0.16113521830804242,0.023459754462885868,0.15316577445005744
454,3,train,6,0.007100779750660276,0.08426612457364036,0.023459754462885868,0.15316577445005744
454,-1,train,54,0.023459754462885868,0.15316577445005744,0.023459754462885868,0.15316577445005744
455,0,train,16,0.027889454745809318,0.16700136150884914,0.023432744694235907,0.15307757737250713
455,1,train,16,0.023716582120560013,0.15400188999022063,0.023432744694235907,0.15307757737250713
455,2,train,16,0.034866753744170226,0.18672641415763927,0.023432744694235907,0.15307757737250713
455,3,train,6,0.007258188166404064,0.08519500082988475,0.023432744694235907,0.15307757737250713
455,-1,train,54,0.023432744694235907,0.15307757737250713,0.023432744694235907,0.15307757737250713
456,0,train,16,0.033799714003442186,0.1838469852987592,0.027195032366582064,0.16490916398606253
456,1,train,16,0.023926452694008792,0.15468177880412673,0.027195032366582064,0.16490916398606253
456,2,train,16,0.019426121644066836,0.13937762246525384,0.027195032366582064,0.16490916398606253
456,3,train,6,0.03162784112481044,0.177842180387023,0.027195032366582064,0.16490916398606253
456,-1,train,54,0.027195032366582064,0.16490916398606253,0.027195032366582064,0.16490916398606253
457,0,train,16,0.04252719577819192,0.20622123018300495,0.029303826906083432,0.171183605833279
457,1,train,16,0.02213130495343037,0.14876594016585373,0.029303826906083432,0.171183605833279
457,2,train,16,0.0071831950394195265,0.08475373171382795,0.029303826906083432,0.171183605833279
457,3,train,6,0.04537361185329192,0.21301082567158863,0.029303826906083432,0.171183605833279
457,-1,train,54,0.029303826906083432,0.171183605833279,0.029303826906083432,0.171183605833279
458,0,train,16,0.023955272182700178,0.1547749081172403,0.0268289862691544,0.1637955624220461
458,1,train,16,0.019397420508263243,0.13927462262832824,0.0268289862691544,0.1637955624220461
458,2,train,16,0.03411283540924035,0.18469660367543403,0.0268289862691544,0.1637955624220461
458,3,train,6,0.029850416976413822,0.17277273215531963,0.0268289862691544,0.1637955624220461
458,-1,train,54,0.0268289862691544,0.1637955624220461,0.0268289862691544,0.1637955624220461
459,0,train,16,0.03544634102036552,0.18827198681791596,0.02616383449467226,0.16175238636469094
459,1,train,16,0.025979485710600554,0.16118153030232885,0.02616383449467226,0.16175238636469094
459,2,train,16,0.01732914307100001,0.13164020309540703,0.02616383449467226,0.16175238636469094
459,3,train,6,0.025900368176722942,0.16093591325966664,0.02616383449467226,0.16175238636469094
459,-1,train,54,0.02616383449467226,0.16175238636469094,0.02616383449467226,0.16175238636469094
460,0,train,16,0.03170730411830604,0.17806544897398272,0.02324676015037084,0.1524688825641837
460,1,train,16,0.0227314599223069,0.15076955900415343,0.02324676015037084,0.1524688825641837
460,2,train,16,0.031003727430721002,0.17607875349036578,0.02324676015037084,0.1524688825641837
460,3,train,6,0.007544549130149421,0.08685936409017407,0.02324676015037084,0.1524688825641837
460,-1,train,54,0.02324676015037084,0.1524688825641837,0.02324676015037084,0.1524688825641837
461,0,train,16,0.03827727150437957,0.19564578069659352,0.022831563893130496,0.1511011710514862
461,1,train,16,0.032445666957784135,0.18012680799310282,0.022831563893130496,0.1511011710514862
461,2,train,16,0.015424755084767849,0.1241964374882301,0.022831563893130496,0.1511011710514862
461,3,train,6,0.00517856202559043,0.0719622263801672,0.022831563893130496,0.1511011710514862
461,-1,train,54,0.022831563893130496,0.1511011710514862,0.022831563893130496,0.1511011710514862
462,0,train,16,0.04263456985091723,0.20648140315998734,0.022788374070646922,0.1509581864976091
462,1,train,16,0.02183734323667479,0.14777463664876592,0.022788374070646922,0.1509581864976091
462,2,train,16,0.021447346681626157,0.1464491265990554,0.022788374070646922,0.1509581864976091
462,3,train,6,0.005234236513369504,0.07234802356228885,0.022788374070646922,0.1509581864976091
462,-1,train,54,0.022788374070646922,0.1509581864976091,0.022788374070646922,0.1509581864976091
463,0,train,16,0.026718407479059375,0.16345766265017794,0.024904855115253484,0.15781272165213261
463,1,train,16,0.014924047098657477,0.12216401720088234,0.024904855115253484,0.15781272165213261
463,2,train,16,0.03892983728645562,0.1973064552579454,0.024904855115253484,0.15781272165213261
463,3,train,6,0.019047128596841465,0.13801133503028462,0.024904855115253484,0.15781272165213261
463,-1,train,54,0.024904855115253484,0.15781272165213261,0.024904855115253484,0.15781272165213261
464,0,train,16,0.04464248632919536,0.21128768617502383,0.022809534495931563,0.15102825727635064
464,1,train,16,0.01815125081570171,0.1347265779855694,0.022809534495931563,0.15102825727635064
464,2,train,16,0.022542501820822923,0.15014160589531111,0.022809534495931563,0.15102825727635064
464,3,train,6,0.005901899018006259,0.076823818038459,0.022809534495931563,0.15102825727635064
464,-1,train,54,0.022809534495931563,0.15102825727635064,0.022809534495931563,0.15102825727635064
465,0,train,16,0.02003274994853266,0.14153709742866943,0.022195508312920654,0.14898157038009988
465,1,train,16,0.027396841005404522,0.16551991120528226,0.022195508312920654,0.14898157038009988
465,2,train,16,0.039137077997613436,0.19783093286342618,0.022195508312920654,0.14898157038009988
465,3,train,6,0.0022153643001319844,0.047067656624607775,0.022195508312920654,0.14898157038009988
465,-1,train,54,0.022195508312920654,0.14898157038009988,0.022195508312920654,0.14898157038009988
466,0,train,16,0.03252564607534288,0.18034867916162536,0.024024402471827324,0.15499807247778058
466,1,train,16,0.0367758148679475,0.19177021371408934,0.024024402471827324,0.15499807247778058
466,2,train,16,0.01263033005879365,0.1123847412186977,0.024024402471827324,0.15499807247778058
466,3,train,6,0.014165818885225263,0.11902024569469374,0.024024402471827324,0.15499807247778058
466,-1,train,54,0.024024402471827324,0.15499807247778058,0.024024402471827324,0.15499807247778058
467,0,train,16,0.03411444257805044,0.18470095445895898,0.02245633639238293,0.14985438396117387
467,1,train,16,0.033400070224340196,0.18275686095011645,0.02245633639238293,0.14985438396117387
467,2,train,16,0.017934485633454053,0.13391969845192325,0.02245633639238293,0.14985438396117387
467,3,train,6,0.0043763471336870285,0.06615396536631064,0.02245633639238293,0.14985438396117387
467,-1,train,54,0.02245633639238293,0.14985438396117387,0.02245633639238293,0.14985438396117387
468,0,train,16,0.027116979619127658,0.16467234017626536,0.030159327403902106,0.17366441029728028
468,1,train,16,0.025425171367981135,0.15945272455490103,0.030159327403902106,0.17366441029728028
468,2,train,16,0.01413076603740741,0.11887289866663221,0.030159327403902106,0.17366441029728028
468,3,train,6,0.05396439259109222,0.23230237319298358,0.030159327403902106,0.17366441029728028
468,-1,train,54,0.030159327403902106,0.17366441029728028,0.030159327403902106,0.17366441029728028
469,0,train,16,0.015809257016248596,0.12573486794142902,0.0290512185034818,0.17044418002232226
469,1,train,16,0.026723709204651957,0.16347387927327092,0.0290512185034818,0.17044418002232226
469,2,train,16,0.026495802609727705,0.16277531326871317,0.0290512185034818,0.17044418002232226
469,3,train,6,0.04717610518329896,0.21720061045793349,0.0290512185034818,0.17044418002232226
469,-1,train,54,0.0290512185034818,0.17044418002232226,0.0290512185034818,0.17044418002232226
470,0,train,16,0.014375983654043587,0.11989989013357596,0.026565625521992473,0.16298964851177658
470,1,train,16,0.017909625812498765,0.13382685011797432,0.026565625521992473,0.16298964851177658
470,2,train,16,0.042385694711209884,0.2058778635774373,0.026565625521992473,0.16298964851177658
470,3,train,6,0.03159119791021766,0.17773912881022474,0.026565625521992473,0.16298964851177658
470,-1,train,54,0.026565625521992473,0.16298964851177658,0.026565625521992473,0.16298964851177658
471,0,train,16,0.028781008296219147,0.1696496634132209,0.02636611988998862,0.16237647579002515
471,1,train,16,0.029050810017599953,0.17044298171998737,0.02636611988998862,0.16237647579002515
471,2,train,16,0.01705185144811905,0.13058273794081302,0.02636611988998862,0.16237647579002515
471,3,train,6,0.03058080979801633,0.17487369670140884,0.02636611988998862,0.16237647579002515
471,-1,train,54,0.02636611988998862,0.16237647579002515,0.02636611988998862,0.16237647579002515
472,0,train,16,0.01932948689275526,0.1390305250394864,0.022383566742805942,0.14961138573920751
472,1,train,16,0.027598489654676178,0.16612793159091635,0.022383566742805942,0.14961138573920751
472,2,train,16,0.03718329451516346,0.19282970340474898,0.022383566742805942,0.14961138573920751
472,3,train,6,0.005422995908628882,0.07364099339789545,0.022383566742805942,0.14961138573920751
472,-1,train,54,0.022383566742805942,0.14961138573920751,0.022383566742805942,0.14961138573920751
473,0,train,16,0.023414222900381122,0.1530170673499565,0.024156860124411598,0.1554247732004509
473,1,train,16,0.03395221083080736,0.18426125699888016,0.024156860124411598,0.1554247732004509
473,2,train,16,0.022207096247128653,0.14902045580096934,0.024156860124411598,0.1554247732004509
473,3,train,6,0.01705391051932927,0.130590621865926,0.024156860124411598,0.1554247732004509
473,-1,train,54,0.024156860124411598,0.1554247732004509,0.024156860124411598,0.1554247732004509
474,0,train,16,0.015887411446835812,0.12604527538482277,0.0223428915516179,0.14947538777878416
474,1,train,16,0.029985686880955754,0.17316375741175102,0.0223428915516179,0.14947538777878416
474,2,train,16,0.03776339421636017,0.19432805823236174,0.0223428915516179,0.14947538777878416
474,3,train,6,0.005735073662319877,0.07573026912879603,0.0223428915516179,0.14947538777878416
474,-1,train,54,0.0223428915516179,0.14947538777878416,0.0223428915516179,0.14947538777878416
475,0,train,16,0.021341668596555657,0.14608787970449724,0.022025157054682314,0.14840874992628406
475,1,train,16,0.013901058494672852,0.11790275015737696,0.022025157054682314,0.14840874992628406
475,2,train,16,0.04888784564778785,0.221105960226738,0.022025157054682314,0.14840874992628406
475,3,train,6,0.003970055479712901,0.06300837626627828,0.022025157054682314,0.14840874992628406
475,-1,train,54,0.022025157054682314,0.14840874992628406,0.022025157054682314,0.14840874992628406
476,0,train,16,0.02221787128725864,0.14905660430607776,0.029670402795122806,0.17225098779142836
476,1,train,16,0.019508794136149643,0.13967388494686342,0.029670402795122806,0.17225098779142836
476,2,train,16,0.023768149338623704,0.15416922305902597,0.029670402795122806,0.17225098779142836
476,3,train,6,0.053186796418459234,0.23062262772429604,0.029670402795122806,0.17225098779142836
476,-1,train,54,0.029670402795122806,0.17225098779142836,0.029670402795122806,0.17225098779142836
477,0,train,16,0.03295977154157015,0.18154826229289595,0.02374609201693755,0.15409767038127978
477,1,train,16,0.021766233791150467,0.14753383947810234,0.02374609201693755,0.15409767038127978
477,2,train,16,0.02474405898792629,0.15730244431643867,0.02374609201693755,0.15409767038127978
477,3,train,6,0.015514303747103294,0.12455642796380802,0.02374609201693755,0.15409767038127978
477,-1,train,54,0.02374609201693755,0.15409767038127978,0.02374609201693755,0.15409767038127978
478,0,train,16,0.019837466421288856,0.1408455410060569,0.022141840900125387,0.14880134710453863
478,1,train,16,0.023379667444631293,0.15290411192846087,0.022141840900125387,0.14880134710453863
478,2,train,16,0.03980706230760522,0.19951707272212377,0.022141840900125387,0.14880134710453863
478,3,train,6,0.0055431674269761835,0.07445245077884396,0.022141840900125387,0.14880134710453863
478,-1,train,54,0.022141840900125387,0.14880134710453863,0.022141840900125387,0.14880134710453863
479,0,train,16,0.03480626167247604,0.1865643633507644,0.022043910230407936,0.1484719173123589
479,1,train,16,0.020765643205579463,0.14410289103824206,0.022043910230407936,0.1484719173123589
479,2,train,16,0.027413194381847056,0.16556930386350924,0.022043910230407936,0.1484719173123589
479,3,train,6,0.005190541661729198,0.07204541388408563,0.022043910230407936,0.1484719173123589
479,-1,train,54,0.022043910230407936,0.1484719173123589,0.022043910230407936,0.1484719173123589
480,0,train,16,0.0495135430541776,0.22251638828225126,0.022671923073726914,0.15057198635113675
480,1,train,16,0.01704030050492886,0.13053850200201036,0.022671923073726914,0.15057198635113675
480,2,train,16,0.014655978444307004,0.12106187857582174,0.022671923073726914,0.15057198635113675
480,3,train,6,0.009477870291494193,0.09735435425030661,0.022671923073726914,0.15057198635113675
480,-1,train,54,0.022671923073726914,0.15057198635113675,0.022671923073726914,0.15057198635113675
481,0,train,16,0.014138849993881228,0.11890689632599628,0.026192165443039296,0.16183993772564081
481,1,train,16,0.017719543134653508,0.1331147742914118,0.026192165443039296,0.16183993772564081
481,2,train,16,0.04061584854397028,0.20153374046042583,0.026192165443039296,0.16183993772564081
481,3,train,6,0.03229442009965217,0.1797064831875917,0.026192165443039296,0.16183993772564081
481,-1,train,54,0.026192165443039296,0.16183993772564081,0.026192165443039296,0.16183993772564081
482,0,train,16,0.019391869718242704,0.13925469370273558,0.025359263131873137,0.1592459202989927
482,1,train,16,0.020698020309370836,0.14386806563435417,0.025359263131873137,0.1592459202989927
482,2,train,16,0.03413797219836917,0.18476464001093168,0.025359263131873137,0.1592459202989927
482,3,train,6,0.027209190301509836,0.16495208486560525,0.025359263131873137,0.1592459202989927
482,-1,train,54,0.025359263131873137,0.1592459202989927,0.025359263131873137,0.1592459202989927
483,0,train,16,0.021982932311185994,0.14826642341132396,0.02182925911900663,0.1477472812575806
483,1,train,16,0.02568281134495416,0.16025857650982103,0.02182925911900663,0.1477472812575806
483,2,train,16,0.03476244764842581,0.1864469030271777,0.02182925911900663,0.1477472812575806
483,3,train,6,0.004888845171460556,0.06992027725531812,0.02182925911900663,0.1477472812575806
483,-1,train,54,0.02182925911900663,0.1477472812575806,0.02182925911900663,0.1477472812575806
484,0,train,16,0.037524156706509715,0.1937115296168757,0.021727552876266196,0.14740268951503632
484,1,train,16,0.014979852343546037,0.12239220703764614,0.021727552876266196,0.14740268951503632
484,2,train,16,0.029900968408835438,0.17291896486168148,0.021727552876266196,0.14740268951503632
484,3,train,6,0.004505234046173594,0.06712104026438799,0.021727552876266196,0.14740268951503632
484,-1,train,54,0.021727552876266196,0.14740268951503632,0.021727552876266196,0.14740268951503632
485,0,train,16,0.019786930115507063,0.14066602331589198,0.028643025318646684,0.16924250446813496
485,1,train,16,0.024071692596737696,0.15515054816769966,0.028643025318646684,0.16924250446813496
485,2,train,16,0.021649232756828833,0.14713678247409392,0.028643025318646684,0.16924250446813496
485,3,train,6,0.04906424580551315,0.2215045051585027,0.028643025318646684,0.16924250446813496
485,-1,train,54,0.028643025318646684,0.16924250446813496,0.028643025318646684,0.16924250446813496
486,0,train,16,0.01030629687059108,0.10151993336577345,0.02203786640612578,0.1484515624913587
486,1,train,16,0.047372254374503,0.21765168130410342,0.02203786640612578,0.1484515624913587
486,2,train,16,0.023463675709145183,0.1531785745760326,0.02203786640612578,0.1484515624913587
486,3,train,6,0.007009238670263853,0.08372119606326615,0.02203786640612578,0.1484515624913587
486,-1,train,54,0.02203786640612578,0.1484515624913587,0.02203786640612578,0.1484515624913587
487,0,train,16,0.01462662222234504,0.12094057310243342,0.026646380873687304,0.1632371920662914
487,1,train,16,0.04100762584374808,0.20250339711656215,0.026646380873687304,0.1632371920662914
487,2,train,16,0.014113089345079705,0.11879852417046141,0.026646380873687304,0.1632371920662914
487,3,train,6,0.03683818608357639,0.19193276448688065,0.026646380873687304,0.1632371920662914
487,-1,train,54,0.026646380873687304,0.1632371920662914,0.026646380873687304,0.1632371920662914
488,0,train,16,0.03296244949731775,0.18155563747049483,0.022441788354305818,0.14980583551486176
488,1,train,16,0.029594599783877934,0.17203081056565983,0.022441788354305818,0.14980583551486176
488,2,train,16,0.017001600587248582,0.13039018593149018,0.022441788354305818,0.14980583551486176
488,3,train,6,0.010208503548779002,0.10103713945267355,0.022441788354305818,0.14980583551486176
488,-1,train,54,0.022441788354305818,0.14980583551486176,0.022441788354305818,0.14980583551486176
489,0,train,16,0.009899660142912934,0.09949703584988316,0.023857159021913796,0.15445762856496859
489,1,train,16,0.024024421494515207,0.15499813384204084,0.023857159021913796,0.15445762856496859
489,2,train,16,0.04189790237487681,0.2046897710558024,0.023857159021913796,0.15445762856496859
489,3,train,6,0.01960665207535024,0.14002375539654063,0.023857159021913796,0.15445762856496859
489,-1,train,54,0.023857159021913796,0.15445762856496859,0.023857159021913796,0.15445762856496859
490,0,train,16,0.023998791179144677,0.15491543234663446,0.025917080120614604,0.16098782600126818
490,1,train,16,0.015559819487688633,0.12473900547819287,0.025917080120614604,0.16098782600126818
490,2,train,16,0.031046363227473322,0.17619978214366022,0.025917080120614604,0.16098782600126818
490,3,train,6,0.03306334658815178,0.18183329339851867,0.025917080120614604,0.16098782600126818
490,-1,train,54,0.025917080120614604,0.16098782600126818,0.025917080120614604,0.16098782600126818
491,0,train,16,0.028165086016976572,0.16782456916964383,0.023589700326201377,0.15358938871615244
491,1,train,16,0.02486948087556749,0.15770060518453152,0.023589700326201377,0.15358938871615244
491,2,train,16,0.02288996244194858,0.1512942908438669,0.023589700326201377,0.15358938871615244
491,3,train,6,0.018434271970312856,0.13577286905090005,0.023589700326201377,0.15358938871615244
491,-1,train,54,0.023589700326201377,0.15358938871615244,0.023589700326201377,0.15358938871615244
492,0,train,16,0.019984083303000992,0.14136507101473472,0.021357246480022993,0.14614118680243088
492,1,train,16,0.03533170547251483,0.18796729894456332,0.021357246480022993,0.14614118680243088
492,2,train,16,0.025693084535508594,0.1602906252265197,0.021357246480022993,0.14614118680243088
492,3,train,6,0.004420112609067565,0.06648392744917801,0.021357246480022993,0.14614118680243088
492,-1,train,54,0.021357246480022993,0.14614118680243088,0.021357246480022993,0.14614118680243088
493,0,train,16,0.019068917646067142,0.13809025181404783,0.024937124110644332,0.15791492681391564
493,1,train,16,0.023860892511831083,0.15446971389832728,0.024937124110644332,0.15791492681391564
493,2,train,16,0.02919625219038871,0.1708691083560417,0.024937124110644332,0.15791492681391564
493,3,train,6,0.02762243409429039,0.16619998223312296,0.024937124110644332,0.15791492681391564
493,-1,train,54,0.024937124110644332,0.15791492681391564,0.024937124110644332,0.15791492681391564
494,0,train,16,0.017183990083932302,0.13108771904313654,0.02924700270082656,0.17101755085612283
494,1,train,16,0.028887424928176995,0.16996301047044618,0.02924700270082656,0.17101755085612283
494,2,train,16,0.01544726446435852,0.12428702452130118,0.02924700270082656,0.17101755085612283
494,3,train,6,0.05546933132683843,0.23551928015947746,0.02924700270082656,0.17101755085612283
494,-1,train,54,0.02924700270082656,0.17101755085612283,0.02924700270082656,0.17101755085612283
495,0,train,16,0.01632746935173298,0.1277789863464763,0.026600459305632353,0.16309647238868274
495,1,train,16,0.03012650709824203,0.17356989110511659,0.026600459305632353,0.16309647238868274
495,2,train,16,0.021104039764655736,0.1452722952412322,0.026600459305632353,0.16309647238868274
495,3,train,6,0.03884382100789866,0.19708835837740052,0.026600459305632353,0.16309647238868274
495,-1,train,54,0.026600459305632353,0.16309647238868274,0.026600459305632353,0.16309647238868274
496,0,train,16,0.019363174538714355,0.13915162427623456,0.02349607551310843,0.1532842963682465
496,1,train,16,0.025144127944183376,0.15856900057761408,0.02349607551310843,0.1532842963682465
496,2,train,16,0.030222701627329047,0.17384677629259926,0.02349607551310843,0.1532842963682465
496,3,train,6,0.019254297942206924,0.13875985709925953,0.02349607551310843,0.1532842963682465
496,-1,train,54,0.02349607551310843,0.1532842963682465,0.02349607551310843,0.1532842963682465
497,0,train,16,0.015215507206685297,0.12335115405493902,0.023603220024105556,0.1536333948857004
497,1,train,16,0.03789667170750636,0.1946706750065514,0.023603220024105556,0.1536333948857004
497,2,train,16,0.02105658801599159,0.14510888331177935,0.023603220024105556,0.1536333948857004
497,3,train,6,0.02024411316623897,0.14228180897865675,0.023603220024105556,0.1536333948857004
497,-1,train,54,0.023603220024105556,0.1536333948857004,0.023603220024105556,0.1536333948857004
498,0,train,16,0.025221056894524647,0.15881138779862308,0.021169976307639664,0.14549905947338512
498,1,train,16,0.03794920208292546,0.19480554941511666,0.021169976307639664,0.14549905947338512
498,2,train,16,0.016597903194203158,0.12883284982566814,0.021169976307639664,0.14549905947338512
498,3,train,6,0.004911743058905403,0.07008382879741519,0.021169976307639664,0.14549905947338512
498,-1,train,54,0.021169976307639664,0.14549905947338512,0.021169976307639664,0.14549905947338512
499,0,train,16,0.006856475047990469,0.08280383474206052,0.02580948377433845,0.16065330302965591
499,1,train,16,0.017924967460354418,0.1338841568683704,0.02580948377433845,0.16065330302965591
499,2,train,16,0.043534185665112725,0.20864847391033733,0.02580948377433845,0.16065330302965591
499,3,train,6,0.03492230692389618,0.18687511049868621,0.02580948377433845,0.16065330302965591
499,-1,train,54,0.02580948377433845,0.16065330302965591,0.02580948377433845,0.16065330302965591
500,0,train,16,0.03208341955053298,0.17911845117277278,0.024411072819350527,0.15624043272901714
500,1,train,16,0.01623916631397898,0.1274329875423902,0.024411072819350527,0.15624043272901714
500,2,train,16,0.023065835787982745,0.1518744079428221,0.024411072819350527,0.15624043272901714
500,3,train,6,0.026255869624907408,0.1620366305034371,0.024411072819350527,0.15624043272901714
500,-1,train,54,0.024411072819350527,0.15624043272901714,0.024411072819350527,0.15624043272901714
501,0,train,16,0.014805848916676235,0.12167928713086806,0.0254417477210915,0.15950469498134373
501,1,train,16,0.03186927708486266,0.17851968262592968,0.0254417477210915,0.15950469498134373
501,2,train,16,0.021937852256705893,0.14811432157865725,0.0254417477210915,0.15950469498134373
501,3,train,6,0.033154012626121214,0.18208243360116103,0.0254417477210915,0.15950469498134373
501,-1,train,54,0.0254417477210915,0.15950469498134373,0.0254417477210915,0.15950469498134373
502,0,train,16,0.021192219308992424,0.14557547633098242,0.028088060327329828,0.1675949293007692
502,1,train,16,0.017631656992756553,0.13278424979174508,0.028088060327329828,0.1675949293007692
502,2,train,16,0.02314154349241592,0.1521234482005188,0.028088060327329828,0.1675949293007692
502,3,train,6,0.05038682151515442,0.22447009046898525,0.028088060327329828,0.1675949293007692
502,-1,train,54,0.028088060327329828,0.1675949293007692,0.028088060327329828,0.1675949293007692
503,0,train,16,0.024092387017547144,0.15521722526043025,0.02583299896041147,0.16072647249414598
503,1,train,16,0.009975804400086505,0.09987894873338678,0.02583299896041147,0.16072647249414598
503,2,train,16,0.033024730209906254,0.18172707616067083,0.02583299896041147,0.16072647249414598
503,3,train,6,0.03623907421410596,0.19036563296484468,0.02583299896041147,0.16072647249414598
503,-1,train,54,0.02583299896041147,0.16072647249414598,0.02583299896041147,0.16072647249414598
504,0,train,16,0.02121787379961907,0.1456635637337597,0.023982664621103086,0.15486337404661918
504,1,train,16,0.034472932205831155,0.18566887786010652,0.023982664621103086,0.15486337404661918
504,2,train,16,0.015546564329587956,0.12468586258910012,0.023982664621103086,0.15486337404661918
504,3,train,6,0.024693288149374163,0.15714098176279212,0.023982664621103086,0.15486337404661918
504,-1,train,54,0.023982664621103086,0.15486337404661918,0.023982664621103086,0.15486337404661918
505,0,train,16,0.009376690606037866,0.096833313513676,0.02411256394835084,0.15528220744293544
505,1,train,16,0.020783999462861063,0.14416656846460993,0.02411256394835084,0.15528220744293544
505,2,train,16,0.040434540973279365,0.2010834179470783,0.02411256394835084,0.15528220744293544
505,3,train,6,0.025855024751225062,0.16079497738183574,0.02411256394835084,0.15528220744293544
505,-1,train,54,0.02411256394835084,0.15528220744293544,0.02411256394835084,0.15528220744293544
506,0,train,16,0.04145492228549815,0.20360481891521662,0.021026460219941537,0.14500503515375435
506,1,train,16,0.018460328155798872,0.1358687902198252,0.021026460219941537,0.14500503515375435
506,2,train,16,0.01791281850865103,0.13383877804526995,0.021026460219941537,0.14500503515375435
506,3,train,6,0.006277771929818093,0.07923239192286254,0.021026460219941537,0.14500503515375435
506,-1,train,54,0.021026460219941537,0.14500503515375435,0.021026460219941537,0.14500503515375435
507,0,train,16,0.02440485672700251,0.15622053874891903,0.021666788382714776,0.14719642788707468
507,1,train,16,0.03463118849805644,0.18609456869574792,0.021666788382714776,0.14719642788707468
507,2,train,16,0.01687074767197774,0.12988744231825392,0.021666788382714776,0.14719642788707468
507,3,train,6,0.010760360633822427,0.10373215814694316,0.021666788382714776,0.14719642788707468
507,-1,train,54,0.021666788382714776,0.14719642788707468,0.021666788382714776,0.14719642788707468
508,0,train,16,0.027452188957042756,0.1656870210880827,0.024762069236600893,0.15735968110224707
508,1,train,16,0.012675953791315978,0.11258753834823806,0.024762069236600893,0.15735968110224707
508,2,train,16,0.02808086553873535,0.16757346311016955,0.024762069236600893,0.15735968110224707
508,3,train,6,0.03083926865930949,0.1756111290872805,0.024762069236600893,0.15735968110224707
508,-1,train,54,0.024762069236600893,0.15735968110224707,0.024762069236600893,0.15735968110224707
509,0,train,16,0.023320057328150727,0.15270906105451218,0.02096426951420854,0.14479043308937417
509,1,train,16,0.029176247305961255,0.170810559702734,0.02096426951420854,0.14479043308937417
509,2,train,16,0.024546567004402598,0.15667344064774538,0.02096426951420854,0.14479043308937417
509,3,train,6,0.006814206418319595,0.0825482066329705,0.02096426951420854,0.14479043308937417
509,-1,train,54,0.02096426951420854,0.14479043308937417,0.02096426951420854,0.14479043308937417
510,0,train,16,0.02826552073304308,0.16812352819591636,0.02591831685171036,0.16099166702568912
510,1,train,16,0.022412005057733803,0.14970639618177242,0.02591831685171036,0.16099166702568912
510,2,train,16,0.014197633193043475,0.11915382156290026,0.02591831685171036,0.16099166702568912
510,3,train,6,0.03879810842302108,0.19697235446382083,0.02591831685171036,0.16099166702568912
510,-1,train,54,0.02591831685171036,0.16099166702568912,0.02591831685171036,0.16099166702568912
511,0,train,16,0.03354416018777613,0.18315064888712826,0.02093564017081076,0.1446915345513025
511,1,train,16,0.02686679829899532,0.16391094624519534,0.02093564017081076,0.1446915345513025
511,2,train,16,0.016196172394717708,0.12726418347169682,0.02093564017081076,0.1446915345513025
511,3,train,6,0.007135429801753886,0.08447147330166489,0.02093564017081076,0.1446915345513025
511,-1,train,54,0.02093564017081076,0.1446915345513025,0.02093564017081076,0.1446915345513025
512,0,train,16,0.01881150026608682,0.137155022751946,0.024075905638792753,0.1551641248446069
512,1,train,16,0.027780817128960696,0.16667578447081235,0.024075905638792753,0.1551641248446069
512,2,train,16,0.022138098863387475,0.1487887726388906,0.024075905638792753,0.1551641248446069
512,3,train,6,0.027573206296736024,0.1660518181072885,0.024075905638792753,0.1551641248446069
512,-1,train,54,0.024075905638792753,0.1551641248446069,0.024075905638792753,0.1551641248446069
513,0,train,16,0.03129134600609649,0.1768936008059548,0.024829477977554623,0.15757372235736078
513,1,train,16,0.016657242530846945,0.12906294019139244,0.024829477977554623,0.15757372235736078
513,2,train,16,0.018716703794999096,0.13680900480231226,0.024829477977554623,0.15757372235736078
513,3,train,6,0.03265261957827596,0.18070035854495686,0.024829477977554623,0.15757372235736078
513,-1,train,54,0.024829477977554623,0.15757372235736078,0.024829477977554623,0.15757372235736078
514,0,train,16,0.025007938424138558,0.1581389845172232,0.020450652695729602,0.14300577853964364
514,1,train,16,0.02585276766959675,0.16078795872078466,0.020450652695729602,0.14300577853964364
514,2,train,16,0.026053626249250596,0.16141135724988684,0.020450652695729602,0.14300577853964364
514,3,train,6,0.004888278439932518,0.06991622443991465,0.020450652695729602,0.14300577853964364
514,-1,train,54,0.020450652695729602,0.14300577853964364,0.020450652695729602,0.14300577853964364
515,0,train,16,0.014361912964315365,0.11984119894391647,0.022336323004267,0.149453414160624
515,1,train,16,0.026850324909702607,0.1638606875052787,0.022336323004267,0.149453414160624
515,2,train,16,0.03089794811979339,0.1757781218462451,0.022336323004267,0.149453414160624
515,3,train,6,0.01723510602325664,0.13128254272086842,0.022336323004267,0.149453414160624
515,-1,train,54,0.022336323004267,0.149453414160624,0.022336323004267,0.149453414160624
516,0,train,16,0.018718289317824308,0.13681479933773358,0.02340542824093051,0.15298832713946026
516,1,train,16,0.022785886611771736,0.15094994737253714,0.02340542824093051,0.15298832713946026
516,2,train,16,0.027757273369505474,0.1666051420860277,0.02340542824093051,0.15298832713946026
516,3,train,6,0.02436026366462051,0.15607774878124206,0.02340542824093051,0.15298832713946026
516,-1,train,54,0.02340542824093051,0.15298832713946026,0.02340542824093051,0.15298832713946026
517,0,train,16,0.02021662025557016,0.1421851618684951,0.023565554743024374,0.1535107642578343
517,1,train,16,0.008912272483885651,0.09440483294771328,0.023565554743024374,0.1535107642578343
517,2,train,16,0.03951036506675652,0.19877214358847298,0.023565554743024374,0.1535107642578343
517,3,train,6,0.02562296116588517,0.16007173756127335,0.023565554743024374,0.1535107642578343
517,-1,train,54,0.023565554743024374,0.1535107642578343,0.023565554743024374,0.1535107642578343
518,0,train,16,0.027270581660005826,0.16513806847606588,0.023432357414098923,0.15307631238731526
518,1,train,16,0.02057887565236058,0.14345339191654055,0.023432357414098923,0.15307631238731526
518,2,train,16,0.020834596847443862,0.14434194417231555,0.023432357414098923,0.15307631238731526
518,3,train,6,0.025045375496585417,0.15825730787734707,0.023432357414098923,0.15307631238731526
518,-1,train,54,0.023432357414098923,0.15307631238731526,0.023432357414098923,0.15307631238731526
519,0,train,16,0.02078734914856673,0.14417818541154806,0.01992767179574333,0.14116540580377096
519,1,train,16,0.038553103121972285,0.19634944135895138,0.01992767179574333,0.14116540580377096
519,2,train,16,0.01748111959899444,0.13221618508713084,0.01992767179574333,0.14116540580377096
519,3,train,6,0.0028891153134398676,0.0537504912855675,0.01992767179574333,0.14116540580377096
519,-1,train,54,0.01992767179574333,0.14116540580377096,0.01992767179574333,0.14116540580377096
520,0,train,16,0.02705265625343136,0.16447691708392204,0.027100458948863843,0.16462217028354303
520,1,train,16,0.014970365626089365,0.12235344550150341,0.027100458948863843,0.16462217028354303
520,2,train,16,0.01727155185552836,0.1314212762665481,0.027100458948863843,0.16462217028354303
520,3,train,6,0.04910726206040629,0.22160158406565214,0.027100458948863843,0.16462217028354303
520,-1,train,54,0.027100458948863843,0.16462217028354303,0.027100458948863843,0.16462217028354303
521,0,train,16,0.029939517090762275,0.17303039354622723,0.023742986916469384,0.15408759494673602
521,1,train,16,0.024122896069773036,0.1553154727313832,0.023742986916469384,0.15408759494673602
521,2,train,16,0.013036806608248571,0.11417883607853327,0.023742986916469384,0.15408759494673602
521,3,train,6,0.027872727897093653,0.1669512740205766,0.023742986916469384,0.15408759494673602
521,-1,train,54,0.023742986916469384,0.15408759494673602,0.023742986916469384,0.15408759494673602
522,0,train,16,0.03936106067220125,0.198396221416138,0.023780671812823513,0.15420983046752731
522,1,train,16,0.012405719468411642,0.11138096546722713,0.023780671812823513,0.15420983046752731
522,2,train,16,0.01499527855990845,0.12245521042368288,0.023780671812823513,0.15420983046752731
522,3,train,6,0.028360628550772704,0.16840614166583326,0.023780671812823513,0.15420983046752731
522,-1,train,54,0.023780671812823513,0.15420983046752731,0.023780671812823513,0.15420983046752731
523,0,train,16,0.02540867816764624,0.1594009980133319,0.026358781165282577,0.16235387634818757
523,1,train,16,0.01690068919559285,0.1300026507252558,0.026358781165282577,0.16235387634818757
523,2,train,16,0.01791879500428049,0.1338611034030442,0.026358781165282577,0.16235387634818757
523,3,train,6,0.045206962293610715,0.21261928956143822,0.026358781165282577,0.16235387634818757
523,-1,train,54,0.026358781165282577,0.16235387634818757,0.026358781165282577,0.16235387634818757
524,0,train,16,0.013288882213109485,0.11527741414999508,0.02085098489407249,0.14439870115091924
524,1,train,16,0.03817048776774525,0.1953726894111489,0.02085098489407249,0.14439870115091924
524,2,train,16,0.02170996203123383,0.14734300808397333,0.02085098489407249,0.14439870115091924
524,3,train,6,0.01023460756420139,0.10116623727410934,0.02085098489407249,0.14439870115091924
524,-1,train,54,0.02085098489407249,0.14439870115091924,0.02085098489407249,0.14439870115091924
525,0,train,16,0.014461077482483898,0.12025422022733297,0.02015443121030122,0.141966303080348
525,1,train,16,0.032741600572935535,0.18094640248685667,0.02015443121030122,0.141966303080348
525,2,train,16,0.02735900677203489,0.16540558265075242,0.02015443121030122,0.141966303080348
525,3,train,6,0.006056040013750566,0.07782056292362942,0.02015443121030122,0.141966303080348
525,-1,train,54,0.02015443121030122,0.141966303080348,0.02015443121030122,0.141966303080348
526,0,train,16,0.018672412331800024,0.13664703557633448,0.021404828427541777,0.1463038906780738
526,1,train,16,0.02989772064991445,0.17290957362134246,0.021404828427541777,0.1463038906780738
526,2,train,16,0.022729822888913342,0.15076412998095184,0.021404828427541777,0.1463038906780738
526,3,train,6,0.014319357839539287,0.11966351925102021,0.021404828427541777,0.1463038906780738
526,-1,train,54,0.021404828427541777,0.1463038906780738,0.021404828427541777,0.1463038906780738
527,0,train,16,0.024456760693442506,0.15638657453068824,0.019964834589259566,0.14129697303643687
527,1,train,16,0.018980436777204346,0.13776950597720944,0.019964834589259566,0.14129697303643687
527,2,train,16,0.031012617115408002,0.1761039951716258,0.019964834589259566,0.14129697303643687
527,3,train,6,0.0054095237709834215,0.07354946479059804,0.019964834589259566,0.14129697303643687
527,-1,train,54,0.019964834589259566,0.14129697303643687,0.019964834589259566,0.14129697303643687
528,0,train,16,0.025403983299238198,0.159386270736341,0.022254824329848526,0.14918050921567644
528,1,train,16,0.03373199345186588,0.18366271655364863,0.022254824329848526,0.14918050921567644
528,2,train,16,0.009557658754948493,0.09776327917448602,0.022254824329848526,0.14918050921567644
528,3,train,6,0.02032566181334154,0.14256809535566342,0.022254824329848526,0.14918050921567644
528,-1,train,54,0.022254824329848526,0.14918050921567644,0.022254824329848526,0.14918050921567644
529,0,train,16,0.00981796679287274,0.09908565381967634,0.024278266166385037,0.15581484578301594
529,1,train,16,0.015474485859906415,0.1243964865255704,0.024278266166385037,0.15581484578301594
529,2,train,16,0.038346629483993436,0.19582295443587158,0.024278266166385037,0.15581484578301594
529,3,train,6,0.03347398252876756,0.18295896405688233,0.024278266166385037,0.15581484578301594
529,-1,train,54,0.024278266166385037,0.15581484578301594,0.024278266166385037,0.15581484578301594
530,0,train,16,0.023861846495612505,0.15447280179893322,0.020102513355009954,0.14178333243019067
530,1,train,16,0.02449466626041575,0.1565077194914543,0.020102513355009954,0.14178333243019067
530,2,train,16,0.02502673749271487,0.1581984117894831,0.020102513355009954,0.14178333243019067
530,3,train,6,0.007026803171296691,0.08382602919914965,0.020102513355009954,0.14178333243019067
530,-1,train,54,0.020102513355009954,0.14178333243019067,0.020102513355009954,0.14178333243019067
531,0,train,16,0.027596540106458324,0.16612206387610987,0.023191606830989003,0.1522879076978504
531,1,train,16,0.020640332128736758,0.14366743586748099,0.023191606830989003,0.1522879076978504
531,2,train,16,0.01740866208525178,0.13194188904685192,0.023191606830989003,0.1522879076978504
531,3,train,6,0.027120893003509148,0.16468422208429426,0.023191606830989003,0.1522879076978504
531,-1,train,54,0.023191606830989003,0.1522879076978504,0.023191606830989003,0.1522879076978504
532,0,train,16,0.02451925859136988,0.15658626565369607,0.019610374965469045,0.1400370485459796
532,1,train,16,0.028213529051694504,0.16796883357246517,0.019610374965469045,0.1400370485459796
532,2,train,16,0.02127013853688099,0.1458428556250905,0.019610374965469045,0.1400370485459796
532,3,train,6,0.004438573681930809,0.06662262139792166,0.019610374965469045,0.1400370485459796
532,-1,train,54,0.019610374965469045,0.1400370485459796,0.019610374965469045,0.1400370485459796
533,0,train,16,0.03811032465875773,0.195218658582518,0.021571638510122906,0.1468728651253284
533,1,train,16,0.021804257500516337,0.14766264761447404,0.021571638510122906,0.1468728651253284
533,2,train,16,0.009126586882272653,0.09553317163306499,0.021571638510122906,0.1468728651253284
533,3,train,6,0.017245384998944905,0.13132168518163673,0.021571638510122906,0.1468728651253284
533,-1,train,54,0.021571638510122906,0.1468728651253284,0.021571638510122906,0.1468728651253284
534,0,train,16,0.014358272353059798,0.11982600866698263,0.024198871327226437,0.15555986412705058
534,1,train,16,0.032423423271991283,0.18006505288920246,0.024198871327226437,0.15555986412705058
534,2,train,16,0.015664475446267367,0.12515780217895872,0.024198871327226437,0.15555986412705058
534,3,train,6,0.034349314237587296,0.18533567988271255,0.024198871327226437,0.15555986412705058
534,-1,train,54,0.024198871327226437,0.15555986412705058,0.024198871327226437,0.15555986412705058
535,0,train,16,0.007356314962747597,0.08576896270066228,0.021159344933036176,0.1454625207159431
535,1,train,16,0.03317960454968372,0.18215269569699954,0.021159344933036176,0.1454625207159431
535,2,train,16,0.028947473146285995,0.17013956960767826,0.021159344933036176,0.1454625207159431
535,3,train,6,0.015153987073427395,0.12310153156410117,0.021159344933036176,0.1454625207159431
535,-1,train,54,0.021159344933036176,0.1454625207159431,0.021159344933036176,0.1454625207159431
536,0,train,16,0.01995898944729133,0.14127628763274935,0.02188484324458366,0.14793526707510843
536,1,train,16,0.0077786202923649265,0.0881964868482012,0.02188484324458366,0.14793526707510843
536,2,train,16,0.03974705283962821,0.1993666292026532,0.02188484324458366,0.14793526707510843
536,3,train,6,0.020054710399050164,0.1416146546055533,0.02188484324458366,0.14793526707510843
536,-1,train,54,0.02188484324458366,0.14793526707510843,0.02188484324458366,0.14793526707510843
537,0,train,16,0.021298556204549686,0.1459402487477313,0.019569722417717827,0.1398918239845268
537,1,train,16,0.02187181839252325,0.14789123838998458,0.019569722417717827,0.1398918239845268
537,2,train,16,0.029611927188402894,0.17208116453697916,0.019569722417717827,0.1398918239845268
537,3,train,6,0.005496587885395473,0.07413897682997435,0.019569722417717827,0.1398918239845268
537,-1,train,54,0.019569722417717827,0.1398918239845268,0.019569722417717827,0.1398918239845268
538,0,train,16,0.015267339739526892,0.12356107696004795,0.02196494692848667,0.1482057587561518
538,1,train,16,0.033299002471247424,0.18248014267653187,0.02196494692848667,0.1482057587561518
538,2,train,16,0.018199144973675654,0.13490420665670755,0.02196494692848667,0.1482057587561518
538,3,train,6,0.021094300529496714,0.14523877075180963,0.02196494692848667,0.1482057587561518
538,-1,train,54,0.02196494692848667,0.1482057587561518,0.02196494692848667,0.1482057587561518
539,0,train,16,0.026464686165148632,0.16267970422012892,0.020688970870560475,0.14383661171815915
539,1,train,16,0.023157128869251482,0.1521746656617043,0.020688970870560475,0.14383661171815915
539,2,train,16,0.01996293044000036,0.1412902347651824,0.020688970870560475,0.14383661171815915
539,3,train,6,0.013171138007841431,0.11476557849739369,0.020688970870560475,0.14383661171815915
539,-1,train,54,0.020688970870560475,0.14383661171815915,0.020688970870560475,0.14383661171815915
540,0,train,16,0.030915011629570284,0.17582665221623905,0.022081285635950167,0.1485977309246348
540,1,train,16,0.02118496039344126,0.1455505424017419,0.022081285635950167,0.1485977309246348
540,2,train,16,0.013884269625399579,0.11783153069276313,0.022081285635950167,0.1485977309246348
540,3,train,6,0.022340900895389544,0.14946872882107998,0.022081285635950167,0.1485977309246348
540,-1,train,54,0.022081285635950167,0.1485977309246348,0.022081285635950167,0.1485977309246348
541,0,train,16,0.009077753071367604,0.09527724319777311,0.020349758446190993,0.1426525795286962
541,1,train,16,0.005543247867690164,0.07445299099223728,0.020349758446190993,0.1426525795286962
541,2,train,16,0.05530779683121256,0.2351760974912471,0.020349758446190993,0.1426525795286962
541,3,train,6,0.011470236014493635,0.10709918773965392,0.020349758446190993,0.1426525795286962
541,-1,train,54,0.020349758446190993,0.1426525795286962,0.020349758446190993,0.1426525795286962
542,0,train,16,0.02762294895268181,0.16620153113819924,0.019238468604840762,0.1387028067662683
542,1,train,16,0.019013184694586394,0.13788830514074207,0.019238468604840762,0.1387028067662683
542,2,train,16,0.025668267294035114,0.16021319325834285,0.019238468604840762,0.1387028067662683
542,3,train,6,0.00464947347805973,0.06818704772946055,0.019238468604840762,0.1387028067662683
542,-1,train,54,0.019238468604840762,0.1387028067662683,0.019238468604840762,0.1387028067662683
543,0,train,16,0.02216522190648726,0.14887989087343953,0.0190653082649768,0.13807718227490304
543,1,train,16,0.02776090101708646,0.16661602869197928,0.0190653082649768,0.13807718227490304
543,2,train,16,0.02252426448312793,0.15008085981606026,0.0190653082649768,0.13807718227490304
543,3,train,6,0.0038108456532055484,0.0617320472137896,0.0190653082649768,0.13807718227490304
543,-1,train,54,0.0190653082649768,0.13807718227490304,0.0190653082649768,0.13807718227490304
544,0,train,16,0.018765632447931377,0.13698770911264768,0.021019424859635545,0.1449807741034498
544,1,train,16,0.02003718984536576,0.1415527811290395,0.021019424859635545,0.1449807741034498
544,2,train,16,0.02871345406930188,0.1694504472384239,0.021019424859635545,0.1449807741034498
544,3,train,6,0.016561423075943167,0.12869119268987744,0.021019424859635545,0.1449807741034498
544,-1,train,54,0.021019424859635545,0.1449807741034498,0.021019424859635545,0.1449807741034498
545,0,train,16,0.026278257272775756,0.1621056978417963,0.021332575014505032,0.1460567527179248
545,1,train,16,0.012804384529086579,0.11315646039482934,0.021332575014505032,0.1460567527179248
545,2,train,16,0.027464613247602725,0.16572451009914835,0.021332575014505032,0.1460567527179248
545,3,train,6,0.018783045008555075,0.137051249569477,0.021332575014505032,0.1460567527179248
545,-1,train,54,0.021332575014505032,0.1460567527179248,0.021332575014505032,0.1460567527179248
546,0,train,16,0.016055655287145337,0.12671091226546094,0.018881887682748795,0.13741138119802448
546,1,train,16,0.03630972920626022,0.19055111966677138,0.018881887682748795,0.13741138119802448
546,2,train,16,0.0198174936918126,0.140774620197721,0.018881887682748795,0.13741138119802448
546,3,train,6,0.0033446725457770294,0.05783314400736855,0.018881887682748795,0.13741138119802448
546,-1,train,54,0.018881887682748795,0.13741138119802448,0.018881887682748795,0.13741138119802448
547,0,train,16,0.013192400295512875,0.11485817470042294,0.02317224162490407,0.1522243135143137
547,1,train,16,0.013952966845442002,0.11812267710072441,0.02317224162490407,0.1522243135143137
547,2,train,16,0.03448332654201271,0.1856968673457167,0.02317224162490407,0.1522243135143137
547,3,train,6,0.0310602728166487,0.1762392487973343,0.02317224162490407,0.1522243135143137
547,-1,train,54,0.02317224162490407,0.1522243135143137,0.02317224162490407,0.1522243135143137
548,0,train,16,0.012772593714629013,0.11301590027349698,0.02515107990381909,0.1585909199917167
548,1,train,16,0.0202287266857122,0.14222772825898683,0.02515107990381909,0.1585909199917167
548,2,train,16,0.023602508436876612,0.1536310790070701,0.02515107990381909,0.1585909199917167
548,3,train,6,0.04400049077805854,0.2097629394770643,0.02515107990381909,0.1585909199917167
548,-1,train,54,0.02515107990381909,0.1585909199917167,0.02515107990381909,0.1585909199917167
549,0,train,16,0.01768620193027749,0.1329894805248802,0.01897069442323973,0.13773414399937195
549,1,train,16,0.02178130555979365,0.1475849096615018,0.01897069442323973,0.13773414399937195
549,2,train,16,0.0317195483218477,0.17809982684395767,0.01897069442323973,0.13773414399937195
549,3,train,6,0.004695721881040092,0.06852533751131834,0.01897069442323973,0.13773414399937195
549,-1,train,54,0.01897069442323973,0.13773414399937195,0.01897069442323973,0.13773414399937195
550,0,train,16,0.022910408991700704,0.15136184787356655,0.02228309050753068,0.14927521732535068
550,1,train,16,0.014090537113969136,0.11870356824446827,0.02228309050753068,0.14927521732535068
550,2,train,16,0.0259303168922844,0.16102893184854827,0.02228309050753068,0.14927521732535068
550,3,train,6,0.02620109903216848,0.16186753544849097,0.02228309050753068,0.14927521732535068
550,-1,train,54,0.02228309050753068,0.14927521732535068,0.02228309050753068,0.14927521732535068
551,0,train,16,0.01647491495667126,0.1283546452477325,0.023803391476983404,0.1542834776539063
551,1,train,16,0.021003075169005504,0.14492437741458647,0.023803391476983404,0.1542834776539063
551,2,train,16,0.021522460279824737,0.14670535191268497,0.023803391476983404,0.1542834776539063
551,3,train,6,0.03621311550243212,0.19029743955826658,0.023803391476983404,0.1542834776539063
551,-1,train,54,0.023803391476983404,0.1542834776539063,0.023803391476983404,0.1542834776539063
552,0,train,16,0.025689958692310326,0.16028087438091398,0.019256895472821375,0.138769216589348
552,1,train,16,0.016880939016568543,0.12992666784216603,0.019256895472821375,0.138769216589348
552,2,train,16,0.027102420639663623,0.16462812833675666,0.019256895472821375,0.138769216589348
552,3,train,6,0.007354263542743014,0.08575700287873296,0.019256895472821375,0.138769216589348
552,-1,train,54,0.019256895472821375,0.138769216589348,0.019256895472821375,0.138769216589348
553,0,train,16,0.02294529580164858,0.15147704711159568,0.02111320094659799,0.14530382289051444
553,1,train,16,0.029489596428149974,0.17172535173395329,0.02111320094659799,0.14530382289051444
553,2,train,16,0.0125177279108552,0.11188265241249512,0.02111320094659799,0.14530382289051444
553,3,train,6,0.019500183645738207,0.13964305799336466,0.02111320094659799,0.14530382289051444
553,-1,train,54,0.02111320094659799,0.14530382289051444,0.02111320094659799,0.14530382289051444
554,0,train,16,0.020136117452252113,0.14190178805163842,0.02185307513066997,0.1478278564096428
554,1,train,16,0.02746170673340227,0.1657157407532618,0.02185307513066997,0.1478278564096428
554,2,train,16,0.015275862217244297,0.1235955590514655,0.02185307513066997,0.1478278564096428
554,3,train,6,0.02453861411978121,0.15664805814238875,0.02185307513066997,0.1478278564096428
554,-1,train,54,0.02185307513066997,0.1478278564096428,0.02185307513066997,0.1478278564096428
555,0,train,16,0.019632154984935,0.14011479217033082,0.022020168348011987,0.14839194165456554
555,1,train,16,0.01068017804925282,0.1033449468975277,0.022020168348011987,0.14839194165456554
555,2,train,16,0.03187286298107163,0.17852972576316703,0.022020168348011987,0.14839194165456554
555,3,train,6,0.025895477376788503,0.16092071767422772,0.022020168348011987,0.14839194165456554
555,-1,train,54,0.022020168348011987,0.14839194165456554,0.022020168348011987,0.14839194165456554
556,0,train,16,0.02941157360640615,0.1714980279956774,0.019205048264764827,0.13858227976463955
556,1,train,16,0.027963771427088085,0.16722371670037742,0.019205048264764827,0.13858227976463955
556,2,train,16,0.011347145481723924,0.10652298100280486,0.019205048264764827,0.13858227976463955
556,3,train,6,0.00809770254384115,0.08998723544948556,0.019205048264764827,0.13858227976463955
556,-1,train,54,0.019205048264764827,0.13858227976463955,0.019205048264764827,0.13858227976463955
557,0,train,16,0.021826712981644406,0.14773866447766612,0.0230360181305288,0.1517762106870797
557,1,train,16,0.011312253182866452,0.10635907663601848,0.0230360181305288,0.1517762106870797
557,2,train,16,0.026074039069923505,0.16147457716285715,0.0230360181305288,0.1517762106870797
557,3,train,6,0.03293106728768085,0.18146919101511655,0.0230360181305288,0.1517762106870797
557,-1,train,54,0.0230360181305288,0.1517762106870797,0.0230360181305288,0.1517762106870797
558,0,train,16,0.031252312301016695,0.17678323535057472,0.019954113960936437,0.14125903143139712
558,1,train,16,0.012775884609294668,0.1130304587679563,0.019954113960936437,0.14125903143139712
558,2,train,16,0.022314646060316235,0.14938087581854725,0.019954113960936437,0.14125903143139712
558,3,train,6,0.013473612873118154,0.11607589273022265,0.019954113960936437,0.14125903143139712
558,-1,train,54,0.019954113960936437,0.14125903143139712,0.019954113960936437,0.14125903143139712
559,0,train,16,0.03552815194857909,0.18848912952363883,0.018611098809744445,0.1364225011123328
559,1,train,16,0.007700329670386738,0.08775152232518099,0.018611098809744445,0.1364225011123328
559,2,train,16,0.026082129716354607,0.1614996276043837,0.018611098809744445,0.1364225011123328
559,3,train,6,0.005133783903657343,0.07165042849597861,0.018611098809744445,0.1364225011123328
559,-1,train,54,0.018611098809744445,0.1364225011123328,0.018611098809744445,0.1364225011123328
560,0,train,16,0.011852666060110442,0.10886995021634961,0.02067021941295411,0.14377141375445296
560,1,train,16,0.033849773380513246,0.18398307906031264,0.02067021941295411,0.14377141375445296
560,2,train,16,0.01837554704336212,0.13555643490208097,0.02067021941295411,0.14377141375445296
560,3,train,6,0.01860289116783063,0.13639241609353003,0.02067021941295411,0.14377141375445296
560,-1,train,54,0.02067021941295411,0.14377141375445296,0.02067021941295411,0.14377141375445296
561,0,train,16,0.02091761992874685,0.1446292499072952,0.018655331305337964,0.13658452073839833
561,1,train,16,0.01215779487815523,0.11026239104134841,0.018655331305337964,0.13658452073839833
561,2,train,16,0.03557749516151208,0.18861997551031567,0.018655331305337964,0.13658452073839833
561,3,train,6,0.005968415252937684,0.0772555192393248,0.018655331305337964,0.13658452073839833
561,-1,train,54,0.018655331305337964,0.13658452073839833,0.018655331305337964,0.13658452073839833
562,0,train,16,0.01641426376895846,0.1281181633062169,0.01840908977965178,0.13568010089785376
562,1,train,16,0.03162181293834697,0.1778252314446602,0.01840908977965178,0.13568010089785376
562,2,train,16,0.02096981007445994,0.14480956485833366,0.01840908977965178,0.13568010089785376
562,3,train,6,0.004630472336841748,0.06804757407021758,0.01840908977965178,0.13568010089785376
562,-1,train,54,0.01840908977965178,0.13568010089785376,0.01840908977965178,0.13568010089785376
563,0,train,16,0.018918670676710724,0.13754515868146985,0.01829231336922858,0.13524907899586075
563,1,train,16,0.019941060522484365,0.14121281996505972,0.01829231336922858,0.13524907899586075
563,2,train,16,0.030176433529760526,0.17371365383803464,0.01829231336922858,0.13524907899586075
563,3,train,6,0.004133088747958701,0.0642891028710053,0.01829231336922858,0.13524907899586075
563,-1,train,54,0.01829231336922858,0.13524907899586075,0.01829231336922858,0.13524907899586075
564,0,train,16,0.03301129342437822,0.18169010271442476,0.024901232687933147,0.15780124425343783
564,1,train,16,0.010210290133502211,0.10104598029363766,0.024901232687933147,0.15780124425343783
564,2,train,16,0.009743190503999364,0.0987076010446985,0.024901232687933147,0.15780124425343783
564,3,train,6,0.046640156689852795,0.21596332255698603,0.024901232687933147,0.15780124425343783
564,-1,train,54,0.024901232687933147,0.15780124425343783,0.024901232687933147,0.15780124425343783
565,0,train,16,0.016436445367795028,0.12820470103625306,0.02054625449166029,0.14333964731245954
565,1,train,16,0.023722189542261258,0.15402009460541588,0.02054625449166029,0.14333964731245954
565,2,train,16,0.023010437981606898,0.15169191798380988,0.02054625449166029,0.14333964731245954
565,3,train,6,0.01901594507497797,0.13789831425720175,0.02054625449166029,0.14333964731245954
565,-1,train,54,0.02054625449166029,0.14333964731245954,0.02054625449166029,0.14333964731245954
566,0,train,16,0.02061648208566371,0.14358440752973045,0.021780322928478577,0.1475815805867337
566,1,train,16,0.02043636297992641,0.14295580778662478,0.021780322928478577,0.1475815805867337
566,2,train,16,0.01888680890150124,0.1374292869133113,0.021780322928478577,0.1475815805867337
566,3,train,6,0.02718163774682295,0.16486854686938607,0.021780322928478577,0.1475815805867337
566,-1,train,54,0.021780322928478577,0.1475815805867337,0.021780322928478577,0.1475815805867337
567,0,train,16,0.01991043729076345,0.1411043489434803,0.01828680612863593,0.13522871783994675
567,1,train,16,0.020191445374660368,0.1420966057816314,0.01828680612863593,0.13522871783994675
567,2,train,16,0.027976107571855,0.16726059778637348,0.01828680612863593,0.13522871783994675
567,3,train,6,0.005069234277264916,0.07119855530321466,0.01828680612863593,0.13522871783994675
567,-1,train,54,0.01828680612863593,0.13522871783994675,0.01828680612863593,0.13522871783994675
568,0,train,16,0.01615203134261672,0.12709064223071942,0.02096975536863092,0.14480937596934434
568,1,train,16,0.016182654608100755,0.12721106322997522,0.02096975536863092,0.14480937596934434
568,2,train,16,0.02903481693032086,0.1703960590222698,0.02096975536863092,0.14480937596934434
568,3,train,6,0.02250951859348534,0.15003172528997105,0.02096975536863092,0.14480937596934434
568,-1,train,54,0.02096975536863092,0.14480937596934434,0.02096975536863092,0.14480937596934434
569,0,train,16,0.013939365344876872,0.11806508944170106,0.01814160814785901,0.13469078716771615
569,1,train,16,0.025082285762394053,0.15837387967210392,0.01814160814785901,0.13469078716771615
569,2,train,16,0.028896441988944317,0.16998953493949068,0.01814160814785901,0.13469078716771615
569,3,train,6,0.0046483394952208015,0.06817873198601454,0.01814160814785901,0.13469078716771615
569,-1,train,54,0.01814160814785901,0.13469078716771615,0.01814160814785901,0.13469078716771615
570,0,train,16,0.029450492263590693,0.17161145726201002,0.02229842947211541,0.14932658662179155
570,1,train,16,0.015445969140872906,0.12428181339549607,0.02229842947211541,0.14932658662179155
570,2,train,16,0.012798570281750913,0.11313076629171621,0.02229842947211541,0.14932658662179155
570,3,train,6,0.031498686202247134,0.17747869224852636,0.02229842947211541,0.14932658662179155
570,-1,train,54,0.02229842947211541,0.14932658662179155,0.02229842947211541,0.14932658662179155
571,0,train,16,0.01984243340134642,0.14086317262274914,0.019828079042496696,0.14081221197927649
571,1,train,16,0.018349593847276996,0.13546067269608916,0.019828079042496696,0.14081221197927649
571,2,train,16,0.025153081789225446,0.15859723134161405,0.019828079042496696,0.14081221197927649
571,3,train,6,0.015967207132137923,0.12636141472830195,0.019828079042496696,0.14081221197927649
571,-1,train,54,0.019828079042496696,0.14081221197927649,0.019828079042496696,0.14081221197927649
572,0,train,16,0.028737837156186125,0.1695223795142875,0.02152316760010084,0.14670776257615287
572,1,train,16,0.025677262283192986,0.16024126273589143,0.02152316760010084,0.14670776257615287
572,2,train,16,0.004674965664821827,0.06837372057173594,0.02152316760010084,0.14670776257615287
572,3,train,6,0.02700260529620242,0.16432469472420272,0.02152316760010084,0.14670776257615287
572,-1,train,54,0.02152316760010084,0.14670776257615287,0.02152316760010084,0.14670776257615287
573,0,train,16,0.018682216371544595,0.13668290445971873,0.018099649029807357,0.1345349360939654
573,1,train,16,0.026925270938248036,0.1640892163984216,0.018099649029807357,0.1345349360939654
573,2,train,16,0.021375053277294276,0.14620209737652287,0.018099649029807357,0.1345349360939654
573,3,train,6,0.005416055532142513,0.07359385526076558,0.018099649029807357,0.1345349360939654
573,-1,train,54,0.018099649029807357,0.1345349360939654,0.018099649029807357,0.1345349360939654
574,0,train,16,0.03233046722106605,0.17980674965380486,0.019206362534654884,0.13858702152313862
574,1,train,16,0.01113578744532659,0.10552624055336468,0.019206362534654884,0.13858702152313862
574,2,train,16,0.020601871168251,0.14353351931953387,0.019206362534654884,0.13858702152313862
574,3,train,6,0.012757324303975902,0.11294832581307215,0.019206362534654884,0.13858702152313862
574,-1,train,54,0.019206362534654884,0.13858702152313862,0.019206362534654884,0.13858702152313862
575,0,train,16,0.022749840998276764,0.15083050420348254,0.022879696923806644,0.1512603613766893
575,1,train,16,0.025343856737214992,0.1591975399848094,0.022879696923806644,0.1512603613766893
575,2,train,16,0.006910685870805118,0.08313053512882687,0.022879696923806644,0.1512603613766893
575,3,train,6,0.036514404088929704,0.19108742525066819,0.022879696923806644,0.1512603613766893
575,-1,train,54,0.022879696923806644,0.1512603613766893,0.022879696923806644,0.1512603613766893
576,0,train,16,0.01719929814037019,0.13114609464398927,0.018024972227766663,0.13425711239173388
576,1,train,16,0.024596389140609007,0.15683235999183653,0.018024972227766663,0.13425711239173388
576,2,train,16,0.024608164269962877,0.15686989599653234,0.018024972227766663,0.13425711239173388
576,3,train,6,0.005696037360124582,0.07547209656637731,0.018024972227766663,0.13425711239173388
576,-1,train,54,0.018024972227766663,0.13425711239173388,0.018024972227766663,0.13425711239173388
577,0,train,16,0.021594191884435936,0.14694962362808534,0.01906397931277976,0.138072369838356
577,1,train,16,0.035445762241134,0.18827044972893117,0.01906397931277976,0.138072369838356
577,2,train,16,0.006657690835868131,0.08159467406557937,0.01906397931277976,0.138072369838356
577,3,train,6,0.012558272289680964,0.11206369746568673,0.01906397931277976,0.138072369838356
577,-1,train,54,0.01906397931277976,0.138072369838356,0.01906397931277976,0.138072369838356
578,0,train,16,0.016209257689628723,0.12731558305890417,0.02069159058311434,0.14384571798671777
578,1,train,16,0.01479915279406857,0.1216517685612033,0.02069159058311434,0.14384571798671777
578,2,train,16,0.028486818722850138,0.1687803860727014,0.02069159058311434,0.14384571798671777
578,3,train,6,0.023271133125909938,0.1525487893295451,0.02069159058311434,0.14384571798671777
578,-1,train,54,0.02069159058311434,0.14384571798671777,0.02069159058311434,0.14384571798671777
579,0,train,16,0.013245940575256587,0.11509100996714117,0.020733400225147407,0.14399097272102654
579,1,train,16,0.01489231217928561,0.12203406155367283,0.020733400225147407,0.14399097272102654
579,2,train,16,0.031027742365389792,0.17614693402211062,0.020733400225147407,0.14399097272102654
579,3,train,6,0.023767605780657633,0.15416746018747807,0.020733400225147407,0.14399097272102654
579,-1,train,54,0.020733400225147407,0.14399097272102654,0.020733400225147407,0.14399097272102654
580,0,train,16,0.01823501852333243,0.13503710054400767,0.021100427013205206,0.14525986029597165
580,1,train,16,0.0186674053753915,0.13662871358316853,0.021100427013205206,0.14525986029597165
580,2,train,16,0.021122790304315305,0.14533681675444562,0.021100427013205206,0.14525986029597165
580,3,train,6,0.02637649384978159,0.16240841680707804,0.021100427013205206,0.14525986029597165
580,-1,train,54,0.021100427013205206,0.14525986029597165,0.021100427013205206,0.14525986029597165
581,0,train,16,0.025265964718292504,0.1589527122080416,0.01772823870442465,0.13314743221115702
581,1,train,16,0.007964762661343362,0.08924551899867782,0.01772823870442465,0.13314743221115702
581,2,train,16,0.03265682164114577,0.18071198532788513,0.01772823870442465,0.13314743221115702
581,3,train,6,0.005025405796916957,0.0708900966067684,0.01772823870442465,0.13314743221115702
581,-1,train,54,0.01772823870442465,0.13314743221115702,0.01772823870442465,0.13314743221115702
582,0,train,16,0.0066410183893997245,0.08149244375645956,0.01794799403707445,0.1339701236734312
582,1,train,16,0.027296145209400158,0.16521545087975326,0.01794799403707445,0.1339701236734312
582,2,train,16,0.031174063863535724,0.17656178483334303,0.01794799403707445,0.1339701236734312
582,3,train,6,0.006680748685962188,0.0817358470070641,0.01794799403707445,0.1339701236734312
582,-1,train,54,0.01794799403707445,0.1339701236734312,0.01794799403707445,0.1339701236734312
583,0,train,16,0.014465600462544914,0.12027302466698389,0.018206724974594767,0.13493229774444207
583,1,train,16,0.027367077888004483,0.16542997880675825,0.018206724974594767,0.13493229774444207
583,2,train,16,0.022409681030820118,0.1496986340312433,0.018206724974594767,0.13493229774444207
583,3,train,6,0.008584540517009555,0.09265279551643088,0.018206724974594767,0.13493229774444207
583,-1,train,54,0.018206724974594767,0.13493229774444207,0.018206724974594767,0.13493229774444207
584,0,train,16,0.022456759578223885,0.1498557959447144,0.02192365572461286,0.1480663895845808
584,1,train,16,0.017405630471894695,0.1319304001051111,0.02192365572461286,0.1480663895845808
584,2,train,16,0.015216351289531155,0.12335457547059678,0.02192365572461286,0.1480663895845808
584,3,train,6,0.0326158815588017,0.18059867540710728,0.02192365572461286,0.1480663895845808
584,-1,train,54,0.02192365572461286,0.1480663895845808,0.02192365572461286,0.1480663895845808
585,0,train,16,0.005405979964410655,0.07352536952923565,0.020595940765986767,0.14351285923563353
585,1,train,16,0.033340769314292126,0.182594548972011,0.020595940765986767,0.14351285923563353
585,2,train,16,0.019284025935546373,0.13886693607747805,0.020595940765986767,0.14351285923563353
585,3,train,6,0.02435298784969792,0.15605443873756977,0.020595940765986767,0.14351285923563353
585,-1,train,54,0.020595940765986767,0.14351285923563353,0.020595940765986767,0.14351285923563353
586,0,train,16,0.026205238126860923,0.1618803203816354,0.020563547332000887,0.14339995582984288
586,1,train,16,0.004765445029655814,0.0690322028451636,0.020563547332000887,0.14339995582984288
586,2,train,16,0.02688317562041631,0.16396089661994506,0.020563547332000887,0.14339995582984288
586,3,train,6,0.024400330551070503,0.15620605158274278,0.020563547332000887,0.14339995582984288
586,-1,train,54,0.020563547332000887,0.14339995582984288,0.020563547332000887,0.14339995582984288
587,0,train,16,0.02078944659058262,0.14418545901228258,0.017227283409984456,0.13125274629501835
587,1,train,16,0.01935959670134885,0.1391387677872305,0.017227283409984456,0.13125274629501835
587,2,train,16,0.02546567374139964,0.15957967834721198,0.017227283409984456,0.13125274629501835
587,3,train,6,0.003294416606606701,0.05739700869040739,0.017227283409984456,0.13125274629501835
587,-1,train,54,0.017227283409984456,0.13125274629501835,0.017227283409984456,0.13125274629501835
588,0,train,16,0.011961322209669629,0.109367829866326,0.01741522957114682,0.13196677449701807
588,1,train,16,0.025701654922909684,0.16031735689846463,0.01741522957114682,0.13196677449701807
588,2,train,16,0.027232432766247983,0.16502252199699283,0.01741522957114682,0.13196677449701807
588,3,train,6,0.004765508385759997,0.06903266173167595,0.01741522957114682,0.13196677449701807
588,-1,train,54,0.01741522957114682,0.13196677449701807,0.01741522957114682,0.13196677449701807
589,0,train,16,0.014112559608755676,0.1187962945918587,0.020585303367021066,0.14347579366227972
589,1,train,16,0.019697348755230756,0.14034724348996228,0.020585303367021066,0.14347579366227972
589,2,train,16,0.02324101058192122,0.1524500265067908,0.020585303367021066,0.14347579366227972
589,3,train,6,0.025290294522176616,0.15902922537123992,0.020585303367021066,0.14347579366227972
589,-1,train,54,0.020585303367021066,0.14347579366227972,0.020585303367021066,0.14347579366227972
590,0,train,16,0.012235112852171047,0.11061244438204522,0.018593052282689825,0.13635634302330724
590,1,train,16,0.022670505729221253,0.15056727974304793,0.018593052282689825,0.13635634302330724
590,2,train,16,0.02670427310179943,0.1634144213397319,0.018593052282689825,0.13635634302330724
590,3,train,6,0.012762317447567572,0.11297042731426474,0.018593052282689825,0.13635634302330724
590,-1,train,54,0.018593052282689825,0.13635634302330724,0.018593052282689825,0.13635634302330724
591,0,train,16,0.02564233905688778,0.16013225489228514,0.01777313465940012,0.13331592050239208
591,1,train,16,0.01834048870002814,0.13542706044224745,0.01777313465940012,0.13331592050239208
591,2,train,16,0.019368203060686005,0.13916969160232412,0.01777313465940012,0.13331592050239208
591,3,train,6,0.007741507819998544,0.08798583874691736,0.01777313465940012,0.13331592050239208
591,-1,train,54,0.01777313465940012,0.13331592050239208,0.01777313465940012,0.13331592050239208
592,0,train,16,0.023382689369448668,0.1529139933735584,0.01954868610173772,0.13981661597155653
592,1,train,16,0.019749140586053905,0.1405316355346863,0.01954868610173772,0.13981661597155653
592,2,train,16,0.01572493139637388,0.12539908849897546,0.01954868610173772,0.13981661597155653
592,3,train,6,0.019337983055074434,0.13906107670759074,0.01954868610173772,0.13981661597155653
592,-1,train,54,0.01954868610173772,0.13981661597155653,0.01954868610173772,0.13981661597155653
593,0,train,16,0.01533379740964395,0.12382971133635073,0.028724893427342055,0.1694841981641417
593,1,train,16,0.010424571517176903,0.10210079097233725,0.028724893427342055,0.1694841981641417
593,2,train,16,0.010856851106194037,0.10419621445232086,0.028724893427342055,0.1694841981641417
593,3,train,6,0.07828435367635334,0.2797934124963512,0.028724893427342055,0.1694841981641417
593,-1,train,54,0.028724893427342055,0.1694841981641417,0.028724893427342055,0.1694841981641417
594,0,train,16,0.01627654571128945,0.12757956619807675,0.020937122016464218,0.14469665516681515
594,1,train,16,0.026509020828307084,0.16281591085734554,0.020937122016464218,0.14469665516681515
594,2,train,16,0.01221276622438597,0.11051138504419339,0.020937122016464218,0.14469665516681515
594,3,train,6,0.028750155301874376,0.16955870753775631,0.020937122016464218,0.14469665516681515
594,-1,train,54,0.020937122016464218,0.14469665516681515,0.020937122016464218,0.14469665516681515
595,0,train,16,0.01722774602013613,0.13125450857070065,0.020297316657421825,0.14246865149015
595,1,train,16,0.02121289824171878,0.14564648379455916,0.020297316657421825,0.14246865149015
595,2,train,16,0.01777851009294415,0.13333607948692713,0.020297316657421825,0.14246865149015
595,3,train,6,0.024970112274888243,0.15801934145821595,0.020297316657421825,0.14246865149015
595,-1,train,54,0.020297316657421825,0.14246865149015,0.020297316657421825,0.14246865149015
596,0,train,16,0.016987200388620928,0.13033495459246888,0.019080095865686666,0.1381307202098312
596,1,train,16,0.02803511864201639,0.16743690943760395,0.019080095865686666,0.1381307202098312
596,2,train,16,0.013865678318826614,0.1177526149129038,0.019080095865686666,0.1381307202098312
596,3,train,6,0.017432386113282742,0.13203176175936887,0.019080095865686666,0.1381307202098312
596,-1,train,54,0.019080095865686666,0.1381307202098312,0.019080095865686666,0.1381307202098312
597,0,train,16,0.011613686366964802,0.10776681477600052,0.020088037573325154,0.1417322742826247
597,1,train,16,0.02694803739257099,0.16415857392342012,0.020088037573325154,0.1417322742826247
597,2,train,16,0.017659110295342194,0.1328875851813938,0.020088037573325154,0.1417322742826247
597,3,train,6,0.024131316238422632,0.15534257703032556,0.020088037573325154,0.1417322742826247
597,-1,train,54,0.020088037573325154,0.1417322742826247,0.020088037573325154,0.1417322742826247
598,0,train,16,0.018287290965590265,0.13523051048336046,0.020305244418747294,0.14249647160104453
598,1,train,16,0.014746727019572078,0.12143610262015196,0.020305244418747294,0.14249647160104453
598,2,train,16,0.0224159417910645,0.1497195437845858,0.020305244418747294,0.14249647160104453
598,3,train,6,0.02577101789876234,0.16053354135121525,0.020305244418747294,0.14249647160104453
598,-1,train,54,0.020305244418747294,0.14249647160104453,0.020305244418747294,0.14249647160104453
599,0,train,16,0.02425357209975165,0.1557355839227235,0.021287308271442602,0.14590170756863197
599,1,train,16,0.005395678314478771,0.07345528105234349,0.021287308271442602,0.14590170756863197
599,2,train,16,0.02320944798221124,0.1523464734813748,0.021287308271442602,0.14590170756863197
599,3,train,6,0.03229053468932874,0.17969567242793785,0.021287308271442602,0.14590170756863197
599,-1,train,54,0.021287308271442602,0.14590170756863197,0.021287308271442602,0.14590170756863197
600,0,train,16,0.018116035803442027,0.1345958238707354,0.01899777566141143,0.1378324187606509
600,1,train,16,0.03044239502794202,0.17447749146506555,0.01899777566141143,0.1378324187606509
600,2,train,16,0.009586836951560096,0.09791239426936764,0.01899777566141143,0.1378324187606509
600,3,train,6,0.017845834862701585,0.13358830361488083,0.01899777566141143,0.1378324187606509
600,-1,train,54,0.01899777566141143,0.1378324187606509,0.01899777566141143,0.1378324187606509
601,0,train,16,0.026345888338280683,0.1623141655502707,0.017701837998073428,0.13304825439694212
601,1,train,16,0.025629925533862653,0.16009348997964487,0.017701837998073428,0.13304825439694212
601,2,train,16,0.009041265696920377,0.0950855703927803,0.017701837998073428,0.13304825439694212
601,3,train,6,0.00979027242323,0.09894580548578095,0.017701837998073428,0.13304825439694212
601,-1,train,54,0.017701837998073428,0.13304825439694212,0.017701837998073428,0.13304825439694212
602,0,train,16,0.015348422504700185,0.12388875051714819,0.01969671002624257,0.14034496794058052
602,1,train,16,0.01914164931836661,0.13835334950179778,0.01969671002624257,0.14034496794058052
602,2,train,16,0.02143197721557672,0.14639664345734407,0.01969671002624257,0.14034496794058052
602,3,train,6,0.022864791066326773,0.1512110811624822,0.01969671002624257,0.14034496794058052
602,-1,train,54,0.01969671002624257,0.14034496794058052,0.01969671002624257,0.14034496794058052
603,0,train,16,0.01771242033598011,0.13308801725166736,0.01916118585577642,0.1384239352705175
603,1,train,16,0.02409295974743573,0.15521907017965197,0.01916118585577642,0.1384239352705175
603,2,train,16,0.015139327099074656,0.12304197291605273,0.01916118585577642,0.1384239352705175
603,3,train,6,0.01970003624061518,0.1403568175779687,0.01916118585577642,0.1384239352705175
603,-1,train,54,0.01916118585577642,0.1384239352705175,0.01916118585577642,0.1384239352705175
604,0,train,16,0.02108236767537227,0.14519768481409154,0.017537484320592694,0.13242916718228162
604,1,train,16,0.008511667060159345,0.09225869639312786,0.017537484320592694,0.13242916718228162
604,2,train,16,0.03101461973317582,0.17610968097516905,0.017537484320592694,0.13242916718228162
604,3,train,6,0.00954128281366334,0.09767949024059933,0.017537484320592694,0.13242916718228162
604,-1,train,54,0.017537484320592694,0.13242916718228162,0.017537484320592694,0.13242916718228162
605,0,train,16,0.013376401507300528,0.1156563941479265,0.020261051584978294,0.1423413207223338
605,1,train,16,0.028343189073563434,0.1683543556714926,0.020261051584978294,0.1423413207223338
605,2,train,16,0.012090153419323013,0.10995523370591785,0.020261051584978294,0.1423413207223338
605,3,train,6,0.0272344623397262,0.16502867126571127,0.020261051584978294,0.1423413207223338
605,-1,train,54,0.020261051584978294,0.1423413207223338,0.020261051584978294,0.1423413207223338
606,0,train,16,0.02230816857290422,0.1493591931315385,0.01891657056606833,0.13753752421091608
606,1,train,16,0.023291865439494346,0.1526167272598071,0.01891657056606833,0.13753752421091608
606,2,train,16,0.011217083894709136,0.10591073550263512,0.01891657056606833,0.13753752421091608
606,3,train,6,0.018849164357165618,0.13729225891202176,0.01891657056606833,0.13753752421091608
606,-1,train,54,0.01891657056606833,0.13753752421091608,0.01891657056606833,0.13753752421091608
607,0,train,16,0.03083217796133537,0.17559093929168262,0.016699621651855148,0.12922701595198718
607,1,train,16,0.009260366940628208,0.09623080037403933,0.016699621651855148,0.12922701595198718
607,2,train,16,0.021803085204426077,0.14765867805322544,0.016699621651855148,0.12922701595198718
607,3,train,6,0.0049028565010309335,0.07002040060604434,0.016699621651855148,0.12922701595198718
607,-1,train,54,0.016699621651855148,0.12922701595198718,0.016699621651855148,0.12922701595198718
608,0,train,16,0.019178855790757714,0.1384877459949353,0.019482314099394677,0.13957906039014117
608,1,train,16,0.018779006212302378,0.1370365141570026,0.019482314099394677,0.13957906039014117
608,2,train,16,0.016998028960384992,0.13037648929306614,0.019482314099394677,0.13957906039014117
608,3,train,6,0.022973365434133627,0.15156967188106474,0.019482314099394677,0.13957906039014117
608,-1,train,54,0.019482314099394677,0.13957906039014117,0.019482314099394677,0.13957906039014117
609,0,train,16,0.0193530071816476,0.1391150861037278,0.022652095008473122,0.15050612947143754
609,1,train,16,0.012876541572286442,0.11347484995489725,0.022652095008473122,0.15050612947143754
609,2,train,16,0.014899589644307884,0.12206387526335498,0.022652095008473122,0.15050612947143754
609,3,train,6,0.04347924163565056,0.20851676583826673,0.022652095008473122,0.15050612947143754
609,-1,train,54,0.022652095008473122,0.15050612947143754,0.022652095008473122,0.15050612947143754
610,0,train,16,0.016565715291017562,0.12870786802296727,0.01711660155581457,0.13083043054203625
610,1,train,16,0.016660531211332173,0.12907568016993817,0.01711660155581457,0.13083043054203625
610,2,train,16,0.026947639780165955,0.16415736285700364,0.01711660155581457,0.13083043054203625
610,3,train,6,0.008292519940742598,0.09106327437964548,0.01711660155581457,0.13083043054203625
610,-1,train,54,0.01711660155581457,0.13083043054203625,0.01711660155581457,0.13083043054203625
611,0,train,16,0.019753203466240023,0.14054609018482167,0.017277765027130156,0.13144491251900986
611,1,train,16,0.023151683890780667,0.15215677405485656,0.017277765027130156,0.13144491251900986
611,2,train,16,0.016652787950466506,0.1290456816420701,0.017277765027130156,0.13144491251900986
611,3,train,6,0.00955338480103342,0.097741418042882,0.017277765027130156,0.13144491251900986
611,-1,train,54,0.017277765027130156,0.13144491251900986,0.017277765027130156,0.13144491251900986
612,0,train,16,0.011063016528932674,0.10518087530027821,0.018831865079629646,0.1372292428006132
612,1,train,16,0.026964989446420652,0.16421019897199032,0.018831865079629646,0.1372292428006132
612,2,train,16,0.017562090005280896,0.13252203592339237,0.018831865079629646,0.1372292428006132
612,3,train,6,0.019737364337884356,0.14048973036448023,0.018831865079629646,0.1372292428006132
612,-1,train,54,0.018831865079629646,0.1372292428006132,0.018831865079629646,0.1372292428006132
613,0,train,16,0.011697315988431411,0.10815413070443224,0.016689452530348918,0.12918766400221393
613,1,train,16,0.021895347171671485,0.14797076458433092,0.016689452530348918,0.12918766400221393
613,2,train,16,0.02690074711703816,0.16401447227924174,0.016689452530348918,0.12918766400221393
613,3,train,6,0.006264399844254619,0.07914796171888837,0.016689452530348918,0.12918766400221393
613,-1,train,54,0.016689452530348918,0.12918766400221393,0.016689452530348918,0.12918766400221393
614,0,train,16,0.01582928468364719,0.12581448519008925,0.02177118327904056,0.14755061260137337
614,1,train,16,0.009014562385275787,0.09494504929313474,0.02177118327904056,0.14755061260137337
614,2,train,16,0.02322944254668466,0.15241208136720874,0.02177118327904056,0.14755061260137337
614,3,train,6,0.039011443500554605,0.19751314766504685,0.02177118327904056,0.14755061260137337
614,-1,train,54,0.02177118327904056,0.14755061260137337,0.02177118327904056,0.14755061260137337
615,0,train,16,0.007696284338928046,0.08772846937527205,0.02286264987934087,0.15120400087081318
615,1,train,16,0.013726741393861663,0.11716117699076628,0.02286264987934087,0.15120400087081318
615,2,train,16,0.02378447402686142,0.15422215802815567,0.02286264987934087,0.15120400087081318
615,3,train,6,0.04624309975771235,0.21504208834019528,0.02286264987934087,0.15120400087081318
615,-1,train,54,0.02286264987934087,0.15120400087081318,0.02286264987934087,0.15120400087081318
616,0,train,16,0.012931836456624579,0.11371823273611219,0.020547759861489996,0.1433448982750694
616,1,train,16,0.019999989916137113,0.14142132058546586,0.020547759861489996,0.1433448982750694
616,2,train,16,0.017562405542269555,0.13252322642567058,0.020547759861489996,0.1433448982750694
616,3,train,6,0.031696807530928746,0.17803597257556897,0.020547759861489996,0.1433448982750694
616,-1,train,54,0.020547759861489996,0.1433448982750694,0.020547759861489996,0.1433448982750694
617,0,train,16,0.014573725579510819,0.12072168645074015,0.0163435313331106,0.1278418215339198
617,1,train,16,0.0212233078995681,0.14568221545393967,0.0163435313331106,0.1278418215339198
617,2,train,16,0.024606517261680984,0.15686464630910618,0.0163435313331106,0.1278418215339198
617,3,train,6,0.0049705745916824905,0.07050230203108612,0.0163435313331106,0.1278418215339198
617,-1,train,54,0.0163435313331106,0.1278418215339198,0.0163435313331106,0.1278418215339198
618,0,train,16,0.013605380733546751,0.11664210532027769,0.018447761878800734,0.13582253818420834
618,1,train,16,0.017898417670613252,0.13378496802934645,0.018447761878800734,0.13582253818420834
618,2,train,16,0.023584850331879053,0.1535735990718426,0.018447761878800734,0.13582253818420834
618,3,train,6,0.018702398779163878,0.136756713835789,0.018447761878800734,0.13582253818420834
618,-1,train,54,0.018447761878800734,0.13582253818420834,0.018447761878800734,0.13582253818420834
619,0,train,16,0.014497483146170193,0.12040549466768613,0.01834890491665445,0.13545812975474913
619,1,train,16,0.014914500512592698,0.12212493812728299,0.01834890491665445,0.13545812975474913
619,2,train,16,0.02568721684827362,0.16027232090499477,0.01834890491665445,0.13545812975474913
619,3,train,6,0.01829641915958129,0.1352642567701508,0.01834890491665445,0.13545812975474913
619,-1,train,54,0.01834890491665445,0.13545812975474913,0.01834890491665445,0.13545812975474913
620,0,train,16,0.02414587389504566,0.15538942658702895,0.016238588176437037,0.12743071912391077
620,1,train,16,0.026101743113865823,0.16156033892594376,0.016238588176437037,0.12743071912391077
620,2,train,16,0.009729349070949057,0.09863746281686821,0.016238588176437037,0.12743071912391077
620,3,train,6,0.0049773866258876025,0.07055059621213419,0.016238588176437037,0.12743071912391077
620,-1,train,54,0.016238588176437037,0.12743071912391077,0.016238588176437037,0.12743071912391077
621,0,train,16,0.014771172204806043,0.12153671134602105,0.02249389320339054,0.1499796426298934
621,1,train,16,0.01415213217413119,0.11896273439246086,0.02249389320339054,0.1499796426298934
621,2,train,16,0.01574870990091846,0.12549386399708337,0.02249389320339054,0.1499796426298934
621,3,train,6,0.04530355853370648,0.212846326098682,0.02249389320339054,0.1499796426298934
621,-1,train,54,0.02249389320339054,0.1499796426298934,0.02249389320339054,0.1499796426298934
622,0,train,16,0.009042037576544171,0.09508962917450131,0.02270072184419309,0.15066758723824142
622,1,train,16,0.01604780717323734,0.1266799399006699,0.02270072184419309,0.15066758723824142
622,2,train,16,0.01882398759487408,0.1372005378811398,0.02270072184419309,0.15066758723824142
622,3,train,6,0.04688905503211678,0.21653880721966856,0.02270072184419309,0.15066758723824142
622,-1,train,54,0.02270072184419309,0.15066758723824142,0.02270072184419309,0.15066758723824142
623,0,train,16,0.00898239391184503,0.09477549214773316,0.01610436397110366,0.12690297069455725
623,1,train,16,0.019415682578120562,0.13934016857360465,0.01610436397110366,0.12690297069455725
623,2,train,16,0.031100921930070656,0.17635453475902074,0.01610436397110366,0.12690297069455725
623,3,train,6,0.004918457464378393,0.07013171511077133,0.01610436397110366,0.12690297069455725
623,-1,train,54,0.01610436397110366,0.12690297069455725,0.01610436397110366,0.12690297069455725
624,0,train,16,0.023196500699107836,0.1523039746661519,0.016347692302357962,0.1278580943951456
624,1,train,16,0.012950854511828949,0.11380182121490388,0.016347692302357962,0.1278580943951456
624,2,train,16,0.02255556267080239,0.15018509470251165,0.016347692302357962,0.1278580943951456
624,3,train,6,0.006687851327692673,0.08177928422096072,0.016347692302357962,0.1278580943951456
624,-1,train,54,0.016347692302357962,0.1278580943951456,0.016347692302357962,0.1278580943951456
625,0,train,16,0.01294107964909858,0.1137588662439046,0.01910372162888604,0.13821621333579517
625,1,train,16,0.022812871743155532,0.151039305292217,0.01910372162888604,0.13821621333579517
625,2,train,16,0.01610396681356962,0.1269014058770415,0.01910372162888604,0.13821621333579517
625,3,train,6,0.024556968309720435,0.15670663135209192,0.01910372162888604,0.13821621333579517
625,-1,train,54,0.01910372162888604,0.13821621333579517,0.01910372162888604,0.13821621333579517
626,0,train,16,0.022271388268874183,0.14923601532094785,0.01773724814974628,0.1331812605051712
626,1,train,16,0.02087597110096654,0.14448519336238763,0.01773724814974628,0.1331812605051712
626,2,train,16,0.011799364153836311,0.10862487815337843,0.01773724814974628,0.1331812605051712
626,3,train,6,0.016002269075308075,0.12650007539645214,0.01773724814974628,0.1331812605051712
626,-1,train,54,0.01773724814974628,0.1331812605051712,0.01773724814974628,0.1331812605051712
627,0,train,16,0.020122554137917782,0.14185398879805172,0.018381057774157956,0.13557675971256267
627,1,train,16,0.017292795020130418,0.13150207230355884,0.018381057774157956,0.13557675971256267
627,2,train,16,0.01570345059229316,0.12531340946719613,0.018381057774157956,0.13557675971256267
627,3,train,6,0.02040543134629046,0.14284758082057414,0.018381057774157956,0.13557675971256267
627,-1,train,54,0.018381057774157956,0.13557675971256267,0.018381057774157956,0.13557675971256267
628,0,train,16,0.011132911971143439,0.1055126152227469,0.01609323625299911,0.126859119707647
628,1,train,16,0.03364676649709292,0.1834305495196831,0.01609323625299911,0.126859119707647
628,2,train,16,0.013628442204342072,0.11674091915152147,0.01609323625299911,0.126859119707647
628,3,train,6,0.005964824339418016,0.07723227524434338,0.01609323625299911,0.126859119707647
628,-1,train,54,0.01609323625299911,0.126859119707647,0.01609323625299911,0.126859119707647
629,0,train,16,0.023831516061376765,0.15437459655453925,0.015818714581388352,0.12577247147682338
629,1,train,16,0.01913452331496257,0.13832759419205762,0.015818714581388352,0.12577247147682338
629,2,train,16,0.015855854195140805,0.12592003095274718,0.015818714581388352,0.12577247147682338
629,3,train,6,0.004452964754073261,0.06673053839190315,0.015818714581388352,0.12577247147682338
629,-1,train,54,0.015818714581388352,0.12577247147682338,0.015818714581388352,0.12577247147682338
630,0,train,16,0.016918995651502483,0.13007303967964493,0.01578359732330451,0.12563278761256758
630,1,train,16,0.020825554652346034,0.14431061864029976,0.01578359732330451,0.12563278761256758
630,2,train,16,0.020925949631902484,0.14465804378568958,0.01578359732330451,0.12563278761256758
630,3,train,6,0.004463889357467045,0.06681234434943176,0.01578359732330451,0.12563278761256758
630,-1,train,54,0.01578359732330451,0.12563278761256758,0.01578359732330451,0.12563278761256758
631,0,train,16,0.018979808091193495,0.13776722429951724,0.01573013180308993,0.12541982220960898
631,1,train,16,0.023669435177728404,0.15384874122893694,0.01573013180308993,0.12541982220960898
631,2,train,16,0.015924143245384024,0.12619090001019892,0.01573013180308993,0.12541982220960898
631,3,train,6,0.004347140698053801,0.06593284991606081,0.01573013180308993,0.12541982220960898
631,-1,train,54,0.01573013180308993,0.12541982220960898,0.01573013180308993,0.12541982220960898
632,0,train,16,0.013387519485326465,0.11570444885710517,0.015726388366798547,0.12540489769860882
632,1,train,16,0.016739861862304146,0.12938261808413118,0.015726388366798547,0.12540489769860882
632,2,train,16,0.028283925174930353,0.1681782541678036,0.015726388366798547,0.12540489769860882
632,3,train,6,0.004494246944633224,0.06703914486800398,0.015726388366798547,0.12540489769860882
632,-1,train,54,0.015726388366798547,0.12540489769860882,0.015726388366798547,0.12540489769860882
633,0,train,16,0.02251001892159814,0.15003339268842167,0.015669380421357442,0.1251773958083385
633,1,train,16,0.014776437362846392,0.12155837018834365,0.015669380421357442,0.1251773958083385
633,2,train,16,0.02103270546511502,0.1450265681353421,0.015669380421357442,0.1251773958083385
633,3,train,6,0.004358359935870215,0.06601787588123549,0.015669380421357442,0.1251773958083385
633,-1,train,54,0.015669380421357442,0.1251773958083385,0.015669380421357442,0.1251773958083385
634,0,train,16,0.02164740446068379,0.1471305694296185,0.015571309867092677,0.12478505466237805
634,1,train,16,0.010529618285123894,0.10261392831932659,0.015571309867092677,0.12478505466237805
634,2,train,16,0.026218705042688063,0.16192191032311862,0.015571309867092677,0.12478505466237805
634,3,train,6,0.0038895116798749645,0.062365949683100025,0.015571309867092677,0.12478505466237805
634,-1,train,54,0.015571309867092677,0.12478505466237805,0.015571309867092677,0.12478505466237805
635,0,train,16,0.021007844856937623,0.14494083226247054,0.018121268195180146,0.13461525988973222
635,1,train,16,0.01020544368285432,0.1010219960347959,0.018121268195180146,0.13461525988973222
635,2,train,16,0.020900193105992216,0.1445689908175063,0.018121268195180146,0.13461525988973222
635,3,train,6,0.020371591134936428,0.14272908300320727,0.018121268195180146,0.13461525988973222
635,-1,train,54,0.018121268195180146,0.13461525988973222,0.018121268195180146,0.13461525988973222
636,0,train,16,0.018966146116983197,0.13771763183043484,0.01563893586308793,0.12505573102856155
636,1,train,16,0.011077626761657184,0.10525030528058901,0.01563893586308793,0.12505573102856155
636,2,train,16,0.027872252512613205,0.16694985029227552,0.01563893586308793,0.12505573102856155
636,3,train,6,0.004639718061098145,0.06811547592946954,0.01563893586308793,0.12505573102856155
636,-1,train,54,0.01563893586308793,0.12505573102856155,0.01563893586308793,0.12505573102856155
637,0,train,16,0.009850787966828853,0.09925113584654259,0.017437680528397507,0.13205181001560526
637,1,train,16,0.03876592876532152,0.19689065179769588,0.017437680528397507,0.13205181001560526
637,2,train,16,0.004837829785045935,0.06955450945155127,0.017437680528397507,0.13205181001560526
637,3,train,6,0.01629617559639372,0.12765647494895713,0.017437680528397507,0.13205181001560526
637,-1,train,54,0.017437680528397507,0.13205181001560526,0.017437680528397507,0.13205181001560526
638,0,train,16,0.02206364734550398,0.14853836994360742,0.015486597988237828,0.12444516056576016
638,1,train,16,0.01853205091843167,0.13613247562000652,0.015486597988237828,0.12444516056576016
638,2,train,16,0.017327981858379356,0.13163579246686424,0.015486597988237828,0.12444516056576016
638,3,train,6,0.004022711830636303,0.0634248518377166,0.015486597988237828,0.12444516056576016
638,-1,train,54,0.015486597988237828,0.12444516056576016,0.015486597988237828,0.12444516056576016
639,0,train,16,0.01497408547978018,0.12236864581983484,0.02008787993285274,0.14173171816094216
639,1,train,16,0.007859586258151151,0.08865430761193249,0.02008787993285274,0.14173171816094216
639,2,train,16,0.023881276607831396,0.15453568069488482,0.02008787993285274,0.14173171816094216
639,3,train,6,0.033636571385648226,0.18340275730110556,0.02008787993285274,0.14173171816094216
639,-1,train,54,0.02008787993285274,0.14173171816094216,0.02008787993285274,0.14173171816094216
640,0,train,16,0.019596411766826364,0.1399871842949431,0.018840632313573365,0.13726118283612948
640,1,train,16,0.010695264833403457,0.10341791350343255,0.018840632313573365,0.13726118283612948
640,2,train,16,0.019137366543610448,0.13833787096674016,0.018840632313573365,0.13726118283612948
640,3,train,6,0.02593348611045319,0.1610387720719864,0.018840632313573365,0.13726118283612948
640,-1,train,54,0.018840632313573365,0.13726118283612948,0.018840632313573365,0.13726118283612948
641,0,train,16,0.015630651707212173,0.12502260478494348,0.01817162921553482,0.13480218549984574
641,1,train,16,0.02640983567832972,0.16251103248188942,0.01817162921553482,0.13480218549984574
641,2,train,16,0.008738631599693337,0.09348064826312094,0.01817162921553482,0.13480218549984574
641,3,train,6,0.021907397876904055,0.14801147886871496,0.01817162921553482,0.13480218549984574
641,-1,train,54,0.01817162921553482,0.13480218549984574,0.01817162921553482,0.13480218549984574
642,0,train,16,0.02000857732461403,0.14145167840861425,0.015474620361463961,0.12439702714078002
642,1,train,16,0.017793035434002926,0.13339053727308742,0.015474620361463961,0.12439702714078002
642,2,train,16,0.019264699251000404,0.1387973315701725,0.015474620361463961,0.12439702714078002
642,3,train,6,0.004832169436238482,0.06951380752223606,0.015474620361463961,0.12439702714078002
642,-1,train,54,0.015474620361463961,0.12439702714078002,0.015474620361463961,0.12439702714078002
643,0,train,16,0.014206965785623579,0.11919297708180453,0.01936141479007475,0.13914530099890096
643,1,train,16,0.012864525239306802,0.11342189047669238,0.01936141479007475,0.13914530099890096
643,2,train,16,0.020362448904913674,0.14269705289498333,0.01936141479007475,0.13914530099890096
643,3,train,6,0.030011719230454932,0.1732389079579265,0.01936141479007475,0.13914530099890096
643,-1,train,54,0.01936141479007475,0.13914530099890096,0.01936141479007475,0.13914530099890096
644,0,train,16,0.009717286991040616,0.0985763003517611,0.01682747757948723,0.12972076772624816
644,1,train,16,0.01114633916283696,0.10557622442025932,0.01682747757948723,0.12972076772624816
644,2,train,16,0.03244531293772247,0.18012582529366097,0.01682747757948723,0.12972076772624816
644,3,train,6,0.014000971226348864,0.11832569977121989,0.01682747757948723,0.12972076772624816
644,-1,train,54,0.01682747757948723,0.12972076772624816,0.01682747757948723,0.12972076772624816
645,0,train,16,0.01177033779357388,0.10849118763094946,0.018278402655469306,0.13519764293607084
645,1,train,16,0.012408585770689078,0.11139383183412391,0.018278402655469306,0.13519764293607084
645,2,train,16,0.02542164721839817,0.1594416734056632,0.018278402655469306,0.13519764293607084
645,3,train,6,0.023513039839216095,0.15333962253512984,0.018278402655469306,0.13519764293607084
645,-1,train,54,0.018278402655469306,0.13519764293607084,0.018278402655469306,0.13519764293607084
646,0,train,16,0.008305381168186143,0.09113386400337771,0.01601770412409376,0.1265610687537592
646,1,train,16,0.03317791113470763,0.1821480472986401,0.01601770412409376,0.1265610687537592
646,2,train,16,0.013346543884077786,0.11552724303850492,0.01601770412409376,0.1265610687537592
646,3,train,6,0.00924098030940349,0.09613001773329437,0.01601770412409376,0.1265610687537592
646,-1,train,54,0.01601770412409376,0.1265610687537592,0.01601770412409376,0.1265610687537592
647,0,train,16,0.019652623299240137,0.14018781437500244,0.01660819555726751,0.12887278827303889
647,1,train,16,0.00484180003504999,0.069583044163431,0.01660819555726751,0.12887278827303889
647,2,train,16,0.028711440536066057,0.1694445057712585,0.01660819555726751,0.12887278827303889
647,3,train,6,0.013226918358713858,0.1150083403876165,0.01660819555726751,0.12887278827303889
647,-1,train,54,0.01660819555726751,0.12887278827303889,0.01660819555726751,0.12887278827303889
648,0,train,16,0.011804399157605058,0.10864805178927535,0.01837802093229724,0.1355655595359575
648,1,train,16,0.024182674347535592,0.15550779513431343,0.01837802093229724,0.1355655595359575
648,2,train,16,0.01273363633271824,0.11284341510570406,0.01837802093229724,0.1355655595359575
648,3,train,6,0.024791373891330074,0.15745276717584253,0.01837802093229724,0.1355655595359575
648,-1,train,54,0.01837802093229724,0.1355655595359575,0.01837802093229724,0.1355655595359575
649,0,train,16,0.017028452312450298,0.1304931121264655,0.018669641145301685,0.13663689525637535
649,1,train,16,0.01998007140607217,0.14135088045736457,0.018669641145301685,0.13663689525637535
649,2,train,16,0.010818166559832044,0.10401041563147435,0.018669641145301685,0.13663689525637535
649,3,train,6,0.02685187430285223,0.1638654152127661,0.018669641145301685,0.13663689525637535
649,-1,train,54,0.018669641145301685,0.13663689525637535,0.018669641145301685,0.13663689525637535
650,0,train,16,0.020927474266146943,0.1446633134770075,0.016012572205097067,0.12654079265239754
650,1,train,16,0.01044429873846047,0.1021973519151082,0.016012572205097067,0.12654079265239754
650,2,train,16,0.02263251659808943,0.15044107350750138,0.016012572205097067,0.12654079265239754
650,3,train,6,0.01004599921769142,0.10022973220402927,0.016012572205097067,0.12654079265239754
650,-1,train,54,0.016012572205097067,0.12654079265239754,0.016012572205097067,0.12654079265239754
651,0,train,16,0.023864151125342757,0.15448026128066575,0.01660225536101077,0.12884973946815248
651,1,train,16,0.015010963567593277,0.12251923754085836,0.01660225536101077,0.12884973946815248
651,2,train,16,0.013497332882790519,0.11617802237424477,0.01660225536101077,0.12884973946815248
651,3,train,6,0.014036573868316526,0.11847604765654755,0.01660225536101077,0.12884973946815248
651,-1,train,54,0.01660225536101077,0.12884973946815248,0.01660225536101077,0.12884973946815248
652,0,train,16,0.00817020795021169,0.09038920261962537,0.015016884178217458,0.12254339712207042
652,1,train,16,0.02643802479430269,0.16259773920415588,0.015016884178217458,0.12254339712207042
652,2,train,16,0.021350040338195375,0.1461165299964223,0.015016884178217458,0.12254339712207042
652,3,train,6,0.004109263630160074,0.06410353835912705,0.015016884178217458,0.12254339712207042
652,-1,train,54,0.015016884178217458,0.12254339712207042,0.015016884178217458,0.12254339712207042
653,0,train,16,0.019762649866818492,0.1405796922276418,0.017863170148423035,0.1336531711124844
653,1,train,16,0.016866883895672848,0.12987256791052085,0.017863170148423035,0.1336531711124844
653,2,train,16,0.01228283139581593,0.11082793599005591,0.017863170148423035,0.1336531711124844
653,3,train,6,0.02254031543538487,0.15013432464091903,0.017863170148423035,0.1336531711124844
653,-1,train,54,0.017863170148423035,0.1336531711124844,0.017863170148423035,0.1336531711124844
654,0,train,16,0.018121228003686263,0.13461511060681955,0.016862896392001635,0.1298572154021548
654,1,train,16,0.010014943735026927,0.10007469078157037,0.016862896392001635,0.1298572154021548
654,2,train,16,0.022965980964907255,0.1515453099403187,0.016862896392001635,0.1298572154021548
654,3,train,6,0.016349432864386094,0.12786490083047064,0.016862896392001635,0.1298572154021548
654,-1,train,54,0.016862896392001635,0.1298572154021548,0.016862896392001635,0.1298572154021548
655,0,train,16,0.013259045093213994,0.11514792700354616,0.01541881699110601,0.12417252913227632
655,1,train,16,0.010760185442837623,0.10373131370438544,0.01541881699110601,0.12417252913227632
655,2,train,16,0.030374216462907156,0.1742820026936435,0.01541881699110601,0.12417252913227632
655,3,train,6,0.0072818209654652655,0.0853335863858145,0.01541881699110601,0.12417252913227632
655,-1,train,54,0.01541881699110601,0.12417252913227632,0.01541881699110601,0.12417252913227632
656,0,train,16,0.02179232085162881,0.14762222343410497,0.014939246983158481,0.1222262123407188
656,1,train,16,0.022393318572359697,0.14964397272312607,0.014939246983158481,0.1222262123407188
656,2,train,16,0.011164908491168952,0.10566413057972394,0.014939246983158481,0.1222262123407188
656,3,train,6,0.004406440017476464,0.06638102151576507,0.014939246983158481,0.1222262123407188
656,-1,train,54,0.014939246983158481,0.1222262123407188,0.014939246983158481,0.1222262123407188
657,0,train,16,0.011421367330326556,0.1068707973691904,0.01928572809843311,0.1388730646973455
657,1,train,16,0.01684589923352948,0.12979175333406,0.01928572809843311,0.1388730646973455
657,2,train,16,0.016437737995811896,0.12820974220320347,0.01928572809843311,0.1388730646973455
657,3,train,6,0.03243790783406452,0.1801052687570925,0.01928572809843311,0.1388730646973455
657,-1,train,54,0.01928572809843311,0.1388730646973455,0.01928572809843311,0.1388730646973455
658,0,train,16,0.012008818749864491,0.10958475601042551,0.018332085755324173,0.13539603301176947
658,1,train,16,0.008493404159911806,0.09215966666558537,0.018332085755324173,0.13539603301176947
658,2,train,16,0.026274737505880785,0.16209484108348662,0.018332085755324173,0.13539603301176947
658,3,train,6,0.026551382605639606,0.16294594995163153,0.018332085755324173,0.13539603301176947
658,-1,train,54,0.018332085755324173,0.13539603301176947,0.018332085755324173,0.13539603301176947
659,0,train,16,0.009694768600518907,0.09846201602912114,0.014765645705366658,0.12151397329264918
659,1,train,16,0.012305485805903307,0.11093009423012003,0.014765645705366658,0.12151397329264918
659,2,train,16,0.03313619554402714,0.18203350115851516,0.014765645705366658,0.12151397329264918
659,3,train,6,0.003926132871017278,0.06265886107341305,0.014765645705366658,0.12151397329264918
659,-1,train,54,0.014765645705366658,0.12151397329264918,0.014765645705366658,0.12151397329264918
660,0,train,16,0.0152903528468813,0.1236541663142868,0.01884411871383159,0.1372738821255944
660,1,train,16,0.004622259876993365,0.06798720377389679,0.01884411871383159,0.1372738821255944
660,2,train,16,0.025262336072475855,0.15894129756761097,0.01884411871383159,0.1372738821255944
660,3,train,6,0.03020152605897585,0.1737858626556713,0.01884411871383159,0.1372738821255944
660,-1,train,54,0.01884411871383159,0.1372738821255944,0.01884411871383159,0.1372738821255944
661,0,train,16,0.018728999246173723,0.13685393398135737,0.014935616402104586,0.12221135954609369
661,1,train,16,0.02839393128235639,0.16850498889456178,0.014935616402104586,0.12221135954609369
661,2,train,16,0.007304689666266702,0.08546747724290628,0.014935616402104586,0.12221135954609369
661,3,train,6,0.005314845413621525,0.07290298631483848,0.014935616402104586,0.12221135954609369
661,-1,train,54,0.014935616402104586,0.12221135954609369,0.014935616402104586,0.12221135954609369
662,0,train,16,0.017508403181757334,0.13231932278302114,0.01668493731084747,0.12917018739185707
662,1,train,16,0.015749766021700334,0.1254980717847901,0.01668493731084747,0.12917018739185707
662,2,train,16,0.016651477282075732,0.12904060323043956,0.01668493731084747,0.12917018739185707
662,3,train,6,0.01683010275785647,0.129730885905618,0.01668493731084747,0.12917018739185707
662,-1,train,54,0.01668493731084747,0.12917018739185707,0.01668493731084747,0.12917018739185707
663,0,train,16,0.004823278979506552,0.06944983066578746,0.018240364761984578,0.1350568945370231
663,1,train,16,0.015377949643842221,0.12400786121791724,0.018240364761984578,0.1350568945370231
663,2,train,16,0.02581404663872027,0.16066750336866592,0.018240364761984578,0.1350568945370231
663,3,train,6,0.026946183785869268,0.16415292804537257,0.018240364761984578,0.1350568945370231
663,-1,train,54,0.018240364761984578,0.1350568945370231,0.018240364761984578,0.1350568945370231
664,0,train,16,0.02021233909734792,0.1421701062015075,0.014834780319572832,0.12179811295571386
664,1,train,16,0.020908974709624627,0.14459935929880405,0.014834780319572832,0.12179811295571386
664,2,train,16,0.01290393232344782,0.11359547668568419,0.014834780319572832,0.12179811295571386
664,3,train,6,0.005313875147870965,0.07289633151175005,0.014834780319572832,0.12179811295571386
664,-1,train,54,0.014834780319572832,0.12179811295571386,0.014834780319572832,0.12179811295571386
665,0,train,16,0.017852381524835297,0.1336128044943122,0.018446656631001715,0.13581846940310333
665,1,train,16,0.011978042242961773,0.10944424262135388,0.018446656631001715,0.13581846940310333
665,2,train,16,0.015259617521428112,0.12352982442077748,0.018446656631001715,0.13581846940310333
665,3,train,6,0.028696585234781677,0.16940066480029434,0.018446656631001715,0.13581846940310333
665,-1,train,54,0.018446656631001715,0.13581846940310333,0.018446656631001715,0.13581846940310333
666,0,train,16,0.01903273815423081,0.13795919017677225,0.01844680522420032,0.13581901643069103
666,1,train,16,0.004375211295438679,0.06614538000071267,0.01844680522420032,0.13581901643069103
666,2,train,16,0.02148624534808103,0.14658187250844162,0.01844680522420032,0.13581901643069103
666,3,train,6,0.028893026099050777,0.16997948728905726,0.01844680522420032,0.13581901643069103
666,-1,train,54,0.01844680522420032,0.13581901643069103,0.01844680522420032,0.13581901643069103
667,0,train,16,0.010176468685105387,0.10087848474826229,0.014754960099839592,0.12146999670634552
667,1,train,16,0.021835544738469714,0.14776855124981672,0.014754960099839592,0.12146999670634552
667,2,train,16,0.021522494982487057,0.1467054701859718,0.014754960099839592,0.12146999670634552
667,3,train,6,0.005485331993296216,0.0740630271680561,0.014754960099839592,0.12146999670634552
667,-1,train,54,0.014754960099839592,0.12146999670634552,0.014754960099839592,0.12146999670634552
668,0,train,16,0.029996832818247433,0.17319593764937857,0.014554950228739223,0.12064389843145497
668,1,train,16,0.014212307715893763,0.11921538372162278,0.014554950228739223,0.12064389843145497
668,2,train,16,0.009665755305551258,0.09831457321044149,0.014554950228739223,0.12064389843145497
668,3,train,6,0.004344905075264434,0.06591589395027905,0.014554950228739223,0.12064389843145497
668,-1,train,54,0.014554950228739223,0.12064389843145497,0.014554950228739223,0.12064389843145497
669,0,train,16,0.023750273202601636,0.1541112364579612,0.01487725842702509,0.12197236747323179
669,1,train,16,0.007403041882140232,0.0860409314346389,0.01487725842702509,0.12197236747323179
669,2,train,16,0.021707412601597524,0.14733435648754,0.01487725842702509,0.12197236747323179
669,3,train,6,0.006648306021760965,0.08153714504298618,0.01487725842702509,0.12197236747323179
669,-1,train,54,0.01487725842702509,0.12197236747323179,0.01487725842702509,0.12197236747323179
670,0,train,16,0.013627341773733748,0.11673620592487041,0.014608768051277497,0.12086673674455474
670,1,train,16,0.014423267787678195,0.1200969099838884,0.014608768051277497,0.12086673674455474
670,2,train,16,0.02526791088110033,0.15895883391966717,0.014608768051277497,0.12086673674455474
670,3,train,6,0.005116551762597716,0.0715300759303226,0.014608768051277497,0.12086673674455474
670,-1,train,54,0.014608768051277497,0.12086673674455474,0.014608768051277497,0.12086673674455474
671,0,train,16,0.026178444281324605,0.16179754102372695,0.014546802713189253,0.12061012690976348
671,1,train,16,0.00798601105664683,0.08936448431366249,0.014546802713189253,0.12061012690976348
671,2,train,16,0.019098813533493724,0.13819845705901973,0.014546802713189253,0.12061012690976348
671,3,train,6,0.004923941981291845,0.07017080576202503,0.014546802713189253,0.12061012690976348
671,-1,train,54,0.014546802713189253,0.12061012690976348,0.014546802713189253,0.12061012690976348
672,0,train,16,0.012161443970457753,0.11027893711157065,0.018417017869978146,0.13570931386599133
672,1,train,16,0.012397507078927297,0.1113440931478958,0.018417017869978146,0.13570931386599133
672,2,train,16,0.01930225128832395,0.13893254222220203,0.018417017869978146,0.13570931386599133
672,3,train,6,0.029806869142203575,0.172646659806101,0.018417017869978146,0.13570931386599133
672,-1,train,54,0.018417017869978146,0.13570931386599133,0.018417017869978146,0.13570931386599133
673,0,train,16,0.011209126947341178,0.1058731644343418,0.01568764489247948,0.12525032891166185
673,1,train,16,0.020181113126464333,0.14206024470788559,0.01568764489247948,0.12525032891166185
673,2,train,16,0.018810115200726486,0.1371499733894487,0.01568764489247948,0.12525032891166185
673,3,train,6,0.012550224295385926,0.11202778358686709,0.01568764489247948,0.12525032891166185
673,-1,train,54,0.01568764489247948,0.12525032891166185,0.01568764489247948,0.12525032891166185
674,0,train,16,0.013734280561585854,0.11719334691690418,0.016997205976748603,0.1303733330737103
674,1,train,16,0.006486809699424394,0.08054073316915109,0.016997205976748603,0.1303733330737103
674,2,train,16,0.02666299305572169,0.16328806770772225,0.016997205976748603,0.1303733330737103
674,3,train,6,0.021104740590262475,0.14527470733153267,0.016997205976748603,0.1303733330737103
674,-1,train,54,0.016997205976748603,0.1303733330737103,0.016997205976748603,0.1303733330737103
675,0,train,16,0.013670511163179295,0.11692096117967597,0.0192126639050368,0.13860975400395456
675,1,train,16,0.01655609207154938,0.12867047863262723,0.0192126639050368,0.13860975400395456
675,2,train,16,0.01112723094018866,0.10548569068925254,0.0192126639050368,0.13860975400395456
675,3,train,6,0.03549682144522987,0.1884060016168006,0.0192126639050368,0.13860975400395456
675,-1,train,54,0.0192126639050368,0.13860975400395456,0.0192126639050368,0.13860975400395456
676,0,train,16,0.013425255740597202,0.11586740585944437,0.01872419809398312,0.13683639170185363
676,1,train,16,0.017845380329599925,0.13358660235817035,0.01872419809398312,0.13683639170185363
676,2,train,16,0.011035212109700054,0.10504861783812319,0.01872419809398312,0.13683639170185363
676,3,train,6,0.032590944196035296,0.18052962138118855,0.01872419809398312,0.13683639170185363
676,-1,train,54,0.01872419809398312,0.13683639170185363,0.01872419809398312,0.13683639170185363
677,0,train,16,0.021314195962001507,0.14599382165695063,0.014551462794186915,0.12062944414274201
677,1,train,16,0.014819285927054286,0.12173448947218814,0.014551462794186915,0.12062944414274201
677,2,train,16,0.016056047807151107,0.1267124611360347,0.014551462794186915,0.12062944414274201
677,3,train,6,0.0060163214805407615,0.07756495007760117,0.014551462794186915,0.12062944414274201
677,-1,train,54,0.014551462794186915,0.12062944414274201,0.014551462794186915,0.12062944414274201
678,0,train,16,0.0271714348335448,0.16483760139465994,0.017175434084128416,0.13105508034459562
678,1,train,16,0.004331813169808294,0.06581651137676847,0.017175434084128416,0.13105508034459562
678,2,train,16,0.014184529500405062,0.11909882241401491,0.017175434084128416,0.13105508034459562
678,3,train,6,0.023013958832755508,0.1517035228093122,0.017175434084128416,0.13105508034459562
678,-1,train,54,0.017175434084128416,0.13105508034459562,0.017175434084128416,0.13105508034459562
679,0,train,16,0.007437968075140857,0.08624365527469749,0.02158703622984999,0.14692527430585248
679,1,train,16,0.010542926449307053,0.10267875364118446,0.02158703622984999,0.14692527430585248
679,2,train,16,0.016874190219152305,0.12990069368233684,0.02158703622984999,0.14692527430585248
679,3,train,6,0.05149306017579975,0.22692082358346877,0.02158703622984999,0.14692527430585248
679,-1,train,54,0.02158703622984999,0.14692527430585248,0.02158703622984999,0.14692527430585248
680,0,train,16,0.007109732832838202,0.08431923169027455,0.016095146902530895,0.12686665008003836
680,1,train,16,0.015521039769923634,0.12458346507431728,0.016095146902530895,0.12686665008003836
680,2,train,16,0.025166652578730853,0.15864000938833447,0.016095146902530895,0.12686665008003836
680,3,train,6,0.0165831624286309,0.12877562824009403,0.016095146902530895,0.12686665008003836
680,-1,train,54,0.016095146902530895,0.12686665008003836,0.016095146902530895,0.12686665008003836
681,0,train,16,0.013867642520391943,0.11776095499099837,0.014136593426283147,0.1188974071470154
681,1,train,16,0.010869905449229608,0.1042588387103444,0.014136593426283147,0.1188974071470154
681,2,train,16,0.02761786813593716,0.16618624532715445,0.014136593426283147,0.1188974071470154
681,3,train,6,0.0041909575995738805,0.06473760576028341,0.014136593426283147,0.1188974071470154
681,-1,train,54,0.014136593426283147,0.1188974071470154,0.014136593426283147,0.1188974071470154
682,0,train,16,0.0068389316007404725,0.08269783310789028,0.017203199327521575,0.13116096724072132
682,1,train,16,0.016180984777883434,0.12720449983347065,0.017203199327521575,0.13116096724072132
682,2,train,16,0.021778411333876126,0.14757510404494426,0.017203199327521575,0.13116096724072132
682,3,train,6,0.024014469597586276,0.15496602723689562,0.017203199327521575,0.13116096724072132
682,-1,train,54,0.017203199327521575,0.13116096724072132,0.017203199327521575,0.13116096724072132
683,0,train,16,0.010338022909523936,0.10167606851921418,0.015751083818270915,0.12550332194117778
683,1,train,16,0.017341426015263107,0.13168684830028815,0.015751083818270915,0.12550332194117778
683,2,train,16,0.02041275800726653,0.14287322354894402,0.015751083818270915,0.12550332194117778
683,3,train,6,0.014912128341030086,0.12211522567243646,0.015751083818270915,0.12550332194117778
683,-1,train,54,0.015751083818270915,0.12550332194117778,0.015751083818270915,0.12550332194117778
684,0,train,16,0.013003102351190227,0.11403114640829595,0.01410215002535178,0.1187524737651885
684,1,train,16,0.024035671705830007,0.15503442103555587,0.01410215002535178,0.1187524737651885
684,2,train,16,0.0148253331630832,0.12175932474797649,0.01410215002535178,0.1187524737651885
684,3,train,6,0.004544492881303695,0.06741285397684699,0.01410215002535178,0.1187524737651885
684,-1,train,54,0.01410215002535178,0.1187524737651885,0.01410215002535178,0.1187524737651885
685,0,train,16,0.005666914907744589,0.07527891409780424,0.014007699480045254,0.11835412743138811
685,1,train,16,0.024196894827927123,0.15555351113982327,0.014007699480045254,0.11835412743138811
685,2,train,16,0.02204010585651005,0.14845910499699927,0.014007699480045254,0.11835412743138811
685,3,train,6,0.004126882327999254,0.06424081512558238,0.014007699480045254,0.11835412743138811
685,-1,train,54,0.014007699480045254,0.11835412743138811,0.014007699480045254,0.11835412743138811
686,0,train,16,0.006374062547927657,0.07983772634492829,0.014186710910900773,0.11910798004710169
686,1,train,16,0.020799274557573345,0.14421953597752749,0.014186710910900773,0.11910798004710169
686,2,train,16,0.02411735329847744,0.15529762811607084,0.014186710910900773,0.11910798004710169
686,3,train,6,0.005456153239624653,0.07386577854206,0.014186710910900773,0.11910798004710169
686,-1,train,54,0.014186710910900773,0.11910798004710169,0.014186710910900773,0.11910798004710169
687,0,train,16,0.019961528358738493,0.14128527297187946,0.016117379523788476,0.12695424185031579
687,1,train,16,0.010514803003488529,0.10254171348036138,0.016117379523788476,0.12695424185031579
687,2,train,16,0.015981433644974057,0.12641769514183548,0.016117379523788476,0.12695424185031579
687,3,train,6,0.01801175308795282,0.1342078726750142,0.016117379523788476,0.12695424185031579
687,-1,train,54,0.016117379523788476,0.12695424185031579,0.016117379523788476,0.12695424185031579
688,0,train,16,0.005695373060173996,0.07546769547411658,0.014038864938217049,0.11848571617801468
688,1,train,16,0.02254547839166968,0.1501515181131036,0.014038864938217049,0.11848571617801468
688,2,train,16,0.02308079614653985,0.15192365236045324,0.014038864938217049,0.11848571617801468
688,3,train,6,0.004833812154484668,0.06952562228764779,0.014038864938217049,0.11848571617801468
688,-1,train,54,0.014038864938217049,0.11848571617801468,0.014038864938217049,0.11848571617801468
689,0,train,16,0.010401303251017034,0.10198677978550472,0.01662104080740766,0.1289226155777475
689,1,train,16,0.008212036296630384,0.0906202863415824,0.01662104080740766,0.1289226155777475
689,2,train,16,0.02636147105010943,0.16236216015472765,0.01662104080740766,0.1289226155777475
689,3,train,6,0.021509352631873795,0.14666067172856462,0.01662104080740766,0.1289226155777475
689,-1,train,54,0.01662104080740766,0.1289226155777475,0.01662104080740766,0.1289226155777475
690,0,train,16,0.0047080659581712455,0.06861534783247292,0.015639428731268504,0.12505770160717214
690,1,train,16,0.028176839015314405,0.16785958124371217,0.015639428731268504,0.12505770160717214
690,2,train,16,0.014259261899012072,0.11941215138758732,0.015639428731268504,0.12505770160717214
690,3,train,6,0.015413548052576288,0.12415131111903849,0.015639428731268504,0.12505770160717214
690,-1,train,54,0.015639428731268504,0.12505770160717214,0.015639428731268504,0.12505770160717214
691,0,train,16,0.008331821798461548,0.0912788135246156,0.01636842820508514,0.12793915821625973
691,1,train,16,0.02287147682214841,0.1512331869073333,0.01636842820508514,0.12793915821625973
691,2,train,16,0.013997242337650258,0.11830994183774354,0.01636842820508514,0.12793915821625973
691,3,train,6,0.020273171862080337,0.14238388905378424,0.01636842820508514,0.12793915821625973
691,-1,train,54,0.01636842820508514,0.12793915821625973,0.01636842820508514,0.12793915821625973
692,0,train,16,0.013002551552440067,0.11402873125857389,0.015458166425754184,0.1243308747888238
692,1,train,16,0.02196039838467834,0.14819041259365714,0.015458166425754184,0.1243308747888238
692,2,train,16,0.012227441056306021,0.11057776022467637,0.015458166425754184,0.1243308747888238
692,3,train,6,0.014642274709592314,0.12100526728036393,0.015458166425754184,0.1243308747888238
692,-1,train,54,0.015458166425754184,0.1243308747888238,0.015458166425754184,0.1243308747888238
693,0,train,16,0.02220021586302967,0.1489973686446498,0.01618736153574673,0.12722956234989857
693,1,train,16,0.009744440719095474,0.09871393376365604,0.01618736153574673,0.12722956234989857
693,2,train,16,0.013328168900703213,0.11544768902279168,0.01618736153574673,0.12722956234989857
693,3,train,6,0.019476620660158553,0.13955866386634172,0.01618736153574673,0.12722956234989857
693,-1,train,54,0.01618736153574673,0.12722956234989857,0.01618736153574673,0.12722956234989857
694,0,train,16,0.010430219562146393,0.10212844639054484,0.015361183634292789,0.12394024219071378
694,1,train,16,0.018634194473728098,0.13650712242856816,0.015361183634292789,0.12394024219071378
694,2,train,16,0.01798296799370943,0.13410058908785386,0.015361183634292789,0.12394024219071378
694,3,train,6,0.014397352507587242,0.11998896827453448,0.015361183634292789,0.12394024219071378
694,-1,train,54,0.015361183634292789,0.12394024219071378,0.015361183634292789,0.12394024219071378
695,0,train,16,0.02444426032202649,0.15634660316753443,0.015361671402539443,0.12394220993083609
695,1,train,16,0.008581802905906034,0.0926380208440683,0.015361671402539443,0.12394220993083609
695,2,train,16,0.013870036017747635,0.11777111707777775,0.015361671402539443,0.12394220993083609
695,3,train,6,0.014550586364477602,0.12062581135261889,0.015361671402539443,0.12394220993083609
695,-1,train,54,0.015361671402539443,0.12394220993083609,0.015361671402539443,0.12394220993083609
696,0,train,16,0.020604082540467507,0.14354122244312784,0.013815076853673426,0.1175375550778279
696,1,train,16,0.009478836404525477,0.09735931596167609,0.013815076853673426,0.1175375550778279
696,2,train,16,0.020345972222770934,0.14263930812637496,0.013815076853673426,0.1175375550778279
696,3,train,6,0.0048314162469297855,0.06950838975929298,0.013815076853673426,0.1175375550778279
696,-1,train,54,0.013815076853673426,0.1175375550778279,0.013815076853673426,0.1175375550778279
697,0,train,16,0.021747553393512097,0.1474705170314124,0.01699007112408537,0.1303459670418896
697,1,train,16,0.010596348151144196,0.10293856493629681,0.01699007112408537,0.1303459670418896
697,2,train,16,0.010262880904439392,0.10130587793627471,0.01699007112408537,0.1303459670418896
697,3,train,6,0.02535350204724579,0.15922783063034487,0.01699007112408537,0.1303459670418896
697,-1,train,54,0.01699007112408537,0.1303459670418896,0.01699007112408537,0.1303459670418896
698,0,train,16,0.012845884160178917,0.11333968484241924,0.01430821964926197,0.11961697057383609
698,1,train,16,0.02318049890399922,0.15225143317551798,0.01430821964926197,0.11961697057383609
698,2,train,16,0.012856889246272669,0.11338822357843283,0.01430821964926197,0.11961697057383609
698,3,train,6,0.00834960628659707,0.09137618008319821,0.01430821964926197,0.11961697057383609
698,-1,train,54,0.01430821964926197,0.11961697057383609,0.01430821964926197,0.11961697057383609
699,0,train,16,0.011131220491401608,0.10550459938505813,0.01376878249434155,0.11734045548889586
699,1,train,16,0.013846466516206487,0.11767100966765981,0.01376878249434155,0.11734045548889586
699,2,train,16,0.02505453833586071,0.15828625441225372,0.01376878249434155,0.11734045548889586
699,3,train,6,0.005042904633897397,0.07101341164806403,0.01376878249434155,0.11734045548889586
699,-1,train,54,0.01376878249434155,0.11734045548889586,0.01376878249434155,0.11734045548889586
700,0,train,16,0.015078724207119667,0.1227954567853374,0.013748279398413036,0.11725305709623539
700,1,train,16,0.013279902567878366,0.11523845958653893,0.013748279398413036,0.11725305709623539
700,2,train,16,0.021539671324185914,0.1467639987332926,0.013748279398413036,0.11725305709623539
700,3,train,6,0.005094819494468197,0.07137800427630488,0.013748279398413036,0.11725305709623539
700,-1,train,54,0.013748279398413036,0.11725305709623539,0.013748279398413036,0.11725305709623539
701,0,train,16,0.007918753127125639,0.08898737622340396,0.017139275246125962,0.13091705483292068
701,1,train,16,0.0130795193705183,0.11436572638040778,0.017139275246125962,0.13091705483292068
701,2,train,16,0.020682363231195586,0.14381364062979418,0.017139275246125962,0.13091705483292068
701,3,train,6,0.026876465255664332,0.16394043203451775,0.017139275246125962,0.13091705483292068
701,-1,train,54,0.017139275246125962,0.13091705483292068,0.017139275246125962,0.13091705483292068
702,0,train,16,0.019094833260924465,0.13818405574061163,0.013588500136635396,0.1165697222122254
702,1,train,16,0.021413821465709887,0.14633462155522148,0.013588500136635396,0.1165697222122254
702,2,train,16,0.009493526072608746,0.09743472724141401,0.013588500136635396,0.1165697222122254
702,3,train,6,0.0043518197472984825,0.06596832381756021,0.013588500136635396,0.1165697222122254
702,-1,train,54,0.013588500136635396,0.1165697222122254,0.013588500136635396,0.1165697222122254
703,0,train,16,0.009896476476870256,0.09948103576496506,0.014380417149699705,0.11991837703079418
703,1,train,16,0.01411269116053537,0.11879684827694449,0.014380417149699705,0.11991837703079418
703,2,train,16,0.02387324876623145,0.15450970444030837,0.014380417149699705,0.11991837703079418
703,3,train,6,0.009639252195161742,0.09817969339513004,0.014380417149699705,0.11991837703079418
703,-1,train,54,0.014380417149699705,0.11991837703079418,0.014380417149699705,0.11991837703079418
704,0,train,16,0.01692373264371674,0.1300912473755123,0.015736827716494733,0.12544651336922336
704,1,train,16,0.01563543131308613,0.12504171829068142,0.015736827716494733,0.12544651336922336
704,2,train,16,0.01190933932017356,0.10912991945462784,0.015736827716494733,0.12544651336922336
704,3,train,6,0.018478807589002503,0.1359367779116546,0.015736827716494733,0.12544651336922336
704,-1,train,54,0.015736827716494733,0.12544651336922336,0.015736827716494733,0.12544651336922336
705,0,train,16,0.008995570867213153,0.09484498335290673,0.016395150307600966,0.12804354848097957
705,1,train,16,0.01593038260871531,0.1262156195116726,0.016395150307600966,0.12804354848097957
705,2,train,16,0.017787261072826667,0.13336889094847668,0.016395150307600966,0.12804354848097957
705,3,train,6,0.022867386681648734,0.1512196636739043,0.016395150307600966,0.12804354848097957
705,-1,train,54,0.016395150307600966,0.12804354848097957,0.016395150307600966,0.12804354848097957
706,0,train,16,0.008635379337413799,0.09292674177767021,0.01353405331203949,0.1163359502133347
706,1,train,16,0.007265988455889355,0.08524076756980403,0.01353405331203949,0.1163359502133347
706,2,train,16,0.033507758449648484,0.18305124541955042,0.01353405331203949,0.1163359502133347
706,3,train,6,0.004727087005206325,0.06875381447749881,0.01353405331203949,0.1163359502133347
706,-1,train,54,0.01353405331203949,0.1163359502133347,0.01353405331203949,0.1163359502133347
707,0,train,16,0.020136983082714825,0.14190483812299998,0.017245970217930492,0.13132391335141705
707,1,train,16,0.015444475483496764,0.12427580409515267,0.017245970217930492,0.13132391335141705
707,2,train,16,0.0048246018519978295,0.06945935395609312,0.017245970217930492,0.13132391335141705
707,3,train,6,0.028577820453512558,0.16904975733053437,0.017245970217930492,0.13132391335141705
707,-1,train,54,0.017245970217930492,0.13132391335141705,0.017245970217930492,0.13132391335141705
708,0,train,16,0.014501788486471757,0.12042337184480327,0.014696722318000064,0.12123003884351462
708,1,train,16,0.012224506427077706,0.1105644899010424,0.014696722318000064,0.12123003884351462
708,2,train,16,0.01959924427252118,0.13999730094727247,0.014696722318000064,0.12123003884351462
708,3,train,6,0.012461350085929612,0.1116304173867034,0.014696722318000064,0.12123003884351462
708,-1,train,54,0.014696722318000064,0.12123003884351462,0.014696722318000064,0.12123003884351462
709,0,train,16,0.01011181832640389,0.10055753739230039,0.015179679615668563,0.12320584245752537
709,1,train,16,0.014552363634794122,0.12063317800171776,0.015179679615668563,0.12320584245752537
709,2,train,16,0.020314731351313436,0.14252975602067602,0.015179679615668563,0.12320584245752537
709,3,train,6,0.015739805150162812,0.1254583801511992,0.015179679615668563,0.12320584245752537
709,-1,train,54,0.015179679615668563,0.12320584245752537,0.015179679615668563,0.12320584245752537
710,0,train,16,0.020580987921479887,0.14346075394155675,0.013616573473585802,0.11669007444331246
710,1,train,16,0.01974594985150422,0.1405202827050395,0.013616573473585802,0.11669007444331246
710,2,train,16,0.008276446338479787,0.0909749764412159,0.013616573473585802,0.11669007444331246
710,3,train,6,0.0058629097828793155,0.07656964008586768,0.013616573473585802,0.11669007444331246
710,-1,train,54,0.013616573473585802,0.11669007444331246,0.013616573473585802,0.11669007444331246
711,0,train,16,0.011700294478244702,0.10816789948152225,0.014917436141703202,0.12213695649435187
711,1,train,16,0.014681085832759542,0.12116553071216063,0.014917436141703202,0.12213695649435187
711,2,train,16,0.01889366020495615,0.13745421130309596,0.014917436141703202,0.12213695649435187
711,3,train,6,0.014394704050852412,0.11997793151597677,0.014917436141703202,0.12213695649435187
711,-1,train,54,0.014917436141703202,0.12213695649435187,0.014917436141703202,0.12213695649435187
712,0,train,16,0.007942340251320712,0.08911980841160236,0.013376629103798113,0.11565737807765708
712,1,train,16,0.021515903673286877,0.146683004036892,0.013376629103798113,0.11565737807765708
712,2,train,16,0.019355585927879698,0.13912435418674798,0.013376629103798113,0.11565737807765708
712,3,train,6,0.004692686562705168,0.06850318651497292,0.013376629103798113,0.11565737807765708
712,-1,train,54,0.013376629103798113,0.11565737807765708,0.013376629103798113,0.11565737807765708
713,0,train,16,0.020577721862954805,0.14344937038186958,0.013343418269942647,0.11551371464004889
713,1,train,16,0.021340815270679693,0.14608495908436192,0.013343418269942647,0.11551371464004889
713,2,train,16,0.006793464454567136,0.08242247542125349,0.013343418269942647,0.11551371464004889
713,3,train,6,0.004661671491568959,0.06827643437943255,0.013343418269942647,0.11551371464004889
713,-1,train,54,0.013343418269942647,0.11551371464004889,0.013343418269942647,0.11551371464004889
714,0,train,16,0.0208817411868664,0.14450515972402647,0.013294546276609356,0.11530197863267289
714,1,train,16,0.005845690523961373,0.07645711558750679,0.013294546276609356,0.11530197863267289
714,2,train,16,0.021960112310868734,0.14818944736677012,0.013294546276609356,0.11530197863267289
714,3,train,6,0.004490641084740918,0.0670122457819533,0.013294546276609356,0.11530197863267289
714,-1,train,54,0.013294546276609356,0.11530197863267289,0.013294546276609356,0.11530197863267289
715,0,train,16,0.011705650146645489,0.10819265292359499,0.015453043826220189,0.12431027240827762
715,1,train,16,0.021408211277513127,0.146315451260327,0.015453043826220189,0.12431027240827762
715,2,train,16,0.010318230256568897,0.10157868997269505,0.015453043826220189,0.12431027240827762
715,3,train,6,0.018380083624153245,0.13557316705068612,0.015453043826220189,0.12431027240827762
715,-1,train,54,0.015453043826220189,0.12431027240827762,0.015453043826220189,0.12431027240827762
716,0,train,16,0.010793355827278283,0.103891076745206,0.013357978889182375,0.1155767229557162
716,1,train,16,0.015917545543529834,0.1261647555521344,0.013357978889182375,0.1155767229557162
716,2,train,16,0.021576978710630045,0.1468910436705725,0.013357978889182375,0.1155767229557162
716,3,train,6,0.00514403547529134,0.07172193161991205,0.013357978889182375,0.1155767229557162
716,-1,train,54,0.013357978889182375,0.1155767229557162,0.013357978889182375,0.1155767229557162
717,0,train,16,0.006486816647196174,0.08054077630117662,0.013208726449796825,0.11492922365437272
717,1,train,16,0.016633568323034933,0.12897119183381586,0.013208726449796825,0.11492922365437272
717,2,train,16,0.025420879387964435,0.15943926551500553,0.013208726449796825,0.11492922365437272
717,3,train,6,0.004293641440991756,0.0655258837482697,0.013208726449796825,0.11492922365437272
717,-1,train,54,0.013208726449796825,0.11492922365437272,0.013208726449796825,0.11492922365437272
718,0,train,16,0.009931579498552136,0.09965731031164816,0.01732855537616277,0.13163797087528648
718,1,train,16,0.014184831264240671,0.11910008927049832,0.01732855537616277,0.13163797087528648
718,2,train,16,0.014378588101403208,0.11991075056642422,0.01732855537616277,0.13163797087528648
718,3,train,6,0.03081922264045506,0.17555404478523148,0.01732855537616277,0.13163797087528648
718,-1,train,54,0.01732855537616277,0.13163797087528648,0.01732855537616277,0.13163797087528648
719,0,train,16,0.02264437423285971,0.15048047791278346,0.0132987755480655,0.11532031715211982
719,1,train,16,0.009297468218641903,0.09642338004157447,0.0132987755480655,0.11532031715211982
719,2,train,16,0.01611457900589188,0.1269432117361613,0.0132987755480655,0.11532031715211982
719,3,train,6,0.005138680734868507,0.07168459203251774,0.0132987755480655,0.11532031715211982
719,-1,train,54,0.0132987755480655,0.11532031715211982,0.0132987755480655,0.11532031715211982
720,0,train,16,0.015272533421926133,0.12358209183342922,0.013133162002193105,0.11460000873557168
720,1,train,16,0.017004866152739037,0.13040270761276024,0.013133162002193105,0.11460000873557168
720,2,train,16,0.015967370960393152,0.12636206297933392,0.013133162002193105,0.11460000873557168
720,3,train,6,0.004287877473714096,0.06548188660777954,0.013133162002193105,0.11460000873557168
720,-1,train,54,0.013133162002193105,0.11460000873557168,0.013133162002193105,0.11460000873557168
721,0,train,16,0.008924953765399993,0.09447197343868706,0.014381480500021014,0.11992281059090057
721,1,train,16,0.014220875075521056,0.11925131058198503,0.014381480500021014,0.11992281059090057
721,2,train,16,0.02197970295374985,0.14825553262441793,0.014381480500021014,0.11992281059090057
721,3,train,6,0.012400390205413165,0.11135703931684411,0.014381480500021014,0.11992281059090057
721,-1,train,54,0.014381480500021014,0.11992281059090057,0.014381480500021014,0.11992281059090057
722,0,train,16,0.004935756171729847,0.07025493699185735,0.016328190221834897,0.12778180708471334
722,1,train,16,0.019578483353111614,0.13992313373102966,0.016328190221834897,0.12778180708471334
722,2,train,16,0.015788054932423655,0.1256505269882449,0.016328190221834897,0.12778180708471334
722,3,train,6,0.025010466430074475,0.15814697730299646,0.016328190221834897,0.12778180708471334
722,-1,train,54,0.016328190221834897,0.12778180708471334,0.016328190221834897,0.12778180708471334
723,0,train,16,0.01594881838029017,0.1262886312392773,0.013197119836767674,0.11487871794535172
723,1,train,16,0.02152965863203886,0.14672988322778308,0.013197119836767674,0.11487871794535172
723,2,train,16,0.010259019337844896,0.10128681719673541,0.013197119836767674,0.11487871794535172
723,3,train,6,0.005050982996896774,0.07107026802325128,0.013197119836767674,0.11487871794535172
723,-1,train,54,0.013197119836767674,0.11487871794535172,0.013197119836767674,0.11487871794535172
724,0,train,16,0.00997109190869879,0.09985535493251621,0.015056491365777705,0.12270489544340807
724,1,train,16,0.019779559866923584,0.14063982319003243,0.015056491365777705,0.12270489544340807
724,2,train,16,0.013240739773007609,0.11506841344612173,0.015056491365777705,0.12270489544340807
724,3,train,6,0.017234573914480838,0.13128051612665467,0.015056491365777705,0.12270489544340807
724,-1,train,54,0.015056491365777705,0.12270489544340807,0.015056491365777705,0.12270489544340807
725,0,train,16,0.01969064196144905,0.14032334788426712,0.014780139088530457,0.12157359535906823
725,1,train,16,0.014978316180794229,0.12238593130255711,0.014780139088530457,0.12157359535906823
725,2,train,16,0.008869043859717587,0.09417560119116622,0.014780139088530457,0.12157359535906823
725,3,train,6,0.01558255435216096,0.12483010194725053,0.014780139088530457,0.12157359535906823
725,-1,train,54,0.014780139088530457,0.12157359535906823,0.014780139088530457,0.12157359535906823
726,0,train,16,0.005835743914475232,0.07639204091052439,0.013064438262760271,0.11429977367764238
726,1,train,16,0.02485640066211859,0.15765912806469085,0.013064438262760271,0.11429977367764238
726,2,train,16,0.01676942738548403,0.12949682384322803,0.013064438262760271,0.11429977367764238
726,3,train,6,0.004796181088963232,0.06925446620228352,0.013064438262760271,0.11429977367764238
726,-1,train,54,0.013064438262760271,0.11429977367764238,0.013064438262760271,0.11429977367764238
727,0,train,16,0.014606088639686465,0.12085565208001844,0.015264931608954136,0.12355133187851168
727,1,train,16,0.020832465364972137,0.1443345605354869,0.015264931608954136,0.12355133187851168
727,2,train,16,0.006599256722429383,0.08123580936033925,0.015264931608954136,0.12355133187851168
727,3,train,6,0.019021915708728555,0.13791996124103484,0.015264931608954136,0.12355133187851168
727,-1,train,54,0.015264931608954136,0.12355133187851168,0.015264931608954136,0.12355133187851168
728,0,train,16,0.01037945162875587,0.1018795937798923,0.015396927527622322,0.1240843564984012
728,1,train,16,0.011196507825995194,0.10581355218494082,0.015396927527622322,0.1240843564984012
728,2,train,16,0.019957847296002824,0.1412722453138012,0.015396927527622322,0.1240843564984012
728,3,train,6,0.020053903359735403,0.14161180515668673,0.015396927527622322,0.1240843564984012
728,-1,train,54,0.015396927527622322,0.1240843564984012,0.015396927527622322,0.1240843564984012
729,0,train,16,0.017440782423577085,0.1320635544863801,0.014654723351269633,0.12105669478087377
729,1,train,16,0.008569569518913068,0.09257196940172045,0.014654723351269633,0.12105669478087377
729,2,train,16,0.017204073483491962,0.13116429957687406,0.014654723351269633,0.12105669478087377
729,3,train,6,0.015404467979096422,0.12411473715516792,0.014654723351269633,0.12105669478087377
729,-1,train,54,0.014654723351269633,0.12105669478087377,0.014654723351269633,0.12105669478087377
730,0,train,16,0.016886869574598895,0.12994948855073996,0.012944941239366368,0.11377583767815717
730,1,train,16,0.020879707342937093,0.1444981222816999,0.012944941239366368,0.11377583767815717
730,2,train,16,0.009412978071239484,0.0970205033549068,0.012944941239366368,0.11377583767815717
730,3,train,6,0.004600209968690005,0.06782484772330864,0.012944941239366368,0.11377583767815717
730,-1,train,54,0.012944941239366368,0.11377583767815717,0.012944941239366368,0.11377583767815717
731,0,train,16,0.010974010944549712,0.10475691358831507,0.01530351984165548,0.12370739606691057
731,1,train,16,0.01639646938280842,0.12804869926246193,0.01530351984165548,0.12370739606691057
731,2,train,16,0.013940842273400294,0.11807134399760297,0.01530351984165548,0.12370739606691057
731,3,train,6,0.019902756765863488,0.1410771305558186,0.01530351984165548,0.12370739606691057
731,-1,train,54,0.01530351984165548,0.12370739606691057,0.01530351984165548,0.12370739606691057
732,0,train,16,0.016529077799419672,0.12856546114497344,0.015202667495070467,0.12329909770582455
732,1,train,16,0.009947152724940433,0.09973541359487327,0.015202667495070467,0.12329909770582455
732,2,train,16,0.014915677994095633,0.12212975883909553,0.015202667495070467,0.12329909770582455
732,3,train,6,0.019418761461826126,0.13935121621940055,0.015202667495070467,0.12329909770582455
732,-1,train,54,0.015202667495070467,0.12329909770582455,0.015202667495070467,0.12329909770582455
733,0,train,16,0.017763997936773905,0.13328164891227112,0.013592792719484766,0.11658813284157511
733,1,train,16,0.020095220835367786,0.14175761297146544,0.013592792719484766,0.11658813284157511
733,2,train,16,0.0072764864707515215,0.08530232394695658,0.013592792719484766,0.11658813284157511
733,3,train,6,0.009235465635045858,0.09610133003786087,0.013592792719484766,0.11658813284157511
733,-1,train,54,0.013592792719484766,0.11658813284157511,0.013592792719484766,0.11658813284157511
734,0,train,16,0.01943331548084712,0.13940342707712433,0.012801463647526119,0.11314355327426356
734,1,train,16,0.016692230647871217,0.12919841581022276,0.012801463647526119,0.11314355327426356
734,2,train,16,0.01074525318176105,0.10365931304885756,0.012801463647526119,0.11314355327426356
734,3,train,6,0.004335055279625089,0.06584113668235907,0.012801463647526119,0.11314355327426356
734,-1,train,54,0.012801463647526119,0.11314355327426356,0.012801463647526119,0.11314355327426356
735,0,train,16,0.00520112065327801,0.07211879542309349,0.015553641944575081,0.12471424114580933
735,1,train,16,0.017482456792978152,0.1322212418372258,0.015553641944575081,0.12471424114580933
735,2,train,16,0.017457450403348777,0.1321266453193631,0.015553641944575081,0.12471424114580933
735,3,train,6,0.022073539928695384,0.14857166596863408,0.015553641944575081,0.12471424114580933
735,-1,train,54,0.015553641944575081,0.12471424114580933,0.015553641944575081,0.12471424114580933
736,0,train,16,0.018155641963423445,0.1347428735162771,0.01267263592542438,0.11257280277857694
736,1,train,16,0.021610978355626326,0.14700672894676056,0.01267263592542438,0.11257280277857694
736,2,train,16,0.0071705529212232,0.08467911738571204,0.01267263592542438,0.11257280277857694
736,3,train,6,0.003753370461424544,0.06126475709104333,0.01267263592542438,0.11257280277857694
736,-1,train,54,0.01267263592542438,0.11257280277857694,0.01267263592542438,0.11257280277857694
737,0,train,16,0.022888938235575994,0.1512909059909947,0.012579941817245864,0.11216033976966129
737,1,train,16,0.014601163621315503,0.12083527473927265,0.012579941817245864,0.11216033976966129
737,2,train,16,0.009498128559810325,0.09745834268963496,0.012579941817245864,0.11216033976966129
737,3,train,6,0.003331536852281631,0.05771946683989407,0.012579941817245864,0.11216033976966129
737,-1,train,54,0.012579941817245864,0.11216033976966129,0.012579941817245864,0.11216033976966129
738,0,train,16,0.00753416231402162,0.08679955249897098,0.01468726985508531,0.12119104692626972
738,1,train,16,0.014916700218604344,0.12213394376095592,0.01468726985508531,0.12119104692626972
738,2,train,16,0.0193183137161268,0.13899033677247782,0.01468726985508531,0.12119104692626972
738,3,train,6,0.01697990317158847,0.13030695749494142,0.01468726985508531,0.12119104692626972
738,-1,train,54,0.01468726985508531,0.12119104692626972,0.01468726985508531,0.12119104692626972
739,0,train,16,0.017126522332063028,0.13086833968559022,0.012388688490779095,0.11130448549263006
739,1,train,16,0.009482035945861406,0.09737574618898387,0.012388688490779095,0.11130448549263006
739,2,train,16,0.020532254282925756,0.1432908032042732,0.012388688490779095,0.11130448549263006
739,3,train,6,0.0024139414022661867,0.049131877658666646,0.012388688490779095,0.11130448549263006
739,-1,train,54,0.012388688490779095,0.11130448549263006,0.012388688490779095,0.11130448549263006
740,0,train,16,0.018760809165815896,0.13697010318246788,0.015577659261923952,0.12481049339668501
740,1,train,16,0.00856676191944727,0.09255680374476676,0.015577659261923952,0.12481049339668501
740,2,train,16,0.012021605586274653,0.10964308271055978,0.015577659261923952,0.12481049339668501
740,3,train,6,0.022961460376157993,0.15153039423217374,0.015577659261923952,0.12481049339668501
740,-1,train,54,0.015577659261923952,0.12481049339668501,0.015577659261923952,0.12481049339668501
741,0,train,16,0.013747825915980245,0.11725112330370334,0.013446927552281135,0.11596088802816722
741,1,train,16,0.018518619431861172,0.13608313426674581,0.013446927552281135,0.11596088802816722
741,2,train,16,0.012027376120884408,0.10966939464082223,0.013446927552281135,0.11596088802816722
741,3,train,6,0.009493888740398719,0.09743658830438758,0.013446927552281135,0.11596088802816722
741,-1,train,54,0.013446927552281135,0.11596088802816722,0.013446927552281135,0.11596088802816722
742,0,train,16,0.013212837012183468,0.11494710527970449,0.0153495542759052,0.1238933181245268
742,1,train,16,0.012748058235831024,0.11290729930270683,0.0153495542759052,0.1238933181245268
742,2,train,16,0.013610525919799974,0.11666415867694746,0.0153495542759052,0.1238933181245268
742,3,train,6,0.02182679593580633,0.14773894522368275,0.0153495542759052,0.1238933181245268
742,-1,train,54,0.0153495542759052,0.1238933181245268,0.0153495542759052,0.1238933181245268
743,0,train,16,0.015476116892288954,0.12440304213438252,0.01611066409259377,0.12692779085997585
743,1,train,16,0.006255274391596519,0.07909029265084634,0.01611066409259377,0.12692779085997585
743,2,train,16,0.015852821203261574,0.1259079870511064,0.01611066409259377,0.12692779085997585
743,3,train,6,0.02685844388322802,0.16388545964553422,0.01611066409259377,0.12692779085997585
743,-1,train,54,0.01611066409259377,0.12692779085997585,0.01611066409259377,0.12692779085997585
744,0,train,16,0.006550759002319434,0.08093675927734835,0.015071461831447912,0.12276588219634929
744,1,train,16,0.02701647696143033,0.1643668974016068,0.015071461831447912,0.12276588219634929
744,2,train,16,0.006392299744834656,0.07995185892044447,0.015071461831447912,0.12276588219634929
744,3,train,6,0.020326311617207233,0.1425703742620017,0.015071461831447912,0.12276588219634929
744,-1,train,54,0.015071461831447912,0.12276588219634929,0.015071461831447912,0.12276588219634929
745,0,train,16,0.016059690786353355,0.12672683530473472,0.013940392756554155,0.11806944040078345
745,1,train,16,0.010381266962241708,0.10188850260084162,0.013940392756554155,0.11806944040078345
745,2,train,16,0.016097561813885237,0.1268761672414691,0.013940392756554155,0.11806944040078345
745,3,train,6,0.013223051463736328,0.11499152779112176,0.013940392756554155,0.11806944040078345
745,-1,train,54,0.013940392756554155,0.11806944040078345,0.013940392756554155,0.11806944040078345
746,0,train,16,0.0067578286573225415,0.082206013510707,0.014781575729501305,0.12157950373932813
746,1,train,16,0.016314078695574136,0.12772657787466998,0.014781575729501305,0.12157950373932813
746,2,train,16,0.017267852787185307,0.13140720218916963,0.014781575729501305,0.12157950373932813
746,3,train,6,0.018786542777923236,0.13706400978347028,0.014781575729501305,0.12157950373932813
746,-1,train,54,0.014781575729501305,0.12157950373932813,0.014781575729501305,0.12157950373932813
747,0,train,16,0.015025953321101144,0.12258039533751368,0.017560735798644103,0.132516926460902
747,1,train,16,0.006379783588132246,0.0798735474868385,0.017560735798644103,0.132516926460902
747,2,train,16,0.012170520135115033,0.11032008038029628,0.017560735798644103,0.132516926460902
747,3,train,6,0.03666668615022799,0.19148547242605113,0.017560735798644103,0.132516926460902
747,-1,train,54,0.017560735798644103,0.132516926460902,0.017560735798644103,0.132516926460902
748,0,train,16,0.019758024165937433,0.14056323902762569,0.01349853383453342,0.11618319084331184
748,1,train,16,0.014322853991610545,0.11967812662141125,0.01349853383453342,0.11618319084331184
748,2,train,16,0.009077122885142291,0.0952739360220952,0.01349853383453342,0.11618319084331184
748,3,train,6,0.010836134295443412,0.10409675449044227,0.01349853383453342,0.11618319084331184
748,-1,train,54,0.01349853383453342,0.11618319084331184,0.01349853383453342,0.11618319084331184
749,0,train,16,0.010962858954329241,0.10470367211482719,0.01465622833924007,0.12106291066730582
749,1,train,16,0.01572557356481506,0.12540164897167444,0.01465622833924007,0.12106291066730582
749,2,train,16,0.013507809920326389,0.11622310407284082,0.01465622833924007,0.12106291066730582
749,3,train,6,0.01842867091748959,0.1357522409298999,0.01465622833924007,0.12106291066730582
749,-1,train,54,0.01465622833924007,0.12106291066730582,0.01465622833924007,0.12106291066730582
750,0,train,16,0.014427836906062464,0.12011593110850227,0.01337741562115865,0.11566077823168341
750,1,train,16,0.010047160068584478,0.1002355229875341,0.01337741562115865,0.11566077823168341
750,2,train,16,0.018655637989358938,0.13658564342330762,0.01337741562115865,0.11566077823168341
750,3,train,6,0.010379027520628725,0.1018775123402055,0.01337741562115865,0.11566077823168341
750,-1,train,54,0.01337741562115865,0.11566077823168341,0.01337741562115865,0.11566077823168341
751,0,train,16,0.019192370909537237,0.1385365327613523,0.015098327754647,0.12287525281620787
751,1,train,16,0.014781615343749,0.12157966665421073,0.015098327754647,0.12287525281620787
751,2,train,16,0.004893779326310464,0.06995555250521908,0.015098327754647,0.12287525281620787
751,3,train,6,0.02152554543899129,0.14671586635054606,0.015098327754647,0.12287525281620787
751,-1,train,54,0.015098327754647,0.12287525281620787,0.015098327754647,0.12287525281620787
752,0,train,16,0.00843168156333525,0.09182418833474788,0.016342428383391863,0.1278375077330275
752,1,train,16,0.010406278975508502,0.10201117083686718,0.016342428383391863,0.1278375077330275
752,2,train,16,0.016850325642178893,0.1298088041782178,0.016342428383391863,0.1278375077330275
752,3,train,6,0.029681427352544806,0.17228298625385155,0.016342428383391863,0.1278375077330275
752,-1,train,54,0.016342428383391863,0.1278375077330275,0.016342428383391863,0.1278375077330275
753,0,train,16,0.01563557734906986,0.12504230223836196,0.013170527921142372,0.11476292049761705
753,1,train,16,0.008892901038187078,0.0943021793925627,0.013170527921142372,0.11476292049761705
753,2,train,16,0.018637666846316854,0.1365198404859779,0.013170527921142372,0.11476292049761705
753,3,train,6,0.00951596645099569,0.09754981522789108,0.013170527921142372,0.11476292049761705
753,-1,train,54,0.013170527921142372,0.11476292049761705,0.013170527921142372,0.11476292049761705
754,0,train,16,0.025482087765734508,0.15963109899306746,0.012327216276648203,0.11102799771520787
754,1,train,16,0.007151934947046501,0.08456911343419948,0.012327216276648203,0.11102799771520787
754,2,train,16,0.012431218782510545,0.11149537561042855,0.012327216276648203,0.11102799771520787
754,3,train,6,0.004243623611301263,0.06514310102613524,0.012327216276648203,0.11102799771520787
754,-1,train,54,0.012327216276648203,0.11102799771520787,0.012327216276648203,0.11102799771520787
755,0,train,16,0.008874955919567456,0.09420698445214906,0.012406513639491579,0.1113845305214848
755,1,train,16,0.019792324876382807,0.14068519778705507,0.012406513639491579,0.1113845305214848
755,2,train,16,0.016015655872779037,0.12655297654650022,0.012406513639491579,0.1113845305214848
755,3,train,6,0.004943117889237015,0.07030731035416599,0.012406513639491579,0.1113845305214848
755,-1,train,54,0.012406513639491579,0.1113845305214848,0.012406513639491579,0.1113845305214848
756,0,train,16,0.010683722677966984,0.10336209497667403,0.014772855136348063,0.12154363470107377
756,1,train,16,0.01194224093926136,0.1092805606650211,0.014772855136348063,0.12154363470107377
756,2,train,16,0.016297189048507257,0.12766044433773235,0.014772855136348063,0.12154363470107377
756,3,train,6,0.02016826787965665,0.14201502695016696,0.014772855136348063,0.12154363470107377
756,-1,train,54,0.014772855136348063,0.12154363470107377,0.014772855136348063,0.12154363470107377
757,0,train,16,0.010133336345589652,0.10066447409880833,0.01214824729885639,0.11021908772466042
757,1,train,16,0.009500289168049385,0.09746942683759552,0.01214824729885639,0.11021908772466042
757,2,train,16,0.0253869672777214,0.15933288197268447,0.01214824729885639,0.11021908772466042
757,3,train,6,0.00357239640406513,0.05976952738699822,0.01214824729885639,0.11021908772466042
757,-1,train,54,0.01214824729885639,0.11021908772466042,0.01214824729885639,0.11021908772466042
758,0,train,16,0.00918235669759552,0.09582461425748355,0.014382583470472951,0.11992740917101875
758,1,train,16,0.012337276453310309,0.11107329315956338,0.014382583470472951,0.11992740917101875
758,2,train,16,0.018038349528639558,0.1343069228619268,0.014382583470472951,0.11992740917101875
758,3,train,6,0.017972351202346422,0.13406099806560604,0.014382583470472951,0.11992740917101875
758,-1,train,54,0.014382583470472951,0.11992740917101875,0.014382583470472951,0.11992740917101875
759,0,train,16,0.014444902323972653,0.12018694739435166,0.012252511216697664,0.11069106204521512
759,1,train,16,0.009791393873064734,0.09895147231377982,0.012252511216697664,0.11069106204521512
759,2,train,16,0.020282085562423273,0.14241518726042976,0.012252511216697664,0.11069106204521512
759,3,train,6,0.00449166310733,0.06701987098861054,0.012252511216697664,0.11069106204521512
759,-1,train,54,0.012252511216697664,0.11069106204521512,0.012252511216697664,0.11069106204521512
760,0,train,16,0.017318799025188014,0.1316009081472769,0.012202523786876978,0.11046503422747389
760,1,train,16,0.00868842379060435,0.0932117148785728,0.012202523786876978,0.11046503422747389
760,2,train,16,0.018509743631788828,0.13605051867519222,0.012202523786876978,0.11046503422747389
760,3,train,6,0.004293128699926724,0.06552197112363702,0.012202523786876978,0.11046503422747389
760,-1,train,54,0.012202523786876978,0.11046503422747389,0.012202523786876978,0.11046503422747389
761,0,train,16,0.019977827714144254,0.1413429436305338,0.013468622256437168,0.11605439352492075
761,1,train,16,0.015208246809638759,0.12332172075363998,0.013468622256437168,0.11605439352492075
761,2,train,16,0.006162751586179659,0.0785031947514218,0.013468622256437168,0.11605439352492075
761,3,train,6,0.012525662915785997,0.11191810807812111,0.013468622256437168,0.11605439352492075
761,-1,train,54,0.013468622256437168,0.11605439352492075,0.013468622256437168,0.11605439352492075
762,0,train,16,0.02115004523041689,0.14543055122778326,0.014493536265846776,0.12038910360097702
762,1,train,16,0.008095836539136255,0.08997686668881205,0.014493536265846776,0.12038910360097702
762,2,train,16,0.009520211343190536,0.09757157036345442,0.014493536265846776,0.12038910360097702
762,3,train,6,0.019208051950643425,0.13859311653413176,0.014493536265846776,0.12038910360097702
762,-1,train,54,0.014493536265846776,0.12038910360097702,0.014493536265846776,0.12038910360097702
763,0,train,16,0.014743995236588541,0.12142485427863828,0.011958778421795239,0.109356199741008
763,1,train,16,0.021231614269407638,0.14571072118896275,0.011958778421795239,0.109356199741008
763,2,train,16,0.008765800737242426,0.09362585506815105,0.011958778421795239,0.109356199741008
763,3,train,6,0.0030937034439423527,0.05562107014380749,0.011958778421795239,0.109356199741008
763,-1,train,54,0.011958778421795239,0.109356199741008,0.011958778421795239,0.109356199741008
764,0,train,16,0.02126886620480899,0.1458384935632873,0.012307183566320035,0.1109377463549717
764,1,train,16,0.007956706803891909,0.08920037446049152,0.012307183566320035,0.1109377463549717
764,2,train,16,0.014524943804451568,0.12051947479329458,0.012307183566320035,0.1109377463549717
764,3,train,6,0.005478217452127674,0.0740149812681708,0.012307183566320035,0.1109377463549717
764,-1,train,54,0.012307183566320035,0.1109377463549717,0.012307183566320035,0.1109377463549717
765,0,train,16,0.015400016822218265,0.12409680423853897,0.014183173684575758,0.11909313029967664
765,1,train,16,0.012753793085381982,0.11293269272173573,0.014183173684575758,0.11909313029967664
765,2,train,16,0.010948131929771357,0.10463332131673618,0.014183173684575758,0.11909313029967664
765,3,train,6,0.017630752900931423,0.13278084538415705,0.014183173684575758,0.11909313029967664
765,-1,train,54,0.014183173684575758,0.11909313029967664,0.014183173684575758,0.11909313029967664
766,0,train,16,0.009951760659790214,0.09975851171599451,0.012218981408782194,0.11053950157650519
766,1,train,16,0.014512834279663994,0.12046922544643505,0.012218981408782194,0.11053950157650519
766,2,train,16,0.01924867530105768,0.1387395952893682,0.012218981408782194,0.11053950157650519
766,3,train,6,0.005162655394616892,0.07185162068190871,0.012218981408782194,0.11053950157650519
766,-1,train,54,0.012218981408782194,0.11053950157650519,0.012218981408782194,0.11053950157650519
767,0,train,16,0.01797665535627063,0.13407705007297344,0.012440924330727948,0.1115388915613202
767,1,train,16,0.006154039961266421,0.07844768933032012,0.012440924330727948,0.1115388915613202
767,2,train,16,0.01892643967261074,0.13757339740157157,0.012440924330727948,0.1115388915613202
767,3,train,6,0.006706562332763996,0.08189360373535894,0.012440924330727948,0.1115388915613202
767,-1,train,54,0.012440924330727948,0.1115388915613202,0.012440924330727948,0.1115388915613202
768,0,train,16,0.016646098264199223,0.12901975920067135,0.012090079431442606,0.10995489725993383
768,1,train,16,0.015346651582383242,0.12388160308287603,0.012090079431442606,0.10995489725993383
768,2,train,16,0.011767592041316423,0.10847853262888664,0.012090079431442606,0.10995489725993383
768,3,train,6,0.004599975837871536,0.0678231217054445,0.012090079431442606,0.10995489725993383
768,-1,train,54,0.012090079431442606,0.10995489725993383,0.012090079431442606,0.10995489725993383
769,0,train,16,0.011413678723710428,0.1068348198094162,0.018007049352841253,0.1341903474652378
769,1,train,16,0.011686761772326623,0.10810532721529788,0.018007049352841253,0.1341903474652378
769,2,train,16,0.006352022230300063,0.07969957484391033,0.018007049352841253,0.1341903474652378
769,3,train,6,0.04257573468502789,0.20633888311471468,0.018007049352841253,0.1341903474652378
769,-1,train,54,0.018007049352841253,0.1341903474652378,0.018007049352841253,0.1341903474652378
770,0,train,16,0.016685061780962483,0.12917066919762582,0.013703610969938586,0.11706242338999559
770,1,train,16,0.015478523061421126,0.12441271261981682,0.013703610969938586,0.11706242338999559
770,2,train,16,0.007519865497239345,0.08671715803253324,0.013703610969938586,0.11706242338999559
770,3,train,6,0.015130993540131388,0.12300810355473085,0.013703610969938586,0.11706242338999559
770,-1,train,54,0.013703610969938586,0.11706242338999559,0.013703610969938586,0.11706242338999559
771,0,train,16,0.02232826166664752,0.14942644232747937,0.01188181375358585,0.10900373275069919
771,1,train,16,0.008459730302598088,0.09197679219562992,0.01188181375358585,0.10900373275069919
771,2,train,16,0.013144739091904547,0.11465050846771045,0.01188181375358585,0.10900373275069919
771,3,train,6,0.003594523953193245,0.05995434890976004,0.01188181375358585,0.10900373275069919
771,-1,train,54,0.01188181375358585,0.10900373275069919,0.01188181375358585,0.10900373275069919
772,0,train,16,0.02135637364998027,0.1461382005157456,0.01187575891285601,0.10897595566388033
772,1,train,16,0.005408678388830955,0.07354371753474906,0.01187575891285601,0.10897595566388033
772,2,train,16,0.01701399319369193,0.1304376985142406,0.01187575891285601,0.10897595566388033
772,3,train,6,0.0037239904189208884,0.061024506707722664,0.01187575891285601,0.10897595566388033
772,-1,train,54,0.01187575891285601,0.10897595566388033,0.01187575891285601,0.10897595566388033
773,0,train,16,0.018462137197612565,0.13587544736858298,0.011992312510146572,0.1095094174495809
773,1,train,16,0.012947966098584526,0.11378912996672629,0.011992312510146572,0.1095094174495809
773,2,train,16,0.011955707074325885,0.10934215597986846,0.011992312510146572,0.1095094174495809
773,3,train,6,0.004603439670063309,0.0678486526768462,0.011992312510146572,0.1095094174495809
773,-1,train,54,0.011992312510146572,0.1095094174495809,0.011992312510146572,0.1095094174495809
774,0,train,16,0.013287662529249983,0.11527212381686208,0.014712940885725046,0.12129691210300882
774,1,train,16,0.01535677085091457,0.12392243885154364,0.014712940885725046,0.12129691210300882
774,2,train,16,0.008087038076866497,0.08992796048430375,0.014712940885725046,0.12129691210300882
774,3,train,6,0.022120292085869128,0.14872892148425312,0.014712940885725046,0.12129691210300882
774,-1,train,54,0.014712940885725046,0.12129691210300882,0.014712940885725046,0.12129691210300882
775,0,train,16,0.016296023642459065,0.12765587978020856,0.014132346528831583,0.11887954630142052
775,1,train,16,0.007529877225807019,0.08677486517308465,0.014132346528831583,0.11887954630142052
775,2,train,16,0.014193323642474387,0.11913573621073732,0.014132346528831583,0.11887954630142052
775,3,train,6,0.01851016160458586,0.13605205476061677,0.014132346528831583,0.11887954630142052
775,-1,train,54,0.014132346528831583,0.11887954630142052,0.014132346528831583,0.11887954630142052
776,0,train,16,0.005247028161524453,0.07243637319416574,0.01359879092676225,0.11661385392294626
776,1,train,16,0.020150808364151864,0.14195354297851062,0.01359879092676225,0.11661385392294626
776,2,train,16,0.013792810144672787,0.11744279520120758,0.01359879092676225,0.11661385392294626
776,3,train,6,0.015204517036699894,0.12330659770142023,0.01359879092676225,0.11661385392294626
776,-1,train,54,0.01359879092676225,0.11661385392294626,0.01359879092676225,0.11661385392294626
777,0,train,16,0.015663908585601044,0.12515553757465567,0.015868705947591107,0.12597105202224482
777,1,train,16,0.006134866133626626,0.07832538626541606,0.015868705947591107,0.12597105202224482
777,2,train,16,0.01176938667927565,0.10848680417117858,0.015868705947591107,0.12597105202224482
777,3,train,6,0.029906662391861114,0.17293542838834705,0.015868705947591107,0.12597105202224482
777,-1,train,54,0.015868705947591107,0.12597105202224482,0.015868705947591107,0.12597105202224482
778,0,train,16,0.018240879806451477,0.13505880129207232,0.015110855528429779,0.12292621985739974
778,1,train,16,0.006306326303020633,0.07941238129549216,0.015110855528429779,0.12292621985739974
778,2,train,16,0.010781459101864876,0.1038338051978491,0.015110855528429779,0.12292621985739974
778,3,train,6,0.025114756902382133,0.15847636070525514,0.015110855528429779,0.12292621985739974
778,-1,train,54,0.015110855528429779,0.12292621985739974,0.015110855528429779,0.12292621985739974
779,0,train,16,0.016714667501052365,0.12928521764321071,0.011813300404935664,0.10868900774657787
779,1,train,16,0.013282428825077849,0.11524942006395454,0.011813300404935664,0.10868900774657787
779,2,train,16,0.013090036006511546,0.11441169523484715,0.011813300404935664,0.10868900774657787
779,3,train,6,0.0041660692871008905,0.06454509498870453,0.011813300404935664,0.10868900774657787
779,-1,train,54,0.011813300404935664,0.10868900774657787,0.011813300404935664,0.10868900774657787
780,0,train,16,0.018995854888936937,0.1378254508025892,0.011557129460274472,0.10750409043508286
780,1,train,16,0.011987812250335479,0.10948886815715778,0.011557129460274472,0.10750409043508286
780,2,train,16,0.012601949147399889,0.11225840346005232,0.011557129460274472,0.10750409043508286
780,3,train,6,0.0026429015544255836,0.05140915827384829,0.011557129460274472,0.10750409043508286
780,-1,train,54,0.011557129460274472,0.10750409043508286,0.011557129460274472,0.10750409043508286
781,0,train,16,0.005890263090242738,0.07674804942304878,0.012391503073467921,0.11131712839212086
781,1,train,16,0.021467345332987126,0.1465173891829469,0.012391503073467921,0.11131712839212086
781,2,train,16,0.014102926495992197,0.11875574300214789,0.012391503073467921,0.11131712839212086
781,3,train,6,0.008105477374649617,0.0900304247165902,0.012391503073467921,0.11131712839212086
781,-1,train,54,0.012391503073467921,0.11131712839212086,0.012391503073467921,0.11131712839212086
782,0,train,16,0.015419769268733235,0.12417636356703814,0.012685161254529223,0.11262842116681394
782,1,train,16,0.014834665056919832,0.12179763978386376,0.012685161254529223,0.11262842116681394
782,2,train,16,0.010358365782777925,0.10177605702117726,0.012685161254529223,0.11262842116681394
782,3,train,6,0.010127844909685898,0.10063719446450153,0.012685161254529223,0.11262842116681394
782,-1,train,54,0.012685161254529223,0.11262842116681394,0.012685161254529223,0.11262842116681394
783,0,train,16,0.00931353313934622,0.09650664816138947,0.011805388659870134,0.1086526053984447
783,1,train,16,0.011167492840250582,0.10567635894678895,0.011805388659870134,0.1086526053984447
783,2,train,16,0.02219053492767125,0.14896487816821538,0.011805388659870134,0.1086526053984447
783,3,train,6,0.004549993732212489,0.06745364135621211,0.011805388659870134,0.1086526053984447
783,-1,train,54,0.011805388659870134,0.1086526053984447,0.011805388659870134,0.1086526053984447
784,0,train,16,0.017477883239763358,0.13220394562857554,0.011656284607187309,0.10796427468004084
784,1,train,16,0.01839859840855828,0.1356414332295198,0.011656284607187309,0.10796427468004084
784,2,train,16,0.007012845133064461,0.08374273182231674,0.011656284607187309,0.10796427468004084
784,3,train,6,0.0037358116473631396,0.061121286368687786,0.011656284607187309,0.10796427468004084
784,-1,train,54,0.011656284607187309,0.10796427468004084,0.011656284607187309,0.10796427468004084
785,0,train,16,0.018264763433971293,0.1351471917354234,0.011856647044171364,0.10888823189018804
785,1,train,16,0.004527315949634883,0.0672853323513742,0.011856647044171364,0.10888823189018804
785,2,train,16,0.01945690727812148,0.139488018403451,0.011856647044171364,0.10888823189018804
785,3,train,6,0.005177601514957801,0.07195555235670004,0.011856647044171364,0.10888823189018804
785,-1,train,54,0.011856647044171364,0.10888823189018804,0.011856647044171364,0.10888823189018804
786,0,train,16,0.01976778287838723,0.14059794763220132,0.012069838786866021,0.10986281803624928
786,1,train,16,0.008356375311481474,0.0914132119087907,0.012069838786866021,0.10986281803624928
786,2,train,16,0.013502650664037807,0.11620090646822773,0.012069838786866021,0.10986281803624928
786,3,train,6,0.006652546293557576,0.08156314298479171,0.012069838786866021,0.10986281803624928
786,-1,train,54,0.012069838786866021,0.10986281803624928,0.012069838786866021,0.10986281803624928
787,0,train,16,0.011380398939716983,0.10667895265569953,0.01168635082392956,0.10810342651336062
787,1,train,16,0.009492930027718102,0.09743166850525604,0.01168635082392956,0.10810342651336062
787,2,train,16,0.02160173451306765,0.14697528538182072,0.01168635082392956,0.10810342651336062
787,3,train,6,0.004270339815215502,0.06534783711199248,0.01168635082392956,0.10810342651336062
787,-1,train,54,0.01168635082392956,0.10810342651336062,0.01168635082392956,0.10810342651336062
788,0,train,16,0.009401294804996577,0.09696027436531199,0.014266770982612987,0.11944358912312115
788,1,train,16,0.006540016654039091,0.08087036944418574,0.014266770982612987,0.11944358912312115
788,2,train,16,0.020392784902198736,0.1428033084427624,0.014266770982612987,0.11944358912312115
788,3,train,6,0.020732987569217542,0.14398953979097767,0.014266770982612987,0.11944358912312115
788,-1,train,54,0.014266770982612987,0.11944358912312115,0.014266770982612987,0.11944358912312115
789,0,train,16,0.015075318327733003,0.12278158790198554,0.011788033151259111,0.10857270905369872
789,1,train,16,0.008542564219942974,0.09242599320506636,0.011788033151259111,0.10857270905369872
789,2,train,16,0.018526521226601485,0.13611216413899782,0.011788033151259111,0.10857270905369872
789,3,train,6,0.005007728830758988,0.07076530810191523,0.011788033151259111,0.10857270905369872
789,-1,train,54,0.011788033151259111,0.10857270905369872,0.011788033151259111,0.10857270905369872
790,0,train,16,0.009193395127992622,0.09588219400906835,0.015542212768642769,0.12466841127022824
790,1,train,16,0.01506958790170725,0.12275824983155816,0.015542212768642769,0.12466841127022824
790,2,train,16,0.008758391305671808,0.09358627733632643,0.015542212768642769,0.12466841127022824
790,3,train,6,0.029147476739199395,0.17072632116694658,0.015542212768642769,0.12466841127022824
790,-1,train,54,0.015542212768642769,0.12466841127022824,0.015542212768642769,0.12466841127022824
791,0,train,16,0.009436695407153126,0.09714265493156508,0.015347254439927037,0.12388403625942705
791,1,train,16,0.0090497673053991,0.09513026492867084,0.015347254439927037,0.12388403625942705
791,2,train,16,0.014867213403299445,0.12193118306364227,0.015347254439927037,0.12388403625942705
791,3,train,6,0.028035341643856477,0.16743757536424278,0.015347254439927037,0.12388403625942705
791,-1,train,54,0.015347254439927037,0.12388403625942705,0.015347254439927037,0.12388403625942705
792,0,train,16,0.01928848030592065,0.13888297341978478,0.011812242307422883,0.10868414009147279
792,1,train,16,0.007656672979170514,0.08750241699044956,0.011812242307422883,0.10868414009147279
792,2,train,16,0.014758549875677141,0.12148477219667139,0.011812242307422883,0.10868414009147279
792,3,train,6,0.005545266068923223,0.07446654328571471,0.011812242307422883,0.10868414009147279
792,-1,train,54,0.011812242307422883,0.10868414009147279,0.011812242307422883,0.10868414009147279
793,0,train,16,0.015870548553357854,0.1259783654178679,0.011875881473682334,0.10897651799209926
793,1,train,16,0.008259029814912344,0.09087920452398526,0.011875881473682334,0.10897651799209926
793,2,train,16,0.017283551010646304,0.13146691983402634,0.011875881473682334,0.10897651799209926
793,3,train,6,0.006090396515812835,0.07804099253477517,0.011875881473682334,0.10897651799209926
793,-1,train,54,0.011875881473682334,0.10897651799209926,0.011875881473682334,0.10897651799209926
794,0,train,16,0.01024096829782432,0.10119766942881797,0.013815142527231958,0.11753783445015464
794,1,train,16,0.011357524637905746,0.10657168778763779,0.013815142527231958,0.11753783445015464
794,2,train,16,0.014988171472096615,0.12242618785250407,0.013815142527231958,0.11753783445015464
794,3,train,6,0.018673905701101154,0.136652499798215,0.013815142527231958,0.11753783445015464
794,-1,train,54,0.013815142527231958,0.11753783445015464,0.013815142527231958,0.11753783445015464
795,0,train,16,0.020249982336332524,0.14230243264376236,0.012881752388832865,0.11349780785915146
795,1,train,16,0.009059250584326486,0.09518009552593697,0.012881752388832865,0.11349780785915146
795,2,train,16,0.009426436521953054,0.09708983737731285,0.012881752388832865,0.11349780785915146
795,3,train,6,0.012791340112719393,0.11309880685807164,0.012881752388832865,0.11349780785915146
795,-1,train,54,0.012881752388832865,0.11349780785915146,0.012881752388832865,0.11349780785915146
796,0,train,16,0.011308575553991939,0.10634178649050399,0.013723511245530114,0.11714739111704586
796,1,train,16,0.008751061415764306,0.09354710800321037,0.013723511245530114,0.11714739111704586
796,2,train,16,0.016519222467392795,0.12852712735991884,0.013723511245530114,0.11714739111704586
796,3,train,6,0.018315185544971416,0.13533360833500085,0.013723511245530114,0.11714739111704586
796,-1,train,54,0.013723511245530114,0.11714739111704586,0.013723511245530114,0.11714739111704586
797,0,train,16,0.014201794196309986,0.11917128092082414,0.011537492185078319,0.10741271891670147
797,1,train,16,0.01096241195215027,0.10470153748704109,0.011537492185078319,0.10741271891670147
797,2,train,16,0.016554813446554253,0.1286655099339145,0.011537492185078319,0.10741271891670147
797,3,train,6,0.00443094914529877,0.06656537497302009,0.011537492185078319,0.10741271891670147
797,-1,train,54,0.011537492185078319,0.10741271891670147,0.011537492185078319,0.10741271891670147
798,0,train,16,0.022047951777576034,0.14848552716536395,0.011488716447174066,0.10718543020006994
798,1,train,16,0.010156639265819323,0.10078015313453004,0.011488716447174066,0.10718543020006994
798,2,train,16,0.00953808831010941,0.09766313690492134,0.011488716447174066,0.10718543020006994
798,3,train,6,0.004212186435191491,0.06490135927075404,0.011488716447174066,0.10718543020006994
798,-1,train,54,0.011488716447174066,0.10718543020006994,0.011488716447174066,0.10718543020006994
799,0,train,16,0.011000185316098856,0.10488176827313152,0.011958212832460827,0.1093536137146863
799,1,train,16,0.010804563753833178,0.10394500350585967,0.011958212832460827,0.1093536137146863
799,2,train,16,0.0187067968658243,0.13677279285670926,0.011958212832460827,0.1093536137146863
799,3,train,6,0.007321305394086976,0.08556462700255857,0.011958212832460827,0.1093536137146863
799,-1,train,54,0.011958212832460827,0.1093536137146863,0.011958212832460827,0.1093536137146863
800,0,train,16,0.013121846444392588,0.11455062830204202,0.014330302566149939,0.11970924177418359
800,1,train,16,0.011546679798580492,0.10745547821577313,0.014330302566149939,0.11970924177418359
800,2,train,16,0.010100222756452644,0.10049986445987201,0.014330302566149939,0.11970924177418359
800,3,train,6,0.02255246126517403,0.15017476906982088,0.014330302566149939,0.11970924177418359
800,-1,train,54,0.014330302566149939,0.11970924177418359,0.014330302566149939,0.11970924177418359
801,0,train,16,0.017010685613963877,0.13042501912579457,0.012692013790043288,0.11265883804674752
801,1,train,16,0.01028738472671464,0.10142674561827685,0.012692013790043288,0.11265883804674752
801,2,train,16,0.011284507927907195,0.1062285645573129,0.012692013790043288,0.11265883804674752
801,3,train,6,0.012185476891587436,0.11038784757203773,0.012692013790043288,0.11265883804674752
801,-1,train,54,0.012692013790043288,0.11265883804674752,0.012692013790043288,0.11265883804674752
802,0,train,16,0.011860094369094808,0.10890406038846673,0.012209956239263084,0.11049867075790136
802,1,train,16,0.016504996441370882,0.12847177293620138,0.012209956239263084,0.11049867075790136
802,2,train,16,0.011260673653788097,0.10611632133554243,0.012209956239263084,0.11049867075790136
802,3,train,6,0.009214060492798548,0.09598989786846608,0.012209956239263084,0.11049867075790136
802,-1,train,54,0.012209956239263084,0.11049867075790136,0.012209956239263084,0.11049867075790136
803,0,train,16,0.003378734343938187,0.05812688142278224,0.013136781159001078,0.11461579803413262
803,1,train,16,0.01509714659990472,0.12287044640557272,0.013136781159001078,0.11461579803413262
803,2,train,16,0.01877905199474769,0.1370366812015954,0.013136781159001078,0.11461579803413262
803,3,train,6,0.015292191697413715,0.12366160154798948,0.013136781159001078,0.11461579803413262
803,-1,train,54,0.013136781159001078,0.11461579803413262,0.013136781159001078,0.11461579803413262
804,0,train,16,0.014312522027371388,0.1196349532008576,0.014968157497250351,0.12234442160250034
804,1,train,16,0.010529148405295554,0.10261163874188714,0.014968157497250351,0.12234442160250034
804,2,train,16,0.00790478401925577,0.08890885231098065,0.014968157497250351,0.12234442160250034
804,3,train,6,0.027126175537078693,0.16470025967520116,0.014968157497250351,0.12234442160250034
804,-1,train,54,0.014968157497250351,0.12234442160250034,0.014968157497250351,0.12234442160250034
805,0,train,16,0.010657231861705491,0.1032338697410181,0.011804493661546726,0.10864848669699328
805,1,train,16,0.01191231490208353,0.10914355181174713,0.011804493661546726,0.10864848669699328
805,2,train,16,0.017666029036290047,0.13291361493951645,0.011804493661546726,0.10864848669699328
805,3,train,6,0.006982398846107838,0.08356074943481442,0.011804493661546726,0.10864848669699328
805,-1,train,54,0.011804493661546726,0.10864848669699328,0.011804493661546726,0.10864848669699328
806,0,train,16,0.008864197765261784,0.09414986864176596,0.012792945078378555,0.11310590204926776
806,1,train,16,0.023933713674273695,0.15470524772700406,0.012792945078378555,0.11310590204926776
806,2,train,16,0.0050279430066164,0.07090798972341833,0.012792945078378555,0.11310590204926776
806,3,train,6,0.013345925867362341,0.11552456824140198,0.012792945078378555,0.11310590204926776
806,-1,train,54,0.012792945078378555,0.11310590204926776,0.012792945078378555,0.11310590204926776
807,0,train,16,0.014511300005930799,0.12046285737077134,0.012719845899502931,0.11278229426422806
807,1,train,16,0.005577205580630346,0.07468069081516551,0.012719845899502931,0.11278229426422806
807,2,train,16,0.017767570979574356,0.13329505234469266,0.012719845899502931,0.11278229426422806
807,3,train,6,0.013023307031876223,0.11411970483608964,0.012719845899502931,0.11278229426422806
807,-1,train,54,0.012719845899502931,0.11278229426422806,0.012719845899502931,0.11278229426422806
808,0,train,16,0.015287567567443299,0.12364290342532118,0.014165851224530152,0.11902038155093501
808,1,train,16,0.009687439801683097,0.09842479261691689,0.014165851224530152,0.11902038155093501
808,2,train,16,0.009292485311368398,0.09639753789059344,0.014165851224530152,0.11902038155093501
808,3,train,6,0.02239591221762581,0.14965263852543934,0.014165851224530152,0.11902038155093501
808,-1,train,54,0.014165851224530152,0.11902038155093501,0.014165851224530152,0.11902038155093501
809,0,train,16,0.023450138089088926,0.15313437918732986,0.011441583978629098,0.10696534008093041
809,1,train,16,0.005041275309571476,0.0710019387733284,0.011441583978629098,0.10696534008093041
809,2,train,16,0.012258659747982797,0.11071883194824084,0.011441583978629098,0.10696534008093041
809,3,train,6,0.005016262767873192,0.07082557989789559,0.011441583978629098,0.10696534008093041
809,-1,train,54,0.011441583978629098,0.10696534008093041,0.011441583978629098,0.10696534008093041
810,0,train,16,0.0094183227442637,0.09704804348498583,0.011397226749590105,0.10675779479546262
810,1,train,16,0.01116197731646997,0.10565025942452753,0.011397226749590105,0.10675779479546262
810,2,train,16,0.02019193739035974,0.1420983370429075,0.011397226749590105,0.10675779479546262
810,3,train,6,0.0048166695472670025,0.06940223013179765,0.011397226749590105,0.10675779479546262
810,-1,train,54,0.011397226749590105,0.10675779479546262,0.011397226749590105,0.10675779479546262
811,0,train,16,0.019132794696217655,0.1383213457721463,0.01143528390050444,0.10693588686920981
811,1,train,16,0.007993230931500204,0.08940487084885367,0.01143528390050444,0.10693588686920981
811,2,train,16,0.013369325969121071,0.11562580148531326,0.01143528390050444,0.10693588686920981
811,3,train,6,0.005245784005178827,0.07242778475957157,0.01143528390050444,0.10693588686920981
811,-1,train,54,0.01143528390050444,0.10693588686920981,0.01143528390050444,0.10693588686920981
812,0,train,16,0.008385605934166596,0.09157295416315123,0.011108767251370378,0.10539813684961598
812,1,train,16,0.01157263813949114,0.10757619690010956,0.011108767251370378,0.10539813684961598
812,2,train,16,0.02123119171622171,0.14570927120887575,0.011108767251370378,0.10539813684961598
812,3,train,6,0.003245633215602064,0.05697045914859791,0.011108767251370378,0.10539813684961598
812,-1,train,54,0.011108767251370378,0.10539813684961598,0.011108767251370378,0.10539813684961598
813,0,train,16,0.016002728988556664,0.1265018932212347,0.01352942754923607,0.1163160674594704
813,1,train,16,0.005333890468529404,0.07303348867834128,0.01352942754923607,0.1163160674594704
813,2,train,16,0.013946550562721077,0.11809551457494513,0.01352942754923607,0.1163160674594704
813,3,train,6,0.01883454017713713,0.13723898927468509,0.01352942754923607,0.1163160674594704
813,-1,train,54,0.01352942754923607,0.1163160674594704,0.01352942754923607,0.1163160674594704
814,0,train,16,0.008308257536834288,0.09114964364622764,0.011352694207830732,0.10654902255689976
814,1,train,16,0.02426273603483125,0.1557650025995289,0.011352694207830732,0.10654902255689976
814,2,train,16,0.007877274452250362,0.08875401090796045,0.011352694207830732,0.10654902255689976
814,3,train,6,0.004962508807407024,0.07044507653063502,0.011352694207830732,0.10654902255689976
814,-1,train,54,0.011352694207830732,0.10654902255689976,0.011352694207830732,0.10654902255689976
815,0,train,16,0.016843979447653736,0.12978435748445857,0.011012332479516784,0.10493966113684941
815,1,train,16,0.01986934053100145,0.1409586483015549,0.011012332479516784,0.10493966113684941
815,2,train,16,0.004441552092809263,0.06664497049897511,0.011012332479516784,0.10493966113684941
815,3,train,6,0.0028944578466026842,0.053800165860364076,0.011012332479516784,0.10493966113684941
815,-1,train,54,0.011012332479516784,0.10493966113684941,0.011012332479516784,0.10493966113684941
816,0,train,16,0.013645626078891198,0.11681449430139737,0.011612278063583892,0.10776028054707305
816,1,train,16,0.014631022549679119,0.12095876383991,0.011612278063583892,0.10776028054707305
816,2,train,16,0.011313351447229386,0.10636423951323766,0.011612278063583892,0.10776028054707305
816,3,train,6,0.006859112178535865,0.08281975717505977,0.011612278063583892,0.10776028054707305
816,-1,train,54,0.011612278063583892,0.10776028054707305,0.011612278063583892,0.10776028054707305
817,0,train,16,0.022162633643045188,0.148871198164874,0.011563548389082454,0.10753394063774681
817,1,train,16,0.01109578609657704,0.10533653732953746,0.011563548389082454,0.10753394063774681
817,2,train,16,0.006353225631805586,0.07970712409694372,0.011563548389082454,0.10753394063774681
817,3,train,6,0.006642548184902001,0.08150182933469653,0.011563548389082454,0.10753394063774681
817,-1,train,54,0.011563548389082454,0.10753394063774681,0.011563548389082454,0.10753394063774681
818,0,train,16,0.014972304159710778,0.12236136710461672,0.011683269095859027,0.10808917196398087
818,1,train,16,0.018050778085753855,0.13435318412956895,0.011683269095859027,0.10808917196398087
818,2,train,16,0.006233737760136991,0.07895402307759239,0.011683269095859027,0.10808917196398087
818,3,train,6,0.007476256377834489,0.08646534784429245,0.011683269095859027,0.10808917196398087
818,-1,train,54,0.011683269095859027,0.10808917196398087,0.011683269095859027,0.10808917196398087
819,0,train,16,0.009684460444855946,0.09840965625819423,0.011320660814146568,0.10639859404215155
819,1,train,16,0.020404196311040883,0.14284325784243682,0.011320660814146568,0.10639859404215155
819,2,train,16,0.009998883580271076,0.09999441774554756,0.011320660814146568,0.10639859404215155
819,3,train,6,0.0051951029204183674,0.07207706237367313,0.011320660814146568,0.10639859404215155
819,-1,train,54,0.011320660814146568,0.10639859404215155,0.011320660814146568,0.10639859404215155
820,0,train,16,0.0154669919266056,0.12436636171652526,0.011147943207142519,0.10558382076408544
820,1,train,16,0.012123801079692475,0.11010813357646416,0.011147943207142519,0.10558382076408544
820,2,train,16,0.012809464123455256,0.11317890317305278,0.011147943207142519,0.10558382076408544
820,3,train,6,0.004191515698816746,0.06474191608854919,0.011147943207142519,0.10558382076408544
820,-1,train,54,0.011147943207142519,0.10558382076408544,0.011147943207142519,0.10558382076408544
821,0,train,16,0.01110869909494105,0.10539781352068481,0.010955903592834108,0.10467045233891993
821,1,train,16,0.014045337332469782,0.11851302600334607,0.010955903592834108,0.10467045233891993
821,2,train,16,0.015696268639884915,0.12528475022876853,0.010955903592834108,0.10467045233891993
821,3,train,6,0.002973309304040679,0.05452805978613835,0.010955903592834108,0.10467045233891993
821,-1,train,54,0.010955903592834108,0.10467045233891993,0.010955903592834108,0.10467045233891993
822,0,train,16,0.005956903493080179,0.07718097882950292,0.011168861536698464,0.10568283463599216
822,1,train,16,0.016284104094872128,0.12760918499415363,0.011168861536698464,0.10568283463599216
822,2,train,16,0.01803978053966866,0.1343122501474406,0.011168861536698464,0.10568283463599216
822,3,train,6,0.004394658019172891,0.06629221688232255,0.011168861536698464,0.10568283463599216
822,-1,train,54,0.011168861536698464,0.10568283463599216,0.011168861536698464,0.10568283463599216
823,0,train,16,0.011423021387615893,0.10687853567305221,0.011041711750217516,0.10507954962892406
823,1,train,16,0.01833325650625962,0.13540035637419726,0.011041711750217516,0.10507954962892406
823,2,train,16,0.010769324694493185,0.10377535687480523,0.011041711750217516,0.10507954962892406
823,3,train,6,0.003641244412501369,0.060342724602899474,0.011041711750217516,0.10507954962892406
823,-1,train,54,0.011041711750217516,0.10507954962892406,0.011041711750217516,0.10507954962892406
824,0,train,16,0.011739132987186356,0.10834727955600157,0.01377558283576941,0.11736942888064766
824,1,train,16,0.01323139761164067,0.11502781233962797,0.01377558283576941,0.11736942888064766
824,2,train,16,0.008897644513271782,0.0943273264397533,0.01377558283576941,0.11736942888064766
824,3,train,6,0.021234156230978834,0.14571944355843125,0.01377558283576941,0.11736942888064766
824,-1,train,54,0.01377558283576941,0.11736942888064766,0.01377558283576941,0.11736942888064766
825,0,train,16,0.007685712651329002,0.08766819635038126,0.012845826094221417,0.1133394286831437
825,1,train,16,0.015657793655968727,0.1251311058688795,0.012845826094221417,0.1133394286831437
825,2,train,16,0.012648461229506516,0.11246537791474547,0.012845826094221417,0.1133394286831437
825,3,train,6,0.01539133684008142,0.12406182668363956,0.012845826094221417,0.1133394286831437
825,-1,train,54,0.012845826094221417,0.1133394286831437,0.012845826094221417,0.1133394286831437
826,0,train,16,0.01381742136914709,0.1175475281286131,0.013007912988463717,0.11405223798095203
826,1,train,16,0.004880035980055276,0.06985725431231374,0.013007912988463717,0.11405223798095203
826,2,train,16,0.016801088602449075,0.1296190132752486,0.013007912988463717,0.11405223798095203
826,3,train,6,0.016533106002203427,0.12858112615078243,0.013007912988463717,0.11405223798095203
826,-1,train,54,0.013007912988463717,0.11405223798095203,0.013007912988463717,0.11405223798095203
827,0,train,16,0.012752362115810892,0.11292635704657657,0.012587403491303464,0.1121935982634636
827,1,train,16,0.009090626643091657,0.095344777744204,0.012587403491303464,0.1121935982634636
827,2,train,16,0.014551032002958705,0.1206276585321903,0.012587403491303464,0.1121935982634636
827,3,train,6,0.013955593203352597,0.11813379365512901,0.012587403491303464,0.1121935982634636
827,-1,train,54,0.012587403491303464,0.1121935982634636,0.012587403491303464,0.1121935982634636
828,0,train,16,0.01716475407455601,0.13101432774531194,0.011168989229535974,0.1056834387666108
828,1,train,16,0.01181514705421422,0.10869750252059253,0.011168989229535974,0.1056834387666108
828,2,train,16,0.01079447104851219,0.10389644386846063,0.011168989229535974,0.1056834387666108
828,3,train,6,0.00490158474086147,0.07001131866249535,0.011168989229535974,0.1056834387666108
828,-1,train,54,0.011168989229535974,0.1056834387666108,0.011168989229535974,0.1056834387666108
829,0,train,16,0.014106159025273582,0.11876935221374907,0.013614908711153971,0.11668294096033906
829,1,train,16,0.00936621256859183,0.096779194916014,0.013614908711153971,0.11668294096033906
829,2,train,16,0.010209522736317537,0.10104218295502893,0.013614908711153971,0.11668294096033906
829,3,train,6,0.020777740514432933,0.14414485947973632,0.013614908711153971,0.11668294096033906
829,-1,train,54,0.013614908711153971,0.11668294096033906,0.013614908711153971,0.11668294096033906
830,0,train,16,0.013812564677610212,0.11752686789670783,0.012488277175799355,0.11175096051399001
830,1,train,16,0.012482534739390289,0.1117252645527872,0.012488277175799355,0.11175096051399001
830,2,train,16,0.009987292188165848,0.09993644074193281,0.012488277175799355,0.11175096051399001
830,3,train,6,0.013670717098031077,0.11692184183475335,0.012488277175799355,0.11175096051399001
830,-1,train,54,0.012488277175799355,0.11175096051399001,0.012488277175799355,0.11175096051399001
831,0,train,16,0.013557623526715074,0.11643720851478308,0.01277328561746306,0.11301896131828083
831,1,train,16,0.01428473570199756,0.1195187671539393,0.01277328561746306,0.11301896131828083
831,2,train,16,0.007712756147287973,0.08782229869052605,0.01277328561746306,0.11301896131828083
831,3,train,6,0.015538027093851629,0.12465162290901642,0.01277328561746306,0.11301896131828083
831,-1,train,54,0.01277328561746306,0.11301896131828083,0.01277328561746306,0.11301896131828083
832,0,train,16,0.0144755160822995,0.12031423890088612,0.011862113123823933,0.10891332849483544
832,1,train,16,0.012490971721031495,0.11176301589090863,0.011862113123823933,0.10891332849483544
832,2,train,16,0.010630147659845593,0.10310260743475692,0.011862113123823933,0.10891332849483544
832,3,train,6,0.009851817032119138,0.09925631985984136,0.011862113123823933,0.10891332849483544
832,-1,train,54,0.011862113123823933,0.10891332849483544,0.011862113123823933,0.10891332849483544
833,0,train,16,0.014300777971402908,0.11958586024862182,0.010832511717750005,0.10407935298487402
833,1,train,16,0.013439120905281288,0.11592722245133491,0.010832511717750005,0.10407935298487402
833,2,train,16,0.012232495685270095,0.11060061340367916,0.010832511717750005,0.10407935298487402
833,3,train,6,0.0033576523090457313,0.05794525268773734,0.010832511717750005,0.10407935298487402
833,-1,train,54,0.010832511717750005,0.10407935298487402,0.010832511717750005,0.10407935298487402
834,0,train,16,0.02196479756563356,0.14820525485161976,0.011160038710034278,0.10564108438497911
834,1,train,16,0.006335858385792271,0.07959810541584687,0.011160038710034278,0.10564108438497911
834,2,train,16,0.010804208088658876,0.1039432926583475,0.011160038710034278,0.10564108438497911
834,3,train,6,0.005535290800052408,0.07439953494513529,0.011160038710034278,0.10564108438497911
834,-1,train,54,0.011160038710034278,0.10564108438497911,0.011160038710034278,0.10564108438497911
835,0,train,16,0.006842352334641688,0.08271851264766363,0.011168918296172572,0.10568310317251559
835,1,train,16,0.009132291487179608,0.09556302363979285,0.011168918296172572,0.10568310317251559
835,2,train,16,0.023051048515208575,0.1518257175685614,0.011168918296172572,0.10568310317251559
835,3,train,6,0.005649980847660418,0.07516635449228876,0.011168918296172572,0.10568310317251559
835,-1,train,54,0.011168918296172572,0.10568310317251559,0.011168918296172572,0.10568310317251559
836,0,train,16,0.014037672172247617,0.11848068269657977,0.011388164056682838,0.10671534124334157
836,1,train,16,0.010864165473514601,0.10423130754967339,0.011388164056682838,0.10671534124334157
836,2,train,16,0.01348239984294775,0.11611373666775068,0.011388164056682838,0.10671534124334157
836,3,train,6,0.0071684187380213855,0.08466651485694557,0.011388164056682838,0.10671534124334157
836,-1,train,54,0.011388164056682838,0.10671534124334157,0.011388164056682838,0.10671534124334157
837,0,train,16,0.013450344131500697,0.11597561869419235,0.013370204274167713,0.11562959947248677
837,1,train,16,0.005134292161017202,0.07165397519340572,0.013370204274167713,0.11562959947248677
837,2,train,16,0.015039670249981965,0.12263633331921647,0.013370204274167713,0.11562959947248677
837,3,train,6,0.01985651055417099,0.14091313123400173,0.013370204274167713,0.11562959947248677
837,-1,train,54,0.013370204274167713,0.11562959947248677,0.013370204274167713,0.11562959947248677
838,0,train,16,0.015389618429980084,0.12405490087046171,0.011782169729688654,0.10854570341422388
838,1,train,16,0.008176241476463673,0.09042257172002836,0.011782169729688654,0.10854570341422388
838,2,train,16,0.01376797620654338,0.11733701976163952,0.011782169729688654,0.10854570341422388
838,3,train,6,0.009794842805767479,0.09896889817395907,0.011782169729688654,0.10854570341422388
838,-1,train,54,0.011782169729688654,0.10854570341422388,0.011782169729688654,0.10854570341422388
839,0,train,16,0.011666299596196956,0.10801064575400407,0.011218626691738112,0.10591801873023358
839,1,train,16,0.016841138015817565,0.1297734102804483,0.011218626691738112,0.10591801873023358
839,2,train,16,0.010065314706121391,0.10032604201363368,0.011218626691738112,0.10591801873023358
839,3,train,6,0.006301754448816537,0.07938359055130056,0.011218626691738112,0.10591801873023358
839,-1,train,54,0.011218626691738112,0.10591801873023358,0.011218626691738112,0.10591801873023358
840,0,train,16,0.011187399988996875,0.10577050623400114,0.012570698489663162,0.11211912633294625
840,1,train,16,0.008874951436291929,0.0942069606573311,0.012570698489663162,0.11211912633294625
840,2,train,16,0.015154519052804669,0.12310369227933282,0.012570698489663162,0.11211912633294625
840,3,train,6,0.015065923480559178,0.12274332356816471,0.012570698489663162,0.11211912633294625
840,-1,train,54,0.012570698489663162,0.11211912633294625,0.012570698489663162,0.11211912633294625
841,0,train,16,0.015275638467606805,0.1235946538795542,0.01075585841570375,0.10371045470782465
841,1,train,16,0.01087905686849271,0.10430271745497674,0.01075585841570375,0.10371045470782465
841,2,train,16,0.01333440852901755,0.11547470947795258,0.01075585841570375,0.10371045470782465
841,3,train,6,0.0035343297976979313,0.059450229584905145,0.01075585841570375,0.10371045470782465
841,-1,train,54,0.01075585841570375,0.10371045470782465,0.01075585841570375,0.10371045470782465
842,0,train,16,0.012863026880694139,0.11341528503995456,0.012599824131735821,0.11224893822097304
842,1,train,16,0.005802167713551301,0.07617196146582612,0.012599824131735821,0.11224893822097304
842,2,train,16,0.016312485914735976,0.12772034260342388,0.012599824131735821,0.11224893822097304
842,3,train,6,0.015421616017961865,0.12418379933776331,0.012599824131735821,0.11224893822097304
842,-1,train,54,0.012599824131735821,0.11224893822097304,0.012599824131735821,0.11224893822097304
843,0,train,16,0.005753691957433906,0.07585309458047118,0.010997805731843242,0.10487042353229648
843,1,train,16,0.01779801083158855,0.13340918570918778,0.010997805731843242,0.10487042353229648
843,2,train,16,0.015192378091827202,0.12325736526401658,0.010997805731843242,0.10487042353229648
843,3,train,6,0.005247142046523307,0.07243715929357879,0.010997805731843242,0.10487042353229648
843,-1,train,54,0.010997805731843242,0.10487042353229648,0.010997805731843242,0.10487042353229648
844,0,train,16,0.010893969884074064,0.10437418207619192,0.011586341459177177,0.10763986928260912
844,1,train,16,0.011635041199986014,0.10786584816329038,0.011586341459177177,0.10763986928260912
844,2,train,16,0.014717108306349378,0.12131408947995026,0.011586341459177177,0.10763986928260912
844,3,train,6,0.009099246446299255,0.09538997036533377,0.011586341459177177,0.10763986928260912
844,-1,train,54,0.011586341459177177,0.10763986928260912,0.011586341459177177,0.10763986928260912
845,0,train,16,0.01170476360647718,0.1081885558017907,0.013723627940169913,0.1171478891835867
845,1,train,16,0.012435236069893578,0.11151338964399557,0.013723627940169913,0.1171478891835867
845,2,train,16,0.007895385335774876,0.08885598086665228,0.013723627940169913,0.1171478891835867
845,3,train,6,0.022859126748534023,0.1511923501653904,0.013723627940169913,0.1171478891835867
845,-1,train,54,0.013723627940169913,0.1171478891835867,0.013723627940169913,0.1171478891835867
846,0,train,16,0.018047638836639113,0.13434150079792587,0.013353102380184447,0.1155556246150937
846,1,train,16,0.008330069837218393,0.09126921626275966,0.013353102380184447,0.1155556246150937
846,2,train,16,0.0064829433068226226,0.08051672687598908,0.013353102380184447,0.1155556246150937
846,3,train,6,0.020551757540057662,0.14335884186215256,0.013353102380184447,0.1155556246150937
846,-1,train,54,0.013353102380184447,0.1155556246150937,0.013353102380184447,0.1155556246150937
847,0,train,16,0.016578235525548872,0.12875649702267017,0.010879683075564974,0.10430571928501799
847,1,train,16,0.005618300202351404,0.07495532137447884,0.010879683075564974,0.10430571928501799
847,2,train,16,0.01649768261881802,0.1284433050758895,0.010879683075564974,0.10430571928501799
847,3,train,6,0.004824513955541598,0.06945872123456923,0.010879683075564974,0.10430571928501799
847,-1,train,54,0.010879683075564974,0.10430571928501799,0.010879683075564974,0.10430571928501799
848,0,train,16,0.01704079641638552,0.1305404014716728,0.012825132869360871,0.11324810316010096
848,1,train,16,0.008517082957065833,0.0922880434133579,0.012825132869360871,0.11324810316010096
848,2,train,16,0.00841125100946672,0.09171287264864579,0.012825132869360871,0.11324810316010096
848,3,train,6,0.017331401094525415,0.1316487793127054,0.012825132869360871,0.11324810316010096
848,-1,train,54,0.012825132869360871,0.11324810316010096,0.012825132869360871,0.11324810316010096
849,0,train,16,0.018085097459808925,0.1344808442113929,0.012844338083709763,0.11333286409382656
849,1,train,16,0.00716229803046296,0.0846303611623096,0.012844338083709763,0.11333286409382656
849,2,train,16,0.008525087866709417,0.09233140238677964,0.012844338083709763,0.11333286409382656
849,3,train,6,0.017604868977857756,0.13268334099598847,0.012844338083709763,0.11333286409382656
849,-1,train,54,0.012844338083709763,0.11333286409382656,0.012844338083709763,0.11333286409382656
850,0,train,16,0.01430186222885713,0.11959039354754683,0.01108315836385692,0.10527658031992167
850,1,train,16,0.019236614071181962,0.13869612132710116,0.01108315836385692,0.10527658031992167
850,2,train,16,0.004463889595672064,0.066812346132074,0.01108315836385692,0.10527658031992167
850,3,train,6,0.00633026755971652,0.079562978574941,0.01108315836385692,0.10527658031992167
850,-1,train,54,0.01108315836385692,0.10527658031992167,0.01108315836385692,0.10527658031992167
851,0,train,16,0.003846486293989336,0.06202004751682585,0.013488381905256164,0.11613949330549089
851,1,train,16,0.015869825214857015,0.1259754945013395,0.013488381905256164,0.11613949330549089
851,2,train,16,0.012331868463294642,0.11104894625026679,0.013488381905256164,0.11613949330549089
851,3,train,6,0.021905347648883668,0.14800455279782332,0.013488381905256164,0.11613949330549089
851,-1,train,54,0.013488381905256164,0.11613949330549089,0.013488381905256164,0.11613949330549089
852,0,train,16,0.009424168294359256,0.09707815559825628,0.012996258486720232,0.11400113370804797
852,1,train,16,0.00785021140580384,0.08860141875728537,0.012996258486720232,0.11400113370804797
852,2,train,16,0.01585453888741836,0.12591480805456665,0.012996258486720232,0.11400113370804797
852,3,train,6,0.01885611535929948,0.1373175711964768,0.012996258486720232,0.11400113370804797
852,-1,train,54,0.012996258486720232,0.11400113370804797,0.012996258486720232,0.11400113370804797
853,0,train,16,0.012369195883050941,0.11121688668116429,0.011290964050806712,0.10625894809759182
853,1,train,16,0.012094363141027195,0.10997437492901332,0.011290964050806712,0.10625894809759182
853,2,train,16,0.012695343750105555,0.1126736160336818,0.011290964050806712,0.10625894809759182
853,3,train,6,0.008004953429043152,0.08947040532513056,0.011290964050806712,0.10625894809759182
853,-1,train,54,0.011290964050806712,0.10625894809759182,0.011290964050806712,0.10625894809759182
854,0,train,16,0.01306905618936589,0.11431997283662156,0.010777436925223961,0.10381443505227951
854,1,train,16,0.01958241989296798,0.1399371998182327,0.010777436925223961,0.10381443505227951
854,2,train,16,0.005664005337120521,0.07525958634699317,0.010777436925223961,0.10381443505227951
854,3,train,6,0.004794266281441449,0.06924064038873015,0.010777436925223961,0.10381443505227951
854,-1,train,54,0.010777436925223961,0.10381443505227951,0.010777436925223961,0.10381443505227951
855,0,train,16,0.009440717979350501,0.09716335718443708,0.01113504111903747,0.10552270428224188
855,1,train,16,0.015181799909466004,0.12321444683747926,0.01113504111903747,0.10552270428224188
855,2,train,16,0.012707995998346622,0.11272974761945767,0.01113504111903747,0.10552270428224188
855,3,train,6,0.007209650588986751,0.08490966134066695,0.01113504111903747,0.10552270428224188
855,-1,train,54,0.01113504111903747,0.10552270428224188,0.01113504111903747,0.10552270428224188
856,0,train,16,0.011101332932475302,0.10536286315621507,0.011668270099227255,0.108019767168918
856,1,train,16,0.013652013630177295,0.11684183167931464,0.011668270099227255,0.108019767168918
856,2,train,16,0.011220428537736108,0.10592652424079678,0.011668270099227255,0.108019767168918
856,3,train,6,0.010699305296520316,0.10343744629736523,0.011668270099227255,0.108019767168918
856,-1,train,54,0.011668270099227255,0.108019767168918,0.011668270099227255,0.108019767168918
857,0,train,16,0.01900995206118573,0.1378765827150707,0.010671395096535885,0.10330244477521278
857,1,train,16,0.014583880594918478,0.12076373874188592,0.010671395096535885,0.10330244477521278
857,2,train,16,0.004680945758579577,0.06841743753298261,0.010671395096535885,0.10330244477521278
857,3,train,6,0.0044108019714597544,0.06641386881864175,0.010671395096535885,0.10330244477521278
857,-1,train,54,0.010671395096535885,0.10330244477521278,0.010671395096535885,0.10330244477521278
858,0,train,16,0.00929754230848143,0.09642376423103088,0.010864024036927345,0.10423062907287543
858,1,train,16,0.01224617444038148,0.11066243463968015,0.010864024036927345,0.10423062907287543
858,2,train,16,0.01618448369028113,0.12721825219001057,0.010864024036927345,0.10423062907287543
858,3,train,6,0.005727895708565336,0.07568286271386235,0.010864024036927345,0.10423062907287543
858,-1,train,54,0.010864024036927345,0.10423062907287543,0.010864024036927345,0.10423062907287543
859,0,train,16,0.012716120757973312,0.11276577831050212,0.010581189649336832,0.10286490970849502
859,1,train,16,0.010739595898084382,0.10363202158640147,0.010581189649336832,0.10286490970849502
859,2,train,16,0.01492636378157453,0.12217349868762264,0.010581189649336832,0.10286490970849502
859,3,train,6,0.003942678159715104,0.06279074899788267,0.010581189649336832,0.10286490970849502
859,-1,train,54,0.010581189649336832,0.10286490970849502,0.010581189649336832,0.10286490970849502
860,0,train,16,0.015919123435399075,0.12617100869613065,0.010653773421966186,0.10321711787279368
860,1,train,16,0.007658598783079758,0.08751342058838608,0.010653773421966186,0.10321711787279368
860,2,train,16,0.014572027266796938,0.12071465224568614,0.010653773421966186,0.10321711787279368
860,3,train,6,0.004465344202588969,0.06682323100979905,0.010653773421966186,0.10321711787279368
860,-1,train,54,0.010653773421966186,0.10321711787279368,0.010653773421966186,0.10321711787279368
861,0,train,16,0.00592635273843785,0.07698280807061958,0.011929592517378095,0.10922267400763494
861,1,train,16,0.020148150961010577,0.14194418255430752,0.011929592517378095,0.10922267400763494
861,2,train,16,0.009040578539738069,0.09508195696207598,0.011929592517378095,0.10922267400763494
861,3,train,6,0.01260328783032588,0.11226436580823801,0.011929592517378095,0.10922267400763494
861,-1,train,54,0.011929592517378095,0.10922267400763494,0.011929592517378095,0.10922267400763494
862,0,train,16,0.013254054093287665,0.11512625284133791,0.011388846575655125,0.1067185390438565
862,1,train,16,0.016788542890585848,0.1295706096712748,0.011388846575655125,0.1067185390438565
862,2,train,16,0.006282366655364513,0.0792613818663573,0.011388846575655125,0.1067185390438565
862,3,train,6,0.009230422663382476,0.09607508867225924,0.011388846575655125,0.1067185390438565
862,-1,train,54,0.011388846575655125,0.1067185390438565,0.011388846575655125,0.1067185390438565
863,0,train,16,0.01140950668042254,0.10681529235283935,0.01038985072870759,0.10193061722911125
863,1,train,16,0.008050940914570941,0.08972703558332316,0.01038985072870759,0.10193061722911125
863,2,train,16,0.019170109567403264,0.13845616478656075,0.01038985072870759,0.10193061722911125
863,3,train,6,0.0029288457524336135,0.05411881144697852,0.01038985072870759,0.10193061722911125
863,-1,train,54,0.01038985072870759,0.10193061722911125,0.01038985072870759,0.10193061722911125
864,0,train,16,0.010328172756826164,0.10162761808104215,0.01119052656842057,0.10578528521689853
864,1,train,16,0.015121692444283564,0.12297029090102847,0.01119052656842057,0.10578528521689853
864,2,train,16,0.011155565763971857,0.10561991177790227,0.01119052656842057,0.10578528521689853
864,3,train,6,0.0081566753086007,0.09031431397403569,0.01119052656842057,0.10578528521689853
864,-1,train,54,0.01119052656842057,0.10578528521689853,0.01119052656842057,0.10578528521689853
865,0,train,16,0.008804519633113673,0.09383240182961146,0.011255843318520234,0.10609355926973246
865,1,train,16,0.012994872943085234,0.11399505666073961,0.011255843318520234,0.10609355926973246
865,2,train,16,0.014574441873854227,0.12072465313205182,0.011255843318520234,0.10609355926973246
865,3,train,6,0.008649538824027803,0.09300289685825815,0.011255843318520234,0.10609355926973246
865,-1,train,54,0.011255843318520234,0.10609355926973246,0.011255843318520234,0.10609355926973246
866,0,train,16,0.01207832937027111,0.10990145299435813,0.012917351098828656,0.11365452520172109
866,1,train,16,0.005281891249598783,0.07267662106619145,0.012917351098828656,0.11365452520172109
866,2,train,16,0.014952668131941219,0.12228110292249256,0.012917351098828656,0.11365452520172109
866,3,train,6,0.019356515643503512,0.13912769545817796,0.012917351098828656,0.11365452520172109
866,-1,train,54,0.012917351098828656,0.11365452520172109,0.012917351098828656,0.11365452520172109
867,0,train,16,0.01086994186771733,0.10425901336439612,0.012626499626246967,0.11236769832228018
867,1,train,16,0.008179608719852674,0.09044118928813726,0.012626499626246967,0.11236769832228018
867,2,train,16,0.01385540940017145,0.11770900305487024,0.012626499626246967,0.11236769832228018
867,3,train,6,0.017601038517246415,0.13266890561562047,0.012626499626246967,0.11236769832228018
867,-1,train,54,0.012626499626246967,0.11236769832228018,0.012626499626246967,0.11236769832228018
868,0,train,16,0.008564838359751739,0.09254641192262258,0.011961716607357745,0.10936963293052485
868,1,train,16,0.015690192227352524,0.12526049747367493,0.011961716607357745,0.10936963293052485
868,2,train,16,0.010160890289310004,0.10080124150678901,0.011961716607357745,0.10936963293052485
868,3,train,6,0.013430945553016712,0.11589195637755328,0.011961716607357745,0.10936963293052485
868,-1,train,54,0.011961716607357745,0.10936963293052485,0.011961716607357745,0.10936963293052485
869,0,train,16,0.009522461638357873,0.0975831011925624,0.010747716212410607,0.10367119277991649
869,1,train,16,0.016766532756960374,0.12948564691486225,0.010747716212410607,0.10367119277991649
869,2,train,16,0.010996558366778158,0.1048644761908348,0.010747716212410607,0.10367119277991649
869,3,train,6,0.005705312087546021,0.07553351631922098,0.010747716212410607,0.10367119277991649
869,-1,train,54,0.010747716212410607,0.10367119277991649,0.010747716212410607,0.10367119277991649
870,0,train,16,0.010080889141120004,0.10040363111521418,0.01067076692774433,0.10329940429520554
870,1,train,16,0.013036070946916108,0.11417561450202976,0.01067076692774433,0.10329940429520554
870,2,train,16,0.014204487056783382,0.11918257866308893,0.01067076692774433,0.10329940429520554
870,3,train,6,0.005361620566157818,0.07322308765790894,0.01067076692774433,0.10329940429520554
870,-1,train,54,0.01067076692774433,0.10329940429520554,0.01067076692774433,0.10329940429520554
871,0,train,16,0.009480796034286686,0.09736937934631547,0.01242783667530322,0.11148020754960596
871,1,train,16,0.01117218953911367,0.10569857869959118,0.01242783667530322,0.11148020754960596
871,2,train,16,0.01243811877482508,0.11152631427078132,0.01242783667530322,0.11148020754960596
871,3,train,6,0.01662024235298745,0.12891951889837105,0.01242783667530322,0.11148020754960596
871,-1,train,54,0.01242783667530322,0.11148020754960596,0.01242783667530322,0.11148020754960596
872,0,train,16,0.011823920069767424,0.10873785021678249,0.012228808463274125,0.11058394306260798
872,1,train,16,0.011496282785805768,0.1072207199463134,0.012228808463274125,0.11058394306260798
872,2,train,16,0.010153446070459891,0.10076430950718558,0.012228808463274125,0.11058394306260798
872,3,train,6,0.015441584927063413,0.12426417394834045,0.012228808463274125,0.11058394306260798
872,-1,train,54,0.012228808463274125,0.11058394306260798,0.012228808463274125,0.11058394306260798
873,0,train,16,0.010561144271269595,0.10276742806584971,0.012028808242440328,0.10967592371364067
873,1,train,16,0.00675973899250099,0.08221763188331922,0.012028808242440328,0.10967592371364067
873,2,train,16,0.016538665545012744,0.12860274314730905,0.012028808242440328,0.10967592371364067
873,3,train,6,0.014255684160977984,0.11939716981979927,0.012028808242440328,0.10967592371364067
873,-1,train,54,0.012028808242440328,0.10967592371364067,0.012028808242440328,0.10967592371364067
874,0,train,16,0.01453502081020992,0.12056127409002411,0.012212236503800744,0.11050898833941401
874,1,train,16,0.012244391634382864,0.11065437919207204,0.012212236503800744,0.11050898833941401
874,2,train,16,0.006587259004088712,0.08116193075628939,0.012212236503800744,0.11050898833941401
874,3,train,6,0.015482274566521478,0.12442778856236848,0.012212236503800744,0.11050898833941401
874,-1,train,54,0.012212236503800744,0.11050898833941401,0.012212236503800744,0.11050898833941401
875,0,train,16,0.011346816353667171,0.106521436122816,0.012177724470168213,0.11035272751576289
875,1,train,16,0.01220761981414943,0.11048809806558094,0.012177724470168213,0.11035272751576289
875,2,train,16,0.009781586918228119,0.09890190553385773,0.012177724470168213,0.11035272751576289
875,3,train,6,0.01537487479462813,0.12399546279855618,0.012177724470168213,0.11035272751576289
875,-1,train,54,0.012177724470168213,0.11035272751576289,0.012177724470168213,0.11035272751576289
876,0,train,16,0.011856243422670843,0.10888637849919908,0.012130647215503393,0.11013921742732419
876,1,train,16,0.010361667789421446,0.10179227765121206,0.012130647215503393,0.11013921742732419
876,2,train,16,0.011153613047809133,0.10561066730122073,0.012130647215503393,0.11013921742732419
876,3,train,6,0.015151064602112149,0.12308966082540056,0.012130647215503393,0.11013921742732419
876,-1,train,54,0.012130647215503393,0.11013921742732419,0.012130647215503393,0.11013921742732419
877,0,train,16,0.0150465583594657,0.1226644135822028,0.01301549104283191,0.11408545500120473
877,1,train,16,0.0048880550784467305,0.06991462707078348,0.01301549104283191,0.11408545500120473
877,2,train,16,0.011227177206197595,0.10595837487521972,0.01301549104283191,0.11408545500120473
877,3,train,6,0.020900173527217614,0.14456892310319536,0.01301549104283191,0.11408545500120473
877,-1,train,54,0.01301549104283191,0.11408545500120473,0.01301549104283191,0.11408545500120473
878,0,train,16,0.005898634523963807,0.07680256847243982,0.01035815080653126,0.10177500089182638
878,1,train,16,0.02509500245938313,0.1584140222940606,0.01035815080653126,0.10177500089182638
878,2,train,16,0.0064887330471371215,0.0805526725015199,0.01035815080653126,0.10177500089182638
878,3,train,6,0.003950233195640979,0.0628508806274103,0.01035815080653126,0.10177500089182638
878,-1,train,54,0.01035815080653126,0.10177500089182638,0.01035815080653126,0.10177500089182638
879,0,train,16,0.0188397251848523,0.13725787840722403,0.010832204683411643,0.10407787797323523
879,1,train,16,0.010993765139500905,0.10485115707278057,0.010832204683411643,0.10407787797323523
879,2,train,16,0.006463285653028772,0.0803945623349538,0.010832204683411643,0.10407787797323523
879,3,train,6,0.007032042756264603,0.0838572761080671,0.010832204683411643,0.10407787797323523
879,-1,train,54,0.010832204683411643,0.10407787797323523,0.010832204683411643,0.10407787797323523
880,0,train,16,0.01734570902492432,0.13170310939732713,0.010440115148391584,0.10217688167286954
880,1,train,16,0.01269647531967211,0.11267863737049766,0.010440115148391584,0.10217688167286954
880,2,train,16,0.00710526561275931,0.08429273760389627,0.010440115148391584,0.10217688167286954
880,3,train,6,0.00461301063621059,0.06791914778772323,0.010440115148391584,0.10217688167286954
880,-1,train,54,0.010440115148391584,0.10217688167286954,0.010440115148391584,0.10217688167286954
881,0,train,16,0.01647136388605593,0.12834081145939483,0.01042898411821783,0.10212239773045789
881,1,train,16,0.005157944032907068,0.07181882784414591,0.01042898411821783,0.10212239773045789
881,2,train,16,0.01545473864418826,0.12431708910760524,0.01042898411821783,0.10212239773045789
881,3,train,6,0.004631889909720063,0.06805798931587725,0.01042898411821783,0.10212239773045789
881,-1,train,54,0.01042898411821783,0.10212239773045789,0.01042898411821783,0.10212239773045789
882,0,train,16,0.016273577978639216,0.12756793475885395,0.0100919575232486,0.10045873542529091
882,1,train,16,0.0144133368110126,0.12005555718504912,0.0100919575232486,0.10045873542529091
882,2,train,16,0.00713318993515707,0.08445821413667867,0.0100919575232486,0.10045873542529091
882,3,train,6,0.002547725368185508,0.050474997456022797,0.0100919575232486,0.10045873542529091
882,-1,train,54,0.0100919575232486,0.10045873542529091,0.0100919575232486,0.10045873542529091
883,0,train,16,0.015712283361812816,0.12534864722769376,0.011537751302714044,0.10741392508755111
883,1,train,16,0.011037385360521278,0.10505896135276266,0.011537751302714044,0.10741392508755111
883,2,train,16,0.0075056751654888915,0.08663529976567803,0.011537751302714044,0.10741392508755111
883,3,train,6,0.01189566132303319,0.10906723304014451,0.011537751302714044,0.10741392508755111
883,-1,train,54,0.011537751302714044,0.10741392508755111,0.011537751302714044,0.10741392508755111
884,0,train,16,0.011392940529793092,0.10673771840260167,0.011016233120041416,0.10495824465015322
884,1,train,16,0.008310858167632143,0.09116390825119414,0.011016233120041416,0.10495824465015322
884,2,train,16,0.01578667708630068,0.12564504401806179,0.011016233120041416,0.10495824465015322
884,3,train,6,0.008574456696439747,0.09259836227730892,0.011016233120041416,0.10495824465015322
884,-1,train,54,0.011016233120041416,0.10495824465015322,0.011016233120041416,0.10495824465015322
885,0,train,16,0.010747209764563906,0.10366875018328284,0.01394700766719141,0.11809744987590295
885,1,train,16,0.008600421175996298,0.09273845575593923,0.01394700766719141,0.11809744987590295
885,2,train,16,0.009013460277492918,0.09493924519129546,0.01394700766719141,0.11809744987590295
885,3,train,6,0.027426939450712524,0.16561080716762577,0.01394700766719141,0.11809744987590295
885,-1,train,54,0.01394700766719141,0.11809744987590295,0.01394700766719141,0.11809744987590295
886,0,train,16,0.0077091169951414105,0.08780157740690887,0.011680952925710432,0.10807845726929317
886,1,train,16,0.013051713422936892,0.11424409579027221,0.011680952925710432,0.10807845726929317
886,2,train,16,0.012946178240420072,0.11378127368077785,0.011680952925710432,0.10807845726929317
886,3,train,6,0.013016803044343347,0.11409120493860754,0.011680952925710432,0.10807845726929317
886,-1,train,54,0.011680952925710432,0.10807845726929317,0.011680952925710432,0.10807845726929317
887,0,train,16,0.007940262167810687,0.08910814871722275,0.010587751399595682,0.10289679975390723
887,1,train,16,0.012784345003785114,0.11306787786009391,0.010587751399595682,0.10289679975390723
887,2,train,16,0.015527613458841294,0.12460984495151775,0.010587751399595682,0.10289679975390723
887,3,train,6,0.006098784967945633,0.07809471792602643,0.010587751399595682,0.10289679975390723
887,-1,train,54,0.010587751399595682,0.10289679975390723,0.010587751399595682,0.10289679975390723
888,0,train,16,0.010413069120306368,0.10204444678818328,0.01039572748443013,0.1019594403889612
888,1,train,16,0.016958799825916738,0.13022595680553373,0.01039572748443013,0.1019594403889612
888,2,train,16,0.009290246423435356,0.09638592440515034,0.01039572748443013,0.1019594403889612
888,3,train,6,0.004920794568062056,0.07014837537721066,0.01039572748443013,0.1019594403889612
888,-1,train,54,0.01039572748443013,0.1019594403889612,0.01039572748443013,0.1019594403889612
889,0,train,16,0.017576202486786673,0.13257527102286712,0.010407228461744819,0.10201582456533309
889,1,train,16,0.008591911126449022,0.09269256241171145,0.010407228461744819,0.10201582456533309
889,2,train,16,0.010464457974653407,0.10229593332412294,0.010407228461744819,0.10201582456533309
889,3,train,6,0.0049963422590901755,0.07068480925269711,0.010407228461744819,0.10201582456533309
889,-1,train,54,0.010407228461744819,0.10201582456533309,0.010407228461744819,0.10201582456533309
890,0,train,16,0.005032065369220089,0.07093705216049007,0.011819903923019855,0.10871938154266632
890,1,train,16,0.014890963956114467,0.12202853746609629,0.011819903923019855,0.10871938154266632
890,2,train,16,0.013209020151822817,0.11493050139898815,0.011819903923019855,0.10871938154266632
890,3,train,6,0.014147566214922046,0.11894354213206385,0.011819903923019855,0.10871938154266632
890,-1,train,54,0.011819903923019855,0.10871938154266632,0.011819903923019855,0.10871938154266632
891,0,train,16,0.0064600841702722,0.08037464880341437,0.012145177552104262,0.11020516118632676
891,1,train,16,0.011143745955222417,0.10556394249563823,0.012145177552104262,0.11020516118632676
891,2,train,16,0.014634422785013252,0.12097281837261316,0.012145177552104262,0.11020516118632676
891,3,train,6,0.016342457297909185,0.12783762082387634,0.012145177552104262,0.11020516118632676
891,-1,train,54,0.012145177552104262,0.11020516118632676,0.012145177552104262,0.11020516118632676
892,0,train,16,0.011503416246498765,0.10725398009630582,0.010916156072909251,0.10448040999588991
892,1,train,16,0.005896984271783609,0.07679182425091624,0.010916156072909251,0.10448040999588991
892,2,train,16,0.0177312287717928,0.13315866014568034,0.010916156072909251,0.10448040999588991
892,3,train,6,0.008532995001561834,0.09237421177775663,0.010916156072909251,0.10448040999588991
892,-1,train,54,0.010916156072909251,0.10448040999588991,0.010916156072909251,0.10448040999588991
893,0,train,16,0.00620397207177101,0.07876529738261012,0.010328097306002489,0.10162724686816271
893,1,train,16,0.012837119922321122,0.11330101465706793,0.010328097306002489,0.10162724686816271
893,2,train,16,0.017437033566994244,0.1320493603429954,0.010328097306002489,0.10162724686816271
893,3,train,6,0.004834263662923579,0.06952886927689518,0.010328097306002489,0.10162724686816271
893,-1,train,54,0.010328097306002489,0.10162724686816271,0.010328097306002489,0.10162724686816271
894,0,train,16,0.00705750792560089,0.08400897526812769,0.010775794212601239,0.10380652297712914
894,1,train,16,0.016479282189965302,0.1283716564899172,0.010775794212601239,0.10380652297712914
894,2,train,16,0.011819873938401082,0.1087192436434373,0.010775794212601239,0.10380652297712914
894,3,train,6,0.007746512796437683,0.08801427609449324,0.010775794212601239,0.10380652297712914
894,-1,train,54,0.010775794212601239,0.10380652297712914,0.010775794212601239,0.10380652297712914
895,0,train,16,0.012681914909489538,0.11261400849578856,0.013307373616666732,0.11535759019963417
895,1,train,16,0.005934998277899174,0.07703894001022582,0.013307373616666732,0.11535759019963417
895,2,train,16,0.010597816104393282,0.1029456949288958,0.013307373616666732,0.11535759019963417
895,3,train,6,0.02401476517488494,0.15496698091814573,0.013307373616666732,0.11535759019963417
895,-1,train,54,0.013307373616666732,0.11535759019963417,0.013307373616666732,0.11535759019963417
896,0,train,16,0.01318328934846218,0.11481850612363052,0.010131350631046723,0.10065461058017523
896,1,train,16,0.009354965655334007,0.09672107141328619,0.010131350631046723,0.10065461058017523
896,2,train,16,0.014191568861514858,0.11912837135424482,0.010131350631046723,0.10065461058017523
896,3,train,6,0.003795578658875848,0.06160826778019204,0.010131350631046723,0.10065461058017523
896,-1,train,54,0.010131350631046723,0.10065461058017523,0.010131350631046723,0.10065461058017523
897,0,train,16,0.009947139062605475,0.09973534510195207,0.012159236634520027,0.11026892869036149
897,1,train,16,0.008793063979119612,0.09377133879346936,0.012159236634520027,0.11026892869036149
897,2,train,16,0.013049126820922186,0.11423277472302854,0.012159236634520027,0.11026892869036149
897,3,train,6,0.016847616675432834,0.12979836930960587,0.012159236634520027,0.11026892869036149
897,-1,train,54,0.012159236634520027,0.11026892869036149,0.012159236634520027,0.11026892869036149
898,0,train,16,0.008432676170804447,0.09182960400004155,0.013691746974669343,0.11701173861912036
898,1,train,16,0.007395967810136598,0.08599981284942775,0.013691746974669343,0.11701173861912036
898,2,train,16,0.012218071909739331,0.11053538759030672,0.013691746974669343,0.11701173861912036
898,3,train,6,0.02672027200799699,0.16346336595089736,0.013691746974669343,0.11701173861912036
898,-1,train,54,0.013691746974669343,0.11701173861912036,0.013691746974669343,0.11701173861912036
899,0,train,16,0.01167270209735492,0.10804027997628902,0.010320416914153011,0.10158945277022123
899,1,train,16,0.011928897157391193,0.10921949073947924,0.010320416914153011,0.10158945277022123
899,2,train,16,0.012522622742472034,0.1119045251206225,0.010320416914153011,0.10158945277022123
899,3,train,6,0.005157445659393895,0.07181535810252494,0.010320416914153011,0.10158945277022123
899,-1,train,54,0.010320416914153011,0.10158945277022123,0.010320416914153011,0.10158945277022123
900,0,train,16,0.009589341827696583,0.09792518484892732,0.010772770074880238,0.10379195573299618
900,1,train,16,0.018848196300268173,0.13728873333332264,0.010772770074880238,0.10379195573299618
900,2,train,16,0.006536853976542753,0.08085081308522972,0.010772770074880238,0.10379195573299618
900,3,train,6,0.008116688195013445,0.09009266449058682,0.010772770074880238,0.10379195573299618
900,-1,train,54,0.010772770074880238,0.10379195573299618,0.010772770074880238,0.10379195573299618
901,0,train,16,0.0112564249910244,0.10609630055296179,0.011019349980603754,0.104973091697843
901,1,train,16,0.011929460287174903,0.10922206868199714,0.011019349980603754,0.104973091697843
901,2,train,16,0.011130579255984829,0.1055015604433642,0.011019349980603754,0.104973091697843
901,3,train,6,0.009760935388230885,0.09879744626371112,0.011019349980603754,0.104973091697843
901,-1,train,54,0.011019349980603754,0.104973091697843,0.011019349980603754,0.104973091697843
902,0,train,16,0.009394237983434695,0.09692387726166703,0.009994081659112567,0.09997040391592187
902,1,train,16,0.016108545158518263,0.12691944357945423,0.009994081659112567,0.09997040391592187
902,2,train,16,0.011180911393368983,0.10573982879392695,0.009994081659112567,0.09997040391592187
902,3,train,6,0.0032926321011283242,0.057381461301785654,0.009994081659112567,0.09997040391592187
902,-1,train,54,0.009994081659112567,0.09997040391592187,0.009994081659112567,0.09997040391592187
903,0,train,16,0.013620412155452894,0.11670652147782014,0.010324969784122435,0.10161185848178565
903,1,train,16,0.017166971056019387,0.1310227883080626,0.010324969784122435,0.10161185848178565
903,2,train,16,0.005063316727164102,0.07115698649580449,0.010324969784122435,0.10161185848178565
903,3,train,6,0.005449179197853358,0.07381855591823344,0.010324969784122435,0.10161185848178565
903,-1,train,54,0.010324969784122435,0.10161185848178565,0.010324969784122435,0.10161185848178565
904,0,train,16,0.0053458885226073906,0.07311558330894578,0.010472782629981645,0.10233661431756302
904,1,train,16,0.015299181030061556,0.123689858234463,0.010472782629981645,0.10233661431756302
904,2,train,16,0.014833050386939916,0.12179101110894809,0.010472782629981645,0.10233661431756302
904,3,train,6,0.006413010580317716,0.0800812748419861,0.010472782629981645,0.10233661431756302
904,-1,train,54,0.010472782629981645,0.10233661431756302,0.010472782629981645,0.10233661431756302
905,0,train,16,0.012264102603396566,0.11074340884854758,0.011637257493295465,0.1078761210523231
905,1,train,16,0.010788717527388617,0.10386875144810694,0.011637257493295465,0.1078761210523231
905,2,train,16,0.00949828850557252,0.09745916327145704,0.011637257493295465,0.1078761210523231
905,3,train,6,0.013997921336824152,0.11831281138078054,0.011637257493295465,0.1078761210523231
905,-1,train,54,0.011637257493295465,0.1078761210523231,0.011637257493295465,0.1078761210523231
906,0,train,16,0.014024882370817804,0.1184266961914323,0.010876051582655727,0.10428830990411019
906,1,train,16,0.006049665684979722,0.0777795968424864,0.010876051582655727,0.10428830990411019
906,2,train,16,0.01424068587887348,0.11933434492581539,0.010876051582655727,0.10428830990411019
906,3,train,6,0.009188972395951896,0.09585912786976468,0.010876051582655727,0.10428830990411019
906,-1,train,54,0.010876051582655727,0.10428830990411019,0.010876051582655727,0.10428830990411019
907,0,train,16,0.010464429852595339,0.10229579586960227,0.01101211869963509,0.10493864254713366
907,1,train,16,0.016296544195463003,0.12765791865553427,0.01101211869963509,0.10493864254713366
907,2,train,16,0.0071800693762702535,0.08473529002883187,0.01101211869963509,0.10493864254713366
907,3,train,6,0.010107431374211766,0.10053572188138785,0.01101211869963509,0.10493864254713366
907,-1,train,54,0.01101211869963509,0.10493864254713366,0.01101211869963509,0.10493864254713366
908,0,train,16,0.011791472528388159,0.10858854694850723,0.011254945503435951,0.1060893279431817
908,1,train,16,0.007646916959113545,0.0874466520749282,0.011254945503435951,0.1060893279431817
908,2,train,16,0.013853024842916044,0.11769887358388799,0.011254945503435951,0.1060893279431817
908,3,train,6,0.011728367683326057,0.10829758853883155,0.011254945503435951,0.1060893279431817
908,-1,train,54,0.011254945503435951,0.1060893279431817,0.011254945503435951,0.1060893279431817
909,0,train,16,0.010004689604960917,0.10002344527639966,0.013540815954654123,0.11636501172884452
909,1,train,16,0.009961036040361176,0.09980499005741734,0.013540815954654123,0.11636501172884452
909,2,train,16,0.0077909446825799155,0.08826632813581811,0.013540815954654123,0.11636501172884452
909,3,train,6,0.026406593490714482,0.1625010568910691,0.013540815954654123,0.11636501172884452
909,-1,train,54,0.013540815954654123,0.11636501172884452,0.013540815954654123,0.11636501172884452
910,0,train,16,0.012686752862605882,0.11263548669316381,0.011080585592555989,0.10526436050513958
910,1,train,16,0.011573424956124083,0.10757985385807178,0.011080585592555989,0.10526436050513958
910,2,train,16,0.009329479530470475,0.09658923092389997,0.011080585592555989,0.10526436050513958
910,3,train,6,0.010732685021023517,0.1035986728728873,0.011080585592555989,0.10526436050513958
910,-1,train,54,0.011080585592555989,0.10526436050513958,0.011080585592555989,0.10526436050513958
911,0,train,16,0.008457529119119223,0.09196482544494511,0.010726787797536932,0.10357020709420703
911,1,train,16,0.01774096811810261,0.1331952255829863,0.010726787797536932,0.10357020709420703
911,2,train,16,0.008176693556490363,0.09042507150392728,0.010726787797536932,0.10357020709420703
911,3,train,6,0.008531960396435534,0.09236861153246557,0.010726787797536932,0.10357020709420703
911,-1,train,54,0.010726787797536932,0.10357020709420703,0.010726787797536932,0.10357020709420703
912,0,train,16,0.011243924054973544,0.10603737103009271,0.010503103798262286,0.10248465152530054
912,1,train,16,0.013637280351523132,0.11677876669807372,0.010503103798262286,0.10248465152530054
912,2,train,16,0.009964697941947116,0.09982333365474785,0.010503103798262286,0.10248465152530054
912,3,train,6,0.0071665128446053595,0.08465525881246456,0.010503103798262286,0.10248465152530054
912,-1,train,54,0.010503103798262286,0.10248465152530054,0.010503103798262286,0.10248465152530054
913,0,train,16,0.008769740195798117,0.09364689100978268,0.010922820580350438,0.10451229870379102
913,1,train,16,0.015954316791666968,0.12631039858882154,0.010922820580350438,0.10451229870379102
913,2,train,16,0.009055297131087398,0.09515932498230217,0.010922820580350438,0.10451229870379102
913,3,train,6,0.009911928202849267,0.09955866714078321,0.010922820580350438,0.10451229870379102
913,-1,train,54,0.010922820580350438,0.10451229870379102,0.010922820580350438,0.10451229870379102
914,0,train,16,0.011933517718123931,0.10924064132969895,0.011092059296864918,0.10531884587700778
914,1,train,16,0.010357956989206595,0.1017740487020468,0.011092059296864918,0.10531884587700778
914,2,train,16,0.01099932514368617,0.10487766751642683,0.011092059296864918,0.10531884587700778
914,3,train,6,0.011077437336442971,0.10524940539709937,0.011092059296864918,0.10531884587700778
914,-1,train,54,0.011092059296864918,0.10531884587700778,0.011092059296864918,0.10531884587700778
915,0,train,16,0.012316736189527012,0.1109807919845908,0.012081726634413346,0.10991690786413774
915,1,train,16,0.012048062463987111,0.10976366641100829,0.012081726634413346,0.10991690786413774
915,2,train,16,0.006516913844779562,0.08072740454628503,0.012081726634413346,0.10991690786413774
915,3,train,6,0.017445194039359693,0.13208025605426305,0.012081726634413346,0.10991690786413774
915,-1,train,54,0.012081726634413346,0.10991690786413774,0.012081726634413346,0.10991690786413774
916,0,train,16,0.009502027328602905,0.09747834286959799,0.01203558560663462,0.10970681659147083
916,1,train,16,0.01063132001422318,0.10310829265497116,0.01203558560663462,0.10970681659147083
916,2,train,16,0.010794646236793702,0.10389728695588592,0.01203558560663462,0.10970681659147083
916,3,train,6,0.0172143488469187,0.13120346354772308,0.01203558560663462,0.10970681659147083
916,-1,train,54,0.01203558560663462,0.10970681659147083,0.01203558560663462,0.10970681659147083
917,0,train,16,0.017041465874363164,0.1305429656257401,0.009967348744436381,0.09983661024111537
917,1,train,16,0.006974559566501821,0.0835138285944419,0.009967348744436381,0.09983661024111537
917,2,train,16,0.011831543717159365,0.1087728997368341,0.009967348744436381,0.09983661024111537
917,3,train,6,0.00402182581972117,0.06341786672319694,0.009967348744436381,0.09983661024111537
917,-1,train,54,0.009967348744436381,0.09983661024111537,0.009967348744436381,0.09983661024111537
918,0,train,16,0.010991868510459421,0.1048421122949143,0.01100943015083463,0.1049258316661566
918,1,train,16,0.006573592748704907,0.08107769575354808,0.01100943015083463,0.1049258316661566
918,2,train,16,0.015681071996719774,0.12522408712671765,0.01100943015083463,0.1049258316661566
918,3,train,6,0.010791187347454418,0.10388063990683932,0.01100943015083463,0.1049258316661566
918,-1,train,54,0.01100943015083463,0.1049258316661566,0.01100943015083463,0.1049258316661566
919,0,train,16,0.015608819299840065,0.1249352604345149,0.01070551912698978,0.10346747859588432
919,1,train,16,0.01211548686626052,0.11007037233634,0.01070551912698978,0.10346747859588432
919,2,train,16,0.006203442339328489,0.07876193458345528,0.01070551912698978,0.10346747859588432
919,3,train,6,0.008894328002530046,0.09430974500299556,0.01070551912698978,0.10346747859588432
919,-1,train,54,0.01070551912698978,0.10346747859588432,0.01070551912698978,0.10346747859588432
920,0,train,16,0.0069375996140604215,0.08329225422607088,0.012394914969512411,0.11133245245440528
920,1,train,16,0.006431286150592813,0.08019530005301316,0.012394914969512411,0.11133245245440528
920,2,train,16,0.01654019504772026,0.12860868962756855,0.012394914969512411,0.11133245245440528
920,3,train,6,0.01967057906567615,0.1402518415767727,0.012394914969512411,0.11133245245440528
920,-1,train,54,0.012394914969512411,0.11133245245440528,0.012394914969512411,0.11133245245440528
921,0,train,16,0.007401636907044389,0.08603276647327103,0.010888100136140931,0.10434605951419983
921,1,train,16,0.014903590829594943,0.12208026388239396,0.010888100136140931,0.10434605951419983
921,2,train,16,0.011072002696842087,0.10522358431854566,0.010888100136140931,0.10434605951419983
921,3,train,6,0.010175170111082306,0.10087204821496541,0.010888100136140931,0.10434605951419983
921,-1,train,54,0.010888100136140931,0.10434605951419983,0.010888100136140931,0.10434605951419983
922,0,train,16,0.00932777494719369,0.09658040664230862,0.011650127744705573,0.10793575748891363
922,1,train,16,0.010061562682935274,0.10030734112185047,0.011650127744705573,0.10793575748891363
922,2,train,16,0.012088323848936103,0.10994691377631345,0.011650127744705573,0.10793575748891363
922,3,train,6,0.015122849499757222,0.12297499542491239,0.011650127744705573,0.10793575748891363
922,-1,train,54,0.011650127744705573,0.10793575748891363,0.011650127744705573,0.10793575748891363
923,0,train,16,0.008469515334584583,0.09202996976303199,0.011626466389282365,0.10782609326727165
923,1,train,16,0.010160984647612156,0.10080170954707145,0.011626466389282365,0.10782609326727165
923,2,train,16,0.012820557304584923,0.11322789985063277,0.011626466389282365,0.10782609326727165
923,3,train,6,0.015054808270347803,0.12269803694577922,0.011626466389282365,0.10782609326727165
923,-1,train,54,0.011626466389282365,0.10782609326727165,0.011626466389282365,0.10782609326727165
924,0,train,16,0.012097524739834952,0.1099887482419677,0.012685025426572146,0.11262781817371828
924,1,train,16,0.009289038910740566,0.09637966025433253,0.012685025426572146,0.11262781817371828
924,2,train,16,0.007471720657078842,0.0864391153186961,0.012685025426572146,0.11262781817371828
924,3,train,6,0.021881817398634228,0.14792503979595284,0.012685025426572146,0.11262781817371828
924,-1,train,54,0.012685025426572146,0.11262781817371828,0.012685025426572146,0.11262781817371828
925,0,train,16,0.011325378592813528,0.10642076203830494,0.010820511400042664,0.1040216871620657
925,1,train,16,0.012181519224403274,0.11036991992569023,0.010820511400042664,0.1040216871620657
925,2,train,16,0.009802544435695882,0.09900779987301951,0.010820511400042664,0.1040216871620657
925,3,train,6,0.009972603347257965,0.09986292278547612,0.010820511400042664,0.1040216871620657
925,-1,train,54,0.010820511400042664,0.1040216871620657,0.010820511400042664,0.1040216871620657
926,0,train,16,0.011314755028052384,0.10637083730070185,0.011114352649488464,0.10542463018426228
926,1,train,16,0.012435718725139685,0.1115155537364169,0.011114352649488464,0.10542463018426228
926,2,train,16,0.008807278659076555,0.09384710256090252,0.011114352649488464,0.10542463018426228
926,3,train,6,0.011899658185685235,0.10908555443176349,0.011114352649488464,0.10542463018426228
926,-1,train,54,0.011114352649488464,0.10542463018426228,0.011114352649488464,0.10542463018426228
927,0,train,16,0.01143426460477387,0.10693112084315712,0.011278235654530799,0.10619903791716194
927,1,train,16,0.012117627720872362,0.11008009684258259,0.011278235654530799,0.10619903791716194
927,2,train,16,0.008555724013000993,0.09249715678333574,0.011278235654530799,0.10619903791716194
927,3,train,6,0.013005326279475971,0.11404089739859105,0.011278235654530799,0.10619903791716194
927,-1,train,54,0.011278235654530799,0.10619903791716194,0.011278235654530799,0.10619903791716194
928,0,train,16,0.008132550206261174,0.09018065317051753,0.01215269934836781,0.1102392822380834
928,1,train,16,0.007553850124016506,0.08691288813528467,0.01215269934836781,0.1102392822380834
928,2,train,16,0.014294802491385938,0.1195608735807243,0.01215269934836781,0.1102392822380834
928,3,train,6,0.018629594571807618,0.13649027281021758,0.01215269934836781,0.1102392822380834
928,-1,train,54,0.01215269934836781,0.1102392822380834,0.01215269934836781,0.1102392822380834
929,0,train,16,0.013731144887030564,0.11717996794260768,0.009732529923434603,0.09865358545655907
929,1,train,16,0.013956408184204913,0.11813724300238648,0.009732529923434603,0.09865358545655907
929,2,train,16,0.007993901962649841,0.08940862353626658,0.009732529923434603,0.09865358545655907
929,3,train,6,0.0032486646598530945,0.05699705834385749,0.009732529923434603,0.09865358545655907
929,-1,train,54,0.009732529923434603,0.09865358545655907,0.009732529923434603,0.09865358545655907
930,0,train,16,0.005389022291598119,0.07340996043860887,0.013418121521657016,0.11583661563450917
930,1,train,16,0.009650156084985775,0.09823520797039,0.013418121521657016,0.11583661563450917
930,2,train,16,0.011749673912105721,0.10839591280166297,0.013418121521657016,0.11583661563450917
930,3,train,6,0.02688363379793845,0.16396229382982677,0.013418121521657016,0.11583661563450917
930,-1,train,54,0.013418121521657016,0.11583661563450917,0.013418121521657016,0.11583661563450917
931,0,train,16,0.014296438542222739,0.11956771530067278,0.010037968582027747,0.10018966304977649
931,1,train,16,0.010670346269193876,0.10329736816199082,0.010037968582027747,0.10018966304977649
931,2,train,16,0.009839619007023005,0.09919485373255513,0.010037968582027747,0.10018966304977649
931,3,train,6,0.005345470509671368,0.07311272467683973,0.010037968582027747,0.10018966304977649
931,-1,train,54,0.010037968582027747,0.10018966304977649,0.010037968582027747,0.10018966304977649
932,0,train,16,0.007674568868144478,0.08760461670565357,0.011759783021441712,0.10844253326735646
932,1,train,16,0.009105708098613583,0.09542383401757437,0.011759783021441712,0.10844253326735646
932,2,train,16,0.013826969796361593,0.11758813629087585,0.011759783021441712,0.10844253326735646
932,3,train,6,0.0164318853226472,0.1281869155672575,0.011759783021441712,0.10844253326735646
932,-1,train,54,0.011759783021441712,0.10844253326735646,0.011759783021441712,0.10844253326735646
933,0,train,16,0.01152717839752976,0.10736469809732509,0.011438157140068324,0.10694932042826791
933,1,train,16,0.0075942131507190395,0.08714478269362452,0.011438157140068324,0.10694932042826791
933,2,train,16,0.012222885983945409,0.11055716161310135,0.011438157140068324,0.10694932042826791
933,3,train,6,0.014408351028079087,0.12003479090696617,0.011438157140068324,0.10694932042826791
933,-1,train,54,0.011438157140068324,0.10694932042826791,0.011438157140068324,0.10694932042826791
934,0,train,16,0.013990229615362842,0.11828030104528328,0.009653949841916552,0.09825451563117367
934,1,train,16,0.014327462353819972,0.11969737822450403,0.009653949841916552,0.09825451563117367
934,2,train,16,0.007249806307027952,0.08514579441773945,0.009653949841916552,0.09825451563117367
934,3,train,6,0.003048301091455441,0.05521142174818034,0.009653949841916552,0.09825451563117367
934,-1,train,54,0.009653949841916552,0.09825451563117367,0.009653949841916552,0.09825451563117367
935,0,train,16,0.0036879255412994765,0.06072829275798453,0.01009538214828401,0.10047577891354717
935,1,train,16,0.016748017292244156,0.1294141309604332,0.01009538214828401,0.10047577891354717
935,2,train,16,0.014042527836391806,0.11850117229965199,0.01009538214828401,0.10047577891354717
935,3,train,6,0.005903057923200606,0.07683136028472101,0.01009538214828401,0.10047577891354717
935,-1,train,54,0.01009538214828401,0.10047577891354717,0.01009538214828401,0.10047577891354717
936,0,train,16,0.011337450689653665,0.1064774656425183,0.009938598692235574,0.09969252074371264
936,1,train,16,0.01263721325680181,0.11241536041307616,0.009938598692235574,0.09969252074371264
936,2,train,16,0.010815570914459633,0.10399793706828821,0.009938598692235574,0.09969252074371264
936,3,train,6,0.0049641599080271935,0.0704567946193069,0.009938598692235574,0.09969252074371264
936,-1,train,54,0.009938598692235574,0.09969252074371264,0.009938598692235574,0.09969252074371264
937,0,train,16,0.007514383165532677,0.08668554184829601,0.011262948647922627,0.10612704013550282
937,1,train,16,0.011264037227139475,0.10613216867255411,0.011262948647922627,0.10612704013550282
937,2,train,16,0.012761669535572718,0.11296755966016403,0.011262948647922627,0.10612704013550282
937,3,train,6,0.013511704663445635,0.11623985832512716,0.011262948647922627,0.10612704013550282
937,-1,train,54,0.011262948647922627,0.10612704013550282,0.011262948647922627,0.10612704013550282
938,0,train,16,0.012777239130075923,0.11303645044885266,0.010050573916275129,0.10025255067216558
938,1,train,16,0.011636350638619801,0.10787191774794681,0.010050573916275129,0.10025255067216558
938,2,train,16,0.00996744647967305,0.09983709971585236,0.010050573916275129,0.10025255067216558
938,3,train,6,0.005821259416731739,0.07629717830124348,0.010050573916275129,0.10025255067216558
938,-1,train,54,0.010050573916275129,0.10025255067216558,0.010050573916275129,0.10025255067216558
939,0,train,16,0.01136895746700282,0.1066253134438667,0.009903439409427174,0.09951602589245198
939,1,train,16,0.01485921430067258,0.12189837694027177,0.009903439409427174,0.09951602589245198
939,2,train,16,0.008438193754497666,0.09185964159791647,0.009903439409427174,0.09951602589245198
939,3,train,6,0.004947392115535629,0.07033770052777975,0.009903439409427174,0.09951602589245198
939,-1,train,54,0.009903439409427174,0.09951602589245198,0.009903439409427174,0.09951602589245198
940,0,train,16,0.010645896084547987,0.10317895175154662,0.010164440392942464,0.10081884939306966
940,1,train,16,0.011671420643817317,0.10803434937008376,0.010164440392942464,0.10081884939306966
940,2,train,16,0.011701532444316229,0.10817362175833917,0.010164440392942464,0.10081884939306966
940,3,train,6,0.006638912399088324,0.08147952134793333,0.010164440392942464,0.10081884939306966
940,-1,train,54,0.010164440392942464,0.10081884939306966,0.010164440392942464,0.10081884939306966
941,0,train,16,0.01634696175338682,0.1278552374890713,0.011317842168451449,0.10638534752705116
941,1,train,16,0.010080882449783899,0.10040359779302681,0.011317842168451449,0.10638534752705116
941,2,train,16,0.004789197042192009,0.0692040247542873,0.011317842168451449,0.10638534752705116
941,3,train,6,0.01405432742844307,0.1185509486610844,0.011317842168451449,0.10638534752705116
941,-1,train,54,0.011317842168451449,0.10638534752705116,0.011317842168451449,0.10638534752705116
942,0,train,16,0.004939255123261314,0.07027983439978579,0.010921244107960021,0.10450475638917121
942,1,train,16,0.015716567023164582,0.12536573305000287,0.010921244107960021,0.10450475638917121
942,2,train,16,0.011468019255068417,0.10708883814417083,0.010921244107960021,0.10450475638917121
942,3,train,6,0.011561135030345776,0.10752271867073385,0.010921244107960021,0.10450475638917121
942,-1,train,54,0.010921244107960021,0.10450475638917121,0.010921244107960021,0.10450475638917121
943,0,train,16,0.010498605002258432,0.10246270054150648,0.009574052609857522,0.09784708789666416
943,1,train,16,0.012265761635555029,0.11075089902820215,0.009574052609857522,0.09784708789666416
943,2,train,16,0.01255465306247083,0.11204754822159577,0.009574052609857522,0.09784708789666416
943,3,train,6,0.00297719073914579,0.05456363935026502,0.009574052609857522,0.09784708789666416
943,-1,train,54,0.009574052609857522,0.09784708789666416,0.009574052609857522,0.09784708789666416
944,0,train,16,0.014449796896662726,0.12020730800023235,0.010162330086634083,0.10080838301765425
944,1,train,16,0.006782956735607501,0.0823587077096739,0.010162330086634083,0.10080838301765425
944,2,train,16,0.012614093706175852,0.11231248241480486,0.010162330086634083,0.10080838301765425
944,3,train,6,0.006802473008090252,0.08247710596335356,0.010162330086634083,0.10080838301765425
944,-1,train,54,0.010162330086634083,0.10080838301765425,0.010162330086634083,0.10080838301765425
945,0,train,16,0.013544559324556374,0.11638109521978376,0.009762249375464814,0.09880409594477758
945,1,train,16,0.011861573416039052,0.10891085077272628,0.009762249375464814,0.09880409594477758
945,2,train,16,0.009354592437424408,0.0967191420424334,0.009762249375464814,0.09880409594477758
945,3,train,6,0.004288272323839423,0.06548490149522578,0.009762249375464814,0.09880409594477758
945,-1,train,54,0.009762249375464814,0.09880409594477758,0.009762249375464814,0.09880409594477758
946,0,train,16,0.012625463707331105,0.1123630887228146,0.00967966035329683,0.09838526491958453
946,1,train,16,0.009992416342045956,0.09996207451851906,0.00967966035329683,0.09838526491958453
946,2,train,16,0.012337451066280357,0.1110740791826804,0.00967966035329683,0.09838526491958453
946,3,train,6,0.0037633102975299,0.06134582542871112,0.00967966035329683,0.09838526491958453
946,-1,train,54,0.00967966035329683,0.09838526491958453,0.00967966035329683,0.09838526491958453
947,0,train,16,0.011432313575929073,0.1069219976241048,0.010375347414502984,0.10185944931376266
947,1,train,16,0.01193223932215551,0.10923478988928166,0.010375347414502984,0.10185944931376266
947,2,train,16,0.00981284199613101,0.09905979000649562,0.010375347414502984,0.10185944931376266
947,3,train,6,0.008323994763796345,0.09123592912770903,0.010375347414502984,0.10185944931376266
947,-1,train,54,0.010375347414502984,0.10185944931376266,0.010375347414502984,0.10185944931376266
948,0,train,16,0.009341291944523867,0.0966503592570864,0.010974647185746844,0.10475995029469441
948,1,train,16,0.009561184417225164,0.09778130914047513,0.010974647185746844,0.10475995029469441
948,2,train,16,0.012831484165646612,0.11327614120213758,0.010974647185746844,0.10475995029469441
948,3,train,6,0.012164628215591729,0.11029337339836755,0.010974647185746844,0.10475995029469441
948,-1,train,54,0.010974647185746844,0.10475995029469441,0.010974647185746844,0.10475995029469441
949,0,train,16,0.01201282838588451,0.10960304916326238,0.009798599837101915,0.09898787722293026
949,1,train,16,0.010133040809541222,0.10066300616185284,0.009798599837101915,0.09898787722293026
949,2,train,16,0.012351577574122346,0.11113765146934834,0.009798599837101915,0.09898787722293026
949,3,train,6,0.004696952578859582,0.06853431679720447,0.009798599837101915,0.09898787722293026
949,-1,train,54,0.009798599837101915,0.09898787722293026,0.009798599837101915,0.09898787722293026
950,0,train,16,0.011552088463774236,0.10748064227466375,0.010792969359509083,0.10388921676241998
950,1,train,16,0.007882564858170616,0.08878380966240758,0.010792969359509083,0.10388921676241998
950,2,train,16,0.012740263115604541,0.11287277402281093,0.010792969359509083,0.10388921676241998
950,3,train,6,0.010996961000486935,0.10486639595450459,0.010792969359509083,0.10388921676241998
950,-1,train,54,0.010792969359509083,0.10388921676241998,0.010792969359509083,0.10388921676241998
951,0,train,16,0.01029382860679761,0.10145850682322113,0.011089660753426291,0.10530745820418558
951,1,train,16,0.011491878700434348,0.10720018050560526,0.011089660753426291,0.10530745820418558
951,2,train,16,0.0095416560793426,0.09768140088749035,0.011089660753426291,0.10530745820418558
951,3,train,6,0.013031279627130613,0.11415463033592028,0.011089660753426291,0.10530745820418558
951,-1,train,54,0.011089660753426291,0.10530745820418558,0.011089660753426291,0.10530745820418558
952,0,train,16,0.013329503937347506,0.11545347087613914,0.010654010420548232,0.10321826592492354
952,1,train,16,0.009783686565482142,0.09891251976106029,0.010654010420548232,0.10321826592492354
952,2,train,16,0.009269283231155867,0.09627711686146333,0.010654010420548232,0.10321826592492354
952,3,train,6,0.010233567948207413,0.10116109898675188,0.010654010420548232,0.10321826592492354
952,-1,train,54,0.010654010420548232,0.10321826592492354,0.010654010420548232,0.10321826592492354
953,0,train,16,0.004781683976180181,0.06914972144687338,0.010214283927601639,0.10106574062263453
953,1,train,16,0.017378129375113783,0.13182613312660652,0.010214283927601639,0.10106574062263453
953,2,train,16,0.011138479702771185,0.10553899612357123,0.010214283927601639,0.10106574062263453
953,3,train,6,0.007558842656341408,0.08694160486407763,0.010214283927601639,0.10106574062263453
953,-1,train,54,0.010214283927601639,0.10106574062263453,0.010214283927601639,0.10106574062263453
954,0,train,16,0.013616211780057636,0.11668852462884959,0.010129213398198406,0.10064399335379338
954,1,train,16,0.004579449489001285,0.06767162986807164,0.010129213398198406,0.10064399335379338
954,2,train,16,0.015308578633850245,0.12372784098112374,0.010129213398198406,0.10064399335379338
954,3,train,6,0.007012613689884458,0.08374134994066228,0.010129213398198406,0.10064399335379338
954,-1,train,54,0.010129213398198406,0.10064399335379338,0.010129213398198406,0.10064399335379338
955,0,train,16,0.008438467603820434,0.09186113217144906,0.010035343932502596,0.10017656378865566
955,1,train,16,0.01512685932165064,0.12299129774764815,0.010035343932502596,0.10017656378865566
955,2,train,16,0.010099043236325383,0.1004939960212817,0.010035343932502596,0.10017656378865566
955,3,train,6,0.006477005568213931,0.08047984572682736,0.010035343932502596,0.10017656378865566
955,-1,train,54,0.010035343932502596,0.10017656378865566,0.010035343932502596,0.10017656378865566
956,0,train,16,0.012041707987001526,0.10973471641646287,0.011016982044414288,0.10496181231483329
956,1,train,16,0.006582643583938402,0.08113349236867844,0.011016982044414288,0.10496181231483329
956,2,train,16,0.012698766411801135,0.1126888034003429,0.011016982044414288,0.10496181231483329
956,3,train,6,0.012744810194916087,0.11289291472415834,0.011016982044414288,0.10496181231483329
956,-1,train,54,0.011016982044414288,0.10496181231483329,0.011016982044414288,0.10496181231483329
957,0,train,16,0.007936810041012893,0.0890887761786685,0.010621854591168241,0.10306238203713439
957,1,train,16,0.010091969954257766,0.10045879729649249,0.010621854591168241,0.10306238203713439
957,2,train,16,0.014123990258087147,0.11884439514797131,0.010621854591168241,0.10306238203713439
957,3,train,6,0.010334648111315159,0.10165947133108237,0.010621854591168241,0.10306238203713439
957,-1,train,54,0.010621854591168241,0.10306238203713439,0.010621854591168241,0.10306238203713439
958,0,train,16,0.015072766320973586,0.12277119499692746,0.009925751958024077,0.09962806812351666
958,1,train,16,0.006823553660992859,0.08260480410359229,0.009925751958024077,0.09962806812351666
958,2,train,16,0.011929930907497508,0.10922422308031084,0.009925751958024077,0.09962806812351666
958,3,train,6,0.005876756942632356,0.07666000875705896,0.009925751958024077,0.09962806812351666
958,-1,train,54,0.009925751958024077,0.09962806812351666,0.009925751958024077,0.09962806812351666
959,0,train,16,0.010426898609192157,0.1021121863892462,0.011520806132998749,0.10733501820467889
959,1,train,16,0.006866472587865664,0.08286418157361879,0.011520806132998749,0.10733501820467889
959,2,train,16,0.01264580470340478,0.1124535668771995,0.011520806132998749,0.10733501820467889
959,3,train,6,0.016144048631532387,0.12705923276776224,0.011520806132998749,0.10733501820467889
959,-1,train,54,0.011520806132998749,0.10733501820467889,0.011520806132998749,0.10733501820467889
960,0,train,16,0.011971497894351191,0.10941434044196945,0.00966001536866546,0.09828537718636206
960,1,train,16,0.011424127102745317,0.10688370831303205,0.00966001536866546,0.09828537718636206
960,2,train,16,0.010945211227613374,0.10461936354047167,0.00966001536866546,0.09828537718636206
960,3,train,6,0.004299225249951955,0.0655684775631702,0.00966001536866546,0.09828537718636206
960,-1,train,54,0.00966001536866546,0.09828537718636206,0.00966001536866546,0.09828537718636206
961,0,train,16,0.007057936440524526,0.08401152564097694,0.012055705966840332,0.1097984788912867
961,1,train,16,0.009075144164090037,0.0952635510785213,0.012055705966840332,0.1097984788912867
961,2,train,16,0.012477620412727836,0.1117032694809236,0.012055705966840332,0.1097984788912867
961,3,train,6,0.01961212285001893,0.14004328920022882,0.012055705966840332,0.1097984788912867
961,-1,train,54,0.012055705966840332,0.1097984788912867,0.012055705966840332,0.1097984788912867
962,0,train,16,0.010043736907339207,0.10021844594354477,0.012389108369196005,0.11130637164689183
962,1,train,16,0.008101911585161594,0.09001061929106806,0.012389108369196005,0.11130637164689183
962,2,train,16,0.009536757959912125,0.0976563257547207,0.012389108369196005,0.11130637164689183
962,3,train,6,0.021874027024371093,0.14789870528294388,0.012389108369196005,0.11130637164689183
962,-1,train,54,0.012389108369196005,0.11130637164689183,0.012389108369196005,0.11130637164689183
963,0,train,16,0.01228248536204941,0.11082637484845118,0.009953915162588263,0.09976930972292163
963,1,train,16,0.010427237709152992,0.10211384680420668,0.009953915162588263,0.09976930972292163
963,2,train,16,0.010864621866272649,0.10423349685332757,0.009953915162588263,0.09976930972292163
963,3,train,6,0.006241315712878002,0.07900199815750233,0.009953915162588263,0.09976930972292163
963,-1,train,54,0.009953915162588263,0.09976930972292163,0.009953915162588263,0.09976930972292163
964,0,train,16,0.007048049267918755,0.08395266087455927,0.011006106219317024,0.10490999103668355
964,1,train,16,0.007490872767921331,0.0865498282373878,0.011006106219317024,0.10490999103668355
964,2,train,16,0.016397444747330837,0.12805250777447053,0.011006106219317024,0.10490999103668355
964,3,train,6,0.01308805809409717,0.11440305106987825,0.011006106219317024,0.10490999103668355
964,-1,train,54,0.011006106219317024,0.10490999103668355,0.011006106219317024,0.10490999103668355
965,0,train,16,0.0061937488711727075,0.0787003740218095,0.009948758934050426,0.09974346562081361
965,1,train,16,0.017127997107183802,0.13087397413994808,0.009948758934050426,0.09974346562081361
965,2,train,16,0.010136957543260688,0.10068245896510816,0.009948758934050426,0.09974346562081361
965,3,train,6,0.006336332214584505,0.07960108174255237,0.009948758934050426,0.09974346562081361
965,-1,train,54,0.009948758934050426,0.09974346562081361,0.009948758934050426,0.09974346562081361
966,0,train,16,0.011509534594326336,0.10728249901231018,0.01132250025030943,0.10640723777219964
966,1,train,16,0.014695314243041626,0.12122423125366324,0.01132250025030943,0.10640723777219964
966,2,train,16,0.0038497499223342736,0.06204635301397072,0.01132250025030943,0.10640723777219964
966,3,train,6,0.015235402241535486,0.12343177160494573,0.01132250025030943,0.10640723777219964
966,-1,train,54,0.01132250025030943,0.10640723777219964,0.01132250025030943,0.10640723777219964
967,0,train,16,0.010253740281816023,0.1012607539070099,0.010912446277152646,0.10446265494018733
967,1,train,16,0.006636686972664223,0.08146586384900256,0.010912446277152646,0.10446265494018733
967,2,train,16,0.014164325185187454,0.11901397054626593,0.010912446277152646,0.10446265494018733
967,3,train,6,0.012595032668942881,0.11222759317094384,0.010912446277152646,0.10446265494018733
967,-1,train,54,0.010912446277152646,0.10446265494018733,0.010912446277152646,0.10446265494018733
968,0,train,16,0.008445154752607726,0.09189752310376884,0.013124167353669688,0.11456075834974945
968,1,train,16,0.00840805809287146,0.09169546386202242,0.013124167353669688,0.11456075834974945
968,2,train,16,0.008842936352996308,0.09403688825666398,0.013124167353669688,0.11456075834974945
968,3,train,6,0.026800520216203258,0.16370864429285112,0.013124167353669688,0.11456075834974945
968,-1,train,54,0.013124167353669688,0.11456075834974945,0.013124167353669688,0.11456075834974945
969,0,train,16,0.01167116703126958,0.10803317560485566,0.010740159426284528,0.10363474044105349
969,1,train,16,0.011639684280511544,0.10788736849377477,0.010740159426284528,0.10363474044105349
969,2,train,16,0.008072085272464521,0.08984478433645729,0.010740159426284528,0.10363474044105349
969,3,train,6,0.011577701120892462,0.10759972639785131,0.010740159426284528,0.10363474044105349
969,-1,train,54,0.010740159426284528,0.10363474044105349,0.010740159426284528,0.10363474044105349
970,0,train,16,0.004399638806140259,0.06632977315007385,0.010100144057301553,0.10049947292051611
970,1,train,16,0.016897264207389844,0.12998947729485585,0.010100144057301553,0.10049947292051611
970,2,train,16,0.011533265479127822,0.10739304204243319,0.010100144057301553,0.10049947292051611
970,3,train,6,0.007570407736548286,0.08700809006378825,0.010100144057301553,0.10049947292051611
970,-1,train,54,0.010100144057301553,0.10049947292051611,0.010100144057301553,0.10049947292051611
971,0,train,16,0.014256635463232387,0.11940115352555178,0.010630664762745635,0.10310511511436102
971,1,train,16,0.011857723004080774,0.10889317244015244,0.010630664762745635,0.10310511511436102
971,2,train,16,0.00540483420357332,0.07351757751431504,0.010630664762745635,0.10310511511436102
971,3,train,6,0.01100346638009606,0.10489740883404156,0.010630664762745635,0.10310511511436102
971,-1,train,54,0.010630664762745635,0.10310511511436102,0.010630664762745635,0.10310511511436102
972,0,train,16,0.00924574345469029,0.09615478903668964,0.011340798455919196,0.1064931850210106
972,1,train,16,0.010096211563319099,0.10047990626647249,0.011340798455919196,0.1064931850210106
972,2,train,16,0.010435685540470849,0.10215520319822602,0.011340798455919196,0.1064931850210106
972,3,train,6,0.015585553265196549,0.12484211334800668,0.011340798455919196,0.1064931850210106
972,-1,train,54,0.011340798455919196,0.1064931850210106,0.011340798455919196,0.1064931850210106
973,0,train,16,0.00989894646448489,0.0994934493546429,0.009965278359693125,0.09982624083723239
973,1,train,16,0.011433656930564756,0.10692827937718233,0.009965278359693125,0.09982624083723239
973,2,train,16,0.011707009932616138,0.10819893683681064,0.009965278359693125,0.09982624083723239
973,3,train,6,0.006821500111106724,0.08259237320180796,0.009965278359693125,0.09982624083723239
973,-1,train,54,0.009965278359693125,0.09982624083723239,0.009965278359693125,0.09982624083723239
974,0,train,16,0.01770503464018904,0.1330602669476844,0.010219297062985022,0.10109053893903733
974,1,train,16,0.007776742956693737,0.08818584328957646,0.010219297062985022,0.10109053893903733
974,2,train,16,0.006923417739652174,0.08320707746130838,0.010219297062985022,0.10109053893903733
974,3,train,6,0.00847199291540514,0.09204342950697317,0.010219297062985022,0.10109053893903733
974,-1,train,54,0.010219297062985022,0.10109053893903733,0.010219297062985022,0.10109053893903733
975,0,train,16,0.013295841019691949,0.11530759307041297,0.009725199268255472,0.09861642494156575
975,1,train,16,0.010285942651775588,0.10141963642103825,0.009725199268255472,0.09861642494156575
975,2,train,16,0.009943059750057723,0.0997148923183379,0.009725199268255472,0.09861642494156575
975,3,train,6,0.005375953651496633,0.07332089505384282,0.009725199268255472,0.09861642494156575
975,-1,train,54,0.009725199268255472,0.09861642494156575,0.009725199268255472,0.09861642494156575
976,0,train,16,0.010731405464495318,0.1035924971438343,0.011192048041762506,0.1057924763003613
976,1,train,16,0.013537321968813678,0.11634999771729125,0.011192048041762506,0.1057924763003613
976,2,train,16,0.005705001555455471,0.07553146069986645,0.011192048041762506,0.1057924763003613
976,3,train,6,0.014794463178285555,0.12163249228016976,0.011192048041762506,0.1057924763003613
976,-1,train,54,0.011192048041762506,0.1057924763003613,0.011192048041762506,0.1057924763003613
977,0,train,16,0.01356607455318742,0.11647349292086771,0.009310581690421687,0.0964913555217341
977,1,train,16,0.016332548253835417,0.12779885857798345,0.009310581690421687,0.0964913555217341
977,2,train,16,0.00454310123404797,0.06740253136231583,0.009310581690421687,0.0964913555217341
977,3,train,6,0.0028006027206159394,0.052920721089342114,0.009310581690421687,0.0964913555217341
977,-1,train,54,0.009310581690421687,0.0964913555217341,0.009310581690421687,0.0964913555217341
978,0,train,16,0.005585534361499436,0.07473643262492154,0.010126779419958303,0.1006319006079002
978,1,train,16,0.017723901629023237,0.13313114447424854,0.010126779419958303,0.1006319006079002
978,2,train,16,0.00916672284356618,0.09574300414947393,0.010126779419958303,0.1006319006079002
978,3,train,6,0.008030958845744356,0.08961561719780965,0.010126779419958303,0.1006319006079002
978,-1,train,54,0.010126779419958303,0.1006319006079002,0.010126779419958303,0.1006319006079002
979,0,train,16,0.009691491327663806,0.09844537230192085,0.009935819112801501,0.09967857900673294
979,1,train,16,0.009355605848702514,0.09672438083907549,0.009935819112801501,0.09967857900673294
979,2,train,16,0.013796369430897603,0.1174579474999355,0.009935819112801501,0.09967857900673294
979,3,train,6,0.00689980984394208,0.08306509401633204,0.009935819112801501,0.09967857900673294
979,-1,train,54,0.009935819112801501,0.09967857900673294,0.009935819112801501,0.09967857900673294
980,0,train,16,0.01499191384661876,0.12244147110607076,0.01118539709416638,0.10576103769425856
980,1,train,16,0.008265015351911657,0.09091212983926654,0.01118539709416638,0.10576103769425856
980,2,train,16,0.006527063183917903,0.08079024188550188,0.01118539709416638,0.10576103769425856
980,3,train,6,0.014957595994217195,0.12230125099203686,0.01118539709416638,0.10576103769425856
980,-1,train,54,0.01118539709416638,0.10576103769425856,0.01118539709416638,0.10576103769425856
981,0,train,16,0.007300957349931197,0.0854456397362159,0.011010408588457482,0.1049304940827855
981,1,train,16,0.010211147313884738,0.10105022174089841,0.011010408588457482,0.1049304940827855
981,2,train,16,0.01272620691595264,0.11281049116085189,0.011010408588457482,0.1049304940827855
981,3,train,6,0.013803322774061351,0.11748754305908925,0.011010408588457482,0.1049304940827855
981,-1,train,54,0.011010408588457482,0.1049304940827855,0.011010408588457482,0.1049304940827855
982,0,train,16,0.012418962401996424,0.11144039842891995,0.009716086840514058,0.09857021274459166
982,1,train,16,0.010645879443674447,0.10317887111068064,0.009716086840514058,0.09857021274459166
982,2,train,16,0.010244131197326986,0.10121329555610264,0.009716086840514058,0.09857021274459166
982,3,train,6,0.005555374319058381,0.07453438346869437,0.009716086840514058,0.09857021274459166
982,-1,train,54,0.009716086840514058,0.09857021274459166,0.009716086840514058,0.09857021274459166
983,0,train,16,0.012563997704832384,0.11208923991549048,0.009511111349457146,0.09752492681082692
983,1,train,16,0.010474250763273699,0.10234378712591058,0.009511111349457146,0.09752492681082692
983,2,train,16,0.010738794769951723,0.1036281562605054,0.009511111349457146,0.09752492681082692
983,3,train,6,0.00426740215977078,0.06532535617790981,0.009511111349457146,0.09752492681082692
983,-1,train,54,0.009511111349457146,0.09752492681082692,0.009511111349457146,0.09752492681082692
984,0,train,16,0.019461061994184743,0.13950291034306325,0.01083905161334748,0.10411076607799732
984,1,train,16,0.004870474249243454,0.06978878311909052,0.01083905161334748,0.10411076607799732
984,2,train,16,0.0062510043040064685,0.07906329302531276,0.01083905161334748,0.10411076607799732
984,3,train,6,0.012773665905955255,0.1130206437158949,0.01083905161334748,0.10411076607799732
984,-1,train,54,0.01083905161334748,0.10411076607799732,0.01083905161334748,0.10411076607799732
985,0,train,16,0.009660675140880934,0.09828873353991766,0.010191293384585607,0.10095193601207263
985,1,train,16,0.00982806150277043,0.09913658004374788,0.010191293384585607,0.10095193601207263
985,2,train,16,0.012597027034278924,0.11223647818013056,0.010191293384585607,0.10095193601207263
985,3,train,6,0.008679409860412142,0.09316335041427043,0.010191293384585607,0.10095193601207263
985,-1,train,54,0.010191293384585607,0.10095193601207263,0.010191293384585607,0.10095193601207263
986,0,train,16,0.007127730631962948,0.08442588839901508,0.009972122578810241,0.09986051561458233
986,1,train,16,0.015895717225154087,0.12607821867854133,0.009972122578810241,0.09986051561458233
986,2,train,16,0.009566364230745425,0.09780779228029547,0.009972122578810241,0.09986051561458233
986,3,train,6,0.00729867822737851,0.08543230201380804,0.009972122578810241,0.09986051561458233
986,-1,train,54,0.009972122578810241,0.09986051561458233,0.009972122578810241,0.09986051561458233
987,0,train,16,0.012844526791277098,0.113333696627601,0.010520024894057295,0.10256717259463329
987,1,train,16,0.005503364955396667,0.07418466792671291,0.010520024894057295,0.10256717259463329
987,2,train,16,0.012934682736634456,0.11373074666348787,0.010520024894057295,0.10256717259463329
987,3,train,6,0.010797525092920956,0.10391114036964928,0.010520024894057295,0.10256717259463329
987,-1,train,54,0.010520024894057295,0.10256717259463329,0.010520024894057295,0.10256717259463329
988,0,train,16,0.010941352176896863,0.10460091862358027,0.009846389373680231,0.09922897446653488
988,1,train,16,0.014246693881878991,0.11935951525487606,0.009846389373680231,0.09922897446653488
988,2,train,16,0.007729099879833686,0.0879152994639368,0.009846389373680231,0.09922897446653488
988,3,train,6,0.006468411556111385,0.08042643567951638,0.009846389373680231,0.09922897446653488
988,-1,train,54,0.009846389373680231,0.09922897446653488,0.009846389373680231,0.09922897446653488
989,0,train,16,0.012747980513766516,0.11290695511688603,0.009637591054905019,0.09817123333698634
989,1,train,16,0.01192700542915794,0.10921083018253244,0.009637591054905019,0.09817123333698634
989,2,train,16,0.008732343846405002,0.09344701090139268,0.009637591054905019,0.09817123333698634
989,3,train,6,0.005143034430290616,0.0717149526269844,0.009637591054905019,0.09817123333698634
989,-1,train,54,0.009637591054905019,0.09817123333698634,0.009637591054905019,0.09817123333698634
990,0,train,16,0.004456861772806661,0.06675973167117032,0.010451462809494749,0.10223239608604871
990,1,train,16,0.009010479748159415,0.09492354685829757,0.010451462809494749,0.10223239608604871
990,2,train,16,0.018062105841541488,0.13439533415093505,0.010451462809494749,0.10223239608604871
990,3,train,6,0.01027640387547143,0.1013725992340703,0.010451462809494749,0.10223239608604871
990,-1,train,54,0.010451462809494749,0.10223239608604871,0.010451462809494749,0.10223239608604871
991,0,train,16,0.008471222086379048,0.09203924210019902,0.009725401252372009,0.09861744902587984
991,1,train,16,0.018355916478463265,0.1354840082019397,0.009725401252372009,0.09861744902587984
991,2,train,16,0.00639533370405337,0.07997083033239914,0.009725401252372009,0.09861744902587984
991,3,train,6,0.005679132740592355,0.07536002083726062,0.009725401252372009,0.09861744902587984
991,-1,train,54,0.009725401252372009,0.09861744902587984,0.009725401252372009,0.09861744902587984
992,0,train,16,0.010478291034032264,0.10236352394301529,0.01076812730193676,0.1037695875579004
992,1,train,16,0.007720243700524899,0.0878649173477384,0.01076812730193676,0.1037695875579004
992,2,train,16,0.012455259509501779,0.11160313395914014,0.01076812730193676,0.1037695875579004
992,3,train,6,0.012418714963688088,0.11143928824112297,0.01076812730193676,0.1037695875579004
992,-1,train,54,0.01076812730193676,0.1037695875579004,0.01076812730193676,0.1037695875579004
993,0,train,16,0.007237713053049587,0.08507474979716124,0.011974489274191188,0.10942800955053139
993,1,train,16,0.011997505226295365,0.10953312387718779,0.011974489274191188,0.10942800955053139
993,2,train,16,0.00842874407534142,0.09180819176599342,0.011974489274191188,0.10942800955053139
993,3,train,6,0.020233994742078387,0.14224624684707288,0.011974489274191188,0.10942800955053139
993,-1,train,54,0.011974489274191188,0.10942800955053139,0.011974489274191188,0.10942800955053139
994,0,train,16,0.009112654626011225,0.0954602253612007,0.011780914692318133,0.10853992211310147
994,1,train,16,0.011252461003135266,0.10607761782362604,0.011780914692318133,0.10853992211310147
994,2,train,16,0.0075390209094986,0.08682753543374705,0.011780914692318133,0.10853992211310147
994,3,train,6,0.019219522230627447,0.13863449148977122,0.011780914692318133,0.10853992211310147
994,-1,train,54,0.011780914692318133,0.10853992211310147,0.011780914692318133,0.10853992211310147
995,0,train,16,0.007328392434228175,0.08560603036134881,0.011489912662563904,0.10719101017605863
995,1,train,16,0.008864539590994558,0.09415168395198548,0.011489912662563904,0.10719101017605863
995,2,train,16,0.012288236051270166,0.11085231640011031,0.011489912662563904,0.10719101017605863
995,3,train,6,0.01747848257376272,0.1322062123115352,0.011489912662563904,0.10719101017605863
995,-1,train,54,0.011489912662563904,0.10719101017605863,0.011489912662563904,0.10719101017605863
996,0,train,16,0.008121166550902887,0.09011751522818906,0.011870599640214065,0.10895228148237221
996,1,train,16,0.014853584704396239,0.12187528340232173,0.011870599640214065,0.10895228148237221
996,2,train,16,0.004671194790975351,0.06834613954698064,0.011870599640214065,0.10895228148237221
996,3,train,6,0.01983645251458178,0.14084194160328017,0.011870599640214065,0.10895228148237221
996,-1,train,54,0.011870599640214065,0.10895228148237221,0.011870599640214065,0.10895228148237221
997,0,train,16,0.008532415242105264,0.09237107362213165,0.011077933852057551,0.10525176412800667
997,1,train,16,0.00871211663701378,0.09333871992380108,0.011077933852057551,0.10525176412800667
997,2,train,16,0.01231046895761534,0.1109525527314056,0.011077933852057551,0.10525176412800667
997,3,train,6,0.014756734571495822,0.12147730064294243,0.011077933852057551,0.10525176412800667
997,-1,train,54,0.011077933852057551,0.10525176412800667,0.011077933852057551,0.10525176412800667
998,0,train,16,0.014762410224389826,0.12150065935783981,0.010339561017793568,0.10168363200532113
998,1,train,16,0.008541056840818847,0.09241783832582781,0.010339561017793568,0.10168363200532113
998,2,train,16,0.008173885956718746,0.0904095457168033,0.010339561017793568,0.10168363200532113
998,3,train,6,0.00988089104924685,0.0994026712379846,0.010339561017793568,0.10168363200532113
998,-1,train,54,0.010339561017793568,0.10168363200532113,0.010339561017793568,0.10168363200532113
999,0,train,16,0.008372948359114141,0.09150381609044587,0.010815082970793675,0.1039955911122855
999,1,train,16,0.013852835563954563,0.117698069499693,0.010815082970793675,0.1039955911122855
999,2,train,16,0.007999982806287987,0.08944262298416783,0.010815082970793675,0.1039955911122855
999,3,train,6,0.013034565153818008,0.11416902011411856,0.010815082970793675,0.1039955911122855
999,-1,train,54,0.010815082970793675,0.1039955911122855,0.010815082970793675,0.1039955911122855
1000,0,train,16,0.005249799058476623,0.07245549708943154,0.0101299407566271,0.1006476068102322
1000,1,train,16,0.012851868116635991,0.11336608009733772,0.0101299407566271,0.1006476068102322
1000,2,train,16,0.013723053978995179,0.11714543942892176,0.0101299407566271,0.1006476068102322
1000,3,train,6,0.008695041872400604,0.09324720838931642,0.0101299407566271,0.1006476068102322
1000,-1,train,54,0.0101299407566271,0.1006476068102322,0.0101299407566271,0.1006476068102322
