epoch,batch_idx,phase,batch_size,batch_MSE,batch_RMSE,epoch_MSE,epoch_RMSE
1,0,train,16,0.5786920686727847,0.7607181269516223,0.5567333894144855,0.7461456891348267
1,1,train,16,0.5336387576907614,0.7305058231737522,0.5567333894144855,0.7461456891348267
1,2,train,16,0.5782666445033818,0.7604384554343513,0.5567333894144855,0.7461456891348267
1,3,train,6,0.536336086791014,0.7323497025267465,0.5567333894144855,0.7461456891348267
1,-1,train,54,0.5567333894144855,0.7461456891348267,0.5567333894144855,0.7461456891348267
2,0,train,16,0.5450725685262067,0.7382903009834321,0.5507669819991692,0.7421367677181674
2,1,train,16,0.5628372275148584,0.7502247846578107,0.5507669819991692,0.7421367677181674
2,2,train,16,0.5545751901050879,0.744698052975223,0.5507669819991692,0.7421367677181674
2,3,train,6,0.5405829418505235,0.7352434575367015,0.5507669819991692,0.7421367677181674
2,-1,train,54,0.5507669819991692,0.7421367677181674,0.5507669819991692,0.7421367677181674
3,0,train,16,0.5440914063974379,0.7376255190795923,0.5448348256032507,0.7381292743166679
3,1,train,16,0.556797316167708,0.7461885258885371,0.5448348256032507,0.7381292743166679
3,2,train,16,0.5341533142435894,0.7308579302734488,0.5448348256032507,0.7381292743166679
3,3,train,6,0.5442972656042679,0.7377650476976175,0.5448348256032507,0.7381292743166679
3,-1,train,54,0.5448348256032507,0.7381292743166679,0.5448348256032507,0.7381292743166679
4,0,train,16,0.5781374511762112,0.7603535040862317,0.5266213566247004,0.7256868171771487
4,1,train,16,0.4843834003103938,0.6959765802887291,0.5266213566247004,0.7256868171771487
4,2,train,16,0.5746581141763706,0.7580620780492654,0.5266213566247004,0.7256868171771487
4,3,train,6,0.46930646083582656,0.6850594578836399,0.5266213566247004,0.7256868171771487
4,-1,train,54,0.5266213566247004,0.7256868171771487,0.5266213566247004,0.7256868171771487
5,0,train,16,0.5680692706538906,0.7537037021627866,0.5252148349980983,0.7247170723793516
5,1,train,16,0.5452463168057744,0.7384079609577449,0.5252148349980983,0.7247170723793516
5,2,train,16,0.4861785740858107,0.6972650673064088,0.5252148349980983,0.7247170723793516
5,3,train,6,0.5013651784469175,0.7080714501001417,0.5252148349980983,0.7247170723793516
5,-1,train,54,0.5252148349980983,0.7247170723793516,0.5252148349980983,0.7247170723793516
6,0,train,16,0.4955260532980384,0.7039361145004839,0.5292760014533145,0.7275135747553544
6,1,train,16,0.5877510285327687,0.7666492213083952,0.5292760014533145,0.7275135747553544
6,2,train,16,0.4656708994431677,0.6824008348787153,0.5292760014533145,0.7275135747553544
6,3,train,6,0.5681560245392833,0.7537612516833717,0.5292760014533145,0.7275135747553544
6,-1,train,54,0.5292760014533145,0.7275135747553544,0.5292760014533145,0.7275135747553544
7,0,train,16,0.49151248300974243,0.7010795126158961,0.5238224004033369,0.7237557601866371
7,1,train,16,0.5060099544816143,0.7113437667412391,0.5238224004033369,0.7237557601866371
7,2,train,16,0.5240787979074693,0.7239328683707277,0.5238224004033369,0.7237557601866371
7,3,train,6,0.573688366214522,0.7574221849236541,0.5238224004033369,0.7237557601866371
7,-1,train,54,0.5238224004033369,0.7237557601866371,0.5238224004033369,0.7237557601866371
8,0,train,16,0.542587425067683,0.7366053387450318,0.5059282242166222,0.7112863166240597
8,1,train,16,0.5035693134711956,0.7096261786822662,0.5059282242166222,0.7112863166240597
8,2,train,16,0.47858424161789764,0.6917978329092233,0.5059282242166222,0.7112863166240597
8,3,train,6,0.49897191670971264,0.7063794424455688,0.5059282242166222,0.7112863166240597
8,-1,train,54,0.5059282242166222,0.7112863166240597,0.5059282242166222,0.7112863166240597
9,0,train,16,0.5963644543592092,0.7722463689517802,0.4996538626901749,0.7068619827732815
9,1,train,16,0.45543352802603776,0.6748581540042602,0.4996538626901749,0.7068619827732815
9,2,train,16,0.44842387582015536,0.6696445891815713,0.4996538626901749,0.7068619827732815
9,3,train,6,0.49839359255529736,0.7059699657600863,0.4996538626901749,0.7068619827732815
9,-1,train,54,0.4996538626901749,0.7068619827732815,0.4996538626901749,0.7068619827732815
10,0,train,16,0.4890927240548672,0.6993516454937868,0.4891348807813098,0.6993817847079732
10,1,train,16,0.5031359050074069,0.7093207349340683,0.4891348807813098,0.6993817847079732
10,2,train,16,0.4938349632307262,0.702733920649008,0.4891348807813098,0.6993817847079732
10,3,train,6,0.47047593083223876,0.685912480446477,0.4891348807813098,0.6993817847079732
10,-1,train,54,0.4891348807813098,0.6993817847079732,0.4891348807813098,0.6993817847079732
11,0,train,16,0.4703674525276205,0.685833399979631,0.4791269763372002,0.6921899857244398
11,1,train,16,0.48653603535565626,0.6975213511826404,0.4791269763372002,0.6921899857244398
11,2,train,16,0.5143574129413108,0.7171871533576928,0.4791269763372002,0.6921899857244398
11,3,train,6,0.44524700452421345,0.6672683152407384,0.4791269763372002,0.6921899857244398
11,-1,train,54,0.4791269763372002,0.6921899857244398,0.4791269763372002,0.6921899857244398
12,0,train,16,0.4435458033673056,0.6659923448263543,0.46819975066874664,0.6842512335894957
12,1,train,16,0.5249100822728124,0.7245067855257206,0.46819975066874664,0.6842512335894957
12,2,train,16,0.49068761829975543,0.7004909837390881,0.46819975066874664,0.6842512335894957
12,3,train,6,0.4136554987351131,0.6431605543992208,0.46819975066874664,0.6842512335894957
12,-1,train,54,0.46819975066874664,0.6842512335894957,0.46819975066874664,0.6842512335894957
13,0,train,16,0.4682643864748366,0.6842984630077994,0.469700832600339,0.6853472350570469
13,1,train,16,0.42108446332025334,0.6489102120634667,0.469700832600339,0.6853472350570469
13,2,train,16,0.528127011066105,0.7267234763416585,0.469700832600339,0.6853472350570469
13,3,train,6,0.46132746954016124,0.6792109168293463,0.469700832600339,0.6853472350570469
13,-1,train,54,0.469700832600339,0.6853472350570469,0.469700832600339,0.6853472350570469
14,0,train,16,0.4736665415213026,0.6882343652574336,0.464017933670262,0.6811886182770981
14,1,train,16,0.4406244753006365,0.6637955071410445,0.464017933670262,0.6811886182770981
14,2,train,16,0.4794559695864289,0.6924275915837185,0.464017933670262,0.6811886182770981
14,3,train,6,0.4623247482726801,0.6799446655961646,0.464017933670262,0.6811886182770981
14,-1,train,54,0.464017933670262,0.6811886182770981,0.464017933670262,0.6811886182770981
15,0,train,16,0.4548426908660043,0.6744202627931669,0.4475706842722644,0.6690072378324949
15,1,train,16,0.4771676215393296,0.6907732055742533,0.4475706842722644,0.6690072378324949
15,2,train,16,0.4639577515828081,0.6811444425250844,0.4475706842722644,0.6690072378324949
15,3,train,6,0.39431467310091545,0.6279448009983962,0.4475706842722644,0.6690072378324949
15,-1,train,54,0.4475706842722644,0.6690072378324949,0.4475706842722644,0.6690072378324949
16,0,train,16,0.41751187797851697,0.6461515905563624,0.44738345917039984,0.6688672956352403
16,1,train,16,0.48261205743210756,0.6947028554944247,0.44738345917039984,0.6688672956352403
16,2,train,16,0.45924265745462467,0.677674447987103,0.44738345917039984,0.6688672956352403
16,3,train,6,0.43016724381635013,0.6558713622474686,0.44738345917039984,0.6688672956352403
16,-1,train,54,0.44738345917039984,0.6688672956352403,0.44738345917039984,0.6688672956352403
17,0,train,16,0.43130791848340927,0.6567403737272509,0.442881572883972,0.6654934807223674
17,1,train,16,0.41220314833195254,0.6420304886311494,0.442881572883972,0.6654934807223674
17,2,train,16,0.4901881653667665,0.7001343909327455,0.442881572883972,0.6654934807223674
17,3,train,6,0.43782705935375954,0.6616850152102279,0.442881572883972,0.6654934807223674
17,-1,train,54,0.442881572883972,0.6654934807223674,0.442881572883972,0.6654934807223674
18,0,train,16,0.48438484580110064,0.6959776187501295,0.4302787372174078,0.6559563531344199
18,1,train,16,0.41297192967751,0.642628920666904,0.4302787372174078,0.6559563531344199
18,2,train,16,0.4306450594563953,0.6562355213308674,0.4302787372174078,0.6559563531344199
18,3,train,6,0.39311311393462517,0.626987331558322,0.4302787372174078,0.6559563531344199
18,-1,train,54,0.4302787372174078,0.6559563531344199,0.4302787372174078,0.6559563531344199
19,0,train,16,0.42357786212732584,0.650828596580794,0.423022093548776,0.6504014864287874
19,1,train,16,0.4158072834822771,0.6448312054191213,0.423022093548776,0.6504014864287874
19,2,train,16,0.46971897750546265,0.6853604726751191,0.423022093548776,0.6504014864287874
19,3,train,6,0.3829842510800386,0.6188572138062532,0.423022093548776,0.6504014864287874
19,-1,train,54,0.423022093548776,0.6504014864287874,0.423022093548776,0.6504014864287874
20,0,train,16,0.46774521579692246,0.6839190126008506,0.4252317120779471,0.6520979313553655
20,1,train,16,0.41382820816448856,0.6432948065735402,0.4252317120779471,0.6520979313553655
20,2,train,16,0.38667074942306484,0.6218285530779886,0.4252317120779471,0.6520979313553655
20,3,train,6,0.43268267492731255,0.6577861924115712,0.4252317120779471,0.6520979313553655
20,-1,train,54,0.4252317120779471,0.6520979313553655,0.4252317120779471,0.6520979313553655
21,0,train,16,0.4549890438318516,0.6745287568605594,0.4201549358450157,0.6481935944183772
21,1,train,16,0.402401088827483,0.6343509193084558,0.4201549358450157,0.6481935944183772
21,2,train,16,0.3871411083893684,0.6222066444432817,0.4201549358450157,0.6481935944183772
21,3,train,6,0.43608850233135965,0.6603699738263087,0.4201549358450157,0.6481935944183772
21,-1,train,54,0.4201549358450157,0.6481935944183772,0.4201549358450157,0.6481935944183772
22,0,train,16,0.47699406595834254,0.6906475700082804,0.4006911424496277,0.633001692296022
22,1,train,16,0.3812069607469743,0.6174195986093852,0.4006911424496277,0.633001692296022
22,2,train,16,0.39767085590663226,0.6306114936366386,0.4006911424496277,0.633001692296022
22,3,train,6,0.3468926871865618,0.5889759648632207,0.4006911424496277,0.633001692296022
22,-1,train,54,0.4006911424496277,0.633001692296022,0.4006911424496277,0.633001692296022
23,0,train,16,0.37519034392277995,0.6125278311413939,0.4084038439069533,0.6390648198007408
23,1,train,16,0.4073805583495334,0.6382637059629299,0.4084038439069533,0.6390648198007408
23,2,train,16,0.4191145787329266,0.6473905920948547,0.4084038439069533,0.6390648198007408
23,3,train,6,0.4319298946225731,0.657213735874847,0.4084038439069533,0.6390648198007408
23,-1,train,54,0.4084038439069533,0.6390648198007408,0.4084038439069533,0.6390648198007408
24,0,train,16,0.38225900859025064,0.6182709831378557,0.4114438969167239,0.6414389268798113
24,1,train,16,0.38257335825337563,0.6185251476321522,0.4114438969167239,0.6414389268798113
24,2,train,16,0.3945560381971929,0.6281369581525934,0.4114438969167239,0.6414389268798113
24,3,train,6,0.4863871826260765,0.6974146418208299,0.4114438969167239,0.6414389268798113
24,-1,train,54,0.4114438969167239,0.6414389268798113,0.4114438969167239,0.6414389268798113
25,0,train,16,0.3616789752861021,0.6013975185233991,0.3833842219687073,0.6191802822835263
25,1,train,16,0.41532226979123493,0.6444550176631686,0.3833842219687073,0.6191802822835263
25,2,train,16,0.41483727019617295,0.6440786211295737,0.3833842219687073,0.6191802822835263
25,3,train,6,0.34169837260131924,0.5845497178181847,0.3833842219687073,0.6191802822835263
25,-1,train,54,0.3833842219687073,0.6191802822835263,0.3833842219687073,0.6191802822835263
26,0,train,16,0.39531405712918666,0.6287400552924767,0.3822831725145745,0.6182905243609791
26,1,train,16,0.34706621146943917,0.5891232566020791,0.3822831725145745,0.6182905243609791
26,2,train,16,0.4175509983240788,0.6461818616489314,0.3822831725145745,0.6182905243609791
26,3,train,6,0.3692014231355934,0.60761947231437,0.3822831725145745,0.6182905243609791
26,-1,train,54,0.3822831725145745,0.6182905243609791,0.3822831725145745,0.6182905243609791
27,0,train,16,0.3856061314947134,0.6209719248844616,0.37167036754895166,0.6096477405428086
27,1,train,16,0.35565030188114083,0.5963642359172294,0.37167036754895166,0.6096477405428086
27,2,train,16,0.4101415451354631,0.6404229423868754,0.37167036754895166,0.6096477405428086
27,3,train,6,0.3352834916844894,0.5790366928653912,0.37167036754895166,0.6096477405428086
27,-1,train,54,0.37167036754895166,0.6096477405428086,0.37167036754895166,0.6096477405428086
28,0,train,16,0.3650748818754126,0.6042142681825816,0.3632248935563816,0.6026814196209981
28,1,train,16,0.39839665233388316,0.6311867016453081,0.3632248935563816,0.6026814196209981
28,2,train,16,0.3748701801060162,0.6122664290209093,0.3632248935563816,0.6026814196209981
28,3,train,6,0.3145578599102145,0.5608545800028868,0.3632248935563816,0.6026814196209981
28,-1,train,54,0.3632248935563816,0.6026814196209981,0.3632248935563816,0.6026814196209981
29,0,train,16,0.33524991955086186,0.5790077024970064,0.3712453935002686,0.6092991001965034
29,1,train,16,0.3783859006336283,0.6151307996138937,0.3712453935002686,0.6092991001965034
29,2,train,16,0.3724328445416283,0.6102727624117172,0.3712453935002686,0.6092991001965034
29,3,train,6,0.39891290927495593,0.6315955266426101,0.3712453935002686,0.6092991001965034
29,-1,train,54,0.3712453935002686,0.6092991001965034,0.3712453935002686,0.6092991001965034
30,0,train,16,0.376253813176148,0.6133953155805382,0.36178604957323907,0.6014865331603353
30,1,train,16,0.3698126168922298,0.6081222055575917,0.36178604957323907,0.6014865331603353
30,2,train,16,0.33048303903154513,0.5748765424258891,0.36178604957323907,0.6014865331603353
30,3,train,6,0.37059472919303343,0.6087649211255798,0.36178604957323907,0.6014865331603353
30,-1,train,54,0.36178604957323907,0.6014865331603353,0.36178604957323907,0.6014865331603353
31,0,train,16,0.3959950344299981,0.6292813634853635,0.34818419992103217,0.5900713515508376
31,1,train,16,0.34726532396821225,0.589292222898124,0.34818419992103217,0.5900713515508376
31,2,train,16,0.33367113997474057,0.5776427442414044,0.34818419992103217,0.5900713515508376
31,3,train,6,0.3158053013111777,0.5619655695068673,0.34818419992103217,0.5900713515508376
31,-1,train,54,0.34818419992103217,0.5900713515508376,0.34818419992103217,0.5900713515508376
32,0,train,16,0.3318930678332092,0.5761016124202476,0.34580466604778237,0.5880515845126024
32,1,train,16,0.3888165825819714,0.6235515877471337,0.34580466604778237,0.5880515845126024
32,2,train,16,0.33003319411551857,0.5744851556964015,0.34580466604778237,0.5880515845126024
32,3,train,6,0.3324758196604304,0.5766071623388235,0.34580466604778237,0.5880515845126024
32,-1,train,54,0.34580466604778237,0.5880515845126024,0.34580466604778237,0.5880515845126024
33,0,train,16,0.31359598977869757,0.5599964194338188,0.3580729135058544,0.5983919397066227
33,1,train,16,0.3267947038959651,0.5716596049188407,0.3580729135058544,0.5983919397066227
33,2,train,16,0.3491473076128759,0.5908868822480965,0.3580729135058544,0.5983919397066227
33,3,train,6,0.4427536527358791,0.6653973645393247,0.3580729135058544,0.5983919397066227
33,-1,train,54,0.3580729135058544,0.5983919397066227,0.3580729135058544,0.5983919397066227
34,0,train,16,0.33155488776037584,0.5758080303020928,0.33030404342489117,0.5747208395602957
34,1,train,16,0.32482136684943524,0.5699310193781658,0.33030404342489117,0.5747208395602957
34,2,train,16,0.36884525445175403,0.607326316284544,0.33030404342489117,0.5747208395602957
34,3,train,6,0.29599466463799956,0.5440539170321261,0.33030404342489117,0.5747208395602957
34,-1,train,54,0.33030404342489117,0.5747208395602957,0.33030404342489117,0.5747208395602957
35,0,train,16,0.29949702465002986,0.5472632133169832,0.33266083622721926,0.5767675755685467
35,1,train,16,0.337613450016318,0.5810451359544437,0.33266083622721926,0.5767675755685467
35,2,train,16,0.35145644871546006,0.5928376242407866,0.33266083622721926,0.5767675755685467
35,3,train,6,0.342076421527069,0.5848729960658716,0.33266083622721926,0.5767675755685467
35,-1,train,54,0.33266083622721926,0.5767675755685467,0.33266083622721926,0.5767675755685467
36,0,train,16,0.372599849698118,0.6104095753656867,0.32714771008203,0.5719682771640662
36,1,train,16,0.2966542229793548,0.5446597313730425,0.32714771008203,0.5719682771640662
36,2,train,16,0.302363208289178,0.5498756298374915,0.32714771008203,0.5719682771640662
36,3,train,6,0.33697355936146905,0.5804942371475096,0.32714771008203,0.5719682771640662
36,-1,train,54,0.32714771008203,0.5719682771640662,0.32714771008203,0.5719682771640662
37,0,train,16,0.3485860496458088,0.5904117627942458,0.320866940272455,0.5664511808377267
37,1,train,16,0.316491540141119,0.5625758083504115,0.320866940272455,0.5664511808377267
37,2,train,16,0.2913390329790724,0.5397583097823251,0.320866940272455,0.5664511808377267
37,3,train,6,0.32705113832381977,0.571883850378571,0.320866940272455,0.5664511808377267
37,-1,train,54,0.320866940272455,0.5664511808377267,0.320866940272455,0.5664511808377267
38,0,train,16,0.2992059975090491,0.5469972554858471,0.32520082472100365,0.5702638202805818
38,1,train,16,0.3283835121778073,0.5730475653711543,0.32520082472100365,0.5702638202805818
38,2,train,16,0.28848601850990396,0.5371089447308656,0.32520082472100365,0.5702638202805818
38,3,train,6,0.38472777068725406,0.620264274875842,0.32520082472100365,0.5702638202805818
38,-1,train,54,0.32520082472100365,0.5702638202805818,0.32520082472100365,0.5702638202805818
39,0,train,16,0.3180144106399428,0.5639276643683503,0.3008038700270664,0.5484558961548927
39,1,train,16,0.3329825703964993,0.5770464196202064,0.3008038700270664,0.5484558961548927
39,2,train,16,0.2944059373320569,0.542591869946516,0.3008038700270664,0.5484558961548927
39,3,train,6,0.2578125617397665,0.5077524610868632,0.3008038700270664,0.5484558961548927
39,-1,train,54,0.3008038700270664,0.5484558961548927,0.3008038700270664,0.5484558961548927
40,0,train,16,0.3134640309580146,0.5598785859077079,0.3086978797244091,0.5556058672516059
40,1,train,16,0.27496598850198395,0.5243719943913709,0.3086978797244091,0.5556058672516059
40,2,train,16,0.30861642461570943,0.5555325594559777,0.3086978797244091,0.5556058672516059
40,3,train,6,0.33774507482192845,0.5811583904770957,0.3086978797244091,0.5556058672516059
40,-1,train,54,0.3086978797244091,0.5556058672516059,0.3086978797244091,0.5556058672516059
41,0,train,16,0.3354514450178659,0.5791817029377446,0.29120901084933604,0.5396378515720853
41,1,train,16,0.2506177733856394,0.5006173922124953,0.29120901084933604,0.5396378515720853
41,2,train,16,0.3243729206855039,0.5695374620562759,0.29120901084933604,0.5396378515720853
41,3,train,6,0.25439390430833503,0.5043747657331153,0.29120901084933604,0.5396378515720853
41,-1,train,54,0.29120901084933604,0.5396378515720853,0.29120901084933604,0.5396378515720853
42,0,train,16,0.2934842244063862,0.5417418429532522,0.30139477034004153,0.5489943263277332
42,1,train,16,0.28966857443204247,0.5382086718290987,0.30139477034004153,0.5489943263277332
42,2,train,16,0.2742993363443909,0.5237359414288759,0.30139477034004153,0.5489943263277332
42,3,train,6,0.34812694617734663,0.5900228353016065,0.30139477034004153,0.5489943263277332
42,-1,train,54,0.30139477034004153,0.5489943263277332,0.30139477034004153,0.5489943263277332
43,0,train,16,0.27713062581568565,0.5264319764373034,0.27977921156957714,0.5289415956129534
43,1,train,16,0.3228005442494774,0.568155387415694,0.27977921156957714,0.5289415956129534
43,2,train,16,0.281356717270873,0.5304306903553687,0.27977921156957714,0.5289415956129534
43,3,train,6,0.23782895894227232,0.4876771052061726,0.27977921156957714,0.5289415956129534
43,-1,train,54,0.27977921156957714,0.5289415956129534,0.27977921156957714,0.5289415956129534
44,0,train,16,0.2736243537577647,0.5230911524369005,0.28363624623679007,0.5325751085403729
44,1,train,16,0.2807825920238191,0.5298892261820569,0.28363624623679007,0.5325751085403729
44,2,train,16,0.2897154859798225,0.5382522512538359,0.28363624623679007,0.5325751085403729
44,3,train,6,0.29042255318575383,0.5389086686867764,0.28363624623679007,0.5325751085403729
44,-1,train,54,0.28363624623679007,0.5325751085403729,0.28363624623679007,0.5325751085403729
45,0,train,16,0.25788767869212936,0.5078264257520766,0.27798163732337744,0.5272396393703507
45,1,train,16,0.2465196657546863,0.4965074679747388,0.27798163732337744,0.5272396393703507
45,2,train,16,0.32569766387293897,0.5706992762155381,0.27798163732337744,0.5272396393703507
45,3,train,6,0.2818215409737551,0.5308686664079498,0.27798163732337744,0.5272396393703507
45,-1,train,54,0.27798163732337744,0.5272396393703507,0.27798163732337744,0.5272396393703507
46,0,train,16,0.2906713508363443,0.5391394539786013,0.27251139815595177,0.5220262427847395
46,1,train,16,0.26692113173107485,0.5166441054837216,0.27251139815595177,0.5220262427847395
46,2,train,16,0.2586080181518457,0.5085351690412825,0.27251139815595177,0.5220262427847395
46,3,train,6,0.27384509190454215,0.5233021038602292,0.27251139815595177,0.5220262427847395
46,-1,train,54,0.27251139815595177,0.5220262427847395,0.27251139815595177,0.5220262427847395
47,0,train,16,0.2399427303678002,0.48983949449569725,0.26856063053429263,0.5182283575165417
47,1,train,16,0.3283392122434101,0.5730089111378723,0.26856063053429263,0.5182283575165417
47,2,train,16,0.23033280311824056,0.4799299981437299,0.26856063053429263,0.5182283575165417
47,3,train,6,0.27562777640771957,0.5250026441911694,0.26856063053429263,0.5182283575165417
47,-1,train,54,0.26856063053429263,0.5182283575165417,0.26856063053429263,0.5182283575165417
48,0,train,16,0.26216577150590054,0.5120212607948038,0.25963592596814533,0.5095448223347435
48,1,train,16,0.26516537454434025,0.5149421079542246,0.25963592596814533,0.5095448223347435
48,2,train,16,0.2659191657638342,0.5156735069439132,0.25963592596814533,0.5095448223347435
48,3,train,6,0.2452933920585062,0.49527102889075414,0.25963592596814533,0.5095448223347435
48,-1,train,54,0.25963592596814533,0.5095448223347435,0.25963592596814533,0.5095448223347435
49,0,train,16,0.24599943357284615,0.49598329969147764,0.24980245092066966,0.49980241187960434
49,1,train,16,0.24892866043350567,0.49892751019913273,0.24980245092066966,0.49980241187960434
49,2,train,16,0.2955680522020089,0.5436617075001778,0.24980245092066966,0.49980241187960434
49,3,train,6,0.20871365747431794,0.4568518988406614,0.24980245092066966,0.49980241187960434
49,-1,train,54,0.24980245092066966,0.49980241187960434,0.24980245092066966,0.49980241187960434
50,0,train,16,0.26359942849554185,0.5134193495531132,0.2519809549470164,0.5019770462352002
50,1,train,16,0.22510359906011077,0.4744508394555865,0.2519809549470164,0.5019770462352002
50,2,train,16,0.2702569608929111,0.5198624442031864,0.2519809549470164,0.5019770462352002
50,3,train,6,0.24896383133950165,0.4989627554632727,0.2519809549470164,0.5019770462352002
50,-1,train,54,0.2519809549470164,0.5019770462352002,0.2519809549470164,0.5019770462352002
51,0,train,16,0.24232287406400146,0.49226301309767473,0.2533156286003557,0.5033047075086381
51,1,train,16,0.2586987952652621,0.5086244147357283,0.2533156286003557,0.5033047075086381
51,2,train,16,0.22900653658114847,0.47854627423181184,0.2533156286003557,0.5033047075086381
51,3,train,6,0.28323430849101083,0.5321976216510281,0.2533156286003557,0.5033047075086381
51,-1,train,54,0.2533156286003557,0.5033047075086381,0.2533156286003557,0.5033047075086381
52,0,train,16,0.2541247691362661,0.5041078943403545,0.23604910129656315,0.4858488461410227
52,1,train,16,0.2440623889201766,0.4940267087113576,0.23604910129656315,0.4858488461410227
52,2,train,16,0.2478073240695695,0.497802495041527,0.23604910129656315,0.4858488461410227
52,3,train,6,0.19820192306024037,0.4451987455735251,0.23604910129656315,0.4858488461410227
52,-1,train,54,0.23604910129656315,0.4858488461410227,0.23604910129656315,0.4858488461410227
53,0,train,16,0.2277012483660239,0.4771805196841379,0.24011534526524045,0.49001565818373644
53,1,train,16,0.20903606745100137,0.45720462317325855,0.24011534526524045,0.49001565818373644
53,2,train,16,0.2740378737847649,0.5234862689553231,0.24011534526524045,0.49001565818373644
53,3,train,6,0.2496861914591716,0.49968609292151767,0.24011534526524045,0.49001565818373644
53,-1,train,54,0.24011534526524045,0.49001565818373644,0.24011534526524045,0.49001565818373644
54,0,train,16,0.23796043189940655,0.487811881671005,0.22638920017394773,0.47580374123576175
54,1,train,16,0.2505803487146392,0.5005800123003706,0.22638920017394773,0.47580374123576175
54,2,train,16,0.23047930618685683,0.4800826035036646,0.22638920017394773,0.47580374123576175
54,3,train,6,0.18653671389488835,0.43189896259992144,0.22638920017394773,0.47580374123576175
54,-1,train,54,0.22638920017394773,0.47580374123576175,0.22638920017394773,0.47580374123576175
55,0,train,16,0.21473385386982347,0.4633938431505359,0.22272873878325716,0.4719414569448812
55,1,train,16,0.22034807225872285,0.46941247561044097,0.22272873878325716,0.4719414569448812
55,2,train,16,0.2680892396406787,0.5177733477504213,0.22272873878325716,0.4719414569448812
55,3,train,6,0.18774378936380368,0.43329411415781277,0.22272873878325716,0.4719414569448812
55,-1,train,54,0.22272873878325716,0.4719414569448812,0.22272873878325716,0.4719414569448812
56,0,train,16,0.22724552323611671,0.4767027619346428,0.2183040190429622,0.4672301563929304
56,1,train,16,0.23046889518366284,0.48007176045218786,0.2183040190429622,0.4672301563929304
56,2,train,16,0.23193314382520538,0.48159437686211143,0.2183040190429622,0.4672301563929304
56,3,train,6,0.1835685139268639,0.42844896303628033,0.2183040190429622,0.4672301563929304
56,-1,train,54,0.2183040190429622,0.4672301563929304,0.2183040190429622,0.4672301563929304
57,0,train,16,0.20652845102559303,0.45445401420340986,0.21415559261014588,0.46276948107037685
57,1,train,16,0.2177818357655025,0.4666710144904036,0.21415559261014588,0.46276948107037685
57,2,train,16,0.25147544919797826,0.5014732786480036,0.21415559261014588,0.46276948107037685
57,3,train,6,0.18083663445150983,0.4252489088187174,0.21415559261014588,0.46276948107037685
57,-1,train,54,0.21415559261014588,0.46276948107037685,0.21415559261014588,0.46276948107037685
58,0,train,16,0.19844811310127972,0.44547515430299783,0.22276396940224444,0.4719787806694751
58,1,train,16,0.20481704226401912,0.45256716878715264,0.22276396940224444,0.4719787806694751
58,2,train,16,0.22831141309014033,0.47781943565549984,0.22276396940224444,0.4719787806694751
58,3,train,6,0.25947930915353856,0.5093911160920835,0.22276396940224444,0.4719787806694751
58,-1,train,54,0.22276396940224444,0.4719787806694751,0.22276396940224444,0.4719787806694751
59,0,train,16,0.1930856698314638,0.4394151452003718,0.21454846246394546,0.46319376341218743
59,1,train,16,0.1763273451168971,0.4199134971835236,0.21454846246394546,0.46319376341218743
59,2,train,16,0.25871193266450226,0.5086373292086438,0.21454846246394546,0.46319376341218743
59,3,train,6,0.23006890224291862,0.4796549825060912,0.21454846246394546,0.46319376341218743
59,-1,train,54,0.21454846246394546,0.46319376341218743,0.21454846246394546,0.46319376341218743
60,0,train,16,0.1857203727676037,0.43095286606263994,0.20254542863342495,0.45005047342873106
60,1,train,16,0.2708772718724131,0.5204587129373598,0.20254542863342495,0.45005047342873106
60,2,train,16,0.17750310916225617,0.4213111785393976,0.20254542863342495,0.45005047342873106
60,3,train,6,0.17608096073142682,0.4196200194597808,0.20254542863342495,0.45005047342873106
60,-1,train,54,0.20254542863342495,0.45005047342873106,0.20254542863342495,0.45005047342873106
61,0,train,16,0.1948828117098179,0.44145533376528356,0.20168362042448948,0.44909199550258017
61,1,train,16,0.2055942226438953,0.45342499119909047,0.20168362042448948,0.44909199550258017
61,2,train,16,0.21293359646065968,0.46144728459560763,0.20168362042448948,0.44909199550258017
61,3,train,6,0.19332385088358503,0.4396860822036388,0.20168362042448948,0.44909199550258017
61,-1,train,54,0.20168362042448948,0.44909199550258017,0.20168362042448948,0.44909199550258017
62,0,train,16,0.19295964713644917,0.43927172357943683,0.20000057287658,0.44721423599498705
62,1,train,16,0.1816876777824202,0.42624837569475876,0.20000057287658,0.44721423599498705
62,2,train,16,0.22041108230289438,0.4694795866732593,0.20000057287658,0.44721423599498705
62,3,train,6,0.20494388428455623,0.45270728322455367,0.20000057287658,0.44721423599498705
62,-1,train,54,0.20000057287658,0.44721423599498705,0.20000057287658,0.44721423599498705
63,0,train,16,0.2046056485336519,0.45233355892930593,0.18856399733357396,0.434239562146949
63,1,train,16,0.19437993253211405,0.4408853961429365,0.18856399733357396,0.434239562146949
63,2,train,16,0.20166615522649964,0.4490725500701414,0.18856399733357396,0.434239562146949
63,3,train,6,0.15360425304203015,0.3919237847363058,0.18856399733357396,0.434239562146949
63,-1,train,54,0.18856399733357396,0.434239562146949,0.18856399733357396,0.434239562146949
64,0,train,16,0.20067865399161064,0.4479717111510621,0.18351727087154757,0.42838915820962087
64,1,train,16,0.17521313348902,0.41858467899460916,0.18351727087154757,0.42838915820962087
64,2,train,16,0.21518196921041768,0.4638771057191955,0.18351727087154757,0.42838915820962087
64,3,train,6,0.14299532679514199,0.3781472289930762,0.18351727087154757,0.42838915820962087
64,-1,train,54,0.18351727087154757,0.42838915820962087,0.18351727087154757,0.42838915820962087
65,0,train,16,0.1668610467701793,0.4084862871262379,0.18650465770739114,0.4318618502569903
65,1,train,16,0.1506874592852421,0.38818482619139316,0.18650465770739114,0.4318618502569903
65,2,train,16,0.2449564738242257,0.4949307768003781,0.18650465770739114,0.4318618502569903
65,3,train,6,0.18351365094991748,0.42838493314998544,0.18650465770739114,0.4318618502569903
65,-1,train,54,0.18650465770739114,0.4318618502569903,0.18650465770739114,0.4318618502569903
66,0,train,16,0.18030761855108746,0.4246264458922542,0.18929439869647427,0.4350797613041478
66,1,train,16,0.19269458827038854,0.4389699172726857,0.18929439869647427,0.4350797613041478
66,2,train,16,0.16211923086692073,0.4026403244422008,0.18929439869647427,0.4350797613041478
66,3,train,6,0.2220561570975004,0.47122834920821605,0.18929439869647427,0.4350797613041478
66,-1,train,54,0.18929439869647427,0.4350797613041478,0.18929439869647427,0.4350797613041478
67,0,train,16,0.22661771855366397,0.47604381999314305,0.17241620442978745,0.415230302879965
67,1,train,16,0.1915723492346897,0.43768978653229923,0.17241620442978745,0.415230302879965
67,2,train,16,0.13707848129188283,0.370241112373927,0.17241620442978745,0.415230302879965
67,3,train,6,0.13439626863891332,0.36660096650024443,0.17241620442978745,0.415230302879965
67,-1,train,54,0.17241620442978745,0.415230302879965,0.17241620442978745,0.415230302879965
68,0,train,16,0.15464085445951378,0.3932440138889768,0.17795333809074332,0.42184515890400276
68,1,train,16,0.16949324807386498,0.41169557694231423,0.17795333809074332,0.42184515890400276
68,2,train,16,0.19717438641385718,0.44404322583939637,0.17795333809074332,0.42184515890400276
68,3,train,6,0.19050486341573736,0.4364686282148321,0.17795333809074332,0.42184515890400276
68,-1,train,54,0.17795333809074332,0.42184515890400276,0.17795333809074332,0.42184515890400276
69,0,train,16,0.20428031529626098,0.45197379934710924,0.1652016838573911,0.40645010008288973
69,1,train,16,0.14425355034200169,0.37980725419876027,0.1652016838573911,0.40645010008288973
69,2,train,16,0.18374601015788564,0.4286560511154434,0.1652016838573911,0.40645010008288973
69,3,train,6,0.128526859633416,0.3585064289987224,0.1652016838573911,0.40645010008288973
69,-1,train,54,0.1652016838573911,0.40645010008288973,0.1652016838573911,0.40645010008288973
70,0,train,16,0.19022567216629924,0.4361486812616762,0.17881309692497466,0.4228629765361052
70,1,train,16,0.13149589176352272,0.36262362273233484,0.17881309692497466,0.4228629765361052
70,2,train,16,0.15819465323635562,0.39773691460104077,0.17881309692497466,0.4228629765361052
70,3,train,6,0.235336170533721,0.4851145952594304,0.17881309692497466,0.4228629765361052
70,-1,train,54,0.17881309692497466,0.4228629765361052,0.17881309692497466,0.4228629765361052
71,0,train,16,0.14160070792992716,0.37629869509463776,0.1590093883829109,0.3987598128985805
71,1,train,16,0.1725508165394463,0.4153923645656553,0.1590093883829109,0.3987598128985805
71,2,train,16,0.1942518312408272,0.440740094886802,0.1590093883829109,0.3987598128985805
71,3,train,6,0.12763419782144295,0.3572592865433213,0.1590093883829109,0.3987598128985805
71,-1,train,54,0.1590093883829109,0.3987598128985805,0.1590093883829109,0.3987598128985805
72,0,train,16,0.14645835127780063,0.3826987735514717,0.16879204778132836,0.4108430938707968
72,1,train,16,0.1654966574991931,0.4068128040010455,0.16879204778132836,0.4108430938707968
72,2,train,16,0.1541092236835908,0.39256747659936225,0.16879204778132836,0.4108430938707968
72,3,train,6,0.2091039586647289,0.4572788631291948,0.16879204778132836,0.4108430938707968
72,-1,train,54,0.16879204778132836,0.4108430938707968,0.16879204778132836,0.4108430938707968
73,0,train,16,0.15383461929649678,0.3922175662773109,0.15843294478981707,0.3980363611403072
73,1,train,16,0.14601154537475328,0.3821145710055471,0.15843294478981707,0.3980363611403072
73,2,train,16,0.17270623219295214,0.41557939336900734,0.15843294478981707,0.3980363611403072
73,3,train,6,0.16117938229506612,0.4014715211507114,0.15843294478981707,0.3980363611403072
73,-1,train,54,0.15843294478981707,0.3980363611403072,0.15843294478981707,0.3980363611403072
74,0,train,16,0.15347895189832086,0.3917638981559185,0.15035951926048036,0.38776219421248426
74,1,train,16,0.12087754324049889,0.3476744788455127,0.15035951926048036,0.38776219421248426
74,2,train,16,0.19953897763146392,0.4466978594435661,0.15035951926048036,0.38776219421248426
74,3,train,6,0.12754260427163774,0.35713107435735375,0.15035951926048036,0.38776219421248426
74,-1,train,54,0.15035951926048036,0.38776219421248426,0.15035951926048036,0.38776219421248426
75,0,train,16,0.1397543542822688,0.37383733666164054,0.14474086689561505,0.3804482447003995
75,1,train,16,0.1433250894217004,0.37858300202425943,0.14474086689561505,0.3804482447003995
75,2,train,16,0.18660463844425104,0.4319775902107088,0.14474086689561505,0.3804482447003995
75,3,train,6,0.10927938543423997,0.33057432664113523,0.14474086689561505,0.3804482447003995
75,-1,train,54,0.14474086689561505,0.3804482447003995,0.14474086689561505,0.3804482447003995
76,0,train,16,0.15517935175389228,0.3939281048032652,0.15689200064137815,0.3960959487818301
76,1,train,16,0.14234570770493066,0.3772873012770648,0.15689200064137815,0.3960959487818301
76,2,train,16,0.1257826047535612,0.35465843392419305,0.15689200064137815,0.3960959487818301
76,3,train,6,0.20426033835312854,0.45195169913733985,0.15689200064137815,0.3960959487818301
76,-1,train,54,0.15689200064137815,0.3960959487818301,0.15689200064137815,0.3960959487818301
77,0,train,16,0.12237171580087237,0.3498166888541374,0.15137964134282078,0.38907536717559077
77,1,train,16,0.1700763754520321,0.4124031710014268,0.15137964134282078,0.38907536717559077
77,2,train,16,0.12727774901642167,0.35676007206023164,0.15137964134282078,0.38907536717559077
77,3,train,6,0.18579272510195696,0.4310368024913383,0.15137964134282078,0.38907536717559077
77,-1,train,54,0.15137964134282078,0.38907536717559077,0.15137964134282078,0.38907536717559077
78,0,train,16,0.16962702524503614,0.41185801588051696,0.13796339743966063,0.3714342437628236
78,1,train,16,0.12161009251950748,0.34872638632530734,0.13796339743966063,0.3714342437628236
78,2,train,16,0.14410423105398115,0.37961063084953395,0.13796339743966063,0.3714342437628236
78,3,train,6,0.11651224094011765,0.34133889456098854,0.13796339743966063,0.3714342437628236
78,-1,train,54,0.13796339743966063,0.3714342437628236,0.13796339743966063,0.3714342437628236
79,0,train,16,0.11021548385008163,0.3319871742252728,0.15345241071216548,0.39173002273525764
79,1,train,16,0.14798049458793552,0.38468232944591507,0.15345241071216548,0.39173002273525764
79,2,train,16,0.12355266990680758,0.35150059730647343,0.15345241071216548,0.39173002273525764
79,3,train,6,0.23206099450383716,0.48172709546364234,0.15345241071216548,0.39173002273525764
79,-1,train,54,0.15345241071216548,0.39173002273525764,0.15345241071216548,0.39173002273525764
80,0,train,16,0.11338086911384582,0.3367207583649185,0.1311591580024123,0.3621590230857327
80,1,train,16,0.15254051642464003,0.39056435631613906,0.1311591580024123,0.3621590230857327
80,2,train,16,0.15350804899507484,0.39180103240685166,0.1311591580024123,0.3621590230857327
80,3,train,6,0.10520719747608837,0.3243565899994763,0.1311591580024123,0.3621590230857327
80,-1,train,54,0.1311591580024123,0.3621590230857327,0.1311591580024123,0.3621590230857327
81,0,train,16,0.1061057929840921,0.3257388416877731,0.13218153771475205,0.36356778971018877
81,1,train,16,0.14572216615363887,0.38173572815972945,0.13218153771475205,0.36356778971018877
81,2,train,16,0.14962266667918364,0.386810892658394,0.13218153771475205,0.36356778971018877
81,3,train,6,0.12727552504209355,0.3567569551418634,0.13218153771475205,0.36356778971018877
81,-1,train,54,0.13218153771475205,0.36356778971018877,0.13218153771475205,0.36356778971018877
82,0,train,16,0.1362439570639438,0.36911239082960057,0.12634068747167349,0.3554443521448519
82,1,train,16,0.14004611555932925,0.3742273581117891,0.12634068747167349,0.3554443521448519
82,2,train,16,0.1243001403453976,0.3525622503124769,0.12634068747167349,0.3554443521448519
82,3,train,6,0.1047725369180233,0.3236858614737803,0.12634068747167349,0.3554443521448519
82,-1,train,54,0.12634068747167349,0.3554443521448519,0.12634068747167349,0.3554443521448519
83,0,train,16,0.12864686012051538,0.3586737516469743,0.13134738273134194,0.3624187946717746
83,1,train,16,0.12597417683925435,0.35492841086514104,0.13134738273134194,0.3624187946717746
83,2,train,16,0.11926714963410702,0.3453507631873817,0.13134738273134194,0.3624187946717746
83,3,train,6,0.1515013443314911,0.3892317360281547,0.13134738273134194,0.3624187946717746
83,-1,train,54,0.13134738273134194,0.3624187946717746,0.13134738273134194,0.3624187946717746
84,0,train,16,0.13134415674461947,0.3624143440105806,0.1190199149906531,0.34499263034252353
84,1,train,16,0.13872609491913854,0.3724595211820186,0.1190199149906531,0.34499263034252353
84,2,train,16,0.1191412790238926,0.34516847918645843,0.1190199149906531,0.34499263034252353
84,3,train,6,0.08686812927496185,0.29473399748750034,0.1190199149906531,0.34499263034252353
84,-1,train,54,0.1190199149906531,0.34499263034252353,0.1190199149906531,0.34499263034252353
85,0,train,16,0.12687751152995888,0.35619869669884935,0.12421865399306761,0.35244666829616594
85,1,train,16,0.1306902281258763,0.36151103458383715,0.12421865399306761,0.35244666829616594
85,2,train,16,0.10521829215174745,0.3243736921387853,0.12421865399306761,0.35244666829616594
85,3,train,6,0.13408858416468783,0.366181081112457,0.12421865399306761,0.35244666829616594
85,-1,train,54,0.12421865399306761,0.35244666829616594,0.12421865399306761,0.35244666829616594
86,0,train,16,0.13743852372099682,0.3707270204894658,0.115229141450086,0.3394541816653405
86,1,train,16,0.1309406972333088,0.3618572884899637,0.115229141450086,0.3394541816653405
86,2,train,16,0.10252940628275858,0.3202021334762756,0.115229141450086,0.3394541816653405
86,3,train,6,0.0900079385632798,0.3000132306470496,0.115229141450086,0.3394541816653405
86,-1,train,54,0.115229141450086,0.3394541816653405,0.115229141450086,0.3394541816653405
87,0,train,16,0.1417516791620429,0.3764992419143004,0.11164572473581576,0.3341342914694865
87,1,train,16,0.11794510832548621,0.34343137353114117,0.11164572473581576,0.3341342914694865
87,2,train,16,0.10677496804253551,0.3267643922500362,0.11164572473581576,0.3341342914694865
87,3,train,6,0.0801111434131984,0.2830391199343271,0.11164572473581576,0.3341342914694865
87,-1,train,54,0.11164572473581576,0.3341342914694865,0.11164572473581576,0.3341342914694865
88,0,train,16,0.14190358622172744,0.37670092410522094,0.10973608306208553,0.33126437034804324
88,1,train,16,0.0986152259376462,0.3140306130581001,0.10973608306208553,0.33126437034804324
88,2,train,16,0.11766118819297862,0.3430177665850249,0.10973608306208553,0.33126437034804324
88,3,train,6,0.08076433189598986,0.2841906611695568,0.10973608306208553,0.33126437034804324
88,-1,train,54,0.10973608306208553,0.33126437034804324,0.10973608306208553,0.33126437034804324
89,0,train,16,0.10758459108538987,0.328000901043564,0.11320859240800803,0.3364648457239003
89,1,train,16,0.10735532764333094,0.327651228661409,0.11320859240800803,0.3364648457239003
89,2,train,16,0.12251673709607842,0.350023909320604,0.11320859240800803,0.3364648457239003
89,3,train,6,0.11537771380723288,0.33967295124462427,0.11320859240800803,0.3364648457239003
89,-1,train,54,0.11320859240800803,0.3364648457239003,0.11320859240800803,0.3364648457239003
90,0,train,16,0.08316319781327326,0.2883803006678391,0.11069917041207289,0.3327148484995416
90,1,train,16,0.12095327885744385,0.34778337921390645,0.11069917041207289,0.3327148484995416
90,2,train,16,0.12732568693319812,0.35682725082762123,0.11069917041207289,0.3327148484995416
90,3,train,6,0.11135451804437636,0.3336982439935463,0.11069917041207289,0.3327148484995416
90,-1,train,54,0.11069917041207289,0.3327148484995416,0.11069917041207289,0.3327148484995416
91,0,train,16,0.0941792745450103,0.3068864196164605,0.10366369994001673,0.3219684766246794
91,1,train,16,0.12051673121275791,0.34715519758856833,0.10366369994001673,0.3219684766246794
91,2,train,16,0.12200941272284717,0.34929845794513203,0.10366369994001673,0.3219684766246794
91,3,train,6,0.07794938127945156,0.27919416412140774,0.10366369994001673,0.3219684766246794
91,-1,train,54,0.10366369994001673,0.3219684766246794,0.10366369994001673,0.3219684766246794
92,0,train,16,0.09357293832577544,0.30589694069371703,0.10637538920404932,0.32615240180634775
92,1,train,16,0.13356684747762235,0.36546798420329835,0.10637538920404932,0.32615240180634775
92,2,train,16,0.09170468424624584,0.3028278128677183,0.10637538920404932,0.32615240180634775
92,3,train,6,0.10665708676655367,0.326583965874863,0.10637538920404932,0.32615240180634775
92,-1,train,54,0.10637538920404932,0.32615240180634775,0.10637538920404932,0.32615240180634775
93,0,train,16,0.08200665529057653,0.28636804167116225,0.10748795257472749,0.32785355354903123
93,1,train,16,0.0752376901290982,0.2742948962870039,0.10748795257472749,0.32785355354903123
93,2,train,16,0.14785249563208944,0.3845159237692107,0.10748795257472749,0.32785355354903123
93,3,train,6,0.1248549692471458,0.3533482266081801,0.10748795257472749,0.32785355354903123
93,-1,train,54,0.10748795257472749,0.32785355354903123,0.10748795257472749,0.32785355354903123
94,0,train,16,0.1307821832635688,0.36163819386725293,0.09637771198119074,0.31044759941283284
94,1,train,16,0.08397316005148547,0.2897812279142413,0.09637771198119074,0.31044759941283284
94,2,train,16,0.10646376808159314,0.32628786076345706,0.09637771198119074,0.31044759941283284
94,3,train,6,0.06429173652811562,0.25355815216260674,0.09637771198119074,0.31044759941283284
94,-1,train,54,0.09637771198119074,0.31044759941283284,0.09637771198119074,0.31044759941283284
95,0,train,16,0.07705280333549207,0.27758386721042,0.10261884130814486,0.32034175704728984
95,1,train,16,0.10667438657047157,0.32661045079799816,0.10261884130814486,0.32034175704728984
95,2,train,16,0.11204051509495587,0.33472453614122144,0.10261884130814486,0.32034175704728984
95,3,train,6,0.1147076602316599,0.3386851934048194,0.10261884130814486,0.32034175704728984
95,-1,train,54,0.10261884130814486,0.32034175704728984,0.10261884130814486,0.32034175704728984
96,0,train,16,0.08557300770380506,0.29252864424497826,0.10672707511936716,0.32669110045938987
96,1,train,16,0.09084444723541009,0.30140412610880113,0.10672707511936716,0.32669110045938987
96,2,train,16,0.0993976248680357,0.31527388865561906,0.10672707511936716,0.32669110045938987
96,3,train,6,0.15109322067021777,0.3887071142521291,0.10672707511936716,0.32669110045938987
96,-1,train,54,0.10672707511936716,0.32669110045938987,0.10672707511936716,0.32669110045938987
97,0,train,16,0.08212484921251594,0.28657433453209996,0.09083429536266736,0.30138728467317155
97,1,train,16,0.1398379881040006,0.37394917850424625,0.09083429536266736,0.30138728467317155
97,2,train,16,0.0824387984065418,0.28712157426174334,0.09083429536266736,0.30138728467317155
97,3,train,6,0.05893554572761114,0.24276644275437068,0.09083429536266736,0.30138728467317155
97,-1,train,54,0.09083429536266736,0.30138728467317155,0.09083429536266736,0.30138728467317155
98,0,train,16,0.11620838117091246,0.3408935041488947,0.08835137062361628,0.2972395845502686
98,1,train,16,0.10134084218653265,0.31834076425511804,0.08835137062361628,0.2972395845502686
98,2,train,16,0.08334977725454407,0.2887036148969113,0.08835137062361628,0.2972395845502686
98,3,train,6,0.052506481882475996,0.22914292893841606,0.08835137062361628,0.2972395845502686
98,-1,train,54,0.08835137062361628,0.2972395845502686,0.08835137062361628,0.2972395845502686
99,0,train,16,0.10048799744295901,0.3169984186758019,0.0945103898030906,0.30742542153031294
99,1,train,16,0.05644346604134192,0.23757833664150005,0.0945103898030906,0.30742542153031294
99,2,train,16,0.11999146092252398,0.3463978361978088,0.0945103898030906,0.30742542153031294
99,3,train,6,0.10111863480553746,0.31799156404775497,0.0945103898030906,0.30742542153031294
99,-1,train,54,0.0945103898030906,0.30742542153031294,0.0945103898030906,0.30742542153031294
100,0,train,16,0.0894779019985406,0.29912857101677964,0.09350446433014888,0.30578499690166105
100,1,train,16,0.08485977143976171,0.29130700547663063,0.09350446433014888,0.30578499690166105
100,2,train,16,0.09622473141727166,0.31020111446813287,0.09350446433014888,0.30578499690166105
100,3,train,6,0.10345545246502151,0.3216449167405285,0.09350446433014888,0.30578499690166105
100,-1,train,54,0.09350446433014888,0.30578499690166105,0.09350446433014888,0.30578499690166105
101,0,train,16,0.08915414389976868,0.2985869118025247,0.09191851840759281,0.30318066958101536
101,1,train,16,0.09695885294009526,0.3113821654175063,0.09191851840759281,0.30318066958101536
101,2,train,16,0.07978333498397776,0.2824594395377463,0.09191851840759281,0.30318066958101536
101,3,train,6,0.10177774180652953,0.3190262399968528,0.09191851840759281,0.30318066958101536
101,-1,train,54,0.09191851840759281,0.30318066958101536,0.09191851840759281,0.30318066958101536
102,0,train,16,0.07276555714671577,0.26975091685982416,0.08202507039509764,0.28640019272880674
102,1,train,16,0.09991466292007267,0.31609280744754803,0.08202507039509764,0.28640019272880674
102,2,train,16,0.10882249235115654,0.3298825432652606,0.08202507039509764,0.28640019272880674
102,3,train,6,0.04659756916244555,0.2158647010570407,0.08202507039509764,0.28640019272880674
102,-1,train,54,0.08202507039509764,0.28640019272880674,0.08202507039509764,0.28640019272880674
103,0,train,16,0.08708943733648973,0.2951091956149278,0.08190360699552472,0.2861880622868898
103,1,train,16,0.0951346690942968,0.30843908490056315,0.08190360699552472,0.2861880622868898
103,2,train,16,0.09174231621031097,0.30288994075457665,0.08190360699552472,0.2861880622868898
103,3,train,6,0.0536480053410014,0.23162039059849934,0.08190360699552472,0.2861880622868898
103,-1,train,54,0.08190360699552472,0.2861880622868898,0.08190360699552472,0.2861880622868898
104,0,train,16,0.0931633909560108,0.3052267861050383,0.0795273346499381,0.2820059124379099
104,1,train,16,0.0809242201255414,0.28447182659367415,0.0795273346499381,0.2820059124379099
104,2,train,16,0.09795926459711146,0.3129844478518245,0.0795273346499381,0.2820059124379099
104,3,train,6,0.04606246292108871,0.214621673931336,0.0795273346499381,0.2820059124379099
104,-1,train,54,0.0795273346499381,0.2820059124379099,0.0795273346499381,0.2820059124379099
105,0,train,16,0.09314908477030177,0.3052033498674315,0.07977158467135295,0.2824386387719516
105,1,train,16,0.0748284109328591,0.2735478220217794,0.07977158467135295,0.2824386387719516
105,2,train,16,0.09621628634141399,0.31018750191039934,0.07977158467135295,0.2824386387719516
105,3,train,6,0.05489255664083689,0.2342916059973914,0.07977158467135295,0.2824386387719516
105,-1,train,54,0.07977158467135295,0.2824386387719516,0.07977158467135295,0.2824386387719516
106,0,train,16,0.08501777311182324,0.2915780737844038,0.07915367000524832,0.28134262031417906
106,1,train,16,0.08549243919015448,0.2923909013463902,0.07915367000524832,0.28134262031417906
106,2,train,16,0.08818724427945653,0.29696337194922967,0.07915367000524832,0.28134262031417906
106,3,train,6,0.057917223439559073,0.24065997473522488,0.07915367000524832,0.28134262031417906
106,-1,train,54,0.07915367000524832,0.28134262031417906,0.07915367000524832,0.28134262031417906
107,0,train,16,0.0502880619301023,0.22424999872932508,0.08256547771574908,0.28734209179260367
107,1,train,16,0.10373532262334424,0.3220796836550611,0.08256547771574908,0.28734209179260367
107,2,train,16,0.0897601217593149,0.2995999361804253,0.08256547771574908,0.28734209179260367
107,3,train,6,0.08647840455023487,0.2940721077393007,0.08256547771574908,0.28734209179260367
107,-1,train,54,0.08256547771574908,0.28734209179260367,0.08256547771574908,0.28734209179260367
108,0,train,16,0.07736348595263672,0.2781429236069771,0.08259968147132749,0.28740160311196505
108,1,train,16,0.08378739589699831,0.28946052562827684,0.08259968147132749,0.28740160311196505
108,2,train,16,0.0760724098062009,0.2758122727621106,0.08259968147132749,0.28740160311196505
108,3,train,6,0.09317543422947402,0.30524651386948554,0.08259968147132749,0.28740160311196505
108,-1,train,54,0.08259968147132749,0.28740160311196505,0.08259968147132749,0.28740160311196505
109,0,train,16,0.10748516969636056,0.3278493094340151,0.07879020919266519,0.28069593725714165
109,1,train,16,0.05135856862811111,0.22662428958104008,0.07879020919266519,0.28069593725714165
109,2,train,16,0.0813091596711291,0.2851476103198642,0.07879020919266519,0.28069593725714165
109,3,train,6,0.07500793877505997,0.2738757725229816,0.07879020919266519,0.28069593725714165
109,-1,train,54,0.07879020919266519,0.28069593725714165,0.07879020919266519,0.28069593725714165
110,0,train,16,0.09327674206047026,0.3054124130752879,0.07469945021337154,0.27331200159043795
110,1,train,16,0.06660995281624435,0.25808904048069214,0.07469945021337154,0.27331200159043795
110,2,train,16,0.08410070746398707,0.29000121976292975,0.07469945021337154,0.27331200159043795
110,3,train,6,0.054810398512784464,0.23411620728344387,0.07469945021337154,0.27331200159043795
110,-1,train,54,0.07469945021337154,0.27331200159043795,0.07469945021337154,0.27331200159043795
111,0,train,16,0.08857844661050707,0.2976213141065456,0.07185463856136635,0.2680571554004227
111,1,train,16,0.07117787229450223,0.2667918145193031,0.07185463856136635,0.2680571554004227
111,2,train,16,0.08528447648614916,0.2920350603714375,0.07185463856136635,0.2680571554004227
111,3,train,6,0.04237775885430697,0.20585858945962632,0.07185463856136635,0.2680571554004227
111,-1,train,54,0.07185463856136635,0.2680571554004227,0.07185463856136635,0.2680571554004227
112,0,train,16,0.06019864741977873,0.2453541265595073,0.08238665308903315,0.28703075286288254
112,1,train,16,0.0852097440449462,0.2919070811832872,0.08238665308903315,0.28703075286288254
112,2,train,16,0.0688664248705151,0.26242413164668205,0.08238665308903315,0.28703075286288254
112,3,train,6,0.11527179602089253,0.33951700402320434,0.08238665308903315,0.28703075286288254
112,-1,train,54,0.08238665308903315,0.28703075286288254,0.08238665308903315,0.28703075286288254
113,0,train,16,0.06888295566954503,0.2624556260961937,0.07644382355678456,0.2764847618889413
113,1,train,16,0.09601880873511341,0.30986901867581634,0.07644382355678456,0.2764847618889413
113,2,train,16,0.0583383471576612,0.24153332514926631,0.07644382355678456,0.2764847618889413
113,3,train,6,0.0825351826648186,0.2872893709569127,0.07644382355678456,0.2764847618889413
113,-1,train,54,0.07644382355678456,0.2764847618889413,0.07644382355678456,0.2764847618889413
114,0,train,16,0.05185312041309487,0.2277128024795595,0.08007775632603541,0.28298013415438794
114,1,train,16,0.09102437875954121,0.3017024672745339,0.08007775632603541,0.28298013415438794
114,2,train,16,0.06653451747044209,0.257942856986663,0.08007775632603541,0.28298013415438794
114,3,train,6,0.11089900866106343,0.33301502768052893,0.08007775632603541,0.28298013415438794
114,-1,train,54,0.08007775632603541,0.28298013415438794,0.08007775632603541,0.28298013415438794
115,0,train,16,0.05756415668663547,0.2399253148099122,0.07181373935111521,0.26798085631461666
115,1,train,16,0.08244042626106046,0.287124409030407,0.07181373935111521,0.26798085631461666
115,2,train,16,0.08430050677199961,0.29034549552558864,0.07181373935111521,0.26798085631461666
115,3,train,6,0.06294986768476532,0.2508981221228356,0.07181373935111521,0.26798085631461666
115,-1,train,54,0.07181373935111521,0.26798085631461666,0.07181373935111521,0.26798085631461666
116,0,train,16,0.05345861427333582,0.23121118976670618,0.08111121614563563,0.2848003092442767
116,1,train,16,0.10100900487592485,0.3178191386243516,0.08111121614563563,0.2848003092442767
116,2,train,16,0.042859660928745956,0.2070257494340884,0.08111121614563563,0.2848003092442767
116,3,train,6,0.12711758450453592,0.35653553049385683,0.08111121614563563,0.2848003092442767
116,-1,train,54,0.08111121614563563,0.2848003092442767,0.08111121614563563,0.2848003092442767
117,0,train,16,0.06852537394053478,0.26177351649953967,0.07344335618948011,0.2710043471781959
117,1,train,16,0.0666950935792004,0.25825393235960686,0.07344335618948011,0.2710043471781959
117,2,train,16,0.07601645550956719,0.2757108186298956,0.07344335618948011,0.2710043471781959
117,3,train,6,0.08253650172861808,0.2872916666536259,0.07344335618948011,0.2710043471781959
117,-1,train,54,0.07344335618948011,0.2710043471781959,0.07344335618948011,0.2710043471781959
118,0,train,16,0.07728736815232917,0.2780060577619293,0.06514375493472156,0.2552327465955761
118,1,train,16,0.07367866509733895,0.27143814230380175,0.06514375493472156,0.2552327465955761
118,2,train,16,0.07595103754058634,0.27559215798093084,0.06514375493472156,0.2552327465955761
118,3,train,6,0.033657948948631784,0.18346102841920348,0.06514375493472156,0.2552327465955761
118,-1,train,54,0.06514375493472156,0.2552327465955761,0.06514375493472156,0.2552327465955761
119,0,train,16,0.05898615952359141,0.24287066418896994,0.06589091049287138,0.2566922486030137
119,1,train,16,0.07242063127043373,0.2691108159670171,0.06589091049287138,0.2566922486030137
119,2,train,16,0.08957543045449584,0.29929154758278065,0.06589091049287138,0.2566922486030137
119,3,train,6,0.042581420722964544,0.20635266105132868,0.06589091049287138,0.2566922486030137
119,-1,train,54,0.06589091049287138,0.2566922486030137,0.06589091049287138,0.2566922486030137
120,0,train,16,0.06605194382847643,0.2570057272289402,0.06843337668507908,0.2615977383026831
120,1,train,16,0.09632382304086438,0.31036079494817703,0.06843337668507908,0.2615977383026831
120,2,train,16,0.04862034943637455,0.22050022547919207,0.06843337668507908,0.2615977383026831
120,3,train,6,0.06273739043460098,0.2504743308896163,0.06843337668507908,0.2615977383026831
120,-1,train,54,0.06843337668507908,0.2615977383026831,0.06843337668507908,0.2615977383026831
121,0,train,16,0.07922586481031514,0.2814708951389382,0.07824722743685399,0.2797270588213696
121,1,train,16,0.051640349993883644,0.22724513194760332,0.07824722743685399,0.2797270588213696
121,2,train,16,0.052854837207310164,0.22990179905192165,0.07824722743685399,0.2797270588213696
121,3,train,6,0.129267857735907,0.3595383953570286,0.07824722743685399,0.2797270588213696
121,-1,train,54,0.07824722743685399,0.2797270588213696,0.07824722743685399,0.2797270588213696
122,0,train,16,0.04941680097858514,0.22229890008406505,0.06320275841090663,0.25140158792439365
122,1,train,16,0.08327043457003357,0.2885661701759816,0.06320275841090663,0.25140158792439365
122,2,train,16,0.08358096636726169,0.2891037294246854,0.06320275841090663,0.25140158792439365
122,3,train,6,0.03654283172774607,0.19116179463414248,0.06320275841090663,0.25140158792439365
122,-1,train,54,0.06320275841090663,0.25140158792439365,0.06320275841090663,0.25140158792439365
123,0,train,16,0.0451287491507549,0.21243528226439906,0.0643015181974521,0.25357744023759704
123,1,train,16,0.07269606431818108,0.2696220768375266,0.0643015181974521,0.25357744023759704
123,2,train,16,0.0924281008763519,0.30401990210568763,0.0643015181974521,0.25357744023759704
123,3,train,6,0.046953158444520526,0.21668677496451075,0.0643015181974521,0.25357744023759704
123,-1,train,54,0.0643015181974521,0.25357744023759704,0.0643015181974521,0.25357744023759704
124,0,train,16,0.0679395817748096,0.2606522238056096,0.0661302273451374,0.25715798129775674
124,1,train,16,0.055351040259969286,0.2352680179284241,0.0661302273451374,0.25715798129775674
124,2,train,16,0.07933665977759168,0.28166764062914945,0.0661302273451374,0.25715798129775674
124,3,train,6,0.06189362756817904,0.24878429927987625,0.0661302273451374,0.25715798129775674
124,-1,train,54,0.0661302273451374,0.25715798129775674,0.0661302273451374,0.25715798129775674
125,0,train,16,0.07345040821544659,0.2710173577751923,0.06654617267248228,0.2579654486020992
125,1,train,16,0.06786888213872645,0.2605165678776044,0.06654617267248228,0.2579654486020992
125,2,train,16,0.05723377973579672,0.23923582452424788,0.06654617267248228,0.2579654486020992
125,3,train,6,0.06763162059995936,0.2600608017367465,0.06654617267248228,0.2579654486020992
125,-1,train,54,0.06654617267248228,0.2579654486020992,0.06654617267248228,0.2579654486020992
126,0,train,16,0.06298937531499835,0.25097684218867355,0.0608771028232852,0.24673285720245125
126,1,train,16,0.06926928425710259,0.2631905854264217,0.0608771028232852,0.24673285720245125
126,2,train,16,0.07696211918848882,0.27742047362891015,0.0608771028232852,0.24673285720245125
126,3,train,6,0.03428763253255104,0.18516919974053742,0.0608771028232852,0.24673285720245125
126,-1,train,54,0.0608771028232852,0.24673285720245125,0.0608771028232852,0.24673285720245125
127,0,train,16,0.05942135238499489,0.24376495315158594,0.07215096990146107,0.2686093257901912
127,1,train,16,0.03021772144549395,0.17383245222194257,0.07215096990146107,0.2686093257901912
127,2,train,16,0.08978269982241625,0.2996376141648713,0.07215096990146107,0.2686093257901912
127,3,train,6,0.10918210595293922,0.33042715680303764,0.07215096990146107,0.2686093257901912
127,-1,train,54,0.07215096990146107,0.2686093257901912,0.07215096990146107,0.2686093257901912
128,0,train,16,0.06517647341283106,0.2552968339263749,0.0597084922055061,0.2443532119811526
128,1,train,16,0.07038150478082505,0.2652951276989931,0.0597084922055061,0.2443532119811526
128,2,train,16,0.07097805055481637,0.26641706130579623,0.0597084922055061,0.2443532119811526
128,3,train,6,0.0322979400735519,0.179716276596061,0.0597084922055061,0.2443532119811526
128,-1,train,54,0.0597084922055061,0.2443532119811526,0.0597084922055061,0.2443532119811526
129,0,train,16,0.07390901383323743,0.2718621228366273,0.06411265621651767,0.2532047713146766
129,1,train,16,0.05148736408188767,0.22690827239633127,0.06411265621651767,0.2532047713146766
129,2,train,16,0.06801747888016776,0.2608016082775713,0.06411265621651767,0.2532047713146766
129,3,train,6,0.06303676807077781,0.2510712410268803,0.06411265621651767,0.2532047713146766
129,-1,train,54,0.06411265621651767,0.2532047713146766,0.06411265621651767,0.2532047713146766
130,0,train,16,0.07941225141138601,0.2818017945496196,0.061682830330463484,0.24836028331934132
130,1,train,16,0.049419737000807984,0.22230550375734737,0.061682830330463484,0.24836028331934132
130,2,train,16,0.06799424914713016,0.2607570692179412,0.061682830330463484,0.24836028331934132
130,3,train,6,0.04990508376252979,0.22339445777039724,0.061682830330463484,0.24836028331934132
130,-1,train,54,0.061682830330463484,0.24836028331934132,0.061682830330463484,0.24836028331934132
131,0,train,16,0.07178454370646314,0.2679263773995818,0.061926637272799685,0.24885063245408817
131,1,train,16,0.05651974170763429,0.23773880984734969,0.061926637272799685,0.24885063245408817
131,2,train,16,0.06557873592582364,0.2560834550021216,0.061926637272799685,0.24885063245408817
131,3,train,6,0.053823527751277654,0.23199898222034865,0.061926637272799685,0.24885063245408817
131,-1,train,54,0.061926637272799685,0.24885063245408817,0.061926637272799685,0.24885063245408817
132,0,train,16,0.040851783821491655,0.20211824217890786,0.05833095921633987,0.2415180308307019
132,1,train,16,0.07648355112319066,0.27655659660038967,0.05833095921633987,0.2415180308307019
132,2,train,16,0.0829795129529491,0.28806164783419036,0.05833095921633987,0.2415180308307019
132,3,train,6,0.03300898896772805,0.1816837608806248,0.05833095921633987,0.2415180308307019
132,-1,train,54,0.05833095921633987,0.2415180308307019,0.05833095921633987,0.2415180308307019
133,0,train,16,0.04541989804717048,0.213119445492828,0.05710699604015179,0.23897070121701486
133,1,train,16,0.0804527212732454,0.2836418891370691,0.05710699604015179,0.23897070121701486
133,2,train,16,0.0752353831171471,0.27429069090500885,0.05710699604015179,0.23897070121701486
133,3,train,6,0.027319981723044173,0.16528757280280987,0.05710699604015179,0.23897070121701486
133,-1,train,54,0.05710699604015179,0.23897070121701486,0.05710699604015179,0.23897070121701486
134,0,train,16,0.054067172938420165,0.23252348900362768,0.059012745015674495,0.24292538981274578
134,1,train,16,0.0910239718007192,0.3017017928364351,0.059012745015674495,0.24292538981274578
134,2,train,16,0.049406025615231254,0.22227466255790662,0.059012745015674495,0.24292538981274578
134,3,train,6,0.04155380970832738,0.20384751582574506,0.059012745015674495,0.24292538981274578
134,-1,train,54,0.059012745015674495,0.24292538981274578,0.059012745015674495,0.24292538981274578
135,0,train,16,0.050211901878637256,0.22408012379199824,0.05738807654726451,0.239558085956756
135,1,train,16,0.08948494085088655,0.29914033638225146,0.05738807654726451,0.239558085956756
135,2,train,16,0.05673069431818017,0.23818206128543806,0.05738807654726451,0.239558085956756
135,3,train,6,0.033124769141354045,0.18200211301343192,0.05738807654726451,0.239558085956756
135,-1,train,54,0.05738807654726451,0.239558085956756,0.05738807654726451,0.239558085956756
136,0,train,16,0.05362654142678024,0.2315740517130109,0.05836843400063881,0.24159560012682105
136,1,train,16,0.06846902702865731,0.2616658690556667,0.05836843400063881,0.24159560012682105
136,2,train,16,0.07016107469453493,0.26487935875514146,0.05836843400063881,0.24159560012682105
136,3,train,6,0.041217092852582765,0.20301993215589145,0.05836843400063881,0.24159560012682105
136,-1,train,54,0.05836843400063881,0.24159560012682105,0.05836843400063881,0.24159560012682105
137,0,train,16,0.03728520109513702,0.1930937624449247,0.0583269312979669,0.24150969193381638
137,1,train,16,0.08595740053789369,0.29318492549565656,0.0583269312979669,0.24150969193381638
137,2,train,16,0.06740390349779313,0.25962261746194826,0.0583269312979669,0.24150969193381638
137,3,train,6,0.04266122006104377,0.20654592724390322,0.0583269312979669,0.24150969193381638
137,-1,train,54,0.0583269312979669,0.24150969193381638,0.0583269312979669,0.24150969193381638
138,0,train,16,0.04664237314532196,0.2159684540513312,0.06863101232076708,0.26197521318011574
138,1,train,16,0.043312897250946274,0.20811750827584466,0.06863101232076708,0.26197521318011574
138,2,train,16,0.0742571115221045,0.27250158076991865,0.06863101232076708,0.26197521318011574
138,3,train,6,0.11031166736469561,0.33213200292157274,0.06863101232076708,0.26197521318011574
138,-1,train,54,0.06863101232076708,0.26197521318011574,0.06863101232076708,0.26197521318011574
139,0,train,16,0.04255114387351996,0.20627928609901663,0.06090512574536835,0.24678963865075118
139,1,train,16,0.05130979043424858,0.22651664493861942,0.06090512574536835,0.24678963865075118
139,2,train,16,0.08723239746720945,0.2953513119442835,0.06090512574536835,0.24678963865075118
139,3,train,6,0.0625271712064954,0.25005433650807857,0.06090512574536835,0.24678963865075118
139,-1,train,54,0.06090512574536835,0.24678963865075118,0.06090512574536835,0.24678963865075118
140,0,train,16,0.04879074905924485,0.2208862808307588,0.06483168910042403,0.2546206768909863
140,1,train,16,0.06931906586888542,0.2632851417548765,0.06483168910042403,0.2546206768909863
140,2,train,16,0.052013146229872076,0.22806390821406194,0.06483168910042403,0.2546206768909863
140,3,train,6,0.08920379524369378,0.2986700441016705,0.06483168910042403,0.2546206768909863
140,-1,train,54,0.06483168910042403,0.2546206768909863,0.06483168910042403,0.2546206768909863
141,0,train,16,0.07216815439483458,0.268641311779917,0.0552149242558066,0.2349785612684838
141,1,train,16,0.06161956219726009,0.24823287896098714,0.0552149242558066,0.2349785612684838
141,2,train,16,0.05796091365914871,0.2407507293013849,0.0552149242558066,0.2349785612684838
141,3,train,6,0.029111066771982982,0.17061965529206471,0.0552149242558066,0.2349785612684838
141,-1,train,54,0.0552149242558066,0.2349785612684838,0.0552149242558066,0.2349785612684838
142,0,train,16,0.03333888470267774,0.1825893882531998,0.05802193205148577,0.240877421215617
142,1,train,16,0.06888857142421376,0.2624663243622194,0.05802193205148577,0.240877421215617
142,2,train,16,0.08136070333506808,0.28523797667047784,0.05802193205148577,0.240877421215617
142,3,train,6,0.04849956874398355,0.22022617633692765,0.05802193205148577,0.240877421215617
142,-1,train,54,0.05802193205148577,0.240877421215617,0.05802193205148577,0.240877421215617
143,0,train,16,0.07880628341326247,0.2807245685957367,0.056754774513423915,0.2382326058989909
143,1,train,16,0.0546798381071447,0.23383720428354574,0.056754774513423915,0.2382326058989909
143,2,train,16,0.05177836529992952,0.22754859986369838,0.056754774513423915,0.2382326058989909
143,3,train,6,0.04175461123335896,0.20433945099603004,0.056754774513423915,0.2382326058989909
143,-1,train,54,0.056754774513423915,0.2382326058989909,0.056754774513423915,0.2382326058989909
144,0,train,16,0.06626836030394119,0.25742641726120724,0.062056971547572545,0.24911236731156594
144,1,train,16,0.0649015066731185,0.25475774114463823,0.062056971547572545,0.24911236731156594
144,2,train,16,0.040091789198782514,0.20022934150314362,0.062056971547572545,0.24911236731156594
144,3,train,6,0.07696623001444801,0.2774278825468846,0.062056971547572545,0.24911236731156594
144,-1,train,54,0.062056971547572545,0.24911236731156594,0.062056971547572545,0.24911236731156594
145,0,train,16,0.08577356117972562,0.2928712365182447,0.06333039771263846,0.2516553152878724
145,1,train,16,0.05799625488101234,0.24082411607023982,0.06333039771263846,0.2516553152878724
145,2,train,16,0.02323022686129354,0.15241465435217685,0.06333039771263846,0.2516553152878724
145,3,train,6,0.08632154792852235,0.2938052891432051,0.06333039771263846,0.2516553152878724
145,-1,train,54,0.06333039771263846,0.2516553152878724,0.06333039771263846,0.2516553152878724
146,0,train,16,0.095126962694335,0.30842659206743994,0.05629593882143772,0.23726765228626873
146,1,train,16,0.03698599365423465,0.1923174294083473,0.05629593882143772,0.23726765228626873
146,2,train,16,0.050618782691096854,0.22498618333377018,0.05629593882143772,0.23726765228626873
146,3,train,6,0.042452016246084384,0.20603887071638785,0.05629593882143772,0.23726765228626873
146,-1,train,54,0.05629593882143772,0.23726765228626873,0.05629593882143772,0.23726765228626873
147,0,train,16,0.060361302705119656,0.24568537340492952,0.06650246342493965,0.2578807154964086
147,1,train,16,0.050096299460944745,0.22382202630872758,0.06650246342493965,0.2578807154964086
147,2,train,16,0.04662584029802596,0.2159301745889767,0.06650246342493965,0.2578807154964086
147,3,train,6,0.10892641123566825,0.3300400145977276,0.06650246342493965,0.2578807154964086
147,-1,train,54,0.06650246342493965,0.2578807154964086,0.06650246342493965,0.2578807154964086
148,0,train,16,0.04251086289672746,0.20618162599205453,0.06091128897694256,0.24680212514673078
148,1,train,16,0.05973749008337275,0.24441254076534769,0.06091128897694256,0.24680212514673078
148,2,train,16,0.067205153458323,0.2592395676942912,0.06091128897694256,0.24680212514673078
148,3,train,6,0.07419164946934703,0.2723814411250279,0.06091128897694256,0.24680212514673078
148,-1,train,54,0.06091128897694256,0.24680212514673078,0.06091128897694256,0.24680212514673078
149,0,train,16,0.061383764489445096,0.2477574711072203,0.053507668988412874,0.23131724749445917
149,1,train,16,0.0876594445985775,0.2960733770513274,0.053507668988412874,0.23131724749445917
149,2,train,16,0.03715967983340574,0.1927684617187307,0.053507668988412874,0.23131724749445917
149,3,train,6,0.027827787032223147,0.16681662696572888,0.053507668988412874,0.23131724749445917
149,-1,train,54,0.053507668988412874,0.23131724749445917,0.053507668988412874,0.23131724749445917
150,0,train,16,0.05578326379706344,0.2361848085653763,0.07231312339247443,0.2689109952985828
150,1,train,16,0.05901547376869867,0.2429310061904381,0.07231312339247443,0.2689109952985828
150,2,train,16,0.025328944681802124,0.15915069802486612,0.07231312339247443,0.2689109952985828
150,3,train,6,0.1491248113223335,0.38616681799752484,0.07231312339247443,0.2689109952985828
150,-1,train,54,0.07231312339247443,0.2689109952985828,0.07231312339247443,0.2689109952985828
151,0,train,16,0.03855583630674505,0.19635640123699824,0.05807299404084316,0.24098338955380963
151,1,train,16,0.09412935369729018,0.30680507443210614,0.05807299404084316,0.24098338955380963
151,2,train,16,0.04059204848915888,0.2014746844870563,0.05807299404084316,0.24098338955380963
151,3,train,6,0.05901473767017854,0.24292949114954845,0.05807299404084316,0.24098338955380963
151,-1,train,54,0.05807299404084316,0.24098338955380963,0.05807299404084316,0.24098338955380963
152,0,train,16,0.055138323296571035,0.23481550906311754,0.06206349471206286,0.2491254597829432
152,1,train,16,0.063947810355858,0.25287904293526975,0.06206349471206286,0.2491254597829432
152,2,train,16,0.04374305556172053,0.20914840559210707,0.06206349471206286,0.2491254597829432
152,3,train,6,0.08542478963410186,0.2922751950373173,0.06206349471206286,0.2491254597829432
152,-1,train,54,0.06206349471206286,0.2491254597829432,0.06206349471206286,0.2491254597829432
153,0,train,16,0.046449279624265705,0.2155209493860532,0.052069788928182564,0.22818805605943218
153,1,train,16,0.08290738676899136,0.28793642834659067,0.052069788928182564,0.22818805605943218
153,2,train,16,0.056616902531833845,0.23794306573597357,0.052069788928182564,0.22818805605943218
153,3,train,6,0.02230558678763936,0.1493505500078234,0.052069788928182564,0.22818805605943218
153,-1,train,54,0.052069788928182564,0.22818805605943218,0.052069788928182564,0.22818805605943218
154,0,train,16,0.045368511172952715,0.21299885251557746,0.06883312913810812,0.2623606851990368
154,1,train,16,0.050394135406740086,0.22448638133913623,0.06883312913810812,0.2623606851990368
154,2,train,16,0.04914936406023035,0.22169655852139508,0.06883312913810812,0.2623606851990368
154,3,train,6,0.1304205059125093,0.361137793525559,0.06883312913810812,0.2623606851990368
154,-1,train,54,0.06883312913810812,0.2623606851990368,0.06883312913810812,0.2623606851990368
155,0,train,16,0.04640900072180159,0.21542748367328063,0.060488738100571954,0.24594458339343836
155,1,train,16,0.027156308003883717,0.16479171096837278,0.060488738100571954,0.24594458339343836
155,2,train,16,0.09054930313994776,0.30091411256361467,0.060488738100571954,0.24594458339343836
155,3,train,6,0.07784034053665473,0.27899881816354477,0.060488738100571954,0.24594458339343836
155,-1,train,54,0.060488738100571954,0.24594458339343836,0.060488738100571954,0.24594458339343836
156,0,train,16,0.029844604374672123,0.17275590981113242,0.05331509494947177,0.23090061704004122
156,1,train,16,0.07666169573024506,0.27687848549543365,0.05331509494947177,0.23090061704004122
156,2,train,16,0.07406924992816308,0.2721566643096639,0.05331509494947177,0.23090061704004122
156,3,train,6,0.032684829764806814,0.18078946253807718,0.05331509494947177,0.23090061704004122
156,-1,train,54,0.05331509494947177,0.23090061704004122,0.05331509494947177,0.23090061704004122
157,0,train,16,0.04486237931519193,0.21180741090715388,0.05421935794444274,0.23285050557051137
157,1,train,16,0.0737623657073886,0.2715922784384501,0.05421935794444274,0.23285050557051137
157,2,train,16,0.059058637227443624,0.24301982887707665,0.05421935794444274,0.23285050557051137
157,3,train,6,0.03919404952774683,0.19797487095019617,0.05421935794444274,0.23285050557051137
157,-1,train,54,0.05421935794444274,0.23285050557051137,0.05421935794444274,0.23285050557051137
158,0,train,16,0.052342752596373644,0.22878538545189822,0.05602097428593207,0.2366875034426872
158,1,train,16,0.09776561258662804,0.31267493117713807,0.05602097428593207,0.2366875034426872
158,2,train,16,0.022519337568636087,0.1500644447183812,0.05602097428593207,0.2366875034426872
158,3,train,6,0.051456194392090496,0.22683957853974798,0.05602097428593207,0.2366875034426872
158,-1,train,54,0.05602097428593207,0.2366875034426872,0.05602097428593207,0.2366875034426872
159,0,train,16,0.07789140130944736,0.27909031031092313,0.05230637267542815,0.22870586497820328
159,1,train,16,0.07799013872088435,0.2792671457957136,0.05230637267542815,0.22870586497820328
159,2,train,16,0.024943604235933368,0.15793544325430364,0.05230637267542815,0.22870586497820328
159,3,train,6,0.028400346435447494,0.1685240233184797,0.05230637267542815,0.22870586497820328
159,-1,train,54,0.05230637267542815,0.22870586497820328,0.05230637267542815,0.22870586497820328
160,0,train,16,0.0724403824583955,0.2691475105929748,0.05583395573847586,0.23629209834117573
160,1,train,16,0.034078124372264554,0.1846026120407416,0.05583395573847586,0.23629209834117573
160,2,train,16,0.0651787007102728,0.25530119606118734,0.05583395573847586,0.23629209834117573
160,3,train,6,0.05163861541297057,0.2272413153741427,0.05583395573847586,0.23629209834117573
160,-1,train,54,0.05583395573847586,0.23629209834117573,0.05583395573847586,0.23629209834117573
161,0,train,16,0.049025081840818586,0.22141608306719407,0.05911083574668805,0.24312720075443647
161,1,train,16,0.05304264230557928,0.23030988321298607,0.05911083574668805,0.24312720075443647
161,2,train,16,0.06105886551518589,0.24710092172063197,0.05911083574668805,0.24312720075443647
161,3,train,6,0.07331675332516846,0.27077066555513074,0.05911083574668805,0.24312720075443647
161,-1,train,54,0.05911083574668805,0.24312720075443647,0.05911083574668805,0.24312720075443647
162,0,train,16,0.056578205654135356,0.23786173642293826,0.05348613776668511,0.2312707023526437
162,1,train,16,0.05967889144512278,0.24429263485648267,0.05348613776668511,0.2312707023526437
162,2,train,16,0.05969576250783176,0.2443271628530724,0.05348613776668511,0.2312707023526437
162,3,train,6,0.037991691459650534,0.1949145747748242,0.05348613776668511,0.2312707023526437
162,-1,train,54,0.05348613776668511,0.2312707023526437,0.05348613776668511,0.2312707023526437
163,0,train,16,0.059006650374727104,0.24291284522381087,0.05838410890220465,0.24162803831965496
163,1,train,16,0.0647207432468911,0.25440271863109304,0.05838410890220465,0.24162803831965496
163,2,train,16,0.03986645961786337,0.19966586993741162,0.05838410890220465,0.24162803831965496
163,3,train,6,0.069942582369337,0.2644665997235511,0.05838410890220465,0.24162803831965496
163,-1,train,54,0.05838410890220465,0.24162803831965496,0.05838410890220465,0.24162803831965496
164,0,train,16,0.03777885427120351,0.19436783239827396,0.0645490265439287,0.2540650045636524
164,1,train,16,0.06299085589357564,0.2509797918031961,0.0645490265439287,0.2540650045636524
164,2,train,16,0.04736824365277991,0.21764246748458793,0.0645490265439287,0.2540650045636524
164,3,train,6,0.11005815235815573,0.33175013543050097,0.0645490265439287,0.2540650045636524
164,-1,train,54,0.0645490265439287,0.2540650045636524,0.0645490265439287,0.2540650045636524
165,0,train,16,0.05622974549029192,0.2371281204123457,0.05651353593962004,0.237725757837934
165,1,train,16,0.04508481516194663,0.2123318515012447,0.05651353593962004,0.237725757837934
165,2,train,16,0.06551968225963237,0.2559681274292414,0.05651353593962004,0.237725757837934
165,3,train,6,0.05921990084660922,0.2433513937634408,0.05651353593962004,0.237725757837934
165,-1,train,54,0.05651353593962004,0.237725757837934,0.05651353593962004,0.237725757837934
166,0,train,16,0.026601313686019114,0.16309909161616784,0.05773042100455889,0.24027155679472112
166,1,train,16,0.0750972730729373,0.2740388167266406,0.05773042100455889,0.24027155679472112
166,2,train,16,0.061645876998344194,0.24828587756524573,0.05773042100455889,0.24027155679472112
166,3,train,6,0.06757722026093496,0.2599561891183492,0.05773042100455889,0.24027155679472112
166,-1,train,54,0.05773042100455889,0.24027155679472112,0.05773042100455889,0.24027155679472112
167,0,train,16,0.04004495152472453,0.2001123472570459,0.05741596990705378,0.23961629724844213
167,1,train,16,0.05581051690840221,0.23624249598326338,0.05741596990705378,0.23961629724844213
167,2,train,16,0.06765985077919019,0.26011507218765734,0.05741596990705378,0.23961629724844213
167,3,train,6,0.06614856041589819,0.257193624368681,0.05741596990705378,0.23961629724844213
167,-1,train,54,0.05741596990705378,0.23961629724844213,0.05741596990705378,0.23961629724844213
168,0,train,16,0.06956703881891127,0.26375564225038156,0.05509848017174561,0.2347306545207626
168,1,train,16,0.06103948486530177,0.24706170254675608,0.05509848017174561,0.2347306545207626
168,2,train,16,0.03795745246914671,0.19482672421705066,0.05509848017174561,0.2347306545207626
168,3,train,6,0.05182994453362266,0.22766190839405406,0.05509848017174561,0.2347306545207626
168,-1,train,54,0.05509848017174561,0.2347306545207626,0.05509848017174561,0.2347306545207626
169,0,train,16,0.06295941207095503,0.25091714184358754,0.06541964049252641,0.2557726343699154
169,1,train,16,0.04245956847989726,0.20605719710773818,0.06541964049252641,0.2557726343699154
169,2,train,16,0.03783156603602845,0.19450338309661466,0.06541964049252641,0.2557726343699154
169,3,train,6,0.11842801538322495,0.344133717300739,0.06541964049252641,0.2557726343699154
169,-1,train,54,0.06541964049252641,0.2557726343699154,0.06541964049252641,0.2557726343699154
170,0,train,16,0.07405595751170996,0.27213224269040587,0.053503396422460305,0.23130801201527867
170,1,train,16,0.026588135747293237,0.16305868804603219,0.053503396422460305,0.23130801201527867
170,2,train,16,0.07070788441687158,0.26590954179357984,0.053503396422460305,0.23130801201527867
170,3,train,6,0.04266160801396643,0.20654686638621858,0.053503396422460305,0.23130801201527867
170,-1,train,54,0.053503396422460305,0.23130801201527867,0.053503396422460305,0.23130801201527867
171,0,train,16,0.08033520408288068,0.28343465575486826,0.051829702439634695,0.22766137669713477
171,1,train,16,0.06216262974347231,0.24932434647156365,0.051829702439634695,0.22766137669713477
171,2,train,16,0.03235611023545668,0.1798780426718522,0.051829702439634695,0.22766137669713477
171,3,train,6,0.03246486569672909,0.18018009239849192,0.051829702439634695,0.22766137669713477
171,-1,train,54,0.051829702439634695,0.22766137669713477,0.051829702439634695,0.22766137669713477
172,0,train,16,0.04272760449099059,0.20670656615354674,0.05830113285586649,0.2414562752464025
172,1,train,16,0.05584104118452562,0.2363070908469012,0.05830113285586649,0.2414562752464025
172,2,train,16,0.06022793954562657,0.24541381286640443,0.05830113285586649,0.2414562752464025
172,3,train,6,0.07440794620232316,0.27277819964638517,0.05830113285586649,0.2414562752464025
172,-1,train,54,0.05830113285586649,0.2414562752464025,0.05830113285586649,0.2414562752464025
173,0,train,16,0.06395826798747917,0.2528997192317128,0.05492951455028651,0.23437046433005698
173,1,train,16,0.057707933788986636,0.24022475681949734,0.05492951455028651,0.23437046433005698
173,2,train,16,0.044739786116144216,0.2115178151271051,0.05492951455028651,0.23437046433005698
173,3,train,6,0.05331207030853602,0.23089406728743816,0.05492951455028651,0.23437046433005698
173,-1,train,54,0.05492951455028651,0.23437046433005698,0.05492951455028651,0.23437046433005698
174,0,train,16,0.06155189686168482,0.2480965474602273,0.05013669596027914,0.22391225058106834
174,1,train,16,0.044756684246450816,0.21155775628998058,0.05013669596027914,0.22391225058106834
174,2,train,16,0.07112174390814734,0.2666866024159207,0.05013669596027914,0.22391225058106834
174,3,train,6,0.023116458824833583,0.1520409774529011,0.05013669596027914,0.22391225058106834
174,-1,train,54,0.05013669596027914,0.22391225058106834,0.05013669596027914,0.22391225058106834
175,0,train,16,0.03045641092163712,0.17451765217775858,0.06143851612630719,0.2478679409006078
175,1,train,16,0.05510180191958227,0.2347377300724838,0.06143851612630719,0.2478679409006078
175,2,train,16,0.06427594405566553,0.2535270085329481,0.06143851612630719,0.2478679409006078
175,3,train,6,0.09591990760834385,0.3097093921861974,0.06143851612630719,0.2478679409006078
175,-1,train,54,0.06143851612630719,0.2478679409006078,0.06143851612630719,0.2478679409006078
176,0,train,16,0.06672361396422224,0.2583091441746154,0.059404117857676325,0.24372959988002343
176,1,train,16,0.04012967044479799,0.2003239138116016,0.059404117857676325,0.24372959988002343
176,2,train,16,0.04738907378066939,0.21769031623080845,0.059404117857676325,0.24372959988002343
176,3,train,6,0.08337411324101568,0.28874575882775433,0.059404117857676325,0.24372959988002343
176,-1,train,54,0.059404117857676325,0.24372959988002343,0.059404117857676325,0.24372959988002343
177,0,train,16,0.04762341270044023,0.21822789166474627,0.061809555310243555,0.24861527569770034
177,1,train,16,0.05899336933479982,0.24288550663800387,0.061809555310243555,0.24861527569770034
177,2,train,16,0.04139667030455786,0.203461717049075,0.061809555310243555,0.24861527569770034
177,3,train,6,0.09922476890117632,0.3149996331762568,0.061809555310243555,0.24861527569770034
177,-1,train,54,0.061809555310243555,0.24861527569770034,0.061809555310243555,0.24861527569770034
178,0,train,16,0.08304918626377171,0.28818255718167907,0.05079948144825544,0.22538740303809227
178,1,train,16,0.0445323517177828,0.21102689809070027,0.05079948144825544,0.22538740303809227
178,2,train,16,0.046458272846528315,0.21554181229294772,0.05079948144825544,0.22538740303809227
178,3,train,6,0.02915811496493892,0.17075747411149803,0.05079948144825544,0.22538740303809227
178,-1,train,54,0.05079948144825544,0.22538740303809227,0.05079948144825544,0.22538740303809227
179,0,train,16,0.04736510078465547,0.21763524711005677,0.049931920816319926,0.22345451621374746
179,1,train,16,0.036854670740538255,0.19197570351619564,0.049931920816319926,0.22345451621374746
179,2,train,16,0.09139723085822911,0.30231974936849415,0.049931920816319926,0.22345451621374746
179,3,train,6,0.02411068088185688,0.15527614395604009,0.049931920816319926,0.22345451621374746
179,-1,train,54,0.049931920816319926,0.22345451621374746,0.049931920816319926,0.22345451621374746
180,0,train,16,0.04525709610576467,0.2127371526221141,0.058228585699039374,0.24130600013062123
180,1,train,16,0.05998342104661117,0.24491513029335524,0.058228585699039374,0.24130600013062123
180,2,train,16,0.05009300586883237,0.22381466857387244,0.058228585699039374,0.24130600013062123
180,3,train,6,0.0775808197749493,0.2785333369184904,0.058228585699039374,0.24130600013062123
180,-1,train,54,0.058228585699039374,0.24130600013062123,0.058228585699039374,0.24130600013062123
181,0,train,16,0.03795426285947264,0.1948185382849195,0.04863063459510865,0.22052354657747697
181,1,train,16,0.058010641588834726,0.24085398395881835,0.04863063459510865,0.22052354657747697
181,2,train,16,0.0819044838607899,0.2861895942566569,0.04863063459510865,0.22052354657747697
181,3,train,6,0.016653150071337317,0.12904708470685153,0.04863063459510865,0.22052354657747697
181,-1,train,54,0.04863063459510865,0.22052354657747697,0.04863063459510865,0.22052354657747697
182,0,train,16,0.040274032261193235,0.20068391131626181,0.05482792173422663,0.23415362848827825
182,1,train,16,0.08466436307441562,0.2909714128130384,0.05482792173422663,0.23415362848827825
182,2,train,16,0.037642976901770264,0.1940179808723157,0.05482792173422663,0.23415362848827825
182,3,train,6,0.05673031469952742,0.23818126437553275,0.05482792173422663,0.23415362848827825
182,-1,train,54,0.05482792173422663,0.23415362848827825,0.05482792173422663,0.23415362848827825
183,0,train,16,0.06570834254799934,0.25633638553275917,0.04925856592800837,0.22194270866151103
183,1,train,16,0.06715588761027515,0.2591445303499095,0.04925856592800837,0.22194270866151103
183,2,train,16,0.0426453937311983,0.20650761179965813,0.04925856592800837,0.22194270866151103
183,3,train,6,0.021524639822560712,0.14671278002464785,0.04925856592800837,0.22194270866151103
183,-1,train,54,0.04925856592800837,0.22194270866151103,0.04925856592800837,0.22194270866151103
184,0,train,16,0.061960476142960415,0.24891861349236302,0.05539272352617474,0.23535658802373632
184,1,train,16,0.051625737562203254,0.22721297841937474,0.05539272352617474,0.23535658802373632
184,2,train,16,0.046737102016206816,0.2161876546341322,0.05539272352617474,0.23535658802373632
184,3,train,6,0.06124757838332847,0.24748248096244807,0.05539272352617474,0.23535658802373632
184,-1,train,54,0.05539272352617474,0.23535658802373632,0.05539272352617474,0.23535658802373632
185,0,train,16,0.06268918933057648,0.25037809275289336,0.04867591334621997,0.2206261846341453
185,1,train,16,0.06882011176418042,0.2623358758618051,0.04867591334621997,0.2206261846341453
185,2,train,16,0.04451059030901991,0.21097533104375002,0.04867591334621997,0.2206261846341453
185,3,train,6,0.018683761981103095,0.13668855834012988,0.04867591334621997,0.2206261846341453
185,-1,train,54,0.04867591334621997,0.2206261846341453,0.04867591334621997,0.2206261846341453
186,0,train,16,0.03463368628935999,0.18610127965535322,0.0564254024165379,0.2375403174548226
186,1,train,16,0.06125226485358811,0.24749194906822344,0.0564254024165379,0.2375403174548226
186,2,train,16,0.06115974052681463,0.24730495451327827,0.0564254024165379,0.2375403174548226
186,3,train,6,0.06865591799638886,0.26202274328078634,0.0564254024165379,0.2375403174548226
186,-1,train,54,0.0564254024165379,0.2375403174548226,0.0564254024165379,0.2375403174548226
187,0,train,16,0.05275911961528009,0.22969353411726698,0.05194212344148499,0.22790814693969363
187,1,train,16,0.07060531064817631,0.2657165983678406,0.05194212344148499,0.22790814693969363
187,2,train,16,0.04398354472453484,0.2097225422422083,0.05194212344148499,0.22790814693969363
187,3,train,6,0.04042051877794872,0.20104854831097071,0.05194212344148499,0.22790814693969363
187,-1,train,54,0.05194212344148499,0.22790814693969363,0.05194212344148499,0.22790814693969363
188,0,train,16,0.04740549728461777,0.21772803513699784,0.06288277978965415,0.2507643909921306
188,1,train,16,0.046483332135664496,0.2155999353795462,0.06288277978965415,0.2507643909921306
188,2,train,16,0.04680319206298297,0.21634045406022187,0.06288277978965415,0.2507643909921306
188,3,train,6,0.11083909767535138,0.3329250631528834,0.06288277978965415,0.2507643909921306
188,-1,train,54,0.06288277978965415,0.2507643909921306,0.06288277978965415,0.2507643909921306
189,0,train,16,0.06226338418157653,0.24952631961694247,0.05280036430571043,0.2297832985787053
189,1,train,16,0.05971733834785042,0.24437131244859822,0.05280036430571043,0.2297832985787053
189,2,train,16,0.04245952091749209,0.2060570816970193,0.05280036430571043,0.2297832985787053
189,3,train,6,0.04676121377592267,0.21624341325442187,0.05280036430571043,0.2297832985787053
189,-1,train,54,0.05280036430571043,0.2297832985787053,0.05280036430571043,0.2297832985787053
190,0,train,16,0.09270047261092539,0.3044675230807473,0.056610727257849505,0.2379300890132425
190,1,train,16,0.029995719131759618,0.1731927225138505,0.056610727257849505,0.2379300890132425
190,2,train,16,0.03219622866175253,0.17943307571836506,0.056610727257849505,0.2379300890132425
190,3,train,6,0.07155048862696047,0.2674892308616563,0.056610727257849505,0.2379300890132425
190,-1,train,54,0.056610727257849505,0.2379300890132425,0.056610727257849505,0.2379300890132425
191,0,train,16,0.04104160364127945,0.20258727413457997,0.05023520046548594,0.22413210494145175
191,1,train,16,0.07599454359075937,0.2756710786258859,0.05023520046548594,0.22413210494145175
191,2,train,16,0.05274707091588213,0.22966730484742953,0.05023520046548594,0.22413210494145175
191,3,train,6,0.031157583714022836,0.17651510902475978,0.05023520046548594,0.22413210494145175
191,-1,train,54,0.05023520046548594,0.22413210494145175,0.05023520046548594,0.22413210494145175
192,0,train,16,0.06525801228250179,0.2554564782551067,0.05485315062992996,0.23420749482014866
192,1,train,16,0.04184694719994325,0.20456526391336152,0.05485315062992996,0.23420749482014866
192,2,train,16,0.05117535284569227,0.22621970039254377,0.05485315062992996,0.23420749482014866
192,3,train,6,0.06113229019158253,0.24724944932513507,0.05485315062992996,0.23420749482014866
192,-1,train,54,0.05485315062992996,0.23420749482014866,0.05485315062992996,0.23420749482014866
193,0,train,16,0.05296985925068937,0.23015181783051242,0.054108929600742796,0.23261326187632295
193,1,train,16,0.05516353849535504,0.23486919443672266,0.054108929600742796,0.23261326187632295
193,2,train,16,0.05151304066017135,0.22696484454684024,0.054108929600742796,0.23261326187632295
193,3,train,6,0.056789279996755426,0.23830501462779885,0.054108929600742796,0.23261326187632295
193,-1,train,54,0.054108929600742796,0.23261326187632295,0.054108929600742796,0.23261326187632295
194,0,train,16,0.076982596005278,0.2774573769163076,0.054919753493187715,0.23434963941339385
194,1,train,16,0.03306298511415376,0.18183229942492,0.054919753493187715,0.23434963941339385
194,2,train,16,0.047267729005912584,0.21741142795610488,0.054919753493187715,0.23434963941339385
194,3,train,6,0.062365703847406535,0.24973126325593786,0.054919753493187715,0.23434963941339385
194,-1,train,54,0.054919753493187715,0.23434963941339385,0.054919753493187715,0.23434963941339385
195,0,train,16,0.046128319013951306,0.21477504280979973,0.05490517200931632,0.23431852681620444
195,1,train,16,0.043622161558565374,0.20885919074478235,0.05490517200931632,0.23431852681620444
195,2,train,16,0.0672250349936614,0.259277910732213,0.05490517200931632,0.23431852681620444
195,3,train,6,0.0626451724710872,0.25029017653732877,0.05490517200931632,0.23431852681620444
195,-1,train,54,0.05490517200931632,0.23431852681620444,0.05490517200931632,0.23431852681620444
196,0,train,16,0.03360638936073564,0.18332045538001385,0.056213766691102285,0.23709442568542663
196,1,train,16,0.05549847331251331,0.2355811395517759,0.056213766691102285,0.23709442568542663
196,2,train,16,0.06429608161811812,0.253566720249559,0.056213766691102285,0.23709442568542663
196,3,train,6,0.07145412247304207,0.2673090392654952,0.056213766691102285,0.23709442568542663
196,-1,train,54,0.056213766691102285,0.23709442568542663,0.056213766691102285,0.23709442568542663
197,0,train,16,0.07655121621197046,0.27667890453008964,0.05417529585479306,0.23275587179444704
197,1,train,16,0.027013641627763624,0.16435827216104343,0.05417529585479306,0.23275587179444704
197,2,train,16,0.05432047704355638,0.2330675375155373,0.05417529585479306,0.23275587179444704
197,3,train,6,0.058815848535881794,0.24251978998811993,0.05417529585479306,0.23275587179444704
197,-1,train,54,0.05417529585479306,0.23275587179444704,0.05417529585479306,0.23275587179444704
198,0,train,16,0.04880974471353719,0.22092927536552776,0.05118943779559747,0.22625082938101568
198,1,train,16,0.05990542095465639,0.2447558394699836,0.05118943779559747,0.22625082938101568
198,2,train,16,0.055947231043695804,0.23653167027629896,0.05118943779559747,0.22625082938101568
198,3,train,6,0.040095354470500465,0.20023824427541423,0.05118943779559747,0.22625082938101568
198,-1,train,54,0.05118943779559747,0.22625082938101568,0.05118943779559747,0.22625082938101568
199,0,train,16,0.04773661926153602,0.21848711463501921,0.058790924984412976,0.2424683999708271
199,1,train,16,0.0360928086200625,0.18998107437337672,0.058790924984412976,0.2424683999708271
199,2,train,16,0.062219839954817946,0.24943905058113483,0.058790924984412976,0.2424683999708271
199,3,train,6,0.08911443210123544,0.2985204048322919,0.058790924984412976,0.2424683999708271
199,-1,train,54,0.058790924984412976,0.2424683999708271,0.058790924984412976,0.2424683999708271
200,0,train,16,0.027791920655127863,0.16670908989952488,0.060991154862582476,0.24696387359810842
200,1,train,16,0.04765335028192776,0.2182964733611786,0.060991154862582476,0.24696387359810842
200,2,train,16,0.06486729078911359,0.2546905785244393,0.060991154862582476,0.24696387359810842
200,3,train,6,0.1036520577241607,0.32195039637211303,0.060991154862582476,0.24696387359810842
200,-1,train,54,0.060991154862582476,0.24696387359810842,0.060991154862582476,0.24696387359810842
201,0,train,16,0.053864350416019176,0.23208694581130404,0.04802448567784919,0.21914489653617122
201,1,train,16,0.040690706828105015,0.20171937643197546,0.04802448567784919,0.21914489653617122
201,2,train,16,0.07648365950767688,0.2765567925538566,0.04802448567784919,0.21914489653617122
201,3,train,6,0.02105922595959569,0.14511797255886566,0.04802448567784919,0.21914489653617122
201,-1,train,54,0.04802448567784919,0.21914489653617122,0.04802448567784919,0.21914489653617122
202,0,train,16,0.05155821400331414,0.22706433890709068,0.048440312455326116,0.22009160014713447
202,1,train,16,0.064445079465017,0.25386035426000847,0.048440312455326116,0.22009160014713447
202,2,train,16,0.05363609479355941,0.23159467781786222,0.048440312455326116,0.22009160014713447
202,3,train,6,0.024121861559413926,0.15531214234377788,0.048440312455326116,0.22009160014713447
202,-1,train,54,0.048440312455326116,0.22009160014713447,0.048440312455326116,0.22009160014713447
203,0,train,16,0.09066284108346949,0.30110270852894944,0.04783572526726076,0.21871379761519563
203,1,train,16,0.03995917835629925,0.1998979198398504,0.04783572526726076,0.21871379761519563
203,2,train,16,0.04003418124038756,0.20008543485318356,0.04783572526726076,0.21871379761519563
203,3,train,6,0.020686700388886727,0.14382871892944998,0.04783572526726076,0.21871379761519563
203,-1,train,54,0.04783572526726076,0.21871379761519563,0.04783572526726076,0.21871379761519563
204,0,train,16,0.06578814646692166,0.2564920007854468,0.047702659040314385,0.2184093840482006
204,1,train,16,0.05019007348530055,0.2240314118272269,0.047702659040314385,0.2184093840482006
204,2,train,16,0.05458883952784032,0.23364254648466815,0.047702659040314385,0.2184093840482006
204,3,train,6,0.020243576681195013,0.14227992367581244,0.047702659040314385,0.2184093840482006
204,-1,train,54,0.047702659040314385,0.2184093840482006,0.047702659040314385,0.2184093840482006
205,0,train,16,0.06053102190814804,0.24603053043910636,0.05777401217487317,0.24036225197579
205,1,train,16,0.021317477138759543,0.14600505860674673,0.05777401217487317,0.24036225197579
205,2,train,16,0.06429680745030553,0.25356815149049283,0.05777401217487317,0.24036225197579
205,3,train,6,0.08495074220227959,0.29146310607395853,0.05777401217487317,0.24036225197579
205,-1,train,54,0.05777401217487317,0.24036225197579,0.05777401217487317,0.24036225197579
206,0,train,16,0.05239349414588524,0.22889625192624985,0.05662627407579348,0.2379627577495972
206,1,train,16,0.03521686863465326,0.1876615800707573,0.05662627407579348,0.2379627577495972
206,2,train,16,0.06078472555626128,0.2465455851485913,0.05662627407579348,0.2379627577495972
206,3,train,6,0.07811000796637416,0.2794816773356961,0.05662627407579348,0.2379627577495972
206,-1,train,54,0.05662627407579348,0.2379627577495972,0.05662627407579348,0.2379627577495972
207,0,train,16,0.049016992104418615,0.22139781413649642,0.05503083215582488,0.23458651315841855
207,1,train,16,0.03571471229061641,0.18898336511612976,0.05503083215582488,0.23458651315841855
207,2,train,16,0.06710094742451338,0.25903850567920084,0.05503083215582488,0.23458651315841855
207,3,train,6,0.0682906768037511,0.2613248491891866,0.05503083215582488,0.23458651315841855
207,-1,train,54,0.05503083215582488,0.23458651315841855,0.05503083215582488,0.23458651315841855
208,0,train,16,0.059994087837497455,0.24493690582984315,0.054220593705225736,0.23285315910510154
208,1,train,16,0.058984697925105835,0.2428676551645069,0.054220593705225736,0.23285315910510154
208,2,train,16,0.034396756640549385,0.1854636261927103,0.054220593705225736,0.23285315910510154
208,3,train,6,0.06350683241775025,0.2520056198138253,0.054220593705225736,0.23285315910510154
208,-1,train,54,0.054220593705225736,0.23285315910510154,0.054220593705225736,0.23285315910510154
209,0,train,16,0.0897887439768033,0.2996476997689175,0.04814553467652196,0.21942090756471216
209,1,train,16,0.05698326583248178,0.2387116792963465,0.04814553467652196,0.21942090756471216
209,2,train,16,0.02083911510411203,0.1443575945494799,0.04814553467652196,0.21942090756471216
209,3,train,6,0.02497101379269075,0.1580221939877141,0.04814553467652196,0.21942090756471216
209,-1,train,54,0.04814553467652196,0.21942090756471216,0.04814553467652196,0.21942090756471216
210,0,train,16,0.050047733707877816,0.22371350810328333,0.05841100696868247,0.2416836919791703
210,1,train,16,0.045504300416358,0.2133173701702653,0.05841100696868247,0.2416836919791703
210,2,train,16,0.04696302325179264,0.21670953659632203,0.05841100696868247,0.2416836919791703
210,3,train,6,0.09112897049870143,0.30187575341305806,0.05841100696868247,0.2416836919791703
210,-1,train,54,0.05841100696868247,0.2416836919791703,0.05841100696868247,0.2416836919791703
211,0,train,16,0.05137639315428033,0.22666361232954957,0.05423868373343902,0.23289200014907988
211,1,train,16,0.07591993899652699,0.2755357308889847,0.05423868373343902,0.23289200014907988
211,2,train,16,0.024832389607404238,0.15758296103133815,0.05423868373343902,0.23289200014907988
211,3,train,6,0.06482601317554451,0.2546095308026479,0.05423868373343902,0.23289200014907988
211,-1,train,54,0.05423868373343902,0.23289200014907988,0.05423868373343902,0.23289200014907988
212,0,train,16,0.05710592389235378,0.2389684579444613,0.04786985325659212,0.21879180344928856
212,1,train,16,0.060035790584881704,0.24502202061219253,0.04786985325659212,0.21879180344928856
212,2,train,16,0.04987759169856846,0.22333291673770003,0.04786985325659212,0.21879180344928856
212,3,train,6,0.024460106850564545,0.15639727251638547,0.04786985325659212,0.21879180344928856
212,-1,train,54,0.04786985325659212,0.21879180344928856,0.04786985325659212,0.21879180344928856
213,0,train,16,0.046077858312380954,0.21465753728294973,0.05133033780913408,0.22656199550925146
213,1,train,16,0.05791373879321179,0.24065273485504332,0.05133033780913408,0.22656199550925146
213,2,train,16,0.05433049014285026,0.23308901763671805,0.05133033780913408,0.22656199550925146
213,3,train,6,0.04699926398809333,0.2167931363952589,0.05133033780913408,0.22656199550925146
213,-1,train,54,0.05133033780913408,0.22656199550925146,0.05133033780913408,0.22656199550925146
214,0,train,16,0.0572930872670695,0.23935974445814714,0.06135517734163218,0.2476997725909981
214,1,train,16,0.05263631776509956,0.22942606165189594,0.06135517734163218,0.2476997725909981
214,2,train,16,0.02389897540638405,0.1545929345293117,0.06135517734163218,0.2476997725909981
214,3,train,6,0.1115923289279756,0.33405438019576333,0.06135517734163218,0.2476997725909981
214,-1,train,54,0.06135517734163218,0.2476997725909981,0.06135517734163218,0.2476997725909981
215,0,train,16,0.03828191325795626,0.19565764298374919,0.054976739186944824,0.23447119052656518
215,1,train,16,0.05868666059100248,0.2422532984109865,0.054976739186944824,0.23447119052656518
215,2,train,16,0.0517442670253693,0.22747366226745747,0.054976739186944824,0.23447119052656518
215,3,train,6,0.07119411587345126,0.26682225520644126,0.054976739186944824,0.23447119052656518
215,-1,train,54,0.054976739186944824,0.23447119052656518,0.054976739186944824,0.23447119052656518
216,0,train,16,0.048359893004301296,0.21990882884573165,0.05517671531126084,0.23489724415424895
216,1,train,16,0.039386925193266455,0.19846139471762878,0.05517671531126084,0.23489724415424895
216,2,train,16,0.06008507888533412,0.2451225793054041,0.05517671531126084,0.23489724415424895
216,3,train,6,0.07287496416214147,0.2699536333560663,0.05517671531126084,0.23489724415424895
216,-1,train,54,0.05517671531126084,0.23489724415424895,0.05517671531126084,0.23489724415424895
217,0,train,16,0.04500949587517212,0.2121544151677549,0.045905737256073005,0.2142562420469308
217,1,train,16,0.03666313330795801,0.1914761951469634,0.045905737256073005,0.2142562420469308
217,2,train,16,0.08799099491833344,0.2966327610334594,0.045905737256073005,0.2142562420469308
217,3,train,6,0.01395932492282846,0.11814958706160787,0.045905737256073005,0.2142562420469308
217,-1,train,54,0.045905737256073005,0.2142562420469308,0.045905737256073005,0.2142562420469308
218,0,train,16,0.039646036947256894,0.1991131260044322,0.05311652677378219,0.230470229690913
218,1,train,16,0.075428714736535,0.27464288582909807,0.05311652677378219,0.230470229690913
218,2,train,16,0.03686759902038458,0.19200937222017206,0.05311652677378219,0.230470229690913
218,3,train,6,0.060523756390952296,0.2460157645171388,0.05311652677378219,0.230470229690913
218,-1,train,54,0.05311652677378219,0.230470229690913,0.05311652677378219,0.230470229690913
219,0,train,16,0.03666674259250629,0.1914856198060478,0.05687878682077827,0.2384927395556902
219,1,train,16,0.059256304089682604,0.24342617790550508,0.05687878682077827,0.2384927395556902
219,2,train,16,0.04657179756276969,0.2158049989290556,0.05687878682077827,0.2384927395556902
219,3,train,6,0.0850203030381545,0.2915824120864537,0.05687878682077827,0.2384927395556902
219,-1,train,54,0.05687878682077827,0.2384927395556902,0.05687878682077827,0.2384927395556902
220,0,train,16,0.05405078631672564,0.23248824984657965,0.05021174237130809,0.22407976787587963
220,1,train,16,0.044205012780744624,0.2102498817615473,0.05021174237130809,0.22407976787587963
220,2,train,16,0.05986162086576422,0.2446663460015787,0.05021174237130809,0.22407976787587963
220,3,train,6,0.042729549521997895,0.20671127091186367,0.05021174237130809,0.22407976787587963
220,-1,train,54,0.05021174237130809,0.22407976787587963,0.05021174237130809,0.22407976787587963
221,0,train,16,0.06975836024888993,0.2641180801249508,0.06004687294159368,0.2450446345905041
221,1,train,16,0.029232130828808673,0.17097406478413232,0.06004687294159368,0.2450446345905041
221,2,train,16,0.03510977008433902,0.1873760125638792,0.06004687294159368,0.2450446345905041
221,3,train,6,0.10608723060433711,0.3257103477084158,0.06004687294159368,0.2450446345905041
221,-1,train,54,0.06004687294159368,0.2450446345905041,0.06004687294159368,0.2450446345905041
222,0,train,16,0.07066387517503511,0.2658267766328951,0.054209817426707496,0.23283001831101482
222,1,train,16,0.054231491980063225,0.2328765595332927,0.054209817426707496,0.23283001831101482
222,2,train,16,0.02283471460810078,0.15111159653746228,0.054209817426707496,0.23283001831101482
222,3,train,6,0.06910918794363087,0.2628862642734133,0.054209817426707496,0.23283001831101482
222,-1,train,54,0.054209817426707496,0.23283001831101482,0.054209817426707496,0.23283001831101482
223,0,train,16,0.07533922658949667,0.2744799201936212,0.0452456650237475,0.2127102842453733
223,1,train,16,0.042051728833151246,0.20506518191334006,0.0452456650237475,0.2127102842453733
223,2,train,16,0.051457527810075974,0.2268425176418124,0.0452456650237475,0.2127102842453733
223,3,train,6,0.01213417686226612,0.11015523983118605,0.0452456650237475,0.2127102842453733
223,-1,train,54,0.0452456650237475,0.2127102842453733,0.0452456650237475,0.2127102842453733
224,0,train,16,0.045911510087757006,0.21426971341689194,0.04605743215371575,0.21460995352899118
224,1,train,16,0.06316640435950781,0.2513292747761546,0.04605743215371575,0.21460995352899118
224,2,train,16,0.057343703430719144,0.23946545352246354,0.04605743215371575,0.21460995352899118
224,3,train,6,0.01780811073687904,0.1334470334510252,0.04605743215371575,0.21460995352899118
224,-1,train,54,0.04605743215371575,0.21460995352899118,0.04605743215371575,0.21460995352899118
225,0,train,16,0.06999703641563237,0.2645695303991606,0.04860056796157127,0.22045536500972543
225,1,train,16,0.04142468835089122,0.20353055876425835,0.04860056796157127,0.22045536500972543
225,2,train,16,0.04848873526862904,0.22020157871511511,0.04860056796157127,0.22045536500972543
225,3,train,6,0.03449181181113244,0.18571971303857984,0.04860056796157127,0.22045536500972543
225,-1,train,54,0.04860056796157127,0.22045536500972543,0.04860056796157127,0.22045536500972543
226,0,train,16,0.08648623122692307,0.2940854148490249,0.0471680928680477,0.2171821651702729
226,1,train,16,0.035586646939503565,0.18864423378281023,0.0471680928680477,0.2171821651702729
226,2,train,16,0.04089718009892763,0.2022305122846887,0.0471680928680477,0.2171821651702729
226,3,train,6,0.025702313206836535,0.1603194099503754,0.0471680928680477,0.2171821651702729
226,-1,train,54,0.0471680928680477,0.2171821651702729,0.0471680928680477,0.2171821651702729
227,0,train,16,0.06911774439823,0.2629025378314747,0.056433574499847206,0.2375575182978792
227,1,train,16,0.03745442465344275,0.19353145649594733,0.056433574499847206,0.2375575182978792
227,2,train,16,0.03373990746823069,0.183684260262633,0.056433574499847206,0.2375575182978792
227,3,train,6,0.08542222147948539,0.2922708016198084,0.056433574499847206,0.2375575182978792
227,-1,train,54,0.056433574499847206,0.2375575182978792,0.056433574499847206,0.2375575182978792
228,0,train,16,0.029101753187460055,0.17059235969837586,0.05241906926840376,0.2289521112992928
228,1,train,16,0.05027456181417575,0.2242198961157902,0.05241906926840376,0.2289521112992928
228,2,train,16,0.0701036755476717,0.26477098698247076,0.05241906926840376,0.2289521112992928
228,3,train,6,0.060196286524307564,0.24534931531248985,0.05241906926840376,0.2289521112992928
228,-1,train,54,0.05241906926840376,0.2289521112992928,0.05241906926840376,0.2289521112992928
229,0,train,16,0.022394239761349893,0.14964705062696657,0.05826933861543374,0.2413904277626471
229,1,train,16,0.07072166184549201,0.2659354467638566,0.05826933861543374,0.2413904277626471
229,2,train,16,0.041960684826643536,0.2048430736604085,0.05826933861543374,0.2413904277626471
229,3,train,6,0.09800076802824953,0.3130507435356919,0.05826933861543374,0.2413904277626471
229,-1,train,54,0.05826933861543374,0.2413904277626471,0.05826933861543374,0.2413904277626471
230,0,train,16,0.0743599023324627,0.27269012144275173,0.045770746890989596,0.21394098927271885
230,1,train,16,0.052284121644375015,0.22865721428455962,0.045770746890989596,0.21394098927271885
230,2,train,16,0.038050608876984575,0.19506565273513576,0.045770746890989596,0.21394098927271885
230,3,train,6,0.018388354710136084,0.1356036677606328,0.045770746890989596,0.21394098927271885
230,-1,train,54,0.045770746890989596,0.21394098927271885,0.045770746890989596,0.21394098927271885
231,0,train,16,0.08965968504462524,0.2994322712144188,0.05089087456613861,0.22559005865981463
231,1,train,16,0.02997837683771064,0.1731426488122168,0.05089087456613861,0.22559005865981463
231,2,train,16,0.032324070507046616,0.1797889610266621,0.05089087456613861,0.22559005865981463
231,3,train,6,0.05160136587517195,0.22715934027719828,0.05089087456613861,0.22559005865981463
231,-1,train,54,0.05089087456613861,0.22559005865981463,0.05089087456613861,0.22559005865981463
232,0,train,16,0.09233345342621867,0.30386420227828526,0.0480148145329172,0.21912282978484282
232,1,train,16,0.0436780813962121,0.20899301757765043,0.0480148145329172,0.21912282978484282
232,2,train,16,0.022390995249658097,0.14963620968755556,0.0480148145329172,0.21912282978484282
232,3,train,6,0.033656728059579935,0.18345770100919703,0.0480148145329172,0.21912282978484282
232,-1,train,54,0.0480148145329172,0.21912282978484282,0.0480148145329172,0.21912282978484282
233,0,train,16,0.04653802692586528,0.2157267413323283,0.04996040221541735,0.22351823687434846
233,1,train,16,0.05872091262849233,0.24232398277614275,0.04996040221541735,0.22351823687434846
233,2,train,16,0.04796984292189919,0.21902018838887705,0.04996040221541735,0.22351823687434846
233,3,train,6,0.04661282638541262,0.2159000379467605,0.04996040221541735,0.22351823687434846
233,-1,train,54,0.04996040221541735,0.22351823687434846,0.04996040221541735,0.22351823687434846
234,0,train,16,0.08381705739666838,0.28951175692304515,0.04625814001607235,0.21507705599638552
234,1,train,16,0.047849153182315966,0.21874449291882977,0.04625814001607235,0.21507705599638552
234,2,train,16,0.0300162317033198,0.17325193131194758,0.04625814001607235,0.21507705599638552
234,3,train,6,0.023350117781985247,0.1528074532933039,0.04625814001607235,0.21507705599638552
234,-1,train,54,0.04625814001607235,0.21507705599638552,0.04625814001607235,0.21507705599638552
235,0,train,16,0.028310315004214784,0.16825669378724517,0.05214519750275635,0.22835322967445928
235,1,train,16,0.03483641553877908,0.18664515943034546,0.05214519750275635,0.22835322967445928
235,2,train,16,0.08395187096106248,0.28974449254655815,0.05214519750275635,0.22835322967445928
235,3,train,6,0.061482188506969036,0.24795602131621858,0.05214519750275635,0.22835322967445928
235,-1,train,54,0.05214519750275635,0.22835322967445928,0.05214519750275635,0.22835322967445928
236,0,train,16,0.05163190824668428,0.22722655708936024,0.04844619852746605,0.22010497161006168
236,1,train,16,0.047609566768002175,0.21819616579583193,0.04844619852746605,0.22010497161006168
236,2,train,16,0.05628003368798292,0.23723413263690138,0.04844619852746605,0.22010497161006168
236,3,train,6,0.03826328540719483,0.19561003401460475,0.04844619852746605,0.22010497161006168
236,-1,train,54,0.04844619852746605,0.22010497161006168,0.04844619852746605,0.22010497161006168
237,0,train,16,0.054968852446276334,0.23445437177898035,0.044818164487983966,0.21170301010610115
237,1,train,16,0.06093347032319351,0.24684705856702752,0.044818164487983966,0.21170301010610115
237,2,train,16,0.04784909447667934,0.2187443587310981,0.044818164487983966,0.21170301010610115
237,3,train,6,0.015521240705786659,0.1245842715024118,0.044818164487983966,0.21170301010610115
237,-1,train,54,0.044818164487983966,0.21170301010610115,0.044818164487983966,0.21170301010610115
238,0,train,16,0.022671318634516945,0.15056997919411738,0.053398666364353746,0.23108151454487602
238,1,train,16,0.05660050527466178,0.23790860697894428,0.053398666364353746,0.23108151454487602
238,2,train,16,0.06348150444585388,0.2519553620105234,0.053398666364353746,0.23108151454487602
238,3,train,6,0.07084133710238238,0.26616035975024976,0.053398666364353746,0.23108151454487602
238,-1,train,54,0.053398666364353746,0.23108151454487602,0.053398666364353746,0.23108151454487602
239,0,train,16,0.0658959036660302,0.2567019744100738,0.05957242468101276,0.24407462932679577
239,1,train,16,0.01669831239636317,0.129221950133726,0.05957242468101276,0.24407462932679577
239,2,train,16,0.0448555922094655,0.21179138842140277,0.05957242468101276,0.24407462932679577
239,3,train,6,0.11083989045219217,0.33292625377430385,0.05957242468101276,0.24407462932679577
239,-1,train,54,0.05957242468101276,0.24407462932679577,0.05957242468101276,0.24407462932679577
240,0,train,16,0.03145446036069512,0.1773540536911833,0.04506282592161153,0.21228006482383485
240,1,train,16,0.08852916384850658,0.2975385081775241,0.04506282592161153,0.21228006482383485
240,2,train,16,0.04185506756140194,0.20458511080086433,0.04506282592161153,0.21228006482383485
240,3,train,6,0.018412611915842474,0.13569307983770754,0.04506282592161153,0.21228006482383485
240,-1,train,54,0.04506282592161153,0.21228006482383485,0.04506282592161153,0.21228006482383485
241,0,train,16,0.04270836824544818,0.20666003059481092,0.04327357389795295,0.20802301290470954
241,1,train,16,0.06243131562698743,0.24986259349287845,0.04327357389795295,0.20802301290470954
241,2,train,16,0.06050701742227003,0.24598174205064494,0.04327357389795295,0.20802301290470954
241,3,train,6,0.007447594297106184,0.08629944552027077,0.04327357389795295,0.20802301290470954
241,-1,train,54,0.04327357389795295,0.20802301290470954,0.04327357389795295,0.20802301290470954
242,0,train,16,0.0329629741562647,0.1815570823632741,0.05492135919134308,0.23435306524844748
242,1,train,16,0.07217901550373458,0.2686615259089671,0.05492135919134308,0.23435306524844748
242,2,train,16,0.03205801371623859,0.17904751803987284,0.05492135919134308,0.23435306524844748
242,3,train,6,0.08248543338913444,0.2872027739927566,0.05492135919134308,0.23435306524844748
242,-1,train,54,0.05492135919134308,0.23435306524844748,0.05492135919134308,0.23435306524844748
243,0,train,16,0.05470947364083703,0.23390056357528732,0.04618576683380775,0.21490874071058103
243,1,train,16,0.06410241686953029,0.2531845510088052,0.04618576683380775,0.21490874071058103
243,2,train,16,0.03892682584145618,0.19729882372040686,0.04618576683380775,0.21490874071058103
243,3,train,6,0.02700435098340749,0.16433000633909647,0.04618576683380775,0.21490874071058103
243,-1,train,54,0.04618576683380775,0.21490874071058103,0.04618576683380775,0.21490874071058103
244,0,train,16,0.039698167494568865,0.19924398985808547,0.05058943674424862,0.22492095665866402
244,1,train,16,0.08022846813005434,0.2832463029415465,0.05058943674424862,0.22492095665866402
244,2,train,16,0.02675655151925772,0.16357429969056178,0.05058943674424862,0.22492095665866402
244,3,train,6,0.05567455983311355,0.2359545715452734,0.05058943674424862,0.22492095665866402
244,-1,train,54,0.05058943674424862,0.22492095665866402,0.05058943674424862,0.22492095665866402
245,0,train,16,0.07273100803446077,0.26968687034125477,0.044796372736573026,0.21165153610728418
245,1,train,16,0.020828051406536898,0.14431926900638353,0.044796372736573026,0.21165153610728418
245,2,train,16,0.06656829088561142,0.2580083155357816,0.044796372736573026,0.21165153610728418
245,3,train,6,0.019058140619683025,0.13805122462217792,0.044796372736573026,0.21165153610728418
245,-1,train,54,0.044796372736573026,0.21165153610728418,0.044796372736573026,0.21165153610728418
246,0,train,16,0.037109005299109356,0.1926369780159286,0.04537580300772523,0.2130159689030971
246,1,train,16,0.06159333611820713,0.24818004778427924,0.04537580300772523,0.2130159689030971
246,2,train,16,0.05953753523486194,0.24400314595279696,0.04537580300772523,0.2130159689030971
246,3,train,6,0.023263335378722483,0.15252322898077683,0.04537580300772523,0.2130159689030971
246,-1,train,54,0.04537580300772523,0.2130159689030971,0.04537580300772523,0.2130159689030971
247,0,train,16,0.06762240548115711,0.26004308389410613,0.05312464495928414,0.230487841239585
247,1,train,16,0.05826234608311757,0.24137594346396157,0.05312464495928414,0.230487841239585
247,2,train,16,0.013331492884874174,0.11546208418729577,0.05312464495928414,0.230487841239585
247,3,train,6,0.0732823353879877,0.27070710258134656,0.05312464495928414,0.230487841239585
247,-1,train,54,0.05312464495928414,0.230487841239585,0.05312464495928414,0.230487841239585
248,0,train,16,0.044822427935963104,0.21171307927467095,0.04647737467573801,0.21558611893101562
248,1,train,16,0.06812568101315969,0.2610089673041133,0.04647737467573801,0.21558611893101562
248,2,train,16,0.041724526287655654,0.2042658226127309,0.04647737467573801,0.21558611893101562
248,3,train,6,0.03123686346617359,0.1767395356624363,0.04647737467573801,0.21558611893101562
248,-1,train,54,0.04647737467573801,0.21558611893101562,0.04647737467573801,0.21558611893101562
249,0,train,16,0.03139058406692576,0.17717388088238561,0.04502248103028113,0.21218501603619688
249,1,train,16,0.03484255485719842,0.18666160520363695,0.04502248103028113,0.21218501603619688
249,2,train,16,0.0914504279695843,0.3024077181051838,0.04502248103028113,0.21218501603619688
249,3,train,6,0.022406357227416032,0.14968753197048856,0.04502248103028113,0.21218501603619688
249,-1,train,54,0.04502248103028113,0.21218501603619688,0.04502248103028113,0.21218501603619688
250,0,train,16,0.041024918192205946,0.20254608905680194,0.050543709997935206,0.2248192829762056
250,1,train,16,0.04106897834892174,0.20265482562456227,0.050543709997935206,0.2248192829762056
250,2,train,16,0.0618630717844709,0.24872288150564453,0.050543709997935206,0.2248192829762056
250,3,train,6,0.058217871666142264,0.2412837990129927,0.050543709997935206,0.2248192829762056
250,-1,train,54,0.050543709997935206,0.2248192829762056,0.050543709997935206,0.2248192829762056
251,0,train,16,0.04700453209092345,0.21680528612310968,0.04329232665531377,0.2080680817792911
251,1,train,16,0.06055956346807806,0.24608852770512904,0.04329232665531377,0.2080680817792911
251,2,train,16,0.05335155373670262,0.23097955263767964,0.04329232665531377,0.2080680817792911
251,3,train,6,0.012253657325550942,0.11069623898557232,0.04329232665531377,0.2080680817792911
251,-1,train,54,0.04329232665531377,0.2080680817792911,0.04329232665531377,0.2080680817792911
252,0,train,16,0.046825838201863514,0.2163927868526664,0.043047798159812446,0.20747963312048834
252,1,train,16,0.06751511769064981,0.25983671351571896,0.043047798159812446,0.20747963312048834
252,2,train,16,0.04668624145659909,0.2160699920317467,0.043047798159812446,0.20747963312048834
252,3,train,6,0.011163995290137375,0.10565980924711806,0.043047798159812446,0.20747963312048834
252,-1,train,54,0.043047798159812446,0.20747963312048834,0.043047798159812446,0.20747963312048834
253,0,train,16,0.02860900369344079,0.16914196313582502,0.05038737208054034,0.2244713168325529
253,1,train,16,0.05806598436509349,0.2409688452167489,0.05038737208054034,0.2244713168325529
253,2,train,16,0.05628120264249708,0.23723659633896513,0.05038737208054034,0.2244713168325529
253,3,train,6,0.05859329762113,0.24206052470638412,0.05038737208054034,0.2244713168325529
253,-1,train,54,0.05038737208054034,0.2244713168325529,0.05038737208054034,0.2244713168325529
254,0,train,16,0.017743089673564468,0.13320318942714723,0.05390954517526575,0.23218429140505123
254,1,train,16,0.02566728431774043,0.1602101255156503,0.05390954517526575,0.23218429140505123
254,2,train,16,0.09069624043662285,0.30115816515017957,0.05390954517526575,0.23218429140505123
254,3,train,6,0.08153156627313525,0.2855373290362142,0.05390954517526575,0.23218429140505123
254,-1,train,54,0.05390954517526575,0.23218429140505123,0.05390954517526575,0.23218429140505123
255,0,train,16,0.051761271219871154,0.22751103538042095,0.050335002445290336,0.22435463544417872
255,1,train,16,0.0346619774014707,0.186177274127297,0.050335002445290336,0.22435463544417872
255,2,train,16,0.05566809950369464,0.23594088137432784,0.050335002445290336,0.22435463544417872
255,3,train,6,0.05924866165612487,0.24341047975821598,0.050335002445290336,0.22435463544417872
255,-1,train,54,0.050335002445290336,0.22435463544417872,0.050335002445290336,0.22435463544417872
256,0,train,16,0.07620777916623332,0.27605756495019895,0.04439990952622751,0.21071286037218398
256,1,train,16,0.04370610866265135,0.20906005994127944,0.04439990952622751,0.21071286037218398
256,2,train,16,0.036056431045620375,0.18988531024178879,0.04439990952622751,0.21071286037218398
256,3,train,6,0.02162931923040497,0.14706909678924723,0.04439990952622751,0.21071286037218398
256,-1,train,54,0.04439990952622751,0.21071286037218398,0.04439990952622751,0.21071286037218398
257,0,train,16,0.016042256962979475,0.12665803157707559,0.04392087516174801,0.20957307833247096
257,1,train,16,0.08721127440275427,0.2953155505603358,0.04392087516174801,0.20957307833247096
257,2,train,16,0.05331721663972342,0.23090521137411218,0.04392087516174801,0.20957307833247096
257,3,train,6,0.019112752641534874,0.13824887935001454,0.04392087516174801,0.20957307833247096
257,-1,train,54,0.04392087516174801,0.20957307833247096,0.04392087516174801,0.20957307833247096
258,0,train,16,0.040006262089514154,0.20001565461111825,0.05296922616822637,0.23015044246802213
258,1,train,16,0.042139307687486034,0.2052786099122021,0.05296922616822637,0.23015044246802213
258,2,train,16,0.05214117108425792,0.22834441329767172,0.05296922616822637,0.23015044246802213
258,3,train,6,0.07759016381164739,0.27855011005499064,0.05296922616822637,0.23015044246802213
258,-1,train,54,0.05296922616822637,0.23015044246802213,0.05296922616822637,0.23015044246802213
259,0,train,16,0.02601509495419806,0.16129195564006923,0.04371372774123499,0.20907828137143988
259,1,train,16,0.05835765306511972,0.241573287151373,0.04371372774123499,0.20907828137143988
259,2,train,16,0.07164128846596964,0.2676589032069915,0.04371372774123499,0.20907828137143988
259,3,train,6,0.018840874479652558,0.1372620649693591,0.04371372774123499,0.20907828137143988
259,-1,train,54,0.04371372774123499,0.20907828137143988,0.04371372774123499,0.20907828137143988
260,0,train,16,0.03751157854299884,0.19367906067254362,0.049146296736165454,0.22168964057024734
260,1,train,16,0.061253237177555514,0.2474939134151697,0.049146296736165454,0.22168964057024734
260,2,train,16,0.04373456727920177,0.20912811212078056,0.049146296736165454,0.22168964057024734
260,3,train,6,0.05408580394490571,0.2325635481860941,0.049146296736165454,0.22168964057024734
260,-1,train,54,0.049146296736165454,0.22168964057024734,0.049146296736165454,0.22168964057024734
261,0,train,16,0.05229159047822976,0.22867354564581746,0.042592192333560805,0.20637875940503375
261,1,train,16,0.06326375626926763,0.25152287424659336,0.042592192333560805,0.20637875940503375
261,2,train,16,0.04221990275380542,0.20547482267617465,0.042592192333560805,0.20637875940503375
261,3,train,6,0.012593519832940409,0.11222085293268987,0.042592192333560805,0.20637875940503375
261,-1,train,54,0.042592192333560805,0.20637875940503375,0.042592192333560805,0.20637875940503375
262,0,train,16,0.03399744920585985,0.18438397220436448,0.04242933841758405,0.20598383047604502
262,1,train,16,0.05636518574557423,0.23741353319803452,0.04242933841758405,0.20598383047604502
262,2,train,16,0.06733855638433972,0.25949673675084955,0.04242933841758405,0.20598383047604502
262,3,train,6,0.012016162334562382,0.10961825730489598,0.04242933841758405,0.20598383047604502
262,-1,train,54,0.04242933841758405,0.20598383047604502,0.04242933841758405,0.20598383047604502
263,0,train,16,0.040290593917221666,0.2007251701138192,0.04428797717423913,0.2104470887758705
263,1,train,16,0.058113515334983414,0.24106744976247502,0.04428797717423913,0.2104470887758705
263,2,train,16,0.05432832080513347,0.23308436413696537,0.04428797717423913,0.2104470887758705
263,3,train,6,0.02441947863961795,0.1562673306856489,0.04428797717423913,0.2104470887758705
263,-1,train,54,0.04428797717423913,0.2104470887758705,0.04428797717423913,0.2104470887758705
264,0,train,16,0.04563484780200903,0.21362314435006574,0.054390963801620035,0.23321870379885923
264,1,train,16,0.04317869203773166,0.20779483159533027,0.054390963801620035,0.23321870379885923
264,2,train,16,0.039195419407291314,0.1979783306508349,0.054390963801620035,0.23321870379885923
264,3,train,6,0.08955489595944813,0.2992572404461555,0.054390963801620035,0.23321870379885923
264,-1,train,54,0.054390963801620035,0.23321870379885923,0.054390963801620035,0.23321870379885923
265,0,train,16,0.04120116780122358,0.20298070795330175,0.04898826987268754,0.22133293896907333
265,1,train,16,0.04157593087413174,0.20390176770722648,0.04898826987268754,0.22133293896907333
265,2,train,16,0.0577070103786299,0.24022283484013318,0.04898826987268754,0.22133293896907333
265,3,train,6,0.055468970436764936,0.23551851399999307,0.04898826987268754,0.22133293896907333
265,-1,train,54,0.04898826987268754,0.22133293896907333,0.04898826987268754,0.22133293896907333
266,0,train,16,0.05981654910314225,0.24457422002971255,0.049492069181899544,0.22246813071066954
266,1,train,16,0.06349873566239052,0.2519895546692174,0.049492069181899544,0.22246813071066954
266,2,train,16,0.015529117058249768,0.12461587803426082,0.049492069181899544,0.22246813071066954
266,3,train,6,0.05912387490381562,0.24315401478037663,0.049492069181899544,0.22246813071066954
266,-1,train,54,0.049492069181899544,0.22246813071066954,0.049492069181899544,0.22246813071066954
267,0,train,16,0.03563776747503534,0.18877967971960155,0.056277270631275786,0.23722830908488934
267,1,train,16,0.05409142781064926,0.2325756389019479,0.056277270631275786,0.23722830908488934
267,2,train,16,0.03225754239891299,0.179603848508079,0.056277270631275786,0.23722830908488934
267,3,train,6,0.10312234484050554,0.3211266803622918,0.056277270631275786,0.23722830908488934
267,-1,train,54,0.056277270631275786,0.23722830908488934,0.056277270631275786,0.23722830908488934
268,0,train,16,0.02944277481259164,0.171588970544705,0.050564733342169425,0.22486603421186008
268,1,train,16,0.04867168689200335,0.22061660611115236,0.050564733342169425,0.22486603421186008
268,2,train,16,0.057078608016201994,0.2389112973808522,0.050564733342169425,0.22486603421186008
268,3,train,6,0.06706586364788072,0.2589707775944628,0.050564733342169425,0.22486603421186008
268,-1,train,54,0.050564733342169425,0.22486603421186008,0.050564733342169425,0.22486603421186008
269,0,train,16,0.07655225290171926,0.2766807779765686,0.04888754680992025,0.2211052844459405
269,1,train,16,0.039875993331422076,0.19968974267954295,0.04888754680992025,0.2211052844459405
269,2,train,16,0.022351689846884588,0.14950481546386588,0.04888754680992025,0.2211052844459405
269,3,train,6,0.05677025115965509,0.2382650859015124,0.04888754680992025,0.2211052844459405
269,-1,train,54,0.04888754680992025,0.2211052844459405,0.04888754680992025,0.2211052844459405
270,0,train,16,0.053390426190818664,0.23106368427517696,0.054654590258150226,0.23378321209648528
270,1,train,16,0.036788446014713254,0.19180314391248454,0.054654590258150226,0.23378321209648528
270,2,train,16,0.03413075124621668,0.18474509803027706,0.054654590258150226,0.23378321209648528
270,3,train,6,0.0943087375808523,0.30709727706518714,0.054654590258150226,0.23378321209648528
270,-1,train,54,0.054654590258150226,0.23378321209648528,0.054654590258150226,0.23378321209648528
271,0,train,16,0.08230129000910155,0.28688201409133607,0.041885901350564976,0.2046604538023039
271,1,train,16,0.03510836992794536,0.18737227630560868,0.041885901350564976,0.2046604538023039
271,2,train,16,0.03723832842370753,0.19297235144887345,0.041885901350564976,0.2046604538023039
271,3,train,6,0.012895617041505476,0.11355887037790344,0.041885901350564976,0.2046604538023039
271,-1,train,54,0.041885901350564976,0.2046604538023039,0.041885901350564976,0.2046604538023039
272,0,train,16,0.05156992228463841,0.22709011930209205,0.04410022207328649,0.21000052874525457
272,1,train,16,0.06570925659404751,0.2563381684300009,0.04410022207328649,0.21000052874525457
272,2,train,16,0.03139491418320995,0.17718610042328362,0.04410022207328649,0.21000052874525457
272,3,train,6,0.02772679523125011,0.16651364878366612,0.04410022207328649,0.21000052874525457
272,-1,train,54,0.04410022207328649,0.21000052874525457,0.04410022207328649,0.21000052874525457
273,0,train,16,0.04697263384985586,0.21673170937787545,0.047519555310463354,0.2179898055195778
273,1,train,16,0.04521751382597825,0.2126441013195011,0.047519555310463354,0.2179898055195778
273,2,train,16,0.04770702547099646,0.21841937979720677,0.047519555310463354,0.2179898055195778
273,3,train,6,0.05018104809502286,0.2240112677858479,0.047519555310463354,0.2179898055195778
273,-1,train,54,0.047519555310463354,0.2179898055195778,0.047519555310463354,0.2179898055195778
274,0,train,16,0.049079352907995595,0.22153860365181413,0.04737151204752609,0.2176499759878831
274,1,train,16,0.0363852464424841,0.19074917153813303,0.04737151204752609,0.2176499759878831
274,2,train,16,0.05431199937996856,0.2330493496664785,0.04737151204752609,0.2176499759878831
274,3,train,6,0.0497094494596561,0.2229561603985324,0.04737151204752609,0.2176499759878831
274,-1,train,54,0.04737151204752609,0.2176499759878831,0.04737151204752609,0.2176499759878831
275,0,train,16,0.06278996285915255,0.2505792546464143,0.05301702249826327,0.23025425620010428
275,1,train,16,0.02156527134036197,0.14685118773902364,0.05301702249826327,0.23025425620010428
275,2,train,16,0.041390214793515276,0.20344585223964454,0.05301702249826327,0.23025425620010428
275,3,train,6,0.08632264100002326,0.29380714933442864,0.05301702249826327,0.23025425620010428
275,-1,train,54,0.05301702249826327,0.23025425620010428,0.05301702249826327,0.23025425620010428
276,0,train,16,0.06374383174363672,0.2524754081958018,0.0462268024245818,0.21500419164421375
276,1,train,16,0.04040351351202453,0.2010062524202283,0.0462268024245818,0.21500419164421375
276,2,train,16,0.0373902324360515,0.19336554097369962,0.0462268024245818,0.21500419164421375
276,3,train,6,0.04336963200661444,0.2082537682891103,0.0462268024245818,0.21500419164421375
276,-1,train,54,0.0462268024245818,0.21500419164421375,0.0462268024245818,0.21500419164421375
277,0,train,16,0.042239342523398254,0.20552212173729195,0.048004352323311725,0.21909895555048117
277,1,train,16,0.045597250599822975,0.2135351273205956,0.048004352323311725,0.21909895555048117
277,2,train,16,0.04884952467570377,0.22101928575512086,0.048004352323311725,0.21909895555048117
277,3,train,6,0.055331291494321894,0.23522604340149475,0.048004352323311725,0.21909895555048117
277,-1,train,54,0.048004352323311725,0.21909895555048117,0.048004352323311725,0.21909895555048117
278,0,train,16,0.07837850317297979,0.27996161017714516,0.042616067949309784,0.2064365954701583
278,1,train,16,0.050945425344477414,0.22571093315228977,0.042616067949309784,0.2064365954701583
278,2,train,16,0.019907544588778373,0.14109409834850772,0.042616067949309784,0.2064365954701583
278,3,train,6,0.021232798691003564,0.14571478542345512,0.042616067949309784,0.2064365954701583
278,-1,train,54,0.042616067949309784,0.2064365954701583,0.042616067949309784,0.2064365954701583
279,0,train,16,0.07313990319946274,0.27044390028148674,0.045904830593649755,0.21425412619982317
279,1,train,16,0.0425824424640949,0.2063551367523835,0.045904830593649755,0.21425412619982317
279,2,train,16,0.025002952693741424,0.15812321997019105,0.045904830593649755,0.21425412619982317
279,3,train,6,0.04289402401729994,0.20710872511147363,0.045904830593649755,0.21425412619982317
279,-1,train,54,0.045904830593649755,0.21425412619982317,0.045904830593649755,0.21425412619982317
280,0,train,16,0.05967627253281536,0.24428727460270083,0.04089031026385724,0.2022135264117048
280,1,train,16,0.03230382047125054,0.17973263607717588,0.04089031026385724,0.2022135264117048
280,2,train,16,0.06023800954032821,0.24543432836571213,0.04089031026385724,0.2022135264117048
280,3,train,6,0.011343138511034847,0.10650417133161896,0.04089031026385724,0.2022135264117048
280,-1,train,54,0.04089031026385724,0.2022135264117048,0.04089031026385724,0.2022135264117048
281,0,train,16,0.052500681801166064,0.22913027255508178,0.04102050723348251,0.2025351999862802
281,1,train,16,0.04919769224642456,0.22180552798887715,0.04102050723348251,0.2025351999862802
281,2,train,16,0.049663115106946897,0.2228522270630179,0.04102050723348251,0.2025351999862802
281,3,train,6,0.012720539779392491,0.11278537041386393,0.04102050723348251,0.2025351999862802
281,-1,train,54,0.04102050723348251,0.2025351999862802,0.04102050723348251,0.2025351999862802
282,0,train,16,0.036135904140108664,0.1900944610979201,0.03981111198475461,0.1995272211623131
282,1,train,16,0.06855152560056003,0.26182346266245893,0.03981111198475461,0.1995272211623131
282,2,train,16,0.0491201941463938,0.2216307608306974,0.03981111198475461,0.1995272211623131
282,3,train,6,0.005436824051955948,0.07373482251932223,0.03981111198475461,0.1995272211623131
282,-1,train,54,0.03981111198475461,0.1995272211623131,0.03981111198475461,0.1995272211623131
283,0,train,16,0.049710707098970325,0.2229589807542417,0.048254612881973455,0.21966932622005617
283,1,train,16,0.03156130316465094,0.17765501165081424,0.048254612881973455,0.21966932622005617
283,2,train,16,0.05175926647005719,0.22750662950792708,0.048254612881973455,0.21966932622005617
283,3,train,6,0.059987174794215364,0.24492279353750512,0.048254612881973455,0.21966932622005617
283,-1,train,54,0.048254612881973455,0.21966932622005617,0.048254612881973455,0.21966932622005617
284,0,train,16,0.05246821944114339,0.22905942338428995,0.048963384221591924,0.22127671414225203
284,1,train,16,0.036663548186662544,0.19147727851278476,0.048963384221591924,0.22127671414225203
284,2,train,16,0.04170725713975219,0.20422354697671907,0.048963384221591924,0.22127671414225203
284,3,train,6,0.06501451211880956,0.2549794346977998,0.048963384221591924,0.22127671414225203
284,-1,train,54,0.048963384221591924,0.22127671414225203,0.048963384221591924,0.22127671414225203
285,0,train,16,0.05060244656720631,0.22494987567724128,0.04140279476198426,0.20347676713075688
285,1,train,16,0.05032649498847263,0.22433567480111724,0.04140279476198426,0.20347676713075688
285,2,train,16,0.04757533548976711,0.21811771016991516,0.04140279476198426,0.20347676713075688
285,3,train,6,0.017106902002490987,0.1307933561098995,0.04140279476198426,0.20347676713075688
285,-1,train,54,0.04140279476198426,0.20347676713075688,0.04140279476198426,0.20347676713075688
286,0,train,16,0.06374007757085116,0.25246797335672333,0.04047163443520594,0.20117563081846157
286,1,train,16,0.017210423343510004,0.13118850309196306,0.04047163443520594,0.20117563081846157
286,2,train,16,0.06926344319937633,0.2631794885612789,0.04047163443520594,0.20117563081846157
286,3,train,6,0.011672593627086246,0.10803977798517658,0.04047163443520594,0.20117563081846157
286,-1,train,54,0.04047163443520594,0.20117563081846157,0.04047163443520594,0.20117563081846157
287,0,train,16,0.042091893589913776,0.20516309022315338,0.04099702323093622,0.20247721657247322
287,1,train,16,0.05214123750883295,0.22834455874584125,0.04099702323093622,0.20247721657247322
287,2,train,16,0.05416625954143769,0.23273645941587598,0.04099702323093622,0.20247721657247322
287,3,train,6,0.01558870228356045,0.12485472471460762,0.04099702323093622,0.20247721657247322
287,-1,train,54,0.04099702323093622,0.20247721657247322,0.04099702323093622,0.20247721657247322
288,0,train,16,0.03146114024099773,0.1773728847400237,0.04707460575999342,0.21696683101339112
288,1,train,16,0.04041805006664698,0.201042408627252,0.04707460575999342,0.21696683101339112
288,2,train,16,0.061467329769344825,0.24792605706005333,0.04707460575999342,0.21696683101339112
288,3,train,6,0.05495190296298417,0.23441822233560294,0.04707460575999342,0.21696683101339112
288,-1,train,54,0.04707460575999342,0.21696683101339112,0.04707460575999342,0.21696683101339112
289,0,train,16,0.06021030798106691,0.24537788812577818,0.04928588082752041,0.2220042360576041
289,1,train,16,0.03184034847370203,0.17843864064070325,0.04928588082752041,0.2220042360576041
289,2,train,16,0.035481070006650475,0.18836419512914462,0.04928588082752041,0.2220042360576041
289,3,train,6,0.06961179684866223,0.2638404761378781,0.04928588082752041,0.2220042360576041
289,-1,train,54,0.04928588082752041,0.2220042360576041,0.04928588082752041,0.2220042360576041
290,0,train,16,0.015659760541584796,0.12513896492134172,0.05357662141767145,0.2314662425013018
290,1,train,16,0.061489303313219106,0.24797036781280762,0.05357662141767145,0.2314662425013018
290,2,train,16,0.039542793878284827,0.1988536996846798,0.05357662141767145,0.2314662425013018
290,3,train,6,0.09761462793759708,0.3124333976027484,0.05357662141767145,0.2314662425013018
290,-1,train,54,0.05357662141767145,0.2314662425013018,0.05357662141767145,0.2314662425013018
291,0,train,16,0.02858138595432338,0.1690603027156978,0.04526686730131445,0.21276011680132734
291,1,train,16,0.028510703246538847,0.16885112746599842,0.04526686730131445,0.21276011680132734
291,2,train,16,0.07890184472177576,0.2808947217762836,0.04526686730131445,0.21276011680132734
291,3,train,6,0.04507353528261983,0.21230528792900996,0.04526686730131445,0.21276011680132734
291,-1,train,54,0.04526686730131445,0.21276011680132734,0.04526686730131445,0.21276011680132734
292,0,train,16,0.05912005398419737,0.2431461576587164,0.04802743258016905,0.21915162007196992
292,1,train,16,0.02485350507522034,0.157649944735862,0.04802743258016905,0.21915162007196992
292,2,train,16,0.044904820940346035,0.21190757641091088,0.04802743258016905,0.21915162007196992
292,3,train,6,0.06323135032091241,0.25145844650938337,0.04802743258016905,0.21915162007196992
292,-1,train,54,0.04802743258016905,0.21915162007196992,0.04802743258016905,0.21915162007196992
293,0,train,16,0.050830107751009164,0.22545533427046954,0.044349484755474344,0.2105931735728258
293,1,train,16,0.04342442805810861,0.20838528752795532,0.044349484755474344,0.2105931735728258
293,2,train,16,0.042863528568618636,0.20703509018670876,0.044349484755474344,0.2105931735728258
293,3,train,6,0.04027987464416097,0.2006984669701315,0.044349484755474344,0.2105931735728258
293,-1,train,54,0.044349484755474344,0.2105931735728258,0.044349484755474344,0.2105931735728258
294,0,train,16,0.05987164011676661,0.24468682048031645,0.04018644967559177,0.20046558227184977
294,1,train,16,0.041625747523936774,0.2040238895912358,0.04018644967559177,0.20046558227184977
294,2,train,16,0.045145590889269734,0.21247491825923767,0.04018644967559177,0.20046558227184977
294,3,train,6,0.014102820172393988,0.11875529534464553,0.04018644967559177,0.20046558227184977
294,-1,train,54,0.04018644967559177,0.20046558227184977,0.04018644967559177,0.20046558227184977
295,0,train,16,0.03721228405506718,0.1929048575206627,0.046138567246500235,0.21479889954676265
295,1,train,16,0.03150705596294866,0.17750227030364613,0.046138567246500235,0.21479889954676265
295,2,train,16,0.06296715340790437,0.2509325674517048,0.046138567246500235,0.21479889954676265
295,3,train,6,0.05286777556008073,0.22992993619814,0.046138567246500235,0.21479889954676265
295,-1,train,54,0.046138567246500235,0.21479889954676265,0.046138567246500235,0.21479889954676265
296,0,train,16,0.04717068311449992,0.21718812839218427,0.039582501616380085,0.19895351622019675
296,1,train,16,0.033943075300433855,0.1842364657184724,0.039582501616380085,0.19895351622019675
296,2,train,16,0.06578902426719481,0.2564937119447469,0.039582501616380085,0.19895351622019675
296,3,train,6,0.011427223783391742,0.10689819354597037,0.039582501616380085,0.19895351622019675
296,-1,train,54,0.039582501616380085,0.19895351622019675,0.039582501616380085,0.19895351622019675
297,0,train,16,0.04668157456690734,0.21605919227588383,0.04709595864308442,0.21701603314751752
297,1,train,16,0.0546638686337349,0.23380305522754596,0.04709595864308442,0.21701603314751752
297,2,train,16,0.02695615287668257,0.1641832904917019,0.04709595864308442,0.21701603314751752
297,3,train,6,0.06008223849501287,0.24511678542077217,0.04709595864308442,0.21701603314751752
297,-1,train,54,0.04709595864308442,0.21701603314751752,0.04709595864308442,0.21701603314751752
298,0,train,16,0.03936745627260235,0.19841233901298164,0.05162272577712154,0.22720635065314865
298,1,train,16,0.061600462895746,0.24819440544812044,0.05162272577712154,0.22720635065314865
298,2,train,16,0.015918503726488748,0.12616855284296777,0.05162272577712154,0.22720635065314865
298,3,train,6,0.08960448021364907,0.29934007452001654,0.05162272577712154,0.22720635065314865
298,-1,train,54,0.05162272577712154,0.22720635065314865,0.05162272577712154,0.22720635065314865
299,0,train,16,0.03444476839726382,0.18559301818027482,0.043023403443590263,0.2074208365704619
299,1,train,16,0.0565825736250028,0.23787091798915394,0.043023403443590263,0.2074208365704619
299,2,train,16,0.045921775405340946,0.21429366627443971,0.043023403443590263,0.2074208365704619
299,3,train,6,0.035144496346753484,0.18746865430453563,0.043023403443590263,0.2074208365704619
299,-1,train,54,0.043023403443590263,0.2074208365704619,0.043023403443590263,0.2074208365704619
300,0,train,16,0.05488269702334983,0.2342705637150127,0.03955176035353337,0.19887624381391902
300,1,train,16,0.050195842554370707,0.2240442870380111,0.03955176035353337,0.19887624381391902
300,2,train,16,0.03970709416030984,0.1992663899414797,0.03955176035353337,0.19887624381391902
300,3,train,6,0.013421407676103099,0.11585079920355792,0.03955176035353337,0.19887624381391902
300,-1,train,54,0.03955176035353337,0.19887624381391902,0.03955176035353337,0.19887624381391902
301,0,train,16,0.04401395970673716,0.20979504214050712,0.03908670082171185,0.19770356805508557
301,1,train,16,0.04131608531125472,0.20326358579749282,0.03908670082171185,0.19770356805508557
301,2,train,16,0.05991071249076808,0.24476664905735845,0.03908670082171185,0.19770356805508557
301,3,train,6,0.011106045778087471,0.10538522561577345,0.03908670082171185,0.19770356805508557
301,-1,train,54,0.03908670082171185,0.19770356805508557,0.03908670082171185,0.19770356805508557
302,0,train,16,0.04778224890547691,0.21859151151286024,0.04361713163162466,0.208847148966953
302,1,train,16,0.06132402256353701,0.2476368764209745,0.04361713163162466,0.208847148966953
302,2,train,16,0.024710584657907767,0.15719600713093118,0.04361713163162466,0.208847148966953
302,3,train,6,0.04065167039957695,0.20162259397095592,0.04361713163162466,0.208847148966953
302,-1,train,54,0.04361713163162466,0.208847148966953,0.04361713163162466,0.208847148966953
303,0,train,16,0.06068937174799993,0.24635212957877983,0.03901792971219609,0.19752956667850027
303,1,train,16,0.03028794130846062,0.1740343107219396,0.03901792971219609,0.19752956667850027
303,2,train,16,0.053322952930407765,0.23091763235060195,0.03901792971219609,0.19752956667850027
303,3,train,6,0.01177145286191602,0.10849632649042096,0.03901792971219609,0.19752956667850027
303,-1,train,54,0.03901792971219609,0.19752956667850027,0.03901792971219609,0.19752956667850027
304,0,train,16,0.05735358617251481,0.2394860876387495,0.03906102822797751,0.19763863040402174
304,1,train,16,0.03063205680164488,0.17502016112906787,0.03906102822797751,0.19763863040402174
304,2,train,16,0.055629327661480626,0.2358587027469638,0.03906102822797751,0.19763863040402174
304,3,train,6,0.012629142276269704,0.11237945664697666,0.03906102822797751,0.19763863040402174
304,-1,train,54,0.03906102822797751,0.19763863040402174,0.03906102822797751,0.19763863040402174
305,0,train,16,0.043445959155217984,0.20843694287534056,0.039594693359421666,0.19898415353847065
305,1,train,16,0.070714132921018,0.26592129083813126,0.039594693359421666,0.19898415353847065
305,2,train,16,0.027642046027372663,0.16625897277251733,0.039594693359421666,0.19898415353847065
305,3,train,6,0.016576635334078015,0.1287502828504777,0.039594693359421666,0.19898415353847065
305,-1,train,54,0.039594693359421666,0.19898415353847065,0.039594693359421666,0.19898415353847065
306,0,train,16,0.02844276771788512,0.16864983758629926,0.047375072809603694,0.21765815585363138
306,1,train,16,0.025546267868279238,0.15983199888720417,0.047375072809603694,0.21765815585363138
306,2,train,16,0.0687045849013422,0.26211559454054273,0.047375072809603694,0.21765815585363138
306,3,train,6,0.06680667075090824,0.25846986429931873,0.047375072809603694,0.21765815585363138
306,-1,train,54,0.047375072809603694,0.21765815585363138,0.047375072809603694,0.21765815585363138
307,0,train,16,0.025680195630515573,0.16025041538328558,0.04991370275185309,0.22341374790252522
307,1,train,16,0.044835619054777474,0.21174423027505962,0.04991370275185309,0.22341374790252522
307,2,train,16,0.045497691110360006,0.21330187788756105,0.04991370275185309,0.22341374790252522
307,3,train,6,0.0836413052117593,0.28920806560633694,0.04991370275185309,0.22341374790252522
307,-1,train,54,0.04991370275185309,0.22341374790252522,0.04991370275185309,0.22341374790252522
308,0,train,16,0.03418435013938958,0.18489010287029856,0.04714808529542652,0.21713609855440094
308,1,train,16,0.04861805778241535,0.22049502892903355,0.04714808529542652,0.21713609855440094
308,2,train,16,0.03915940281280087,0.19788734879420886,0.04714808529542652,0.21713609855440094
308,3,train,6,0.0666305304471003,0.25812890277359546,0.04714808529542652,0.21713609855440094
308,-1,train,54,0.04714808529542652,0.21713609855440094,0.04714808529542652,0.21713609855440094
309,0,train,16,0.054508781853753935,0.23347115850518654,0.045916367517651865,0.2142810479665709
309,1,train,16,0.05983561822775344,0.24461320125404812,0.045916367517651865,0.2142810479665709
309,2,train,16,0.010061865916040783,0.10030885263046718,0.045916367517651865,0.2142810479665709
309,3,train,6,0.05925920407305932,0.2434321344298228,0.045916367517651865,0.2142810479665709
309,-1,train,54,0.045916367517651865,0.2142810479665709,0.045916367517651865,0.2142810479665709
310,0,train,16,0.03464249927207804,0.18612495607005,0.04564061429432008,0.2136366408047086
310,1,train,16,0.031114369076940842,0.17639265596090117,0.04564061429432008,0.2136366408047086
310,2,train,16,0.058530146384307084,0.2419300444019037,0.04564061429432008,0.2136366408047086
310,3,train,6,0.05827544244395434,0.24140307049404808,0.04564061429432008,0.2136366408047086
310,-1,train,54,0.04564061429432008,0.2136366408047086,0.04564061429432008,0.2136366408047086
311,0,train,16,0.049059687277349245,0.22149421499747854,0.03869403026599014,0.19670798221218716
311,1,train,16,0.05991948072593801,0.2447845598193195,0.03869403026599014,0.19670798221218716
311,2,train,16,0.031470084450523315,0.1773980959608172,0.03869403026599014,0.19670798221218716
311,3,train,6,0.014326868610149979,0.1196948980121959,0.03869403026599014,0.19670798221218716
311,-1,train,54,0.03869403026599014,0.19670798221218716,0.03869403026599014,0.19670798221218716
312,0,train,16,0.03172230770315836,0.1781075734020268,0.0443489594787722,0.21059192643302402
312,1,train,16,0.05819482263877001,0.24123603097126683,0.0443489594787722,0.21059192643302402
312,2,train,16,0.03630693383833086,0.1905437845701897,0.0443489594787722,0.21059192643302402
312,3,train,6,0.05117177373482958,0.22621178955755064,0.0443489594787722,0.21059192643302402
312,-1,train,54,0.0443489594787722,0.21059192643302402,0.0443489594787722,0.21059192643302402
313,0,train,16,0.03099337887331019,0.17604936487619088,0.03761590497400736,0.19394820178080374
313,1,train,16,0.056255021152021516,0.23718140979432076,0.03761590497400736,0.19394820178080374
313,2,train,16,0.0544634417809658,0.2333740383610949,0.03761590497400736,0.19394820178080374
313,3,train,6,0.008751778089731934,0.09355093847595508,0.03761590497400736,0.19394820178080374
313,-1,train,54,0.03761590497400736,0.19394820178080374,0.03761590497400736,0.19394820178080374
314,0,train,16,0.017772302745339256,0.13331280038068083,0.03842781265596059,0.1960301320102616
314,1,train,16,0.07962632062649642,0.28218136123156046,0.03842781265596059,0.1960301320102616
314,2,train,16,0.04181845045460919,0.2044956000861857,0.03842781265596059,0.1960301320102616
314,3,train,6,0.014494176797397488,0.12039176382708863,0.03842781265596059,0.1960301320102616
314,-1,train,54,0.03842781265596059,0.1960301320102616,0.03842781265596059,0.1960301320102616
315,0,train,16,0.045014294659814595,0.21216572451697893,0.04400557623185172,0.20977506103407936
315,1,train,16,0.04578756326162995,0.213980287086521,0.04400557623185172,0.20977506103407936
315,2,train,16,0.034414038608661664,0.18551021160211548,0.04400557623185172,0.20977506103407936
315,3,train,6,0.05080640839730068,0.22540276927602437,0.04400557623185172,0.20977506103407936
315,-1,train,54,0.04400557623185172,0.20977506103407936,0.04400557623185172,0.20977506103407936
316,0,train,16,0.025487642640750485,0.15964849714529256,0.03809554812876908,0.19518080881267266
316,1,train,16,0.032583072953965876,0.18050781964769802,0.03809554812876908,0.19518080881267266
316,2,train,16,0.08080707905407541,0.28426585981097946,0.03809554812876908,0.19518080881267266
316,3,train,6,0.013504397866284549,0.1162084242483502,0.03809554812876908,0.19518080881267266
316,-1,train,54,0.03809554812876908,0.19518080881267266,0.03809554812876908,0.19518080881267266
317,0,train,16,0.02431170532195274,0.1559221129986146,0.043570698910787575,0.20873595500245656
317,1,train,16,0.06878132671133687,0.2622619429336572,0.043570698910787575,0.20873595500245656
317,2,train,16,0.03205298252778865,0.1790334676192936,0.043570698910787575,0.20873595500245656
317,3,train,6,0.04913678108207203,0.22166817787420914,0.043570698910787575,0.20873595500245656
317,-1,train,54,0.043570698910787575,0.20873595500245656,0.043570698910787575,0.20873595500245656
318,0,train,16,0.024370486531204175,0.15611049462225202,0.037658009392532756,0.1940567169477335
318,1,train,16,0.0207883406849721,0.14418162395039147,0.037658009392532756,0.1940567169477335
318,2,train,16,0.09361777587948046,0.3059702205762523,0.037658009392532756,0.1940567169477335
318,3,train,6,0.011855434474474283,0.10888266379214959,0.037658009392532756,0.1940567169477335
318,-1,train,54,0.037658009392532756,0.1940567169477335,0.037658009392532756,0.1940567169477335
319,0,train,16,0.04204448605201878,0.20504752144812377,0.04441624039688188,0.210751608290143
319,1,train,16,0.0618937505145501,0.2487845463740666,0.04441624039688188,0.210751608290143
319,2,train,16,0.018037241140575252,0.13430279647339907,0.04441624039688188,0.210751608290143
319,3,train,6,0.05568948388038337,0.23598619425801876,0.04441624039688188,0.210751608290143
319,-1,train,54,0.04441624039688188,0.210751608290143,0.04441624039688188,0.210751608290143
320,0,train,16,0.05500847049759484,0.23453884645745754,0.03755628223648085,0.1937944329346972
320,1,train,16,0.03395207172321143,0.1842608795246876,0.03755628223648085,0.1937944329346972
320,2,train,16,0.04889576368629134,0.2211238650310982,0.03755628223648085,0.1937944329346972
320,3,train,6,0.012368823038825812,0.11121521046523183,0.03755628223648085,0.1937944329346972
320,-1,train,54,0.03755628223648085,0.1937944329346972,0.03755628223648085,0.1937944329346972
321,0,train,16,0.03892247334265017,0.1972877931922048,0.03815517467367684,0.19533349603607886
321,1,train,16,0.02153282318147766,0.14674066642031328,0.03815517467367684,0.19533349603607886
321,2,train,16,0.07537343973369365,0.27454223670264954,0.03815517467367684,0.19533349603607886
321,3,train,6,0.016791962436885854,0.12958380468594774,0.03815517467367684,0.19533349603607886
321,-1,train,54,0.03815517467367684,0.19533349603607886,0.03815517467367684,0.19533349603607886
322,0,train,16,0.041378350166585705,0.20341669097344423,0.041927634053917084,0.2047623843725138
322,1,train,16,0.07513765016153164,0.2741124772087758,0.041927634053917084,0.2047623843725138
322,2,train,16,0.009712402855523099,0.09855152386200378,0.041927634053917084,0.2047623843725138
322,3,train,6,0.04148213303202788,0.20367163040548353,0.041927634053917084,0.2047623843725138
322,-1,train,54,0.041927634053917084,0.2047623843725138,0.041927634053917084,0.2047623843725138
323,0,train,16,0.05814161078226396,0.24112571572162095,0.04455440069974226,0.21107913373837373
323,1,train,16,0.016696195309873305,0.1292137582065985,0.04455440069974226,0.21107913373837373
323,2,train,16,0.04445344153923062,0.21083984808197578,0.04455440069974226,0.21107913373837373
323,3,train,6,0.058926355167601155,0.2427475132058023,0.04455440069974226,0.21107913373837373
323,-1,train,54,0.04455440069974226,0.21107913373837373,0.04455440069974226,0.21107913373837373
324,0,train,16,0.07803431930740813,0.27934623553470006,0.03828451462149418,0.19566429061403662
324,1,train,16,0.025033933419900133,0.1582211535158941,0.03828451462149418,0.19566429061403662
324,2,train,16,0.0307645251062662,0.17539819014535526,0.03828451462149418,0.19566429061403662
324,3,train,6,0.019305280652402255,0.13894344407852519,0.03828451462149418,0.19566429061403662
324,-1,train,54,0.03828451462149418,0.19566429061403662,0.03828451462149418,0.19566429061403662
325,0,train,16,0.03920731795797184,0.198008378504476,0.04237992668215758,0.20586385472480975
325,1,train,16,0.019536139801357332,0.13977174178408644,0.04237992668215758,0.20586385472480975
325,2,train,16,0.06456943457042695,0.25410516439149156,0.04237992668215758,0.20586385472480975
325,3,train,6,0.04620681439887418,0.2149577037439556,0.04237992668215758,0.20586385472480975
325,-1,train,54,0.04237992668215758,0.20586385472480975,0.04237992668215758,0.20586385472480975
326,0,train,16,0.03127623397249848,0.1768508806099039,0.03885010990411088,0.1971043122412873
326,1,train,16,0.049790026199242256,0.22313678809027043,0.03885010990411088,0.1971043122412873
326,2,train,16,0.05013373848803968,0.22390564639606497,0.03885010990411088,0.1971043122412873
326,3,train,6,0.0242004409566631,0.15556490914297832,0.03885010990411088,0.1971043122412873
326,-1,train,54,0.03885010990411088,0.1971043122412873,0.03885010990411088,0.1971043122412873
327,0,train,16,0.057193743994755124,0.2391521356683965,0.04194470198672382,0.20480405754458045
327,1,train,16,0.03717569428407164,0.1928099952908864,0.04194470198672382,0.20480405754458045
327,2,train,16,0.028824442512751906,0.16977762665543392,0.04194470198672382,0.20480405754458045
327,3,train,6,0.04458492715531661,0.21115143180977156,0.04194470198672382,0.20480405754458045
327,-1,train,54,0.04194470198672382,0.20480405754458045,0.04194470198672382,0.20480405754458045
328,0,train,16,0.025462292660445935,0.1595690842877966,0.040419758429056846,0.20104665734365454
328,1,train,16,0.03247306207459728,0.1802028359227381,0.040419758429056846,0.20104665734365454
328,2,train,16,0.06831004694670349,0.26136190798718834,0.040419758429056846,0.20104665734365454
328,3,train,6,0.035433632034480696,0.1882382321274844,0.040419758429056846,0.20104665734365454
328,-1,train,54,0.040419758429056846,0.20104665734365454,0.040419758429056846,0.20104665734365454
329,0,train,16,0.05424733362221853,0.23291057000964668,0.04137369930273713,0.2034052587883045
329,1,train,16,0.03384603128346344,0.18397290910202904,0.04137369930273713,0.2034052587883045
329,2,train,16,0.03528899228273286,0.18785364591280326,0.04137369930273713,0.2034052587883045
329,3,train,6,0.042112440022533684,0.2052131575278098,0.04137369930273713,0.2034052587883045
329,-1,train,54,0.04137369930273713,0.2034052587883045,0.04137369930273713,0.2034052587883045
330,0,train,16,0.03413069186490059,0.1847449373187276,0.04589034370981234,0.21422031581951406
330,1,train,16,0.02922622330372684,0.17095678782583287,0.04589034370981234,0.21422031581951406
330,2,train,16,0.04854188376654329,0.22032222712777594,0.04589034370981234,0.21422031581951406
330,3,train,6,0.07166257590407865,0.26769866623515076,0.04589034370981234,0.21422031581951406
330,-1,train,54,0.04589034370981234,0.21422031581951406,0.04589034370981234,0.21422031581951406
331,0,train,16,0.056712054373459636,0.23814292845570628,0.042330170585971265,0.2057429721423584
331,1,train,16,0.04280051128492766,0.2068828443465713,0.042330170585971265,0.2057429721423584
331,2,train,16,0.020391254622631586,0.1427979503446446,0.042330170585971265,0.2057429721423584
331,3,train,6,0.04941686206286619,0.2222990374762477,0.042330170585971265,0.2057429721423584
331,-1,train,54,0.042330170585971265,0.2057429721423584,0.042330170585971265,0.2057429721423584
332,0,train,16,0.03739912945510395,0.19338854530479294,0.03706438981795579,0.1925211412233882
332,1,train,16,0.042022148032438124,0.20499304386353728,0.03706438981795579,0.1925211412233882
332,2,train,16,0.05240979335736648,0.22893185308594888,0.03706438981795579,0.1925211412233882
332,3,train,6,0.016426488426914607,0.12816586295466748,0.03706438981795579,0.1925211412233882
332,-1,train,54,0.03706438981795579,0.1925211412233882,0.03706438981795579,0.1925211412233882
333,0,train,16,0.029467739874517795,0.171661701828095,0.04281735299119103,0.20692354383006065
333,1,train,16,0.0494892662887764,0.2224618310829442,0.04281735299119103,0.20692354383006065
333,2,train,16,0.03844729637249511,0.19607982143120978,0.04281735299119103,0.20692354383006065
333,3,train,6,0.0538651094289748,0.23208858099651264,0.04281735299119103,0.20692354383006065
333,-1,train,54,0.04281735299119103,0.20692354383006065,0.04281735299119103,0.20692354383006065
334,0,train,16,0.055426846263775364,0.2354290684341578,0.04027502039673911,0.2006863732213503
334,1,train,16,0.01354698831811064,0.11639153026793075,0.04027502039673911,0.2006863732213503
334,2,train,16,0.053920532126706944,0.2322079501798053,0.04027502039673911,0.2006863732213503
334,3,train,6,0.03820571487836347,0.19546282224086367,0.04027502039673911,0.2006863732213503
334,-1,train,54,0.04027502039673911,0.2006863732213503,0.04027502039673911,0.2006863732213503
335,0,train,16,0.03828050149592129,0.19565403521502256,0.0422757952382512,0.20561078580232897
335,1,train,16,0.062233203625772504,0.2494658365904488,0.0422757952382512,0.20561078580232897
335,2,train,16,0.016980420609756505,0.13030894293852785,0.0422757952382512,0.20561078580232897
335,3,train,6,0.05160905522155449,0.227176264652702,0.0422757952382512,0.20561078580232897
335,-1,train,54,0.0422757952382512,0.20561078580232897,0.0422757952382512,0.20561078580232897
336,0,train,16,0.050114986241590914,0.22386376714776984,0.037624566638232035,0.19397053033446096
336,1,train,16,0.030513030043264725,0.17467979288762833,0.037624566638232035,0.19397053033446096
336,2,train,16,0.04739370558954723,0.21770095449847535,0.037624566638232035,0.19397053033446096
336,3,train,6,0.022476544678525272,0.14992179520845283,0.037624566638232035,0.19397053033446096
336,-1,train,54,0.037624566638232035,0.19397053033446096,0.037624566638232035,0.19397053033446096
337,0,train,16,0.059411981135652846,0.2437457304972804,0.03655009203606473,0.19118078364748045
337,1,train,16,0.03528904402126252,0.18785378362242938,0.03655009203606473,0.19118078364748045
337,2,train,16,0.03535149466685409,0.1880199315680497,0.03655009203606473,0.19118078364748045
337,3,train,6,0.016147848320489464,0.1270741843195913,0.03655009203606473,0.19118078364748045
337,-1,train,54,0.03655009203606473,0.19118078364748045,0.03655009203606473,0.19118078364748045
338,0,train,16,0.043292734546206246,0.20806906196310457,0.03618466424772007,0.19022267017293198
338,1,train,16,0.0379831824940712,0.194892746129945,0.03618466424772007,0.19022267017293198
338,2,train,16,0.048972114546966206,0.22129644042994953,0.03618466424772007,0.19022267017293198
338,3,train,6,0.014490625403636631,0.12037701360158687,0.03618466424772007,0.19022267017293198
338,-1,train,54,0.03618466424772007,0.19022267017293198,0.03618466424772007,0.19022267017293198
339,0,train,16,0.06647513778232259,0.25782772888563127,0.035815472720323885,0.18924976280123545
339,1,train,16,0.041275276146766876,0.2031631761583946,0.035815472720323885,0.18924976280123545
339,2,train,16,0.022834193402720086,0.15110987195653394,0.035815472720323885,0.18924976280123545
339,3,train,6,0.012677283549485987,0.11259344363454733,0.035815472720323885,0.18924976280123545
339,-1,train,54,0.035815472720323885,0.18924976280123545,0.035815472720323885,0.18924976280123545
340,0,train,16,0.027182715664027357,0.16487181585712993,0.035446711006367676,0.18827296939913513
340,1,train,16,0.052829181185374496,0.22984599449495416,0.035446711006367676,0.18827296939913513
340,2,train,16,0.05082045416382838,0.22543392416366348,0.035446711006367676,0.18827296939913513
340,3,train,6,0.01095449301224046,0.10466371392340547,0.035446711006367676,0.18827296939913513
340,-1,train,54,0.035446711006367676,0.18827296939913513,0.035446711006367676,0.18827296939913513
341,0,train,16,0.0727101004497467,0.26964810485102003,0.0359053941909181,0.1894871874056874
341,1,train,16,0.015496415338398023,0.12448459880000426,0.0359053941909181,0.1894871874056874
341,2,train,16,0.040986718123426406,0.20245176740010545,0.0359053941909181,0.1894871874056874
341,3,train,6,0.014428342852101289,0.12011803716387182,0.0359053941909181,0.1894871874056874
341,-1,train,54,0.0359053941909181,0.1894871874056874,0.0359053941909181,0.1894871874056874
342,0,train,16,0.026572491101215973,0.16301070854767785,0.045981493280228186,0.21443295754204433
342,1,train,16,0.04474259963130276,0.21152446579841008,0.045981493280228186,0.21443295754204433
342,2,train,16,0.03317822952170614,0.1821489212751647,0.045981493280228186,0.21443295754204433
342,3,train,6,0.07943265286668787,0.2818379904602782,0.045981493280228186,0.21443295754204433
342,-1,train,54,0.045981493280228186,0.21443295754204433,0.045981493280228186,0.21443295754204433
343,0,train,16,0.05139624753763983,0.2267074051230789,0.036418182466094684,0.19083548534299036
343,1,train,16,0.027648802126066113,0.16627928952838988,0.036418182466094684,0.19083548534299036
343,2,train,16,0.047839934285859455,0.2187234196099253,0.036418182466094684,0.19083548534299036
343,3,train,6,0.018787745914813317,0.13706839867311982,0.036418182466094684,0.19083548534299036
343,-1,train,54,0.036418182466094684,0.19083548534299036,0.036418182466094684,0.19083548534299036
344,0,train,16,0.08661404045319272,0.2943026341254742,0.036408596889454026,0.19081036892541775
344,1,train,16,0.0295230832574358,0.17182282519338285,0.036408596889454026,0.19081036892541775
344,2,train,16,0.01035858699473343,0.10177714377370506,0.036408596889454026,0.19081036892541775
344,3,train,6,0.01913867685245417,0.13834260678639163,0.036408596889454026,0.19081036892541775
344,-1,train,54,0.036408596889454026,0.19081036892541775,0.036408596889454026,0.19081036892541775
345,0,train,16,0.014581450864962384,0.12075367847383525,0.04130811127513759,0.20324396983708418
345,1,train,16,0.045012821377779205,0.21216225248092369,0.04130811127513759,0.20324396983708418
345,2,train,16,0.05439923491542462,0.23323643565151783,0.04130811127513759,0.20324396983708418
345,3,train,6,0.051238937942384134,0.22636019513683084,0.04130811127513759,0.20324396983708418
345,-1,train,54,0.04130811127513759,0.20324396983708418,0.04130811127513759,0.20324396983708418
346,0,train,16,0.04552225534617701,0.2133594510355166,0.03914904373245029,0.19786117287747562
346,1,train,16,0.014272026790253545,0.11946558830999639,0.03914904373245029,0.19786117287747562
346,2,train,16,0.05880976165231901,0.24250724041215554,0.03914904373245029,0.19786117287747562
346,3,train,6,0.037992131141051586,0.1949157026538693,0.03914904373245029,0.19786117287747562
346,-1,train,54,0.03914904373245029,0.19786117287747562,0.03914904373245029,0.19786117287747562
347,0,train,16,0.034296191032027155,0.18519230824207347,0.04030590315968226,0.20076330132691647
347,1,train,16,0.04927069354393257,0.2219700284811726,0.04030590315968226,0.20076330132691647
347,2,train,16,0.03169288785812866,0.17802496414303434,0.04030590315968226,0.20076330132691647
347,3,train,6,0.04596384020464066,0.21439179136487632,0.04030590315968226,0.20076330132691647
347,-1,train,54,0.04030590315968226,0.20076330132691647,0.04030590315968226,0.20076330132691647
348,0,train,16,0.03708888526258475,0.19258474826056385,0.03626186835349508,0.19042549291913383
348,1,train,16,0.044983543111014025,0.21209324154959305,0.03626186835349508,0.19042549291913383
348,2,train,16,0.042291732207631584,0.20564953733872485,0.03626186835349508,0.19042549291913383
348,3,train,6,0.020683312832749993,0.14381694209219578,0.03626186835349508,0.19042549291913383
348,-1,train,54,0.03626186835349508,0.19042549291913383,0.03626186835349508,0.19042549291913383
349,0,train,16,0.04292146746924543,0.2071749682496547,0.04234245147291618,0.2057728151941266
349,1,train,16,0.04125009682576664,0.20310119848431876,0.04234245147291618,0.2057728151941266
349,2,train,16,0.025030025320720548,0.15820880291791778,0.04234245147291618,0.2057728151941266
349,3,train,6,0.0601682162759321,0.24529210398203222,0.04234245147291618,0.2057728151941266
349,-1,train,54,0.04234245147291618,0.2057728151941266,0.04234245147291618,0.2057728151941266
350,0,train,16,0.043259457576261984,0.20798908042554057,0.03701571974119766,0.1923946977990757
350,1,train,16,0.0429700584753585,0.20729220553450267,0.03701571974119766,0.1923946977990757
350,2,train,16,0.035178954156655805,0.18756053464589986,0.03701571974119766,0.1923946977990757
350,3,train,6,0.02665440875651435,0.1632617798399685,0.03701571974119766,0.1923946977990757
350,-1,train,54,0.03701571974119766,0.1923946977990757,0.03701571974119766,0.1923946977990757
351,0,train,16,0.022942742897403237,0.1514686201739596,0.034681274925400324,0.18622909258598755
351,1,train,16,0.03919556845965893,0.19797870708654233,0.034681274925400324,0.18622909258598755
351,2,train,16,0.06423331247410384,0.2534429175852106,0.034681274925400324,0.18622909258598755
351,3,train,6,0.012353475870435277,0.11114619143468334,0.034681274925400324,0.18622909258598755
351,-1,train,54,0.034681274925400324,0.18622909258598755,0.034681274925400324,0.18622909258598755
352,0,train,16,0.020164184580505857,0.1420006499298713,0.04046426295834323,0.2011573089856375
352,1,train,16,0.02805356599636646,0.16749198785722993,0.04046426295834323,0.2011573089856375
352,2,train,16,0.06369355579914349,0.25237582253287155,0.04046426295834323,0.2011573089856375
352,3,train,6,0.049945745457357124,0.22348544797672426,0.04046426295834323,0.2011573089856375
352,-1,train,54,0.04046426295834323,0.2011573089856375,0.04046426295834323,0.2011573089856375
353,0,train,16,0.008888075662577691,0.09427659127576522,0.04040129199075074,0.2010007263438387
353,1,train,16,0.055243611749364034,0.2350395961308733,0.04040129199075074,0.2010007263438387
353,2,train,16,0.04736760036517736,0.2176409896255238,0.04040129199075074,0.2010007263438387
353,3,train,6,0.05010588018588385,0.22384342783714659,0.04040129199075074,0.2010007263438387
353,-1,train,54,0.04040129199075074,0.2010007263438387,0.04040129199075074,0.2010007263438387
354,0,train,16,0.016214914929966476,0.1273377985123289,0.051297370332722525,0.2264892278513981
354,1,train,16,0.035467253657403906,0.18832751699473954,0.051297370332722525,0.2264892278513981
354,2,train,16,0.03304066213193798,0.18177090562556478,0.051297370332722525,0.2264892278513981
354,3,train,6,0.12046665061158174,0.34708306010461204,0.051297370332722525,0.2264892278513981
354,-1,train,54,0.051297370332722525,0.2264892278513981,0.051297370332722525,0.2264892278513981
355,0,train,16,0.02125931965686737,0.1458057600263699,0.03435866849736013,0.18536091415765119
355,1,train,16,0.06915633016315265,0.26297591175458,0.03435866849736013,0.18536091415765119
355,2,train,16,0.03445676971756322,0.18562534772375033,0.03435866849736013,0.18536091415765119
355,3,train,6,0.012562254451857277,0.1120814634623285,0.03435866849736013,0.18536091415765119
355,-1,train,54,0.03435866849736013,0.18536091415765119,0.03435866849736013,0.18536091415765119
356,0,train,16,0.022408855368763605,0.14969587625837796,0.040642894866438295,0.20160083052020966
356,1,train,16,0.06422039840368007,0.25341743902833536,0.040642894866438295,0.20160083052020966
356,2,train,16,0.022488663354162136,0.149962206419358,0.040642894866438295,0.20160083052020966
356,3,train,6,0.05345366233914736,0.2312004808367564,0.040642894866438295,0.20160083052020966
356,-1,train,54,0.040642894866438295,0.20160083052020966,0.040642894866438295,0.20160083052020966
357,0,train,16,0.048303857532546624,0.21978138577356052,0.03827935708864657,0.19565111062461815
357,1,train,16,0.010157937412526498,0.10078659341661717,0.03827935708864657,0.19565111062461815
357,2,train,16,0.05575142036382771,0.2361173868308467,0.03827935708864657,0.19565111062461815
357,3,train,6,0.038904213045685455,0.1972415094387727,0.03827935708864657,0.19565111062461815
357,-1,train,54,0.03827935708864657,0.19565111062461815,0.03827935708864657,0.19565111062461815
358,0,train,16,0.034674892004269084,0.1862119545149266,0.045196286220575095,0.21259418200076666
358,1,train,16,0.03900251904425223,0.19749055431653492,0.045196286220575095,0.21259418200076666
358,2,train,16,0.023281015294400662,0.15258117608145724,0.045196286220575095,0.21259418200076666
358,3,train,6,0.0838267185393784,0.2895284416760785,0.045196286220575095,0.21259418200076666
358,-1,train,54,0.045196286220575095,0.21259418200076666,0.045196286220575095,0.21259418200076666
359,0,train,16,0.04397191063860892,0.20969480355652334,0.04024279661323501,0.20060607322121385
359,1,train,16,0.019722091394799236,0.1404353637614089,0.04024279661323501,0.20060607322121385
359,2,train,16,0.044605685182189686,0.21120058044946205,0.04024279661323501,0.20060607322121385
359,3,train,6,0.052671499237342205,0.22950272163384514,0.04024279661323501,0.20060607322121385
359,-1,train,54,0.04024279661323501,0.20060607322121385,0.04024279661323501,0.20060607322121385
360,0,train,16,0.061545171693588197,0.2480829935597928,0.03737922918072477,0.1933370869252063
360,1,train,16,0.03971221592603977,0.19927924108155312,0.03737922918072477,0.1933370869252063
360,2,train,16,0.01345678899764922,0.1160034008020852,0.03737922918072477,0.1933370869252063
360,3,train,6,0.03480274010562189,0.18655492517117284,0.03737922918072477,0.1933370869252063
360,-1,train,54,0.03737922918072477,0.1933370869252063,0.03737922918072477,0.1933370869252063
361,0,train,16,0.03933243659367672,0.19832406962765947,0.04074408999749994,0.2018516534425714
361,1,train,16,0.027258919196353804,0.1651027534487351,0.04074408999749994,0.2018516534425714
361,2,train,16,0.03931464428331179,0.19827920789460451,0.04074408999749994,0.2018516534425714
361,3,train,6,0.057070359916657445,0.23889403491225444,0.04074408999749994,0.2018516534425714
361,-1,train,54,0.04074408999749994,0.2018516534425714,0.04074408999749994,0.2018516534425714
362,0,train,16,0.022771397014991507,0.1509019450338249,0.03793219386274691,0.1947618901703999
362,1,train,16,0.027139680117213332,0.1647412520202919,0.03793219386274691,0.1947618901703999
362,2,train,16,0.06215279753663167,0.2493046279887954,0.03793219386274691,0.1947618901703999
362,3,train,6,0.039664900782151125,0.19916049001283143,0.03793219386274691,0.1947618901703999
362,-1,train,54,0.03793219386274691,0.1947618901703999,0.03793219386274691,0.1947618901703999
363,0,train,16,0.03768361760217296,0.19412268698473387,0.03934547040165464,0.1983569267801219
363,1,train,16,0.02563367304902897,0.16010519369785906,0.03934547040165464,0.1983569267801219
363,2,train,16,0.044768339690789444,0.21158530121629301,0.03934547040165464,0.1983569267801219
363,3,train,6,0.049296251264627194,0.22202759122376478,0.03934547040165464,0.1983569267801219
363,-1,train,54,0.03934547040165464,0.1983569267801219,0.03934547040165464,0.1983569267801219
364,0,train,16,0.025774420025034644,0.16054413731131587,0.037435825153623696,0.19348339761753125
364,1,train,16,0.03549786312270067,0.18840876604526835,0.037435825153623696,0.19348339761753125
364,2,train,16,0.05080511651835653,0.22539990354557948,0.037435825153623696,0.19348339761753125
364,3,train,6,0.03766590094840295,0.19407704899962527,0.037435825153623696,0.19348339761753125
364,-1,train,54,0.037435825153623696,0.19348339761753125,0.037435825153623696,0.19348339761753125
365,0,train,16,0.041409579449886026,0.20349343834602143,0.03860783749060305,0.19648877191993197
365,1,train,16,0.043725130348771346,0.20910554834525874,0.03860783749060305,0.19648877191993197
365,2,train,16,0.023610812069555568,0.15365810121681045,0.03860783749060305,0.19648877191993197
365,3,train,6,0.04568582809419928,0.21374243400457307,0.03860783749060305,0.19648877191993197
365,-1,train,54,0.03860783749060305,0.19648877191993197,0.03860783749060305,0.19648877191993197
366,0,train,16,0.04448097435991948,0.21090513118442492,0.040030269777018304,0.20007566013140704
366,1,train,16,0.03751116373546363,0.19367798980644038,0.040030269777018304,0.20007566013140704
366,2,train,16,0.022733275829885134,0.1507755810132567,0.040030269777018304,0.20007566013140704
366,3,train,6,0.05539566518280499,0.2353628373019092,0.040030269777018304,0.20007566013140704
366,-1,train,54,0.040030269777018304,0.20007566013140704,0.040030269777018304,0.20007566013140704
367,0,train,16,0.05378979659245864,0.23192627404513408,0.03882221745017962,0.19703354397203443
367,1,train,16,0.029754651551844768,0.17249536675471827,0.03882221745017962,0.19703354397203443
367,2,train,16,0.023565351828556028,0.1535101033435781,0.03882221745017962,0.19703354397203443
367,3,train,6,0.048179069827859036,0.21949731166430955,0.03882221745017962,0.19703354397203443
367,-1,train,54,0.03882221745017962,0.19703354397203443,0.03882221745017962,0.19703354397203443
368,0,train,16,0.020767033338494726,0.14410771436149672,0.04196017526589868,0.2048418298734384
368,1,train,16,0.026041546253195522,0.1613739330040497,0.04196017526589868,0.2048418298734384
368,2,train,16,0.052132164143521266,0.22832469017502524,0.04196017526589868,0.2048418298734384
368,3,train,6,0.0688999573283832,0.26248801368516467,0.04196017526589868,0.2048418298734384
368,-1,train,54,0.04196017526589868,0.2048418298734384,0.04196017526589868,0.2048418298734384
369,0,train,16,0.02485877019522119,0.15766664262050228,0.03366689805955497,0.18348541647650085
369,1,train,16,0.042522972765051736,0.20621099089294861,0.03366689805955497,0.18348541647650085
369,2,train,16,0.0508936575942299,0.22559622690601433,0.03366689805955497,0.18348541647650085
369,3,train,6,0.01639219168371704,0.12803199476582813,0.03366689805955497,0.18348541647650085
369,-1,train,54,0.03366689805955497,0.18348541647650085,0.03366689805955497,0.18348541647650085
370,0,train,16,0.05008663917402243,0.22380044498173463,0.032837863536819764,0.1812122058163295
370,1,train,16,0.031947890714475465,0.17873972897617213,0.032837863536819764,0.1812122058163295
370,2,train,16,0.03777947942009666,0.19436944055096897,0.032837863536819764,0.1812122058163295
370,3,train,6,0.011537444838684512,0.10741249852174797,0.032837863536819764,0.1812122058163295
370,-1,train,54,0.032837863536819764,0.1812122058163295,0.032837863536819764,0.1812122058163295
371,0,train,16,0.04680608006808537,0.2163471286337893,0.03272944652420219,0.18091281470421655
371,1,train,16,0.061213284289189644,0.2474131853583993,0.03272944652420219,0.18091281470421655
371,2,train,16,0.011488592935396507,0.10718485403916221,0.03272944652420219,0.18091281470421655
371,3,train,6,0.011409828804137236,0.10681680019611726,0.03272944652420219,0.18091281470421655
371,-1,train,54,0.03272944652420219,0.18091281470421655,0.03272944652420219,0.18091281470421655
372,0,train,16,0.029649618049631718,0.17219064448927449,0.03862788284667283,0.19653977421039445
372,1,train,16,0.04411185499839956,0.21002822428997386,0.03862788284667283,0.19653977421039445
372,2,train,16,0.030994121909314453,0.17605147516937894,0.03862788284667283,0.19653977421039445
372,3,train,6,0.0497559364293456,0.22306038740517242,0.03862788284667283,0.19653977421039445
372,-1,train,54,0.03862788284667283,0.19653977421039445,0.03862788284667283,0.19653977421039445
373,0,train,16,0.03883324979694508,0.1970615380964664,0.04221045598738456,0.2054518337406229
373,1,train,16,0.022430837405729043,0.14976928058092903,0.04221045598738456,0.2054518337406229
373,2,train,16,0.03442895418790031,0.185550408751639,0.04221045598738456,0.2054518337406229
373,3,train,6,0.0731487825589638,0.2704603160520297,0.04221045598738456,0.2054518337406229
373,-1,train,54,0.04221045598738456,0.2054518337406229,0.04221045598738456,0.2054518337406229
374,0,train,16,0.019150628851271025,0.13838579714432772,0.03858323231829222,0.19642614978228387
374,1,train,16,0.02236146470135052,0.1495375026585322,0.03858323231829222,0.19642614978228387
374,2,train,16,0.06236809115706016,0.2497360429674903,0.03858323231829222,0.19642614978228387
374,3,train,6,0.05045274456348719,0.2246168839679849,0.03858323231829222,0.19642614978228387
374,-1,train,54,0.03858323231829222,0.19642614978228387,0.03858323231829222,0.19642614978228387
375,0,train,16,0.020635678717942085,0.1436512398761044,0.03246102442676161,0.1801694325538092
375,1,train,16,0.05401132284716717,0.23240336238352313,0.03246102442676161,0.1801694325538092
375,2,train,16,0.04333744491538707,0.20817647541301842,0.03246102442676161,0.1801694325538092
375,3,train,6,0.011859651226550106,0.10890202581472075,0.03246102442676161,0.1801694325538092
375,-1,train,54,0.03246102442676161,0.1801694325538092,0.03246102442676161,0.1801694325538092
376,0,train,16,0.034813325451877236,0.18658329360335893,0.0429318400867869,0.20720000020942786
376,1,train,16,0.022590855491870027,0.150302546524901,0.0429318400867869,0.20720000020942786
376,2,train,16,0.03490709006883174,0.1868343920931897,0.0429318400867869,0.20720000020942786
376,3,train,6,0.07941608933456862,0.2818086040818637,0.0429318400867869,0.20720000020942786
376,-1,train,54,0.0429318400867869,0.20720000020942786,0.0429318400867869,0.20720000020942786
377,0,train,16,0.04000377321819982,0.20000943282305417,0.034523649735437256,0.18580540825131345
377,1,train,16,0.0376114691618596,0.19393676588481,0.034523649735437256,0.18580540825131345
377,2,train,16,0.03432710661098368,0.1852757582928314,0.034523649735437256,0.18580540825131345
377,3,train,6,0.02615224995070592,0.1617165729005717,0.034523649735437256,0.18580540825131345
377,-1,train,54,0.034523649735437256,0.18580540825131345,0.034523649735437256,0.18580540825131345
378,0,train,16,0.0419697994336466,0.20486532023172346,0.033614223904111826,0.183341822572243
378,1,train,16,0.03970693786249238,0.1992659977580028,0.033614223904111826,0.183341822572243
378,2,train,16,0.031946613760471865,0.17873615683591237,0.033614223904111826,0.183341822572243
378,3,train,6,0.020833544559836478,0.14433829900562248,0.033614223904111826,0.183341822572243
378,-1,train,54,0.033614223904111826,0.183341822572243,0.033614223904111826,0.183341822572243
379,0,train,16,0.05006217511252531,0.22374578233460696,0.03239597998244586,0.17998883293817386
379,1,train,16,0.03694970786085406,0.19222306797274374,0.03239597998244586,0.17998883293817386
379,2,train,16,0.02902045282201103,0.17035390462801558,0.03239597998244586,0.17998883293817386
379,3,train,6,0.01355158413439305,0.11641127150921877,0.03239597998244586,0.17998883293817386
379,-1,train,54,0.03239597998244586,0.17998883293817386,0.03239597998244586,0.17998883293817386
380,0,train,16,0.03904125717728452,0.19758860588931873,0.03459802822797881,0.1860054521458412
380,1,train,16,0.038286916256861744,0.19567042765032672,0.03459802822797881,0.1860054521458412
380,2,train,16,0.03283646000170378,0.18120833314641957,0.03459802822797881,0.1860054521458412
380,3,train,6,0.028227479476065194,0.16801035526438599,0.03459802822797881,0.1860054521458412
380,-1,train,54,0.03459802822797881,0.1860054521458412,0.03459802822797881,0.1860054521458412
381,0,train,16,0.048027683043163925,0.2191521915089236,0.041546361969867336,0.2038292470914499
381,1,train,16,0.024391513166017818,0.1561778254619324,0.041546361969867336,0.2038292470914499
381,2,train,16,0.020559653889347104,0.14338637972048496,0.041546361969867336,0.2038292470914499
381,3,train,6,0.07320659778094049,0.2705671779446659,0.041546361969867336,0.2038292470914499
381,-1,train,54,0.041546361969867336,0.2038292470914499,0.041546361969867336,0.2038292470914499
382,0,train,16,0.04178434815876735,0.20441220158974696,0.031675432583678775,0.1779759325967384
382,1,train,16,0.035742702455826336,0.18905740518643097,0.031675432583678775,0.1779759325967384
382,2,train,16,0.038635879697314496,0.19656011726012604,0.031675432583678775,0.1779759325967384
382,3,train,6,0.010538800022806924,0.10265865780735166,0.031675432583678775,0.1779759325967384
382,-1,train,54,0.031675432583678775,0.1779759325967384,0.031675432583678775,0.1779759325967384
383,0,train,16,0.03781192139018047,0.19445287704269246,0.03149292322655734,0.1774624558225129
383,1,train,16,0.05337901720779268,0.23103899499390287,0.03149292322655734,0.1774624558225129
383,2,train,16,0.024890500432891285,0.15776723497891215,0.03149292322655734,0.1774624558225129
383,3,train,6,0.009890253875364944,0.09944975553195162,0.03149292322655734,0.1774624558225129
383,-1,train,54,0.03149292322655734,0.1774624558225129,0.03149292322655734,0.1774624558225129
384,0,train,16,0.05502440972904887,0.23457282393544412,0.032377081361415525,0.17993632585282918
384,1,train,16,0.02260484869954971,0.1503490894536768,0.032377081361415525,0.17993632585282918
384,2,train,16,0.03580670511559025,0.18922659727319055,0.032377081361415525,0.17993632585282918
384,3,train,6,0.016072361901473264,0.12677681925917397,0.032377081361415525,0.17993632585282918
384,-1,train,54,0.032377081361415525,0.17993632585282918,0.032377081361415525,0.17993632585282918
385,0,train,16,0.04741269096155651,0.21774455437864917,0.04260314355862963,0.20640528956068357
385,1,train,16,0.0225046215840691,0.15001540448923603,0.04260314355862963,0.20640528956068357
385,2,train,16,0.018573836787414293,0.1362858642244833,0.04260314355862963,0.20640528956068357
385,3,train,6,0.08192142490147862,0.2862191903095923,0.04260314355862963,0.20640528956068357
385,-1,train,54,0.04260314355862963,0.20640528956068357,0.04260314355862963,0.20640528956068357
386,0,train,16,0.04874250955491905,0.22077705848869136,0.03728295497684966,0.1930879462236047
386,1,train,16,0.021741290236827967,0.14744928021807352,0.03728295497684966,0.1930879462236047
386,2,train,16,0.03019764070876146,0.17377468373949487,0.03728295497684966,0.1930879462236047
386,3,train,6,0.04845037940689015,0.22011446887219874,0.03728295497684966,0.1930879462236047
386,-1,train,54,0.03728295497684966,0.1930879462236047,0.03728295497684966,0.1930879462236047
387,0,train,16,0.018023949397695315,0.1342533031165167,0.037023411580819926,0.1924146864998094
387,1,train,16,0.032498098630283835,0.18027229024529487,0.037023411580819926,0.1924146864998094
387,2,train,16,0.05018197867329192,0.22401334485537222,0.037023411580819926,0.1924146864998094
387,3,train,6,0.04738961962200862,0.21769156993785638,0.037023411580819926,0.1924146864998094
387,-1,train,54,0.037023411580819926,0.1924146864998094,0.037023411580819926,0.1924146864998094
388,0,train,16,0.03232043492611894,0.17977885005227656,0.03270071095974343,0.18083337899774873
388,1,train,16,0.04038238769313396,0.2009536953955661,0.03270071095974343,0.18083337899774873
388,2,train,16,0.03787274249985199,0.1946092045609662,0.03270071095974343,0.18083337899774873
388,3,train,6,0.02022727871986886,0.14222263786004274,0.03270071095974343,0.18083337899774873
388,-1,train,54,0.03270071095974343,0.18083337899774873,0.03270071095974343,0.18083337899774873
389,0,train,16,0.041022845018243485,0.2025409712088976,0.031063258285210265,0.17624771852483725
389,1,train,16,0.027775032611496612,0.1666584309643428,0.031063258285210265,0.17624771852483725
389,2,train,16,0.045256100139070304,0.21273481177059458,0.031063258285210265,0.17624771852483725
389,3,train,6,0.010199055372030658,0.10099037267002563,0.031063258285210265,0.17624771852483725
389,-1,train,54,0.031063258285210265,0.17624771852483725,0.031063258285210265,0.17624771852483725
390,0,train,16,0.03703510774643363,0.19244507722057644,0.033772567485070314,0.18377314135931375
390,1,train,16,0.04799647762881124,0.2190809841789361,0.033772567485070314,0.18377314135931375
390,2,train,16,0.02199968540468931,0.148322909237546,0.033772567485070314,0.18377314135931375
390,3,train,6,0.02805899916034706,0.1675082062477748,0.033772567485070314,0.18377314135931375
390,-1,train,54,0.033772567485070314,0.18377314135931375,0.033772567485070314,0.18377314135931375
391,0,train,16,0.02480986799982947,0.15751148529497608,0.03696900398540529,0.19227325343220594
391,1,train,16,0.028735710216700714,0.1695161060687176,0.03696900398540529,0.19227325343220594
391,2,train,16,0.04528181676164658,0.21279524609738484,0.03696900398540529,0.19227325343220594
391,3,train,6,0.0490486209634444,0.22146923254358472,0.03696900398540529,0.19227325343220594
391,-1,train,54,0.03696900398540529,0.19227325343220594,0.03696900398540529,0.19227325343220594
392,0,train,16,0.05184795737834799,0.22770146547255243,0.03660934581632291,0.1913356888202588
392,1,train,16,0.02973323541084621,0.17243327814214462,0.03660934581632291,0.1913356888202588
392,2,train,16,0.017667841144091336,0.1329204316276897,0.03660934581632291,0.1913356888202588
392,3,train,6,0.04718834933200607,0.21722879489608662,0.03660934581632291,0.1913356888202588
392,-1,train,54,0.03660934581632291,0.1913356888202588,0.03660934581632291,0.1913356888202588
393,0,train,16,0.03718671698122213,0.19283857752333203,0.03045587403463128,0.17451611396839914
393,1,train,16,0.039671803111689906,0.19917781782038357,0.03045587403463128,0.17451611396839914
393,2,train,16,0.03660006152925092,0.19131142550629568,0.03045587403463128,0.17451611396839914
393,3,train,6,0.008364914516362159,0.09145990660591208,0.03045587403463128,0.17451611396839914
393,-1,train,54,0.03045587403463128,0.17451611396839914,0.03045587403463128,0.17451611396839914
394,0,train,16,0.03805941183424292,0.1950882155186287,0.0403647950389595,0.20090991772174788
394,1,train,16,0.00958847836123945,0.097920775942797,0.0403647950389595,0.20090991772174788
394,2,train,16,0.04151555557737396,0.2037536639606119,0.0403647950389595,0.20090991772174788
394,3,train,6,0.07229573438298166,0.2688786610777837,0.0403647950389595,0.20090991772174788
394,-1,train,54,0.0403647950389595,0.20090991772174788,0.0403647950389595,0.20090991772174788
395,0,train,16,0.02764471457143122,0.16626699784211904,0.03445773306131112,0.18562794256606713
395,1,train,16,0.03899951432536033,0.1974829469229187,0.03445773306131112,0.18562794256606713
395,2,train,16,0.03617398926786242,0.19019460893480242,0.03445773306131112,0.18562794256606713
395,3,train,6,0.03501271408059051,0.18711684606306966,0.03445773306131112,0.18562794256606713
395,-1,train,54,0.03445773306131112,0.18562794256606713,0.03445773306131112,0.18562794256606713
396,0,train,16,0.036584068598399806,0.19126962277999035,0.03132013544757343,0.17697495711985192
396,1,train,16,0.01891512342036883,0.13753226319801776,0.03132013544757343,0.17697495711985192
396,2,train,16,0.05433861211588439,0.23310643945606563,0.03132013544757343,0.17697495711985192
396,3,train,6,0.015442737655640684,0.12426881207946218,0.03132013544757343,0.17697495711985192
396,-1,train,54,0.03132013544757343,0.17697495711985192,0.03132013544757343,0.17697495711985192
397,0,train,16,0.05179176561312462,0.22757804290643818,0.03402175905056593,0.1844498822188996
397,1,train,16,0.015741531126533686,0.12546525864371255,0.03402175905056593,0.1844498822188996
397,2,train,16,0.03536366594010818,0.18805229575867502,0.03402175905056593,0.1844498822188996
397,3,train,6,0.033190073522497254,0.18218143023507433,0.03402175905056593,0.1844498822188996
397,-1,train,54,0.03402175905056593,0.1844498822188996,0.03402175905056593,0.1844498822188996
398,0,train,16,0.05513967077873505,0.23481837828146043,0.030430451302229836,0.17444326098256085
398,1,train,16,0.03544585695107924,0.18827070125507908,0.030430451302229836,0.17444326098256085
398,2,train,16,0.02042198876138364,0.1429055239008753,0.030430451302229836,0.17444326098256085
398,3,train,6,0.010714288717721414,0.10350984840932487,0.030430451302229836,0.17444326098256085
398,-1,train,54,0.030430451302229836,0.17444326098256085,0.030430451302229836,0.17444326098256085
399,0,train,16,0.013433698011682446,0.11590383087578446,0.03888603067466577,0.19719541240775804
399,1,train,16,0.03476092193422298,0.1864428114308057,0.03888603067466577,0.19719541240775804
399,2,train,16,0.0420321698131017,0.2050174866032205,0.03888603067466577,0.19719541240775804
399,3,train,6,0.06531733293965594,0.25557255905056775,0.03888603067466577,0.19719541240775804
399,-1,train,54,0.03888603067466577,0.19719541240775804,0.03888603067466577,0.19719541240775804
400,0,train,16,0.041095324719136295,0.20271981826929575,0.030077284250945663,0.1734280376725334
400,1,train,16,0.0422025062569496,0.2054324858851433,0.030077284250945663,0.1734280376725334
400,2,train,16,0.027624679168445437,0.1662067362306517,0.030077284250945663,0.1734280376725334
400,3,train,6,0.009386626859251315,0.09688460589408059,0.030077284250945663,0.1734280376725334
400,-1,train,54,0.030077284250945663,0.1734280376725334,0.030077284250945663,0.1734280376725334
401,0,train,16,0.03400997749420633,0.1844179424410931,0.0376058187318212,0.19392219762528787
401,1,train,16,0.020955666958687603,0.14476072312159677,0.0376058187318212,0.19392219762528787
401,2,train,16,0.03727866551243445,0.19307683836347242,0.0376058187318212,0.19392219762528787
401,3,train,6,0.05817896496195642,0.24120316117737017,0.0376058187318212,0.19392219762528787
401,-1,train,54,0.0376058187318212,0.19392219762528787,0.0376058187318212,0.19392219762528787
402,0,train,16,0.029141650165969313,0.17070925623986918,0.032063719497189065,0.1790634510367458
402,1,train,16,0.03130219562019096,0.17692426521026153,0.032063719497189065,0.1790634510367458
402,2,train,16,0.04459385907143113,0.2111725812491554,0.032063719497189065,0.1790634510367458
402,3,train,6,0.023217173131164868,0.1523718252537682,0.032063719497189065,0.1790634510367458
402,-1,train,54,0.032063719497189065,0.1790634510367458,0.032063719497189065,0.1790634510367458
403,0,train,16,0.03162390371101903,0.1778311100764403,0.03438125632634291,0.1854218334672131
403,1,train,16,0.05382212751376942,0.23199596443423195,0.03438125632634291,0.1854218334672131
403,2,train,16,0.01354219709014585,0.11637094607394859,0.03438125632634291,0.1854218334672131
403,3,train,6,0.038536796990437355,0.19630791372340892,0.03438125632634291,0.1854218334672131
403,-1,train,54,0.03438125632634291,0.1854218334672131,0.03438125632634291,0.1854218334672131
404,0,train,16,0.04727234449639924,0.21742204234253537,0.029912161958788465,0.17295132829437437
404,1,train,16,0.022737300604195366,0.15078892732623098,0.029912161958788465,0.17295132829437437
404,2,train,16,0.03918637277681103,0.19795548180540753,0.029912161958788465,0.17295132829437437
404,3,train,6,0.010452629957748212,0.10223810423588757,0.029912161958788465,0.17295132829437437
404,-1,train,54,0.029912161958788465,0.17295132829437437,0.029912161958788465,0.17295132829437437
405,0,train,16,0.04666792895664481,0.21602761156075584,0.029761630232966102,0.17251559417329815
405,1,train,16,0.03884695358374263,0.1970963053528468,0.029761630232966102,0.17251559417329815
405,2,train,16,0.023581535980965868,0.15356280793527405,0.029761630232966102,0.17251559417329815
405,3,train,6,0.009950102410511101,0.09975020005248662,0.029761630232966102,0.17251559417329815
405,-1,train,54,0.029761630232966102,0.17251559417329815,0.029761630232966102,0.17251559417329815
406,0,train,16,0.02509002020314589,0.15839829608662429,0.039248185643605264,0.19811154848621335
406,1,train,16,0.04424256502043789,0.21033916663436197,0.039248185643605264,0.19811154848621335
406,2,train,16,0.016441390989144045,0.12822398757309042,0.039248185643605264,0.19811154848621335
406,3,train,6,0.07121876636169323,0.2668684439226437,0.039248185643605264,0.19811154848621335
406,-1,train,54,0.039248185643605264,0.19811154848621335,0.039248185643605264,0.19811154848621335
407,0,train,16,0.03358243489671638,0.18325510878749435,0.03360284334355008,0.1833107834895429
407,1,train,16,0.033852014379625206,0.18398916919108366,0.03360284334355008,0.1833107834895429
407,2,train,16,0.03140680681497214,0.17721965696550748,0.03360284334355008,0.1833107834895429
407,3,train,6,0.03557011728288657,0.18860041697431787,0.03360284334355008,0.1833107834895429
407,-1,train,54,0.03360284334355008,0.1833107834895429,0.03360284334355008,0.1833107834895429
408,0,train,16,0.0248138865585414,0.15752424117748162,0.03127040226174036,0.17683439219150884
408,1,train,16,0.06150425278520821,0.24800050964707354,0.03127040226174036,0.17683439219150884
408,2,train,16,0.017644056027715186,0.13283093023733286,0.03127040226174036,0.17683439219150884
408,3,train,6,0.021119413675496638,0.14532519972632632,0.03127040226174036,0.17683439219150884
408,-1,train,54,0.03127040226174036,0.17683439219150884,0.03127040226174036,0.17683439219150884
409,0,train,16,0.03310991734408112,0.1819613072718514,0.031981591511820714,0.1788339775093668
409,1,train,16,0.03507343776850935,0.1872790371838486,0.031981591511820714,0.1788339775093668
409,2,train,16,0.03353033678459257,0.1831129072037047,0.031981591511820714,0.1788339775093668
409,3,train,6,0.026212674150099827,0.16190328640920118,0.031981591511820714,0.1788339775093668
409,-1,train,54,0.031981591511820714,0.1788339775093668,0.031981591511820714,0.1788339775093668
410,0,train,16,0.030892704658161546,0.17576320621268135,0.030397412071256364,0.17434853618902674
410,1,train,16,0.04438654104270264,0.21068113594411494,0.030397412071256364,0.17434853618902674
410,2,train,16,0.029748936451221366,0.17247880000516402,0.030397412071256364,0.17434853618902674
410,3,train,6,0.016561466132939896,0.12869135997781628,0.030397412071256364,0.17434853618902674
410,-1,train,54,0.030397412071256364,0.17434853618902674,0.030397412071256364,0.17434853618902674
411,0,train,16,0.03365649248582032,0.18345705896972272,0.029340642011955586,0.17129110313135235
411,1,train,16,0.0442691323019098,0.2104023105907105,0.029340642011955586,0.17129110313135235
411,2,train,16,0.029180935697810623,0.17082428310345876,0.029340642011955586,0.17129110313135235
411,3,train,6,0.010256007562281602,0.10127194854589104,0.029340642011955586,0.17129110313135235
411,-1,train,54,0.029340642011955586,0.17129110313135235,0.029340642011955586,0.17129110313135235
412,0,train,16,0.05629794989411635,0.2372718902316841,0.029266720041239536,0.17107518826889986
412,1,train,16,0.013162619400931927,0.1147284594201976,0.029266720041239536,0.17107518826889986
412,2,train,16,0.037312521130981484,0.19316449241768396,0.029266720041239536,0.17107518826889986
412,3,train,6,0.010293789738928395,0.10145831527740048,0.029266720041239536,0.17107518826889986
412,-1,train,54,0.029266720041239536,0.17107518826889986,0.029266720041239536,0.17107518826889986
413,0,train,16,0.02507900864968059,0.15836353320660848,0.035302298401066745,0.18788905875826498
413,1,train,16,0.05077316666353657,0.22532901868941907,0.035302298401066745,0.18788905875826498
413,2,train,16,0.01597516671411367,0.12639290610676562,0.035302298401066745,0.18788905875826498
413,3,train,6,0.04938185157693614,0.222220277150705,0.035302298401066745,0.18788905875826498
413,-1,train,54,0.035302298401066745,0.18788905875826498,0.035302298401066745,0.18788905875826498
414,0,train,16,0.020393380570214285,0.14280539405153533,0.04160984527859868,0.20398491434073912
414,1,train,16,0.010139929480970606,0.10069721684818606,0.04160984527859868,0.20398491434073912
414,2,train,16,0.04577398235251249,0.21394855071374633,0.04160984527859868,0.20398491434073912
414,3,train,6,0.09013208871069733,0.3002200671352555,0.04160984527859868,0.20398491434073912
414,-1,train,54,0.04160984527859868,0.20398491434073912,0.04160984527859868,0.20398491434073912
415,0,train,16,0.02405878347804162,0.155108940677324,0.0286553643358012,0.16927895420223152
415,1,train,16,0.03114486906668044,0.1764790896018008,0.0286553643358012,0.16927895420223152
415,2,train,16,0.051609459634474934,0.22717715473716749,0.0286553643358012,0.16927895420223152
415,3,train,6,0.0078083451640077895,0.08836484122097311,0.0286553643358012,0.16927895420223152
415,-1,train,54,0.0286553643358012,0.16927895420223152,0.0286553643358012,0.16927895420223152
416,0,train,16,0.029562229725002304,0.17193670266991368,0.029366552988304557,0.171366720772455
416,1,train,16,0.04014165382455679,0.20035382158710321,0.029366552988304557,0.171366720772455
416,2,train,16,0.03487605769321459,0.1867513258138067,0.029366552988304557,0.171366720772455
416,3,train,6,0.01288627071044455,0.11351771099896504,0.029366552988304557,0.171366720772455
416,-1,train,54,0.029366552988304557,0.171366720772455,0.029366552988304557,0.171366720772455
417,0,train,16,0.05106026650957729,0.22596518871183963,0.028589411144557084,0.16908403574719016
417,1,train,16,0.018479932247443768,0.1359409145454148,0.028589411144557084,0.16908403574719016
417,2,train,16,0.03640046123118967,0.19078904903371594,0.028589411144557084,0.16908403574719016
417,3,train,6,0.008416984590017607,0.09174412564310375,0.028589411144557084,0.16908403574719016
417,-1,train,54,0.028589411144557084,0.16908403574719016,0.028589411144557084,0.16908403574719016
418,0,train,16,0.015915126778540057,0.12615516944834268,0.03097616625242035,0.17600047230737864
418,1,train,16,0.04862320541870566,0.22050670152788024,0.03097616625242035,0.17600047230737864
418,2,train,16,0.0351846120025971,0.18757561675920753,0.03097616625242035,0.17600047230737864
418,3,train,6,0.02418172080983859,0.15550472922017064,0.03097616625242035,0.17600047230737864
418,-1,train,54,0.03097616625242035,0.17600047230737864,0.03097616625242035,0.17600047230737864
419,0,train,16,0.020284717541682495,0.14242442747535444,0.04025792565343267,0.20064377800827185
419,1,train,16,0.024695543338776906,0.15714815728724568,0.04025792565343267,0.20064377800827185
419,2,train,16,0.03197810660931429,0.17882423384238025,0.04025792565343267,0.20064377800827185
419,3,train,6,0.084073335123957,0.2899540224310692,0.04025792565343267,0.20064377800827185
419,-1,train,54,0.04025792565343267,0.20064377800827185,0.04025792565343267,0.20064377800827185
420,0,train,16,0.010690255089207687,0.10339368979395061,0.03483521537495029,0.18664194430767778
420,1,train,16,0.038221843470511246,0.19550407532967504,0.03483521537495029,0.18664194430767778
420,2,train,16,0.04044836431611911,0.20111778716990478,0.03483521537495029,0.18664194430767778
420,3,train,6,0.04998039862396311,0.22356296344422327,0.03483521537495029,0.18664194430767778
420,-1,train,54,0.03483521537495029,0.18664194430767778,0.03483521537495029,0.18664194430767778
421,0,train,16,0.04620055815722565,0.2149431509893387,0.03160939159272337,0.17779030230224419
421,1,train,16,0.023077398607695056,0.15191247021786938,0.03160939159272337,0.17779030230224419
421,2,train,16,0.027466935804014925,0.16573151723198254,0.03160939159272337,0.17779030230224419
421,3,train,6,0.029692673801957854,0.17231562262881986,0.03160939159272337,0.17779030230224419
421,-1,train,54,0.03160939159272337,0.17779030230224419,0.03160939159272337,0.17779030230224419
422,0,train,16,0.025554978134784495,0.15985924475858285,0.034358346167155066,0.18536004468912676
422,1,train,16,0.041727588476552224,0.20427331807299803,0.034358346167155066,0.18536004468912676
422,2,train,16,0.022158701469417025,0.14885799094914934,0.034358346167155066,0.18536004468912676
422,3,train,6,0.04799211658786651,0.21907103091889285,0.034358346167155066,0.18536004468912676
422,-1,train,54,0.034358346167155066,0.18536004468912676,0.034358346167155066,0.18536004468912676
423,0,train,16,0.03686976525764957,0.192015013104834,0.028189431701405768,0.16789708663763575
423,1,train,16,0.023904921482524072,0.15461216473008865,0.028189431701405768,0.16789708663763575
423,2,train,16,0.043039361367097045,0.2074593005075864,0.028189431701405768,0.16789708663763575
423,3,train,6,0.008943678698352385,0.09457102462357266,0.028189431701405768,0.16789708663763575
423,-1,train,54,0.028189431701405768,0.16789708663763575,0.028189431701405768,0.16789708663763575
424,0,train,16,0.03781955441626971,0.19447250298247748,0.0320052457103108,0.17890009980520077
424,1,train,16,0.0233895352500806,0.15293637647754246,0.0320052457103108,0.17890009980520077
424,2,train,16,0.03291700972054743,0.18143045422570994,0.0320052457103108,0.17890009980520077
424,3,train,6,0.03389488345434543,0.18410563124018078,0.0320052457103108,0.17890009980520077
424,-1,train,54,0.0320052457103108,0.17890009980520077,0.0320052457103108,0.17890009980520077
425,0,train,16,0.020690844271928504,0.14384312382567513,0.03104745014868044,0.17620286645988606
425,1,train,16,0.033626024259942655,0.18337400104688412,0.03104745014868044,0.17620286645988606
425,2,train,16,0.0415890874568502,0.2039340272167698,0.03104745014868044,0.17620286645988606
425,3,train,6,0.028283844606000388,0.1681780146333057,0.03104745014868044,0.17620286645988606
425,-1,train,54,0.03104745014868044,0.17620286645988606,0.03104745014868044,0.17620286645988606
426,0,train,16,0.032199188811924934,0.17944132414782538,0.037067856097548195,0.19253014334786175
426,1,train,16,0.021184196084472612,0.14554791679880758,0.037067856097548195,0.19253014334786175
426,2,train,16,0.027579581924812288,0.16607101470398827,0.037067856097548195,0.19253014334786175
426,3,train,6,0.06730845756898295,0.25943873567565606,0.037067856097548195,0.19253014334786175
426,-1,train,54,0.037067856097548195,0.19253014334786175,0.037067856097548195,0.19253014334786175
427,0,train,16,0.043021024934663844,0.20741510295700225,0.03037132234686411,0.17427369952710625
427,1,train,16,0.032240711454827896,0.17955698664999895,0.03037132234686411,0.17427369952710625
427,2,train,16,0.021342448937503245,0.14609055047299688,0.03037132234686411,0.17427369952710625
427,3,train,6,0.024881104060461456,0.15773745294146682,0.03037132234686411,0.17427369952710625
427,-1,train,54,0.03037132234686411,0.17427369952710625,0.03037132234686411,0.17427369952710625
428,0,train,16,0.02688787754397473,0.16397523454465535,0.027853317824521547,0.166893132945971
428,1,train,16,0.02725253163444503,0.1650834081137321,0.027853317824521547,0.166893132945971
428,2,train,16,0.04795706648116916,0.21899101917925576,0.027853317824521547,0.166893132945971
428,3,train,6,0.009315795638497259,0.09651836943554971,0.027853317824521547,0.166893132945971
428,-1,train,54,0.027853317824521547,0.166893132945971,0.027853317824521547,0.166893132945971
429,0,train,16,0.033787241591832384,0.18381306153761867,0.030089892937700473,0.173464385214085
429,1,train,16,0.03024971269062493,0.17392444535091936,0.030089892937700473,0.173464385214085
429,2,train,16,0.03218813412194349,0.17941051842616,0.030089892937700473,0.173464385214085
429,3,train,6,0.024134483346401083,0.15535277064282144,0.030089892937700473,0.173464385214085
429,-1,train,54,0.030089892937700473,0.173464385214085,0.030089892937700473,0.173464385214085
430,0,train,16,0.041268402880297865,0.20314625982355142,0.030388740267496835,0.17432366525373666
430,1,train,16,0.02938259252778395,0.17141351325897253,0.030388740267496835,0.17432366525373666
430,2,train,16,0.024381570226398933,0.15614599010669128,0.030388740267496835,0.17432366525373666
430,3,train,6,0.02652239543550659,0.16285697846732447,0.030388740267496835,0.17432366525373666
430,-1,train,54,0.030388740267496835,0.17432366525373666,0.030388740267496835,0.17432366525373666
431,0,train,16,0.0219039365188005,0.1479997855363328,0.03428665356796151,0.1851665562890921
431,1,train,16,0.022178265481562178,0.14892369012874404,0.03428665356796151,0.1851665562890921
431,2,train,16,0.041073942125468554,0.20266707212931398,0.03428665356796151,0.1851665562890921
431,3,train,6,0.051990470146014794,0.22801418847522362,0.03428665356796151,0.1851665562890921
431,-1,train,54,0.03428665356796151,0.1851665562890921,0.03428665356796151,0.1851665562890921
432,0,train,16,0.04085915659467687,0.20213648011845084,0.03144226891693513,0.1773196800046039
432,1,train,16,0.020662735934044205,0.14374538578348942,0.03144226891693513,0.1773196800046039
432,2,train,16,0.029987133823902997,0.17316793532263125,0.03144226891693513,0.1773196800046039
432,3,train,6,0.03426004931511644,0.18509470363874933,0.03144226891693513,0.1773196800046039
432,-1,train,54,0.03144226891693513,0.1773196800046039,0.03144226891693513,0.1773196800046039
433,0,train,16,0.036000748750824506,0.1897386327315144,0.02728497986719369,0.16518165717534647
433,1,train,16,0.020435005210929762,0.14295105879611303,0.02728497986719369,0.16518165717534647
433,2,train,16,0.04457718024385904,0.2111330865683042,0.02728497986719369,0.16518165717534647
433,3,train,6,0.008126985263161458,0.09014979347265005,0.02728497986719369,0.16518165717534647
433,-1,train,54,0.02728497986719369,0.16518165717534647,0.02728497986719369,0.16518165717534647
434,0,train,16,0.045750811813007,0.2138943940663406,0.029025807287350294,0.1703696196137982
434,1,train,16,0.008532060474792767,0.0923691532644571,0.029025807287350294,0.1703696196137982
434,2,train,16,0.042050460644819904,0.20506208973093956,0.029025807287350294,0.1703696196137982
434,3,train,6,0.019769896216781508,0.14060546296919443,0.029025807287350294,0.1703696196137982
434,-1,train,54,0.029025807287350294,0.1703696196137982,0.029025807287350294,0.1703696196137982
435,0,train,16,0.04504609892066239,0.21224066274081976,0.026759054496879393,0.16358195040064596
435,1,train,16,0.040820236086681866,0.20204018433638854,0.026759054496879393,0.16358195040064596
435,2,train,16,0.015433588589643213,0.12423199503204967,0.026759054496879393,0.16358195040064596
435,3,train,6,0.005736294390530115,0.07573832841124839,0.026759054496879393,0.16358195040064596
435,-1,train,54,0.026759054496879393,0.16358195040064596,0.026759054496879393,0.16358195040064596
436,0,train,16,0.02616064177374297,0.16174251690184302,0.029018865001846767,0.17034924420685513
436,1,train,16,0.04383786334898571,0.20937493486323933,0.029018865001846767,0.17034924420685513
436,2,train,16,0.025379685924651476,0.15931003083500886,0.029018865001846767,0.17034924420685513
436,3,train,6,0.020697268960006912,0.14386545436624773,0.029018865001846767,0.17034924420685513
436,-1,train,54,0.029018865001846767,0.17034924420685513,0.029018865001846767,0.17034924420685513
437,0,train,16,0.045100806642329926,0.21236950497265356,0.03027907713491817,0.17400884211705497
437,1,train,16,0.015623820539548592,0.12499528206915889,0.03027907713491817,0.17400884211705497
437,2,train,16,0.03117179506173091,0.17655535976494996,0.03027907713491817,0.17400884211705497
437,3,train,6,0.02921988629606325,0.17093825287530948,0.03027907713491817,0.17400884211705497
437,-1,train,54,0.03027907713491817,0.17400884211705497,0.03027907713491817,0.17400884211705497
438,0,train,16,0.028683232300619508,0.1693612479306276,0.028869583965072422,0.16991051752340824
438,1,train,16,0.044144284267722204,0.21010541227612917,0.028869583965072422,0.16991051752340824
438,2,train,16,0.02198470466959032,0.1482724002287355,0.028869583965072422,0.16991051752340824
438,3,train,6,0.020666114622357658,0.14375713763969306,0.028869583965072422,0.16991051752340824
438,-1,train,54,0.028869583965072422,0.16991051752340824,0.028869583965072422,0.16991051752340824
439,0,train,16,0.04689327012859305,0.2165485398902358,0.02646507588588053,0.1626809020318013
439,1,train,16,0.03165372489756383,0.17791493725250793,0.02646507588588053,0.1626809020318013
439,2,train,16,0.021634881117097007,0.1470880046676037,0.02646507588588053,0.1626809020318013
439,3,train,6,0.0056784274002682315,0.07535534088747944,0.02646507588588053,0.1626809020318013
439,-1,train,54,0.02646507588588053,0.1626809020318013,0.02646507588588053,0.1626809020318013
440,0,train,16,0.030077008905732148,0.17342724383940417,0.0267707095635637,0.1636175710721917
440,1,train,16,0.05285791536795295,0.22990849346632009,0.0267707095635637,0.1636175710721917
440,2,train,16,0.01600667081461454,0.1265174723688967,0.0267707095635637,0.1636175710721917
440,3,train,6,0.008141243165955152,0.09022883777349208,0.0267707095635637,0.1636175710721917
440,-1,train,54,0.0267707095635637,0.1636175710721917,0.0267707095635637,0.1636175710721917
441,0,train,16,0.0303072677855805,0.17408982677221693,0.027971895827619282,0.16724800694662786
441,1,train,16,0.03457672510188549,0.18594817853876786,0.027971895827619282,0.16724800694662786
441,2,train,16,0.030702825845564274,0.17522221847004527,0.027971895827619282,0.16724800694662786
441,3,train,6,0.016300764577446867,0.1276744476293,0.027971895827619282,0.16724800694662786
441,-1,train,54,0.027971895827619282,0.16724800694662786,0.027971895827619282,0.16724800694662786
442,0,train,16,0.02481548715615292,0.15752932157586702,0.031060221870569674,0.17623910426057457
442,1,train,16,0.032395467905122245,0.17998741040729,0.031060221870569674,0.17623910426057457
442,2,train,16,0.030556865500911776,0.17480522160654063,0.031060221870569674,0.17623910426057457
442,3,train,6,0.03647306692009175,0.19097923164598749,0.031060221870569674,0.17623910426057457
442,-1,train,54,0.031060221870569674,0.17623910426057457,0.031060221870569674,0.17623910426057457
443,0,train,16,0.0175393761328373,0.13243630972221063,0.030060675777139913,0.17338014816333475
443,1,train,16,0.03332384707152018,0.18254820478854394,0.030060675777139913,0.17338014816333475
443,2,train,16,0.038869193633641524,0.1971527165261527,0.030060675777139913,0.17338014816333475
443,3,train,6,0.030510286270560644,0.17467193899009836,0.030060675777139913,0.17338014816333475
443,-1,train,54,0.030060675777139913,0.17338014816333475,0.030060675777139913,0.17338014816333475
444,0,train,16,0.04718050032649168,0.2172107279268031,0.026389205530667658,0.16244754701339031
444,1,train,16,0.03508824506259601,0.1873185657178594,0.026389205530667658,0.16244754701339031
444,2,train,16,0.015936096204787635,0.1262382517495693,0.026389205530667658,0.16244754701339031
444,3,train,6,0.007351980528795311,0.08574369089790403,0.026389205530667658,0.16244754701339031
444,-1,train,54,0.026389205530667658,0.16244754701339031,0.026389205530667658,0.16244754701339031
445,0,train,16,0.0238432901516648,0.1544127266505737,0.031150209559678045,0.17649421962114806
445,1,train,16,0.031264045979191385,0.1768164188620259,0.031150209559678045,0.17649421962114806
445,2,train,16,0.03106879402272773,0.1762634222484283,0.031150209559678045,0.17649421962114806
445,3,train,6,0.03842470808512826,0.19602221324413277,0.031150209559678045,0.17649421962114806
445,-1,train,54,0.031150209559678045,0.17649421962114806,0.031150209559678045,0.17649421962114806
446,0,train,16,0.02913867609652868,0.17070054509733903,0.034268966573660284,0.18511879043916715
446,1,train,16,0.029346008336336216,0.17130676675582962,0.034268966573660284,0.18511879043916715
446,2,train,16,0.019762348298620884,0.14057861963549395,0.034268966573660284,0.18511879043916715
446,3,train,6,0.05882883356315535,0.242546559578064,0.034268966573660284,0.18511879043916715
446,-1,train,54,0.034268966573660284,0.18511879043916715,0.034268966573660284,0.18511879043916715
447,0,train,16,0.03542649194198288,0.18821926559728916,0.026136985942753346,0.16166937230889883
447,1,train,16,0.0330124211620323,0.18169320615265805,0.026136985942753346,0.16166937230889883
447,2,train,16,0.028870667462521576,0.16991370592898494,0.026136985942753346,0.16166937230889883
447,3,train,6,0.007238363204476624,0.08507857077123841,0.026136985942753346,0.16166937230889883
447,-1,train,54,0.026136985942753346,0.16166937230889883,0.026136985942753346,0.16166937230889883
448,0,train,16,0.03989638418691067,0.19974079249595128,0.029172415416137375,0.17079934255183002
448,1,train,16,0.01904520264352943,0.13800435733530092,0.029172415416137375,0.17079934255183002
448,2,train,16,0.03055578916035472,0.17480214289405813,0.029172415416137375,0.17079934255183002
448,3,train,6,0.02719228567375468,0.16490083587949056,0.029172415416137375,0.17079934255183002
448,-1,train,54,0.029172415416137375,0.17079934255183002,0.029172415416137375,0.17079934255183002
449,0,train,16,0.03870045055961974,0.19672430088735793,0.026237020087075943,0.16197845562628366
449,1,train,16,0.04539901276189071,0.21307044084501894,0.026237020087075943,0.16197845562628366
449,2,train,16,0.012067851498563488,0.10985377325592184,0.026237020087075943,0.16197845562628366
449,3,train,6,0.00878076552822984,0.09370573903571669,0.026237020087075943,0.16197845562628366
449,-1,train,54,0.026237020087075943,0.16197845562628366,0.026237020087075943,0.16197845562628366
450,0,train,16,0.02238017111856919,0.14960003716098866,0.03513292060712737,0.1874377779614541
450,1,train,16,0.015536651227795052,0.12464610394149932,0.03513292060712737,0.1874377779614541
450,2,train,16,0.03632563132617224,0.19059284174955848,0.03513292060712737,0.1874377779614541
450,3,train,6,0.06628922875597298,0.25746694691935307,0.03513292060712737,0.1874377779614541
450,-1,train,54,0.03513292060712737,0.1874377779614541,0.03513292060712737,0.1874377779614541
451,0,train,16,0.03977228514739945,0.19942990033442692,0.02599312538024494,0.16122383626574868
451,1,train,16,0.04523529920918273,0.21268591680970025,0.02599312538024494,0.16122383626574868
451,2,train,16,0.010826664931110876,0.10405126107410172,0.02599312538024494,0.16122383626574868
451,3,train,6,0.008138252233286705,0.09021226210048557,0.02599312538024494,0.16122383626574868
451,-1,train,54,0.02599312538024494,0.16122383626574868,0.02599312538024494,0.16122383626574868
452,0,train,16,0.016214491847282863,0.1273361372403092,0.033253026575521455,0.18235412409792506
452,1,train,16,0.0410004546777708,0.20248569005678105,0.033253026575521455,0.18235412409792506
452,2,train,16,0.020584330985286975,0.14347240496097838,0.033253026575521455,0.18235412409792506
452,3,train,6,0.05521282879174519,0.23497410238523136,0.033253026575521455,0.18235412409792506
452,-1,train,54,0.033253026575521455,0.18235412409792506,0.033253026575521455,0.18235412409792506
453,0,train,16,0.019777790637459377,0.14063353311873872,0.029161837804233467,0.17076837471918935
453,1,train,16,0.026476528732485256,0.16271609856583108,0.029161837804233467,0.17076837471918935
453,2,train,16,0.040835811488263846,0.2020787259665496,0.029161837804233467,0.17076837471918935
453,3,train,6,0.029557220358725392,0.1719221345805286,0.029161837804233467,0.17076837471918935
453,-1,train,54,0.029161837804233467,0.17076837471918935,0.029161837804233467,0.17076837471918935
454,0,train,16,0.01756167767454767,0.13252048020795756,0.028675473470242224,0.16933834022524913
454,1,train,16,0.05810678369745203,0.24105348721280104,0.028675473470242224,0.16933834022524913
454,2,train,16,0.012167422280983714,0.1103060391863642,0.028675473470242224,0.16933834022524913
454,3,train,6,0.026866010227985477,0.16390854226667223,0.028675473470242224,0.16933834022524913
454,-1,train,54,0.028675473470242224,0.16933834022524913,0.028675473470242224,0.16933834022524913
455,0,train,16,0.01870326337429146,0.13675987486939092,0.028725883762510184,0.16948711975401018
455,1,train,16,0.03664785254904243,0.19143628848534028,0.028725883762510184,0.16948711975401018
455,2,train,16,0.03179355639534923,0.1783074771156533,0.028725883762510184,0.16948711975401018
455,3,train,6,0.02775886273135762,0.16660991186408333,0.028725883762510184,0.16948711975401018
455,-1,train,54,0.028725883762510184,0.16948711975401018,0.028725883762510184,0.16948711975401018
456,0,train,16,0.03664717725111224,0.19143452471044045,0.025429374460407498,0.1594659037550269
456,1,train,16,0.036098302896753386,0.18999553388633478,0.025429374460407498,0.1594659037550269
456,2,train,16,0.021924622668017202,0.1480696547845547,0.025429374460407498,0.1594659037550269
456,3,train,6,0.007047395025747171,0.08394876428957826,0.025429374460407498,0.1594659037550269
456,-1,train,54,0.025429374460407498,0.1594659037550269,0.025429374460407498,0.1594659037550269
457,0,train,16,0.019062247244639424,0.13806609737600112,0.02956487885312513,0.1719444062862329
457,1,train,16,0.03532863912726069,0.18795914217526288,0.02956487885312513,0.1719444062862329
457,2,train,16,0.029799289481429958,0.1726247070422712,0.02956487885312513,0.1719444062862329
457,3,train,6,0.034069339559170436,0.1845788166588204,0.02956487885312513,0.1719444062862329
457,-1,train,54,0.02956487885312513,0.1719444062862329,0.02956487885312513,0.1719444062862329
458,0,train,16,0.016320082091749663,0.1277500766800148,0.02837771563929494,0.16845686581227534
458,1,train,16,0.02765260729316237,0.16629073123046387,0.02837771563929494,0.16845686581227534
458,2,train,16,0.04267092878671761,0.2065694284900784,0.02837771563929494,0.16845686581227534
458,3,train,6,0.026867244385550125,0.1639123069984378,0.02837771563929494,0.16845686581227534
458,-1,train,54,0.02837771563929494,0.16845686581227534,0.02837771563929494,0.16845686581227534
459,0,train,16,0.012801419448505337,0.11314335795134126,0.037968618277666386,0.1948553778515399
459,1,train,16,0.032880067688433705,0.18132861795214153,0.037968618277666386,0.1948553778515399
459,2,train,16,0.017471104583264303,0.1321783060235843,0.037968618277666386,0.1948553778515399
459,3,train,6,0.08872188139046218,0.2978621852307912,0.037968618277666386,0.1948553778515399
459,-1,train,54,0.037968618277666386,0.1948553778515399,0.037968618277666386,0.1948553778515399
460,0,train,16,0.025603919731419858,0.16001224869184189,0.027007526387072503,0.16433966772228945
460,1,train,16,0.0256034806987858,0.16001087681400225,0.027007526387072503,0.16433966772228945
460,2,train,16,0.037775413088022486,0.1943589799521043,0.027007526387072503,0.16433966772228945
460,3,train,6,0.019047292030061863,0.13801192712972984,0.027007526387072503,0.16433966772228945
460,-1,train,54,0.027007526387072503,0.16433966772228945,0.027007526387072503,0.16433966772228945
461,0,train,16,0.02641653649175471,0.1625316476620929,0.029664420577172237,0.17223362208689752
461,1,train,16,0.017688994284360243,0.13299997851263076,0.029664420577172237,0.17223362208689752
461,2,train,16,0.03798795060688078,0.19490497840455687,0.029664420577172237,0.17223362208689752
461,3,train,6,0.03656420092569321,0.19121767942764395,0.029664420577172237,0.17223362208689752
461,-1,train,54,0.029664420577172237,0.17223362208689752,0.029664420577172237,0.17223362208689752
462,0,train,16,0.012019103706235107,0.1096316729154267,0.02513059631180741,0.15852632687288068
462,1,train,16,0.05094787582576609,0.2257163614489789,0.02513059631180741,0.15852632687288068
462,2,train,16,0.029586998403249628,0.17200871606767382,0.02513059631180741,0.15852632687288068
462,3,train,6,0.007968407311978816,0.08926593589930493,0.02513059631180741,0.15852632687288068
462,-1,train,54,0.02513059631180741,0.15852632687288068,0.02513059631180741,0.15852632687288068
463,0,train,16,0.04399868073546648,0.20975862493701297,0.02500546470738244,0.1581311629862452
463,1,train,16,0.01963376036114114,0.1401205208423846,0.02500546470738244,0.1581311629862452
463,2,train,16,0.028738652386396762,0.16952478398864504,0.02500546470738244,0.1581311629862452
463,3,train,6,0.007650765346525362,0.08746865350813034,0.02500546470738244,0.1581311629862452
463,-1,train,54,0.02500546470738244,0.1581311629862452,0.02500546470738244,0.1581311629862452
464,0,train,16,0.03724983207656068,0.19300215562672007,0.02495958139898634,0.15798601646660484
464,1,train,16,0.0085378956401725,0.09240073398070223,0.02495958139898634,0.15798601646660484
464,2,train,16,0.046237415754036504,0.21502887190802195,0.02495958139898634,0.15798601646660484
464,3,train,6,0.007813182125175674,0.08839220624679346,0.02495958139898634,0.15798601646660484
464,-1,train,54,0.02495958139898634,0.15798601646660484,0.02495958139898634,0.15798601646660484
465,0,train,16,0.03756888749192916,0.19382695243935802,0.02480557508495907,0.15749785739799468
465,1,train,16,0.026058246210127856,0.1614256677549387,0.02480557508495907,0.15749785739799468
465,2,train,16,0.02835048181050844,0.16837601316846898,0.02480557508495907,0.15749785739799468
465,3,train,6,0.007244684827270835,0.08511571433801654,0.02480557508495907,0.15749785739799468
465,-1,train,54,0.02480557508495907,0.15749785739799468,0.02480557508495907,0.15749785739799468
466,0,train,16,0.028155285920086485,0.16779536918546498,0.024334386144245622,0.15599482729964356
466,1,train,16,0.03548947741360247,0.18838651069968484,0.024334386144245622,0.15599482729964356
466,2,train,16,0.029078496214485355,0.17052418073248543,0.024334386144245622,0.15599482729964356
466,3,train,6,0.00461428502880817,0.06792852882852808,0.024334386144245622,0.15599482729964356
466,-1,train,54,0.024334386144245622,0.15599482729964356,0.024334386144245622,0.15599482729964356
467,0,train,16,0.05473836220488539,0.23396230936816595,0.025244644334777668,0.15888563287716628
467,1,train,16,0.009695577804162121,0.09846612516069737,0.025244644334777668,0.15888563287716628
467,2,train,16,0.025717763765027473,0.16036758950931287,0.025244644334777668,0.15888563287716628
467,3,train,6,0.010826873565035684,0.10405226362283371,0.025244644334777668,0.15888563287716628
467,-1,train,54,0.025244644334777668,0.15888563287716628,0.025244644334777668,0.15888563287716628
468,0,train,16,0.026355897018566724,0.16234499382046472,0.02872975552552632,0.16949854136695786
468,1,train,16,0.03636490975169734,0.19069585667155262,0.02872975552552632,0.16949854136695786
468,2,train,16,0.01863146286484394,0.13649711669058778,0.02872975552552632,0.16949854136695786
468,3,train,6,0.03356675246699727,0.1832123152711009,0.02872975552552632,0.16949854136695786
468,-1,train,54,0.02872975552552632,0.16949854136695786,0.02872975552552632,0.16949854136695786
469,0,train,16,0.014790592188827964,0.12161657859366035,0.025001411881414026,0.15811834770643798
469,1,train,16,0.03240208730799151,0.1800057979843747,0.025001411881414026,0.15811834770643798
469,2,train,16,0.04271083447923391,0.20666599739491234,0.025001411881414026,0.15811834770643798
469,3,train,6,0.010102133549602706,0.10050937045670272,0.025001411881414026,0.15811834770643798
469,-1,train,54,0.025001411881414026,0.15811834770643798,0.025001411881414026,0.15811834770643798
470,0,train,16,0.03447692209151037,0.18567962217623765,0.024551312142488114,0.15668858331891355
470,1,train,16,0.023874358299566443,0.15451329489583232,0.024551312142488114,0.15668858331891355
470,2,train,16,0.032242864661428575,0.1795629824363267,0.024551312142488114,0.15668858331891355
470,3,train,6,0.007611103517447067,0.08724163866782345,0.024551312142488114,0.15668858331891355
470,-1,train,54,0.024551312142488114,0.15668858331891355,0.024551312142488114,0.15668858331891355
471,0,train,16,0.03280688578517788,0.18112671195927418,0.028608084201319904,0.16913924500635535
471,1,train,16,0.029324112521265724,0.1712428466280146,0.028608084201319904,0.16913924500635535
471,2,train,16,0.018287209168059218,0.13523020804561095,0.028608084201319904,0.16913924500635535
471,3,train,6,0.034014129330776806,0.1844291986936364,0.028608084201319904,0.16913924500635535
471,-1,train,54,0.028608084201319904,0.16913924500635535,0.028608084201319904,0.16913924500635535
472,0,train,16,0.03117962385640197,0.1765775293076726,0.03687965582386686,0.19204076604686532
472,1,train,16,0.015005920856159365,0.12249865654838572,0.03687965582386686,0.19204076604686532
472,2,train,16,0.014011914587225555,0.11837193327485006,0.03687965582386686,0.19204076604686532
472,3,train,6,0.08732116399568055,0.29550154651994726,0.03687965582386686,0.19204076604686532
472,-1,train,54,0.03687965582386686,0.19204076604686532,0.03687965582386686,0.19204076604686532
473,0,train,16,0.032712415756160025,0.1808657395864679,0.029404207957820314,0.1714765522099751
473,1,train,16,0.017963234002190173,0.13402698982738578,0.029404207957820314,0.1714765522099751
473,2,train,16,0.026990407810085854,0.16428757655430265,0.029404207957820314,0.1714765522099751
473,3,train,6,0.0399507742628452,0.19987689777171647,0.029404207957820314,0.1714765522099751
473,-1,train,54,0.029404207957820314,0.1714765522099751,0.029404207957820314,0.1714765522099751
474,0,train,16,0.027516688576994183,0.1658815498390167,0.024091108671010514,0.15521310727838197
474,1,train,16,0.04308268549937263,0.2075636902239229,0.024091108671010514,0.15521310727838197
474,2,train,16,0.019398853405263285,0.1392797666757928,0.024091108671010514,0.15521310727838197
474,3,train,6,0.006366207202411958,0.0797885154794345,0.024091108671010514,0.15521310727838197
474,-1,train,54,0.024091108671010514,0.15521310727838197,0.024091108671010514,0.15521310727838197
475,0,train,16,0.026934852522374538,0.1641184100653383,0.024091788551357192,0.15521529741413118
475,1,train,16,0.04221308295427486,0.2054582267865535,0.024091788551357192,0.15521529741413118
475,2,train,16,0.02030013047506672,0.14247852636473582,0.024091788551357192,0.15521529741413118
475,3,train,6,0.006919088253712654,0.0831810570605631,0.024091788551357192,0.15521529741413118
475,-1,train,54,0.024091788551357192,0.15521529741413118,0.024091788551357192,0.15521529741413118
476,0,train,16,0.022330028457921244,0.14943235412025485,0.03674145859948165,0.1916806161287094
476,1,train,16,0.02718490489353512,0.1648784549100795,0.03674145859948165,0.1916806161287094
476,2,train,16,0.009169447699801448,0.09575723314612557,0.03674145859948165,0.1916806161287094
476,3,train,6,0.0882814533466688,0.29712195029426686,0.03674145859948165,0.1916806161287094
476,-1,train,54,0.03674145859948165,0.1916806161287094,0.03674145859948165,0.1916806161287094
477,0,train,16,0.02219440371891918,0.14897786318416298,0.029497221795962116,0.17174755251811338
477,1,train,16,0.03530128701976379,0.18788636730684796,0.029497221795962116,0.17174755251811338
477,2,train,16,0.018029619782954365,0.13427441968950887,0.029497221795962116,0.17174755251811338
477,3,train,6,0.042463576662211136,0.20606692277561467,0.029497221795962116,0.17174755251811338
477,-1,train,54,0.029497221795962116,0.17174755251811338,0.029497221795962116,0.17174755251811338
478,0,train,16,0.02674649508766491,0.16354355715730567,0.027375814612484325,0.1654563828097433
478,1,train,16,0.03130424308226274,0.17693005138263748,0.027375814612484325,0.1654563828097433
478,2,train,16,0.022100169104556408,0.14866125623226922,0.027375814612484325,0.1654563828097433
478,3,train,6,0.029352351175453244,0.1713252788570713,0.027375814612484325,0.1654563828097433
478,-1,train,54,0.027375814612484325,0.1654563828097433,0.027375814612484325,0.1654563828097433
479,0,train,16,0.026878021672668905,0.16394517886375587,0.027161638325694668,0.16480788308116415
479,1,train,16,0.02650667387995299,0.16280870332986805,0.027161638325694668,0.16480788308116415
479,2,train,16,0.026786357724846842,0.16366538340420933,0.027161638325694668,0.16480788308116415
479,3,train,6,0.028475500025309932,0.16874685189747965,0.027161638325694668,0.16480788308116415
479,-1,train,54,0.027161638325694668,0.16480788308116415,0.027161638325694668,0.16480788308116415
480,0,train,16,0.02094249355942422,0.14471521536944282,0.023977726024628457,0.15484742821444744
480,1,train,16,0.03160603483596658,0.177780861838294,0.023977726024628457,0.15484742821444744
480,2,train,16,0.034767036126448575,0.18645920767408772,0.023977726024628457,0.15484742821444744
480,3,train,6,0.008595339576674459,0.09271105423127524,0.023977726024628457,0.15484742821444744
480,-1,train,54,0.023977726024628457,0.15484742821444744,0.023977726024628457,0.15484742821444744
481,0,train,16,0.028983526296393402,0.17024548832904032,0.029580924436889762,0.17199105917718444
481,1,train,16,0.02445868119201043,0.1563927146385356,0.029580924436889762,0.17199105917718444
481,2,train,16,0.019969453513067722,0.14131331682848478,0.029580924436889762,0.17199105917718444
481,3,train,6,0.044912036746087486,0.21192460155934584,0.029580924436889762,0.17199105917718444
481,-1,train,54,0.029580924436889762,0.17199105917718444,0.029580924436889762,0.17199105917718444
482,0,train,16,0.033168600115666885,0.18212248657336877,0.0258944500433513,0.16091752559417294
482,1,train,16,0.03129251522451982,0.17689690563862281,0.0258944500433513,0.16091752559417294
482,2,train,16,0.01741452098528117,0.1319640897565742,0.0258944500433513,0.16091752559417294
482,3,train,6,0.02170216384793734,0.1473165430219476,0.0258944500433513,0.16091752559417294
482,-1,train,54,0.0258944500433513,0.16091752559417294,0.0258944500433513,0.16091752559417294
483,0,train,16,0.015871874322347015,0.12598362719951753,0.023301502086322354,0.15264829539278305
483,1,train,16,0.03990818103108031,0.19977032069624434,0.023301502086322354,0.15264829539278305
483,2,train,16,0.03184474024926514,0.17845094633894532,0.023301502086322354,0.15264829539278305
483,3,train,6,0.00558121274259696,0.07470751463271255,0.023301502086322354,0.15264829539278305
483,-1,train,54,0.023301502086322354,0.15264829539278305,0.023301502086322354,0.15264829539278305
484,0,train,16,0.027802247606482696,0.16674005999304034,0.025259953408919955,0.15893380197088333
484,1,train,16,0.027767793091481696,0.16663670991555762,0.025259953408919955,0.15893380197088333
484,2,train,16,0.026914077472813314,0.1640551049885779,0.025259953408919955,0.15893380197088333
484,3,train,6,0.01855569546490211,0.13621929182352296,0.025259953408919955,0.15893380197088333
484,-1,train,54,0.025259953408919955,0.15893380197088333,0.025259953408919955,0.15893380197088333
485,0,train,16,0.030638349166458873,0.17503813632022844,0.0233371423769602,0.15276499067836255
485,1,train,16,0.020123801818087015,0.14185838649190613,0.0233371423769602,0.15276499067836255
485,2,train,16,0.035913583993228526,0.18950879661173653,0.0233371423769602,0.15276499067836255
485,3,train,6,0.006672834530066376,0.08168741965606685,0.0233371423769602,0.15276499067836255
485,-1,train,54,0.0233371423769602,0.15276499067836255,0.0233371423769602,0.15276499067836255
486,0,train,16,0.03089209086812351,0.17576146013311197,0.022607532822555173,0.1503580154915433
486,1,train,16,0.024898136664949385,0.1577914340670918,0.022607532822555173,0.1503580154915433
486,2,train,16,0.03221446752040875,0.17948389209176613,0.022607532822555173,0.1503580154915433
486,3,train,6,0.0024254362367390433,0.04924871812280034,0.022607532822555173,0.1503580154915433
486,-1,train,54,0.022607532822555173,0.1503580154915433,0.022607532822555173,0.1503580154915433
487,0,train,16,0.029138426016911967,0.17069981258604816,0.02777224435100783,0.16665006555956655
487,1,train,16,0.019259388199130284,0.13877819785229337,0.02777224435100783,0.16665006555956655
487,2,train,16,0.026809751709373983,0.16373683675145914,0.02777224435100783,0.16665006555956655
487,3,train,6,0.03588141147861508,0.1894238936317567,0.02777224435100783,0.16665006555956655
487,-1,train,54,0.02777224435100783,0.16665006555956655,0.02777224435100783,0.16665006555956655
488,0,train,16,0.015507221731583596,0.12452799577437837,0.0246905120509539,0.15713214836867057
488,1,train,16,0.040262274056284804,0.20065461384250502,0.0246905120509539,0.15713214836867057
488,2,train,16,0.026412176620692073,0.16251823473288182,0.0246905120509539,0.15713214836867057
488,3,train,6,0.016580375795255113,0.12876480806204432,0.0246905120509539,0.15713214836867057
488,-1,train,54,0.0246905120509539,0.15713214836867057,0.0246905120509539,0.15713214836867057
489,0,train,16,0.027400654303854757,0.16553142995774173,0.024345345916847123,0.15602995198630012
489,1,train,16,0.018370833996772615,0.1355390497117809,0.024345345916847123,0.15602995198630012
489,2,train,16,0.03682266765626358,0.19189233350049079,0.024345345916847123,0.15602995198630012
489,3,train,6,0.014787227710497532,0.121602745489144,0.024345345916847123,0.15602995198630012
489,-1,train,54,0.024345345916847123,0.15602995198630012,0.024345345916847123,0.15602995198630012
490,0,train,16,0.017779524977753515,0.13333988517226764,0.023396546735003125,0.15295929764157237
490,1,train,16,0.03157986631704348,0.17770724891529743,0.023396546735003125,0.15295929764157237
490,2,train,16,0.03512732301818083,0.18742284550764035,0.023396546735003125,0.15295929764157237
490,3,train,6,0.009099472627034675,0.0953911559162309,0.023396546735003125,0.15295929764157237
490,-1,train,54,0.023396546735003125,0.15295929764157237,0.023396546735003125,0.15295929764157237
491,0,train,16,0.01131284974373061,0.10636188106521344,0.024885511097406256,0.15775142185541866
491,1,train,16,0.03517003668089864,0.1875367608787638,0.024885511097406256,0.15775142185541866
491,2,train,16,0.03402321871610688,0.18445383898446485,0.024885511097406256,0.15775142185541866
491,3,train,6,0.01903593924888889,0.13797079128891335,0.024885511097406256,0.15775142185541866
491,-1,train,54,0.024885511097406256,0.15775142185541866,0.024885511097406256,0.15775142185541866
492,0,train,16,0.021219325058796392,0.14566854519351935,0.02551524897630187,0.15973493348764342
492,1,train,16,0.016466108688265833,0.12832033622254047,0.02551524897630187,0.15973493348764342
492,2,train,16,0.04091099602824985,0.2022646682647512,0.02551524897630187,0.15973493348764342
492,3,train,6,0.02346456612989541,0.15318148102788212,0.02551524897630187,0.15973493348764342
492,-1,train,54,0.02551524897630187,0.15973493348764342,0.02551524897630187,0.15973493348764342
493,0,train,16,0.038561541670862017,0.19637092878239898,0.024323855331241567,0.15596106992208525
493,1,train,16,0.008466007666590157,0.09201091058450708,0.024323855331241567,0.15596106992208525
493,2,train,16,0.03403911594387513,0.18449692665157089,0.024323855331241567,0.15596106992208525
493,3,train,6,0.01622875604363896,0.1273921349363412,0.024323855331241567,0.15596106992208525
493,-1,train,54,0.024323855331241567,0.15596106992208525,0.024323855331241567,0.15596106992208525
494,0,train,16,0.044475375511315085,0.2108918573850472,0.029995462632623593,0.17319198201020622
494,1,train,16,0.005334429016848041,0.07303717558098781,0.029995462632623593,0.17319198201020622
494,2,train,16,0.017222772824347667,0.13123556234629266,0.029995462632623593,0.17319198201020622
494,3,train,6,0.05294927317798357,0.23010709067298116,0.029995462632623593,0.17319198201020622
494,-1,train,54,0.029995462632623593,0.17319198201020622,0.029995462632623593,0.17319198201020622
495,0,train,16,0.03960111793820805,0.19900029632693528,0.0226002385140478,0.15033375706755883
495,1,train,16,0.025145437624104667,0.15857313020844568,0.0226002385140478,0.15033375706755883
495,2,train,16,0.01965052673787935,0.1401803364879659,0.0226002385140478,0.15033375706755883
495,3,train,6,0.00600387175599912,0.0774846549711562,0.0226002385140478,0.15033375706755883
495,-1,train,54,0.0226002385140478,0.15033375706755883,0.0226002385140478,0.15033375706755883
496,0,train,16,0.04150755526509259,0.20373403069956816,0.02272353486030021,0.15074327467684986
496,1,train,16,0.02664395576308945,0.16322976371694425,0.02272353486030021,0.15074327467684986
496,2,train,16,0.015548633491286523,0.12469415981226435,0.02272353486030021,0.15074327467684986
496,3,train,6,0.007193994921732289,0.08481742109809923,0.02272353486030021,0.15074327467684986
496,-1,train,54,0.02272353486030021,0.15074327467684986,0.02272353486030021,0.15074327467684986
497,0,train,16,0.03605972112534531,0.18989397337815994,0.02295382168199645,0.1515051869805006
497,1,train,16,0.014418711159034953,0.12007793785302508,0.02295382168199645,0.1515051869805006
497,2,train,16,0.03214576842734546,0.1792924104008462,0.02295382168199645,0.1515051869805006
497,3,train,6,0.009191086016260083,0.0958701518527017,0.02295382168199645,0.1515051869805006
497,-1,train,54,0.02295382168199645,0.1515051869805006,0.02295382168199645,0.1515051869805006
498,0,train,16,0.036518776413305164,0.19109886554688169,0.026762664488608076,0.16359298422795543
498,1,train,16,0.025135668115485687,0.15854232278948635,0.026762664488608076,0.16359298422795543
498,2,train,16,0.01142841111411958,0.10690374696014907,0.026762664488608076,0.16359298422795543
498,3,train,6,0.03396780231152188,0.1843035602247604,0.026762664488608076,0.16359298422795543
498,-1,train,54,0.026762664488608076,0.16359298422795543,0.026762664488608076,0.16359298422795543
499,0,train,16,0.017080813564094823,0.13069358654538035,0.023551907284268196,0.15346630667435832
499,1,train,16,0.02881226656820064,0.1697417643604562,0.023551907284268196,0.15346630667435832
499,2,train,16,0.03454517738633582,0.18586332985916243,0.023551907284268196,0.15346630667435832
499,3,train,6,0.013769371618441488,0.11734296578168411,0.023551907284268196,0.15346630667435832
499,-1,train,54,0.023551907284268196,0.15346630667435832,0.023551907284268196,0.15346630667435832
500,0,train,16,0.02119287659747732,0.1455777338657163,0.026337313161782235,0.16228774803349214
500,1,train,16,0.025898614422372405,0.16093046455650467,0.026337313161782235,0.16228774803349214
500,2,train,16,0.026308249693570037,0.16219818030289376,0.026337313161782235,0.16228774803349214
500,3,train,6,0.031949511933709186,0.17874426405820465,0.026337313161782235,0.16228774803349214
500,-1,train,54,0.026337313161782235,0.16228774803349214,0.026337313161782235,0.16228774803349214
501,0,train,16,0.017851903917086267,0.1336110171995044,0.02521208844531131,0.15878314912266764
501,1,train,16,0.021985788368846976,0.14827605460372548,0.02521208844531131,0.15878314912266764
501,2,train,16,0.0358731454547427,0.18940207352281732,0.02521208844531131,0.15878314912266764
501,3,train,6,0.025137516040569293,0.1585481505428849,0.02521208844531131,0.15878314912266764
501,-1,train,54,0.02521208844531131,0.15878314912266764,0.02521208844531131,0.15878314912266764
502,0,train,16,0.026828193360666122,0.16379314198300893,0.026005675842905526,0.1612627540472552
502,1,train,16,0.007857093773806868,0.0886402491750044,0.026005675842905526,0.1612627540472552
502,2,train,16,0.03870320898562844,0.19673131165533472,0.026005675842905526,0.1612627540472552
502,3,train,6,0.030634207251520676,0.17502630445598935,0.026005675842905526,0.1612627540472552
502,-1,train,54,0.026005675842905526,0.1612627540472552,0.026005675842905526,0.1612627540472552
503,0,train,16,0.037526634265134196,0.19371792448076197,0.023788485155031062,0.15423516186340605
503,1,train,16,0.008424807070161126,0.09178674779161274,0.023788485155031062,0.15423516186340605
503,2,train,16,0.032350431598250524,0.17986225729221383,0.023788485155031062,0.15423516186340605
503,3,train,6,0.016852067686578407,0.12981551404427133,0.023788485155031062,0.15423516186340605
503,-1,train,54,0.023788485155031062,0.15423516186340605,0.023788485155031062,0.15423516186340605
504,0,train,16,0.020345184832318303,0.14263654802440467,0.021961702274031988,0.1481948118998502
504,1,train,16,0.03553376185470552,0.18850401018202642,0.021961702274031988,0.1481948118998502
504,2,train,16,0.026451604211265304,0.16263949154884033,0.021961702274031988,0.1481948118998502
504,3,train,6,0.005516258197838819,0.07427151673312468,0.021961702274031988,0.1481948118998502
504,-1,train,54,0.021961702274031988,0.1481948118998502,0.021961702274031988,0.1481948118998502
505,0,train,16,0.011147596210148181,0.10558217752134202,0.02196487347960127,0.14820551096231635
505,1,train,16,0.032743779582385786,0.18095242353277777,0.02196487347960127,0.14820551096231635
505,2,train,16,0.03794020737300136,0.19478246166685892,0.02196487347960127,0.14820551096231635
505,3,train,6,0.006027910752869768,0.0776396210247691,0.02196487347960127,0.14820551096231635
505,-1,train,54,0.02196487347960127,0.14820551096231635,0.02196487347960127,0.14820551096231635
506,0,train,16,0.025158102612534743,0.15861305940096718,0.02765327263993081,0.16629273177120762
506,1,train,16,0.02844155291391662,0.1686462359909542,0.02765327263993081,0.16629273177120762
506,2,train,16,0.014176228945031821,0.11906396997006198,0.02765327263993081,0.16629273177120762
506,3,train,6,0.04283720608824006,0.20697151032990038,0.02765327263993081,0.16629273177120762
506,-1,train,54,0.02765327263993081,0.16629273177120762,0.02765327263993081,0.16629273177120762
507,0,train,16,0.01034836978527657,0.10172693736310245,0.025475648861043372,0.15961092964156112
507,1,train,16,0.03875088374202525,0.19685244154448592,0.025475648861043372,0.15961092964156112
507,2,train,16,0.02348760768280503,0.15325667255556943,0.025475648861043372,0.15961092964156112
507,3,train,6,0.02931573423406663,0.17121838170613174,0.025475648861043372,0.15961092964156112
507,-1,train,54,0.025475648861043372,0.15961092964156112,0.025475648861043372,0.15961092964156112
508,0,train,16,0.03227974540157253,0.17966564891924258,0.02646358627871865,0.1626763236574968
508,1,train,16,0.007318167882260514,0.08554629087377497,0.02646358627871865,0.1626763236574968
508,2,train,16,0.030216296582772296,0.17382835379411582,0.02646358627871865,0.1626763236574968
508,3,train,6,0.03604013524826926,0.1898423958136571,0.02646358627871865,0.1626763236574968
508,-1,train,54,0.02646358627871865,0.1626763236574968,0.02646358627871865,0.1626763236574968
509,0,train,16,0.042450128675172116,0.2060342900470019,0.021834960391334743,0.1477665739987726
509,1,train,16,0.017579974049565125,0.13258949449170218,0.021834960391334743,0.1477665739987726
509,2,train,16,0.020672679236183523,0.14377996813250282,0.021834960391334743,0.1477665739987726
509,3,train,6,0.0066370596044182046,0.08146815085920513,0.021834960391334743,0.1477665739987726
509,-1,train,54,0.021834960391334743,0.1477665739987726,0.021834960391334743,0.1477665739987726
510,0,train,16,0.023679607942914294,0.15388179860826393,0.02961078910010171,0.1720778576694332
510,1,train,16,0.012191804699950204,0.11041650555940541,0.02961078910010171,0.1720778576694332
510,2,train,16,0.025549686991902493,0.1598426945215279,0.02961078910010171,0.1720778576694332
510,3,train,6,0.057022056765639845,0.23879291607089154,0.02961078910010171,0.1720778576694332
510,-1,train,54,0.02961078910010171,0.1720778576694332,0.02961078910010171,0.1720778576694332
511,0,train,16,0.02479921434998981,0.1574776630192035,0.025828486213917715,0.1607124332897667
511,1,train,16,0.020077179869587465,0.14169396553695385,0.025828486213917715,0.1607124332897667
511,2,train,16,0.025177007835881966,0.15867264362794856,0.025828486213917715,0.1607124332897667
511,3,train,6,0.033260542800211616,0.1823747318029875,0.025828486213917715,0.1607124332897667
511,-1,train,54,0.025828486213917715,0.1607124332897667,0.025828486213917715,0.1607124332897667
512,0,train,16,0.02415650118140929,0.1554236184799765,0.028858910440589643,0.1698791053678752
512,1,train,16,0.021579424663775215,0.14689936917419086,0.028858910440589643,0.1698791053678752
512,2,train,16,0.01665931415879961,0.12907096559179995,0.028858910440589643,0.1698791053678752
512,3,train,6,0.05304040175837446,0.23030501896045266,0.028858910440589643,0.1698791053678752
512,-1,train,54,0.028858910440589643,0.1698791053678752,0.028858910440589643,0.1698791053678752
513,0,train,16,0.03237206804295815,0.1799223945009574,0.02124342182457337,0.1457512326691386
513,1,train,16,0.02111002944201035,0.14529290912501666,0.02124342182457337,0.1457512326691386
513,2,train,16,0.026819120693872493,0.16376544413847657,0.02124342182457337,0.1457512326691386
513,3,train,6,0.004672469119452483,0.0683554615188317,0.02124342182457337,0.1457512326691386
513,-1,train,54,0.02124342182457337,0.1457512326691386,0.02124342182457337,0.1457512326691386
514,0,train,16,0.015832726786401748,0.12582816372498545,0.021252916973148312,0.14578380216316322
514,1,train,16,0.028377055599401485,0.16845490672402952,0.021252916973148312,0.14578380216316322
514,2,train,16,0.03558123525751859,0.18862988961858243,0.021252916973148312,0.14578380216316322
514,3,train,6,0.005220650249271421,0.07225406735451936,0.021252916973148312,0.14578380216316322
514,-1,train,54,0.021252916973148312,0.14578380216316322,0.021252916973148312,0.14578380216316322
515,0,train,16,0.00921529342346776,0.09599631984335524,0.021414053132357242,0.14633541311780018
515,1,train,16,0.028352163057648778,0.16838100563201533,0.021414053132357242,0.14633541311780018
515,2,train,16,0.04150334702211674,0.20372370265169623,0.021414053132357242,0.14633541311780018
515,3,train,6,0.0065854090261956875,0.08115053312329924,0.021414053132357242,0.14633541311780018
515,-1,train,54,0.021414053132357242,0.14633541311780018,0.021414053132357242,0.14633541311780018
516,0,train,16,0.021258575036455545,0.14580320653694673,0.026758623292415015,0.16358063238786863
516,1,train,16,0.02645983863300762,0.1626648045306901,0.026758623292415015,0.16358063238786863
516,2,train,16,0.018076429430416114,0.1344486126013062,0.026758623292415015,0.16358063238786863
516,3,train,6,0.04123965006978078,0.20307547875058865,0.026758623292415015,0.16358063238786863
516,-1,train,54,0.026758623292415015,0.16358063238786863,0.026758623292415015,0.16358063238786863
517,0,train,16,0.015380221844875535,0.12401702239965098,0.025012106297310835,0.1581521618483631
517,1,train,16,0.027044892988588042,0.16445331552932596,0.025012106297310835,0.1581521618483631
517,2,train,16,0.027164047714020284,0.16481519260681124,0.025012106297310835,0.1581521618483631
517,3,train,6,0.03045926264175948,0.1745258222778494,0.025012106297310835,0.1581521618483631
517,-1,train,54,0.025012106297310835,0.1581521618483631,0.025012106297310835,0.1581521618483631
518,0,train,16,0.03138880576582421,0.17716886229195075,0.025205741288000252,0.15876316099146
518,1,train,16,0.014318984149507443,0.11966195782080219,0.025205741288000252,0.15876316099146
518,2,train,16,0.023047403915942236,0.1518137145186239,0.025205741288000252,0.15876316099146
518,3,train,6,0.03206777132072712,0.17907476461167587,0.025205741288000252,0.15876316099146
518,-1,train,54,0.025205741288000252,0.15876316099146,0.025205741288000252,0.15876316099146
519,0,train,16,0.019788242171068258,0.1406706869645139,0.02844423138365304,0.16865417689358614
519,1,train,16,0.02553346805268729,0.15979195240276428,0.02844423138365304,0.16865417689358614
519,2,train,16,0.015212717640384893,0.12333984611789044,0.02844423138365304,0.16865417689358614
519,3,train,6,0.05324249767047173,0.2307433588870365,0.02844423138365304,0.16865417689358614
519,-1,train,54,0.02844423138365304,0.16865417689358614,0.02844423138365304,0.16865417689358614
520,0,train,16,0.0201505166266104,0.14195251539374143,0.024466739199415145,0.15641847461030664
520,1,train,16,0.019410941170017838,0.13932315374702742,0.024466739199415145,0.15641847461030664
520,2,train,16,0.030079389816447023,0.17343410799622727,0.024466739199415145,0.15641847461030664
520,3,train,6,0.028226109184585322,0.16800627721780315,0.024466739199415145,0.15641847461030664
520,-1,train,54,0.024466739199415145,0.15641847461030664,0.024466739199415145,0.15641847461030664
521,0,train,16,0.019137007663841108,0.1383365738474143,0.02427735897463716,0.1558119346347935
521,1,train,16,0.032052521117778184,0.1790321790008103,0.02427735897463716,0.1558119346347935
521,2,train,16,0.01853047958812384,0.13612670416976913,0.02427735897463716,0.1558119346347935
521,3,train,6,0.027389427528805507,0.16549751517411224,0.02427735897463716,0.1558119346347935
521,-1,train,54,0.02427735897463716,0.1558119346347935,0.02427735897463716,0.1558119346347935
522,0,train,16,0.03368597153674901,0.18353738457532026,0.02467434344236597,0.15708069086417328
522,1,train,16,0.016512653262544894,0.12850156910538055,0.02467434344236597,0.15708069086417328
522,2,train,16,0.018239301785715603,0.13505295918903668,0.02467434344236597,0.15708069086417328
522,3,train,6,0.030259447184454384,0.17395242793492244,0.02467434344236597,0.15708069086417328
522,-1,train,54,0.02467434344236597,0.15708069086417328,0.02467434344236597,0.15708069086417328
523,0,train,16,0.006661589404831046,0.08161856041876166,0.02337204192491938,0.15287917426817618
523,1,train,16,0.03303475722903191,0.18175466219338615,0.02337204192491938,0.15287917426817618
523,2,train,16,0.03137238845039527,0.17712252383701874,0.02337204192491938,0.15287917426817618
523,3,train,6,0.02241943261541929,0.14973120120876374,0.02337204192491938,0.15287917426817618
523,-1,train,54,0.02337204192491938,0.15287917426817618,0.02337204192491938,0.15287917426817618
524,0,train,16,0.01280244911376526,0.11314790812810134,0.025308087563961915,0.15908515821396388
524,1,train,16,0.02850412463545975,0.1688316458353106,0.025308087563961915,0.15908515821396388
524,2,train,16,0.024722517859124975,0.15723395898827,0.025308087563961915,0.15908515821396388
524,3,train,6,0.03520325864749768,0.18762531451671888,0.025308087563961915,0.15908515821396388
524,-1,train,54,0.025308087563961915,0.15908515821396388,0.025308087563961915,0.15908515821396388
525,0,train,16,0.018409040946453032,0.1356799209406205,0.025127608097326608,0.15851690161407586
525,1,train,16,0.02440466730767103,0.1562199324915711,0.025127608097326608,0.15851690161407586
525,2,train,16,0.02322913179910716,0.1524110619315644,0.025127608097326608,0.15851690161407586
525,3,train,6,0.03446759233607521,0.1856544972147866,0.025127608097326608,0.15851690161407586
525,-1,train,54,0.025127608097326608,0.15851690161407586,0.025127608097326608,0.15851690161407586
526,0,train,16,0.03180162877166121,0.17833011179175887,0.02267368232422841,0.1505778281296035
526,1,train,16,0.015093204860132693,0.1228544051311661,0.02267368232422841,0.1505778281296035
526,2,train,16,0.024735803848506432,0.15727620242270104,0.02267368232422841,0.1505778281296035
526,3,train,6,0.019064091816613293,0.13807277724668715,0.02267368232422841,0.1505778281296035
526,-1,train,54,0.02267368232422841,0.1505778281296035,0.02267368232422841,0.1505778281296035
527,0,train,16,0.014289439146445813,0.11953844212823678,0.02169809456234655,0.14730273100776695
527,1,train,16,0.035368757200738635,0.18806583209275052,0.02169809456234655,0.14730273100776695
527,2,train,16,0.023839577376039905,0.1544007039363484,0.02169809456234655,0.14730273100776695
527,3,train,6,0.013294604526161836,0.11530223122802886,0.02169809456234655,0.14730273100776695
527,-1,train,54,0.02169809456234655,0.14730273100776695,0.02169809456234655,0.14730273100776695
528,0,train,16,0.01703824105137428,0.13053061346432981,0.020737939732505786,0.14400673502480982
528,1,train,16,0.026241103821471257,0.161991060930754,0.020737939732505786,0.14400673502480982
528,2,train,16,0.032128158552464633,0.17924329430264507,0.020737939732505786,0.14400673502480982
528,3,train,6,0.007544255504712978,0.08685767383894746,0.020737939732505786,0.14400673502480982
528,-1,train,54,0.020737939732505786,0.14400673502480982,0.020737939732505786,0.14400673502480982
529,0,train,16,0.010750381419778373,0.10368404611982682,0.021415382610576177,0.14633995561901805
529,1,train,16,0.021536309863683534,0.14675254636183843,0.021415382610576177,0.14633995561901805
529,2,train,16,0.041137199213312194,0.20282307367090213,0.021415382610576177,0.14633995561901805
529,3,train,6,0.012237639945530602,0.11062386697964685,0.021415382610576177,0.14633995561901805
529,-1,train,54,0.021415382610576177,0.14633995561901805,0.021415382610576177,0.14633995561901805
530,0,train,16,0.014742928885509139,0.12142046320743938,0.02362368182097798,0.1536999733928994
530,1,train,16,0.03219063332176363,0.1794174833224556,0.02362368182097798,0.1536999733928994
530,2,train,16,0.020774623275211308,0.14413404620425843,0.02362368182097798,0.1536999733928994
530,3,train,6,0.02678654180142783,0.1636659457597329,0.02362368182097798,0.1536999733928994
530,-1,train,54,0.02362368182097798,0.1536999733928994,0.02362368182097798,0.1536999733928994
531,0,train,16,0.016040436156813068,0.12665084349033395,0.022572461654941492,0.15024134469227002
531,1,train,16,0.017521761650569994,0.13236979130666482,0.022572461654941492,0.15024134469227002
531,2,train,16,0.03628014334776946,0.19047347150658397,0.022572461654941492,0.15024134469227002
531,3,train,6,0.020447505464613436,0.14299477425631132,0.022572461654941492,0.15024134469227002
531,-1,train,54,0.022572461654941492,0.15024134469227002,0.022572461654941492,0.15024134469227002
532,0,train,16,0.021062652697658706,0.14512977881075512,0.024127402024183453,0.15532997786706676
532,1,train,16,0.030477928025225576,0.17457928864909944,0.024127402024183453,0.15532997786706676
532,2,train,16,0.014210678062156826,0.11920854861190462,0.024127402024183453,0.15532997786706676
532,3,train,6,0.030758349311692697,0.17538058419247182,0.024127402024183453,0.15532997786706676
532,-1,train,54,0.024127402024183453,0.15532997786706676,0.024127402024183453,0.15532997786706676
533,0,train,16,0.0165543596961692,0.12866374662728114,0.019740061325374435,0.140499328558447
533,1,train,16,0.02817190601043033,0.16784488675688136,0.019740061325374435,0.140499328558447
533,2,train,16,0.031211939750911494,0.17666901185808306,0.019740061325374435,0.140499328558447
533,3,train,6,0.003022039843986718,0.05497308290415154,0.019740061325374435,0.140499328558447
533,-1,train,54,0.019740061325374435,0.140499328558447,0.019740061325374435,0.140499328558447
534,0,train,16,0.03726348742831161,0.19303752854901457,0.024676359338000792,0.15708710748498997
534,1,train,16,0.01162812853759232,0.10783380053393425,0.024676359338000792,0.15708710748498997
534,2,train,16,0.014852178881450151,0.12186951580050752,0.024676359338000792,0.15708710748498997
534,3,train,6,0.03496164250464909,0.18698032651765556,0.024676359338000792,0.15708710748498997
534,-1,train,54,0.024676359338000792,0.15708710748498997,0.024676359338000792,0.15708710748498997
535,0,train,16,0.015438127584263467,0.12425026190822885,0.022305270835583056,0.1493494922508378
535,1,train,16,0.04341678195111424,0.20836694063865852,0.022305270835583056,0.1493494922508378
535,2,train,16,0.010132398623229975,0.10065981632821498,0.022305270835583056,0.1493494922508378
535,3,train,6,0.020233775183724538,0.14224547509050872,0.022305270835583056,0.1493494922508378
535,-1,train,54,0.022305270835583056,0.1493494922508378,0.022305270835583056,0.1493494922508378
536,0,train,16,0.024580214675576615,0.15678078541574098,0.02093912898702025,0.14470359009720613
536,1,train,16,0.03604938905674441,0.18986676659369436,0.02093912898702025,0.14470359009720613
536,2,train,16,0.011324378369600605,0.10641606255448754,0.02093912898702025,0.14470359009720613
536,3,train,6,0.011802533846159362,0.10863946725826375,0.02093912898702025,0.14470359009720613
536,-1,train,54,0.02093912898702025,0.14470359009720613,0.02093912898702025,0.14470359009720613
537,0,train,16,0.019406843537760423,0.13930844747451757,0.023499790078201868,0.15329641247661951
537,1,train,16,0.006811402511889233,0.08253122143703698,0.023499790078201868,0.15329641247661951
537,2,train,16,0.039227258141825316,0.1980587239730311,0.023499790078201868,0.15329641247661951
537,3,train,6,0.0285536561213325,0.16897827115144864,0.023499790078201868,0.15329641247661951
537,-1,train,54,0.023499790078201868,0.15329641247661951,0.023499790078201868,0.15329641247661951
538,0,train,16,0.028207918455705517,0.16795213144138874,0.020734995099037,0.14399651071827052
538,1,train,16,0.01915648313296763,0.13840694756032887,0.020734995099037,0.14399651071827052
538,2,train,16,0.024310613762338482,0.1559186126231839,0.020734995099037,0.14399651071827052
538,3,train,6,0.011264965045136362,0.10613653963238279,0.020734995099037,0.14399651071827052
538,-1,train,54,0.020734995099037,0.14399651071827052,0.020734995099037,0.14399651071827052
539,0,train,16,0.03152541750734489,0.17755398476898482,0.019593670956187272,0.13997739444705803
539,1,train,16,0.00918549558952076,0.09584099117559647,0.019593670956187272,0.13997739444705803
539,2,train,16,0.03335514461067492,0.18263390870995155,0.019593670956187272,0.13997739444705803
539,3,train,6,0.004308626117208517,0.06564012581651955,0.019593670956187272,0.13997739444705803
539,-1,train,54,0.019593670956187272,0.13997739444705803,0.019593670956187272,0.13997739444705803
540,0,train,16,0.014664639387766942,0.12109764402236298,0.019754135548931063,0.14054940607818683
540,1,train,16,0.016124107491692536,0.126980736695345,0.019754135548931063,0.14054940607818683
540,2,train,16,0.04257732649264211,0.20634274034392902,0.019754135548931063,0.14054940607818683
540,3,train,6,0.0056504688236226576,0.07516960039552331,0.019754135548931063,0.14054940607818683
540,-1,train,54,0.019754135548931063,0.14054940607818683,0.019754135548931063,0.14054940607818683
541,0,train,16,0.02785032506839077,0.16688416661981678,0.02174793606315368,0.1474718144702698
541,1,train,16,0.01375828244170498,0.11729570512898152,0.02174793606315368,0.1474718144702698
541,2,train,16,0.026588324840351393,0.16305926787628905,0.02174793606315368,0.1474718144702698
541,3,train,6,0.018794811902167568,0.13709417165644777,0.02174793606315368,0.1474718144702698
541,-1,train,54,0.02174793606315368,0.1474718144702698,0.02174793606315368,0.1474718144702698
542,0,train,16,0.01029915481048895,0.10148475161564396,0.021131919924987214,0.14536822185397746
542,1,train,16,0.04413734838057398,0.2100889058959896,0.021131919924987214,0.14536822185397746
542,2,train,16,0.014941676448527647,0.12223615033421024,0.021131919924987214,0.14536822185397746
542,3,train,6,0.015149500060358269,0.12308330536818658,0.021131919924987214,0.14536822185397746
542,-1,train,54,0.021131919924987214,0.14536822185397746,0.021131919924987214,0.14536822185397746
543,0,train,16,0.033568862303976266,0.18321807308225974,0.02197383026516317,0.14823572533354828
543,1,train,16,0.006580826141742359,0.08112229127522447,0.02197383026516317,0.14823572533354828
543,2,train,16,0.026841803625401034,0.16383468382916064,0.02197383026516317,0.14823572533354828
543,3,train,6,0.020903828989533028,0.1445815651787358,0.02197383026516317,0.14823572533354828
543,-1,train,54,0.02197383026516317,0.14823572533354828,0.02197383026516317,0.14823572533354828
544,0,train,16,0.04989606932253295,0.2233742807991398,0.01905315696631131,0.1380331734269386
544,1,train,16,0.008558163763888274,0.09251034409128675,0.01905315696631131,0.1380331734269386
544,2,train,16,0.015395963190693104,0.12408047062569155,0.01905315696631131,0.1380331734269386
544,3,train,6,0.002362431588130912,0.04860485148759239,0.01905315696631131,0.1380331734269386
544,-1,train,54,0.01905315696631131,0.1380331734269386,0.01905315696631131,0.1380331734269386
545,0,train,16,0.029204142113547393,0.17089219441960302,0.021663271197756365,0.14718448015248198
545,1,train,16,0.019621843930634254,0.1400779923136902,0.021663271197756365,0.14718448015248198
545,2,train,16,0.018126619842954966,0.1346351359896627,0.021663271197756365,0.14718448015248198
545,3,train,6,0.01970047890388885,0.14035839449027923,0.021663271197756365,0.14718448015248198
545,-1,train,54,0.021663271197756365,0.14718448015248198,0.021663271197756365,0.14718448015248198
546,0,train,16,0.011156301643219122,0.10562339534032752,0.019261720812861125,0.13878660170513984
546,1,train,16,0.04317036949418441,0.20777480476271518,0.019261720812861125,0.13878660170513984
546,2,train,16,0.01805056624338753,0.13435239574859664,0.019261720812861125,0.13878660170513984
546,3,train,6,0.004669645870653438,0.06833480716774899,0.019261720812861125,0.13878660170513984
546,-1,train,54,0.019261720812861125,0.13878660170513984,0.019261720812861125,0.13878660170513984
547,0,train,16,0.02160799711000823,0.1469965887699719,0.019856191100319078,0.14091199771601806
547,1,train,16,0.020304497003388346,0.14249384900194234,0.019856191100319078,0.14091199771601806
547,2,train,16,0.028677207034515886,0.16934345878868745,0.019856191100319078,0.14091199771601806
547,3,train,6,0.008835063253363844,0.09399501717306,0.019856191100319078,0.14091199771601806
547,-1,train,54,0.019856191100319078,0.14091199771601806,0.019856191100319078,0.14091199771601806
548,0,train,16,0.024634805129889,0.15695478689702014,0.02187057508413011,0.147887034875036
548,1,train,16,0.023592144398825843,0.1535973450253156,0.02187057508413011,0.147887034875036
548,2,train,16,0.017213954661501323,0.13120196134776843,0.02187057508413011,0.147887034875036
548,3,train,6,0.022041396146304265,0.14846345054020624,0.02187057508413011,0.147887034875036
548,-1,train,54,0.02187057508413011,0.147887034875036,0.02187057508413011,0.147887034875036
549,0,train,16,0.023649529948699333,0.15378403671610175,0.027459654536538886,0.16570954871865076
549,1,train,16,0.013476488186677937,0.11608827755926925,0.027459654536538886,0.16570954871865076
549,2,train,16,0.014522502489399389,0.12050934606659928,0.027459654536538886,0.16570954871865076
549,3,train,6,0.05819009752137889,0.24122623721597716,0.027459654536538886,0.16570954871865076
549,-1,train,54,0.027459654536538886,0.16570954871865076,0.027459654536538886,0.16570954871865076
550,0,train,16,0.014746996827650632,0.12143721352061168,0.022176389682153096,0.14891739214125763
550,1,train,16,0.020172515383666007,0.14202998058039015,0.022176389682153096,0.14891739214125763
550,2,train,16,0.028963280650291915,0.17018601778727863,0.022176389682153096,0.14891739214125763
550,3,train,6,0.024822765867003833,0.1575524225996028,0.022176389682153096,0.14891739214125763
550,-1,train,54,0.022176389682153096,0.14891739214125763,0.022176389682153096,0.14891739214125763
551,0,train,16,0.03493660182673955,0.1869133537945846,0.023368335453026638,0.15286705156123945
551,1,train,16,0.00730165649142349,0.08544973078613817,0.023368335453026638,0.15286705156123945
551,2,train,16,0.018500634807520143,0.13601703866619116,0.023368335453026638,0.15286705156123945
551,3,train,6,0.03273444868642337,0.18092663896293262,0.023368335453026638,0.15286705156123945
551,-1,train,54,0.023368335453026638,0.15286705156123945,0.023368335453026638,0.15286705156123945
552,0,train,16,0.034882970754024474,0.18676983362958932,0.02125941672731474,0.14580609290189056
552,1,train,16,0.012572714893102408,0.11212811820904875,0.02125941672731474,0.14580609290189056
552,2,train,16,0.017950978534789545,0.13398126187937456,0.02125941672731474,0.14580609290189056
552,3,train,6,0.019631002727342535,0.14011068027578247,0.02125941672731474,0.14580609290189056
552,-1,train,54,0.02125941672731474,0.14580609290189056,0.02125941672731474,0.14580609290189056
553,0,train,16,0.023609420166282747,0.15365357192816165,0.018906753292046698,0.1375018301407174
553,1,train,16,0.025501895913955883,0.1596931304532411,0.018906753292046698,0.1375018301407174
553,2,train,16,0.021474144901514145,0.14654059131010133,0.018906753292046698,0.1375018301407174
553,3,train,6,0.005041552186434008,0.07100388853037563,0.018906753292046698,0.1375018301407174
553,-1,train,54,0.018906753292046698,0.1375018301407174,0.018906753292046698,0.1375018301407174
554,0,train,16,0.01899936594904084,0.13783818755715282,0.021884478819935875,0.14793403536690222
554,1,train,16,0.013682615409925767,0.1169727122448897,0.021884478819935875,0.14793403536690222
554,2,train,16,0.03045047257725399,0.17450063775600932,0.021884478819935875,0.14793403536690222
554,3,train,6,0.024405461343522908,0.15622247387467306,0.021884478819935875,0.14793403536690222
554,-1,train,54,0.021884478819935875,0.14793403536690222,0.021884478819935875,0.14793403536690222
555,0,train,16,0.022862082826103792,0.1512021257327548,0.01909139015491486,0.1381715967734138
555,1,train,16,0.01739063424584643,0.13187355400476028,0.01909139015491486,0.1381715967734138
555,2,train,16,0.029185741140216926,0.1708383479790674,0.01909139015491486,0.1381715967734138
555,3,train,6,0.006927102407492293,0.08322921606919227,0.01909139015491486,0.1381715967734138
555,-1,train,54,0.01909139015491486,0.1381715967734138,0.01909139015491486,0.1381715967734138
556,0,train,16,0.03517467376614233,0.18754912360803588,0.019264996393780185,0.13879840198568635
556,1,train,16,0.004482538238040653,0.06695176052980722,0.019264996393780185,0.13879840198568635
556,2,train,16,0.029037334818971822,0.1704034472038985,0.019264996393780185,0.13879840198568635
556,3,train,6,0.008365438751965942,0.09146277249223282,0.019264996393780185,0.13879840198568635
556,-1,train,54,0.019264996393780185,0.13879840198568635,0.019264996393780185,0.13879840198568635
557,0,train,16,0.01670333803897331,0.12924139444842472,0.022383964952798766,0.1496127165477546
557,1,train,16,0.009428528178845073,0.09710060854003477,0.022383964952798766,0.1496127165477546
557,2,train,16,0.03473443790159902,0.1863717733499336,0.022383964952798766,0.1496127165477546
557,3,train,6,0.028669555691777662,0.16932086608500932,0.022383964952798766,0.1496127165477546
557,-1,train,54,0.022383964952798766,0.1496127165477546,0.022383964952798766,0.1496127165477546
558,0,train,16,0.036684329674501685,0.1915315370232842,0.022218104675513568,0.14905738718867162
558,1,train,16,0.010540516694438054,0.1026670185329157,0.022218104675513568,0.14905738718867162
558,2,train,16,0.013690446207973004,0.11700618021272638,0.022218104675513568,0.14905738718867162
558,3,train,6,0.02795712612514153,0.16720384602377283,0.022218104675513568,0.14905738718867162
558,-1,train,54,0.022218104675513568,0.14905738718867162,0.022218104675513568,0.14905738718867162
559,0,train,16,0.023799342190340706,0.15427035421733076,0.022225636022002455,0.149082648292826
559,1,train,16,0.014355926200840669,0.11981621843824261,0.022225636022002455,0.149082648292826
559,2,train,16,0.022364804616259126,0.14954866972413738,0.022225636022002455,0.149082648292826
559,3,train,6,0.028382471080569318,0.16847097993592047,0.022225636022002455,0.149082648292826
559,-1,train,54,0.022225636022002455,0.149082648292826,0.022225636022002455,0.149082648292826
560,0,train,16,0.020856930437862863,0.1444192869317075,0.02329475705235427,0.1526262004124923
560,1,train,16,0.006575942727579807,0.08109218660006527,0.02329475705235427,0.1526262004124923
560,2,train,16,0.030166058474521112,0.1736837887499035,0.02329475705235427,0.1526262004124923
560,3,train,6,0.035580096569453296,0.18862687128151517,0.02329475705235427,0.1526262004124923
560,-1,train,54,0.02329475705235427,0.1526262004124923,0.02329475705235427,0.1526262004124923
561,0,train,16,0.011172768996817841,0.10570131974965044,0.023687720045361262,0.1539081545772064
561,1,train,16,0.019038249901864188,0.1379791647382466,0.023687720045361262,0.1539081545772064
561,2,train,16,0.026028273774417937,0.1613328043964337,0.023687720045361262,0.1539081545772064
561,3,train,6,0.03851158750834508,0.1962436941874696,0.023687720045361262,0.1539081545772064
561,-1,train,54,0.023687720045361262,0.1539081545772064,0.023687720045361262,0.1539081545772064
562,0,train,16,0.013786542092887419,0.11741610661611727,0.02144552267707773,0.14644289903261862
562,1,train,16,0.014234320683702832,0.11930767235891761,0.02144552267707773,0.14644289903261862
562,2,train,16,0.033215692491072445,0.1822517283623737,0.02144552267707773,0.14644289903261862
562,3,train,6,0.024545535440648216,0.15667014853075303,0.02144552267707773,0.14644289903261862
562,-1,train,54,0.02144552267707773,0.14644289903261862,0.02144552267707773,0.14644289903261862
563,0,train,16,0.02631529997428236,0.16221991238526287,0.01861985589637362,0.13645459280058556
563,1,train,16,0.023501338168827653,0.1533014617308904,0.01861985589637362,0.13645459280058556
563,2,train,16,0.017934160358875455,0.13391848400753145,0.01861985589637362,0.13645459280058556
563,3,train,6,0.006728625083509012,0.08202819688076175,0.01861985589637362,0.13645459280058556
563,-1,train,54,0.01861985589637362,0.13645459280058556,0.01861985589637362,0.13645459280058556
564,0,train,16,0.024989571198339288,0.15808090080189727,0.021939270014342545,0.14811910752614785
564,1,train,16,0.02179217992898978,0.14762174612498585,0.021939270014342545,0.14811910752614785
564,2,train,16,0.012588204376794853,0.11219716741876709,0.021939270014342545,0.14811910752614785
564,3,train,6,0.02838712455324626,0.16848479027273133,0.021939270014342545,0.14811910752614785
564,-1,train,54,0.021939270014342545,0.14811910752614785,0.021939270014342545,0.14811910752614785
565,0,train,16,0.019481592248722597,0.13957647455328065,0.024520051933270205,0.15658879887549493
565,1,train,16,0.017604469541990263,0.13268183576507472,0.024520051933270205,0.15658879887549493
565,2,train,16,0.015684322503285726,0.12523706521348113,0.024520051933270205,0.15658879887549493
565,3,train,6,0.04530982343908224,0.21286104255847815,0.024520051933270205,0.15658879887549493
565,-1,train,54,0.024520051933270205,0.15658879887549493,0.024520051933270205,0.15658879887549493
566,0,train,16,0.014531988893763061,0.1205486992620122,0.021768088631257048,0.1475401254955988
566,1,train,16,0.022280428015568354,0.14926629899467714,0.021768088631257048,0.1475401254955988
566,2,train,16,0.022156578204979013,0.14885085893262093,0.021768088631257048,0.1475401254955988
566,3,train,6,0.028103359410717763,0.16764056612502168,0.021768088631257048,0.1475401254955988
566,-1,train,54,0.021768088631257048,0.1475401254955988,0.021768088631257048,0.1475401254955988
567,0,train,16,0.01035459179601776,0.10175751469064956,0.017964997582293186,0.13403356886352458
567,1,train,16,0.015380690069139067,0.12401891012720224,0.017964997582293186,0.13403356886352458
567,2,train,16,0.04202607568675679,0.2050026236094475,0.017964997582293186,0.13403356886352458
567,3,train,6,0.004098632777259128,0.06402056526819432,0.017964997582293186,0.13403356886352458
567,-1,train,54,0.017964997582293186,0.13403356886352458,0.017964997582293186,0.13403356886352458
568,0,train,16,0.018703706667135216,0.13676149555754066,0.019604569704698576,0.1400163194227679
568,1,train,16,0.01355014225293036,0.1164050782952804,0.019604569704698576,0.1400163194227679
568,2,train,16,0.031206796709541934,0.17665445567418314,0.019604569704698576,0.1400163194227679
568,3,train,6,0.014957633189186787,0.12230140305485783,0.019604569704698576,0.1400163194227679
568,-1,train,54,0.019604569704698576,0.1400163194227679,0.019604569704698576,0.1400163194227679
569,0,train,16,0.015801815740806944,0.12570527332139628,0.021578650775349796,0.14689673507382592
569,1,train,16,0.02066187602114983,0.14374239465498628,0.021578650775349796,0.14689673507382592
569,2,train,16,0.02189049367349556,0.14795436348244534,0.021578650775349796,0.14689673507382592
569,3,train,6,0.027960417665946855,0.16721368863208197,0.021578650775349796,0.14689673507382592
569,-1,train,54,0.021578650775349796,0.14689673507382592,0.021578650775349796,0.14689673507382592
570,0,train,16,0.03598050031071042,0.18968526645659758,0.020982430862162983,0.14485313549303303
570,1,train,16,0.012632669868655069,0.11239515055666356,0.020982430862162983,0.14485313549303303
570,2,train,16,0.010960516422141622,0.10469248503183799,0.020982430862162983,0.14485313549303303
570,3,train,6,0.024356036847144817,0.15606420745047475,0.020982430862162983,0.14485313549303303
570,-1,train,54,0.020982430862162983,0.14485313549303303,0.020982430862162983,0.14485313549303303
571,0,train,16,0.02583394402711218,0.16072941245183528,0.021307449202582138,0.14597071350987545
571,1,train,16,0.012218232230598767,0.11053611278943531,0.021307449202582138,0.14597071350987545
571,2,train,16,0.020268619979417837,0.14236790361390392,0.021307449202582138,0.14597071350987545
571,3,train,6,0.026909000573199768,0.16403963110541236,0.021307449202582138,0.14597071350987545
571,-1,train,54,0.021307449202582138,0.14597071350987545,0.021307449202582138,0.14597071350987545
572,0,train,16,0.018139536289734068,0.13468309578315338,0.017922688546146877,0.13387564582905614
572,1,train,16,0.02083659953180751,0.14434888129738835,0.017922688546146877,0.13387564582905614
572,2,train,16,0.027136720879340766,0.16473227030348597,0.017922688546146877,0.13387564582905614
572,3,train,6,0.005577897483705155,0.07468532308094512,0.017922688546146877,0.13387564582905614
572,-1,train,54,0.017922688546146877,0.13387564582905614,0.017922688546146877,0.13387564582905614
573,0,train,16,0.014211841286322626,0.11921342745816273,0.02093563369077369,0.1446915121587085
573,1,train,16,0.009786422585123316,0.09892634929645042,0.02093563369077369,0.1446915121587085
573,2,train,16,0.034534480021588536,0.1858345501288405,0.02093563369077369,0.1446915121587085
573,3,train,6,0.02520979087006028,0.1587759140111002,0.02093563369077369,0.1446915121587085
573,-1,train,54,0.02093563369077369,0.1446915121587085,0.02093563369077369,0.1446915121587085
574,0,train,16,0.015774600864190285,0.12559697792618374,0.017602561794951937,0.13267464639090595
574,1,train,16,0.018512697369529405,0.13606137353977213,0.017602561794951937,0.13267464639090595
574,2,train,16,0.031863046880336456,0.17850223214384872,0.017602561794951937,0.13267464639090595
574,3,train,6,0.00425990206575159,0.06526792524472944,0.017602561794951937,0.13267464639090595
574,-1,train,54,0.017602561794951937,0.13267464639090595,0.017602561794951937,0.13267464639090595
575,0,train,16,0.01958309800470793,0.13993962271175356,0.01915740736649592,0.13841028634641256
575,1,train,16,0.015537109267147846,0.12464794128724246,0.01915740736649592,0.13841028634641256
575,2,train,16,0.026979864692579614,0.16425548603495596,0.01915740736649592,0.13841028634641256
575,3,train,6,0.014529557501548298,0.12053861415143405,0.01915740736649592,0.13841028634641256
575,-1,train,54,0.01915740736649592,0.13841028634641256,0.01915740736649592,0.13841028634641256
576,0,train,16,0.02734622793774255,0.1653669493512611,0.02032659044875501,0.142571352132029
576,1,train,16,0.010400594155408676,0.10198330331681102,0.02032659044875501,0.142571352132029
576,2,train,16,0.021169046476443132,0.1454958641214352,0.02032659044875501,0.142571352132029
576,3,train,6,0.022390493225425676,0.14963453219569897,0.02032659044875501,0.142571352132029
576,-1,train,54,0.02032659044875501,0.142571352132029,0.02032659044875501,0.142571352132029
577,0,train,16,0.014839851913936096,0.12181893085204819,0.018066800573546447,0.13441279914333473
577,1,train,16,0.025927616927372124,0.16102054815262593,0.018066800573546447,0.13441279914333473
577,2,train,16,0.023218078349623212,0.1523747956508005,0.018066800573546447,0.13441279914333473
577,3,train,6,0.00828165510325437,0.09100359939724566,0.018066800573546447,0.13441279914333473
577,-1,train,54,0.018066800573546447,0.13441279914333473,0.018066800573546447,0.13441279914333473
578,0,train,16,0.023533679502512242,0.15340690826202139,0.01881679029064305,0.13717430623350368
578,1,train,16,0.015665324798147487,0.1251611952569465,0.01881679029064305,0.13717430623350368
578,2,train,16,0.022633310152196436,0.15044371090941766,0.01881679029064305,0.13717430623350368
578,3,train,6,0.013434846709716038,0.11590878616272382,0.01881679029064305,0.13717430623350368
578,-1,train,54,0.01881679029064305,0.13717430623350368,0.01881679029064305,0.13717430623350368
579,0,train,16,0.01924272904630497,0.13871816408208756,0.017211773049371274,0.13119364713800463
579,1,train,16,0.026552009736704397,0.16294787429329785,0.017211773049371274,0.13119364713800463
579,2,train,16,0.01956352953451913,0.13986968769007505,0.017211773049371274,0.13119364713800463
579,3,train,6,0.0034888238799565974,0.059066266853057485,0.017211773049371274,0.13119364713800463
579,-1,train,54,0.017211773049371274,0.13119364713800463,0.017211773049371274,0.13119364713800463
580,0,train,16,0.01962008027026531,0.1400716968922177,0.017652587918311462,0.13286304195791793
580,1,train,16,0.01389919634254901,0.11789485290948461,0.017652587918311462,0.13286304195791793
580,2,train,16,0.030428711285000107,0.17443827356689848,0.017652587918311462,0.13286304195791793
580,3,train,6,0.006662363775431416,0.08162330411978809,0.017652587918311462,0.13286304195791793
580,-1,train,54,0.017652587918311462,0.13286304195791793,0.017652587918311462,0.13286304195791793
581,0,train,16,0.010278183230687342,0.1013813751666811,0.021392917561615887,0.14626317910402428
581,1,train,16,0.022865221923657947,0.15121250584411974,0.021392917561615887,0.14626317910402428
581,2,train,16,0.02150815580379774,0.1466565914093115,0.021392917561615887,0.14626317910402428
581,3,train,6,0.03092010928832052,0.17584114788160513,0.021392917561615887,0.14626317910402428
581,-1,train,54,0.021392917561615887,0.14626317910402428,0.021392917561615887,0.14626317910402428
582,0,train,16,0.016509920775520867,0.12849093655009627,0.020700689297823968,0.1438773411549712
582,1,train,16,0.019975601056345296,0.14133506661952402,0.020700689297823968,0.1438773411549712
582,2,train,16,0.019506321982001987,0.13966503493001384,0.020700689297823968,0.1438773411549712
582,3,train,6,0.026810913377427716,0.16374038407621902,0.020700689297823968,0.1438773411549712
582,-1,train,54,0.020700689297823968,0.1438773411549712,0.020700689297823968,0.1438773411549712
583,0,train,16,0.009787997231405462,0.09893430765616881,0.02383055056991535,0.15437146941684318
583,1,train,16,0.01974911447632946,0.14053154263840364,0.02383055056991535,0.15437146941684318
583,2,train,16,0.018615286423841616,0.13643784820877825,0.02383055056991535,0.15437146941684318
583,3,train,6,0.047169804148084866,0.217186104868808,0.02383055056991535,0.15437146941684318
583,-1,train,54,0.02383055056991535,0.15437146941684318,0.02383055056991535,0.15437146941684318
584,0,train,16,0.006805159710785093,0.08249339192192968,0.020384207989178976,0.142773274772203
584,1,train,16,0.018278461847244225,0.1351978618442031,0.020384207989178976,0.142773274772203
584,2,train,16,0.030900725207364952,0.17578602108064495,0.020384207989178976,0.142773274772203
584,3,train,6,0.025552485191321646,0.1598514472606415,0.020384207989178976,0.142773274772203
584,-1,train,54,0.020384207989178976,0.142773274772203,0.020384207989178976,0.142773274772203
585,0,train,16,0.014206627252176487,0.11919155696682751,0.020809803891422153,0.14425603589251354
585,1,train,16,0.01775985108644016,0.13326609128521838,0.020809803891422153,0.14425603589251354
585,2,train,16,0.022631155567444623,0.15043654997188888,0.020809803891422153,0.14425603589251354
585,3,train,6,0.02864158165962733,0.16923823935395726,0.020809803891422153,0.14425603589251354
585,-1,train,54,0.020809803891422153,0.14425603589251354,0.020809803891422153,0.14425603589251354
586,0,train,16,0.02592246533871405,0.16100455067703537,0.018884814772164013,0.13742203161125224
586,1,train,16,0.020993425199519175,0.14489108046915508,0.018884814772164013,0.13742203161125224
586,2,train,16,0.012079416721319855,0.10990639981966407,0.018884814772164013,0.13742203161125224
586,3,train,6,0.016543951829102982,0.1286232942709173,0.018884814772164013,0.13742203161125224
586,-1,train,54,0.018884814772164013,0.13742203161125224,0.018884814772164013,0.13742203161125224
587,0,train,16,0.013808826155416155,0.11751096185214448,0.01996329515326244,0.1412915254120446
587,1,train,16,0.018383493691237065,0.1355857429497551,0.01996329515326244,0.1412915254120446
587,2,train,16,0.02374917601106098,0.15410767667790265,0.01996329515326244,0.1412915254120446
587,3,train,6,0.02391168475533556,0.15463403491901634,0.01996329515326244,0.1412915254120446
587,-1,train,54,0.01996329515326244,0.1412915254120446,0.01996329515326244,0.1412915254120446
588,0,train,16,0.014221938041990146,0.11925576733219298,0.016970635542718347,0.13027139188140405
588,1,train,16,0.02442074324984021,0.15627137693717366,0.016970635542718347,0.13027139188140405
588,2,train,16,0.024177969272940327,0.15549266629954073,0.016970635542718347,0.13027139188140405
588,3,train,6,0.005061891606102707,0.0711469718688203,0.016970635542718347,0.13027139188140405
588,-1,train,54,0.016970635542718347,0.13027139188140405,0.016970635542718347,0.13027139188140405
589,0,train,16,0.0197405884198481,0.1405012043359348,0.02230848304517108,0.14936024586606397
589,1,train,16,0.019242620075312047,0.13871777130314647,0.02230848304517108,0.14936024586606397
589,2,train,16,0.010661787813526608,0.1032559335511844,0.02230848304517108,0.14936024586606397
589,3,train,6,0.03958893587199756,0.19896968581167726,0.02230848304517108,0.14936024586606397
589,-1,train,54,0.02230848304517108,0.14936024586606397,0.02230848304517108,0.14936024586606397
590,0,train,16,0.014908797193141402,0.12210158554720492,0.01758625899460632,0.132613193139319
590,1,train,16,0.023251367197188497,0.15248398997005716,0.01758625899460632,0.132613193139319
590,2,train,16,0.022463070238867625,0.1498768502433502,0.01758625899460632,0.132613193139319
590,3,train,6,0.009721801349227758,0.09859919547961717,0.01758625899460632,0.132613193139319
590,-1,train,54,0.01758625899460632,0.132613193139319,0.01758625899460632,0.132613193139319
591,0,train,16,0.020021133890967675,0.1414960560968668,0.02303188453815242,0.1517625926839431
591,1,train,16,0.009859018127715715,0.09929258848330884,0.02303188453815242,0.1517625926839431
591,2,train,16,0.017336679469975733,0.13166882497377932,0.02303188453815242,0.1517625926839431
591,3,train,6,0.04491070666395056,0.211921463433864,0.02303188453815242,0.1517625926839431
591,-1,train,54,0.02303188453815242,0.1517625926839431,0.02303188453815242,0.1517625926839431
592,0,train,16,0.01575059030853038,0.12550135580355448,0.021481090629920777,0.14656428838540708
592,1,train,16,0.01245280640324734,0.11159214310715311,0.021481090629920777,0.14656428838540708
592,2,train,16,0.022339955514981125,0.1494655663187382,0.021481090629920777,0.14656428838540708
592,3,train,6,0.03538101029292426,0.18809840587555296,0.021481090629920777,0.14656428838540708
592,-1,train,54,0.021481090629920777,0.14656428838540708,0.021481090629920777,0.14656428838540708
593,0,train,16,0.020963595261684637,0.14478810469677625,0.017425326062811112,0.13200502286962837
593,1,train,16,0.028553845481836135,0.16897883146073692,0.017425326062811112,0.13200502286962837
593,2,train,16,0.01054451879402625,0.10268650736112438,0.017425326062811112,0.13200502286962837
593,3,train,6,0.009639344713697434,0.09818016456340575,0.017425326062811112,0.13200502286962837
593,-1,train,54,0.017425326062811112,0.13200502286962837,0.017425326062811112,0.13200502286962837
594,0,train,16,0.02086528622678974,0.14444821295810392,0.022538289187126498,0.15012757637131993
594,1,train,16,0.006856459306004981,0.08280373968610948,0.022538289187126498,0.15012757637131993
594,2,train,16,0.01970742112203806,0.14038312263957536,0.022538289187126498,0.15012757637131993
594,3,train,6,0.04272399009367321,0.20669782314691468,0.022538289187126498,0.15012757637131993
594,-1,train,54,0.022538289187126498,0.15012757637131993,0.022538289187126498,0.15012757637131993
595,0,train,16,0.022509265392416784,0.15003088146250684,0.01677466005874855,0.12951702613459187
595,1,train,16,0.029474114451178205,0.17168026808919598,0.01677466005874855,0.12951702613459187
595,2,train,16,0.00897580881111887,0.09474074525313209,0.01677466005874855,0.12951702613459187
595,3,train,6,0.006139451580280351,0.07835465257583847,0.01677466005874855,0.12951702613459187
595,-1,train,54,0.01677466005874855,0.12951702613459187,0.01677466005874855,0.12951702613459187
596,0,train,16,0.026027060079833075,0.16132904289009178,0.018124687449753273,0.13462795939088312
596,1,train,16,0.01538475258421144,0.12403528765722857,0.018124687449753273,0.13462795939088312
596,2,train,16,0.015869321426218903,0.12597349493531923,0.018124687449753273,0.13462795939088312
596,3,train,6,0.015217615708749672,0.12335970050526902,0.018124687449753273,0.13462795939088312
596,-1,train,54,0.018124687449753273,0.13462795939088312,0.018124687449753273,0.13462795939088312
597,0,train,16,0.025422934717311146,0.1594457108777503,0.01837490068075854,0.13555405077222346
597,1,train,16,0.008350021346750681,0.09137845121663357,0.01837490068075854,0.13555405077222346
597,2,train,16,0.022546739428283013,0.1501557172680515,0.01837490068075854,0.13555405077222346
597,3,train,6,0.017179907230689326,0.13107214513652138,0.01837490068075854,0.13555405077222346
597,-1,train,54,0.01837490068075854,0.13555405077222346,0.01837490068075854,0.13555405077222346
598,0,train,16,0.018433208368592982,0.13576895215251897,0.01672241942316717,0.12931519409244674
598,1,train,16,0.026122542669649803,0.16162469696692336,0.01672241942316717,0.12931519409244674
598,2,train,16,0.015414612900121874,0.12415559955202131,0.01672241942316717,0.12931519409244674
598,3,train,6,0.0069193137543040245,0.08318241252995746,0.01672241942316717,0.12931519409244674
598,-1,train,54,0.01672241942316717,0.12931519409244674,0.01672241942316717,0.12931519409244674
599,0,train,16,0.017048671467735522,0.13057056125993916,0.020198866447297802,0.1421227161550813
599,1,train,16,0.020944956833710324,0.1447237258838727,0.020198866447297802,0.1421227161550813
599,2,train,16,0.013395243023403223,0.11573782019462446,0.020198866447297802,0.1421227161550813
599,3,train,6,0.029406594464342142,0.17148351076515242,0.020198866447297802,0.1421227161550813
599,-1,train,54,0.020198866447297802,0.1421227161550813,0.020198866447297802,0.1421227161550813
600,0,train,16,0.009736614687740125,0.09867428584864511,0.017373973531590984,0.1318103695905257
600,1,train,16,0.02047992845394718,0.14310810058814694,0.017373973531590984,0.1318103695905257
600,2,train,16,0.02758102394276621,0.16607535621749003,0.017373973531590984,0.1318103695905257
600,3,train,6,0.011698327041910424,0.10815880473595492,0.017373973531590984,0.1318103695905257
600,-1,train,54,0.017373973531590984,0.1318103695905257,0.017373973531590984,0.1318103695905257
601,0,train,16,0.016763581803571542,0.12947425150805678,0.02116760218199437,0.1454909006845252
601,1,train,16,0.009761396691918214,0.09879978082930252,0.02116760218199437,0.1454909006845252
601,2,train,16,0.021854329844337314,0.1478321001823938,0.02116760218199437,0.1454909006845252
601,3,train,6,0.03629110038815042,0.19050223197682073,0.02116760218199437,0.1454909006845252
601,-1,train,54,0.02116760218199437,0.1454909006845252,0.02116760218199437,0.1454909006845252
602,0,train,16,0.013079836505887855,0.11436711286855088,0.01936192911035242,0.13914714912764983
602,1,train,16,0.025742614448013207,0.16044505117956492,0.01936192911035242,0.13914714912764983
602,2,train,16,0.013553024101522747,0.11641745617184197,0.01936192911035242,0.13914714912764983
602,3,train,6,0.025072241385985874,0.15834216553396596,0.01936192911035242,0.13914714912764983
602,-1,train,54,0.01936192911035242,0.13914714912764983,0.01936192911035242,0.13914714912764983
603,0,train,16,0.0192788797072885,0.13884840549062313,0.02128803414430519,0.14590419508809604
603,1,train,16,0.019748861008108524,0.1405306408158325,0.02128803414430519,0.14590419508809604
603,2,train,16,0.00844582888091583,0.09190119085689712,0.02128803414430519,0.14590419508809604
603,3,train,6,0.03767856698090791,0.19410967771058688,0.02128803414430519,0.14590419508809604
603,-1,train,54,0.02128803414430519,0.14590419508809604,0.02128803414430519,0.14590419508809604
604,0,train,16,0.01203472552593843,0.10970289661598927,0.02268627331441868,0.1506196312384899
604,1,train,16,0.012231020467713334,0.11059394408245568,0.02268627331441868,0.1506196312384899
604,2,train,16,0.01943212610136518,0.13939916104971786,0.02268627331441868,0.1506196312384899
604,3,train,6,0.047047221162657776,0.21690371403610814,0.02268627331441868,0.1506196312384899
604,-1,train,54,0.02268627331441868,0.1506196312384899,0.02268627331441868,0.1506196312384899
605,0,train,16,0.03342637614985985,0.18282881651933278,0.016235709057317412,0.12741942182146884
605,1,train,16,0.009231176732194472,0.0960790129643018,0.016235709057317412,0.12741942182146884
605,2,train,16,0.016428386309926973,0.12817326675218577,0.016235709057317412,0.12741942182146884
605,3,train,6,0.005856897037288359,0.07653036676567256,0.016235709057317412,0.12741942182146884
605,-1,train,54,0.016235709057317412,0.12741942182146884,0.016235709057317412,0.12741942182146884
606,0,train,16,0.0050339632892858555,0.07095042839395584,0.01666230915264026,0.12908256719108224
606,1,train,16,0.018569650560990858,0.1362705051028683,0.01666230915264026,0.12908256719108224
606,2,train,16,0.03399940886176558,0.18438928619029246,0.01666230915264026,0.12908256719108224
606,3,train,6,0.009046213898518762,0.09511158656293545,0.01666230915264026,0.12908256719108224
606,-1,train,54,0.01666230915264026,0.12908256719108224,0.01666230915264026,0.12908256719108224
607,0,train,16,0.018902759769986507,0.13748730766869538,0.01551889134869334,0.12457484235869351
607,1,train,16,0.018421062912777893,0.13572421638299442,0.01551889134869334,0.12457484235869351
607,2,train,16,0.022748762947336295,0.15082693044458703,0.01551889134869334,0.12457484235869351
607,3,train,6,0.0020029797646726705,0.04475466193227998,0.01551889134869334,0.12457484235869351
607,-1,train,54,0.01551889134869334,0.12457484235869351,0.01551889134869334,0.12457484235869351
608,0,train,16,0.017464366002339693,0.13215281307009583,0.01662979288609745,0.1289565542580037
608,1,train,16,0.021530435950475036,0.1467325320113949,0.01662979288609745,0.1289565542580037
608,2,train,16,0.01810210152438575,0.13454405049791593,0.01662979288609745,0.1289565542580037
608,3,train,6,0.00942226806718932,0.09706836800518137,0.01662979288609745,0.1289565542580037
608,-1,train,54,0.01662979288609745,0.1289565542580037,0.01662979288609745,0.1289565542580037
609,0,train,16,0.022660355307395023,0.15053356870610296,0.016567227400545444,0.1287137420811991
609,1,train,16,0.016815337818349277,0.12967396738879117,0.016567227400545444,0.1287137420811991
609,2,train,16,0.017468130545270178,0.13216705544601567,0.016567227400545444,0.1287137420811991
609,3,train,6,0.009325085931167302,0.09656648451283345,0.016567227400545444,0.1287137420811991
609,-1,train,54,0.016567227400545444,0.1287137420811991,0.016567227400545444,0.1287137420811991
610,0,train,16,0.0123551080400574,0.11115353363729558,0.01623536150004657,0.12741805798255823
610,1,train,16,0.015372691268582575,0.12398665762324015,0.01623536150004657,0.12741805798255823
610,2,train,16,0.02975230792535404,0.17248857331821735,0.01623536150004657,0.12741805798255823
610,3,train,6,0.007461338766192265,0.08637904124376622,0.01623536150004657,0.12741805798255823
610,-1,train,54,0.01623536150004657,0.12741805798255823,0.01623536150004657,0.12741805798255823
611,0,train,16,0.008220607755450072,0.09066756727435711,0.01896797629838023,0.1377242763581651
611,1,train,16,0.012748876149365318,0.11291092130243786,0.01896797629838023,0.1377242763581651
611,2,train,16,0.029845608919850514,0.1727588171985746,0.01896797629838023,0.1377242763581651
611,3,train,6,0.025056812368855024,0.15829343754197464,0.01896797629838023,0.1377242763581651
611,-1,train,54,0.01896797629838023,0.1377242763581651,0.01896797629838023,0.1377242763581651
612,0,train,16,0.01338802164021636,0.11570661882630726,0.015675033899463935,0.12519997563683444
612,1,train,16,0.01986636295729025,0.14094808603627879,0.015675033899463935,0.12519997563683444
612,2,train,16,0.025061936611463886,0.15830962261171583,0.015675033899463935,0.12519997563683444
612,3,train,6,0.004383814388885243,0.06621037976696134,0.015675033899463935,0.12519997563683444
612,-1,train,54,0.015675033899463935,0.12519997563683444,0.015675033899463935,0.12519997563683444
613,0,train,16,0.01579243219821287,0.1256679441950606,0.018963584801092018,0.1377083323589826
613,1,train,16,0.02670249298228226,0.1634089746075235,0.018963584801092018,0.1377083323589826
613,2,train,16,0.007658859874089225,0.08751491229550096,0.018963584801092018,0.1377083323589826
613,3,train,6,0.02570055414978372,0.1603139237551864,0.018963584801092018,0.1377083323589826
613,-1,train,54,0.018963584801092018,0.1377083323589826,0.018963584801092018,0.1377083323589826
614,0,train,16,0.009987245151701412,0.09993620540975834,0.019523464637064763,0.1397263920562782
614,1,train,16,0.019821717958930642,0.14078962305131243,0.019523464637064763,0.1397263920562782
614,2,train,16,0.018712896655051298,0.1367950900253781,0.019523464637064763,0.1397263920562782
614,3,train,6,0.0295719987825757,0.17196510920118563,0.019523464637064763,0.1397263920562782
614,-1,train,54,0.019523464637064763,0.1397263920562782,0.019523464637064763,0.1397263920562782
615,0,train,16,0.012933126495221867,0.11372390467804852,0.018809524063488223,0.13714781829649433
615,1,train,16,0.010722657383045743,0.10355026500712465,0.018809524063488223,0.13714781829649433
615,2,train,16,0.02633645572686276,0.16228510630018628,0.018809524063488223,0.13714781829649433
615,3,train,6,0.025245856648822517,0.1588894478838117,0.018809524063488223,0.13714781829649433
615,-1,train,54,0.018809524063488223,0.13714781829649433,0.018809524063488223,0.13714781829649433
616,0,train,16,0.014699119909574456,0.12123992704375261,0.01572627060835756,0.12540442818480357
616,1,train,16,0.014597339143125616,0.12081944853013366,0.01572627060835756,0.12540442818480357
616,2,train,16,0.02784857133387463,0.1668789121904701,0.01572627060835756,0.12540442818480357
616,3,train,6,0.005760052046855533,0.07589500673203431,0.01572627060835756,0.12540442818480357
616,-1,train,54,0.01572627060835756,0.12540442818480357,0.01572627060835756,0.12540442818480357
617,0,train,16,0.012888922548710923,0.11352939068237318,0.019887679019339403,0.14102368247687835
617,1,train,16,0.011861759992929896,0.1089117073272194,0.019887679019339403,0.14102368247687835
617,2,train,16,0.022089733322517232,0.14862615288877404,0.019887679019339403,0.14102368247687835
617,3,train,6,0.03271030021319957,0.1808598911124287,0.019887679019339403,0.14102368247687835
617,-1,train,54,0.019887679019339403,0.14102368247687835,0.019887679019339403,0.14102368247687835
618,0,train,16,0.012305523103098522,0.11093026234124988,0.01630002010827421,0.1276715320980923
618,1,train,16,0.02615934600205126,0.16173851119028906,0.01630002010827421,0.1276715320980923
618,2,train,16,0.01672889693330541,0.12934023710085507,0.01630002010827421,0.1276715320980923
618,3,train,6,0.01000631439464166,0.10003156699083375,0.01630002010827421,0.1276715320980923
618,-1,train,54,0.01630002010827421,0.1276715320980923,0.01630002010827421,0.1276715320980923
619,0,train,16,0.035097571053327566,0.1873434574606959,0.01724034761893549,0.13130250423710696
619,1,train,16,0.01182815910523751,0.10875734046600032,0.01724034761893549,0.13130250423710696
619,2,train,16,0.005902975683212931,0.0768308250848117,0.01724034761893549,0.13130250423710696
619,3,train,6,0.016132684633963945,0.127014505604533,0.01724034761893549,0.13130250423710696
619,-1,train,54,0.01724034761893549,0.13130250423710696,0.01724034761893549,0.13130250423710696
620,0,train,16,0.018188238517182195,0.13486377763203208,0.01850690005009478,0.1360400678112694
620,1,train,16,0.012549470718339372,0.1120244201874724,0.01850690005009478,0.1360400678112694
620,2,train,16,0.018640446514901005,0.13653002056288208,0.01850690005009478,0.1360400678112694
620,3,train,6,0.024649444449956537,0.15700141543934099,0.01850690005009478,0.1360400678112694
620,-1,train,54,0.01850690005009478,0.1360400678112694,0.01850690005009478,0.1360400678112694
621,0,train,16,0.02723718777325536,0.16503692851375829,0.015435497115016015,0.12423967609027325
621,1,train,16,0.02073027300597501,0.143980113230873,0.015435497115016015,0.12423967609027325
621,2,train,16,0.008715586173792192,0.09335730380528452,0.015435497115016015,0.12423967609027325
621,3,train,6,0.005058941507041504,0.07112623641836748,0.015435497115016015,0.12423967609027325
621,-1,train,54,0.015435497115016015,0.12423967609027325,0.015435497115016015,0.12423967609027325
622,0,train,16,0.028319828838063693,0.16828496319654854,0.015799266486428192,0.1256951331055749
622,1,train,16,0.008238371039887381,0.09076547272992842,0.015799266486428192,0.1256951331055749
622,2,train,16,0.018832025885011736,0.13722982869992856,0.015799266486428192,0.1256951331055749
622,3,train,6,0.007806840182749957,0.08835632508626622,0.015799266486428192,0.1256951331055749
622,-1,train,54,0.015799266486428192,0.1256951331055749,0.015799266486428192,0.1256951331055749
623,0,train,16,0.016150188632323773,0.12708339243317268,0.01595337403108301,0.12630666661377385
623,1,train,16,0.017473641636007713,0.13218790275969927,0.01595337403108301,0.12630666661377385
623,2,train,16,0.021096246095364802,0.14524546841593647,0.01595337403108301,0.12630666661377385
623,3,train,6,0.009093419760635758,0.09535942407877555,0.01595337403108301,0.12630666661377385
623,-1,train,54,0.01595337403108301,0.12630666661377385,0.01595337403108301,0.12630666661377385
624,0,train,16,0.025338269072536904,0.15917998954811155,0.015500794787800686,0.12450218788358976
624,1,train,16,0.005697671703348902,0.07548292325651479,0.015500794787800686,0.12450218788358976
624,2,train,16,0.024531261714638677,0.15662458847396432,0.015500794787800686,0.12450218788358976
624,3,train,6,0.006435976660678268,0.0802245390181724,0.015500794787800686,0.12450218788358976
624,-1,train,54,0.015500794787800686,0.12450218788358976,0.015500794787800686,0.12450218788358976
625,0,train,16,0.013670286645403956,0.11692000104945242,0.015594236844419355,0.1248768867501883
625,1,train,16,0.014012592511102066,0.11837479677322393,0.015594236844419355,0.1248768867501883
625,2,train,16,0.027459418885482412,0.1657088376806814,0.015594236844419355,0.1248768867501883
625,3,train,6,0.007234649335688988,0.08505674185912007,0.015594236844419355,0.1248768867501883
625,-1,train,54,0.015594236844419355,0.1248768867501883,0.015594236844419355,0.1248768867501883
626,0,train,16,0.02937767246172369,0.1713991612048428,0.016753893104871936,0.12943683055789004
626,1,train,16,0.008682193133626443,0.09317828681418458,0.016753893104871936,0.12943683055789004
626,2,train,16,0.014129680153932503,0.11886833116491752,0.016753893104871936,0.12943683055789004
626,3,train,6,0.014826026670205099,0.1217621725750863,0.016753893104871936,0.12943683055789004
626,-1,train,54,0.016753893104871936,0.12943683055789004,0.016753893104871936,0.12943683055789004
627,0,train,16,0.019131077058387864,0.13831513676524296,0.015722592213823314,0.12538976120012077
627,1,train,16,0.01791101632251159,0.13383204520036143,0.015722592213823314,0.12538976120012077
627,2,train,16,0.017484141797899682,0.13222761359829377,0.015722592213823314,0.12538976120012077
627,3,train,6,0.008364133676494122,0.09145563775128421,0.015722592213823314,0.12538976120012077
627,-1,train,54,0.015722592213823314,0.12538976120012077,0.015722592213823314,0.12538976120012077
628,0,train,16,0.03253603566962714,0.18037748104912416,0.016807212863136335,0.1296426352059242
628,1,train,16,0.00892698727339695,0.09448273531919443,0.016807212863136335,0.1296426352059242
628,2,train,16,0.010266667198028491,0.10132456364588249,0.016807212863136335,0.1296426352059242
628,3,train,6,0.015499161311492756,0.1244956276802232,0.016807212863136335,0.1296426352059242
628,-1,train,54,0.016807212863136335,0.1296426352059242,0.016807212863136335,0.1296426352059242
629,0,train,16,0.018399103062819163,0.1356432934679012,0.01883681326961868,0.13724727053613373
629,1,train,16,0.013541468416201524,0.11636781520764891,0.01883681326961868,0.13724727053613373
629,2,train,16,0.014717279070883936,0.12131479328954048,0.01883681326961868,0.13724727053613373
629,3,train,6,0.02868940252857009,0.16937946312516783,0.01883681326961868,0.13724727053613373
629,-1,train,54,0.01883681326961868,0.13724727053613373,0.01883681326961868,0.13724727053613373
630,0,train,16,0.017665213305041505,0.13291054625213722,0.015501749253760936,0.1245060209538516
630,1,train,16,0.030691650517978893,0.17519032655366246,0.015501749253760936,0.1245060209538516
630,2,train,16,0.006194431337642918,0.07870470975515327,0.015501749253760936,0.1245060209538516
630,3,train,6,0.007455701854380423,0.08634640614629206,0.015501749253760936,0.1245060209538516
630,-1,train,54,0.015501749253760936,0.1245060209538516,0.015501749253760936,0.1245060209538516
631,0,train,16,0.013179285222645014,0.11480106803791075,0.01785170170318854,0.13361026047122482
631,1,train,16,0.017002824462465555,0.13039487897331534,0.01785170170318854,0.13361026047122482
631,2,train,16,0.018325888526308676,0.1353731455138303,0.01785170170318854,0.13361026047122482
631,3,train,6,0.02289880860133492,0.1513235229610219,0.01785170170318854,0.13361026047122482
631,-1,train,54,0.01785170170318854,0.13361026047122482,0.01785170170318854,0.13361026047122482
632,0,train,16,0.02921432135633061,0.17092197446885116,0.018238465074678613,0.13504986143894637
632,1,train,16,0.011027944902758435,0.105014022410145,0.018238465074678613,0.13504986143894637
632,2,train,16,0.007228845271863161,0.08502261623746449,0.018238465074678613,0.13504986143894637
632,3,train,6,0.025482748767762256,0.15963316938456826,0.018238465074678613,0.13504986143894637
632,-1,train,54,0.018238465074678613,0.13504986143894637,0.018238465074678613,0.13504986143894637
633,0,train,16,0.01937184639192405,0.1391827805151343,0.01586253603792585,0.12594656024650236
633,1,train,16,0.016947443663119413,0.13018234774008117,0.01586253603792585,0.12594656024650236
633,2,train,16,0.016554925847972357,0.12866594673017548,0.01586253603792585,0.12594656024650236
633,3,train,6,0.010575928248687578,0.10283933220654234,0.01586253603792585,0.12594656024650236
633,-1,train,54,0.01586253603792585,0.12594656024650236,0.01586253603792585,0.12594656024650236
634,0,train,16,0.030700701252475482,0.1752161557975619,0.015563107275313775,0.12475218344908347
634,1,train,16,0.010573222794195564,0.10282617757261797,0.015563107275313775,0.12475218344908347
634,2,train,16,0.012115960266777368,0.11007252276012106,0.015563107275313775,0.12475218344908347
634,3,train,6,0.008862544787806691,0.09414108979508731,0.015563107275313775,0.12475218344908347
634,-1,train,54,0.015563107275313775,0.12475218344908347,0.015563107275313775,0.12475218344908347
635,0,train,16,0.017430985778463897,0.13202645863032114,0.015545092320248952,0.12467995957750769
635,1,train,16,0.012650759215440921,0.11247559386569568,0.015545092320248952,0.12467995957750769
635,2,train,16,0.02305938957275912,0.1518531842694091,0.015545092320248952,0.12467995957750769
635,3,train,6,0.009039234714331865,0.09507489003060621,0.015545092320248952,0.12467995957750769
635,-1,train,54,0.015545092320248952,0.12467995957750769,0.015545092320248952,0.12467995957750769
636,0,train,16,0.009857355065969657,0.09928421357884473,0.01672009161110672,0.1293061932434279
636,1,train,16,0.007599637448755701,0.0871758994720198,0.01672009161110672,0.1293061932434279
636,2,train,16,0.03267931563674816,0.18077421175806066,0.01672009161110672,0.1293061932434279
636,3,train,6,0.01674405829295336,0.12939883420245082,0.01672009161110672,0.1293061932434279
636,-1,train,54,0.01672009161110672,0.1293061932434279,0.01672009161110672,0.1293061932434279
637,0,train,16,0.02506242641975473,0.15831116959884647,0.01502645006071812,0.12258242149965108
637,1,train,16,0.023556618929319626,0.15348165665420616,0.01502645006071812,0.12258242149965108
637,2,train,16,0.005519340616770902,0.07429226485153688,0.01502645006071812,0.12258242149965108
637,3,train,6,0.005967414277027223,0.0772490406220506,0.01502645006071812,0.12258242149965108
637,-1,train,54,0.01502645006071812,0.12258242149965108,0.01502645006071812,0.12258242149965108
638,0,train,16,0.020616149344718348,0.14358324883048978,0.01766027553552472,0.13289196941698442
638,1,train,16,0.012668992204509191,0.11255661777305317,0.01766027553552472,0.13289196941698442
638,2,train,16,0.014129247044417625,0.11886650934732468,0.01766027553552472,0.13289196941698442
638,3,train,6,0.023226713548453716,0.1524031284076994,0.01766027553552472,0.13289196941698442
638,-1,train,54,0.01766027553552472,0.13289196941698442,0.01766027553552472,0.13289196941698442
639,0,train,16,0.016032769962516295,0.1266205747993441,0.016111204932679236,0.1269299213451235
639,1,train,16,0.016028666924951893,0.12660437166603644,0.016111204932679236,0.1269299213451235
639,2,train,16,0.018892668580071253,0.137450604145894,0.016111204932679236,0.1269299213451235
639,3,train,6,0.01349071426317751,0.11614953406354031,0.016111204932679236,0.1269299213451235
639,-1,train,54,0.016111204932679236,0.1269299213451235,0.016111204932679236,0.1269299213451235
640,0,train,16,0.018230006210905574,0.13501854024875834,0.016574785172449726,0.12874309757206298
640,1,train,16,0.02428902625203919,0.1558493703934642,0.016574785172449726,0.12874309757206298
640,2,train,16,0.007162136724093586,0.0846294081516206,0.016574785172449726,0.12874309757206298
640,3,train,6,0.01661797150276056,0.1289107113577478,0.016574785172449726,0.12874309757206298
640,-1,train,54,0.016574785172449726,0.12874309757206298,0.016574785172449726,0.12874309757206298
641,0,train,16,0.01759251587226433,0.13263678174723756,0.018433671557754303,0.13577065794108203
641,1,train,16,0.012737449810289132,0.11286031104993965,0.018433671557754303,0.13577065794108203
641,2,train,16,0.014609001650644883,0.12086770309162363,0.018433671557754303,0.13577065794108203
641,3,train,6,0.028795718897818862,0.1696930136977326,0.018433671557754303,0.13577065794108203
641,-1,train,54,0.018433671557754303,0.13577065794108203,0.018433671557754303,0.13577065794108203
642,0,train,16,0.02475220852941019,0.15732834623617636,0.015373484917922887,0.12398985812526316
642,1,train,16,0.014792491748492953,0.12162438796759864,0.015373484917922887,0.12398985812526316
642,2,train,16,0.012638550077554355,0.11242130615481372,0.015373484917922887,0.12398985812526316
642,3,train,6,0.009310689316234041,0.0964919132167771,0.015373484917922887,0.12398985812526316
642,-1,train,54,0.015373484917922887,0.12398985812526316,0.015373484917922887,0.12398985812526316
643,0,train,16,0.0061784154349516646,0.07860289711551137,0.01448511546754523,0.12035412526185062
643,1,train,16,0.028401516337590273,0.16852749430757663,0.01448511546754523,0.12035412526185062
643,2,train,16,0.01941825610415341,0.13934940295585557,0.01448511546754523,0.12035412526185062
643,3,train,6,0.003942273993485568,0.06278753055731343,0.01448511546754523,0.12035412526185062
643,-1,train,54,0.01448511546754523,0.12035412526185062,0.01448511546754523,0.12035412526185062
644,0,train,16,0.019751797245341506,0.14054108739205595,0.016556812138855053,0.12867327670831677
644,1,train,16,0.006104037138253477,0.0781283376135284,0.016556812138855053,0.12867327670831677
644,2,train,16,0.02294927972402735,0.1514901967918299,0.016556812138855053,0.12867327670831677
644,3,train,6,0.017422134447797874,0.1319929333252272,0.016556812138855053,0.12867327670831677
644,-1,train,54,0.016556812138855053,0.12867327670831677,0.016556812138855053,0.12867327670831677
645,0,train,16,0.014071082509546222,0.11862159377426279,0.018082219030360613,0.13447014178010155
645,1,train,16,0.02182203280533151,0.14772282425316513,0.018082219030360613,0.13447014178010155
645,2,train,16,0.009038617826808414,0.09507164575628432,0.018082219030360613,0.13447014178010155
645,3,train,6,0.027397142979756317,0.16552082340224242,0.018082219030360613,0.13447014178010155
645,-1,train,54,0.018082219030360613,0.13447014178010155,0.018082219030360613,0.13447014178010155
646,0,train,16,0.011095074899237778,0.10533316144138928,0.014951696889296068,0.12227713150583827
646,1,train,16,0.015252646051080176,0.1235016034352598,0.014951696889296068,0.12227713150583827
646,2,train,16,0.0259005136042518,0.16093636507716894,0.014951696889296068,0.12227713150583827
646,3,train,6,0.007558553002614512,0.08693993905343224,0.014951696889296068,0.12227713150583827
646,-1,train,54,0.014951696889296068,0.12227713150583827,0.014951696889296068,0.12227713150583827
647,0,train,16,0.0239623797362734,0.1547978673505336,0.015855542657194164,0.12591879389985502
647,1,train,16,0.014249601026745292,0.11937169273636565,0.015855542657194164,0.12591879389985502
647,2,train,16,0.011683226513980925,0.10808897498811304,0.015855542657194164,0.12591879389985502
647,3,train,6,0.013526963351777044,0.11630547429840542,0.015855542657194164,0.12591879389985502
647,-1,train,54,0.015855542657194164,0.12591879389985502,0.015855542657194164,0.12591879389985502
648,0,train,16,0.00844289191623105,0.09188521054136542,0.015471325636535836,0.12438378365581196
648,1,train,16,0.023808565854910802,0.15430024580314447,0.015471325636535836,0.12438378365581196
648,2,train,16,0.018357262090664246,0.135488974055693,0.015471325636535836,0.12438378365581196
648,3,train,6,0.011276582684337238,0.10619125521594157,0.015471325636535836,0.12438378365581196
648,-1,train,54,0.015471325636535836,0.12438378365581196,0.015471325636535836,0.12438378365581196
649,0,train,16,0.014336149651179289,0.1197336613120107,0.016527996913669248,0.1285612574365592
649,1,train,16,0.01615101812771099,0.1270866559781592,0.016527996913669248,0.1285612574365592
649,2,train,16,0.01739168070065569,0.1318775215897527,0.016527996913669248,0.1285612574365592
649,3,train,6,0.018233139175131013,0.13503014172817496,0.016527996913669248,0.1285612574365592
649,-1,train,54,0.016527996913669248,0.1285612574365592,0.016527996913669248,0.1285612574365592
650,0,train,16,0.014585815653867457,0.12077175023103481,0.016396317429862917,0.12804810592063795
650,1,train,16,0.019225530583329358,0.13865615955784064,0.016396317429862917,0.12804810592063795
650,2,train,16,0.014185265035100971,0.1191019102915691,0.016396317429862917,0.12804810592063795
650,3,train,6,0.017588658447153876,0.13262223964009157,0.016396317429862917,0.12804810592063795
650,-1,train,54,0.016396317429862917,0.12804810592063795,0.016396317429862917,0.12804810592063795
651,0,train,16,0.008896877615269338,0.09432326126290025,0.01481524890140446,0.12171790706960278
651,1,train,16,0.02243044152842703,0.14976795895126244,0.01481524890140446,0.12171790706960278
651,2,train,16,0.02028158000208634,0.14241341229703872,0.01481524890140446,0.12171790706960278
651,3,train,6,0.007652096459835133,0.08747626226488608,0.01481524890140446,0.12171790706960278
651,-1,train,54,0.01481524890140446,0.12171790706960278,0.01481524890140446,0.12171790706960278
652,0,train,16,0.017080795914907323,0.13069351902411735,0.016614758402318075,0.12889824825154947
652,1,train,16,0.0197742198168519,0.14062083706496667,0.016614758402318075,0.12889824825154947
652,2,train,16,0.010207994032977676,0.10103461799293188,0.016614758402318075,0.12889824825154947
652,3,train,6,0.01939602384453539,0.13926960847412256,0.016614758402318075,0.12889824825154947
652,-1,train,54,0.016614758402318075,0.12889824825154947,0.016614758402318075,0.12889824825154947
653,0,train,16,0.016279395295669966,0.12759073358073447,0.01496523339112309,0.12233247071453715
653,1,train,16,0.022163404806463265,0.14887378817798405,0.01496523339112309,0.12233247071453715
653,2,train,16,0.01238278873289971,0.11127797955076157,0.01496523339112309,0.12233247071453715
653,3,train,6,0.009035344729459414,0.09505443035155918,0.01496523339112309,0.12233247071453715
653,-1,train,54,0.01496523339112309,0.12233247071453715,0.01496523339112309,0.12233247071453715
654,0,train,16,0.02363317995043396,0.1537308685672268,0.016125765606387378,0.1269872655284276
654,1,train,16,0.0072938810592741805,0.08540422155417249,0.016125765606387378,0.1269872655284276
654,2,train,16,0.016907742529435426,0.1300297755494311,0.016125765606387378,0.1269872655284276
654,3,train,6,0.016668258886405947,0.12910561136684162,0.016125765606387378,0.1269872655284276
654,-1,train,54,0.016125765606387378,0.1269872655284276,0.016125765606387378,0.1269872655284276
655,0,train,16,0.014610816823774927,0.12087521178378521,0.01646569358774613,0.1283187187737866
655,1,train,16,0.013384354194247222,0.11569076970202602,0.01646569358774613,0.1283187187737866
655,2,train,16,0.018880151975903627,0.13740506532112864,0.01646569358774613,0.1283187187737866
655,3,train,6,0.018987451357058746,0.13779496129053032,0.01646569358774613,0.1283187187737866
655,-1,train,54,0.01646569358774613,0.1283187187737866,0.01646569358774613,0.1283187187737866
656,0,train,16,0.010121145512858467,0.10060390406370157,0.018610795337055452,0.13642138885473734
656,1,train,16,0.019281502538341905,0.1388578501142154,0.018610795337055452,0.13642138885473734
656,2,train,16,0.01211204843089317,0.11005475196870497,0.018610795337055452,0.13642138885473734
656,3,train,6,0.03292848486612827,0.18146207555885682,0.018610795337055452,0.13642138885473734
656,-1,train,54,0.018610795337055452,0.13642138885473734,0.018610795337055452,0.13642138885473734
657,0,train,16,0.018014393964729356,0.13421771106947605,0.018313602502019855,0.13532775953964454
657,1,train,16,0.013777304743481577,0.1173767640697322,0.018313602502019855,0.13532775953964454
657,2,train,16,0.010222751964942245,0.10110762565178873,0.018313602502019855,0.13532775953964454
657,3,train,6,0.031239959334926244,0.1767482937256432,0.018313602502019855,0.13532775953964454
657,-1,train,54,0.018313602502019855,0.13532775953964454,0.018313602502019855,0.13532775953964454
658,0,train,16,0.015041896956525141,0.12264541147766247,0.014427409021706554,0.12011414996455061
658,1,train,16,0.012311801814649373,0.11095855899681364,0.014427409021706554,0.12011414996455061
658,2,train,16,0.023748030207671755,0.15410395909149044,0.014427409021706554,0.12011414996455061
658,3,train,6,0.006607907107979948,0.08128903436491264,0.014427409021706554,0.12011414996455061
658,-1,train,54,0.014427409021706554,0.12011414996455061,0.014427409021706554,0.12011414996455061
659,0,train,16,0.019109492481326557,0.1382370879370893,0.014644989921889185,0.12101648615742065
659,1,train,16,0.011680797361372045,0.10807773758444449,0.014644989921889185,0.12101648615742065
659,2,train,16,0.019657251483190166,0.14020432048688858,0.014644989921889185,0.12101648615742065
659,3,train,6,0.008132418361667967,0.09017992216490302,0.014644989921889185,0.12101648615742065
659,-1,train,54,0.014644989921889185,0.12101648615742065,0.014644989921889185,0.12101648615742065
660,0,train,16,0.01181808860304562,0.10871103257280569,0.014009594191284567,0.11836213157629667
660,1,train,16,0.02386304462753572,0.15447667988254965,0.014009594191284567,0.11836213157629667
660,2,train,16,0.016113217932090237,0.12693785066752247,0.014009594191284567,0.11836213157629667
660,3,train,6,0.004244025602466689,0.06514618640002413,0.014009594191284567,0.11836213157629667
660,-1,train,54,0.014009594191284567,0.11836213157629667,0.014009594191284567,0.11836213157629667
661,0,train,16,0.022574765299838775,0.15024901097790552,0.016079044638698154,0.1268031728258333
661,1,train,16,0.006684702585016426,0.08176003048566229,0.016079044638698154,0.1268031728258333
661,2,train,16,0.017310576153593323,0.13156966274028875,0.016079044638698154,0.1268031728258333
661,3,train,6,0.017746134516344086,0.13321461825319353,0.016079044638698154,0.1268031728258333
661,-1,train,54,0.016079044638698154,0.1268031728258333,0.016079044638698154,0.1268031728258333
662,0,train,16,0.021917806270483387,0.148046635458167,0.015717242423496463,0.12536842674093213
662,1,train,16,0.012336861776880379,0.111071426464597,0.015717242423496463,0.12536842674093213
662,2,train,16,0.013038695691023948,0.11418710825230644,0.015717242423496463,0.12536842674093213
662,3,train,6,0.015575605955598136,0.12480226742971513,0.015717242423496463,0.12536842674093213
662,-1,train,54,0.015717242423496463,0.12536842674093213,0.015717242423496463,0.12536842674093213
663,0,train,16,0.013867701779044927,0.1177612065964209,0.013918540304301737,0.11797686342796937
663,1,train,16,0.019709275085215573,0.1403897257110205,0.013918540304301737,0.11797686342796937
663,2,train,16,0.017865248492744235,0.13366094602666942,0.013918540304301737,0.11797686342796937
663,3,train,6,0.004231935860202212,0.0650533308924471,0.013918540304301737,0.11797686342796937
663,-1,train,54,0.013918540304301737,0.11797686342796937,0.013918540304301737,0.11797686342796937
664,0,train,16,0.016514550551533645,0.12850895125061773,0.015982226903590982,0.1264208325537804
664,1,train,16,0.009069646411786508,0.09523469122009326,0.015982226903590982,0.1264208325537804
664,2,train,16,0.020725577891892902,0.14396380757639365,0.015982226903590982,0.1264208325537804
664,3,train,6,0.017619132759150877,0.13273708132677497,0.015982226903590982,0.1264208325537804
664,-1,train,54,0.015982226903590982,0.1264208325537804,0.015982226903590982,0.1264208325537804
665,0,train,16,0.019158623349302448,0.13841467895170095,0.01495947298490264,0.12230892438780844
665,1,train,16,0.01403444320302572,0.11846705534884253,0.01495947298490264,0.12230892438780844
665,2,train,16,0.015336530714171645,0.12384074739023358,0.01495947298490264,0.12230892438780844
665,3,train,6,0.011308294673110748,0.10634046583079626,0.01495947298490264,0.12230892438780844
665,-1,train,54,0.01495947298490264,0.12230892438780844,0.01495947298490264,0.12230892438780844
666,0,train,16,0.022535236945842852,0.15011741053536345,0.014871165033435364,0.12194738633294018
666,1,train,16,0.011316900414323384,0.10638092128912677,0.014871165033435364,0.12194738633294018
666,2,train,16,0.014764813357057765,0.12151054833658585,0.014871165033435364,0.12194738633294018
666,3,train,6,0.010867709416517459,0.1042483065402861,0.014871165033435364,0.12194738633294018
666,-1,train,54,0.014871165033435364,0.12194738633294018,0.014871165033435364,0.12194738633294018
667,0,train,16,0.01901180284604149,0.1378832942964502,0.016140400181075855,0.1270448746745647
667,1,train,16,0.015505404686473365,0.12452069983128654,0.016140400181075855,0.1270448746745647
667,2,train,16,0.010883974357483112,0.10432628795027221,0.016140400181075855,0.1270448746745647
667,3,train,6,0.019160418834305446,0.1384211646906117,0.016140400181075855,0.1270448746745647
667,-1,train,54,0.016140400181075855,0.1270448746745647,0.016140400181075855,0.1270448746745647
668,0,train,16,0.007866012110485005,0.08869054126841827,0.01688864932673073,0.12995633623156175
668,1,train,16,0.013715657253397224,0.11711386447981821,0.01688864932673073,0.12995633623156175
668,2,train,16,0.02184869671417543,0.14781304649514343,0.01688864932673073,0.12995633623156175
668,3,train,6,0.024124231228865273,0.15531977088852944,0.01688864932673073,0.12995633623156175
668,-1,train,54,0.01688864932673073,0.12995633623156175,0.01688864932673073,0.12995633623156175
669,0,train,16,0.007804356817374905,0.08834227084117152,0.015181732331261499,0.1232141726071376
669,1,train,16,0.013777714131381402,0.1173785079619834,0.015181732331261499,0.1232141726071376
669,2,train,16,0.02566430537005822,0.16020082824398324,0.015181732331261499,0.1232141726071376
669,3,train,6,0.013480553006231473,0.1161057836898381,0.015181732331261499,0.1232141726071376
669,-1,train,54,0.015181732331261499,0.1232141726071376,0.015181732331261499,0.1232141726071376
670,0,train,16,0.019594775518329482,0.13998133989332107,0.016142125951654727,0.12705166646547666
670,1,train,16,0.01403278764099327,0.11846006770635104,0.016142125951654727,0.12705166646547666
670,2,train,16,0.011309496696212729,0.10634611744775983,0.016142125951654727,0.12705166646547666
670,3,train,6,0.019631443951083426,0.14011225482120906,0.016142125951654727,0.12705166646547666
670,-1,train,54,0.016142125951654727,0.12705166646547666,0.016142125951654727,0.12705166646547666
671,0,train,16,0.01684400385656383,0.12978445152083445,0.016276961530576787,0.1275811958345617
671,1,train,16,0.015454777614027996,0.12431724584315725,0.016276961530576787,0.1275811958345617
671,2,train,16,0.01199504497051371,0.10952189265399731,0.016276961530576787,0.1275811958345617
671,3,train,6,0.020814019681201612,0.144270647330639,0.016276961530576787,0.1275811958345617
671,-1,train,54,0.016276961530576787,0.1275811958345617,0.016276961530576787,0.1275811958345617
672,0,train,16,0.012617893208560396,0.11232939601262172,0.013926371648516163,0.11801004893023374
672,1,train,16,0.018717555935465376,0.13681211911035285,0.013926371648516163,0.11801004893023374
672,2,train,16,0.018427475362393187,0.13574783741332008,0.013926371648516163,0.11801004893023374
672,3,train,6,0.00594256208764569,0.07708801520110432,0.013926371648516163,0.11801004893023374
672,-1,train,54,0.013926371648516163,0.11801004893023374,0.013926371648516163,0.11801004893023374
673,0,train,16,0.022385005175902053,0.14961619289335648,0.013741342528700394,0.1172234726012687
673,1,train,16,0.009576403831679221,0.09785910193578941,0.013741342528700394,0.1172234726012687
673,2,train,16,0.01807114815207451,0.13442897065764697,0.013741342528700394,0.1172234726012687
673,3,train,6,0.0049328129551457975,0.07023398717961125,0.013741342528700394,0.1172234726012687
673,-1,train,54,0.013741342528700394,0.1172234726012687,0.013741342528700394,0.1172234726012687
674,0,train,16,0.010592110758722373,0.10291798073574109,0.01773337986792607,0.13316673709273674
674,1,train,16,0.004984732913767211,0.07060264098294915,0.01773337986792607,0.13316673709273674
674,2,train,16,0.024834167444605506,0.15758860188670215,0.01773337986792607,0.13316673709273674
674,3,train,6,0.03052250835460918,0.17470692131283516,0.01773337986792607,0.13316673709273674
674,-1,train,54,0.01773337986792607,0.13316673709273674,0.01773337986792607,0.13316673709273674
675,0,train,16,0.01421250887312879,0.1192162273901032,0.017672177363099527,0.13293674196060143
675,1,train,16,0.01726598316187424,0.13140008813495613,0.017672177363099527,0.13293674196060143
675,2,train,16,0.008716094517825825,0.09336002633796664,0.017672177363099527,0.13293674196060143
675,3,train,6,0.030494122899569258,0.17462566506550306,0.017672177363099527,0.13293674196060143
675,-1,train,54,0.017672177363099527,0.13293674196060143,0.017672177363099527,0.13293674196060143
676,0,train,16,0.012413103246533589,0.11141410703557063,0.015971941060608633,0.12638014504109668
676,1,train,16,0.01243344482214026,0.11150535781808989,0.015971941060608633,0.12638014504109668
676,2,train,16,0.01922921256956828,0.13866943632094378,0.015971941060608633,0.12638014504109668
676,3,train,6,0.0198120036041924,0.1407551192823636,0.015971941060608633,0.12638014504109668
676,-1,train,54,0.015971941060608633,0.12638014504109668,0.015971941060608633,0.12638014504109668
677,0,train,16,0.022942015521576167,0.15146621907731164,0.013555977897484667,0.11643014170516441
677,1,train,16,0.012394129445769246,0.1113289245693555,0.013555977897484667,0.11643014170516441
677,2,train,16,0.014520276903375874,0.12050011163221333,0.013555977897484667,0.11643014170516441
677,3,train,6,0.004367489719217385,0.06608698600494188,0.013555977897484667,0.11643014170516441
677,-1,train,54,0.013555977897484667,0.11643014170516441,0.013555977897484667,0.11643014170516441
678,0,train,16,0.016373054390997278,0.12795723657143146,0.01553513025157233,0.12464000261381708
678,1,train,16,0.008510644497344974,0.09225315440322339,0.01553513025157233,0.12464000261381708
678,2,train,16,0.01994556420566461,0.14122876550357796,0.01553513025157233,0.12464000261381708
678,3,train,6,0.017311257912282458,0.13157225358061805,0.01553513025157233,0.12464000261381708
678,-1,train,54,0.01553513025157233,0.12464000261381708,0.01553513025157233,0.12464000261381708
679,0,train,16,0.015088366046438664,0.1228347102672476,0.015667705629640073,0.125170705956466
679,1,train,16,0.013733791516148125,0.11719126040856513,0.015667705629640073,0.125170705956466
679,2,train,16,0.01546818434457819,0.12437115559718093,0.015667705629640073,0.125170705956466
679,3,train,6,0.01838048061139531,0.13557463114976678,0.015667705629640073,0.125170705956466
679,-1,train,54,0.015667705629640073,0.125170705956466,0.015667705629640073,0.125170705956466
680,0,train,16,0.014453388066278708,0.12022224447363603,0.014845779588470486,0.12184325828075383
680,1,train,16,0.010637651372339059,0.10313899055322899,0.014845779588470486,0.12184325828075383
680,2,train,16,0.020951022658901506,0.1447446809347463,0.014845779588470486,0.12184325828075383
680,3,train,6,0.01334105625636267,0.11550349023454949,0.014845779588470486,0.12184325828075383
680,-1,train,54,0.014845779588470486,0.12184325828075383,0.014845779588470486,0.12184325828075383
681,0,train,16,0.01543163097560202,0.12422411591797311,0.013698548360243725,0.11704079784521176
681,1,train,16,0.009920781940283467,0.09960312214124348,0.013698548360243725,0.11704079784521176
681,2,train,16,0.023274256974399485,0.15255902783643938,0.013698548360243725,0.11704079784521176
681,3,train,6,0.006167523550689929,0.07853358231158139,0.013698548360243725,0.11704079784521176
681,-1,train,54,0.013698548360243725,0.11704079784521176,0.013698548360243725,0.11704079784521176
682,0,train,16,0.01253501509416876,0.111959881628058,0.014801579730904676,0.12166174308674307
682,1,train,16,0.020610366057169104,0.14356310827357113,0.014801579730904676,0.12166174308674307
682,2,train,16,0.012661575838954131,0.11252366790570831,0.014801579730904676,0.12166174308674307
682,3,train,6,0.013399361933326711,0.11575561296683073,0.014801579730904676,0.12166174308674307
682,-1,train,54,0.014801579730904676,0.12166174308674307,0.014801579730904676,0.12166174308674307
683,0,train,16,0.019811892166655787,0.14075472342573725,0.01400852266436688,0.1183576050128038
683,1,train,16,0.015338915375276296,0.12385037495008361,0.01400852266436688,0.1183576050128038
683,2,train,16,0.012386837142209275,0.1112961685872846,0.01400852266436688,0.1183576050128038
683,3,train,6,0.008496445973326161,0.09217616814191269,0.01400852266436688,0.1183576050128038
683,-1,train,54,0.01400852266436688,0.1183576050128038,0.01400852266436688,0.1183576050128038
684,0,train,16,0.015784548915320756,0.1256365747516254,0.018374118037254854,0.13555116390962807
684,1,train,16,0.011693595946156344,0.10813693146264297,0.018374118037254854,0.13555116390962807
684,2,train,16,0.009496841467575953,0.09745173917163281,0.018374118037254854,0.13555116390962807
684,3,train,6,0.03652148581996637,0.19110595443357167,0.018374118037254854,0.13555116390962807
684,-1,train,54,0.018374118037254854,0.13555116390962807,0.018374118037254854,0.13555116390962807
685,0,train,16,0.013987084902664383,0.11826700682212425,0.01367614681740424,0.11694505896960436
685,1,train,16,0.012955510540603054,0.11382227611765218,0.01367614681740424,0.11694505896960436
685,2,train,16,0.021025521207877994,0.14500179725740642,0.01367614681740424,0.11694505896960436
685,3,train,6,0.006736470618471527,0.08207600513226461,0.01367614681740424,0.11694505896960436
685,-1,train,54,0.01367614681740424,0.11694505896960436,0.01367614681740424,0.11694505896960436
686,0,train,16,0.008454955653792852,0.09195083280641264,0.017680326006092657,0.13296738700182334
686,1,train,16,0.012026845099085123,0.10966697360228887,0.017680326006092657,0.13296738700182334
686,2,train,16,0.017723204659780587,0.13312852684447682,0.017680326006092657,0.13296738700182334
686,3,train,6,0.03251629861171206,0.18032276232276406,0.017680326006092657,0.13296738700182334
686,-1,train,54,0.017680326006092657,0.13296738700182334,0.017680326006092657,0.13296738700182334
687,0,train,16,0.012804943449092518,0.11315893004572161,0.016580305162349415,0.12876453379075084
687,1,train,16,0.015119456624110744,0.12296119966928895,0.016580305162349415,0.12876453379075084
687,2,train,16,0.012657896238980957,0.11250731637978464,0.016580305162349415,0.12876453379075084
687,3,train,6,0.025738924337213448,0.160433551158146,0.016580305162349415,0.12876453379075084
687,-1,train,54,0.016580305162349415,0.12876453379075084,0.016580305162349415,0.12876453379075084
688,0,train,16,0.020800794845719287,0.1442248066239622,0.015090313135978625,0.12284263566033833
688,1,train,16,0.011045449872792485,0.10509733523164365,0.015090313135978625,0.12284263566033833
688,2,train,16,0.012258793707336943,0.11071943689947553,0.015090313135978625,0.12284263566033833
688,3,train,6,0.016256214118065788,0.12749985928645485,0.015090313135978625,0.12284263566033833
688,-1,train,54,0.015090313135978625,0.12284263566033833,0.015090313135978625,0.12284263566033833
689,0,train,16,0.010736515127852396,0.10361715653236386,0.013421035781368199,0.11584919413344315
689,1,train,16,0.018803335873660912,0.13712525614802298,0.013421035781368199,0.11584919413344315
689,2,train,16,0.018373334584228476,0.13554827399944447,0.013421035781368199,0.11584919413344315
689,3,train,6,0.0057709575397310075,0.07596681867586011,0.013421035781368199,0.11584919413344315
689,-1,train,54,0.013421035781368199,0.11584919413344315,0.013421035781368199,0.11584919413344315
690,0,train,16,0.023477567640434797,0.1532239134092156,0.015462687478715565,0.12434905499727597
690,1,train,16,0.010596870509021307,0.10294110213622791,0.015462687478715565,0.12434905499727597
690,2,train,16,0.008815492227334366,0.09389085273515395,0.015462687478715565,0.12434905499727597
690,3,train,6,0.018960819538071785,0.1376982917035349,0.015462687478715565,0.12434905499727597
690,-1,train,54,0.015462687478715565,0.12434905499727597,0.015462687478715565,0.12434905499727597
691,0,train,16,0.020034208443917376,0.14154224967802856,0.01449760697558521,0.12040600888487754
691,1,train,16,0.014967907829488631,0.12234340125028662,0.01449760697558521,0.12040600888487754
691,2,train,16,0.010050822051720169,0.10025378821630716,0.01449760697558521,0.12040600888487754
691,3,train,6,0.012937489577214665,0.11374308584355651,0.01449760697558521,0.12040600888487754
691,-1,train,54,0.01449760697558521,0.12040600888487754,0.01449760697558521,0.12040600888487754
692,0,train,16,0.013627153865983373,0.11673540108289075,0.01365504118880832,0.1168547867603562
692,1,train,16,0.019941688911380786,0.14121504491866574,0.01365504118880832,0.1168547867603562
692,2,train,16,0.013410487321965316,0.11580365849991664,0.01365504118880832,0.1168547867603562
692,3,train,6,0.007640834655903801,0.0874118679351025,0.01365504118880832,0.1168547867603562
692,-1,train,54,0.01365504118880832,0.1168547867603562,0.01365504118880832,0.1168547867603562
693,0,train,16,0.007855834720462564,0.0886331468495989,0.015015037505787407,0.12253586212120682
693,1,train,16,0.01809619176433805,0.1345220865298262,0.015015037505787407,0.12253586212120682
693,2,train,16,0.017651745125924476,0.13285987026158227,0.015015037505787407,0.12253586212120682
693,3,train,6,0.01645637841242454,0.1282824166143768,0.015015037505787407,0.12253586212120682
693,-1,train,54,0.015015037505787407,0.12253586212120682,0.015015037505787407,0.12253586212120682
694,0,train,16,0.0064742461978101185,0.08046270066192235,0.015633903771944114,0.12503561001548363
694,1,train,16,0.022351445651814433,0.14950399878202064,0.015633903771944114,0.12503561001548363
694,2,train,16,0.012914986187227256,0.11364412077721951,0.015633903771944114,0.12503561001548363
694,3,train,6,0.02079493705092465,0.14420449733251958,0.015633903771944114,0.12503561001548363
694,-1,train,54,0.015633903771944114,0.12503561001548363,0.015633903771944114,0.12503561001548363
695,0,train,16,0.006230308969230905,0.07893230624548421,0.014887626631477972,0.12201486233847895
695,1,train,16,0.019847403140194148,0.1408808118240172,0.014887626631477972,0.12201486233847895
695,2,train,16,0.01731344827374158,0.13158057711433546,0.014887626631477972,0.12201486233847895
695,3,train,6,0.016159346142745248,0.1271194168596806,0.014887626631477972,0.12201486233847895
695,-1,train,54,0.014887626631477972,0.12201486233847895,0.014887626631477972,0.12201486233847895
696,0,train,16,0.009010816885913,0.0949253226800573,0.015900262990873677,0.12609624495151978
696,1,train,16,0.013293845741888877,0.11529894076655205,0.015900262990873677,0.12609624495151978
696,2,train,16,0.018427844027620547,0.13574919531113452,0.015900262990873677,0.12609624495151978
696,3,train,6,0.022868545308072284,0.1512234945637492,0.015900262990873677,0.12609624495151978
696,-1,train,54,0.015900262990873677,0.12609624495151978,0.015900262990873677,0.12609624495151978
697,0,train,16,0.010107358507703926,0.10053535948960408,0.012807126699026204,0.11316857646460966
697,1,train,16,0.02754293137431377,0.1659606320014291,0.012807126699026204,0.11316857646460966
697,2,train,16,0.010386023571418622,0.1019118421549656,0.012807126699026204,0.11316857646460966
697,3,train,6,0.003192193342668492,0.056499498605461024,0.012807126699026204,0.11316857646460966
697,-1,train,54,0.012807126699026204,0.11316857646460966,0.012807126699026204,0.11316857646460966
698,0,train,16,0.009327768722393524,0.0965803744163043,0.015281138127509565,0.12361690065484397
698,1,train,16,0.017159485343281766,0.13099421873991907,0.015281138127509565,0.12361690065484397
698,2,train,16,0.015375718034656793,0.1239988630377585,0.015281138127509565,0.12361690065484397
698,3,train,6,0.019261580409706176,0.1387860958803373,0.015281138127509565,0.12361690065484397
698,-1,train,54,0.015281138127509565,0.12361690065484397,0.015281138127509565,0.12361690065484397
699,0,train,16,0.013159172844189484,0.11471343794076387,0.014926689865282417,0.12217483319113809
699,1,train,16,0.014342939823446768,0.11976201327402095,0.014926689865282417,0.12217483319113809
699,2,train,16,0.015032782885606095,0.12260824966374038,0.014926689865282417,0.12217483319113809
699,3,train,6,0.017171863907887316,0.13104145873687195,0.014926689865282417,0.12217483319113809
699,-1,train,54,0.014926689865282417,0.12217483319113809,0.014926689865282417,0.12217483319113809
700,0,train,16,0.012681784553038589,0.11261342971883322,0.014528259810772392,0.12053323114715042
700,1,train,16,0.014246745106348472,0.11935972983526928,0.014528259810772392,0.12053323114715042
700,2,train,16,0.016392009848001928,0.12803128464559718,0.014528259810772392,0.12053323114715042
700,3,train,6,0.014792499735700586,0.1216244208031454,0.014528259810772392,0.12053323114715042
700,-1,train,54,0.014528259810772392,0.12053323114715042,0.014528259810772392,0.12053323114715042
701,0,train,16,0.020910857452388038,0.14460586935663447,0.014834212578483214,0.12179578226885861
701,1,train,16,0.015489722456857397,0.12445771352896291,0.014834212578483214,0.12179578226885861
701,2,train,16,0.006048541306548833,0.07777236852860296,0.014834212578483214,0.12179578226885861
701,3,train,6,0.01688772909813859,0.12995279565341636,0.014834212578483214,0.12179578226885861
701,-1,train,54,0.014834212578483214,0.12179578226885861,0.014834212578483214,0.12179578226885861
702,0,train,16,0.022105242451710038,0.148678318700845,0.01289966164889281,0.11357667739854345
702,1,train,16,0.015069582704907098,0.1227582286647502,0.01289966164889281,0.11357667739854345
702,2,train,16,0.009816941378573321,0.09908047930128983,0.01289966164889281,0.11357667739854345
702,3,train,6,0.004606880060380782,0.0678740013582578,0.01289966164889281,0.11357667739854345
702,-1,train,54,0.01289966164889281,0.11357667739854345,0.01289966164889281,0.11357667739854345
703,0,train,16,0.01501712820800656,0.12254439280524654,0.013192913636849997,0.11486040935348436
703,1,train,16,0.016649816526001945,0.12903416805637932,0.013192913636849997,0.11486040935348436
703,2,train,16,0.014408900031083837,0.12003707773468929,0.013192913636849997,0.11486040935348436
703,3,train,6,0.006695809782307646,0.08182792788716849,0.013192913636849997,0.11486040935348436
703,-1,train,54,0.013192913636849997,0.11486040935348436,0.013192913636849997,0.11486040935348436
704,0,train,16,0.014986109721705165,0.12241776718150502,0.014739303732089742,0.12140553419053739
704,1,train,16,0.013170796742516167,0.11476409169472901,0.014739303732089742,0.12140553419053739
704,2,train,16,0.014007651674621138,0.11835392547195525,0.014739303732089742,0.12140553419053739
704,3,train,6,0.0167926567895165,0.12958648382264448,0.014739303732089742,0.12140553419053739
704,-1,train,54,0.014739303732089742,0.12140553419053739,0.014739303732089742,0.12140553419053739
705,0,train,16,0.015194947855245507,0.12326778920401513,0.014231873169097922,0.11929741476284356
705,1,train,16,0.011575529225914276,0.10758963345004144,0.014231873169097922,0.11929741476284356
705,2,train,16,0.016455667150313474,0.12827964433343847,0.014231873169097922,0.11929741476284356
705,3,train,6,0.013701348444918434,0.11705275923667256,0.014231873169097922,0.11929741476284356
705,-1,train,54,0.014231873169097922,0.11929741476284356,0.014231873169097922,0.11929741476284356
706,0,train,16,0.006471570080650655,0.08044606939217512,0.016466812029665497,0.12832307676199747
706,1,train,16,0.025102744460959697,0.15843845638278511,0.016466812029665497,0.12832307676199747
706,2,train,16,0.006126363634861401,0.07827109067121399,0.016466812029665497,0.12832307676199747
706,3,train,6,0.028166569942190228,0.1678289901721101,0.016466812029665497,0.12832307676199747
706,-1,train,54,0.016466812029665497,0.12832307676199747,0.016466812029665497,0.12832307676199747
707,0,train,16,0.008265571744197476,0.0909151898430481,0.013679994990661136,0.1169615107232338
707,1,train,16,0.017680076043889752,0.13296644706048874,0.013679994990661136,0.1169615107232338
707,2,train,16,0.01823680337010102,0.13504370910968425,0.013679994990661136,0.1169615107232338
707,3,train,6,0.010537528804456289,0.10265246613918386,0.013679994990661136,0.1169615107232338
707,-1,train,54,0.013679994990661136,0.1169615107232338,0.013679994990661136,0.1169615107232338
708,0,train,16,0.014402132633807433,0.12000888564521976,0.014200550840024216,0.11916606412911444
708,1,train,16,0.017888625769218843,0.13374836735160114,0.014200550840024216,0.11916606412911444
708,2,train,16,0.01049215060708069,0.10243119938319911,0.014200550840024216,0.11916606412911444
708,3,train,6,0.014019294349989898,0.11840310109954848,0.014200550840024216,0.11916606412911444
708,-1,train,54,0.014200550840024216,0.11916606412911444,0.014200550840024216,0.11916606412911444
709,0,train,16,0.007530811471377151,0.08678024816383709,0.014469507270433257,0.12028926498417578
709,1,train,16,0.015108086425428989,0.12291495606893812,0.014469507270433257,0.12028926498417578
709,2,train,16,0.019329582216405735,0.13903086785460894,0.014469507270433257,0.12028926498417578
709,3,train,6,0.015909548968521155,0.12613306056907186,0.014469507270433257,0.12028926498417578
709,-1,train,54,0.014469507270433257,0.12028926498417578,0.014469507270433257,0.12028926498417578
710,0,train,16,0.013456915181729914,0.11600394468176466,0.013111045829684455,0.1145034751860591
710,1,train,16,0.014379312272588029,0.11991377015417382,0.013111045829684455,0.1145034751860591
710,2,train,16,0.017262427061310263,0.13138655586212108,0.013111045829684455,0.1145034751860591
710,3,train,6,0.007345528803109612,0.08570606048063119,0.013111045829684455,0.1145034751860591
710,-1,train,54,0.013111045829684455,0.1145034751860591,0.013111045829684455,0.1145034751860591
711,0,train,16,0.00951350158860114,0.09753718054465764,0.013984897198137405,0.11825775745437339
711,1,train,16,0.012378179923757575,0.11125726908277758,0.013984897198137405,0.11825775745437339
711,2,train,16,0.020925558870542135,0.14465669314118215,0.013984897198137405,0.11825775745437339
711,3,train,6,0.013122348409648772,0.11455281930030693,0.013984897198137405,0.11825775745437339
711,-1,train,54,0.013984897198137405,0.11825775745437339,0.013984897198137405,0.11825775745437339
712,0,train,16,0.013166255865442249,0.11474430646198638,0.012360722890546598,0.11117878795231849
712,1,train,16,0.015418624772163596,0.1241717551303983,0.012360722890546598,0.11117878795231849
712,2,train,16,0.017959295323513827,0.134012295419166,0.012360722890546598,0.11117878795231849
712,3,train,6,0.002898715601066723,0.05383972140591668,0.012360722890546598,0.11117878795231849
712,-1,train,54,0.012360722890546598,0.11117878795231849,0.012360722890546598,0.11117878795231849
713,0,train,16,0.013668085273658712,0.11691058666202438,0.013754908467145542,0.1172813219022771
713,1,train,16,0.008770136295439273,0.09364900584330446,0.013754908467145542,0.1172813219022771
713,2,train,16,0.02059267592962243,0.1435014840676654,0.013754908467145542,0.1172813219022771
713,3,train,6,0.01198873636986176,0.10949308822871771,0.013754908467145542,0.1172813219022771
713,-1,train,54,0.013754908467145542,0.1172813219022771,0.013754908467145542,0.1172813219022771
714,0,train,16,0.007607371334862448,0.08722024612933885,0.012486341328533447,0.11174229874373198
714,1,train,16,0.014247773831347845,0.11936403910453032,0.012486341328533447,0.11174229874373198
714,2,train,16,0.024119380777823236,0.15530415570042946,0.012486341328533447,0.11174229874373198
714,3,train,6,0.0039708393701002615,0.06301459648446749,0.012486341328533447,0.11174229874373198
714,-1,train,54,0.012486341328533447,0.11174229874373198,0.012486341328533447,0.11174229874373198
715,0,train,16,0.012446290162791062,0.11156294260546852,0.01559240430494727,0.12486954915009212
715,1,train,16,0.018243769787414085,0.1350694998414301,0.01559240430494727,0.12486954915009212
715,2,train,16,0.0076779745434432806,0.08762405231124204,0.01559240430494727,0.12486954915009212
715,3,train,6,0.024001582726140645,0.1549244419907351,0.01559240430494727,0.12486954915009212
715,-1,train,54,0.01559240430494727,0.12486954915009212,0.01559240430494727,0.12486954915009212
716,0,train,16,0.013025254434346356,0.11412823679679956,0.01402154300820505,0.11841259649296206
716,1,train,16,0.020591077361813797,0.1434959140944919,0.01402154300820505,0.11841259649296206
716,2,train,16,0.008383117854530055,0.0915593679233865,0.01402154300820505,0.11841259649296206
716,3,train,6,0.014086722382129999,0.11868749884520273,0.01402154300820505,0.11841259649296206
716,-1,train,54,0.01402154300820505,0.11841259649296206,0.01402154300820505,0.11841259649296206
717,0,train,16,0.015161191468447237,0.12313079009105414,0.01489886170463176,0.12206089342877907
717,1,train,16,0.018950272591663916,0.1376599890733103,0.01489886170463176,0.12206089342877907
717,2,train,16,0.0056105763113114245,0.07490378035394091,0.01489886170463176,0.12206089342877907
717,3,train,6,0.01987340644710446,0.14097306993573086,0.01489886170463176,0.12206089342877907
717,-1,train,54,0.01489886170463176,0.12206089342877907,0.01489886170463176,0.12206089342877907
718,0,train,16,0.010100961638519465,0.10050354042778525,0.012651068836069443,0.1124769702475553
718,1,train,16,0.02837644307283449,0.16845308864142114,0.012651068836069443,0.1124769702475553
718,2,train,16,0.006578040855979079,0.0811051222548803,0.012651068836069443,0.1124769702475553
718,3,train,6,0.005548829776944733,0.07449046769181096,0.012651068836069443,0.1124769702475553
718,-1,train,54,0.012651068836069443,0.1124769702475553,0.012651068836069443,0.1124769702475553
719,0,train,16,0.012186221234349216,0.11039121900925461,0.015177725457192225,0.12319791174038716
719,1,train,16,0.017770920625053654,0.13330761653054057,0.015177725457192225,0.12319791174038716
719,2,train,16,0.008751245654662003,0.09354809273663468,0.015177725457192225,0.12319791174038716
719,3,train,6,0.022002514314704028,0.14833244525289815,0.015177725457192225,0.12319791174038716
719,-1,train,54,0.015177725457192225,0.12319791174038716,0.015177725457192225,0.12319791174038716
720,0,train,16,0.012358620130964197,0.11116933089195148,0.01212710546837655,0.11012313775213886
720,1,train,16,0.01258653922754079,0.11218974653479163,0.01212710546837655,0.11012313775213886
720,2,train,16,0.02094789181795011,0.14473386548403283,0.01212710546837655,0.11012313775213886
720,3,train,6,0.002615370697051105,0.05114069511701132,0.01212710546837655,0.11012313775213886
720,-1,train,54,0.01212710546837655,0.11012313775213886,0.01212710546837655,0.11012313775213886
721,0,train,16,0.010585305229369303,0.10288491254488824,0.012767957748243854,0.11299538817245532
721,1,train,16,0.020478454481406113,0.14310295063836423,0.012767957748243854,0.11299538817245532
721,2,train,16,0.013157634167784012,0.11470673113546569,0.012767957748243854,0.11299538817245532
721,3,train,6,0.0068504371144159915,0.08276736744886834,0.012767957748243854,0.11299538817245532
721,-1,train,54,0.012767957748243854,0.11299538817245532,0.012767957748243854,0.11299538817245532
722,0,train,16,0.00822578155625261,0.09069609449283145,0.015608486866670776,0.12493393000570652
722,1,train,16,0.008943233872716129,0.09456867278711344,0.015608486866670776,0.12493393000570652
722,2,train,16,0.020121824229724233,0.14185141603002852,0.015608486866670776,0.12493393000570652
722,3,train,6,0.025143107807990138,0.15856578385007952,0.015608486866670776,0.12493393000570652
722,-1,train,54,0.015608486866670776,0.12493393000570652,0.015608486866670776,0.12493393000570652
723,0,train,16,0.007932054049771991,0.08906207975211443,0.01429260524632437,0.11955168441441706
723,1,train,16,0.014069174721094152,0.11861355201280396,0.01429260524632437,0.11955168441441706
723,2,train,16,0.018206187795509202,0.13493030717933316,0.01429260524632437,0.11955168441441706
723,3,train,6,0.016963004418922137,0.13024209925719923,0.01429260524632437,0.11955168441441706
723,-1,train,54,0.01429260524632437,0.11955168441441706,0.01429260524632437,0.11955168441441706
724,0,train,16,0.016711331270595393,0.12927231440101702,0.012606690987284813,0.11227952167374429
724,1,train,16,0.021482338438017126,0.1465685451862613,0.012606690987284813,0.11227952167374429
724,2,train,16,0.006251683421539456,0.07906758768003141,0.012606690987284813,0.11227952167374429
724,3,train,6,0.005981410818987282,0.07733958119221543,0.012606690987284813,0.11227952167374429
724,-1,train,54,0.012606690987284813,0.11227952167374429,0.012606690987284813,0.11227952167374429
725,0,train,16,0.004043287659104971,0.06358685130673614,0.012896924904549696,0.11356462875627119
725,1,train,16,0.016669797623774255,0.12911157044887284,0.012896924904549696,0.11356462875627119
725,2,train,16,0.02252028717386494,0.15006760867643937,0.012896924904549696,0.11356462875627119
725,3,train,6,0.008354327161454624,0.09140200851980565,0.012896924904549696,0.11356462875627119
725,-1,train,54,0.012896924904549696,0.11356462875627119,0.012896924904549696,0.11356462875627119
726,0,train,16,0.018909346103338776,0.13751125809670559,0.012110175043670488,0.11004624047949338
726,1,train,16,0.01655544082492279,0.12866794793157615,0.012110175043670488,0.11004624047949338
726,2,train,16,0.00950989396967831,0.09751868523354029,0.012110175043670488,0.11004624047949338
726,3,train,6,0.003466019276742082,0.05887290783324773,0.012110175043670488,0.11004624047949338
726,-1,train,54,0.012110175043670488,0.11004624047949338,0.012110175043670488,0.11004624047949338
727,0,train,16,0.007207628820662799,0.08489775509789878,0.01287122761574425,0.11345143285011543
727,1,train,16,0.018534352111147845,0.13614092739197808,0.01287122761574425,0.11345143285011543
727,2,train,16,0.017240436671391645,0.1313028433484654,0.01287122761574425,0.11345143285011543
727,3,train,6,0.008502492859774707,0.09220896301214274,0.01287122761574425,0.11345143285011543
727,-1,train,54,0.01287122761574425,0.11345143285011543,0.01287122761574425,0.11345143285011543
728,0,train,16,0.01682795825776806,0.12972262045521615,0.013737159392620511,0.11720562867294604
728,1,train,16,0.018236153304012615,0.13504130221533195,0.013737159392620511,0.11720562867294604
728,2,train,16,0.00581374947863975,0.07624794737328836,0.013737159392620511,0.11720562867294604
728,3,train,6,0.014070776530061621,0.11862030403797497,0.013737159392620511,0.11720562867294604
728,-1,train,54,0.013737159392620511,0.11720562867294604,0.013737159392620511,0.11720562867294604
729,0,train,16,0.015401854278615327,0.12410420733647722,0.016726723436126422,0.12933183458115183
729,1,train,16,0.010996075757208108,0.10486217505472652,0.016726723436126422,0.12933183458115183
729,2,train,16,0.007017598999705568,0.08377111077039368,0.016726723436126422,0.12933183458115183
729,3,train,6,0.033491364708976686,0.1830064608394378,0.016726723436126422,0.12933183458115183
729,-1,train,54,0.016726723436126422,0.12933183458115183,0.016726723436126422,0.12933183458115183
730,0,train,16,0.01649609755675278,0.1284371346486396,0.013234793993029204,0.11504257469749711
730,1,train,16,0.013111023861179872,0.11450337925659605,0.013234793993029204,0.11504257469749711
730,2,train,16,0.012064020422861818,0.10983633471152349,0.013234793993029204,0.11504257469749711
730,3,train,6,0.011268034131322347,0.10615099684563657,0.013234793993029204,0.11504257469749711
730,-1,train,54,0.013234793993029204,0.11504257469749711,0.013234793993029204,0.11504257469749711
731,0,train,16,0.018240173789806288,0.13505618752877,0.01370476470991441,0.11706735116980485
731,1,train,16,0.01374171503640983,0.11722506146899574,0.01370476470991441,0.11706735116980485
731,2,train,16,0.008456792123544526,0.09196081841493434,0.01370476470991441,0.11706735116980485
731,3,train,6,0.014380377889896998,0.11991821333682802,0.01370476470991441,0.11706735116980485
731,-1,train,54,0.01370476470991441,0.11706735116980485,0.01370476470991441,0.11706735116980485
732,0,train,16,0.010143507734262397,0.10071498267021842,0.013780597500163283,0.11739078967348027
732,1,train,16,0.01297194188659447,0.11389443307991164,0.013780597500163283,0.11739078967348027
732,2,train,16,0.016910854812311114,0.13004174257641704,0.013780597500163283,0.11739078967348027
732,3,train,6,0.015096085567485144,0.12286612864205149,0.013780597500163283,0.11739078967348027
732,-1,train,54,0.013780597500163283,0.11739078967348027,0.013780597500163283,0.11739078967348027
733,0,train,16,0.018181549600308895,0.13483897656207902,0.014849234029454404,0.12185743321379457
733,1,train,16,0.01637515730156257,0.12796545354728583,0.014849234029454404,0.12185743321379457
733,2,train,16,0.002759632187715005,0.05253220143602403,0.014849234029454404,0.12185743321379457
733,3,train,6,0.022080597028231137,0.14859541388694045,0.014849234029454404,0.12185743321379457
733,-1,train,54,0.014849234029454404,0.12185743321379457,0.014849234029454404,0.12185743321379457
734,0,train,16,0.013485568059443493,0.11612737859541777,0.015802274292149865,0.12570709722267023
734,1,train,16,0.006555225286831377,0.08096434577535581,0.015802274292149865,0.12570709722267023
734,2,train,16,0.014818162746353633,0.1217298761453146,0.015802274292149865,0.12570709722267023
734,3,train,6,0.02835014107597096,0.16837500133918623,0.015802274292149865,0.12570709722267023
734,-1,train,54,0.015802274292149865,0.12570709722267023,0.015802274292149865,0.12570709722267023
735,0,train,16,0.007646203918648954,0.08744257497723265,0.01262789100764984,0.1123738893500169
735,1,train,16,0.015446796339376683,0.12428514126546537,0.01262789100764984,0.1123738893500169
735,2,train,16,0.019197260646845057,0.138554179463649,0.01262789100764984,0.1123738893500169
735,3,train,6,0.008221303125728663,0.09067140191774176,0.01262789100764984,0.1123738893500169
735,-1,train,54,0.01262789100764984,0.1123738893500169,0.01262789100764984,0.1123738893500169
736,0,train,16,0.012459345583586355,0.11162143872745214,0.012094567576403663,0.10997530439332125
736,1,train,16,0.02035609484109199,0.14267478698456848,0.012094567576403663,0.10997530439332125
736,2,train,16,0.010684616326100372,0.10336641778692135,0.012094567576403663,0.10997530439332125
736,3,train,6,0.0048782135548359395,0.0698442091718128,0.012094567576403663,0.10997530439332125
736,-1,train,54,0.012094567576403663,0.10997530439332125,0.012094567576403663,0.10997530439332125
737,0,train,16,0.009731837911633618,0.09865007811265847,0.013472692888288835,0.11607192980341471
737,1,train,16,0.014706108216173944,0.12126874377255643,0.013472692888288835,0.11607192980341471
737,2,train,16,0.015530585812498018,0.12462177102135091,0.013472692888288835,0.11607192980341471
737,3,train,6,0.013922239612849762,0.11799254049663378,0.013472692888288835,0.11607192980341471
737,-1,train,54,0.013472692888288835,0.11607192980341471,0.013472692888288835,0.11607192980341471
738,0,train,16,0.009231880907196488,0.09608267745643065,0.01418701890873331,0.11910927297542082
738,1,train,16,0.010616323453051066,0.10303554460986299,0.01418701890873331,0.11910927297542082
738,2,train,16,0.018243999020940063,0.1350703484149651,0.01418701890873331,0.11910927297542082
738,3,train,6,0.018655872253745626,0.13658650099385966,0.01418701890873331,0.11910927297542082
738,-1,train,54,0.01418701890873331,0.11910927297542082,0.01418701890873331,0.11910927297542082
739,0,train,16,0.015751412989449733,0.12550463333857334,0.012065178774210397,0.10984160766399223
739,1,train,16,0.01091645944392243,0.10448186179391344,0.012065178774210397,0.10984160766399223
739,2,train,16,0.016454514396222933,0.12827515112531707,0.012065178774210397,0.10984160766399223
739,3,train,6,0.005138328267246485,0.07168213352884026,0.012065178774210397,0.10984160766399223
739,-1,train,54,0.012065178774210397,0.10984160766399223,0.012065178774210397,0.10984160766399223
740,0,train,16,0.010109210626499698,0.10054457034817792,0.01696561546305025,0.13025212268155267
740,1,train,16,0.011579991943444093,0.10761037098460395,0.01696561546305025,0.13025212268155267
740,2,train,16,0.009512678367379604,0.09753296041533654,0.01696561546305025,0.13025212268155267
740,3,train,6,0.03666058091487761,0.19146952999074712,0.01696561546305025,0.13025212268155267
740,-1,train,54,0.01696561546305025,0.13025212268155267,0.01696561546305025,0.13025212268155267
741,0,train,16,0.011724796462516049,0.10828109928568351,0.012455962397537726,0.11160628296622788
741,1,train,16,0.016159898446913425,0.1271215892243069,0.012455962397537726,0.11160628296622788
741,2,train,16,0.014047025055476801,0.11852014620087507,0.012455962397537726,0.11160628296622788
741,3,train,6,0.007892129625244635,0.08883765882352278,0.012455962397537726,0.11160628296622788
741,-1,train,54,0.012455962397537726,0.11160628296622788,0.012455962397537726,0.11160628296622788
742,0,train,16,0.009279794475733063,0.09633168988309643,0.011599091682224042,0.10769907930072588
742,1,train,16,0.017576951432387952,0.13257809559798311,0.011599091682224042,0.10769907930072588
742,2,train,16,0.0168543557322766,0.1298243264272016,0.011599091682224042,0.10769907930072588
742,3,train,6,0.002685265088498557,0.051819543499519144,0.011599091682224042,0.10769907930072588
742,-1,train,54,0.011599091682224042,0.10769907930072588,0.011599091682224042,0.10769907930072588
743,0,train,16,0.013806408110458608,0.1175006728085359,0.012335837087885482,0.11106681362083583
743,1,train,16,0.01527595188504566,0.12359592179779097,0.012335837087885482,0.11106681362083583
743,2,train,16,0.012703610450581318,0.11271029434164972,0.012335837087885482,0.11106681362083583
743,3,train,6,0.007557377905456349,0.08693318069331381,0.012335837087885482,0.11106681362083583
743,-1,train,54,0.012335837087885482,0.11106681362083583,0.012335837087885482,0.11106681362083583
744,0,train,16,0.01499039913635847,0.12243528550364258,0.012011459409675223,0.10959680382965199
744,1,train,16,0.01068667560929489,0.1033763783912693,0.012011459409675223,0.10959680382965199
744,2,train,16,0.016710451745894417,0.12926891252692743,0.012011459409675223,0.10959680382965199
744,3,train,6,0.005658311147153114,0.07522174650427305,0.012011459409675223,0.10959680382965199
744,-1,train,54,0.012011459409675223,0.10959680382965199,0.012011459409675223,0.10959680382965199
745,0,train,16,0.010840547533246587,0.10411795010105888,0.011860956950498148,0.10890802059764997
745,1,train,16,0.013493205223137933,0.11616025664201131,0.011860956950498148,0.10890802059764997
745,2,train,16,0.018327915737196002,0.13538063279951087,0.011860956950498148,0.10890802059764997
745,3,train,6,0.004782159308412066,0.06915315834010813,0.011860956950498148,0.10890802059764997
745,-1,train,54,0.011860956950498148,0.10890802059764997,0.011860956950498148,0.10890802059764997
746,0,train,16,0.010106197874005402,0.10052958705776822,0.014156112587279264,0.11897946288027722
746,1,train,16,0.007631830223572667,0.08736034697488711,0.014156112587279264,0.11897946288027722
746,2,train,16,0.019193434370776818,0.1385403709060172,0.014156112587279264,0.11897946288027722
746,3,train,6,0.019692987880762167,0.14033170661244795,0.014156112587279264,0.11897946288027722
746,-1,train,54,0.014156112587279264,0.11897946288027722,0.014156112587279264,0.11897946288027722
747,0,train,16,0.015474068680363709,0.12439480970025923,0.012896837326250974,0.1135642431676933
747,1,train,16,0.01551448818034346,0.12455716832179295,0.012896837326250974,0.1135642431676933
747,2,train,16,0.008853265531735008,0.09409179311573888,0.012896837326250974,0.1135642431676933
747,3,train,6,0.01174552691256172,0.1083767821655622,0.012896837326250974,0.1135642431676933
747,-1,train,54,0.012896837326250974,0.1135642431676933,0.012896837326250974,0.1135642431676933
748,0,train,16,0.013972151723184082,0.11820385663413899,0.011736388159569597,0.10833461201098012
748,1,train,16,0.02041042328441239,0.14286505270503486,0.011736388159569597,0.10833461201098012
748,2,train,16,0.008097886411332243,0.08998825707464415,0.011736388159569597,0.10833461201098012
748,3,train,6,0.004465091219349671,0.06682133805417002,0.011736388159569597,0.10833461201098012
748,-1,train,54,0.011736388159569597,0.10833461201098012,0.011736388159569597,0.10833461201098012
749,0,train,16,0.008407793227511102,0.09169401958421881,0.012980769626444878,0.1139331805333498
749,1,train,16,0.02417459807703339,0.15548182555216344,0.012980769626444878,0.1139331805333498
749,2,train,16,0.006850965470899831,0.08277055920374002,0.012980769626444878,0.1139331805333498
749,3,train,6,0.012489721730335192,0.11175742360279782,0.012980769626444878,0.1139331805333498
749,-1,train,54,0.012980769626444878,0.1139331805333498,0.012980769626444878,0.1139331805333498
750,0,train,16,0.015274427391167383,0.12358975439399247,0.013179133883318943,0.11480040889874453
750,1,train,16,0.013355787906917606,0.11556724409155739,0.013179133883318943,0.11480040889874453
750,2,train,16,0.010164059607021088,0.10081696090946744,0.013179133883318943,0.11480040889874453
750,3,train,6,0.013922260628169696,0.11799262955019561,0.013179133883318943,0.11480040889874453
750,-1,train,54,0.013179133883318943,0.11480040889874453,0.013179133883318943,0.11480040889874453
751,0,train,16,0.011891559329777564,0.10904842653508377,0.013130997112292897,0.11459056292859765
751,1,train,16,0.013581796992558978,0.11654096701400318,0.013130997112292897,0.11459056292859765
751,2,train,16,0.013256568688357664,0.11513717335577447,0.013130997112292897,0.11459056292859765
751,3,train,6,0.013794063438477382,0.1174481308428422,0.013130997112292897,0.11459056292859765
751,-1,train,54,0.013130997112292897,0.11459056292859765,0.013130997112292897,0.11459056292859765
752,0,train,16,0.0144863263558825,0.12035915567950159,0.013122471671404899,0.1145533573117999
752,1,train,16,0.013435795069516894,0.11591287706513412,0.013122471671404899,0.1145533573117999
752,2,train,16,0.010721414203130837,0.10354426204831843,0.013122471671404899,0.1145533573117999
752,3,train,6,0.013846351057089359,0.11767051906526697,0.013122471671404899,0.1145533573117999
752,-1,train,54,0.013122471671404899,0.1145533573117999,0.013122471671404899,0.1145533573117999
753,0,train,16,0.010032017244012934,0.1001599582867971,0.014822549189142359,0.12174789192894618
753,1,train,16,0.011172037658955672,0.10569786023830223,0.014822549189142359,0.12174789192894618
753,2,train,16,0.013146406186765429,0.11465777857069022,0.014822549189142359,0.12174789192894618
753,3,train,6,0.024939735666835397,0.15792319546803565,0.014822549189142359,0.12174789192894618
753,-1,train,54,0.014822549189142359,0.12174789192894618,0.014822549189142359,0.12174789192894618
754,0,train,16,0.017603858106103907,0.1326795316019163,0.011128179773093603,0.10549018804179658
754,1,train,16,0.019295781123743957,0.13890925499672063,0.011128179773093603,0.10549018804179658
754,2,train,16,0.006197369133710545,0.07872337094986816,0.011128179773093603,0.10549018804179658
754,3,train,6,0.001415710728816005,0.03762593160063954,0.011128179773093603,0.10549018804179658
754,-1,train,54,0.011128179773093603,0.10549018804179658,0.011128179773093603,0.10549018804179658
755,0,train,16,0.018676873597241614,0.13666335864906004,0.013570604485123754,0.11649293749032065
755,1,train,16,0.012967496221373886,0.11387491480292701,0.013570604485123754,0.11649293749032065
755,2,train,16,0.005422639865021946,0.07363857593016004,0.013570604485123754,0.11649293749032065
755,3,train,6,0.017215408256857564,0.13120750076446683,0.013570604485123754,0.11649293749032065
755,-1,train,54,0.013570604485123754,0.11649293749032065,0.013570604485123754,0.11649293749032065
756,0,train,16,0.010793990792697265,0.10389413261920649,0.013922253171776214,0.11799259795333017
756,1,train,16,0.0120710245382001,0.10986821441254109,0.013922253171776214,0.11799259795333017
756,2,train,16,0.013136667546675225,0.11461530241060844,0.013922253171776214,0.11799259795333017
756,3,train,6,0.01968732980953226,0.1403115455318352,0.013922253171776214,0.11799259795333017
756,-1,train,54,0.013922253171776214,0.11799259795333017,0.013922253171776214,0.11799259795333017
757,0,train,16,0.02396957228784459,0.15482109768324404,0.011441892057430621,0.10696678015828383
757,1,train,16,0.0064662938903353555,0.08041326936728388,0.011441892057430621,0.10696678015828383
757,2,train,16,0.011522179698549295,0.10734141651081978,0.011441892057430621,0.10696678015828383
757,3,train,6,0.0038095223529932398,0.06172132818558946,0.011441892057430621,0.10696678015828383
757,-1,train,54,0.011441892057430621,0.10696678015828383,0.011441892057430621,0.10696678015828383
758,0,train,16,0.007025881448804529,0.0838205311889905,0.01296799461159142,0.11387710310502028
758,1,train,16,0.005186990255809574,0.07202076267167389,0.01296799461159142,0.11387710310502028
758,2,train,16,0.0259185245436704,0.16099231206386969,0.01296799461159142,0.11387710310502028
758,3,train,6,0.013740582198081178,0.11722022947461405,0.01296799461159142,0.11387710310502028
758,-1,train,54,0.01296799461159142,0.11387710310502028,0.01296799461159142,0.11387710310502028
759,0,train,16,0.01028813492390562,0.10143044377259532,0.013198853374495797,0.11488626277538928
759,1,train,16,0.018123281590396636,0.1346227380140392,0.013198853374495797,0.11488626277538928
759,2,train,16,0.008996290671569212,0.09484877791289255,0.013198853374495797,0.11488626277538928
759,3,train,6,0.015387706312111718,0.1240471938905178,0.013198853374495797,0.11488626277538928
759,-1,train,54,0.013198853374495797,0.11488626277538928,0.013198853374495797,0.11488626277538928
760,0,train,16,0.011764071734899349,0.1084623055946136,0.011121279178299593,0.10545747568712041
760,1,train,16,0.020174926828962592,0.14203846953893368,0.011121279178299593,0.10545747568712041
760,2,train,16,0.010264661684513114,0.10131466668016588,0.011121279178299593,0.10545747568712041
760,3,train,6,0.0022814564648233177,0.04776459426000935,0.011121279178299593,0.10545747568712041
760,-1,train,54,0.011121279178299593,0.10545747568712041,0.011121279178299593,0.10545747568712041
761,0,train,16,0.011802584549586595,0.1086397006144006,0.012054069784132808,0.10979102779431846
761,1,train,16,0.015191346173167869,0.12325317916049008,0.012054069784132808,0.10979102779431846
761,2,train,16,0.012790945600861095,0.11309706274196998,0.012054069784132808,0.10979102779431846
761,3,train,6,0.008431402812915672,0.09182267047366718,0.012054069784132808,0.10979102779431846
761,-1,train,54,0.012054069784132808,0.10979102779431846,0.012054069784132808,0.10979102779431846
762,0,train,16,0.008495107110878844,0.09216890533622955,0.011734558838517824,0.10832616876137466
762,1,train,16,0.019698349310638085,0.14035080801562236,0.011734558838517824,0.10832616876137466
762,2,train,16,0.012229377058061083,0.11058651390681001,0.011734558838517824,0.10832616876137466
762,3,train,6,0.006515401874493277,0.08071803933751907,0.011734558838517824,0.10832616876137466
762,-1,train,54,0.011734558838517824,0.10832616876137466,0.011734558838517824,0.10832616876137466
763,0,train,16,0.010901142132863284,0.10440853477021543,0.012773563983655931,0.11302019281374427
763,1,train,16,0.017614053792519752,0.13271794826819677,0.012773563983655931,0.11302019281374427
763,2,train,16,0.009298017612533611,0.0964262288619316,0.012773563983655931,0.11302019281374427
763,3,train,6,0.013281042396707075,0.11524340500309367,0.012773563983655931,0.11302019281374427
763,-1,train,54,0.012773563983655931,0.11302019281374427,0.012773563983655931,0.11302019281374427
764,0,train,16,0.015479035983372113,0.12441477397548939,0.011494858043863312,0.10721407577302204
764,1,train,16,0.007465816765659473,0.08640495799234829,0.011494858043863312,0.10721407577302204
764,2,train,16,0.01779635597334612,0.1334029833749835,0.011494858043863312,0.10721407577302204
764,3,train,6,0.005238223453075548,0.07237557221242225,0.011494858043863312,0.10721407577302204
764,-1,train,54,0.011494858043863312,0.10721407577302204,0.011494858043863312,0.10721407577302204
765,0,train,16,0.016989139817625353,0.130342394552292,0.01160608469773447,0.10773153993949251
765,1,train,16,0.01352950347603627,0.11631639384040528,0.01160608469773447,0.10773153993949251
765,2,train,16,0.009806379325295404,0.09902716458273156,0.01160608469773447,0.10773153993949251
765,3,train,6,0.00609931617198085,0.07809811887607057,0.01160608469773447,0.10773153993949251
765,-1,train,54,0.01160608469773447,0.10773153993949251,0.01160608469773447,0.10773153993949251
766,0,train,16,0.011299613790985307,0.1062996415374262,0.012470671029306539,0.11167215870263518
766,1,train,16,0.01488043829672056,0.12198540198204276,0.012470671029306539,0.11167215870263518
766,2,train,16,0.011971483217904715,0.10941427337374551,0.012470671029306539,0.11167215870263518
766,3,train,6,0.011731148811615577,0.10831042799110147,0.012470671029306539,0.11167215870263518
766,-1,train,54,0.012470671029306539,0.11167215870263518,0.012470671029306539,0.11167215870263518
767,0,train,16,0.017507774855428853,0.1323169484813977,0.01152851953342182,0.10737094361800971
767,1,train,16,0.015686585242738946,0.1252460987126503,0.01152851953342182,0.10737094361800971
767,2,train,16,0.0071394467783736345,0.08449524707564109,0.01152851953342182,0.10737094361800971
767,3,train,6,0.005780271257145844,0.07602809518293777,0.01152851953342182,0.10737094361800971
767,-1,train,54,0.01152851953342182,0.10737094361800971,0.01152851953342182,0.10737094361800971
768,0,train,16,0.016407795015489415,0.12809291555542568,0.012079421042188086,0.10990641947669884
768,1,train,16,0.004404446747234683,0.06636600596114461,0.012079421042188086,0.10990641947669884
768,2,train,16,0.01800037888907132,0.13416549067875586,0.012079421042188086,0.10990641947669884
768,3,train,6,0.009505063516956933,0.0974939152817084,0.012079421042188086,0.10990641947669884
768,-1,train,54,0.012079421042188086,0.10990641947669884,0.012079421042188086,0.10990641947669884
769,0,train,16,0.013491504935060147,0.11615293769449031,0.011216501051420226,0.10590798388894118
769,1,train,16,0.021611418121132056,0.14700822467172392,0.011216501051420226,0.10590798388894118
769,2,train,16,0.005701620519383552,0.07550907574181763,0.011216501051420226,0.10590798388894118
769,3,train,6,0.004061460630105148,0.0637295899100657,0.011216501051420226,0.10590798388894118
769,-1,train,54,0.011216501051420226,0.10590798388894118,0.011216501051420226,0.10590798388894118
770,0,train,16,0.009813724511862772,0.09906424436628371,0.012327226437704831,0.11102804347418192
770,1,train,16,0.014814094174543725,0.1217131635220436,0.012327226437704831,0.11102804347418192
770,2,train,16,0.013353963283566394,0.11555934961553908,0.012327226437704831,0.11102804347418192
770,3,train,6,0.011327123780846429,0.10642896119405859,0.012327226437704831,0.11102804347418192
770,-1,train,54,0.012327226437704831,0.11102804347418192,0.012327226437704831,0.11102804347418192
771,0,train,16,0.013910247874232015,0.11794171388542739,0.01124615148090127,0.10604787353314195
771,1,train,16,0.017514874536547795,0.13234377407550305,0.01124615148090127,0.10604787353314195
771,2,train,16,0.009036667054489583,0.09506138571728051,0.01124615148090127,0.10604787353314195
771,3,train,6,0.004522816458335684,0.06725188813955846,0.01124615148090127,0.10604787353314195
771,-1,train,54,0.01124615148090127,0.10604787353314195,0.01124615148090127,0.10604787353314195
772,0,train,16,0.015140627751905134,0.12304725820555748,0.012522256984353705,0.11190289086683018
772,1,train,16,0.00818836857762431,0.09048960480422218,0.012522256984353705,0.11190289086683018
772,2,train,16,0.013943426450545618,0.11808228677725384,0.012522256984353705,0.11190289086683018
772,3,train,6,0.012816605157339761,0.11321044632603372,0.012522256984353705,0.11190289086683018
772,-1,train,54,0.012522256984353705,0.11190289086683018,0.012522256984353705,0.11190289086683018
773,0,train,16,0.016265036239171863,0.1275344511854419,0.011617497112160466,0.10778449383914397
773,1,train,16,0.004797733448218173,0.0692656729427945,0.011617497112160466,0.10778449383914397
773,2,train,16,0.01829263953714179,0.13525028479504872,0.011617497112160466,0.10778449383914397
773,3,train,6,0.007114579224110042,0.08434796514504687,0.011617497112160466,0.10778449383914397
773,-1,train,54,0.011617497112160466,0.10778449383914397,0.011617497112160466,0.10778449383914397
774,0,train,16,0.01575318887850954,0.1255117081331839,0.01155023638853744,0.10747202607440431
774,1,train,16,0.01137353803622973,0.10664679102640515,0.01155023638853744,0.10747202607440431
774,2,train,16,0.01229281719939166,0.11087297776911947,0.01155023638853744,0.10747202607440431
774,3,train,6,0.006781401440018831,0.0823492649634399,0.01155023638853744,0.10747202607440431
774,-1,train,54,0.01155023638853744,0.10747202607440431,0.01155023638853744,0.10747202607440431
775,0,train,16,0.00960970625192402,0.09802910920703105,0.014956731660390299,0.12229771731471646
775,1,train,16,0.016505906452271703,0.1284753145638169,0.014956731660390299,0.12229771731471646
775,2,train,16,0.004986110182239173,0.070612393970458,0.014956731660390299,0.12229771731471646
775,3,train,6,0.028725203755126296,0.16948511366821067,0.014956731660390299,0.12229771731471646
775,-1,train,54,0.014956731660390299,0.12229771731471646,0.014956731660390299,0.12229771731471646
776,0,train,16,0.007524997391330964,0.08674674282836771,0.01327776774521883,0.1152291965832394
776,1,train,16,0.013859356096663533,0.11772576649427063,0.01327776774521883,0.1152291965832394
776,2,train,16,0.013511599819421452,0.1162394073428691,0.01327776774521883,0.1152291965832394
776,3,train,6,0.01821511767345937,0.13496339382758338,0.01327776774521883,0.1152291965832394
776,-1,train,54,0.01327776774521883,0.1152291965832394,0.01327776774521883,0.1152291965832394
777,0,train,16,0.010957386845954563,0.1046775374469354,0.013435773269558391,0.11591278302913097
777,1,train,16,0.0096846903594133,0.09841082440165462,0.013435773269558391,0.11591278302913097
777,2,train,16,0.013706897138008822,0.1170764585132674,0.013435773269558391,0.11591278302913097
777,3,train,6,0.019394118734856882,0.13926276866002946,0.013435773269558391,0.11591278302913097
777,-1,train,54,0.013435773269558391,0.11591278302913097,0.013435773269558391,0.11591278302913097
778,0,train,16,0.011810417454950364,0.10867574455668737,0.01379369896350031,0.11744657919028681
778,1,train,16,0.011695541046036892,0.10814592477775985,0.01379369896350031,0.11744657919028681
778,2,train,16,0.00973162669583477,0.09864900757653251,0.01379369896350031,0.11744657919028681
778,3,train,6,0.02193721065717922,0.14811215566988153,0.01379369896350031,0.11744657919028681
778,-1,train,54,0.01379369896350031,0.11744657919028681,0.01379369896350031,0.11744657919028681
779,0,train,16,0.0071297677632718715,0.08443795214991817,0.012110202387036684,0.11004636471522666
779,1,train,16,0.011324671312655384,0.10641743894989855,0.012110202387036684,0.11004636471522666
779,2,train,16,0.018765418151629933,0.13698692693695239,0.012110202387036684,0.11004636471522666
779,3,train,6,0.011220952320589549,0.10592899659955979,0.012110202387036684,0.11004636471522666
779,-1,train,54,0.012110202387036684,0.11004636471522666,0.012110202387036684,0.11004636471522666
780,0,train,16,0.008074078363188379,0.08985587550732772,0.012807175381578353,0.11316879155305297
780,1,train,16,0.019381007497682515,0.1392156869669597,0.012807175381578353,0.11316879155305297
780,2,train,16,0.007989282730284928,0.08938278766230626,0.012807175381578353,0.11316879155305297
780,3,train,6,0.01578433293515759,0.12563571520534114,0.012807175381578353,0.11316879155305297
780,-1,train,54,0.012807175381578353,0.11316879155305297,0.012807175381578353,0.11316879155305297
781,0,train,16,0.009278851775919953,0.09632679676974602,0.011471299247222027,0.10710415140050374
781,1,train,16,0.017460405447544375,0.1321378274664162,0.011471299247222027,0.10710415140050374
781,2,train,16,0.011846802486696286,0.10884301762950294,0.011471299247222027,0.10710415140050374
781,3,train,6,0.007299137278727495,0.08543498860962934,0.011471299247222027,0.10710415140050374
781,-1,train,54,0.011471299247222027,0.10710415140050374,0.011471299247222027,0.10710415140050374
782,0,train,16,0.016213013642622103,0.1273303327672637,0.011250109383058992,0.10606653281341383
782,1,train,16,0.008447193281157178,0.091908613748425,0.011250109383058992,0.10606653281341383
782,2,train,16,0.014217316338129943,0.11923638848157865,0.011250109383058992,0.10606653281341383
782,3,train,6,0.006122914270326751,0.078249052839806,0.011250109383058992,0.10606653281341383
782,-1,train,54,0.011250109383058992,0.10606653281341383,0.011250109383058992,0.10606653281341383
783,0,train,16,0.008513847567032426,0.09227051298780356,0.011156375089426882,0.10562374301939352
783,1,train,16,0.01259713100176414,0.11223694134180662,0.011156375089426882,0.10562374301939352
783,2,train,16,0.01780810579398735,0.13344701493097308,0.011156375089426882,0.10562374301939352
783,3,train,6,0.0057064159949236064,0.0755408233667307,0.011156375089426882,0.10562374301939352
783,-1,train,54,0.011156375089426882,0.10562374301939352,0.011156375089426882,0.10562374301939352
784,0,train,16,0.018079095784113302,0.1344585281196894,0.011363034974520188,0.10659753737549563
784,1,train,16,0.007799950637799174,0.08831732920440458,0.011363034974520188,0.10659753737549563
784,2,train,16,0.012366695353872838,0.11120564443351262,0.011363034974520188,0.10659753737549563
784,3,train,6,0.007206398122295439,0.0848905066676801,0.011363034974520188,0.10659753737549563
784,-1,train,54,0.011363034974520188,0.10659753737549563,0.011363034974520188,0.10659753737549563
785,0,train,16,0.01257428574886583,0.11213512272640463,0.013169766878706798,0.11475960473401256
785,1,train,16,0.008771381516605885,0.0936556539489522,0.013169766878706798,0.11475960473401256
785,2,train,16,0.012452238796107157,0.11158959985638069,0.013169766878706798,0.11475960473401256
785,3,train,6,0.018881161453248325,0.13740873863495118,0.013169766878706798,0.11475960473401256
785,-1,train,54,0.013169766878706798,0.11475960473401256,0.013169766878706798,0.11475960473401256
786,0,train,16,0.01163159895022181,0.1078498908215572,0.011436220797501926,0.10694026742767163
786,1,train,16,0.007942285161261746,0.08911949933242301,0.011436220797501926,0.10694026742767163
786,2,train,16,0.018216901737431488,0.13497000310228746,0.011436220797501926,0.10694026742767163
786,3,train,6,0.00795409734109266,0.08918574628881377,0.011436220797501926,0.10694026742767163
786,-1,train,54,0.011436220797501926,0.10694026742767163,0.011436220797501926,0.10694026742767163
787,0,train,16,0.011439282974791487,0.10695458370164174,0.010855997047122156,0.10419211605069817
787,1,train,16,0.015590416765857332,0.12486159043459814,0.010855997047122156,0.10419211605069817
787,2,train,16,0.01212888330223695,0.11013120948322029,0.010855997047122156,0.10419211605069817
787,3,train,6,0.004265405145602853,0.06531006925124833,0.010855997047122156,0.10419211605069817
787,-1,train,54,0.010855997047122156,0.10419211605069817,0.010855997047122156,0.10419211605069817
788,0,train,16,0.0038486811251692873,0.06203773952336825,0.011228241836288833,0.10596339856898151
788,1,train,16,0.017572015873757636,0.13255948051255192,0.011228241836288833,0.10596339856898151
788,2,train,16,0.016731294054416156,0.12934950349505078,0.011228241836288833,0.10596339856898151
788,3,train,6,0.006760976291812259,0.08222515607654546,0.011228241836288833,0.10596339856898151
788,-1,train,54,0.011228241836288833,0.10596339856898151,0.011228241836288833,0.10596339856898151
789,0,train,16,0.014478021887342906,0.12032465203499616,0.010844427733989997,0.1041365821120993
789,1,train,16,0.01795276750991451,0.13398793792694366,0.010844427733989997,0.1041365821120993
789,2,train,16,0.006486389596788902,0.08053812511344488,0.010844427733989997,0.1041365821120993
789,3,train,6,0.004460531941913672,0.06678721391040109,0.010844427733989997,0.1041365821120993
789,-1,train,54,0.010844427733989997,0.1041365821120993,0.010844427733989997,0.1041365821120993
790,0,train,16,0.009333243020060153,0.09660871089120356,0.012077182913805745,0.10989623703205559
790,1,train,16,0.01412314541366086,0.11884084068055417,0.012077182913805745,0.10989623703205559
790,2,train,16,0.012442182019811352,0.1115445293136842,0.012077182913805745,0.10989623703205559
790,3,train,6,0.012410161201690615,0.11140090305599239,0.012077182913805745,0.10989623703205559
790,-1,train,54,0.012077182913805745,0.10989623703205559,0.012077182913805745,0.10989623703205559
791,0,train,16,0.013711989809364349,0.11709820583324217,0.012569041519721647,0.11211173676168631
791,1,train,16,0.00984589767772645,0.09922649685304047,0.012569041519721647,0.11211173676168631
791,2,train,16,0.011025310811418417,0.10500148004394232,0.012569041519721647,0.11211173676168631
791,3,train,6,0.01569296778037738,0.12527157610718154,0.012569041519721647,0.11211173676168631
791,-1,train,54,0.012569041519721647,0.11211173676168631,0.012569041519721647,0.11211173676168631
792,0,train,16,0.014074591850978166,0.11863638502153614,0.012914509421757307,0.1136420231329824
792,1,train,16,0.013277767726833674,0.11522919650346293,0.012914509421757307,0.1136420231329824
792,2,train,16,0.006264045282523503,0.07914572182072448,0.012914509421757307,0.1136420231329824
792,3,train,6,0.018041632826693885,0.1343191454212462,0.012914509421757307,0.1136420231329824
792,-1,train,54,0.012914509421757307,0.1136420231329824,0.012914509421757307,0.1136420231329824
793,0,train,16,0.01175410072043577,0.1084163305062285,0.012744980592433449,0.11289366940813576
793,1,train,16,0.012475805142648478,0.11169514377379385,0.012744980592433449,0.11289366940813576
793,2,train,16,0.009635198489478268,0.0981590469059183,0.012744980592433449,0.11289366940813576
793,3,train,6,0.017114818017171286,0.13082361414198618,0.012744980592433449,0.11289366940813576
793,-1,train,54,0.012744980592433449,0.11289366940813576,0.012744980592433449,0.11289366940813576
794,0,train,16,0.012565222953523756,0.11209470528764397,0.012255810166931684,0.11070596265301921
794,1,train,16,0.014843379949163927,0.12183341064405907,0.012255810166931684,0.11070596265301921
794,2,train,16,0.007466184969875078,0.08640708865524331,0.012255810166931684,0.11070596265301921
794,3,train,6,0.014148452795163977,0.11894726896891739,0.012255810166931684,0.11070596265301921
794,-1,train,54,0.012255810166931684,0.11070596265301921,0.012255810166931684,0.11070596265301921
795,0,train,16,0.015578585556732088,0.12481420414653169,0.011960764888076507,0.10936528191376141
795,1,train,16,0.007876324484368286,0.08874865905673328,0.011960764888076507,0.10936528191376141
795,2,train,16,0.011992136087987238,0.1095086119352594,0.011960764888076507,0.10936528191376141
795,3,train,6,0.012396013423218414,0.11133738555947151,0.011960764888076507,0.10936528191376141
795,-1,train,54,0.011960764888076507,0.10936528191376141,0.011960764888076507,0.10936528191376141
796,0,train,16,0.00927314970040806,0.09629719466530715,0.011689570510598333,0.1081183171835297
796,1,train,16,0.010004355813201445,0.10002177669488502,0.011689570510598333,0.1081183171835297
796,2,train,16,0.01662015284679407,0.1289191717580984,0.011689570510598333,0.1081183171835297
796,3,train,6,0.010860623681989756,0.10421431610863142,0.011689570510598333,0.1081183171835297
796,-1,train,54,0.011689570510598333,0.1081183171835297,0.011689570510598333,0.1081183171835297
797,0,train,16,0.0051142572982145985,0.07151403567282857,0.010944356206102485,0.10461527711621513
797,1,train,16,0.009328394934535697,0.09658361628421094,0.010944356206102485,0.10461527711621513
797,2,train,16,0.023119885716757712,0.15205224666790593,0.010944356206102485,0.10461527711621513
797,3,train,6,0.006214886874901932,0.07883455381304529,0.010944356206102485,0.10461527711621513
797,-1,train,54,0.010944356206102485,0.10461527711621513,0.010944356206102485,0.10461527711621513
798,0,train,16,0.011622929861416158,0.10780969279900651,0.011885486762777312,0.1090205795378896
798,1,train,16,0.012134771596966567,0.1101579393278876,0.011885486762777312,0.1090205795378896
798,2,train,16,0.011412529624654432,0.10682944175017686,0.011885486762777312,0.1090205795378896
798,3,train,6,0.012371715968072095,0.1112282157011974,0.011885486762777312,0.1090205795378896
798,-1,train,54,0.011885486762777312,0.1090205795378896,0.011885486762777312,0.1090205795378896
799,0,train,16,0.010212151284115888,0.10105518929830318,0.011070124415611452,0.10521465874872879
799,1,train,16,0.009563901769336199,0.0977952032020804,0.011070124415611452,0.10521465874872879
799,2,train,16,0.017238010209549556,0.1312936030793182,0.011070124415611452,0.10521465874872879
799,3,train,6,0.007266434399444164,0.08524338331767553,0.011070124415611452,0.10521465874872879
799,-1,train,54,0.011070124415611452,0.10521465874872879,0.011070124415611452,0.10521465874872879
800,0,train,16,0.006611659299472126,0.08131211041088607,0.012862751908503056,0.11341407279744016
800,1,train,16,0.017141553860752338,0.13092575705625054,0.012862751908503056,0.11341407279744016
800,2,train,16,0.008831284699585868,0.09397491526777701,0.012862751908503056,0.11341407279744016
800,3,train,6,0.018866509774201894,0.13735541406949306,0.012862751908503056,0.11341407279744016
800,-1,train,54,0.012862751908503056,0.11341407279744016,0.012862751908503056,0.11341407279744016
801,0,train,16,0.01597698252687019,0.12640008910942346,0.012647680494698048,0.11246190686049232
801,1,train,16,0.008883891910612046,0.09425439995359391,0.012647680494698048,0.11246190686049232
801,2,train,16,0.008094225418419953,0.08996791327145447,0.012647680494698048,0.11246190686049232
801,3,train,6,0.01763562212289,0.1327991796770221,0.012647680494698048,0.11246190686049232
801,-1,train,54,0.012647680494698048,0.11246190686049232,0.012647680494698048,0.11246190686049232
802,0,train,16,0.015916995222480263,0.12616257457138494,0.010234312374195316,0.10116477832820728
802,1,train,16,0.005499655103402271,0.07415965954211408,0.010234312374195316,0.10116477832820728
802,2,train,16,0.01720185928603678,0.1311558587560494,0.010234312374195316,0.10116477832820728
802,3,train,6,0.002318739884861951,0.04815329568017075,0.010234312374195316,0.10116477832820728
802,-1,train,54,0.010234312374195316,0.10116477832820728,0.010234312374195316,0.10116477832820728
803,0,train,16,0.007403913413159789,0.08604599591590413,0.010345414348801462,0.10171241000390002
803,1,train,16,0.01162821808235684,0.10783421573117152,0.010345414348801462,0.10171241000390002
803,2,train,16,0.019200277931141478,0.13856506749950176,0.010345414348801462,0.10171241000390002
803,3,train,6,0.0031492479685477424,0.05611816077303088,0.010345414348801462,0.10171241000390002
803,-1,train,54,0.010345414348801462,0.10171241000390002,0.010345414348801462,0.10171241000390002
804,0,train,16,0.018506252220048727,0.1360376867638109,0.010605353264827264,0.10298229588054086
804,1,train,16,0.005613360141878097,0.07492236076017691,0.010605353264827264,0.10298229588054086
804,2,train,16,0.013346625947852395,0.11552759820862024,0.010605353264827264,0.10298229588054086
804,3,train,6,0.004955174749529843,0.07039300213465713,0.010605353264827264,0.10298229588054086
804,-1,train,54,0.010605353264827264,0.10298229588054086,0.010605353264827264,0.10298229588054086
805,0,train,16,0.011800218870918958,0.10862881234239358,0.010298563847324771,0.10148183998787552
805,1,train,16,0.012894641828646075,0.11355457643197862,0.010298563847324771,0.10148183998787552
805,2,train,16,0.013379217548582858,0.1156685676775798,0.010298563847324771,0.10148183998787552
805,3,train,6,0.003120177141151194,0.05585854582023411,0.010298563847324771,0.10148183998787552
805,-1,train,54,0.010298563847324771,0.10148183998787552,0.010298563847324771,0.10148183998787552
806,0,train,16,0.009292032832258068,0.09639519091872825,0.012102873192326117,0.1100130591899258
806,1,train,16,0.00854774469745161,0.09245401396073406,0.012102873192326117,0.1100130591899258
806,2,train,16,0.01580166652004112,0.12570467978576264,0.012102873192326117,0.1100130591899258
806,3,train,6,0.014770048719553666,0.12153208925857263,0.012102873192326117,0.1100130591899258
806,-1,train,54,0.012102873192326117,0.1100130591899258,0.012102873192326117,0.1100130591899258
807,0,train,16,0.018058720934653518,0.1343827404641441,0.01107496594675617,0.10523766410727754
807,1,train,16,0.011037615848606278,0.10506005829336988,0.01107496594675617,0.10523766410727754
807,2,train,16,0.006882146690723477,0.08295870473147153,0.01107496594675617,0.10523766410727754
807,3,train,6,0.008321380313041409,0.09122160003552562,0.01107496594675617,0.10523766410727754
807,-1,train,54,0.01107496594675617,0.10523766410727754,0.01107496594675617,0.10523766410727754
808,0,train,16,0.015394915505274137,0.1240762487556508,0.010662354583693596,0.10325867800671087
808,1,train,16,0.005046016683530135,0.07103531997204021,0.010662354583693596,0.10325867800671087
808,2,train,16,0.01640156053234645,0.1280685774589007,0.010662354583693596,0.10325867800671087
808,3,train,6,0.0058069256136236555,0.07620318637447948,0.010662354583693596,0.10325867800671087
808,-1,train,54,0.010662354583693596,0.10325867800671087,0.010662354583693596,0.10325867800671087
809,0,train,16,0.00606102836241391,0.07785260665137622,0.01326010838682222,0.11515254398762634
809,1,train,16,0.009635177625861975,0.09815894063131475,0.01326010838682222,0.11515254398762634
809,2,train,16,0.014805455760211604,0.12167767157622472,0.01326010838682222,0.11515254398762634
809,3,train,6,0.022538771798801385,0.1501291837012424,0.01326010838682222,0.11515254398762634
809,-1,train,54,0.01326010838682222,0.11515254398762634,0.01326010838682222,0.11515254398762634
810,0,train,16,0.007954261783354124,0.08918666819292065,0.010189692401557149,0.10094400626860987
810,1,train,16,0.020674102227374997,0.14378491655029396,0.010189692401557149,0.10094400626860987
810,2,train,16,0.00910366491275563,0.09541312757034867,0.010189692401557149,0.10094400626860987
810,3,train,6,0.0030267406827438376,0.05501582211276895,0.010189692401557149,0.10094400626860987
810,-1,train,54,0.010189692401557149,0.10094400626860987,0.010189692401557149,0.10094400626860987
811,0,train,16,0.010505975861971205,0.10249866273259961,0.01202053119399222,0.10963818310238556
811,1,train,16,0.01637056227711803,0.12794749812762277,0.01202053119399222,0.10963818310238556
811,2,train,16,0.006350701447845897,0.07969128840623609,0.01202053119399222,0.10963818310238556
811,3,train,6,0.014854885189033745,0.12188061859472878,0.01202053119399222,0.10963818310238556
811,-1,train,54,0.01202053119399222,0.10963818310238556,0.01202053119399222,0.10963818310238556
812,0,train,16,0.010881687095794276,0.10431532531605447,0.011932335829884354,0.10923523163285898
812,1,train,16,0.01450462980831692,0.12043516848627281,0.011932335829884354,0.10923523163285898
812,2,train,16,0.00790144647190172,0.0888900808408999,0.011932335829884354,0.10923523163285898
812,3,train,6,0.014441579943524506,0.12017312488041786,0.011932335829884354,0.10923523163285898
812,-1,train,54,0.011932335829884354,0.10923523163285898,0.011932335829884354,0.10923523163285898
813,0,train,16,0.015591576369465848,0.12486623390439006,0.011836867164703148,0.1087973674530002
813,1,train,16,0.0032228823072313353,0.05677043515097744,0.011836867164703148,0.1087973674530002
813,2,train,16,0.014594018327109633,0.12080570486160673,0.011836867164703148,0.1087973674530002
813,3,train,6,0.013938991655005777,0.11806350687238533,0.011836867164703148,0.1087973674530002
813,-1,train,54,0.011836867164703148,0.1087973674530002,0.011836867164703148,0.1087973674530002
814,0,train,16,0.010809410518735256,0.10396831497497329,0.009916221861133582,0.09958022826411668
814,1,train,16,0.006489740894035259,0.08055892808395143,0.009916221861133582,0.09958022826411668
814,2,train,16,0.020620872970863926,0.14359969697344047,0.009916221861133582,0.09958022826411668
814,3,train,6,0.001744863060899887,0.04177155803773528,0.009916221861133582,0.09958022826411668
814,-1,train,54,0.009916221861133582,0.09958022826411668,0.009916221861133582,0.09958022826411668
815,0,train,16,0.020731168574274445,0.14398322323894006,0.010322489854585648,0.10159965479560276
815,1,train,16,0.008727075963680055,0.09341882017923399,0.010322489854585648,0.10159965479560276
815,2,train,16,0.0073674772904874395,0.08583401010373126,0.010322489854585648,0.10159965479560276
815,3,train,6,0.00446423758990065,0.06681495034721384,0.010322489854585648,0.10159965479560276
815,-1,train,54,0.010322489854585648,0.10159965479560276,0.010322489854585648,0.10159965479560276
816,0,train,16,0.013740549094367505,0.11722008827145415,0.01099714498251807,0.10486727317193897
816,1,train,16,0.01250004390029894,0.11180359520292243,0.01099714498251807,0.10486727317193897
816,2,train,16,0.00880469095756686,0.09383331475316674,0.01099714498251807,0.10486727317193897
816,3,train,6,0.00894329597783898,0.0945690011464591,0.01099714498251807,0.10486727317193897
816,-1,train,54,0.01099714498251807,0.10486727317193897,0.01099714498251807,0.10486727317193897
817,0,train,16,0.017844717284861266,0.13358412063138816,0.012030353191947996,0.10968296673571515
817,1,train,16,0.003246612652845681,0.05697905450993094,0.012030353191947996,0.10968296673571515
817,2,train,16,0.011378179380557046,0.10666854916308297,0.012030353191947996,0.10968296673571515
817,3,train,6,0.015651903449527993,0.1251075675150308,0.012030353191947996,0.10968296673571515
817,-1,train,54,0.012030353191947996,0.10968296673571515,0.012030353191947996,0.10968296673571515
818,0,train,16,0.01844162027638421,0.135799927379893,0.0101409245499793,0.10070215762325702
818,1,train,16,0.004649560290427204,0.06818768430169192,0.0101409245499793,0.10070215762325702
818,2,train,16,0.013760766276555057,0.11730629257015608,0.0101409245499793,0.10070215762325702
818,3,train,6,0.0037117513565507326,0.06092414428246598,0.0101409245499793,0.10070215762325702
818,-1,train,54,0.0101409245499793,0.10070215762325702,0.0101409245499793,0.10070215762325702
819,0,train,16,0.006466459334783195,0.08041429807430514,0.010777148850388829,0.10381304759224068
819,1,train,16,0.012009038164478325,0.10958575712417341,0.010777148850388829,0.10381304759224068
819,2,train,16,0.01682159853818998,0.12969810537625434,0.010777148850388829,0.10381304759224068
819,3,train,6,0.007811499364103818,0.08838268701563569,0.010777148850388829,0.10381304759224068
819,-1,train,54,0.010777148850388829,0.10381304759224068,0.010777148850388829,0.10381304759224068
820,0,train,16,0.007209432296850539,0.08490837589337426,0.012009151629013354,0.1095862748204051
820,1,train,16,0.01009410841222295,0.10046944019065175,0.012009151629013354,0.1095862748204051
820,2,train,16,0.014803692645902,0.12167042634059437,0.012009151629013354,0.1095862748204051
820,3,train,6,0.015929373161077936,0.12621162054691293,0.012009151629013354,0.1095862748204051
820,-1,train,54,0.012009151629013354,0.1095862748204051,0.012009151629013354,0.1095862748204051
821,0,train,16,0.016088125965632697,0.12683897652390883,0.011174012815182908,0.10570720323224386
821,1,train,16,0.007702143998217716,0.08776185958728151,0.011174012815182908,0.10570720323224386
821,2,train,16,0.010252065176867789,0.10125248232447336,0.011174012815182908,0.10570720323224386
821,3,train,6,0.010653716120013427,0.10321684029272271,0.011174012815182908,0.10570720323224386
821,-1,train,54,0.011174012815182908,0.10570720323224386,0.011174012815182908,0.10570720323224386
822,0,train,16,0.015255182726364091,0.12351187281538602,0.010874628403881986,0.10428148639083538
822,1,train,16,0.008740899740929654,0.09349277908442798,0.010874628403881986,0.10428148639083538
822,2,train,16,0.010612004090245453,0.10301458193015905,0.010874628403881986,0.10428148639083538
822,3,train,6,0.008890427057988747,0.0942890611788491,0.010874628403881986,0.10428148639083538
822,-1,train,54,0.010874628403881986,0.10428148639083538,0.010874628403881986,0.10428148639083538
823,0,train,16,0.01172241347974074,0.10827009503893834,0.00970603731044028,0.098519223050328
823,1,train,16,0.011829283079785017,0.10876250769352928,0.00970603731044028,0.098519223050328
823,2,train,16,0.013721135438886844,0.11713725043250266,0.00970603731044028,0.098519223050328
823,3,train,6,0.0015513172433485197,0.03938676482460218,0.00970603731044028,0.098519223050328
823,-1,train,54,0.00970603731044028,0.098519223050328,0.00970603731044028,0.098519223050328
824,0,train,16,0.0142791268771801,0.11949530064893808,0.010743310521776486,0.10364994221791195
824,1,train,16,0.010936164653791774,0.10457611894592271,0.010743310521776486,0.10364994221791195
824,2,train,16,0.0094608340263627,0.09726681873261148,0.010743310521776486,0.10364994221791195
824,3,train,6,0.00829711652977137,0.09108850931797803,0.010743310521776486,0.10364994221791195
824,-1,train,54,0.010743310521776486,0.10364994221791195,0.010743310521776486,0.10364994221791195
825,0,train,16,0.011391246965234914,0.10672978480834164,0.010569484146897418,0.10280799651241833
825,1,train,16,0.015447996992194063,0.12428997140636111,0.010569484146897418,0.10280799651241833
825,2,train,16,0.008099673204853363,0.08999818445309529,0.010569484146897418,0.10280799651241833
825,3,train,6,0.0073390194253073315,0.08566807704919804,0.010569484146897418,0.10280799651241833
825,-1,train,54,0.010569484146897418,0.10280799651241833,0.010569484146897418,0.10280799651241833
826,0,train,16,0.0031607305593074307,0.056220374948122064,0.010756620898964453,0.10371413066195201
826,1,train,16,0.014137445459707618,0.1189009901544458,0.010756620898964453,0.10371413066195201
826,2,train,16,0.01713517073904791,0.13090137791118897,0.010756620898964453,0.10371413066195201
826,3,train,6,0.008593136837794847,0.0926991738787075,0.010756620898964453,0.10371413066195201
826,-1,train,54,0.010756620898964453,0.10371413066195201,0.010756620898964453,0.10371413066195201
827,0,train,16,0.014722185578946738,0.12133501382101845,0.010181899365963611,0.10090539810120969
827,1,train,16,0.0099057673571656,0.09952772155116181,0.010181899365963611,0.10090539810120969
827,2,train,16,0.011163580973186165,0.10565784861138412,0.010181899365963611,0.10090539810120969
827,3,train,6,0.004936063554555937,0.07025712458217982,0.010181899365963611,0.10090539810120969
827,-1,train,54,0.010181899365963611,0.10090539810120969,0.010181899365963611,0.10090539810120969
828,0,train,16,0.004974919941967048,0.07053311237969759,0.01681260377511638,0.12966342497063843
828,1,train,16,0.008699581109182656,0.09327154501337831,0.01681260377511638,0.12966342497063843
828,2,train,16,0.006199575367845662,0.0787373822770713,0.01681260377511638,0.12966342497063843
828,3,train,6,0.04737633868147015,0.21766106376995897,0.01681260377511638,0.12966342497063843
828,-1,train,54,0.01681260377511638,0.12966342497063843,0.01681260377511638,0.12966342497063843
829,0,train,16,0.007134120423059419,0.08446372252665293,0.010471389848039398,0.10232980918598157
829,1,train,16,0.01818366144012339,0.13484680730415308,0.010471389848039398,0.10232980918598157
829,2,train,16,0.009472004690375452,0.09732422458142398,0.010471389848039398,0.10232980918598157
829,3,train,6,0.007095772838599339,0.08423641040903475,0.010471389848039398,0.10232980918598157
829,-1,train,54,0.010471389848039398,0.10232980918598157,0.010471389848039398,0.10232980918598157
830,0,train,16,0.016685918450197023,0.12917398519127998,0.01163586039182942,0.10786964536805255
830,1,train,16,0.007347946596145523,0.08572016446639334,0.01163586039182942,0.10786964536805255
830,2,train,16,0.007766251275165427,0.08812633701207277,0.01163586039182942,0.10786964536805255
830,3,train,6,0.014743325245809699,0.12142209537728171,0.01163586039182942,0.10786964536805255
830,-1,train,54,0.01163586039182942,0.10786964536805255,0.01163586039182942,0.10786964536805255
831,0,train,16,0.012297347199186758,0.11089340466946968,0.012762475313298813,0.11297112601589317
831,1,train,16,0.01062915249704365,0.10309778124209876,0.012762475313298813,0.11297112601589317
831,2,train,16,0.006028837007585941,0.07764558588603696,0.012762475313298813,0.11297112601589317
831,3,train,6,0.0220945645493789,0.14864240495019884,0.012762475313298813,0.11297112601589317
831,-1,train,54,0.012762475313298813,0.11297112601589317,0.012762475313298813,0.11297112601589317
832,0,train,16,0.012252824169043367,0.11069247566588872,0.010523006809988264,0.10258170796973631
832,1,train,16,0.014123645751911447,0.11884294573895182,0.010523006809988264,0.10258170796973631
832,2,train,16,0.0078765713807947,0.0887500500326321,0.010523006809988264,0.10258170796973631
832,3,train,6,0.007838985938203542,0.08853804796924056,0.010523006809988264,0.10258170796973631
832,-1,train,54,0.010523006809988264,0.10258170796973631,0.010523006809988264,0.10258170796973631
833,0,train,16,0.016703182428229445,0.12924079243114167,0.010325766140985647,0.10161577702790865
833,1,train,16,0.004884816081530995,0.06989145928889305,0.010325766140985647,0.10161577702790865
833,2,train,16,0.012980918885154532,0.11393383555886519,0.010325766140985647,0.10161577702790865
833,3,train,6,0.006734147169027613,0.08206184965638791,0.010325766140985647,0.10161577702790865
833,-1,train,54,0.010325766140985647,0.10161577702790865,0.010325766140985647,0.10161577702790865
834,0,train,16,0.011159986444125873,0.10564083700977513,0.010442294764770006,0.10218754701415435
834,1,train,16,0.010456565057933883,0.10225734720759132,0.010442294764770006,0.10218754701415435
834,2,train,16,0.012519432056008228,0.11189026792356978,0.010442294764770006,0.10218754701415435
834,3,train,6,0.007633195501012036,0.087368160682322,0.010442294764770006,0.10218754701415435
834,-1,train,54,0.010442294764770006,0.10218754701415435,0.010442294764770006,0.10218754701415435
835,0,train,16,0.011405328889402799,0.10679573441576587,0.010358694283667511,0.10177767085008141
835,1,train,16,0.01677975336052741,0.12953668731493564,0.010358694283667511,0.10177767085008141
835,2,train,16,0.00601722154979543,0.07757075189654558,0.010358694283667511,0.10177767085008141
835,3,train,6,0.007232473334944407,0.08504394943171682,0.010358694283667511,0.10177767085008141
835,-1,train,54,0.010358694283667511,0.10177767085008141,0.010358694283667511,0.10177767085008141
836,0,train,16,0.01098643679867181,0.10481620484768474,0.01134821631224866,0.10652800717299024
836,1,train,16,0.012644422644643724,0.11244742168962223,0.01134821631224866,0.10652800717299024
836,2,train,16,0.00810728850734052,0.0900404826027744,0.01134821631224866,0.10652800717299024
836,3,train,6,0.013654717298338587,0.11685340088477779,0.01134821631224866,0.10652800717299024
836,-1,train,54,0.01134821631224866,0.10652800717299024,0.01134821631224866,0.10652800717299024
837,0,train,16,0.01042982904002769,0.10212653445617201,0.010616022431298139,0.10303408383296345
837,1,train,16,0.018732294785064548,0.13686597380307697,0.010616022431298139,0.10303408383296345
837,2,train,16,0.00422803831431985,0.06502336744832468,0.010616022431298139,0.10303408383296345
837,3,train,6,0.00907392758578047,0.09525716553509489,0.010616022431298139,0.10303408383296345
837,-1,train,54,0.010616022431298139,0.10303408383296345,0.010616022431298139,0.10303408383296345
838,0,train,16,0.008695892080428359,0.0932517671705387,0.010403208074768536,0.10199611793969678
838,1,train,16,0.007718868037151674,0.08785708871315777,0.010403208074768536,0.10199611793969678
838,2,train,16,0.01745926664740232,0.13213351825862474,0.010403208074768536,0.10199611793969678
838,3,train,6,0.007738805534091783,0.08797048103819703,0.010403208074768536,0.10199611793969678
838,-1,train,54,0.010403208074768536,0.10199611793969678,0.010403208074768536,0.10199611793969678
839,0,train,16,0.016820597190929352,0.12969424501854102,0.010174440938462752,0.10086843380593728
839,1,train,16,0.007662045548096617,0.0875331111528467,0.010174440938462752,0.10086843380593728
839,2,train,16,0.009790249443341429,0.09894568936210121,0.010174440938462752,0.10086843380593728
839,3,train,6,0.006424871571483606,0.08015529659032898,0.010174440938462752,0.10086843380593728
839,-1,train,54,0.010174440938462752,0.10086843380593728,0.010174440938462752,0.10086843380593728
840,0,train,16,0.015346210222675837,0.12387982169294497,0.009554392432523939,0.09774657248478813
840,1,train,16,0.007989144202264565,0.08938201274453694,0.009554392432523939,0.09774657248478813
840,2,train,16,0.012307319888277546,0.11093836076072851,0.009554392432523939,0.09774657248478813
840,3,train,6,0.0025748954168778038,0.0507434273268746,0.009554392432523939,0.09774657248478813
840,-1,train,54,0.009554392432523939,0.09774657248478813,0.009554392432523939,0.09774657248478813
841,0,train,16,0.010611460661305814,0.10301194426524438,0.012116256516526902,0.110073868454447
841,1,train,16,0.010224300159612405,0.10111528153356646,0.012116256516526902,0.110073868454447
841,2,train,16,0.008548539819722874,0.09245831395673876,0.012116256516526902,0.110073868454447
841,3,train,6,0.019080725425466516,0.1381329990460879,0.012116256516526902,0.110073868454447
841,-1,train,54,0.012116256516526902,0.110073868454447,0.012116256516526902,0.110073868454447
842,0,train,16,0.007870387472246922,0.08871520429017182,0.01048213984949335,0.10238232195791103
842,1,train,16,0.013375309307427023,0.11565167230709214,0.01048213984949335,0.10238232195791103
842,2,train,16,0.011892475986884461,0.10905262943590338,0.01048213984949335,0.10238232195791103
842,3,train,6,0.008790386631414994,0.0937570617682476,0.01048213984949335,0.10238232195791103
842,-1,train,54,0.01048213984949335,0.10238232195791103,0.01048213984949335,0.10238232195791103
843,0,train,16,0.011912343361018355,0.10914368218554088,0.013084332851833792,0.11438676869216033
843,1,train,16,0.0050173324151136555,0.07083313077306166,0.013084332851833792,0.11438676869216033
843,2,train,16,0.0098288924518654,0.09914077088597506,0.013084332851833792,0.11438676869216033
843,3,train,6,0.025578763179337754,0.15993362116621307,0.013084332851833792,0.11438676869216033
843,-1,train,54,0.013084332851833792,0.11438676869216033,0.013084332851833792,0.11438676869216033
844,0,train,16,0.005841566924453527,0.07643014408238105,0.009916332078854418,0.09958078167424886
844,1,train,16,0.012395108084151778,0.11133331973920375,0.009916332078854418,0.09958078167424886
844,2,train,16,0.015999744236040864,0.12649009540687706,0.009916332078854418,0.09958078167424886
844,3,train,6,0.0054289090707715,0.07368113103618525,0.009916332078854418,0.09958078167424886
844,-1,train,54,0.009916332078854418,0.09958078167424886,0.009916332078854418,0.09958078167424886
845,0,train,16,0.015435915800220829,0.12424136106877141,0.009976611664733272,0.09988298986681002
845,1,train,16,0.013109799876465536,0.11449803437817409,0.009976611664733272,0.09988298986681002
845,2,train,16,0.005611461153477468,0.07490968664650433,0.009976611664733272,0.09988298986681002
845,3,train,6,0.005749269828769253,0.07582393968114064,0.009976611664733272,0.09988298986681002
845,-1,train,54,0.009976611664733272,0.09988298986681002,0.009976611664733272,0.09988298986681002
846,0,train,16,0.014007087582819955,0.11835154237617672,0.009925844328224253,0.09962853169762291
846,1,train,16,0.012314124143884235,0.11096902335284489,0.009925844328224253,0.09962853169762291
846,2,train,16,0.007661557334532775,0.08753032237192307,0.009925844328224253,0.09962853169762291
846,3,train,6,0.005720608251660049,0.07563470269433238,0.009925844328224253,0.09962853169762291
846,-1,train,54,0.009925844328224253,0.09962853169762291,0.009925844328224253,0.09962853169762291
847,0,train,16,0.0062256280913094595,0.07890264945684308,0.009790403582153207,0.09894646826518472
847,1,train,16,0.013740424242624547,0.11721955571757021,0.009790403582153207,0.09894646826518472
847,2,train,16,0.014255472347082463,0.11939628280261687,0.009790403582153207,0.09894646826518472
847,3,train,6,0.004940089647596364,0.07028577130256425,0.009790403582153207,0.09894646826518472
847,-1,train,54,0.009790403582153207,0.09894646826518472,0.009790403582153207,0.09894646826518472
848,0,train,16,0.01427980189958239,0.11949812508814685,0.009526178096704327,0.09760214186535215
848,1,train,16,0.012386907425847688,0.11129648433732167,0.009526178096704327,0.09760214186535215
848,2,train,16,0.008054897049007815,0.08974907826271987,0.009526178096704327,0.09760214186535215
848,3,train,6,0.0033831060123794116,0.058164473799557505,0.009526178096704327,0.09760214186535215
848,-1,train,54,0.009526178096704327,0.09760214186535215,0.009526178096704327,0.09760214186535215
849,0,train,16,0.008738602661710419,0.09348049348238605,0.011472000785711865,0.10710742637983542
849,1,train,16,0.011943056765120169,0.1092842933139075,0.011472000785711865,0.10710742637983542
849,2,train,16,0.009311141594786042,0.0964942567968998,0.011472000785711865,0.10710742637983542
849,3,train,6,0.015895202121230828,0.126076175866937,0.011472000785711865,0.10710742637983542
849,-1,train,54,0.011472000785711865,0.10710742637983542,0.011472000785711865,0.10710742637983542
850,0,train,16,0.009774631118599471,0.098866734135398,0.009437166652558582,0.0971450804341557
850,1,train,16,0.009772092688320065,0.09885389566587685,0.009437166652558582,0.0971450804341557
850,2,train,16,0.015187861080289924,0.1232390404063985,0.009437166652558582,0.0971450804341557
850,3,train,6,0.003014081723024874,0.05490065321127677,0.009437166652558582,0.0971450804341557
850,-1,train,54,0.009437166652558582,0.0971450804341557,0.009437166652558582,0.0971450804341557
851,0,train,16,0.014408568396128732,0.1200356963412498,0.010302006589658378,0.10149880092719508
851,1,train,16,0.01220308875374388,0.11046759141822492,0.010302006589658378,0.10149880092719508
851,2,train,16,0.005945736791457156,0.07710860387438717,0.010302006589658378,0.10149880092719508
851,3,train,6,0.008650632417303745,0.09300877602303852,0.010302006589658378,0.10149880092719508
851,-1,train,54,0.010302006589658378,0.10149880092719508,0.010302006589658378,0.10149880092719508
852,0,train,16,0.008445241735883506,0.09189799636490181,0.010277743279315202,0.10137920535945821
852,1,train,16,0.007644300766286665,0.08743169200173737,0.010277743279315202,0.10137920535945821
852,2,train,16,0.016555995844265384,0.12867010470293938,0.010277743279315202,0.10137920535945821
852,3,train,6,0.008465434770825253,0.09200779733710211,0.010277743279315202,0.10137920535945821
852,-1,train,54,0.010277743279315202,0.10137920535945821,0.010277743279315202,0.10137920535945821
853,0,train,16,0.012632906154910035,0.11239620169253957,0.00976867238539577,0.09883659436360487
853,1,train,16,0.006840783122724424,0.08270902685151375,0.00976867238539577,0.09883659436360487
853,2,train,16,0.014185581411741937,0.11910323846034555,0.00976867238539577,0.09883659436360487
853,3,train,6,0.005415418852206684,0.07358952950119116,0.00976867238539577,0.09883659436360487
853,-1,train,54,0.00976867238539577,0.09883659436360487,0.00976867238539577,0.09883659436360487
854,0,train,16,0.00731746035298015,0.08554215541462672,0.011294508910436691,0.10627562707618662
854,1,train,16,0.01309168489183979,0.11441890093791231,0.011294508910436691,0.10627562707618662
854,2,train,16,0.009436046332398633,0.09713931404121934,0.011294508910436691,0.10627562707618662
854,3,train,6,0.015332844064528192,0.12382586185659356,0.011294508910436691,0.10627562707618662
854,-1,train,54,0.011294508910436691,0.10627562707618662,0.011294508910436691,0.10627562707618662
855,0,train,16,0.005773032747631705,0.07598047609505816,0.009049925844421295,0.0951310981983352
855,1,train,16,0.013550294229620188,0.1164057310858026,0.009049925844421295,0.0951310981983352
855,2,train,16,0.015790190658123406,0.12565902537471554,0.009049925844421295,0.0951310981983352
855,3,train,6,0.0010861857423098854,0.03295733214794373,0.009049925844421295,0.0951310981983352
855,-1,train,54,0.009049925844421295,0.0951310981983352,0.009049925844421295,0.0951310981983352
856,0,train,16,0.011447117927093487,0.10699120490532615,0.009142906092241984,0.09561854470886902
856,1,train,16,0.009486838401344734,0.09740040247013733,0.009142906092241984,0.09561854470886902
856,2,train,16,0.013820722137578222,0.11756156743416711,0.009142906092241984,0.09561854470886902
856,3,train,6,0.0018169459029514952,0.04262564841678652,0.009142906092241984,0.09561854470886902
856,-1,train,54,0.009142906092241984,0.09561854470886902,0.009142906092241984,0.09561854470886902
857,0,train,16,0.007777761892243569,0.08819162030626021,0.01045524039746472,0.10225086991055245
857,1,train,16,0.011011584832702913,0.1049360988063827,0.01045524039746472,0.10225086991055245
857,2,train,16,0.012688356346175033,0.11264260448948715,0.01045524039746472,0.10225086991055245
857,3,train,6,0.010343258518737368,0.10170181177706407,0.01045524039746472,0.10225086991055245
857,-1,train,54,0.01045524039746472,0.10225086991055245,0.01045524039746472,0.10225086991055245
858,0,train,16,0.011566533917021407,0.10754782153545188,0.009639145303822856,0.09817914902779946
858,1,train,16,0.013104945869455103,0.11447683551468002,0.009639145303822856,0.09817914902779946
858,2,train,16,0.008687854400083872,0.09320866054226867,0.009639145303822856,0.09817914902779946
858,3,train,6,0.00519724702873104,0.07209193456088579,0.009639145303822856,0.09817914902779946
858,-1,train,54,0.009639145303822856,0.09817914902779946,0.009639145303822856,0.09817914902779946
859,0,train,16,0.013563273405062845,0.11646146746912837,0.010190462529450044,0.10094782082566242
859,1,train,16,0.008613451040083403,0.0928086797669453,0.010190462529450044,0.10094782082566242
859,2,train,16,0.009722609568922725,0.09860329390503507,0.010190462529450044,0.10094782082566242
859,3,train,6,0.008862516103731208,0.09414093744875929,0.010190462529450044,0.10094782082566242
859,-1,train,54,0.010190462529450044,0.10094782082566242,0.010190462529450044,0.10094782082566242
860,0,train,16,0.010155070173240403,0.10077236810376346,0.010516118306234121,0.10254812678071755
860,1,train,16,0.010680512447803553,0.10334656476053547,0.010516118306234121,0.10254812678071755
860,2,train,16,0.01017231035229089,0.1008578720392756,0.010516118306234121,0.10254812678071755
860,3,train,6,0.011056580251601637,0.10515027461496064,0.010516118306234121,0.10254812678071755
860,-1,train,54,0.010516118306234121,0.10254812678071755,0.010516118306234121,0.10254812678071755
861,0,train,16,0.013221828807376691,0.11498621137935057,0.00951737133650303,0.09755701582409658
861,1,train,16,0.007437922598666442,0.08624339162316405,0.00951737133650303,0.09755701582409658
861,2,train,16,0.012660755066035962,0.11252002073424962,0.00951737133650303,0.09755701582409658
861,3,train,6,0.0047489788739330276,0.0689128353351756,0.00951737133650303,0.09755701582409658
861,-1,train,54,0.00951737133650303,0.09755701582409658,0.00951737133650303,0.09755701582409658
862,0,train,16,0.004538121455330546,0.06736558064271803,0.008829038910351136,0.09396296563195063
862,1,train,16,0.010115417333148668,0.1005754310612123,0.008829038910351136,0.09396296563195063
862,2,train,16,0.02019458325004432,0.14210764669800258,0.008829038910351136,0.09396296563195063
862,3,train,6,0.0004680336028810119,0.02163408428570555,0.008829038910351136,0.09396296563195063
862,-1,train,54,0.008829038910351136,0.09396296563195063,0.008829038910351136,0.09396296563195063
863,0,train,16,0.00612058977915936,0.07823419827134014,0.009245179243287391,0.09615185512140362
863,1,train,16,0.012727027301349912,0.11281412722416423,0.009245179243287391,0.09615185512140362
863,2,train,16,0.014955549927663792,0.12229288584240619,0.009245179243287391,0.09615185512140362
863,3,train,6,0.0031775499649764945,0.05636976108674308,0.009245179243287391,0.09615185512140362
863,-1,train,54,0.009245179243287391,0.09615185512140362,0.009245179243287391,0.09615185512140362
864,0,train,16,0.0038536359830648233,0.06207766090200905,0.010882502818064946,0.10431923512979256
864,1,train,16,0.014890933747292584,0.12202841368833975,0.010882502818064946,0.10431923512979256
864,2,train,16,0.01102582426387093,0.1050039249926922,0.010882502818064946,0.10431923512979256
864,3,train,6,0.013759617278031449,0.11730139503872683,0.010882502818064946,0.10431923512979256
864,-1,train,54,0.010882502818064946,0.10431923512979256,0.010882502818064946,0.10431923512979256
865,0,train,16,0.015257440797502247,0.12352101358676687,0.009666165249042782,0.09831665804451849
865,1,train,16,0.010662863661723027,0.1032611430390107,0.009666165249042782,0.09831665804451849
865,2,train,16,0.006659743262183947,0.08160725005894971,0.009666165249042782,0.09831665804451849
865,3,train,6,0.006084613274761901,0.07800393114941004,0.009666165249042782,0.09831665804451849
865,-1,train,54,0.009666165249042782,0.09831665804451849,0.009666165249042782,0.09831665804451849
866,0,train,16,0.013143837054073182,0.11464657454138429,0.009213285446238572,0.09598586065790404
866,1,train,16,0.01096182742364804,0.10469874604620649,0.009213285446238572,0.09598586065790404
866,2,train,16,0.009397313001701182,0.09693973902224609,0.009213285446238572,0.09598586065790404
866,3,train,6,0.0033501643055318785,0.05788060388015901,0.009213285446238572,0.09598586065790404
866,-1,train,54,0.009213285446238572,0.09598586065790404,0.009213285446238572,0.09598586065790404
867,0,train,16,0.010656064132676446,0.10322821384038593,0.011016916449326331,0.10496149984316312
867,1,train,16,0.00843353067680255,0.09183425655387291,0.011016916449326331,0.10496149984316312
867,2,train,16,0.009973146473294439,0.09986564210625413,0.011016916449326331,0.10496149984316312
867,3,train,6,0.015004924514531892,0.12249458973575891,0.011016916449326331,0.10496149984316312
867,-1,train,54,0.011016916449326331,0.10496149984316312,0.011016916449326331,0.10496149984316312
868,0,train,16,0.011819537419417362,0.108717695981001,0.009517400321403316,0.0975571643776269
868,1,train,16,0.017042184441621564,0.130545717821848,0.009517400321403316,0.0975571643776269
868,2,train,16,0.003740423930082178,0.06115900530651376,0.009517400321403316,0.0975571643776269
868,3,train,6,0.005467455494492158,0.07394224431603465,0.009517400321403316,0.0975571643776269
868,-1,train,54,0.009517400321403316,0.0975571643776269,0.009517400321403316,0.0975571643776269
869,0,train,16,0.00604876117776556,0.0777737820718882,0.010832297022100394,0.1040783215761111
869,1,train,16,0.009298438656132101,0.09642841207928346,0.010832297022100394,0.1040783215761111
869,2,train,16,0.014013255760740995,0.11837759822171168,0.010832297022100394,0.1040783215761111
869,3,train,6,0.013968732493762915,0.11818939247564866,0.010832297022100394,0.1040783215761111
869,-1,train,54,0.010832297022100394,0.1040783215761111,0.010832297022100394,0.1040783215761111
870,0,train,16,0.005680796708306234,0.07537106015113648,0.010511779891674244,0.10252697153273495
870,1,train,16,0.009801700268247353,0.09900353664514897,0.010511779891674244,0.10252697153273495
870,2,train,16,0.014466418362801776,0.12027642480054758,0.010511779891674244,0.10252697153273495
870,3,train,6,0.012098204227341616,0.10999183709412992,0.010511779891674244,0.10252697153273495
870,-1,train,54,0.010511779891674244,0.10252697153273495,0.010511779891674244,0.10252697153273495
871,0,train,16,0.007722175980474324,0.08787591240194507,0.010049591971627015,0.10024765319760366
871,1,train,16,0.015659021277973154,0.12513601111579814,0.010049591971627015,0.10024765319760366
871,2,train,16,0.007601193253163933,0.0871848223784618,0.010049591971627015,0.10024765319760366
871,3,train,6,0.00921597737489665,0.09599988216084773,0.010049591971627015,0.10024765319760366
871,-1,train,54,0.010049591971627015,0.10024765319760366,0.010049591971627015,0.10024765319760366
872,0,train,16,0.013453476045628123,0.1159891203761289,0.010276630047086592,0.10137371477403101
872,1,train,16,0.009250529657311417,0.09617967382618542,0.010276630047086592,0.10137371477403101
872,2,train,16,0.007595046867827367,0.08714956607939804,0.010276630047086592,0.10137371477403101
872,3,train,6,0.01080746761757946,0.10395897083743884,0.010276630047086592,0.10137371477403101
872,-1,train,54,0.010276630047086592,0.10137371477403101,0.010276630047086592,0.10137371477403101
873,0,train,16,0.0065651693047678586,0.0810257323618112,0.009987998634051368,0.09993997515534696
873,1,train,16,0.012440158195609235,0.11153545712287745,0.009987998634051368,0.09993997515534696
873,2,train,16,0.011828510537642473,0.10875895612611622,0.009987998634051368,0.09993997515534696
873,3,train,6,0.009118156498185905,0.09548903862845151,0.009987998634051368,0.09993997515534696
873,-1,train,54,0.009987998634051368,0.09993997515534696,0.009987998634051368,0.09993997515534696
874,0,train,16,0.014115980859157377,0.11881069337040912,0.009563723755922517,0.09779429306417894
874,1,train,16,0.0060663688270656225,0.07788689765978372,0.009563723755922517,0.09779429306417894
874,2,train,16,0.011694358207544891,0.10814045592443602,0.009563723755922517,0.09779429306417894
874,3,train,6,0.0063781871299221785,0.07986355320120798,0.009563723755922517,0.09779429306417894
874,-1,train,54,0.009563723755922517,0.09779429306417894,0.009563723755922517,0.09779429306417894
875,0,train,16,0.009466325598532799,0.09729504405946275,0.008939312145936417,0.09454793570425754
875,1,train,16,0.01097322785077297,0.10475317585053434,0.008939312145936417,0.09454793570425754
875,2,train,16,0.012715003461601588,0.11276082414385587,0.008939312145936417,0.09454793570425754
875,3,train,6,0.0026026916728383105,0.05101658233200564,0.008939312145936417,0.09454793570425754
875,-1,train,54,0.008939312145936417,0.09454793570425754,0.008939312145936417,0.09454793570425754
876,0,train,16,0.015788284716858395,0.1256514413640305,0.00908798194848317,0.09533090762435428
876,1,train,16,0.008304019632701776,0.09112639372158747,0.00908798194848317,0.09533090762435428
876,2,train,16,0.008595488373374328,0.09271185670330591,0.00908798194848317,0.09533090762435428
876,3,train,6,0.0036641350709981885,0.06053209950925367,0.00908798194848317,0.09533090762435428
876,-1,train,54,0.00908798194848317,0.09533090762435428,0.00908798194848317,0.09533090762435428
877,0,train,16,0.006557069648130406,0.08097573493417892,0.009066153229594004,0.0952163495918322
877,1,train,16,0.012804648048369538,0.11315762479112726,0.009066153229594004,0.0952163495918322
877,2,train,16,0.01326819219835925,0.11518763908666264,0.009066153229594004,0.0952163495918322
877,3,train,6,0.0036347030235168213,0.060288498268880615,0.009066153229594004,0.0952163495918322
877,-1,train,54,0.009066153229594004,0.0952163495918322,0.009066153229594004,0.0952163495918322
878,0,train,16,0.0141385475363678,0.1189056244942509,0.00877429535489166,0.0936712087831243
878,1,train,16,0.008630650104002255,0.0929012922622837,0.00877429535489166,0.0936712087831243
878,2,train,16,0.010461253840411135,0.10228027102237819,0.00877429535489166,0.0936712087831243
878,3,train,6,0.001866729938785455,0.043205670215672565,0.00877429535489166,0.0936712087831243
878,-1,train,54,0.00877429535489166,0.0936712087831243,0.00877429535489166,0.0936712087831243
879,0,train,16,0.011151989477162885,0.10560298043693125,0.00995942420760709,0.09979691482008393
879,1,train,16,0.0088507255392668,0.09407829472979833,0.00995942420760709,0.09979691482008393
879,2,train,16,0.010299590621854112,0.10148689876951661,0.00995942420760709,0.09979691482008393
879,3,train,6,0.009535391192144561,0.09764932765843583,0.00995942420760709,0.09979691482008393
879,-1,train,54,0.00995942420760709,0.09979691482008393,0.00995942420760709,0.09979691482008393
880,0,train,16,0.007256882054489184,0.08518733505920457,0.0116062693592788,0.1077323969810326
880,1,train,16,0.007682522699200743,0.08765000113634194,0.0116062693592788,0.1077323969810326
880,2,train,16,0.01129902784445537,0.1062968853939539,0.0116062693592788,0.1077323969810326
880,3,train,6,0.020186644838969908,0.14207971297468863,0.0116062693592788,0.1077323969810326
880,-1,train,54,0.0116062693592788,0.1077323969810326,0.0116062693592788,0.1077323969810326
881,0,train,16,0.011415136136574989,0.10684164046183019,0.011183601133530483,0.10575254669997543
881,1,train,16,0.009585980782351287,0.09790802205310496,0.011183601133530483,0.10575254669997543
881,2,train,16,0.006158605437222013,0.07847678279097592,0.011183601133530483,0.10575254669997543
881,3,train,6,0.017574682177973644,0.1325695371417342,0.011183601133530483,0.10575254669997543
881,-1,train,54,0.011183601133530483,0.10575254669997543,0.011183601133530483,0.10575254669997543
882,0,train,16,0.011431283345433961,0.10691717984231515,0.009103956821647755,0.09541465726840795
882,1,train,16,0.009424452973413518,0.09707962182360168,0.009103956821647755,0.09541465726840795
882,2,train,16,0.01115484549930421,0.10561650202172107,0.009103956821647755,0.09541465726840795
882,3,train,6,0.004405245468439331,0.06637202323599403,0.009103956821647755,0.09541465726840795
882,-1,train,54,0.009103956821647755,0.09541465726840795,0.009103956821647755,0.09541465726840795
883,0,train,16,0.01074025901340729,0.10363522091165382,0.008570092379381743,0.0925747934341835
883,1,train,16,0.00935563128902132,0.09672451234832523,0.008570092379381743,0.0925747934341835
883,2,train,16,0.013102894690633875,0.11446787623885522,0.008570092379381743,0.0925747934341835
883,3,train,6,0.001081584524464488,0.032887452386350755,0.008570092379381743,0.0925747934341835
883,-1,train,54,0.008570092379381743,0.0925747934341835,0.008570092379381743,0.0925747934341835
884,0,train,16,0.011647480130297838,0.10792349202234812,0.008632030661387275,0.0929087222029626
884,1,train,16,0.01532416171514738,0.12379079818446677,0.008632030661387275,0.0929087222029626
884,2,train,16,0.006023395525550368,0.07761053746464051,0.008632030661387275,0.0929087222029626
884,3,train,6,0.0015330852745535169,0.039154632861942616,0.008632030661387275,0.0929087222029626
884,-1,train,54,0.008632030661387275,0.0929087222029626,0.008632030661387275,0.0929087222029626
885,0,train,16,0.006440589257310222,0.08025328190990211,0.01054646014648048,0.10269595973786154
885,1,train,16,0.014361276353804445,0.11983854285581265,0.01054646014648048,0.10269595973786154
885,2,train,16,0.007427334707208913,0.08618198597856117,0.01054646014648048,0.10269595973786154
885,3,train,6,0.013956640267598337,0.11813822526006702,0.01054646014648048,0.10269595973786154
885,-1,train,54,0.01054646014648048,0.10269595973786154,0.01054646014648048,0.10269595973786154
886,0,train,16,0.01313557846684423,0.11461055128933038,0.008953605905533133,0.09462349552586362
886,1,train,16,0.00799997497867534,0.08944257922642515,0.008953605905533133,0.09462349552586362
886,2,train,16,0.010821410241946631,0.10402600752670763,0.008953605905533133,0.09462349552586362
886,3,train,6,0.003857459934666332,0.06210845300493591,0.008953605905533133,0.09462349552586362
886,-1,train,54,0.008953605905533133,0.09462349552586362,0.008953605905533133,0.09462349552586362
887,0,train,16,0.009651915181635653,0.09824416105619536,0.011548670981246477,0.10746474296831718
887,1,train,16,0.010233163239556831,0.10115909864938907,0.011548670981246477,0.10746474296831718
887,2,train,16,0.005744213429249433,0.07579058931852577,0.011548670981246477,0.10746474296831718
887,3,train,6,0.02056539207454399,0.14340638784427975,0.011548670981246477,0.10746474296831718
887,-1,train,54,0.011548670981246477,0.10746474296831718,0.011548670981246477,0.10746474296831718
888,0,train,16,0.010950376517995485,0.10464404673938926,0.010072081515179493,0.10035976043803359
888,1,train,16,0.011204334581369997,0.10585052943358383,0.010072081515179493,0.10035976043803359
888,2,train,16,0.006930010441582477,0.08324668426779817,0.010072081515179493,0.10035976043803359
888,3,train,6,0.011203604519770018,0.10584708082781508,0.010072081515179493,0.10035976043803359
888,-1,train,54,0.010072081515179493,0.10035976043803359,0.010072081515179493,0.10035976043803359
889,0,train,16,0.008356187579030897,0.09141218506868161,0.008966532613373983,0.0946917769047238
889,1,train,16,0.01301103322117939,0.1140659161238772,0.008966532613373983,0.0946917769047238
889,2,train,16,0.01022254766380559,0.10110661533156765,0.008966532613373983,0.0946917769047238
889,3,train,6,0.004276361989480056,0.06539389871754135,0.008966532613373983,0.0946917769047238
889,-1,train,54,0.008966532613373983,0.0946917769047238,0.008966532613373983,0.0946917769047238
890,0,train,16,0.01244587841829163,0.11156109724402871,0.010791900796511076,0.10388407383478507
890,1,train,16,0.00747753821657324,0.0864727599685198,0.010791900796511076,0.10388407383478507
890,2,train,16,0.007181619225735375,0.0847444347773668,0.010791900796511076,0.10388407383478507
890,3,train,6,0.016062567325444057,0.12673818416501026,0.010791900796511076,0.10388407383478507
890,-1,train,54,0.010791900796511076,0.10388407383478507,0.010791900796511076,0.10388407383478507
891,0,train,16,0.01146913069958676,0.10709402737588478,0.010055732154445812,0.10027827359127106
891,1,train,16,0.008477172956454405,0.09207156432066528,0.010055732154445812,0.10027827359127106
891,2,train,16,0.008793099650965825,0.09377152899982928,0.010055732154445812,0.10027827359127106
891,3,train,6,0.01148352531077626,0.10716121178288467,0.010055732154445812,0.10027827359127106
891,-1,train,54,0.010055732154445812,0.10027827359127106,0.010055732154445812,0.10027827359127106
892,0,train,16,0.013139965980648649,0.11462969065930802,0.009088950928450582,0.09533598968097295
892,1,train,16,0.008501825505410879,0.09220534423454467,0.009088950928450582,0.09533598968097295
892,2,train,16,0.009310860347835478,0.09649279946107625,0.009088950928450582,0.09533598968097295
892,3,train,6,0.0054031518799073225,0.07350613498142398,0.009088950928450582,0.09533598968097295
892,-1,train,54,0.009088950928450582,0.09533598968097295,0.009088950928450582,0.09533598968097295
893,0,train,16,0.010233177352827897,0.1011591684071587,0.008950852707577478,0.0946089462343677
893,1,train,16,0.009388559340040936,0.09689457848631644,0.008950852707577478,0.0946089462343677
893,2,train,16,0.011587425974102119,0.10764490686559267,0.008950852707577478,0.0946089462343677
893,3,train,6,0.004594248163338966,0.0677808834653176,0.008950852707577478,0.0946089462343677
893,-1,train,54,0.008950852707577478,0.0946089462343677,0.008950852707577478,0.0946089462343677
894,0,train,16,0.009329693827339633,0.09659034023824345,0.009687118851356246,0.09842316216905575
894,1,train,16,0.013106470308257257,0.11448349360609701,0.009687118851356246,0.09842316216905575
894,2,train,16,0.006882118368683413,0.08295853403166797,0.009687118851356246,0.09842316216905575
894,3,train,6,0.00943019290114468,0.09710918031342186,0.009687118851356246,0.09842316216905575
894,-1,train,54,0.009687118851356246,0.09842316216905575,0.009687118851356246,0.09842316216905575
895,0,train,16,0.009216384122962088,0.09600200061958129,0.009453330350686207,0.09722823844278064
895,1,train,16,0.012573799927810917,0.11213295647494056,0.009453330350686207,0.09722823844278064
895,2,train,16,0.007978150003292385,0.08932049038878137,0.009453330350686207,0.09722823844278064
895,3,train,6,0.008044987348679438,0.08969385346097823,0.009453330350686207,0.09722823844278064
895,-1,train,54,0.009453330350686207,0.09722823844278064,0.009453330350686207,0.09722823844278064
896,0,train,16,0.007989405299374587,0.08938347330113429,0.008961827743273759,0.09466693056856633
896,1,train,16,0.01195887342964805,0.10935663413642563,0.008961827743273759,0.09466693056856633
896,2,train,16,0.010896735226524033,0.10438742848889436,0.008961827743273759,0.09466693056856633
896,3,train,6,0.005002297017548365,0.07072691862048258,0.008961827743273759,0.09466693056856633
896,-1,train,54,0.008961827743273759,0.09466693056856633,0.008961827743273759,0.09466693056856633
897,0,train,16,0.007748595987159772,0.08802610969002192,0.0098149951168766,0.09907065719412889
897,1,train,16,0.012154006167730718,0.11024520927337712,0.0098149951168766,0.09907065719412889
897,2,train,16,0.008850566365437533,0.09407744876131333,0.0098149951168766,0.09907065719412889
897,3,train,6,0.010506811947178374,0.10250274116909447,0.0098149951168766,0.09907065719412889
897,-1,train,54,0.0098149951168766,0.09907065719412889,0.0098149951168766,0.09907065719412889
898,0,train,16,0.010125910306393175,0.10062758223465958,0.0096515832992257,0.09824247197228753
898,1,train,16,0.009801447729046502,0.09900226123198652,0.0096515832992257,0.09824247197228753
898,2,train,16,0.00915447018678694,0.0956789955360472,0.0096515832992257,0.09824247197228753
898,3,train,6,0.009524504974676183,0.09759357035520415,0.0096515832992257,0.09824247197228753
898,-1,train,54,0.0096515832992257,0.09824247197228753,0.0096515832992257,0.09824247197228753
899,0,train,16,0.015564363569338486,0.1247572185059385,0.010212244111885448,0.10105564858970253
899,1,train,16,0.006133865542428801,0.07831899860460935,0.010212244111885448,0.10105564858970253
899,2,train,16,0.005934173695556301,0.07703358809997299,0.010212244111885448,0.10105564858970253
899,3,train,6,0.0132165736402182,0.11496335781551528,0.010212244111885448,0.10105564858970253
899,-1,train,54,0.010212244111885448,0.10105564858970253,0.010212244111885448,0.10105564858970253
900,0,train,16,0.0068093014499414324,0.0825184915636576,0.008672337162261989,0.09312538409188974
900,1,train,16,0.006388631827834092,0.07992891734431345,0.008672337162261989,0.09312538409188974
900,2,train,16,0.017977334940146545,0.13407958435252754,0.008672337162261989,0.09312538409188974
900,3,train,6,0.0035140804311258895,0.059279679748847236,0.008672337162261989,0.09312538409188974
900,-1,train,54,0.008672337162261989,0.09312538409188974,0.008672337162261989,0.09312538409188974
901,0,train,16,0.010436588381359952,0.10215962206938685,0.008970952764011709,0.09471511370426426
901,1,train,16,0.007693968946719815,0.08771527202671046,0.008970952764011709,0.09471511370426426
901,2,train,16,0.012234887209428705,0.11061142440737623,0.008970952764011709,0.09471511370426426
901,3,train,6,0.00551836651853836,0.07428570870994206,0.008970952764011709,0.09471511370426426
901,-1,train,54,0.008970952764011709,0.09471511370426426,0.008970952764011709,0.09471511370426426
902,0,train,16,0.004037028873220752,0.06353761778049875,0.01207905225990988,0.1099047417535289
902,1,train,16,0.007541355061028287,0.08684097570288053,0.01207905225990988,0.1099047417535289
902,2,train,16,0.01119751075480773,0.10581829121096092,0.01207905225990988,0.1099047417535289
902,3,train,6,0.025540314350582752,0.1598133735035424,0.01207905225990988,0.1099047417535289
902,-1,train,54,0.01207905225990988,0.1099047417535289,0.01207905225990988,0.1099047417535289
903,0,train,16,0.005977778529715285,0.07731609489437037,0.00986547873274484,0.09932511632384247
903,1,train,16,0.010589450255171244,0.10290505456570753,0.00986547873274484,0.09932511632384247
903,2,train,16,0.011407494792751612,0.1068058743363473,0.00986547873274484,0.09932511632384247
903,3,train,6,0.01148719135334122,0.10717831568624887,0.00986547873274484,0.09932511632384247
903,-1,train,54,0.00986547873274484,0.09932511632384247,0.00986547873274484,0.09932511632384247
904,0,train,16,0.005554637099589771,0.07452943780540526,0.011738759933826953,0.10834555797921276
904,1,train,16,0.012522231118573377,0.11190277529433029,0.011738759933826953,0.10834555797921276
904,2,train,16,0.005300697340001448,0.07280588808607068,0.011738759933826953,0.10834555797921276
904,3,train,6,0.023577474177143218,0.15354958214577863,0.011738759933826953,0.10834555797921276
904,-1,train,54,0.011738759933826953,0.10834555797921276,0.011738759933826953,0.10834555797921276
905,0,train,16,0.0049537199160145555,0.07038266772447997,0.009361810139985783,0.09675644753702868
905,1,train,16,0.0165995767735554,0.12883934481964507,0.009361810139985783,0.09675644753702868
905,2,train,16,0.007368027406638833,0.0858372145787527,0.009361810139985783,0.09675644753702868
905,3,train,6,0.008525916463734344,0.09233588935909126,0.009361810139985783,0.09675644753702868
905,-1,train,54,0.009361810139985783,0.09675644753702868,0.009361810139985783,0.09675644753702868
906,0,train,16,0.006885258087140501,0.08297745529443827,0.009096161479002059,0.09537379870279918
906,1,train,16,0.00976128953968923,0.09879923855824614,0.009096161479002059,0.09537379870279918
906,2,train,16,0.01286058054509018,0.11340449966862064,0.009096161479002059,0.09537379870279918
906,3,train,6,0.006877517744088326,0.08293080093721708,0.009096161479002059,0.09537379870279918
906,-1,train,54,0.009096161479002059,0.09537379870279918,0.009096161479002059,0.09537379870279918
907,0,train,16,0.008211891686070312,0.09061948844520318,0.009064074252567764,0.09520543184381741
907,1,train,16,0.007061812502204591,0.08403459110511927,0.009064074252567764,0.09520543184381741
907,2,train,16,0.014210595691882294,0.11920820312328466,0.009064074252567764,0.09520543184381741
907,3,train,6,0.006771997130113857,0.08229214500858424,0.009064074252567764,0.09520543184381741
907,-1,train,54,0.009064074252567764,0.09520543184381741,0.009064074252567764,0.09520543184381741
908,0,train,16,0.011737919580055739,0.10834167979155454,0.009539371119304443,0.09766970420403884
908,1,train,16,0.010095660631644125,0.10047716472733556,0.009539371119304443,0.09766970420403884
908,2,train,16,0.006420224979834702,0.08012630641577523,0.009539371119304443,0.09766970420403884
908,3,train,6,0.009903679285683207,0.09951723109935891,0.009539371119304443,0.09766970420403884
908,-1,train,54,0.009539371119304443,0.09766970420403884,0.009539371119304443,0.09766970420403884
909,0,train,16,0.006249272281317932,0.07905233887316637,0.008848870806078647,0.09406843682170256
909,1,train,16,0.014705028630187958,0.12126429247799188,0.008848870806078647,0.09406843682170256
909,2,train,16,0.008782913462307093,0.09371719939427924,0.008848870806078647,0.09406843682170256
909,3,train,6,0.005658268850501601,0.07522146535731407,0.008848870806078647,0.09406843682170256
909,-1,train,54,0.008848870806078647,0.09406843682170256,0.008848870806078647,0.09406843682170256
910,0,train,16,0.012271823923314126,0.11077826467007924,0.00927165559749493,0.09628943658312125
910,1,train,16,0.00483280885264151,0.0695184065743851,0.00927165559749493,0.09628943658312125
910,2,train,16,0.011521125875754787,0.10733650765585205,0.00927165559749493,0.09628943658312125
910,3,train,6,0.0084608637382693,0.09198295352003708,0.00927165559749493,0.09628943658312125
910,-1,train,54,0.00927165559749493,0.09628943658312125,0.00927165559749493,0.09628943658312125
911,0,train,16,0.014866185503688614,0.12192696790984599,0.009134997721626051,0.0955771820134181
911,1,train,16,0.00868885475893145,0.09321402662116603,0.009134997721626051,0.0955771820134181
911,2,train,16,0.005312500231876041,0.07288690027622276,0.009134997721626051,0.0955771820134181
911,3,train,6,0.007672450392008098,0.0875925247495932,0.009134997721626051,0.0955771820134181
911,-1,train,54,0.009134997721626051,0.0955771820134181,0.009134997721626051,0.0955771820134181
912,0,train,16,0.015610958616072724,0.12494382184034841,0.010241296977670435,0.10119929336546987
912,1,train,16,0.006584329922941658,0.08114388407601436,0.010241296977670435,0.10119929336546987
912,2,train,16,0.00400125770405376,0.0632554954454849,0.010241296977670435,0.10119929336546987
912,3,train,6,0.014768641667613594,0.12152630031237516,0.010241296977670435,0.10119929336546987
912,-1,train,54,0.010241296977670435,0.10119929336546987,0.010241296977670435,0.10119929336546987
913,0,train,16,0.009571112207509563,0.09783206124532777,0.009744028932878113,0.09871184798633907
913,1,train,16,0.007356673498851804,0.08577105280251493,0.009744028932878113,0.09871184798633907
913,2,train,16,0.010358284647181573,0.10177565842175414,0.009744028932878113,0.09871184798633907
913,3,train,6,0.011690045377969515,0.10812051321543713,0.009744028932878113,0.09871184798633907
913,-1,train,54,0.009744028932878113,0.09871184798633907,0.009744028932878113,0.09871184798633907
914,0,train,16,0.013543250621196191,0.11637547259279418,0.010972352256285992,0.1047489964452452
914,1,train,16,0.0037710071307936834,0.061408526531693326,0.010972352256285992,0.1047489964452452
914,2,train,16,0.006915194644940671,0.08315764934713264,0.010972352256285992,0.1047489964452452
914,3,train,6,0.01965995662821342,0.1402139673078735,0.010972352256285992,0.1047489964452452
914,-1,train,54,0.010972352256285992,0.1047489964452452,0.010972352256285992,0.1047489964452452
915,0,train,16,0.012567836239890717,0.11210636128200183,0.009344027092496246,0.09666450792558894
915,1,train,16,0.005586326500415371,0.07474173198699219,0.009344027092496246,0.09666450792558894
915,2,train,16,0.00987295120562138,0.09936272543374292,0.009344027092496246,0.09666450792558894
915,3,train,6,0.00934899442405752,0.09669019817984406,0.009344027092496246,0.09666450792558894
915,-1,train,54,0.009344027092496246,0.09666450792558894,0.009344027092496246,0.09666450792558894
916,0,train,16,0.010384461718005661,0.10190417909980759,0.00822692366528107,0.0907023906260528
916,1,train,16,0.012084473076704523,0.1099294004200174,0.00822692366528107,0.0907023906260528
916,2,train,16,0.008104323353485873,0.09002401542636206,0.00822692366528107,0.0907023906260528
916,3,train,6,0.002334436512928228,0.04831600679824677,0.00822692366528107,0.0907023906260528
916,-1,train,54,0.00822692366528107,0.0907023906260528,0.00822692366528107,0.0907023906260528
917,0,train,16,0.00869953558565566,0.09327130097546436,0.009024339299409647,0.0949965225648268
917,1,train,16,0.011034361884725404,0.10504457094360185,0.009024339299409647,0.0949965225648268
917,2,train,16,0.00884698822817227,0.0940584298623588,0.009024339299409647,0.0949965225648268
917,3,train,6,0.007516471499085254,0.08669758646632128,0.009024339299409647,0.0949965225648268
917,-1,train,54,0.009024339299409647,0.0949965225648268,0.009024339299409647,0.0949965225648268
918,0,train,16,0.008287887278994793,0.09103783432724437,0.009756784804876338,0.09877643851079233
918,1,train,16,0.00862373499004091,0.09286406727061286,0.009756784804876338,0.09877643851079233
918,2,train,16,0.009790425578078151,0.09894657941575419,0.009756784804876338,0.09877643851079233
918,3,train,6,0.012325091372391498,0.11101842807566453,0.009756784804876338,0.09877643851079233
918,-1,train,54,0.009756784804876338,0.09877643851079233,0.009756784804876338,0.09877643851079233
919,0,train,16,0.015383515842675262,0.12403030211474639,0.008686663864087927,0.09320227392122966
919,1,train,16,0.0073550865673829196,0.08576180133009637,0.008686663864087927,0.09320227392122966
919,2,train,16,0.006479093554828575,0.0804928167902489,0.008686663864087927,0.09320227392122966
919,3,train,6,0.005528959491464949,0.0743569733882771,0.008686663864087927,0.09320227392122966
919,-1,train,54,0.008686663864087927,0.09320227392122966,0.008686663864087927,0.09320227392122966
920,0,train,16,0.011040672498944791,0.10507460444343719,0.00963649747392444,0.09816566341610716
920,1,train,16,0.009624350188042271,0.09810377254745238,0.00963649747392444,0.09816566341610716
920,2,train,16,0.006102303812744961,0.07811724401657397,0.00963649747392444,0.09816566341610716
920,3,train,6,0.011778663395965738,0.10852955079592717,0.00963649747392444,0.09816566341610716
920,-1,train,54,0.00963649747392444,0.09816566341610716,0.00963649747392444,0.09816566341610716
921,0,train,16,0.004848248240674453,0.0696293633510637,0.009918192029868027,0.09959012014184955
921,1,train,16,0.009039204080711906,0.09507472892789075,0.009918192029868027,0.09959012014184955
921,2,train,16,0.012113625843456424,0.11006191822540812,0.009918192029868027,0.09959012014184955
921,3,train,6,0.013671689954629326,0.11692600204671896,0.009918192029868027,0.09959012014184955
921,-1,train,54,0.009918192029868027,0.09959012014184955,0.009918192029868027,0.09959012014184955
922,0,train,16,0.01075899020196347,0.10372555230975379,0.00887713584618359,0.09421855361967509
922,1,train,16,0.007483717911233545,0.08650848461991197,0.00887713584618359,0.09421855361967509
922,2,train,16,0.010176962995879028,0.10088093474923311,0.00887713584618359,0.09421855361967509
922,3,train,6,0.007088872275658322,0.0841954409434283,0.00887713584618359,0.09421855361967509
922,-1,train,54,0.00887713584618359,0.09421855361967509,0.00887713584618359,0.09421855361967509
923,0,train,16,0.010966492797897666,0.10472102366715895,0.009646934279733453,0.09821880817711776
923,1,train,16,0.004009346384331899,0.06331939974709093,0.009646934279733453,0.09821880817711776
923,2,train,16,0.011447969457933714,0.10699518427449767,0.009646934279733453,0.09821880817711776
923,3,train,6,0.012163928478770533,0.11029020119108739,0.009646934279733453,0.09821880817711776
923,-1,train,54,0.009646934279733453,0.09821880817711776,0.009646934279733453,0.09821880817711776
924,0,train,16,0.0069967943267207925,0.08364684289751044,0.008523435532455038,0.09232245410762778
924,1,train,16,0.009306012509782122,0.0964676759841457,0.008523435532455038,0.09232245410762778
924,2,train,16,0.012734081622787783,0.11284538813255854,0.008523435532455038,0.09232245410762778
924,3,train,6,0.005056853670529452,0.07111155792506203,0.008523435532455038,0.09232245410762778
924,-1,train,54,0.008523435532455038,0.09232245410762778,0.008523435532455038,0.09232245410762778
925,0,train,16,0.007914508623746137,0.08896352411941726,0.00917788395117616,0.0958012732231475
925,1,train,16,0.008462577526694047,0.09199226884197415,0.00917788395117616,0.0958012732231475
925,2,train,16,0.011161098713116845,0.10564610126794478,0.00917788395117616,0.0958012732231475
925,3,train,6,0.009173350941147608,0.09577761189937661,0.00917788395117616,0.0958012732231475
925,-1,train,54,0.00917788395117616,0.0958012732231475,0.00917788395117616,0.0958012732231475
926,0,train,16,0.008784256931351335,0.09372436679621439,0.008651403350331915,0.0930129203408425
926,1,train,16,0.011210271324640697,0.10587856876932507,0.008651403350331915,0.0930129203408425
926,2,train,16,0.008600404081674054,0.09273836359174155,0.008651403350331915,0.0930129203408425
926,3,train,6,0.00601068106366157,0.07752858223688584,0.008651403350331915,0.0930129203408425
926,-1,train,54,0.008651403350331915,0.0930129203408425,0.008651403350331915,0.0930129203408425
927,0,train,16,0.003668081757099035,0.060564690679463025,0.00918234718382434,0.09582456461588719
927,1,train,16,0.0132089129730991,0.114930035121804,0.00918234718382434,0.09582456461588719
927,2,train,16,0.010297984707739075,0.10147898653287328,0.00918234718382434,0.09582456461588719
927,3,train,6,0.009554409297360148,0.09774665875292182,0.00918234718382434,0.09582456461588719
927,-1,train,54,0.00918234718382434,0.09582456461588719,0.00918234718382434,0.09582456461588719
928,0,train,16,0.009468505406754457,0.09730624546633405,0.01018787728807749,0.10093501517351394
928,1,train,16,0.008269376030775525,0.09093610960875512,0.01018787728807749,0.10093501517351394
928,2,train,16,0.006977882596863949,0.08353372131578929,0.01018787728807749,0.10093501517351394
928,3,train,6,0.01603574511791603,0.12663232256385426,0.01018787728807749,0.10093501517351394
928,-1,train,54,0.01018787728807749,0.10093501517351394,0.01018787728807749,0.10093501517351394
929,0,train,16,0.01000848370707112,0.10004240954250912,0.009608191814026697,0.09802138447311738
929,1,train,16,0.0107332005512129,0.10360116095494731,0.009608191814026697,0.09802138447311738
929,2,train,16,0.005256387363626693,0.07250094732916731,0.009608191814026697,0.09802138447311738
929,3,train,6,0.012434695634196071,0.11151096643019498,0.009608191814026697,0.09802138447311738
929,-1,train,54,0.009608191814026697,0.09802138447311738,0.009608191814026697,0.09802138447311738
930,0,train,16,0.0039994342448439685,0.06324108035797593,0.010946231344702463,0.1046242388010659
930,1,train,16,0.012326601745899004,0.11102523022222924,0.010946231344702463,0.1046242388010659
930,2,train,16,0.006301435246519327,0.07938158002030021,0.010946231344702463,0.1046242388010659
930,3,train,6,0.021157454141547554,0.14545602133135485,0.010946231344702463,0.1046242388010659
930,-1,train,54,0.010946231344702463,0.1046242388010659,0.010946231344702463,0.1046242388010659
931,0,train,16,0.005429668613679367,0.07368628511249137,0.010676102613751601,0.10332522738301426
931,1,train,16,0.010758026980756922,0.10372090908180916,0.010676102613751601,0.10332522738301426
931,2,train,16,0.006861557533097317,0.08283451897064,0.010676102613751601,0.10332522738301426
931,3,train,6,0.0196551573274728,0.1401968520597834,0.010676102613751601,0.10332522738301426
931,-1,train,54,0.010676102613751601,0.10332522738301426,0.010676102613751601,0.10332522738301426
932,0,train,16,0.011443161917784559,0.10697271576334107,0.008689699828852294,0.09321855946565734
932,1,train,16,0.011203937046521619,0.10584865160464549,0.008689699828852294,0.09321855946565734
932,2,train,16,0.005370688948532521,0.07328498446839243,0.008689699828852294,0.09321855946565734
932,3,train,6,0.006741011402570479,0.08210366254053761,0.008689699828852294,0.09321855946565734
932,-1,train,54,0.008689699828852294,0.09321855946565734,0.008689699828852294,0.09321855946565734
933,0,train,16,0.008411199330198628,0.09171259090331398,0.008651904995717651,0.09301561694531543
933,1,train,16,0.008789158424420416,0.093750511595513,0.008651904995717651,0.09301561694531543
933,2,train,16,0.01070139085614106,0.10344752706633958,0.008651904995717651,0.09301561694531543
933,3,train,6,0.006705871372110497,0.08188938497821618,0.008651904995717651,0.09301561694531543
933,-1,train,54,0.008651904995717651,0.09301561694531543,0.008651904995717651,0.09301561694531543
934,0,train,16,0.007622014796146794,0.08730415108198919,0.00895762851819086,0.09464474902598062
934,1,train,16,0.012318463515576033,0.11098857380638799,0.00895762851819086,0.09464474902598062
934,2,train,16,0.007234813398947797,0.08505770628783613,0.00895762851819086,0.09464474902598062
934,3,train,6,0.008655222362092822,0.09303344754491699,0.00895762851819086,0.09464474902598062
934,-1,train,54,0.00895762851819086,0.09464474902598062,0.00895762851819086,0.09464474902598062
935,0,train,16,0.007553820324195806,0.08691271670012281,0.009673478453585915,0.09835384310532005
935,1,train,16,0.00782136258506897,0.08843846779014758,0.009673478453585915,0.09835384310532005
935,2,train,16,0.009937960158914596,0.09968931817860224,0.009673478453585915,0.09835384310532005
935,3,train,6,0.01338077074616429,0.11567528148296978,0.009673478453585915,0.09835384310532005
935,-1,train,54,0.009673478453585915,0.09835384310532005,0.009673478453585915,0.09835384310532005
936,0,train,16,0.008799500842120946,0.09380565463830497,0.008722058311275259,0.0933919606351385
936,1,train,16,0.007900466630320355,0.0888845691350324,0.008722058311275259,0.0933919606351385
936,2,train,16,0.010773051949892589,0.1037933136087898,0.008722058311275259,0.0933919606351385
936,3,train,6,0.00741521382276714,0.08611163581518551,0.008722058311275259,0.0933919606351385
936,-1,train,54,0.008722058311275259,0.0933919606351385,0.008722058311275259,0.0933919606351385
937,0,train,16,0.007468023042649533,0.08641772412329275,0.009988309026329271,0.09994152803679394
937,1,train,16,0.010534970500609454,0.10264000438722445,0.009988309026329271,0.09994152803679394
937,2,train,16,0.006285102064022611,0.07927863560898744,0.009988309026329271,0.09994152803679394
937,3,train,6,0.015665140498035485,0.12516045900377437,0.009988309026329271,0.09994152803679394
937,-1,train,54,0.009988309026329271,0.09994152803679394,0.009988309026329271,0.09994152803679394
938,0,train,16,0.004680068568170947,0.06841102665631431,0.009652318563048136,0.09824621398836769
938,1,train,16,0.013696451952608277,0.11703184161845988,0.009652318563048136,0.09824621398836769
938,2,train,16,0.006593245353087931,0.08119880142642458,0.009652318563048136,0.09824621398836769
938,3,train,6,0.013639508378325385,0.11678830582864615,0.009652318563048136,0.09824621398836769
938,-1,train,54,0.009652318563048136,0.09824621398836769,0.009652318563048136,0.09824621398836769
939,0,train,16,0.008506713737885531,0.09223184774190275,0.007818153105193435,0.08842032065760357
939,1,train,16,0.008665724655848105,0.0930898740779474,0.007818153105193435,0.08842032065760357
939,2,train,16,0.012094178323419686,0.10997353465002244,0.007818153105193435,0.08842032065760357
939,3,train,6,0.002005995703620426,0.04478834338999854,0.007818153105193435,0.08842032065760357
939,-1,train,54,0.007818153105193435,0.08842032065760357,0.007818153105193435,0.08842032065760357
940,0,train,16,0.012314052024118774,0.11096869839787603,0.009343354907022913,0.09666103096399765
940,1,train,16,0.0070278768621319515,0.0838324332351862,0.009343354907022913,0.09666103096399765
940,2,train,16,0.006177654877137066,0.07859805899090044,0.009343354907022913,0.09666103096399765
940,3,train,6,0.011853835864703859,0.10887532256991875,0.009343354907022913,0.09666103096399765
940,-1,train,54,0.009343354907022913,0.09666103096399765,0.009343354907022913,0.09666103096399765
941,0,train,16,0.002958256590919273,0.05438985742690702,0.009152070108265627,0.0956664523658405
941,1,train,16,0.008144069510096524,0.09024449850321362,0.009152070108265627,0.0956664523658405
941,2,train,16,0.014804201446072888,0.12167251721762351,0.009152070108265627,0.0956664523658405
941,3,train,6,0.010701752885973826,0.10344927687506485,0.009152070108265627,0.0956664523658405
941,-1,train,54,0.009152070108265627,0.0956664523658405,0.009152070108265627,0.0956664523658405
942,0,train,16,0.0074640026610246525,0.08639445966625783,0.009105005725883852,0.09542015366726178
942,1,train,16,0.014237359071561548,0.11932040509301646,0.009105005725883852,0.09542015366726178
942,2,train,16,0.0041812276367890165,0.06466241285931895,0.009105005725883852,0.09542015366726178
942,3,train,6,0.010537433534160189,0.10265200209523528,0.009105005725883852,0.09542015366726178
942,-1,train,54,0.009105005725883852,0.09542015366726178,0.009105005725883852,0.09542015366726178
943,0,train,16,0.006994025443001852,0.0836302902243072,0.008253772638991142,0.09085027594339569
943,1,train,16,0.009448570193019616,0.09720375606436006,0.008253772638991142,0.09085027594339569
943,2,train,16,0.011399972255847504,0.10677065259633615,0.008253772638991142,0.09085027594339569
943,3,train,6,0.005172522664095595,0.07192025211368211,0.008253772638991142,0.09085027594339569
943,-1,train,54,0.008253772638991142,0.09085027594339569,0.008253772638991142,0.09085027594339569
944,0,train,16,0.005863876983615779,0.07657595564937977,0.008929264131165399,0.09449478361880828
944,1,train,16,0.006261364694556526,0.07912878549906176,0.008929264131165399,0.09449478361880828
944,2,train,16,0.014001493615355581,0.11832790717052162,0.008929264131165399,0.09449478361880828
944,3,train,6,0.009590321231133707,0.09793018549524812,0.008929264131165399,0.09449478361880828
944,-1,train,54,0.008929264131165399,0.09449478361880828,0.008929264131165399,0.09449478361880828
945,0,train,16,0.007364137166886904,0.08581455102071504,0.008972796653678665,0.09472484707656521
945,1,train,16,0.006918204803154617,0.08317574648390369,0.008972796653678665,0.09472484707656521
945,2,train,16,0.01161256919009204,0.10776163134479749,0.008972796653678665,0.09472484707656521
945,3,train,6,0.009996275454581099,0.09998137553855267,0.008972796653678665,0.09472484707656521
945,-1,train,54,0.008972796653678665,0.09472484707656521,0.008972796653678665,0.09472484707656521
946,0,train,16,0.010139512162113654,0.10069514467993804,0.008693547310498087,0.09323919406825698
946,1,train,16,0.009337326732610028,0.09662984390244056,0.008693547310498087,0.09323919406825698
946,2,train,16,0.007012135792033997,0.08373849647583838,0.008693547310498087,0.09323919406825698
946,3,train,6,0.00828521455523467,0.0910231539512594,0.008693547310498087,0.09323919406825698
946,-1,train,54,0.008693547310498087,0.09323919406825698,0.008693547310498087,0.09323919406825698
947,0,train,16,0.01033726075742177,0.10167232050770637,0.0078467807485673,0.08858205658352768
947,1,train,16,0.011275719875595757,0.10618719261566226,0.0078467807485673,0.08858205658352768
947,2,train,16,0.006823280286150314,0.08260314937186301,0.0078467807485673,0.08858205658352768
947,3,train,6,0.002950862075101358,0.054321837920870815,0.0078467807485673,0.08858205658352768
947,-1,train,54,0.0078467807485673,0.08858205658352768,0.0078467807485673,0.08858205658352768
948,0,train,16,0.014575781516430594,0.12073020134345255,0.007697395254226293,0.0877348007020378
948,1,train,16,0.005058308721105886,0.07112178794930486,0.007697395254226293,0.0877348007020378
948,2,train,16,0.009126634985587322,0.09553342339509938,0.007697395254226293,0.0877348007020378
948,3,train,6,0.0020288557937813687,0.04504282177862937,0.007697395254226293,0.0877348007020378
948,-1,train,54,0.007697395254226293,0.0877348007020378,0.007697395254226293,0.0877348007020378
949,0,train,16,0.00913450111630061,0.09557458404984355,0.007931805578220983,0.08906068480660242
949,1,train,16,0.0068943830200242666,0.08303242149922081,0.007931805578220983,0.08906068480660242
949,2,train,16,0.0120008514248108,0.10954839763689289,0.007931805578220983,0.08906068480660242
949,3,train,6,0.0036974867517482607,0.06080696302026817,0.007931805578220983,0.08906068480660242
949,-1,train,54,0.007931805578220983,0.08906068480660242,0.007931805578220983,0.08906068480660242
950,0,train,16,0.009405620718609974,0.09698257945945743,0.009222403703033571,0.0960333468282428
950,1,train,16,0.007284941798046407,0.08535187050115778,0.009222403703033571,0.0960333468282428
950,2,train,16,0.008171742248875844,0.09039768940009388,0.009222403703033571,0.0960333468282428
950,3,train,6,0.012027310046602062,0.10966909339737455,0.009222403703033571,0.0960333468282428
950,-1,train,54,0.009222403703033571,0.0960333468282428,0.009222403703033571,0.0960333468282428
951,0,train,16,0.00626257203502472,0.07913641409000487,0.008601498054864085,0.09274426157377115
951,1,train,16,0.009095976499020478,0.09537282893476778,0.008601498054864085,0.09274426157377115
951,2,train,16,0.010843691535201759,0.10413304727703765,0.008601498054864085,0.09274426157377115
951,3,train,6,0.008203752150209383,0.09057456679559325,0.008601498054864085,0.09274426157377115
951,-1,train,54,0.008601498054864085,0.09274426157377115,0.008601498054864085,0.09274426157377115
952,0,train,16,0.01094359491636479,0.10461163853207152,0.009695593282008063,0.0984662037554412
952,1,train,16,0.0069472226116298295,0.08335000066964504,0.009695593282008063,0.0984662037554412
952,2,train,16,0.0055941521798963,0.07479406513819328,0.009695593282008063,0.0984662037554412
952,3,train,6,0.015297403420141333,0.12368267227118492,0.009695593282008063,0.0984662037554412
952,-1,train,54,0.009695593282008063,0.0984662037554412,0.009695593282008063,0.0984662037554412
953,0,train,16,0.009436319525553216,0.09714072022356647,0.007528622966416495,0.08676763778285367
953,1,train,16,0.009353545963022573,0.09671373202923447,0.007528622966416495,0.08676763778285367
953,2,train,16,0.009846790561360905,0.09923099597082005,0.007528622966416495,0.08676763778285367
953,3,train,6,0.0014778358157292884,0.038442630187453204,0.007528622966416495,0.08676763778285367
953,-1,train,54,0.007528622966416495,0.08676763778285367,0.007528622966416495,0.08676763778285367
954,0,train,16,0.004301057826944122,0.06558245060185021,0.00786396432313735,0.08867899595246526
954,1,train,16,0.01019014332254456,0.10094623976426541,0.00786396432313735,0.08867899595246526
954,2,train,16,0.013352827965341837,0.11555443723778779,0.00786396432313735,0.08867899595246526
954,3,train,6,0.003611828177718877,0.06009848731639489,0.00786396432313735,0.08867899595246526
954,-1,train,54,0.00786396432313735,0.08867899595246526,0.00786396432313735,0.08867899595246526
955,0,train,16,0.008719639860132968,0.09337901188239768,0.00961982871100418,0.09808072548163671
955,1,train,16,0.008430617277007146,0.09181839291235251,0.00961982871100418,0.09808072548163671
955,2,train,16,0.006317957605665162,0.07948558111799374,0.00961982871100418,0.09808072548163671
955,3,train,6,0.01501110010121144,0.12251979473216335,0.00961982871100418,0.09808072548163671
955,-1,train,54,0.00961982871100418,0.09808072548163671,0.00961982871100418,0.09808072548163671
956,0,train,16,0.009960126713208261,0.09980043443396558,0.00918721245426676,0.09584994759657806
956,1,train,16,0.0043886356529708875,0.06624677843465966,0.00918721245426676,0.09584994759657806
956,2,train,16,0.010030257659953724,0.10015117403182912,0.00918721245426676,0.09584994759657806
956,3,train,6,0.012369829790934168,0.11121973651710458,0.00918721245426676,0.09584994759657806
956,-1,train,54,0.00918721245426676,0.09584994759657806,0.00918721245426676,0.09584994759657806
957,0,train,16,0.011817567475250665,0.10870863569767888,0.007551735737676733,0.08690072345887997
957,1,train,16,0.011300476436482932,0.10630369907243553,0.007551735737676733,0.08690072345887997
957,2,train,16,0.005169308160704291,0.0718979009478322,0.007551735737676733,0.08690072345887997
957,3,train,6,0.0019195908782690446,0.04381313591001042,0.007551735737676733,0.08690072345887997
957,-1,train,54,0.007551735737676733,0.08690072345887997,0.007551735737676733,0.08690072345887997
958,0,train,16,0.009277394791502426,0.09631923375682774,0.00888878977806122,0.09428037854220368
958,1,train,16,0.009046996270913217,0.09511569939244108,0.00888878977806122,0.09428037854220368
958,2,train,16,0.00660042709255049,0.08124301257677788,0.00888878977806122,0.09428037854220368
958,3,train,6,0.010630340957278744,0.1031035448337192,0.00888878977806122,0.09428037854220368
958,-1,train,54,0.00888878977806122,0.09428037854220368,0.00888878977806122,0.09428037854220368
959,0,train,16,0.008987449429272916,0.09480215941249923,0.009553302612949868,0.0977409976056612
959,1,train,16,0.00639371073830491,0.07996068245272116,0.009553302612949868,0.0977409976056612
959,2,train,16,0.007875600361248864,0.08874457933445211,0.009553302612949868,0.0977409976056612
959,3,train,6,0.01495644992297278,0.12229656545861287,0.009553302612949868,0.0977409976056612
959,-1,train,54,0.009553302612949868,0.0977409976056612,0.009553302612949868,0.0977409976056612
960,0,train,16,0.010864950761774546,0.10423507452760106,0.008986902583727172,0.094799275227858
960,1,train,16,0.005979750065695698,0.07732884368523622,0.008986902583727172,0.094799275227858
960,2,train,16,0.007682002609160393,0.08764703422911921,0.008986902583727172,0.094799275227858
960,3,train,6,0.011420906898278052,0.10686864319470914,0.008986902583727172,0.094799275227858
960,-1,train,54,0.008986902583727172,0.094799275227858,0.008986902583727172,0.094799275227858
961,0,train,16,0.007689040148487383,0.08768717208627146,0.00762866174446793,0.08734221055404959
961,1,train,16,0.010651668552520635,0.1032069210495141,0.00762866174446793,0.08734221055404959
961,2,train,16,0.009337989672844318,0.09663327414945805,0.00762866174446793,0.08734221055404959
961,3,train,6,0.00283594860401938,0.05325362526644904,0.00762866174446793,0.08734221055404959
961,-1,train,54,0.00762866174446793,0.08734221055404959,0.00762866174446793,0.08734221055404959
962,0,train,16,0.007536686321229479,0.08681409056846405,0.007397084981332086,0.08600630779967296
962,1,train,16,0.01058297546624428,0.10287358974121726,0.007397084981332086,0.08600630779967296
962,2,train,16,0.009976662031254429,0.09988324199411244,0.007397084981332086,0.08600630779967296
962,3,train,6,0.0014920161066001541,0.038626624323129174,0.007397084981332086,0.08600630779967296
962,-1,train,54,0.007397084981332086,0.08600630779967296,0.007397084981332086,0.08600630779967296
963,0,train,16,0.009966781873244799,0.09983377120616449,0.008848995276807346,0.09406909841604387
963,1,train,16,0.01057966871916883,0.1028575165905187,0.008848995276807346,0.09406909841604387
963,2,train,16,0.00397255217057928,0.06302818552504331,0.008848995276807346,0.09406909841604387
963,3,train,6,0.010876978344236473,0.10429275307631146,0.008848995276807346,0.09406909841604387
963,-1,train,54,0.008848995276807346,0.09406909841604387,0.008848995276807346,0.09406909841604387
964,0,train,16,0.010589124961688885,0.10290347400204176,0.008555777875034483,0.09249744793795385
964,1,train,16,0.011625255019580007,0.10782047588273763,0.008555777875034483,0.09249744793795385
964,2,train,16,0.0029180860421857157,0.054019311752240194,0.008555777875034483,0.09249744793795385
964,3,train,6,0.00909064547668332,0.09534487650987503,0.008555777875034483,0.09249744793795385
964,-1,train,54,0.008555777875034483,0.09249744793795385,0.008555777875034483,0.09249744793795385
965,0,train,16,0.003552718833924318,0.05960468801968783,0.008994805238914416,0.09484094705829553
965,1,train,16,0.012575896411515103,0.11214230429019685,0.008994805238914416,0.09484094705829553
965,2,train,16,0.007808725459714175,0.08836699304442906,0.008994805238914416,0.09484094705829553
965,3,train,6,0.012041880250504065,0.10973550132251671,0.008994805238914416,0.09484094705829553
965,-1,train,54,0.008994805238914416,0.09484094705829553,0.008994805238914416,0.09484094705829553
966,0,train,16,0.015131434963857653,0.12300989782882372,0.0074843830122863775,0.0865123286721978
966,1,train,16,0.007330780334940511,0.08561997626103683,0.0074843830122863775,0.0865123286721978
966,2,train,16,0.005120925850729517,0.07156064456619655,0.0074843830122863775,0.0865123286721978
966,3,train,6,0.0023543908996178312,0.048522066110356754,0.0074843830122863775,0.0865123286721978
966,-1,train,54,0.0074843830122863775,0.0865123286721978,0.0074843830122863775,0.0865123286721978
967,0,train,16,0.004356261159334843,0.0660019784501559,0.008999022481690622,0.09486317769129718
967,1,train,16,0.01152053632404641,0.10733376134304812,0.008999022481690622,0.09486317769129718
967,2,train,16,0.007889303355100194,0.08882175046181084,0.008999022481690622,0.09486317769129718
967,3,train,6,0.012229989088281037,0.110589281073172,0.008999022481690622,0.09486317769129718
967,-1,train,54,0.008999022481690622,0.09486317769129718,0.008999022481690622,0.09486317769129718
968,0,train,16,0.009114917507390912,0.09547207710839287,0.007936032884689553,0.08908441437585787
968,1,train,16,0.009706681824766155,0.09852249400398953,0.007936032884689553,0.08908441437585787
968,2,train,16,0.0074260545871610946,0.0861745588161674,0.007936032884689553,0.08908441437585787
968,3,train,6,0.005496477619440048,0.0741382331826167,0.007936032884689553,0.08908441437585787
968,-1,train,54,0.007936032884689553,0.08908441437585787,0.007936032884689553,0.08908441437585787
969,0,train,16,0.008945514131619562,0.0945807281195253,0.008182798147599786,0.09045882017581142
969,1,train,16,0.006906221233858724,0.08310367761933718,0.008182798147599786,0.09045882017581142
969,2,train,16,0.00970413571657277,0.09850957170028084,0.008182798147599786,0.09045882017581142
969,3,train,6,0.007175321508348089,0.08470726951300041,0.008182798147599786,0.09045882017581142
969,-1,train,54,0.008182798147599786,0.09045882017581142,0.008182798147599786,0.09045882017581142
970,0,train,16,0.00862916711117832,0.0928933103682839,0.007451638252359229,0.08632287212760723
970,1,train,16,0.009380857776722071,0.09685482836039756,0.007451638252359229,0.08632287212760723
970,2,train,16,0.009216919418810827,0.09600478852021302,0.007451638252359229,0.08632287212760723
970,3,train,6,0.0025796087027256994,0.050789848421960264,0.007451638252359229,0.08632287212760723
970,-1,train,54,0.007451638252359229,0.08632287212760723,0.007451638252359229,0.08632287212760723
971,0,train,16,0.008805263842683828,0.09383636737791926,0.008568167614011645,0.09256439711904164
971,1,train,16,0.008661298720082242,0.09306609866155474,0.008568167614011645,0.09256439711904164
971,2,train,16,0.006977173463433112,0.0835294766141457,0.008568167614011645,0.09256439711904164
971,3,train,6,0.009828934429847402,0.09914098259472418,0.008568167614011645,0.09256439711904164
971,-1,train,54,0.008568167614011645,0.09256439711904164,0.008568167614011645,0.09256439711904164
972,0,train,16,0.006450913360948118,0.0803175781566409,0.010481330138911265,0.1023783675339242
972,1,train,16,0.007712279182633193,0.0878195831385756,0.010481330138911265,0.1023783675339242
972,2,train,16,0.005641681900565811,0.0751111303374261,0.010481330138911265,0.1023783675339242
972,3,train,6,0.022120446111497934,0.14872943928993324,0.010481330138911265,0.1023783675339242
972,-1,train,54,0.010481330138911265,0.1023783675339242,0.010481330138911265,0.1023783675339242
973,0,train,16,0.00807453702590569,0.08985842768436186,0.0080097593934318,0.08949725913921498
973,1,train,16,0.006860614814196007,0.08282882840047906,0.0080097593934318,0.08949725913921498
973,2,train,16,0.010715486390015986,0.10351563355366176,0.0080097593934318,0.08949725913921498
973,3,train,6,0.0063883993436095144,0.07992746301246846,0.0080097593934318,0.08949725913921498
973,-1,train,54,0.0080097593934318,0.08949725913921498,0.0080097593934318,0.08949725913921498
974,0,train,16,0.006124718245388606,0.07826057912760809,0.009661142748895839,0.09829111225790375
974,1,train,16,0.006824924063490125,0.08261309861934804,0.009661142748895839,0.09829111225790375
974,2,train,16,0.008619895498387584,0.09284339232485844,0.009661142748895839,0.09829111225790375
974,3,train,6,0.017075033188317042,0.13067147044522398,0.009661142748895839,0.09829111225790375
974,-1,train,54,0.009661142748895839,0.09829111225790375,0.009661142748895839,0.09829111225790375
975,0,train,16,0.011428926371718919,0.10690615684664247,0.009423087735423344,0.0970725900314983
975,1,train,16,0.005820574453033032,0.07629268938130987,0.009423087735423344,0.0970725900314983
975,2,train,16,0.004792551663744783,0.06922825769687392,0.009423087735423344,0.0970725900314983
975,3,train,6,0.01565029845319664,0.12510115288516185,0.009423087735423344,0.0970725900314983
975,-1,train,54,0.009423087735423344,0.0970725900314983,0.009423087735423344,0.0970725900314983
976,0,train,16,0.007720525232292368,0.08786651940467637,0.00783522445188925,0.08851680321774646
976,1,train,16,0.011028767942573403,0.10501794105091473,0.00783522445188925,0.08851680321774646
976,2,train,16,0.007005882375788585,0.08370114919037006,0.00783522445188925,0.08851680321774646
976,3,train,6,0.005585722256902644,0.07473768966794896,0.00783522445188925,0.08851680321774646
976,-1,train,54,0.00783522445188925,0.08851680321774646,0.00783522445188925,0.08851680321774646
977,0,train,16,0.0041017264785083414,0.06404472248755819,0.007492944525294768,0.08656179599161959
977,1,train,16,0.009723388796110713,0.0986072451501953,0.007492944525294768,0.08656179599161959
977,2,train,16,0.012685783592755483,0.11263118392681257,0.007492944525294768,0.08656179599161959
977,3,train,6,0.0034608792338045344,0.058829237916231195,0.007492944525294768,0.08656179599161959
977,-1,train,54,0.007492944525294768,0.08656179599161959,0.007492944525294768,0.08656179599161959
978,0,train,16,0.009684985549772552,0.09841232417625626,0.008492716462924458,0.09215593558162415
978,1,train,16,0.009560250474909715,0.0977765333549401,0.008492716462924458,0.09215593558162415
978,2,train,16,0.004784796446061841,0.069172223081681,0.008492716462924458,0.09215593558162415
978,3,train,6,0.009940833380953723,0.09970372801933598,0.008492716462924458,0.09215593558162415
978,-1,train,54,0.008492716462924458,0.09215593558162415,0.008492716462924458,0.09215593558162415
979,0,train,16,0.008376355054229782,0.09152242924130556,0.007761309350293292,0.08809829368548117
979,1,train,16,0.003675025776824477,0.060621990868202906,0.007761309350293292,0.08809829368548117
979,2,train,16,0.01360333508992701,0.11663333610047777,0.007761309350293292,0.08809829368548117
979,3,train,6,0.005390521480191897,0.07342017079925582,0.007761309350293292,0.08809829368548117
979,-1,train,54,0.007761309350293292,0.08809829368548117,0.007761309350293292,0.08809829368548117
980,0,train,16,0.011221809941556625,0.10593304461572237,0.007846583144662852,0.08858094120443094
980,1,train,16,0.005142734145064742,0.0717128589938007,0.007846583144662852,0.08858094120443094
980,2,train,16,0.008915631769006435,0.09442262318431126,0.007846583144662852,0.08858094120443094
980,3,train,6,0.006106156723023605,0.07814190119918765,0.007846583144662852,0.08858094120443094
980,-1,train,54,0.007846583144662852,0.08858094120443094,0.007846583144662852,0.08858094120443094
981,0,train,16,0.007509212645699012,0.08665571328942491,0.009477501168325343,0.09735245846061281
981,1,train,16,0.008967649825556137,0.09469767592478781,0.009477501168325343,0.09735245846061281
981,2,train,16,0.004921253438408335,0.0701516460135351,0.009477501168325343,0.09735245846061281
981,3,train,6,0.016511888763637888,0.12849859440335482,0.009477501168325343,0.09735245846061281
981,-1,train,54,0.009477501168325343,0.09735245846061281,0.009477501168325343,0.09735245846061281
982,0,train,16,0.009547398545460392,0.09771079032256566,0.009575472958315298,0.0978543456281595
982,1,train,16,0.003778758892511492,0.06147161045971947,0.009575472958315298,0.0978543456281595
982,2,train,16,0.007690167989283535,0.08769360289829319,0.009575472958315298,0.0978543456281595
982,3,train,6,0.017285566406005773,0.13147458463903117,0.009575472958315298,0.0978543456281595
982,-1,train,54,0.009575472958315298,0.0978543456281595,0.009575472958315298,0.0978543456281595
983,0,train,16,0.008065261050277479,0.08980679846357668,0.0081102853121503,0.09005712249539345
983,1,train,16,0.01181399619012319,0.10869220850697252,0.0081102853121503,0.09005712249539345
983,2,train,16,0.004651626860846987,0.06820283616424604,0.0081102853121503,0.09005712249539345
983,3,train,6,0.007910257147353543,0.08893962641788834,0.0081102853121503,0.09005712249539345
983,-1,train,54,0.0081102853121503,0.09005712249539345,0.0081102853121503,0.09005712249539345
984,0,train,16,0.005507085936241223,0.0742097428660228,0.009605246532909725,0.09800635965543116
984,1,train,16,0.011404355010093447,0.10679117477625877,0.009605246532909725,0.09800635965543116
984,2,train,16,0.0038560684923560837,0.06209725028015398,0.009605246532909725,0.09800635965543116
984,3,train,6,0.017653476692948148,0.13286638661809144,0.009605246532909725,0.09800635965543116
984,-1,train,54,0.009605246532909725,0.09800635965543116,0.009605246532909725,0.09800635965543116
985,0,train,16,0.005869327767224103,0.07661153808157165,0.008587987304643406,0.09267139420901903
985,1,train,16,0.0085966921278281,0.0927183483881594,0.008587987304643406,0.09267139420901903
985,2,train,16,0.008647922303647202,0.09299420575308551,0.008587987304643406,0.09267139420901903
985,3,train,6,0.01123800701987422,0.10600946665215433,0.008587987304643406,0.09267139420901903
985,-1,train,54,0.008587987304643406,0.09267139420901903,0.008587987304643406,0.09267139420901903
986,0,train,16,0.010360445450072756,0.10178627338729303,0.008247016107476333,0.09081308334968223
986,1,train,16,0.007013093081516192,0.08374421222697238,0.008247016107476333,0.09081308334968223
986,2,train,16,0.006487964990321729,0.08054790494061115,0.008247016107476333,0.09081308334968223
986,3,train,6,0.009126560907994657,0.09553303568920364,0.008247016107476333,0.09081308334968223
986,-1,train,54,0.008247016107476333,0.09081308334968223,0.008247016107476333,0.09081308334968223
987,0,train,16,0.007980898611387482,0.08933587527632716,0.009067696158601103,0.09522445147440389
987,1,train,16,0.0049534331088671385,0.07038063021078413,0.009067696158601103,0.09522445147440389
987,2,train,16,0.008861469847180706,0.09413538042192587,0.009067696158601103,0.09522445147440389
987,3,train,6,0.014474983066969085,0.12031202378386412,0.009067696158601103,0.09522445147440389
987,-1,train,54,0.009067696158601103,0.09522445147440389,0.009067696158601103,0.09522445147440389
988,0,train,16,0.009712580468170884,0.09855242497356868,0.00851585965368137,0.09228141553791516
988,1,train,16,0.008147071375867397,0.09026112882003746,0.00851585965368137,0.09228141553791516
988,2,train,16,0.005179140746728698,0.07196624727418192,0.00851585965368137,0.09228141553791516
988,3,train,6,0.011024646023958503,0.10499831438627243,0.00851585965368137,0.09228141553791516
988,-1,train,54,0.00851585965368137,0.09228141553791516,0.00851585965368137,0.09228141553791516
989,0,train,16,0.011199376079936407,0.1058271046563044,0.007656016051163051,0.0874986631392906
989,1,train,16,0.005269907340433117,0.07259412745142073,0.007656016051163051,0.0874986631392906
989,2,train,16,0.008495151712798289,0.09216914729343159,0.007656016051163051,0.0874986631392906
989,3,train,6,0.005659629071484391,0.07523050625566992,0.007656016051163051,0.0874986631392906
989,-1,train,54,0.007656016051163051,0.0874986631392906,0.007656016051163051,0.0874986631392906
990,0,train,16,0.005120461330012714,0.07155739884884521,0.008604361645085547,0.0927596983882847
990,1,train,16,0.010392921277574865,0.10194567807207358,0.008604361645085547,0.0927596983882847
990,2,train,16,0.007108594830851494,0.08431248324448458,0.008604361645085547,0.0927596983882847
990,3,train,6,0.011795469141903115,0.10860694794488572,0.008604361645085547,0.0927596983882847
990,-1,train,54,0.008604361645085547,0.0927596983882847,0.008604361645085547,0.0927596983882847
991,0,train,16,0.010344756802673551,0.10170917757347933,0.0074968346675195205,0.08658426339421917
991,1,train,16,0.009047983398801042,0.09512088834110541,0.0074968346675195205,0.08658426339421917
991,2,train,16,0.005790013876708271,0.07609214070262625,0.0074968346675195205,0.08658426339421917
991,3,train,6,0.0048045845918952175,0.0693151108481781,0.0074968346675195205,0.08658426339421917
991,-1,train,54,0.0074968346675195205,0.08658426339421917,0.0074968346675195205,0.08658426339421917
992,0,train,16,0.003880706969680948,0.06229532060822023,0.008523775923245852,0.09232429757786328
992,1,train,16,0.01114446084611953,0.10556732849759688,0.008523775923245852,0.09232429757786328
992,2,train,16,0.007632203868576166,0.08736248547618232,0.008523775923245852,0.09232429757786328
992,3,train,6,0.011437732008606762,0.10694733287280596,0.008523775923245852,0.09232429757786328
992,-1,train,54,0.008523775923245852,0.09232429757786328,0.008523775923245852,0.09232429757786328
993,0,train,16,0.0039401912149140145,0.06277094244086204,0.008215176206240397,0.09063760922619482
993,1,train,16,0.008887331398146195,0.09427264395436354,0.008215176206240397,0.09063760922619482
993,2,train,16,0.010400282280152747,0.10198177425477921,0.008215176206240397,0.09063760922619482
993,3,train,6,0.00963289993174863,0.09814733787397716,0.008215176206240397,0.09063760922619482
993,-1,train,54,0.008215176206240397,0.09063760922619482,0.008215176206240397,0.09063760922619482
994,0,train,16,0.010206666189186609,0.10102804654741479,0.007618178810541174,0.08728217922658195
994,1,train,16,0.005460797498358607,0.0738972090024962,0.007618178810541174,0.08728217922658195
994,2,train,16,0.00899973691154855,0.09486694319703018,0.007618178810541174,0.08728217922658195
994,3,train,6,0.005805514643070929,0.07619392786220519,0.007618178810541174,0.08728217922658195
994,-1,train,54,0.007618178810541174,0.08728217922658195,0.007618178810541174,0.08728217922658195
995,0,train,16,0.01289318489007884,0.1135481611039071,0.006852609543808726,0.08278049011577986
995,1,train,16,0.006203896713650573,0.07876481900982553,0.006852609543808726,0.08278049011577986
995,2,train,16,0.007280067679670654,0.08532331263887176,0.006852609543808726,0.08278049011577986
995,3,train,6,0.0010332888918348367,0.032144811273902923,0.006852609543808726,0.08278049011577986
995,-1,train,54,0.006852609543808726,0.08278049011577986,0.006852609543808726,0.08278049011577986
996,0,train,16,0.006654617983603307,0.0815758419117039,0.0074816385443349995,0.08649646550197874
996,1,train,16,0.007067090584713866,0.08406598946490706,0.0074816385443349995,0.08649646550197874
996,2,train,16,0.011061860861334198,0.10517538144135347,0.0074816385443349995,0.08649646550197874
996,3,train,6,0.005142984747688628,0.07171460623672578,0.0074816385443349995,0.08649646550197874
996,-1,train,54,0.0074816385443349995,0.08649646550197874,0.0074816385443349995,0.08649646550197874
997,0,train,16,0.008589358841068019,0.09267879391245885,0.006819231061187587,0.08257863562197905
997,1,train,16,0.009372592482271186,0.09681215048882648,0.006819231061187587,0.08257863562197905
997,2,train,16,0.008285653369954807,0.09102556437592028,0.006819231061187587,0.08257863562197905
997,3,train,6,0.0010293195514563347,0.03208301032410043,0.006819231061187587,0.08257863562197905
997,-1,train,54,0.006819231061187587,0.08257863562197905,0.006819231061187587,0.08257863562197905
998,0,train,16,0.00852550015372405,0.09233363500763982,0.008864444120830792,0.09415117694872854
998,1,train,16,0.00845944852690154,0.09197526040681558,0.008864444120830792,0.09415117694872854
998,2,train,16,0.004340320559100895,0.06588110927345482,0.008864444120830792,0.09415117694872854
998,3,train,6,0.014132507243596684,0.11888022225583482,0.008864444120830792,0.09415117694872854
998,-1,train,54,0.008864444120830792,0.09415117694872854,0.008864444120830792,0.09415117694872854
999,0,train,16,0.010709376264938883,0.10348611629073189,0.00824371713802815,0.09079491801873137
999,1,train,16,0.007330329035474456,0.08561734074049751,0.00824371713802815,0.09079491801873137
999,2,train,16,0.004660905370917842,0.06827082371641521,0.00824371713802815,0.09079491801873137
999,3,train,6,0.010274257880781422,0.10136201399331715,0.00824371713802815,0.09079491801873137
999,-1,train,54,0.00824371713802815,0.09079491801873137,0.00824371713802815,0.09079491801873137
1000,0,train,16,0.009980921267328751,0.099904560793433,0.009215476643443951,0.09599727414590453
1000,1,train,16,0.004120081281827105,0.06418785930241876,0.009215476643443951,0.09599727414590453
1000,2,train,16,0.006122761896172488,0.07824807918519462,0.009215476643443951,0.09599727414590453
1000,3,train,6,0.016638142128447463,0.12898892250285474,0.009215476643443951,0.09599727414590453
1000,-1,train,54,0.009215476643443951,0.09599727414590453,0.009215476643443951,0.09599727414590453
