epoch,batch_idx,phase,batch_size,batch_MSE,batch_RMSE,epoch_MSE,epoch_RMSE
1,0,train,16,0.32668387149618855,0.5715626575417506,0.3121503818869216,0.5587041989164943
1,1,train,14,0.2976168922776547,0.5455427501833882,0.3121503818869216,0.5587041989164943
1,-1,train,30,0.3121503818869216,0.5587041989164943,0.3121503818869216,0.5587041989164943
2,0,train,16,0.27984509001798924,0.529003865787377,0.3129381448702536,0.5594087457934972
2,1,train,14,0.34603119972251806,0.5882441667560487,0.3129381448702536,0.5594087457934972
2,-1,train,30,0.3129381448702536,0.5594087457934972,0.3129381448702536,0.5594087457934972
3,0,train,16,0.32861364785609054,0.5732483300072408,0.30687976865226774,0.5539672992625717
3,1,train,14,0.285145889448445,0.5339905331075121,0.30687976865226774,0.5539672992625717
3,-1,train,30,0.30687976865226774,0.5539672992625717,0.30687976865226774,0.5539672992625717
4,0,train,16,0.276679014461173,0.5260028654495839,0.3080671882262177,0.5550380061096877
4,1,train,14,0.3394553619912624,0.5826279790666274,0.3080671882262177,0.5550380061096877
4,-1,train,30,0.3080671882262177,0.5550380061096877,0.3080671882262177,0.5550380061096877
5,0,train,16,0.33948544632062366,0.5826537962809679,0.30103956038457613,0.5486707212751343
5,1,train,14,0.26259367444852866,0.5124389470449418,0.30103956038457613,0.5486707212751343
5,-1,train,30,0.30103956038457613,0.5486707212751343,0.30103956038457613,0.5486707212751343
6,0,train,16,0.3115593572858288,0.5581750238821411,0.3005355816777704,0.5482112564311047
6,1,train,14,0.28951180606971194,0.5380630131032164,0.3005355816777704,0.5482112564311047
6,-1,train,30,0.3005355816777704,0.5482112564311047,0.3005355816777704,0.5482112564311047
7,0,train,16,0.27022555031613665,0.5198322328560789,0.3010232895685413,0.5486558935877216
7,1,train,14,0.33182102882094594,0.5760390861920274,0.3010232895685413,0.5486558935877216
7,-1,train,30,0.3010232895685413,0.5486558935877216,0.3010232895685413,0.5486558935877216
8,0,train,16,0.2893026922237442,0.5378686570378908,0.29716334736428546,0.5451269094112723
8,1,train,14,0.3050240025048267,0.5522897812786569,0.29716334736428546,0.5451269094112723
8,-1,train,30,0.29716334736428546,0.5451269094112723,0.29716334736428546,0.5451269094112723
9,0,train,16,0.3120812489919189,0.5586423265309557,0.29308302391440433,0.5413714287939514
9,1,train,14,0.2740847988368897,0.5235310867913096,0.29308302391440433,0.5413714287939514
9,-1,train,30,0.29308302391440433,0.5413714287939514,0.29308302391440433,0.5413714287939514
10,0,train,16,0.31122466978583035,0.5578751381678793,0.2906837557001877,0.5391509581742275
10,1,train,14,0.270142841614545,0.5197526735039898,0.2906837557001877,0.5391509581742275
10,-1,train,30,0.2906837557001877,0.5391509581742275,0.2906837557001877,0.5391509581742275
11,0,train,16,0.2802180846749784,0.5293562927509018,0.29048468021833884,0.5389663071272071
11,1,train,14,0.30075127576169924,0.5484079464793515,0.29048468021833884,0.5389663071272071
11,-1,train,30,0.29048468021833884,0.5389663071272071,0.29048468021833884,0.5389663071272071
12,0,train,16,0.29616180745027304,0.5442075040370842,0.28690976204041047,0.5356395822196213
12,1,train,14,0.2776577166305479,0.5269323643794789,0.28690976204041047,0.5356395822196213
12,-1,train,30,0.28690976204041047,0.5356395822196213,0.28690976204041047,0.5356395822196213
13,0,train,16,0.2990566650493573,0.5468607364305443,0.2842930008763629,0.5331913360852396
13,1,train,14,0.2695293367033684,0.519162148758332,0.2842930008763629,0.5331913360852396
13,-1,train,30,0.2842930008763629,0.5331913360852396,0.2842930008763629,0.5331913360852396
14,0,train,16,0.261707318139114,0.5115733751272773,0.28457529166064577,0.5334559884945016
14,1,train,14,0.30744326518217746,0.5544756668981764,0.28457529166064577,0.5334559884945016
14,-1,train,30,0.28457529166064577,0.5334559884945016,0.28457529166064577,0.5334559884945016
15,0,train,16,0.25719638874495393,0.5071453329618186,0.28251674957517003,0.531523047078083
15,1,train,14,0.3078371104053862,0.5548307042741832,0.28251674957517003,0.531523047078083
15,-1,train,30,0.28251674957517003,0.531523047078083,0.28251674957517003,0.531523047078083
16,0,train,16,0.30324847160286195,0.5506800083559071,0.2768333289348286,0.5261495309651322
16,1,train,14,0.25041818626679524,0.5004180115331534,0.2768333289348286,0.5261495309651322
16,-1,train,30,0.2768333289348286,0.5261495309651322,0.2768333289348286,0.5261495309651322
17,0,train,16,0.2712488334942447,0.5208155465174256,0.2767686393706398,0.5260880528681865
17,1,train,14,0.28228844524703484,0.5313082393931369,0.2767686393706398,0.5260880528681865
17,-1,train,30,0.2767686393706398,0.5260880528681865,0.2767686393706398,0.5260880528681865
18,0,train,16,0.26883578336122577,0.5184937640523999,0.2745886665124203,0.5240120862274269
18,1,train,14,0.2803415496636148,0.5294728979500413,0.2745886665124203,0.5240120862274269
18,-1,train,30,0.2745886665124203,0.5240120862274269,0.2745886665124203,0.5240120862274269
19,0,train,16,0.2831601952767359,0.5321279876841059,0.2712427673915119,0.5208097228273603
19,1,train,14,0.2593253395062878,0.5092399625974848,0.2712427673915119,0.5208097228273603
19,-1,train,30,0.2712427673915119,0.5208097228273603,0.2712427673915119,0.5208097228273603
20,0,train,16,0.25075783630637205,0.500757262859334,0.27127155737881903,0.520837361734754
20,1,train,14,0.29178527845126595,0.5401715268794404,0.27127155737881903,0.520837361734754
20,-1,train,30,0.27127155737881903,0.520837361734754,0.27127155737881903,0.520837361734754
21,0,train,16,0.2868113115013125,0.5355476743496441,0.2663919462391764,0.5161317140412671
21,1,train,14,0.24597258097704028,0.49595622889226854,0.2663919462391764,0.5161317140412671
21,-1,train,30,0.2663919462391764,0.5161317140412671,0.2663919462391764,0.5161317140412671
22,0,train,16,0.2856156777139472,0.5344302365266651,0.26422072597194124,0.5140240519391492
22,1,train,14,0.24282577422993526,0.4927735526891995,0.26422072597194124,0.5140240519391492
22,-1,train,30,0.26422072597194124,0.5140240519391492,0.26422072597194124,0.5140240519391492
23,0,train,16,0.2509825888191193,0.5009816252310251,0.2644638139950388,0.5142604534620943
23,1,train,14,0.27794503917095836,0.5272049309053912,0.2644638139950388,0.5142604534620943
23,-1,train,30,0.2644638139950388,0.5142604534620943,0.2644638139950388,0.5142604534620943
24,0,train,16,0.2899007530095677,0.5384243243108243,0.2594490473255134,0.5093614113039123
24,1,train,14,0.2289973416414591,0.47853666697700303,0.2594490473255134,0.5093614113039123
24,-1,train,30,0.2594490473255134,0.5093614113039123,0.2594490473255134,0.5093614113039123
25,0,train,16,0.2648603755075066,0.5146458738856328,0.25903396309118654,0.5089537926876924
25,1,train,14,0.25320755067486644,0.5031973277699976,0.25903396309118654,0.5089537926876924
25,-1,train,30,0.25903396309118654,0.5089537926876924,0.25903396309118654,0.5089537926876924
26,0,train,16,0.2515117369051252,0.5015094584403421,0.25779939046003203,0.50773949074307
26,1,train,14,0.2640870440149389,0.5138940007578789,0.25779939046003203,0.50773949074307
26,-1,train,30,0.25779939046003203,0.50773949074307,0.25779939046003203,0.50773949074307
27,0,train,16,0.25881488060566127,0.5087385188932142,0.2550727041990327,0.505047229671674
27,1,train,14,0.2513305277924042,0.501328762183464,0.2550727041990327,0.505047229671674
27,-1,train,30,0.2550727041990327,0.505047229671674,0.2550727041990327,0.505047229671674
28,0,train,16,0.24041999779843215,0.4903264196414794,0.2542094508789164,0.5041918790291215
28,1,train,14,0.2679989039594006,0.517686105627146,0.2542094508789164,0.5041918790291215
28,-1,train,30,0.2542094508789164,0.5041918790291215,0.2542094508789164,0.5041918790291215
29,0,train,16,0.23394925110103892,0.48368300683509535,0.25250421495708325,0.502497975077595
29,1,train,14,0.2710591788131276,0.520633439968206,0.25250421495708325,0.502497975077595
29,-1,train,30,0.25250421495708325,0.502497975077595,0.25250421495708325,0.502497975077595
30,0,train,16,0.25189032210365253,0.5018867622319327,0.24903112295660462,0.4990301824104476
30,1,train,14,0.24617192380955671,0.49615715636233315,0.24903112295660462,0.4990301824104476
30,-1,train,30,0.24903112295660462,0.4990301824104476,0.24903112295660462,0.4990301824104476
31,0,train,16,0.24062295830936262,0.49053334067050186,0.2476998183191782,0.49769450300277396
31,1,train,14,0.25477667832899376,0.5047540770801101,0.2476998183191782,0.49769450300277396
31,-1,train,30,0.2476998183191782,0.49769450300277396,0.2476998183191782,0.49769450300277396
32,0,train,16,0.25528183490931927,0.5052542279974699,0.24448958324232575,0.4944588792228589
32,1,train,14,0.23369733157533223,0.48342251868870595,0.24448958324232575,0.4944588792228589
32,-1,train,30,0.24448958324232575,0.4944588792228589,0.24448958324232575,0.4944588792228589
33,0,train,16,0.22290817741225447,0.47213152554373494,0.24467582673107402,0.4946471739847242
33,1,train,14,0.26644347604989355,0.5161816308722091,0.24467582673107402,0.4946471739847242
33,-1,train,30,0.24467582673107402,0.4946471739847242,0.24467582673107402,0.4946471739847242
34,0,train,16,0.2563335683314396,0.5062939544685869,0.240145978940775,0.49004691504056525
34,1,train,14,0.22395838955011035,0.4732424215453538,0.240145978940775,0.49004691504056525
34,-1,train,30,0.240145978940775,0.49004691504056525,0.240145978940775,0.49004691504056525
35,0,train,16,0.22728280035316373,0.47674185924162743,0.24010920046277806,0.4900093881373887
35,1,train,14,0.2529356005723924,0.502927033049917,0.24010920046277806,0.4900093881373887
35,-1,train,30,0.24010920046277806,0.4900093881373887,0.24010920046277806,0.4900093881373887
36,0,train,16,0.26424686141864334,0.5140494737071942,0.23532568880253235,0.485103791783297
36,1,train,14,0.2064045161864214,0.45431763798736824,0.23532568880253235,0.485103791783297
36,-1,train,30,0.23532568880253235,0.485103791783297,0.23532568880253235,0.485103791783297
37,0,train,16,0.2314351477535632,0.4810770704924141,0.2355517844877822,0.4853367742998486
37,1,train,14,0.2396684212220012,0.4895594154155358,0.2355517844877822,0.4853367742998486
37,-1,train,30,0.2355517844877822,0.4853367742998486,0.2355517844877822,0.4853367742998486
38,0,train,16,0.23093862186582226,0.4805607369165965,0.23346971279983803,0.4831870370776083
38,1,train,14,0.2360008037338538,0.48579913928891827,0.23346971279983803,0.4831870370776083
38,-1,train,30,0.23346971279983803,0.4831870370776083,0.23346971279983803,0.4831870370776083
39,0,train,16,0.21636880678581097,0.4651546052505672,0.23241985603207949,0.48209942546333684
39,1,train,14,0.248470905278348,0.49846855996978184,0.23241985603207949,0.48209942546333684
39,-1,train,30,0.23241985603207949,0.48209942546333684,0.23241985603207949,0.48209942546333684
40,0,train,16,0.23253907628960838,0.4822230565719648,0.22915608531981596,0.4787025018942516
40,1,train,14,0.22577309435002355,0.4751558632175589,0.22915608531981596,0.4787025018942516
40,-1,train,30,0.22915608531981596,0.4787025018942516,0.22915608531981596,0.4787025018942516
41,0,train,16,0.23213153115734128,0.4818003021557181,0.2271152362491671,0.476566088018406
41,1,train,14,0.22209894134099292,0.47127374353022566,0.2271152362491671,0.476566088018406
41,-1,train,30,0.2271152362491671,0.476566088018406,0.2271152362491671,0.476566088018406
42,0,train,16,0.22700421329730983,0.47644959155960015,0.225419256226572,0.47478337821218214
42,1,train,14,0.22383429915583417,0.47311129679583236,0.225419256226572,0.47478337821218214
42,-1,train,30,0.225419256226572,0.47478337821218214,0.225419256226572,0.47478337821218214
43,0,train,16,0.24752087193542394,0.49751469519545244,0.22190753014409959,0.47107062118550713
43,1,train,14,0.1962941883527752,0.44305099971986883,0.22190753014409959,0.47107062118550713
43,-1,train,30,0.22190753014409959,0.47107062118550713,0.22190753014409959,0.47107062118550713
44,0,train,16,0.23892542498055033,0.48879998463640556,0.22049374958865153,0.46956761982557055
44,1,train,14,0.2020620741967527,0.4495131524179829,0.22049374958865153,0.46956761982557055
44,-1,train,30,0.22049374958865153,0.46956761982557055,0.22049374958865153,0.46956761982557055
45,0,train,16,0.2366402199706079,0.4864568017518184,0.21864415909276486,0.4675940109675966
45,1,train,14,0.20064809821492177,0.44793760526988774,0.21864415909276486,0.4675940109675966
45,-1,train,30,0.21864415909276486,0.4675940109675966,0.21864415909276486,0.4675940109675966
46,0,train,16,0.21648849933141082,0.46528324634722323,0.2180869182073148,0.4669977710945897
46,1,train,14,0.21968533708321875,0.46870602415930046,0.2180869182073148,0.4669977710945897
46,-1,train,30,0.2180869182073148,0.4669977710945897,0.2180869182073148,0.4669977710945897
47,0,train,16,0.21338036263815016,0.4619311232620618,0.21630720116444274,0.4650883799499217
47,1,train,14,0.21923403969073535,0.4682243476056487,0.21630720116444274,0.4650883799499217
47,-1,train,30,0.21630720116444274,0.4650883799499217,0.21630720116444274,0.4650883799499217
48,0,train,16,0.21444641412339263,0.46308359301900626,0.21425408204156757,0.4628758818966134
48,1,train,14,0.2140617499597425,0.4626680775239875,0.21425408204156757,0.4628758818966134
48,-1,train,30,0.21425408204156757,0.4628758818966134,0.21425408204156757,0.4628758818966134
49,0,train,16,0.21704033558454153,0.46587588002014174,0.21208998464541884,0.4605322840425184
49,1,train,14,0.20713963370629615,0.4551259536724929,0.21208998464541884,0.4605322840425184
49,-1,train,30,0.21208998464541884,0.4605322840425184,0.21208998464541884,0.4605322840425184
50,0,train,16,0.19545630728253535,0.44210440767146325,0.21167803865069945,0.46008481680088015
50,1,train,14,0.22789977001886355,0.47738848961706604,0.21167803865069945,0.46008481680088015
50,-1,train,30,0.21167803865069945,0.46008481680088015,0.21167803865069945,0.46008481680088015
51,0,train,16,0.17211275913000534,0.41486474799626605,0.21140233801869415,0.4597850998223998
51,1,train,14,0.25069191690738296,0.5006914388197415,0.21140233801869415,0.4597850998223998
51,-1,train,30,0.21140233801869415,0.4597850998223998,0.21140233801869415,0.4597850998223998
52,0,train,16,0.1926113995508935,0.4388751525786046,0.2079821032787524,0.45605054903897707
52,1,train,14,0.22335280700661134,0.47260216568125385,0.2079821032787524,0.45605054903897707
52,-1,train,30,0.2079821032787524,0.45605054903897707,0.2079821032787524,0.45605054903897707
53,0,train,16,0.2144872579372039,0.46312769074759924,0.20449071559650603,0.45220649663235274
53,1,train,14,0.19449417325580814,0.4410149354112717,0.20449071559650603,0.45220649663235274
53,-1,train,30,0.20449071559650603,0.45220649663235274,0.20449071559650603,0.45220649663235274
54,0,train,16,0.20662895876400125,0.4545645815107038,0.2031344769272424,0.4507044230171725
54,1,train,14,0.19963999509048358,0.44681091648535576,0.2031344769272424,0.4507044230171725
54,-1,train,30,0.2031344769272424,0.4507044230171725,0.2031344769272424,0.4507044230171725
55,0,train,16,0.2113331433506389,0.4597098469150285,0.2008976032507574,0.4482160229741429
55,1,train,14,0.19046206315087585,0.43641959528746627,0.2008976032507574,0.4482160229741429
55,-1,train,30,0.2008976032507574,0.4482160229741429,0.2008976032507574,0.4482160229741429
56,0,train,16,0.19822156544228067,0.4452208052666459,0.19993054451546577,0.4471359351645378
56,1,train,14,0.20163952358865087,0.4490428972700168,0.19993054451546577,0.4471359351645378
56,-1,train,30,0.19993054451546577,0.4471359351645378,0.19993054451546577,0.4471359351645378
57,0,train,16,0.20714997004898283,0.455137309005736,0.197408840409706,0.44430714647606784
57,1,train,14,0.18766771077042915,0.43320631432428264,0.197408840409706,0.44430714647606784
57,-1,train,30,0.197408840409706,0.44430714647606784,0.197408840409706,0.44430714647606784
58,0,train,16,0.18932703708520005,0.43511726819927526,0.19679805537765144,0.4436192684923091
58,1,train,14,0.20426907367010286,0.45196136302797263,0.19679805537765144,0.4436192684923091
58,-1,train,30,0.19679805537765144,0.4436192684923091,0.19679805537765144,0.4436192684923091
59,0,train,16,0.17206407289317427,0.41480606660603975,0.19616046509055135,0.44290006219298655
59,1,train,14,0.22025685728792843,0.4693153068971099,0.19616046509055135,0.44290006219298655
59,-1,train,30,0.19616046509055135,0.44290006219298655,0.19616046509055135,0.44290006219298655
60,0,train,16,0.16995277315999444,0.41225328762787866,0.1944447355390374,0.44095888191421817
60,1,train,14,0.21893669791808035,0.4679067192486985,0.1944447355390374,0.44095888191421817
60,-1,train,30,0.1944447355390374,0.44095888191421817,0.1944447355390374,0.44095888191421817
61,0,train,16,0.18905127333444982,0.43480026832380153,0.1912203074407436,0.43728744258295776
61,1,train,14,0.19338934154703735,0.4397605502396018,0.1912203074407436,0.43728744258295776
61,-1,train,30,0.1912203074407436,0.43728744258295776,0.1912203074407436,0.43728744258295776
62,0,train,16,0.17357231740081794,0.4166201116134673,0.19048652320327397,0.4364476179374496
62,1,train,14,0.20740072900573003,0.45541270184935556,0.19048652320327397,0.4364476179374496
62,-1,train,30,0.19048652320327397,0.4364476179374496,0.19048652320327397,0.4364476179374496
63,0,train,16,0.15416048756557688,0.3926327642537959,0.1900453525393057,0.43594191418043954
63,1,train,14,0.22593021751303455,0.47532117301150656,0.1900453525393057,0.43594191418043954
63,-1,train,30,0.1900453525393057,0.43594191418043954,0.1900453525393057,0.43594191418043954
64,0,train,16,0.17994749580153016,0.42420218740776217,0.18635667385557597,0.43169048386034176
64,1,train,14,0.19276585190962175,0.4390510812076674,0.18635667385557597,0.43169048386034176
64,-1,train,30,0.18635667385557597,0.43169048386034176,0.18635667385557597,0.43169048386034176
65,0,train,16,0.17858813142503818,0.42259688998505207,0.18463321883611417,0.42968967736741615
65,1,train,14,0.19067830624719018,0.4366672717838952,0.18463321883611417,0.42968967736741615
65,-1,train,30,0.18463321883611417,0.42968967736741615,0.18463321883611417,0.42968967736741615
66,0,train,16,0.1828936714209394,0.4276606966053105,0.18251795569373871,0.4272212022989247
66,1,train,14,0.18214223996653803,0.4267812554067224,0.18251795569373871,0.4272212022989247
66,-1,train,30,0.18251795569373871,0.4272212022989247,0.18251795569373871,0.4272212022989247
67,0,train,16,0.16942578206784623,0.4116136320238267,0.18167193723069064,0.4262299112341726
67,1,train,14,0.19391809239353502,0.4403613202740847,0.18167193723069064,0.4262299112341726
67,-1,train,30,0.18167193723069064,0.4262299112341726,0.18167193723069064,0.4262299112341726
68,0,train,16,0.1536642583579309,0.39200032953803865,0.18100533279523554,0.425447215051686
68,1,train,14,0.20834640723254017,0.45644978610197656,0.18100533279523554,0.425447215051686
68,-1,train,30,0.18100533279523554,0.425447215051686,0.18100533279523554,0.425447215051686
69,0,train,16,0.1776082310612684,0.42143591572298206,0.17750399077321233,0.4213122248086475
69,1,train,14,0.17739975048515624,0.4211884975698603,0.17750399077321233,0.4213122248086475
69,-1,train,30,0.17750399077321233,0.4213122248086475,0.17750399077321233,0.4213122248086475
70,0,train,16,0.15725526723881614,0.39655424249251975,0.17718622112143922,0.42093493692189443
70,1,train,14,0.19711717500406234,0.44397880017413255,0.17718622112143922,0.42093493692189443
70,-1,train,30,0.17718622112143922,0.42093493692189443,0.17718622112143922,0.42093493692189443
71,0,train,16,0.13138185366285385,0.3624663483178181,0.17727827373357918,0.4210442657649896
71,1,train,14,0.22317469380430455,0.47241368926429783,0.17727827373357918,0.4210442657649896
71,-1,train,30,0.17727827373357918,0.4210442657649896,0.17727827373357918,0.4210442657649896
72,0,train,16,0.17598908031600927,0.4195105246784749,0.17231490243550426,0.4151083020556253
72,1,train,14,0.16864072455499926,0.4106588907536269,0.17231490243550426,0.4151083020556253
72,-1,train,30,0.17231490243550426,0.4151083020556253,0.17231490243550426,0.4151083020556253
73,0,train,16,0.1541800313668249,0.3926576516086563,0.1721357191204607,0.4148924187310015
73,1,train,14,0.19009140687409648,0.4359947326219624,0.1721357191204607,0.4148924187310015
73,-1,train,30,0.1721357191204607,0.4148924187310015,0.1721357191204607,0.4148924187310015
74,0,train,16,0.20154858996504632,0.44894163313848084,0.1670073980994936,0.4086653864710022
74,1,train,14,0.13246620623394087,0.3639590721962304,0.1670073980994936,0.4086653864710022
74,-1,train,30,0.1670073980994936,0.4086653864710022,0.1670073980994936,0.4086653864710022
75,0,train,16,0.1711652479128242,0.413721220041738,0.16745497036369225,0.40921262243935275
75,1,train,14,0.1637446928145603,0.40465379377260297,0.16745497036369225,0.40921262243935275
75,-1,train,30,0.16745497036369225,0.40921262243935275,0.16745497036369225,0.40921262243935275
76,0,train,16,0.16230041723640623,0.40286525940617696,0.16636986517792235,0.40788462238471596
76,1,train,14,0.17043931311943844,0.41284296423632855,0.16636986517792235,0.40788462238471596
76,-1,train,30,0.16636986517792235,0.40788462238471596,0.16636986517792235,0.40788462238471596
77,0,train,16,0.1686766046591213,0.41070257444910335,0.16420531513548436,0.4052225501320038
77,1,train,14,0.15973402561184744,0.3996673937311467,0.16420531513548436,0.4052225501320038
77,-1,train,30,0.16420531513548436,0.4052225501320038,0.16420531513548436,0.4052225501320038
78,0,train,16,0.1621424303913649,0.40266913265280824,0.1629776836025288,0.4037049462200442
78,1,train,14,0.1638129368136927,0.40473810892192086,0.1629776836025288,0.4037049462200442
78,-1,train,30,0.1629776836025288,0.4037049462200442,0.1629776836025288,0.4037049462200442
79,0,train,16,0.13048792379113033,0.36123112240106103,0.16355415120184896,0.40441828742262503
79,1,train,14,0.19662037861256756,0.44341896510249484,0.16355415120184896,0.40441828742262503
79,-1,train,30,0.16355415120184896,0.40441828742262503,0.16355415120184896,0.40441828742262503
80,0,train,16,0.15086650731601392,0.38841537986543984,0.1604188435496617,0.4005232122482562
80,1,train,14,0.1699711797833095,0.4122756114340375,0.1604188435496617,0.4005232122482562
80,-1,train,30,0.1604188435496617,0.4005232122482562,0.1604188435496617,0.4005232122482562
81,0,train,16,0.1385617714708758,0.37223886346118645,0.15963632591154103,0.3995451487773829
81,1,train,14,0.18071088035220628,0.4251010237016682,0.15963632591154103,0.3995451487773829
81,-1,train,30,0.15963632591154103,0.3995451487773829,0.15963632591154103,0.3995451487773829
82,0,train,16,0.1731132039420642,0.41606874905724917,0.15549845165602225,0.3943329198228601
82,1,train,14,0.1378836993699803,0.3713269440398586,0.15549845165602225,0.3943329198228601
82,-1,train,30,0.15549845165602225,0.3943329198228601,0.15549845165602225,0.3943329198228601
83,0,train,16,0.14618053957999882,0.38233563733975784,0.15577942038478862,0.39468901730956313
83,1,train,14,0.1653783011895784,0.4066673102052566,0.15577942038478862,0.39468901730956313
83,-1,train,30,0.15577942038478862,0.39468901730956313,0.15577942038478862,0.39468901730956313
84,0,train,16,0.1672784330955178,0.4089968619629224,0.15262931087568107,0.3906780143234081
84,1,train,14,0.13798018865584435,0.3714568462901772,0.15262931087568107,0.3906780143234081
84,-1,train,30,0.15262931087568107,0.3906780143234081,0.15262931087568107,0.3906780143234081
85,0,train,16,0.16048942976784386,0.4006113200695206,0.15148660278219928,0.3892127988417124
85,1,train,14,0.14248377579655472,0.3774702316694056,0.15148660278219928,0.3892127988417124
85,-1,train,30,0.15148660278219928,0.3892127988417124,0.15148660278219928,0.3892127988417124
86,0,train,16,0.15432447488025322,0.39284153914810643,0.15030759980039898,0.3876952408792233
86,1,train,14,0.14629072472054472,0.38247970497863637,0.15030759980039898,0.3876952408792233
86,-1,train,30,0.15030759980039898,0.3876952408792233,0.15030759980039898,0.3876952408792233
87,0,train,16,0.14118121370989356,0.37574088639632175,0.14964072086863922,0.3868342291843358
87,1,train,14,0.15810022802738488,0.3976181937831629,0.14964072086863922,0.3868342291843358
87,-1,train,30,0.14964072086863922,0.3868342291843358,0.14964072086863922,0.3868342291843358
88,0,train,16,0.15866732680036397,0.3983306751938193,0.14678888620043584,0.3831303775484735
88,1,train,14,0.13491044560050774,0.36730157309832984,0.14678888620043584,0.3831303775484735
88,-1,train,30,0.14678888620043584,0.3831303775484735,0.14678888620043584,0.3831303775484735
89,0,train,16,0.11391057224917041,0.3375064032713608,0.1484187806093211,0.38525158093033324
89,1,train,14,0.1829269889694718,0.427699648082006,0.1484187806093211,0.38525158093033324
89,-1,train,30,0.1484187806093211,0.38525158093033324,0.1484187806093211,0.38525158093033324
90,0,train,16,0.09841059525029122,0.31370463058471293,0.14796910505712302,0.3846675253476995
90,1,train,14,0.19752761486395481,0.44444078892913824,0.14796910505712302,0.3846675253476995
90,-1,train,30,0.14796910505712302,0.3846675253476995,0.14796910505712302,0.3846675253476995
91,0,train,16,0.14793932285716124,0.38462881178762626,0.14286373081843587,0.3779731879623684
91,1,train,14,0.1377881387797105,0.37119824727456685,0.14286373081843587,0.3779731879623684
91,-1,train,30,0.14286373081843587,0.3779731879623684,0.14286373081843587,0.3779731879623684
92,0,train,16,0.1259398982749144,0.3548801181736086,0.14290294806911885,0.37802506275261544
92,1,train,14,0.15986599786332328,0.3998324622430291,0.14290294806911885,0.37802506275261544
92,-1,train,30,0.14290294806911885,0.37802506275261544,0.14290294806911885,0.37802506275261544
93,0,train,16,0.12371348649034346,0.351729280115181,0.14154112198782154,0.37621951303437406
93,1,train,14,0.1593687574852996,0.39921016706153617,0.14154112198782154,0.37621951303437406
93,-1,train,30,0.14154112198782154,0.37621951303437406,0.14154112198782154,0.37621951303437406
94,0,train,16,0.14177804145830397,0.3765342500467972,0.13874160652376055,0.37248034380858347
94,1,train,14,0.13570517158921716,0.36838182852743584,0.13874160652376055,0.37248034380858347
94,-1,train,30,0.13874160652376055,0.37248034380858347,0.13874160652376055,0.37248034380858347
95,0,train,16,0.1425677687246101,0.3775814729626046,0.1371930859380191,0.37039585032505307
95,1,train,14,0.1318184031514281,0.36306804204092114,0.1371930859380191,0.37039585032505307
95,-1,train,30,0.1371930859380191,0.37039585032505307,0.1371930859380191,0.37039585032505307
96,0,train,16,0.09948515180433189,0.3154126690612346,0.13879809729829864,0.372556166635715
96,1,train,14,0.17811104279226542,0.4220320400067576,0.13879809729829864,0.372556166635715
96,-1,train,30,0.13879809729829864,0.372556166635715,0.13879809729829864,0.372556166635715
97,0,train,16,0.12791304349487623,0.3576493303431117,0.1352967842251444,0.3678271118679867
97,1,train,14,0.14268052495541256,0.37773075722717175,0.1352967842251444,0.3678271118679867
97,-1,train,30,0.1352967842251444,0.3678271118679867,0.1352967842251444,0.3678271118679867
98,0,train,16,0.11724264694047283,0.3424071362288947,0.13460848350520424,0.36689028810422913
98,1,train,14,0.15197432006993564,0.3898388385858131,0.13460848350520424,0.36689028810422913
98,-1,train,30,0.13460848350520424,0.36689028810422913,0.13460848350520424,0.36689028810422913
99,0,train,16,0.14777003128015245,0.38440867742566953,0.1309887610880708,0.36192369511828154
99,1,train,14,0.11420749089598918,0.33794598813418275,0.1309887610880708,0.36192369511828154
99,-1,train,30,0.1309887610880708,0.36192369511828154,0.1309887610880708,0.36192369511828154
100,0,train,16,0.12456399041657622,0.3529362412909394,0.13122202059525612,0.3622458013493823
100,1,train,14,0.137880050773936,0.37132203109152573,0.13122202059525612,0.3622458013493823
100,-1,train,30,0.13122202059525612,0.3622458013493823,0.13122202059525612,0.3622458013493823
101,0,train,16,0.10340512641786692,0.321566674918075,0.13132198336191764,0.3623837515147687
101,1,train,14,0.15923884030596835,0.39904741611238176,0.13132198336191764,0.3623837515147687
101,-1,train,30,0.13132198336191764,0.3623837515147687,0.13132198336191764,0.3623837515147687
102,0,train,16,0.16236100842844176,0.402940452707893,0.12571302156699385,0.3545603214785798
102,1,train,14,0.08906503470554594,0.29843765631291563,0.12571302156699385,0.3545603214785798
102,-1,train,30,0.12571302156699385,0.3545603214785798,0.12571302156699385,0.3545603214785798
103,0,train,16,0.10218466534474087,0.3196633625311804,0.12862227168332596,0.358639473124928
103,1,train,14,0.15505987802191107,0.39377643152163266,0.12862227168332596,0.358639473124928
103,-1,train,30,0.12862227168332596,0.358639473124928,0.12862227168332596,0.358639473124928
104,0,train,16,0.1392624176791382,0.37317880121885033,0.12459653197049358,0.3529823394597718
104,1,train,14,0.109930646261849,0.3315579078560018,0.12459653197049358,0.3529823394597718
104,-1,train,30,0.12459653197049358,0.3529823394597718,0.12459653197049358,0.3529823394597718
105,0,train,16,0.1159353656367094,0.3404928275848251,0.12489697019612289,0.35340765441077093
105,1,train,14,0.13385857475553636,0.36586688119524613,0.12489697019612289,0.35340765441077093
105,-1,train,30,0.12489697019612289,0.35340765441077093,0.12489697019612289,0.35340765441077093
106,0,train,16,0.1082243074178476,0.32897463035597074,0.12409544251034701,0.35227183042410165
106,1,train,14,0.13996657760284645,0.3741210734546324,0.12409544251034701,0.35227183042410165
106,-1,train,30,0.12409544251034701,0.35227183042410165,0.12409544251034701,0.35227183042410165
107,0,train,16,0.12634827386903083,0.3554550236936184,0.1214595156925467,0.3485104240801797
107,1,train,14,0.11657075751606256,0.3414246000452553,0.1214595156925467,0.3485104240801797
107,-1,train,30,0.1214595156925467,0.3485104240801797,0.1214595156925467,0.3485104240801797
108,0,train,16,0.08609404697057348,0.2934178709120722,0.12301242159124418,0.35073126691420625
108,1,train,14,0.15993079621191486,0.39991348590903364,0.12301242159124418,0.35073126691420625
108,-1,train,30,0.12301242159124418,0.35073126691420625,0.12301242159124418,0.35073126691420625
109,0,train,16,0.16044693241746266,0.40055827593180826,0.1163946911759205,0.3411666618764508
109,1,train,14,0.07234244993437833,0.26896551811408526,0.1163946911759205,0.3411666618764508
109,-1,train,30,0.1163946911759205,0.3411666618764508,0.1163946911759205,0.3411666618764508
110,0,train,16,0.10961664450791149,0.3310840444780018,0.11871687396595967,0.3445531511479175
110,1,train,14,0.12781710342400784,0.357515179291744,0.11871687396595967,0.3445531511479175
110,-1,train,30,0.11871687396595967,0.3445531511479175,0.11871687396595967,0.3445531511479175
111,0,train,16,0.10071507064674683,0.3173563779834066,0.11806383847584961,0.34360418867622905
111,1,train,14,0.13541260630495242,0.36798451911045443,0.11806383847584961,0.34360418867622905
111,-1,train,30,0.11806383847584961,0.34360418867622905,0.11806383847584961,0.34360418867622905
112,0,train,16,0.114744883672132,0.3387401418080414,0.1157857567198696,0.34027306199561197
112,1,train,14,0.1168266297676072,0.3417991073241813,0.1157857567198696,0.34027306199561197
112,-1,train,30,0.1157857567198696,0.34027306199561197,0.1157857567198696,0.34027306199561197
113,0,train,16,0.08127007499385618,0.2850790679686184,0.11692118966117543,0.3419374060572716
113,1,train,14,0.15257230432849467,0.3906050490309805,0.11692118966117543,0.3419374060572716
113,-1,train,30,0.11692118966117543,0.3419374060572716,0.11692118966117543,0.3419374060572716
114,0,train,16,0.08060183030282338,0.2839046147966309,0.11571402377713483,0.34016764069666416
114,1,train,14,0.1508262172514463,0.38836351174054223,0.11571402377713483,0.34016764069666416
114,-1,train,30,0.11571402377713483,0.34016764069666416,0.11571402377713483,0.34016764069666416
115,0,train,16,0.1400272564930529,0.3742021599256916,0.1102374888594084,0.33202031392583253
115,1,train,14,0.08044772122576392,0.28363307498555934,0.1102374888594084,0.33202031392583253
115,-1,train,30,0.1102374888594084,0.33202031392583253,0.1102374888594084,0.33202031392583253
116,0,train,16,0.0851965351769583,0.2918844551821119,0.11292601025039001,0.3360446551433158
116,1,train,14,0.14065548532382172,0.37504064489575223,0.11292601025039001,0.3360446551433158
116,-1,train,30,0.11292601025039001,0.3360446551433158,0.11292601025039001,0.3360446551433158
117,0,train,16,0.1283891862530995,0.3583143679132885,0.1086343930716103,0.3295973195758884
117,1,train,14,0.08887959989012109,0.29812681846845157,0.1086343930716103,0.3295973195758884
117,-1,train,30,0.1086343930716103,0.3295973195758884,0.1086343930716103,0.3295973195758884
118,0,train,16,0.0894283835059852,0.29904578831005996,0.11021410020393252,0.3319850903337867
118,1,train,14,0.13099981690187984,0.3619389684765649,0.11021410020393252,0.3319850903337867
118,-1,train,30,0.11021410020393252,0.3319850903337867,0.11021410020393252,0.3319850903337867
119,0,train,16,0.08930968120469061,0.2988472539687969,0.10903689370626943,0.33020734956428427
119,1,train,14,0.12876410620784823,0.35883715834323543,0.10903689370626943,0.33020734956428427
119,-1,train,30,0.10903689370626943,0.33020734956428427,0.10903689370626943,0.33020734956428427
120,0,train,16,0.106295379431469,0.3260297216995239,0.10665105578371656,0.32657473231056405
120,1,train,14,0.10700673213596412,0.3271188348841505,0.10665105578371656,0.32657473231056405
120,-1,train,30,0.10665105578371656,0.32657473231056405,0.10665105578371656,0.32657473231056405
121,0,train,16,0.0991748161128152,0.3149203329618702,0.10599837226513806,0.32557391213845444
121,1,train,14,0.1128219284174609,0.3358897563449366,0.10599837226513806,0.32557391213845444
121,-1,train,30,0.10599837226513806,0.32557391213845444,0.10599837226513806,0.32557391213845444
122,0,train,16,0.08792355940010783,0.296519070887705,0.10565280710627578,0.3250427773482681
122,1,train,14,0.12338205481244371,0.3512578181513455,0.10565280710627578,0.3250427773482681
122,-1,train,30,0.10565280710627578,0.3250427773482681,0.10565280710627578,0.3250427773482681
123,0,train,16,0.0933626155912276,0.30555296691609396,0.10412773966508365,0.32268830109733393
123,1,train,14,0.1148928637389397,0.33895849854951227,0.10412773966508365,0.32268830109733393
123,-1,train,30,0.10412773966508365,0.32268830109733393,0.10412773966508365,0.32268830109733393
124,0,train,16,0.06021135018210816,0.2453800117819464,0.10537499658819399,0.3246151515074335
124,1,train,14,0.15053864299427983,0.38799309658069925,0.10537499658819399,0.3246151515074335
124,-1,train,30,0.10537499658819399,0.3246151515074335,0.10537499658819399,0.3246151515074335
125,0,train,16,0.0831987428304495,0.28844192280327335,0.10261829426480619,0.32034090320283204
125,1,train,14,0.12203784569916287,0.3493391556913752,0.10261829426480619,0.32034090320283204
125,-1,train,30,0.10261829426480619,0.32034090320283204,0.10261829426480619,0.32034090320283204
126,0,train,16,0.1036211080558206,0.32190232688786297,0.10006427385456901,0.3163293755795832
126,1,train,14,0.09650743965331741,0.3106564656550985,0.10006427385456901,0.3163293755795832
126,-1,train,30,0.10006427385456901,0.3163293755795832,0.10006427385456901,0.3163293755795832
127,0,train,16,0.08714592897575217,0.29520489321105803,0.10015032743410979,0.3164653652994428
127,1,train,14,0.11315472589246739,0.3363847884379842,0.10015032743410979,0.3164653652994428
127,-1,train,30,0.10015032743410979,0.3164653652994428,0.10015032743410979,0.3164653652994428
128,0,train,16,0.09825567875983367,0.31345761876182504,0.09828496965756425,0.313504337541866
128,1,train,14,0.09831426055529484,0.3135510493608574,0.09828496965756425,0.313504337541866
128,-1,train,30,0.09828496965756425,0.313504337541866,0.09828496965756425,0.313504337541866
129,0,train,16,0.13728820771846956,0.3705242336453441,0.09444776142726202,0.30732354518855537
129,1,train,14,0.0516073151360545,0.22717243480681035,0.09444776142726202,0.30732354518855537
129,-1,train,30,0.09444776142726202,0.30732354518855537,0.09444776142726202,0.30732354518855537
130,0,train,16,0.08684092688679973,0.29468784652034724,0.09699089741089548,0.3114336163789893
130,1,train,14,0.10714086793499122,0.3273237967746788,0.09699089741089548,0.3114336163789893
130,-1,train,30,0.09699089741089548,0.3114336163789893,0.09699089741089548,0.3114336163789893
131,0,train,16,0.10543536352544525,0.32470812051047515,0.09462940634327208,0.30761893040460314
131,1,train,14,0.08382344916109889,0.289522795581106,0.09462940634327208,0.30761893040460314
131,-1,train,30,0.09462940634327208,0.30761893040460314,0.09462940634327208,0.30761893040460314
132,0,train,16,0.07294325019473136,0.2700800810773193,0.09592571636700599,0.3097187698009373
132,1,train,14,0.11890818253928062,0.3448306577717251,0.09592571636700599,0.3097187698009373
132,-1,train,30,0.09592571636700599,0.3097187698009373,0.09592571636700599,0.3097187698009373
133,0,train,16,0.0626510206966812,0.25030185915546294,0.09565198068969993,0.30927654403413773
133,1,train,14,0.12865294068271865,0.35868222799954647,0.09565198068969993,0.30927654403413773
133,-1,train,30,0.09565198068969993,0.30927654403413773,0.09565198068969993,0.30927654403413773
134,0,train,16,0.07905355188843215,0.2811646348466182,0.09348397734961514,0.30575149607093527
134,1,train,14,0.10791440281079812,0.328503276712422,0.09348397734961514,0.30575149607093527
134,-1,train,30,0.09348397734961514,0.30575149607093527,0.09348397734961514,0.30575149607093527
135,0,train,16,0.06164768701525325,0.24828952256439105,0.09374330373364842,0.30617528269546584
135,1,train,14,0.1258389204520436,0.3547378193145518,0.09374330373364842,0.30617528269546584
135,-1,train,30,0.09374330373364842,0.30617528269546584,0.09374330373364842,0.30617528269546584
136,0,train,16,0.11846920625483787,0.3441935592872677,0.08872260331298734,0.297863397068165
136,1,train,14,0.05897600037113683,0.24284974855069716,0.08872260331298734,0.297863397068165
136,-1,train,30,0.08872260331298734,0.297863397068165,0.08872260331298734,0.297863397068165
137,0,train,16,0.12967121551693148,0.3600988968560324,0.08697913324787733,0.2949222494961635
137,1,train,14,0.044287050978823184,0.21044488822212618,0.08697913324787733,0.2949222494961635
137,-1,train,30,0.08697913324787733,0.2949222494961635,0.08697913324787733,0.2949222494961635
138,0,train,16,0.05085970138927004,0.2255209555435371,0.09164389389423731,0.3027274250778038
138,1,train,14,0.1324280863992046,0.3639067001295862,0.09164389389423731,0.3027274250778038
138,-1,train,30,0.09164389389423731,0.3027274250778038,0.09164389389423731,0.3027274250778038
139,0,train,16,0.10754273029679379,0.32793708283265827,0.08667107928157472,0.29439952323598406
139,1,train,14,0.06579942826635564,0.2565139923402925,0.08667107928157472,0.29439952323598406
139,-1,train,30,0.08667107928157472,0.29439952323598406,0.08667107928157472,0.29439952323598406
140,0,train,16,0.09767298859029212,0.3125267805969468,0.08645440167912952,0.29403129370719966
140,1,train,14,0.07523581476796692,0.27429147775307733,0.08645440167912952,0.29403129370719966
140,-1,train,30,0.08645440167912952,0.29403129370719966,0.08645440167912952,0.29403129370719966
141,0,train,16,0.10378314244106003,0.32215391110625996,0.08512240297545401,0.29175743859489517
141,1,train,14,0.06646166350984797,0.25780159718249995,0.08512240297545401,0.29175743859489517
141,-1,train,30,0.08512240297545401,0.29175743859489517,0.08512240297545401,0.29175743859489517
142,0,train,16,0.11136753056737635,0.33371774086400674,0.08368349375221518,0.28928099445386174
142,1,train,14,0.055999456937054,0.23664204389130433,0.08368349375221518,0.28928099445386174
142,-1,train,30,0.08368349375221518,0.28928099445386174,0.08368349375221518,0.28928099445386174
143,0,train,16,0.10917552446140949,0.33041719758724647,0.08296516133382949,0.2880367360838362
143,1,train,14,0.05675479820624949,0.23823265562523013,0.08296516133382949,0.2880367360838362
143,-1,train,30,0.08296516133382949,0.2880367360838362,0.08296516133382949,0.2880367360838362
144,0,train,16,0.12084471527131506,0.34762726485607404,0.08127266038744985,0.2850836024527715
144,1,train,14,0.041700605503584634,0.20420726114314505,0.08127266038744985,0.2850836024527715
144,-1,train,30,0.08127266038744985,0.2850836024527715,0.08127266038744985,0.2850836024527715
145,0,train,16,0.08295898005721165,0.2880260058696292,0.08311622602393555,0.28829884846099463
145,1,train,14,0.08327347199065945,0.2885714330814113,0.08311622602393555,0.28829884846099463
145,-1,train,30,0.08311622602393555,0.28829884846099463,0.08311622602393555,0.28829884846099463
146,0,train,16,0.05025627550802229,0.22417911478998725,0.0846150436682303,0.29088665089383237
146,1,train,14,0.11897381182843832,0.3449258062662727,0.0846150436682303,0.29088665089383237
146,-1,train,30,0.0846150436682303,0.29088665089383237,0.0846150436682303,0.29088665089383237
147,0,train,16,0.1002753709669425,0.31666286641622904,0.08022455102878312,0.28323938820154076
147,1,train,14,0.060173731090623725,0.24530334504572848,0.08022455102878312,0.28323938820154076
147,-1,train,30,0.08022455102878312,0.28323938820154076,0.08022455102878312,0.28323938820154076
148,0,train,16,0.07162859067275872,0.26763518205340403,0.08145190473382377,0.28539780085667055
148,1,train,14,0.09127521879488883,0.302117888902476,0.08145190473382377,0.28539780085667055
148,-1,train,30,0.08145190473382377,0.28539780085667055,0.08145190473382377,0.28539780085667055
149,0,train,16,0.06755877348226173,0.25992070614374246,0.08094175961138536,0.28450265308321004
149,1,train,14,0.094324745740509,0.30712333962190014,0.08094175961138536,0.28450265308321004
149,-1,train,30,0.08094175961138536,0.28450265308321004,0.08094175961138536,0.28450265308321004
150,0,train,16,0.07993685345164958,0.28273106205659393,0.07927406540453483,0.2815565048165906
150,1,train,14,0.07861127735742007,0.28037702715704094,0.07927406540453483,0.2815565048165906
150,-1,train,30,0.07927406540453483,0.2815565048165906,0.07927406540453483,0.2815565048165906
151,0,train,16,0.08871983697103619,0.29785875338998546,0.0778753262451484,0.2790615097879828
151,1,train,14,0.06703081551926061,0.2589031006366293,0.0778753262451484,0.2790615097879828
151,-1,train,30,0.0778753262451484,0.2790615097879828,0.0778753262451484,0.2790615097879828
152,0,train,16,0.08040780247830327,0.28356269585102917,0.07770731791303821,0.27876032341966855
152,1,train,14,0.07500683334777315,0.27387375439748357,0.07770731791303821,0.27876032341966855
152,-1,train,30,0.07770731791303821,0.27876032341966855,0.07770731791303821,0.27876032341966855
153,0,train,16,0.10760509736261208,0.32803215903720795,0.07502172882732684,0.27390094710921836
153,1,train,14,0.042438360292041614,0.20600572878452098,0.07502172882732684,0.27390094710921836
153,-1,train,30,0.07502172882732684,0.27390094710921836,0.07502172882732684,0.27390094710921836
154,0,train,16,0.07540458128988414,0.27459894626506515,0.07657530548360429,0.2767224340085283
154,1,train,14,0.07774602967732444,0.2788297503447658,0.07657530548360429,0.2767224340085283
154,-1,train,30,0.07657530548360429,0.2767224340085283,0.07657530548360429,0.2767224340085283
155,0,train,16,0.08151715136778592,0.28551208620264384,0.07541715154915066,0.2746218337080114
155,1,train,14,0.0693171517305154,0.2632815066245926,0.07541715154915066,0.2746218337080114
155,-1,train,30,0.07541715154915066,0.2746218337080114,0.07541715154915066,0.2746218337080114
156,0,train,16,0.07697695869665765,0.2774472178571226,0.07502911636540412,0.2739144325613459
156,1,train,14,0.07308127403415059,0.2703354842305216,0.07502911636540412,0.2739144325613459
156,-1,train,30,0.07502911636540412,0.2739144325613459,0.07502911636540412,0.2739144325613459
157,0,train,16,0.09164598895515856,0.30273088536711706,0.07328698814260395,0.27071569615115404
157,1,train,14,0.05492798733004936,0.2343672061745187,0.07328698814260395,0.27071569615115404
157,-1,train,30,0.07328698814260395,0.27071569615115404,0.07328698814260395,0.27071569615115404
158,0,train,16,0.05235294985825418,0.22880767001622604,0.07539679856120003,0.27458477481681326
158,1,train,14,0.09844064726414588,0.31375252551038674,0.07539679856120003,0.27458477481681326
158,-1,train,30,0.07539679856120003,0.27458477481681326,0.07539679856120003,0.27458477481681326
159,0,train,16,0.06927690604732178,0.26320506463083454,0.0735165448497572,0.27113934581642185
159,1,train,14,0.07775618365219261,0.27884795794875855,0.0735165448497572,0.27113934581642185
159,-1,train,30,0.0735165448497572,0.27113934581642185,0.0735165448497572,0.27113934581642185
160,0,train,16,0.0989933310421448,0.3146320566028592,0.0707423328397552,0.26597430860847293
160,1,train,14,0.042491334637365596,0.20613426361807394,0.0707423328397552,0.26597430860847293
160,-1,train,30,0.0707423328397552,0.26597430860847293,0.0707423328397552,0.26597430860847293
161,0,train,16,0.07216296845599658,0.26863165944466894,0.07200074685256808,0.26832954897395866
161,1,train,14,0.07183852524913956,0.26802709797544644,0.07200074685256808,0.26832954897395866
161,-1,train,30,0.07200074685256808,0.26832954897395866,0.07200074685256808,0.26832954897395866
162,0,train,16,0.0480195759406637,0.21913369421579992,0.07308369335772977,0.2703399588624104
162,1,train,14,0.09814781077479584,0.31328550999814186,0.07308369335772977,0.2703399588624104
162,-1,train,30,0.07308369335772977,0.2703399588624104,0.07308369335772977,0.2703399588624104
163,0,train,16,0.054565352521572554,0.23359227838602148,0.0719881428235357,0.2683060618464214
163,1,train,14,0.08941093312549885,0.2990166101163928,0.0719881428235357,0.2683060618464214
163,-1,train,30,0.0719881428235357,0.2683060618464214,0.0719881428235357,0.2683060618464214
164,0,train,16,0.052285507536308756,0.22866024476569766,0.07153694748364935,0.26746391809672077
164,1,train,14,0.09078838743098994,0.30131111401836796,0.07153694748364935,0.26746391809672077
164,-1,train,30,0.07153694748364935,0.26746391809672077,0.07153694748364935,0.26746391809672077
165,0,train,16,0.05418135481906427,0.23276888713714355,0.07080070757584224,0.2660840235261077
165,1,train,14,0.0874200603326202,0.29566883557896356,0.07080070757584224,0.2660840235261077
165,-1,train,30,0.07080070757584224,0.2660840235261077,0.07080070757584224,0.2660840235261077
166,0,train,16,0.06979506122013888,0.26418754932838695,0.06909992892655198,0.2628686533737942
166,1,train,14,0.06840479663296509,0.26154310664394326,0.06909992892655198,0.2628686533737942
166,-1,train,30,0.06909992892655198,0.2628686533737942,0.06909992892655198,0.2628686533737942
167,0,train,16,0.0618717239188643,0.24874027401863233,0.06907595521744844,0.2628230492507239
167,1,train,14,0.07628018651603259,0.2761886791960029,0.06907595521744844,0.2628230492507239
167,-1,train,30,0.06907595521744844,0.2628230492507239,0.06907595521744844,0.2628230492507239
168,0,train,16,0.07330006095072923,0.2707398399769218,0.06770332019358555,0.26019861681720285
168,1,train,14,0.06210657943644185,0.24921191672237877,0.06770332019358555,0.26019861681720285
168,-1,train,30,0.06770332019358555,0.26019861681720285,0.06770332019358555,0.26019861681720285
169,0,train,16,0.06418548669746538,0.2533485478495296,0.0677866340593147,0.2603586642678033
169,1,train,14,0.07138778142116403,0.26718491989849286,0.0677866340593147,0.2603586642678033
169,-1,train,30,0.0677866340593147,0.2603586642678033,0.0677866340593147,0.2603586642678033
170,0,train,16,0.06115455467305214,0.24729446955613896,0.06745884980064926,0.2597284154663276
170,1,train,14,0.07376314492824639,0.27159371297628815,0.06745884980064926,0.2597284154663276
170,-1,train,30,0.06745884980064926,0.2597284154663276,0.06745884980064926,0.2597284154663276
171,0,train,16,0.061408545358668874,0.24780747639784576,0.06690756227153836,0.25866496142991297
171,1,train,14,0.07240657918440785,0.2690847063368854,0.06690756227153836,0.25866496142991297
171,-1,train,30,0.06690756227153836,0.25866496142991297,0.06690756227153836,0.25866496142991297
172,0,train,16,0.08518077516439555,0.2918574569278564,0.06469421711397288,0.2543505791500638
172,1,train,14,0.04420765906355023,0.21025617485236964,0.06469421711397288,0.2543505791500638
172,-1,train,30,0.06469421711397288,0.2543505791500638,0.06469421711397288,0.2543505791500638
173,0,train,16,0.04124152201029513,0.20308008767551566,0.06730666676204203,0.25943528434282415
173,1,train,14,0.09337181151378893,0.30556801454633453,0.06730666676204203,0.25943528434282415
173,-1,train,30,0.06730666676204203,0.25943528434282415,0.06730666676204203,0.25943528434282415
174,0,train,16,0.05975050580907354,0.2444391658656066,0.06548147510067129,0.25589348389646677
174,1,train,14,0.07121244439226902,0.2668565989295918,0.06548147510067129,0.25589348389646677
174,-1,train,30,0.06548147510067129,0.25589348389646677,0.06548147510067129,0.25589348389646677
175,0,train,16,0.06842775956323628,0.26158700190039313,0.06437281863091981,0.25371799035724646
175,1,train,14,0.06031787769860336,0.24559698226689058,0.06437281863091981,0.25371799035724646
175,-1,train,30,0.06437281863091981,0.25371799035724646,0.06437281863091981,0.25371799035724646
176,0,train,16,0.06912646170465894,0.2629191162784839,0.0638469353029944,0.2526795110470859
176,1,train,14,0.058567408901329845,0.24200704308207613,0.0638469353029944,0.2526795110470859
176,-1,train,30,0.0638469353029944,0.2526795110470859,0.0638469353029944,0.2526795110470859
177,0,train,16,0.03560771467781266,0.18870006538899942,0.0657606728790737,0.25643843877054334
177,1,train,14,0.09591363108033474,0.30969925908909557,0.0657606728790737,0.25643843877054334
177,-1,train,30,0.0657606728790737,0.25643843877054334,0.0657606728790737,0.25643843877054334
178,0,train,16,0.08254041195516107,0.2872984718984093,0.06196156405113687,0.24892079875160467
178,1,train,14,0.041382716147112676,0.20342742230857833,0.06196156405113687,0.24892079875160467
178,-1,train,30,0.06196156405113687,0.24892079875160467,0.06196156405113687,0.24892079875160467
179,0,train,16,0.037147871846391935,0.19273783190228103,0.06473962153897293,0.2544398190908273
179,1,train,14,0.09233137123155394,0.303860776066201,0.06473962153897293,0.2544398190908273
179,-1,train,30,0.06473962153897293,0.2544398190908273,0.06473962153897293,0.2544398190908273
180,0,train,16,0.09288958752718694,0.30477793149633875,0.06034278945418281,0.24564769376931428
180,1,train,14,0.02779599138117867,0.16672129852295017,0.06034278945418281,0.24564769376931428
180,-1,train,30,0.06034278945418281,0.24564769376931428,0.06034278945418281,0.24564769376931428
181,0,train,16,0.05676960570912665,0.23826373141778553,0.06247179092545373,0.24994357548345533
181,1,train,14,0.0681739761417808,0.26110146713831545,0.06247179092545373,0.24994357548345533
181,-1,train,30,0.06247179092545373,0.24994357548345533,0.06247179092545373,0.24994357548345533
182,0,train,16,0.04499223766531497,0.21211373756858598,0.06288184484451828,0.2507625267948109
182,1,train,14,0.0807714520237216,0.2842031879197023,0.06288184484451828,0.2507625267948109
182,-1,train,30,0.06288184484451828,0.2507625267948109,0.06288184484451828,0.2507625267948109
183,0,train,16,0.0704553649274829,0.265434294934703,0.060643852096968695,0.2462597248779603
183,1,train,14,0.050832339266454495,0.22546028312422234,0.060643852096968695,0.2462597248779603
183,-1,train,30,0.060643852096968695,0.2462597248779603,0.060643852096968695,0.2462597248779603
184,0,train,16,0.06428842973767883,0.2535516313054973,0.060652727606272924,0.2462777448456781
184,1,train,14,0.05701702547486702,0.23878238099756652,0.060652727606272924,0.2462777448456781
184,-1,train,30,0.060652727606272924,0.2462777448456781,0.060652727606272924,0.2462777448456781
185,0,train,16,0.05462475206073152,0.2337193874301649,0.06092501522023197,0.24682993177536627
185,1,train,14,0.06722527837973241,0.25927838008544485,0.06092501522023197,0.24682993177536627
185,-1,train,30,0.06092501522023197,0.24682993177536627,0.06092501522023197,0.24682993177536627
186,0,train,16,0.07980294739913457,0.2824941546282588,0.058750884025833054,0.24238581647000934
186,1,train,14,0.03769882065253154,0.19416184139148335,0.058750884025833054,0.24238581647000934
186,-1,train,30,0.058750884025833054,0.24238581647000934,0.058750884025833054,0.24238581647000934
187,0,train,16,0.046297815704934166,0.215169272213609,0.060748005867145016,0.24647110554210003
187,1,train,14,0.07519819602935586,0.274222894794282,0.060748005867145016,0.24647110554210003
187,-1,train,30,0.060748005867145016,0.24647110554210003,0.060748005867145016,0.24647110554210003
188,0,train,16,0.058301616706378075,0.2414572771866238,0.059530210994165875,0.2439881369947438
188,1,train,14,0.060758805281953675,0.24649301264326678,0.059530210994165875,0.2439881369947438
188,-1,train,30,0.059530210994165875,0.2439881369947438,0.059530210994165875,0.2439881369947438
189,0,train,16,0.07695509265938531,0.27740780929776526,0.057861913489102634,0.2405450342224978
189,1,train,14,0.03876873431881995,0.19689777631761093,0.057861913489102634,0.2405450342224978
189,-1,train,30,0.057861913489102634,0.2405450342224978,0.057861913489102634,0.2405450342224978
190,0,train,16,0.05380227554783284,0.23195317533466284,0.05914174606299305,0.2431907606447931
190,1,train,14,0.06448121657815326,0.2539315194656883,0.05914174606299305,0.2431907606447931
190,-1,train,30,0.05914174606299305,0.2431907606447931,0.05914174606299305,0.2431907606447931
191,0,train,16,0.08462102699944225,0.2908969353558787,0.05660309076430966,0.237914040704431
191,1,train,14,0.028585154529177065,0.16907144800106572,0.05660309076430966,0.237914040704431
191,-1,train,30,0.05660309076430966,0.237914040704431,0.05660309076430966,0.237914040704431
192,0,train,16,0.01936335117001266,0.13915225894685526,0.060918918479765,0.24681758138302262
192,1,train,14,0.10247448578951734,0.3201163628893677,0.060918918479765,0.24681758138302262
192,-1,train,30,0.060918918479765,0.24681758138302262,0.060918918479765,0.24681758138302262
193,0,train,16,0.04864331527815327,0.22055229601650778,0.05850574550018596,0.24187960951718515
193,1,train,14,0.06836817572221865,0.26147308795021074,0.05850574550018596,0.24187960951718515
193,-1,train,30,0.05850574550018596,0.24187960951718515,0.05850574550018596,0.24187960951718515
194,0,train,16,0.05079796922053933,0.22538404828323438,0.058034104465524095,0.2409026867129632
194,1,train,14,0.06527023971050887,0.2554804096413439,0.058034104465524095,0.2409026867129632
194,-1,train,30,0.058034104465524095,0.2409026867129632,0.058034104465524095,0.2409026867129632
195,0,train,16,0.05857512451305862,0.242022983439711,0.05717829324611075,0.23911983030713022
195,1,train,14,0.055781461979162866,0.2361809941107939,0.05717829324611075,0.23911983030713022
195,-1,train,30,0.05717829324611075,0.23911983030713022,0.05717829324611075,0.23911983030713022
196,0,train,16,0.0742584405074959,0.27250401925016793,0.05575375945949461,0.23612234002629784
196,1,train,14,0.03724907841149331,0.1930002031384768,0.05575375945949461,0.23612234002629784
196,-1,train,30,0.05575375945949461,0.23612234002629784,0.05575375945949461,0.23612234002629784
197,0,train,16,0.07748677571601904,0.27836446561301437,0.05523780498178178,0.23502724306297298
197,1,train,14,0.03298883424754452,0.1816282859235987,0.05523780498178178,0.23502724306297298
197,-1,train,30,0.05523780498178178,0.23502724306297298,0.05523780498178178,0.23502724306297298
198,0,train,16,0.040641806555937056,0.20159813133046908,0.05756235602573509,0.23992156223594222
198,1,train,14,0.07448290549553312,0.272915564773307,0.05756235602573509,0.23992156223594222
198,-1,train,30,0.05756235602573509,0.23992156223594222,0.05756235602573509,0.23992156223594222
199,0,train,16,0.058262561433692545,0.2413763895531055,0.05603101623303763,0.23670871600563767
199,1,train,14,0.05379947103238271,0.23194712982139423,0.05603101623303763,0.23670871600563767
199,-1,train,30,0.05603101623303763,0.23670871600563767,0.05603101623303763,0.23670871600563767
200,0,train,16,0.06486641100302626,0.2546888513520493,0.05529644193148593,0.23515195498121194
200,1,train,14,0.0457264728599456,0.21383749170794536,0.05529644193148593,0.23515195498121194
200,-1,train,30,0.05529644193148593,0.23515195498121194,0.05529644193148593,0.23515195498121194
201,0,train,16,0.06647573590346144,0.2578288888070176,0.05491123951857793,0.23433147359793122
201,1,train,14,0.043346743133694424,0.20819880675377184,0.05491123951857793,0.23433147359793122
201,-1,train,30,0.05491123951857793,0.23433147359793122,0.05491123951857793,0.23433147359793122
202,0,train,16,0.0571802835279697,0.23912399195390183,0.05531727126818885,0.2351962399108218
202,1,train,14,0.053454259008408,0.2312017712051705,0.05531727126818885,0.2351962399108218
202,-1,train,30,0.05531727126818885,0.2351962399108218,0.05531727126818885,0.2351962399108218
203,0,train,16,0.016395175166616958,0.12804364555344774,0.05796943698296353,0.24076843020413521
203,1,train,14,0.0995436987993101,0.315505465561708,0.05796943698296353,0.24076843020413521
203,-1,train,30,0.05796943698296353,0.24076843020413521,0.05796943698296353,0.24076843020413521
204,0,train,16,0.05998535457659809,0.2449190776084993,0.05462461058313643,0.23371908476445913
204,1,train,14,0.04926386658967478,0.22195464984918603,0.05462461058313643,0.23371908476445913
204,-1,train,30,0.05462461058313643,0.23371908476445913,0.05462461058313643,0.23371908476445913
205,0,train,16,0.04974657852567856,0.22303941025226587,0.05511331864820919,0.23476225984644378
205,1,train,14,0.06048005877073982,0.24592693787127068,0.05511331864820919,0.23476225984644378
205,-1,train,30,0.05511331864820919,0.23476225984644378,0.05511331864820919,0.23476225984644378
206,0,train,16,0.05742868196966897,0.23964282165270248,0.054333378950410884,0.23309521434471983
206,1,train,14,0.051238075931152795,0.22635829105900404,0.054333378950410884,0.23309521434471983
206,-1,train,30,0.054333378950410884,0.23309521434471983,0.054333378950410884,0.23309521434471983
207,0,train,16,0.040688696854652366,0.20171439426737092,0.05529968675497865,0.23515885429849043
207,1,train,14,0.06991067665530494,0.2644062719666554,0.05529968675497865,0.23515885429849043
207,-1,train,30,0.05529968675497865,0.23515885429849043,0.05529968675497865,0.23515885429849043
208,0,train,16,0.051287147501833164,0.22646665869799282,0.05432482609503368,0.23307686735288358
208,1,train,14,0.05736250468823421,0.23950470702730292,0.05432482609503368,0.23307686735288358
208,-1,train,30,0.05432482609503368,0.23307686735288358,0.05432482609503368,0.23307686735288358
209,0,train,16,0.08191850322425134,0.28621408634840345,0.051944340633520575,0.22791301111064408
209,1,train,14,0.0219701780427898,0.14822340585342722,0.051944340633520575,0.22791301111064408
209,-1,train,30,0.051944340633520575,0.22791301111064408,0.051944340633520575,0.22791301111064408
210,0,train,16,0.04993646085263758,0.2234646747310133,0.05400107114790869,0.23238130550435568
210,1,train,14,0.0580656814431798,0.240968216665974,0.05400107114790869,0.23238130550435568
210,-1,train,30,0.05400107114790869,0.23238130550435568,0.05400107114790869,0.23238130550435568
211,0,train,16,0.04085691263522312,0.20213092943738997,0.0544405984851667,0.2333250918464765
211,1,train,14,0.06802428433511028,0.26081465513868324,0.0544405984851667,0.2333250918464765
211,-1,train,30,0.0544405984851667,0.2333250918464765,0.0544405984851667,0.2333250918464765
212,0,train,16,0.045556520836111274,0.2134397358415515,0.053911791649745786,0.23218912905161126
212,1,train,14,0.062267062463380304,0.24953369003679704,0.053911791649745786,0.23218912905161126
212,-1,train,30,0.053911791649745786,0.23218912905161126,0.053911791649745786,0.23218912905161126
213,0,train,16,0.014215207618010773,0.11922754555055964,0.05595556474377539,0.23654928607750095
213,1,train,14,0.09769592186954,0.3125634685460539,0.05595556474377539,0.23654928607750095
213,-1,train,30,0.05595556474377539,0.23654928607750095,0.05595556474377539,0.23654928607750095
214,0,train,16,0.045649893404752916,0.213658356739803,0.053528783317107156,0.23136288232365007
214,1,train,14,0.0614076732294614,0.2478057167005261,0.053528783317107156,0.23136288232365007
214,-1,train,30,0.053528783317107156,0.23136288232365007,0.053528783317107156,0.23136288232365007
215,0,train,16,0.032967545619698856,0.18156967153051431,0.05424462678537946,0.23290475904407676
215,1,train,14,0.07552170795106006,0.2748121321031152,0.05424462678537946,0.23290475904407676
215,-1,train,30,0.05424462678537946,0.23290475904407676,0.05424462678537946,0.23290475904407676
216,0,train,16,0.05265097017978584,0.2294579921898251,0.05266344490707053,0.22948517361056361
216,1,train,14,0.052675919634355216,0.2295123518121742,0.05266344490707053,0.22948517361056361
216,-1,train,30,0.05266344490707053,0.22948517361056361,0.05266344490707053,0.22948517361056361
217,0,train,16,0.06364805301629665,0.25228565757152477,0.05172300549106844,0.22742692340852794
217,1,train,14,0.039797957965840215,0.19949425547077845,0.05172300549106844,0.22742692340852794
217,-1,train,30,0.05172300549106844,0.22742692340852794,0.05172300549106844,0.22742692340852794
218,0,train,16,0.05952407236432822,0.24397555689930953,0.051835553549540975,0.22767422680123672
218,1,train,14,0.04414703473475373,0.21011195761963128,0.051835553549540975,0.22767422680123672
218,-1,train,30,0.051835553549540975,0.22767422680123672,0.051835553549540975,0.22767422680123672
219,0,train,16,0.03042755588356057,0.17443496175813084,0.0537457045259034,0.23183119834462187
219,1,train,14,0.07706385316824624,0.27760377009011644,0.0537457045259034,0.23183119834462187
219,-1,train,30,0.0537457045259034,0.23183119834462187,0.0537457045259034,0.23183119834462187
220,0,train,16,0.041490397343821483,0.20369191771845413,0.05279603394054507,0.22977387567028823
220,1,train,14,0.06410167053726866,0.25318307711470106,0.05279603394054507,0.22977387567028823
220,-1,train,30,0.05279603394054507,0.22977387567028823,0.05279603394054507,0.22977387567028823
221,0,train,16,0.04792807263690212,0.21892481046446546,0.052189283217389484,0.2284497389304472
221,1,train,14,0.05645049379787684,0.23759312657961476,0.052189283217389484,0.2284497389304472
221,-1,train,30,0.052189283217389484,0.2284497389304472,0.052189283217389484,0.2284497389304472
222,0,train,16,0.05720914958774916,0.23918434227128907,0.05136671088628506,0.2266422530912651
222,1,train,14,0.04552427218482096,0.21336417737010344,0.05136671088628506,0.2266422530912651
222,-1,train,30,0.05136671088628506,0.2266422530912651,0.05136671088628506,0.2266422530912651
223,0,train,16,0.0552124631434289,0.2349733243230578,0.051363440949876896,0.2266350391044529
223,1,train,14,0.04751441875632489,0.2179780235627548,0.051363440949876896,0.2266350391044529
223,-1,train,30,0.051363440949876896,0.2266350391044529,0.051363440949876896,0.2266350391044529
224,0,train,16,0.03602693438701169,0.18980762468091658,0.05258829334388253,0.22932137568025038
224,1,train,14,0.06914965230075336,0.26296321472927225,0.05258829334388253,0.22932137568025038
224,-1,train,30,0.05258829334388253,0.22932137568025038,0.05258829334388253,0.22932137568025038
225,0,train,16,0.0751308958914567,0.27410015667900794,0.04968393406768934,0.22289893240589856
225,1,train,14,0.02423697224392198,0.15568227980063107,0.04968393406768934,0.22289893240589856
225,-1,train,30,0.04968393406768934,0.22289893240589856,0.04968393406768934,0.22289893240589856
226,0,train,16,0.05134753038697776,0.22659993465792913,0.05121695727095301,0.22631163750667577
226,1,train,14,0.05108638415492826,0.22602297262651924,0.05121695727095301,0.22631163750667577
226,-1,train,30,0.05121695727095301,0.22631163750667577,0.05121695727095301,0.22631163750667577
227,0,train,16,0.03929780215958211,0.19823673261931582,0.05194137381706425,0.22790650235801577
227,1,train,14,0.06458494547454639,0.2541356831980633,0.05194137381706425,0.22790650235801577
227,-1,train,30,0.05194137381706425,0.22790650235801577,0.05194137381706425,0.22790650235801577
228,0,train,16,0.06522691267962644,0.2553956003529161,0.049973788804065916,0.22354818005089175
228,1,train,14,0.034720664928505396,0.18633481942059404,0.049973788804065916,0.22354818005089175
228,-1,train,30,0.049973788804065916,0.22354818005089175,0.049973788804065916,0.22354818005089175
229,0,train,16,0.05642001519682597,0.2375289775939474,0.05047596148654454,0.22466855918562467
229,1,train,14,0.04453190777626311,0.21102584622804646,0.05047596148654454,0.22466855918562467
229,-1,train,30,0.05047596148654454,0.22466855918562467,0.05047596148654454,0.22466855918562467
230,0,train,16,0.04320239471646419,0.20785185762091277,0.05128911299802855,0.2264709981388976
230,1,train,14,0.059375831279592915,0.24367156436398751,0.05128911299802855,0.2264709981388976
230,-1,train,30,0.05128911299802855,0.2264709981388976,0.05128911299802855,0.2264709981388976
231,0,train,16,0.03933102561965605,0.19832051235224268,0.05144516707415828,0.22681527081340505
231,1,train,14,0.0635593085286605,0.2521097152603614,0.05144516707415828,0.22681527081340505
231,-1,train,30,0.05144516707415828,0.22681527081340505,0.05144516707415828,0.22681527081340505
232,0,train,16,0.05892489427371649,0.24274450410610018,0.04994885168821353,0.22349239738347595
232,1,train,14,0.04097280910271056,0.20241741304223448,0.04994885168821353,0.22349239738347595
232,-1,train,30,0.04994885168821353,0.22349239738347595,0.04994885168821353,0.22349239738347595
233,0,train,16,0.05825571625088721,0.2413622096577822,0.049874580871632324,0.22332617596607954
233,1,train,14,0.04149344549237743,0.20369939983313015,0.049874580871632324,0.22332617596607954
233,-1,train,30,0.049874580871632324,0.22332617596607954,0.049874580871632324,0.22332617596607954
234,0,train,16,0.06309629522461123,0.25118975939438937,0.049417960242946334,0.22230150751388605
234,1,train,14,0.03573962526128144,0.18904926675679395,0.049417960242946334,0.22230150751388605
234,-1,train,30,0.049417960242946334,0.22230150751388605,0.049417960242946334,0.22230150751388605
235,0,train,16,0.058000493630579464,0.2408329164183739,0.049671302037887784,0.22287059482553498
235,1,train,14,0.041342110445196104,0.20332759390991698,0.049671302037887784,0.22287059482553498
235,-1,train,30,0.049671302037887784,0.22287059482553498,0.049671302037887784,0.22287059482553498
236,0,train,16,0.04346770134196312,0.20848909166180163,0.05059797347422519,0.2249399330359667
236,1,train,14,0.057728245606487254,0.2402670297949497,0.05059797347422519,0.2249399330359667
236,-1,train,30,0.05059797347422519,0.2249399330359667,0.05059797347422519,0.2249399330359667
237,0,train,16,0.057844180943222016,0.24050817230028176,0.04947621130513907,0.22243248707223293
237,1,train,14,0.04110824166705613,0.2027516748810133,0.04947621130513907,0.22243248707223293
237,-1,train,30,0.04947621130513907,0.22243248707223293,0.04947621130513907,0.22243248707223293
238,0,train,16,0.017406194717503924,0.13193253850928482,0.05225875127423561,0.22860173068950201
238,1,train,14,0.0871113078309673,0.29514624820750696,0.05225875127423561,0.22860173068950201
238,-1,train,30,0.05225875127423561,0.22860173068950201,0.05225875127423561,0.22860173068950201
239,0,train,16,0.05000149819642156,0.2236101477939263,0.04983747266649709,0.22324307977291724
239,1,train,14,0.04967344713657261,0.22287540720450205,0.04983747266649709,0.22324307977291724
239,-1,train,30,0.04983747266649709,0.22324307977291724,0.04983747266649709,0.22324307977291724
240,0,train,16,0.029306651808720222,0.17119185672432033,0.051214800536672836,0.22630687249103337
240,1,train,14,0.07312294926462545,0.27041255382216534,0.051214800536672836,0.22630687249103337
240,-1,train,30,0.051214800536672836,0.22630687249103337,0.051214800536672836,0.22630687249103337
241,0,train,16,0.030815985245783956,0.17554482403586827,0.05101453567660048,0.22586397604886105
241,1,train,14,0.071213086107417,0.26685780128640985,0.05101453567660048,0.22586397604886105
241,-1,train,30,0.05101453567660048,0.22586397604886105,0.05101453567660048,0.22586397604886105
242,0,train,16,0.027268132906277068,0.16513065404786922,0.05117887532513674,0.22622748578618104
242,1,train,14,0.07508961774399642,0.27402484877104927,0.05117887532513674,0.22622748578618104
242,-1,train,30,0.05117887532513674,0.22622748578618104,0.05117887532513674,0.22622748578618104
243,0,train,16,0.027702273022190072,0.16643999826420952,0.051056316372723,0.22595644795562486
243,1,train,14,0.07441035972325594,0.2727826235727927,0.051056316372723,0.22595644795562486
243,-1,train,30,0.051056316372723,0.22595644795562486,0.051056316372723,0.22595644795562486
244,0,train,16,0.04371823272373424,0.2090890545287683,0.049826442052857856,0.2232183730181229
244,1,train,14,0.055934651381981476,0.23650507686301678,0.049826442052857856,0.2232183730181229
244,-1,train,30,0.049826442052857856,0.2232183730181229,0.049826442052857856,0.2232183730181229
245,0,train,16,0.051470654449903036,0.22687144917310118,0.04919390253430916,0.22179698495315295
245,1,train,14,0.04691715061871528,0.21660367175723333,0.04919390253430916,0.22179698495315295
245,-1,train,30,0.04919390253430916,0.22179698495315295,0.04919390253430916,0.22179698495315295
246,0,train,16,0.030078540581328934,0.1734316596856783,0.05063163971468902,0.22501475443776797
246,1,train,14,0.07118473884804911,0.26680468295749443,0.05063163971468902,0.22501475443776797
246,-1,train,30,0.05063163971468902,0.22501475443776797,0.05063163971468902,0.22501475443776797
247,0,train,16,0.036113604240540435,0.1900357972607804,0.050118159496768275,0.22387085450493166
247,1,train,14,0.06412271475299611,0.2532246329901499,0.050118159496768275,0.22387085450493166
247,-1,train,30,0.050118159496768275,0.22387085450493166,0.050118159496768275,0.22387085450493166
248,0,train,16,0.011725719056853651,0.10828535938368423,0.05178405393062429,0.22756109933515503
248,1,train,14,0.09184238880439492,0.30305509202848735,0.05178405393062429,0.22756109933515503
248,-1,train,30,0.05178405393062429,0.22756109933515503,0.05178405393062429,0.22756109933515503
249,0,train,16,0.045885564426831706,0.21420916046432678,0.04926527460090342,0.22195782167092787
249,1,train,14,0.05264498477497514,0.22944494933420334,0.04926527460090342,0.22195782167092787
249,-1,train,30,0.04926527460090342,0.22195782167092787,0.04926527460090342,0.22195782167092787
250,0,train,16,0.04027464875656563,0.20068544729642365,0.04958943145092405,0.2226868461560405
250,1,train,14,0.05890421414528246,0.2427019038765095,0.04958943145092405,0.2226868461560405
250,-1,train,30,0.04958943145092405,0.2226868461560405,0.04958943145092405,0.2226868461560405
251,0,train,16,0.0602030628875814,0.24536312454723386,0.04810695552433237,0.21933297865194
251,1,train,14,0.03601084816108334,0.18976524487134977,0.04810695552433237,0.21933297865194
251,-1,train,30,0.04810695552433237,0.21933297865194,0.04810695552433237,0.21933297865194
252,0,train,16,0.04176095589255282,0.20435497520871082,0.049338019978226365,0.2221216332963234
252,1,train,14,0.05691508406389991,0.23856882458506584,0.049338019978226365,0.2221216332963234
252,-1,train,30,0.049338019978226365,0.2221216332963234,0.049338019978226365,0.2221216332963234
253,0,train,16,0.06039852893141399,0.24576112168407352,0.047945777744031776,0.21896524323287422
253,1,train,14,0.035493026556649564,0.18839593030808696,0.047945777744031776,0.21896524323287422
253,-1,train,30,0.047945777744031776,0.21896524323287422,0.047945777744031776,0.21896524323287422
254,0,train,16,0.062924686046486,0.2508479341084674,0.04770614177542468,0.2184173568547717
254,1,train,14,0.032487597504363364,0.18024316215702432,0.04770614177542468,0.2184173568547717
254,-1,train,30,0.04770614177542468,0.2184173568547717,0.04770614177542468,0.2184173568547717
255,0,train,16,0.07522955217384875,0.2742800615681875,0.046759492511798145,0.21623943329512807
255,1,train,14,0.01828943284974754,0.13523842963354588,0.046759492511798145,0.21623943329512807
255,-1,train,30,0.046759492511798145,0.21623943329512807,0.046759492511798145,0.21623943329512807
256,0,train,16,0.04481412265590015,0.21169346389508617,0.04884704573089281,0.22101367770093508
256,1,train,14,0.05287996880588547,0.2299564498027517,0.04884704573089281,0.22101367770093508
256,-1,train,30,0.04884704573089281,0.22101367770093508,0.04884704573089281,0.22101367770093508
257,0,train,16,0.06133515368910861,0.2476593500942547,0.047610515829271054,0.21819834057405443
257,1,train,14,0.0338858779694335,0.18408117222962672,0.047610515829271054,0.21819834057405443
257,-1,train,30,0.047610515829271054,0.21819834057405443,0.047610515829271054,0.21819834057405443
258,0,train,16,0.04432980300541311,0.21054643907084514,0.04875572481629864,0.2208069854336557
258,1,train,14,0.05318164662718418,0.23061146248004277,0.04875572481629864,0.2208069854336557
258,-1,train,30,0.04875572481629864,0.2208069854336557,0.04875572481629864,0.2208069854336557
259,0,train,16,0.04749702276197321,0.21793811681753425,0.04847055870512806,0.22016030229159855
259,1,train,14,0.04944409464828291,0.2223602811841245,0.04847055870512806,0.22016030229159855
259,-1,train,30,0.04847055870512806,0.22016030229159855,0.04847055870512806,0.22016030229159855
260,0,train,16,0.06568535646991812,0.2562915458416803,0.047115540618816495,0.21706114488506803
260,1,train,14,0.028545724767714865,0.1689548009608335,0.047115540618816495,0.21706114488506803
260,-1,train,30,0.047115540618816495,0.21706114488506803,0.047115540618816495,0.21706114488506803
261,0,train,16,0.0423262599683183,0.20573346827465458,0.04872080944441,0.22072790816842802
261,1,train,14,0.05511535892050169,0.23476660520717527,0.04872080944441,0.22072790816842802
261,-1,train,30,0.04872080944441,0.22072790816842802,0.04872080944441,0.22072790816842802
262,0,train,16,0.07603510637526135,0.27574463979425123,0.04626866421411557,0.21510152071548813
262,1,train,14,0.01650222205296978,0.12846097482492408,0.04626866421411557,0.21510152071548813
262,-1,train,30,0.04626866421411557,0.21510152071548813,0.04626866421411557,0.21510152071548813
263,0,train,16,0.04822769975196576,0.21960805939665728,0.048185084533574174,0.21951101232870796
263,1,train,14,0.04814246931518258,0.21941392233671633,0.048185084533574174,0.21951101232870796
263,-1,train,30,0.048185084533574174,0.21951101232870796,0.048185084533574174,0.21951101232870796
264,0,train,16,0.07318570857899177,0.2705285725741216,0.04635719983033119,0.21530722196510546
264,1,train,14,0.019528691081670598,0.13974509322931736,0.04635719983033119,0.21530722196510546
264,-1,train,30,0.04635719983033119,0.21530722196510546,0.04635719983033119,0.21530722196510546
265,0,train,16,0.05510756811976234,0.23475001196967454,0.04758759441540462,0.21814580998819258
265,1,train,14,0.04006762071104689,0.2001689803916853,0.04758759441540462,0.21814580998819258
265,-1,train,30,0.04758759441540462,0.21814580998819258,0.04758759441540462,0.21814580998819258
266,0,train,16,0.04983405167779959,0.22323541761512575,0.047908290702772326,0.21887962605681766
266,1,train,14,0.04598252972774506,0.21443537424535408,0.047908290702772326,0.21887962605681766
266,-1,train,30,0.047908290702772326,0.21887962605681766,0.047908290702772326,0.21887962605681766
267,0,train,16,0.039842307936855954,0.19960538053082627,0.04856911837788981,0.22038402477922445
267,1,train,14,0.05729592881892366,0.23936568011919265,0.04856911837788981,0.22038402477922445
267,-1,train,30,0.04856911837788981,0.22038402477922445,0.04856911837788981,0.22038402477922445
268,0,train,16,0.018323672484997906,0.13536496032946602,0.050055388160355416,0.2237306151610803
268,1,train,14,0.08178710383571293,0.28598444684232904,0.050055388160355416,0.2237306151610803
268,-1,train,30,0.050055388160355416,0.2237306151610803,0.050055388160355416,0.2237306151610803
269,0,train,16,0.04947608072679593,0.22243219354849678,0.04778479331354636,0.21859733144196056
269,1,train,14,0.046093505900296795,0.2146939819843509,0.04778479331354636,0.21859733144196056
269,-1,train,30,0.04778479331354636,0.21859733144196056,0.04778479331354636,0.21859733144196056
270,0,train,16,0.07826487318214388,0.279758598048646,0.04570817362509057,0.2137946997123422
270,1,train,14,0.01315147406803726,0.11467987647376178,0.04570817362509057,0.2137946997123422
270,-1,train,30,0.04570817362509057,0.2137946997123422,0.04570817362509057,0.2137946997123422
271,0,train,16,0.012617176471200045,0.11232620562985311,0.05032444903733229,0.2243311147329596
271,1,train,14,0.08803172160346454,0.29670140141810003,0.05032444903733229,0.2243311147329596
271,-1,train,30,0.05032444903733229,0.2243311147329596,0.05032444903733229,0.2243311147329596
272,0,train,16,0.06578484368202844,0.25648556232667064,0.046484493956894885,0.21560262975412633
272,1,train,14,0.02718414423176132,0.1648761481590388,0.046484493956894885,0.21560262975412633
272,-1,train,30,0.046484493956894885,0.21560262975412633,0.046484493956894885,0.21560262975412633
273,0,train,16,0.046257953943160866,0.21507662342328343,0.04781665803557315,0.21867020381289526
273,1,train,14,0.04937536212798543,0.22220567528302562,0.04781665803557315,0.21867020381289526
273,-1,train,30,0.04781665803557315,0.21867020381289526,0.04781665803557315,0.21867020381289526
274,0,train,16,0.013004889320310584,0.11403898158222295,0.05014602029884649,0.22393307102535456
274,1,train,14,0.08728715127738239,0.2954439900850623,0.05014602029884649,0.22393307102535456
274,-1,train,30,0.05014602029884649,0.22393307102535456,0.05014602029884649,0.22393307102535456
275,0,train,16,0.07794813392659472,0.2791919302676829,0.045478323917760445,0.21325647450373095
275,1,train,14,0.013008513908926175,0.11405487235943133,0.045478323917760445,0.21325647450373095
275,-1,train,30,0.045478323917760445,0.21325647450373095,0.045478323917760445,0.21325647450373095
276,0,train,16,0.03600118161625219,0.18973977341678308,0.04840958960754782,0.22002179348316345
276,1,train,14,0.060817997598843446,0.24661305236917905,0.04840958960754782,0.22002179348316345
276,-1,train,30,0.04840958960754782,0.22002179348316345,0.04840958960754782,0.22002179348316345
277,0,train,16,0.030918691416278034,0.17583711615093678,0.048728176046315005,0.2207445946027105
277,1,train,14,0.06653766067635197,0.25794894974849575,0.048728176046315005,0.2207445946027105
277,-1,train,30,0.048728176046315005,0.2207445946027105,0.048728176046315005,0.2207445946027105
278,0,train,16,0.03076374317859464,0.1753959611239513,0.048696418374741805,0.22067264981130263
278,1,train,14,0.06662909357088898,0.2581261195053476,0.048696418374741805,0.22067264981130263
278,-1,train,30,0.048696418374741805,0.22067264981130263,0.048696418374741805,0.22067264981130263
279,0,train,16,0.030270213058201715,0.17398337006220368,0.0486890445143277,0.220655941488843
279,1,train,14,0.06710787597045369,0.2590518789170495,0.0486890445143277,0.220655941488843
279,-1,train,30,0.0486890445143277,0.220655941488843,0.0486890445143277,0.220655941488843
280,0,train,16,0.07870784390084129,0.2805491826771935,0.04520388075888685,0.2126120428359759
280,1,train,14,0.011699917616932409,0.10816615744738467,0.04520388075888685,0.2126120428359759
280,-1,train,30,0.04520388075888685,0.2126120428359759,0.04520388075888685,0.2126120428359759
281,0,train,16,0.04367172399488906,0.20897780742195823,0.04764603587065147,0.2182797193296974
281,1,train,14,0.051620347746413886,0.2272011173969307,0.04764603587065147,0.2182797193296974
281,-1,train,30,0.04764603587065147,0.2182797193296974,0.04764603587065147,0.2182797193296974
282,0,train,16,0.04375617607691756,0.2091797697601696,0.047598824288884886,0.21817154784454568
282,1,train,14,0.05144147250085221,0.22680712621267482,0.047598824288884886,0.21817154784454568
282,-1,train,30,0.047598824288884886,0.21817154784454568,0.047598824288884886,0.21817154784454568
283,0,train,16,0.055963074945921475,0.2365651600424743,0.04669770896542627,0.21609652696289747
283,1,train,14,0.03743234298493106,0.1934743987842605,0.04669770896542627,0.21609652696289747
283,-1,train,30,0.04669770896542627,0.21609652696289747,0.04669770896542627,0.21609652696289747
284,0,train,16,0.05254733935216698,0.22923206440672078,0.046887585473640137,0.21653541390183764
284,1,train,14,0.04122783159511329,0.20304637794137892,0.046887585473640137,0.21653541390183764
284,-1,train,30,0.046887585473640137,0.21653541390183764,0.046887585473640137,0.21653541390183764
285,0,train,16,0.04425009254908202,0.21035705966066845,0.047439033967773894,0.2178050365987295
285,1,train,14,0.050627975386465775,0.22500661187277538,0.047439033967773894,0.2178050365987295
285,-1,train,30,0.047439033967773894,0.2178050365987295,0.047439033967773894,0.2178050365987295
286,0,train,16,0.03580588951524072,0.18922444217183126,0.04800654413186204,0.21910395736239463
286,1,train,14,0.06020719874848336,0.2453715524433983,0.04800654413186204,0.21910395736239463
286,-1,train,30,0.04800654413186204,0.21910395736239463,0.04800654413186204,0.21910395736239463
287,0,train,16,0.05531007392487422,0.23518093869375176,0.04658076104176882,0.2158257654724496
287,1,train,14,0.03785144815866342,0.1945544863493603,0.04658076104176882,0.2158257654724496
287,-1,train,30,0.04658076104176882,0.2158257654724496,0.04658076104176882,0.2158257654724496
288,0,train,16,0.0400993243091974,0.2002481568184771,0.04761920165416938,0.21821824317450952
288,1,train,14,0.055139078999141354,0.2348171181986981,0.04761920165416938,0.21821824317450952
288,-1,train,30,0.04761920165416938,0.21821824317450952,0.04761920165416938,0.21821824317450952
289,0,train,16,0.013425727186360903,0.1158694402608423,0.04949196521316941,0.22246789703948167
289,1,train,14,0.08555820323997793,0.29250333885270086,0.04949196521316941,0.22246789703948167
289,-1,train,30,0.04949196521316941,0.22246789703948167,0.04949196521316941,0.22246789703948167
290,0,train,16,0.035442974987681,0.18826304732389998,0.04787285242893758,0.21879865728321457
290,1,train,14,0.06030272987019416,0.24556614153867826,0.04787285242893758,0.21879865728321457
290,-1,train,30,0.04787285242893758,0.21879865728321457,0.04787285242893758,0.21879865728321457
291,0,train,16,0.02613220088306076,0.16165457272549008,0.048499415240790815,0.22022582782405614
291,1,train,14,0.07086662959852087,0.26620786915213623,0.048499415240790815,0.22022582782405614
291,-1,train,30,0.048499415240790815,0.22022582782405614,0.048499415240790815,0.22022582782405614
292,0,train,16,0.0690481964159826,0.26277023502669133,0.04540908422562218,0.21309407365204266
292,1,train,14,0.021769972035261764,0.14754650804157232,0.04540908422562218,0.21309407365204266
292,-1,train,30,0.04540908422562218,0.21309407365204266,0.04540908422562218,0.21309407365204266
293,0,train,16,0.06493379089925112,0.2548210958677698,0.045661468217042825,0.2136854422206689
293,1,train,14,0.02638914553483453,0.16244736235111523,0.045661468217042825,0.2136854422206689
293,-1,train,30,0.045661468217042825,0.2136854422206689,0.045661468217042825,0.2136854422206689
294,0,train,16,0.030650924287437292,0.17507405372423776,0.04806220262326184,0.21923093445784936
294,1,train,14,0.0654734809590864,0.2558778633627505,0.04806220262326184,0.21923093445784936
294,-1,train,30,0.04806220262326184,0.21923093445784936,0.04806220262326184,0.21923093445784936
295,0,train,16,0.012115338871301722,0.11006970006001525,0.049352879369919625,0.22215507955011882
295,1,train,14,0.08659041986853754,0.29426250163508355,0.049352879369919625,0.22215507955011882
295,-1,train,30,0.049352879369919625,0.22215507955011882,0.049352879369919625,0.22215507955011882
296,0,train,16,0.042361633553190836,0.2058194197669181,0.04715755744163187,0.217157909000874
296,1,train,14,0.05195348133007291,0.2279330632665496,0.04715755744163187,0.217157909000874
296,-1,train,30,0.04715755744163187,0.217157909000874,0.04715755744163187,0.217157909000874
297,0,train,16,0.05641557762023961,0.23751963628348627,0.04611894967116649,0.21475322971067629
297,1,train,14,0.03582232172209337,0.18926785707587374,0.04611894967116649,0.21475322971067629
297,-1,train,30,0.04611894967116649,0.21475322971067629,0.04611894967116649,0.21475322971067629
298,0,train,16,0.07104507675299455,0.26654282348807395,0.04504100841479694,0.21222867010561258
298,1,train,14,0.019036940076599333,0.1379744181962705,0.04504100841479694,0.21222867010561258
298,-1,train,30,0.04504100841479694,0.21222867010561258,0.04504100841479694,0.21222867010561258
299,0,train,16,0.03348856381958022,0.18299880824633866,0.04767858569454858,0.21835426649037243
299,1,train,14,0.06186860756951693,0.2487340096760331,0.04767858569454858,0.21835426649037243
299,-1,train,30,0.04767858569454858,0.21835426649037243,0.04767858569454858,0.21835426649037243
300,0,train,16,0.07173765056770347,0.26783885186377177,0.044926714602673404,0.21195922863294583
300,1,train,14,0.018115778637643347,0.13459486854127592,0.044926714602673404,0.21195922863294583
300,-1,train,30,0.044926714602673404,0.21195922863294583,0.044926714602673404,0.21195922863294583
301,0,train,16,0.05489283442220464,0.2342921988078234,0.04607957747785632,0.21466154168331206
301,1,train,14,0.03726632053350801,0.19304486663340212,0.04607957747785632,0.21466154168331206
301,-1,train,30,0.04607957747785632,0.21466154168331206,0.04607957747785632,0.21466154168331206
302,0,train,16,0.05160629111594426,0.2271701809567978,0.04628001832463835,0.2151279115425015
302,1,train,14,0.04095374553333245,0.20237031781694778,0.04628001832463835,0.2151279115425015
302,-1,train,30,0.04628001832463835,0.2151279115425015,0.04628001832463835,0.2151279115425015
303,0,train,16,0.042089540019205875,0.20515735428983742,0.04692304969041412,0.21661728853074982
303,1,train,14,0.05175655936162237,0.22750067991463754,0.04692304969041412,0.21661728853074982
303,-1,train,30,0.04692304969041412,0.21661728853074982,0.04692304969041412,0.21661728853074982
304,0,train,16,0.04183149010532167,0.20452748007375846,0.04690687284182146,0.21657994561321106
304,1,train,14,0.05198225557832125,0.22799617448176898,0.04690687284182146,0.21657994561321106
304,-1,train,30,0.04690687284182146,0.21657994561321106,0.04690687284182146,0.21657994561321106
305,0,train,16,0.04524422534279835,0.2127069000827156,0.04662830429347428,0.2159358800511723
305,1,train,14,0.04801238324415021,0.21911728193857785,0.04662830429347428,0.2159358800511723
305,-1,train,30,0.04662830429347428,0.2159358800511723,0.04662830429347428,0.2159358800511723
306,0,train,16,0.0756826176147865,0.2751047393535533,0.04445294324003881,0.21083866637796495
306,1,train,14,0.013223268865291123,0.11499247308102875,0.04445294324003881,0.21083866637796495
306,-1,train,30,0.04445294324003881,0.21083866637796495,0.04445294324003881,0.21083866637796495
307,0,train,16,0.04162042563384216,0.2040108468534018,0.04681805604429849,0.2163748045505726
307,1,train,14,0.05201568645475482,0.22806947725365362,0.04681805604429849,0.2163748045505726
307,-1,train,30,0.04681805604429849,0.2163748045505726,0.04681805604429849,0.2163748045505726
308,0,train,16,0.06359953612492089,0.25218948456452517,0.045221289271315204,0.2126529785150333
308,1,train,14,0.02684304241770951,0.16383846440231767,0.045221289271315204,0.2126529785150333
308,-1,train,30,0.045221289271315204,0.2126529785150333,0.045221289271315204,0.2126529785150333
309,0,train,16,0.047441963059466706,0.21781176060871163,0.04633570669363088,0.21525730346176614
309,1,train,14,0.04522945032779506,0.21267216632130087,0.04633570669363088,0.21525730346176614
309,-1,train,30,0.04633570669363088,0.21525730346176614,0.04633570669363088,0.21525730346176614
310,0,train,16,0.048104027091281615,0.21932630278031318,0.04625515830541088,0.2150701241581705
310,1,train,14,0.04440628951954015,0.2107279988979636,0.04625515830541088,0.2150701241581705
310,-1,train,30,0.04625515830541088,0.2150701241581705,0.04625515830541088,0.2150701241581705
311,0,train,16,0.06262544419577037,0.2502507626277498,0.04518676416514564,0.21257178591042047
311,1,train,14,0.0277480841345209,0.1665775619179273,0.04518676416514564,0.21257178591042047
311,-1,train,30,0.04518676416514564,0.21257178591042047,0.04518676416514564,0.21257178591042047
312,0,train,16,0.04677700637832719,0.2162799259717073,0.046283088704923786,0.21513504759783744
312,1,train,14,0.04578917103152038,0.21398404387131387,0.046283088704923786,0.21513504759783744
312,-1,train,30,0.046283088704923786,0.21513504759783744,0.046283088704923786,0.21513504759783744
313,0,train,16,0.05323764298230646,0.23073283897682717,0.045789835498996415,0.21398559647554882
313,1,train,14,0.038342028015686376,0.19581120503098481,0.045789835498996415,0.21398559647554882
313,-1,train,30,0.045789835498996415,0.21398559647554882,0.045789835498996415,0.21398559647554882
314,0,train,16,0.03369150289322323,0.18355245270282614,0.047152265282638536,0.21714572361121584
314,1,train,14,0.06061302767205384,0.24619713172994898,0.047152265282638536,0.21714572361121584
314,-1,train,30,0.047152265282638536,0.21714572361121584,0.047152265282638536,0.21714572361121584
315,0,train,16,0.04811580794713466,0.2193531580514278,0.04609116301564026,0.21468852557982754
315,1,train,14,0.04406651808414586,0.20992026601580388,0.04609116301564026,0.21468852557982754
315,-1,train,30,0.04609116301564026,0.21468852557982754,0.04609116301564026,0.21468852557982754
316,0,train,16,0.04172438222986297,0.2042654699890879,0.04651249742094343,0.2156675622826563
316,1,train,14,0.0513006126120239,0.22649638542816505,0.04651249742094343,0.2156675622826563
316,-1,train,30,0.04651249742094343,0.2156675622826563,0.04651249742094343,0.2156675622826563
317,0,train,16,0.048876648625046794,0.22108063828622984,0.04596970265135018,0.2144054632031334
317,1,train,14,0.04306275667765357,0.20751567814903427,0.04596970265135018,0.2144054632031334
317,-1,train,30,0.04596970265135018,0.2144054632031334,0.04596970265135018,0.2144054632031334
318,0,train,16,0.06982368681302452,0.2642417204247363,0.044451399185017906,0.21083500464822702
318,1,train,14,0.019079111557011294,0.13812715720310503,0.044451399185017906,0.21083500464822702
318,-1,train,30,0.044451399185017906,0.21083500464822702,0.044451399185017906,0.21083500464822702
319,0,train,16,0.055017023147323985,0.23455707865533282,0.04546590751804421,0.2132273610914983
319,1,train,14,0.03591479188876444,0.18951198349646503,0.04546590751804421,0.2132273610914983
319,-1,train,30,0.04546590751804421,0.2132273610914983,0.04546590751804421,0.2132273610914983
320,0,train,16,0.021420242767573483,0.14635656038447162,0.04783511823913728,0.2187124098882761
320,1,train,14,0.07424999371070108,0.2724885203282903,0.04783511823913728,0.2187124098882761
320,-1,train,30,0.04783511823913728,0.2187124098882761,0.04783511823913728,0.2187124098882761
321,0,train,16,0.025616286905128963,0.16005088848590926,0.04749631488626153,0.2179364927823276
321,1,train,14,0.0693763428673941,0.2633938929956313,0.04749631488626153,0.2179364927823276
321,-1,train,30,0.04749631488626153,0.2179364927823276,0.04749631488626153,0.2179364927823276
322,0,train,16,0.0481705749228131,0.21947795999328293,0.04585498015476773,0.21413775975938418
322,1,train,14,0.04353938538672236,0.20866093402149422,0.04585498015476773,0.21413775975938418
322,-1,train,30,0.04585498015476773,0.21413775975938418,0.04585498015476773,0.21413775975938418
323,0,train,16,0.04177500977105971,0.20438935826275229,0.04627900766073974,0.21512556254601575
323,1,train,14,0.050783005550419764,0.22535084989948398,0.04627900766073974,0.21512556254601575
323,-1,train,30,0.04627900766073974,0.21512556254601575,0.04627900766073974,0.21512556254601575
324,0,train,16,0.039996493044825145,0.1999912324198867,0.04637183363850163,0.21534120283517882
324,1,train,14,0.052747174232178104,0.22966752977331842,0.04637183363850163,0.21534120283517882
324,-1,train,30,0.04637183363850163,0.21534120283517882,0.04637183363850163,0.21534120283517882
325,0,train,16,0.05800194717131668,0.24083593413632584,0.04506300441525851,0.21228048524360055
325,1,train,14,0.032124061659200336,0.17923186563555135,0.04506300441525851,0.21228048524360055
325,-1,train,30,0.04506300441525851,0.21228048524360055,0.04506300441525851,0.21228048524360055
326,0,train,16,0.034326772413705436,0.18527485639909544,0.04671246161865862,0.21613065867354087
326,1,train,14,0.0590981508236118,0.24310111234548434,0.04671246161865862,0.21613065867354087
326,-1,train,30,0.04671246161865862,0.21613065867354087,0.04671246161865862,0.21613065867354087
327,0,train,16,0.0608797530971505,0.24673822787956975,0.044787112279160025,0.21162965831650352
327,1,train,14,0.028694471461169557,0.16939442570866833,0.044787112279160025,0.21162965831650352
327,-1,train,30,0.044787112279160025,0.21162965831650352,0.044787112279160025,0.21162965831650352
328,0,train,16,0.06873837991753955,0.2621800524783294,0.04419376255145435,0.2102231256342992
328,1,train,14,0.01964914518536915,0.14017540863278818,0.04419376255145435,0.2102231256342992
328,-1,train,30,0.04419376255145435,0.2102231256342992,0.04419376255145435,0.2102231256342992
329,0,train,16,0.048133520757366675,0.21939352943367924,0.04562773959596306,0.2136065064457613
329,1,train,14,0.04312195843455943,0.20765827321481664,0.04562773959596306,0.2136065064457613
329,-1,train,30,0.04562773959596306,0.2136065064457613,0.04562773959596306,0.2136065064457613
330,0,train,16,0.0404695419695286,0.2011704301569408,0.04614479611696433,0.21481339836463723
330,1,train,14,0.05182005026440005,0.22764017717529578,0.04614479611696433,0.21481339836463723
330,-1,train,30,0.04614479611696433,0.21481339836463723,0.04614479611696433,0.21481339836463723
331,0,train,16,0.038728209998682504,0.1967948424087443,0.04623502679778642,0.21502331687002324
331,1,train,14,0.053741843596890326,0.23182287116867983,0.04623502679778642,0.21502331687002324
331,-1,train,30,0.04623502679778642,0.21502331687002324,0.04623502679778642,0.21502331687002324
332,0,train,16,0.05345628540340639,0.23120615347219112,0.045152290938643064,0.21249068435732205
332,1,train,14,0.03684829647387973,0.19195910104467495,0.045152290938643064,0.21249068435732205
332,-1,train,30,0.045152290938643064,0.21249068435732205,0.045152290938643064,0.21249068435732205
333,0,train,16,0.055591965310418434,0.2357794844985849,0.04497030541399842,0.2120620319953537
333,1,train,14,0.03434864551757841,0.18533387579603036,0.04497030541399842,0.2120620319953537
333,-1,train,30,0.04497030541399842,0.2120620319953537,0.04497030541399842,0.2120620319953537
334,0,train,16,0.02514822133177838,0.15858190732797478,0.04710837319084496,0.217044634098254
334,1,train,14,0.06906852504991154,0.26280891356632397,0.04710837319084496,0.217044634098254
334,-1,train,30,0.04710837319084496,0.217044634098254,0.04710837319084496,0.217044634098254
335,0,train,16,0.05791404616489717,0.24065337347499863,0.04473845007509522,0.21151465688007348
335,1,train,14,0.03156285398529327,0.17765937629433823,0.04473845007509522,0.21151465688007348
335,-1,train,30,0.04473845007509522,0.21151465688007348,0.04473845007509522,0.21151465688007348
336,0,train,16,0.06960523267948894,0.26382803618927414,0.043874195797481724,0.20946168097645385
336,1,train,14,0.018143158915474515,0.13469654381413992,0.043874195797481724,0.20946168097645385
336,-1,train,30,0.043874195797481724,0.20946168097645385,0.043874195797481724,0.20946168097645385
337,0,train,16,0.07538132391171816,0.274556595097838,0.043440964557592374,0.20842496145517786
337,1,train,14,0.011500605203466583,0.10724087468622485,0.043440964557592374,0.20842496145517786
337,-1,train,30,0.043440964557592374,0.20842496145517786,0.043440964557592374,0.20842496145517786
338,0,train,16,0.06255752723415847,0.2501150280054329,0.04431237841039634,0.21050505554593302
338,1,train,14,0.02606722958663421,0.16145349047522697,0.04431237841039634,0.21050505554593302
338,-1,train,30,0.04431237841039634,0.21050505554593302,0.04431237841039634,0.21050505554593302
339,0,train,16,0.06668395485204744,0.25823236600404575,0.04398350626828052,0.20972245055854302
339,1,train,14,0.02128305768451361,0.14588714023008886,0.04398350626828052,0.20972245055854302
339,-1,train,30,0.04398350626828052,0.20972245055854302,0.04398350626828052,0.20972245055854302
340,0,train,16,0.04359238110140439,0.20878788542778146,0.04559475134299093,0.21352927514275633
340,1,train,14,0.04759712158457747,0.21816764559525656,0.04559475134299093,0.21352927514275633
340,-1,train,30,0.04559475134299093,0.21352927514275633,0.04559475134299093,0.21352927514275633
341,0,train,16,0.05077175788085614,0.22532589261080524,0.04505239766920632,0.21225550091624557
341,1,train,14,0.039333037457556515,0.19832558447551973,0.04505239766920632,0.21225550091624557
341,-1,train,30,0.04505239766920632,0.21225550091624557,0.04505239766920632,0.21225550091624557
342,0,train,16,0.049816078210476504,0.22319515722899658,0.04508927694489211,0.21234235786788302
342,1,train,14,0.04036247567930771,0.20090414550055385,0.04508927694489211,0.21234235786788302
342,-1,train,30,0.04508927694489211,0.21234235786788302,0.04508927694489211,0.21234235786788302
343,0,train,16,0.03763867459224864,0.19400689315652844,0.045928118799599876,0.2143084664673794
343,1,train,14,0.05421756300695112,0.23284665126849283,0.045928118799599876,0.2143084664673794
343,-1,train,30,0.045928118799599876,0.2143084664673794,0.045928118799599876,0.2143084664673794
344,0,train,16,0.028852101162839355,0.1698590626455926,0.04652156186956432,0.21568857612206613
344,1,train,14,0.06419102257628928,0.2533594730344403,0.04652156186956432,0.21568857612206613
344,-1,train,30,0.04652156186956432,0.21568857612206613,0.04652156186956432,0.21568857612206613
345,0,train,16,0.041204216175159895,0.2029882168382192,0.0456077932384141,0.21355981185235695
345,1,train,14,0.05001137030166831,0.22363222107216194,0.0456077932384141,0.21355981185235695
345,-1,train,30,0.0456077932384141,0.21355981185235695,0.0456077932384141,0.21355981185235695
346,0,train,16,0.06574962085692772,0.25641688879035973,0.04383526277973466,0.20936872445457239
346,1,train,14,0.021920904702541596,0.1480570994668665,0.04383526277973466,0.20936872445457239
346,-1,train,30,0.04383526277973466,0.20936872445457239,0.04383526277973466,0.20936872445457239
347,0,train,16,0.05526536087307768,0.2350858585136028,0.04454093967236515,0.2110472451191087
347,1,train,14,0.03381651847165263,0.18389268194154065,0.04454093967236515,0.2110472451191087
347,-1,train,30,0.04454093967236515,0.2110472451191087,0.04454093967236515,0.2110472451191087
348,0,train,16,0.052589843391026576,0.22932475529481455,0.04469725241505354,0.21141724720337635
348,1,train,14,0.036804661439080504,0.1918454102632651,0.04469725241505354,0.21141724720337635
348,-1,train,30,0.04469725241505354,0.21141724720337635,0.04469725241505354,0.21141724720337635
349,0,train,16,0.033602838853177185,0.18331077124156447,0.04602032135967648,0.2145234750783151
349,1,train,14,0.05843780386617577,0.24173912357369,0.04602032135967648,0.2145234750783151
349,-1,train,30,0.04602032135967648,0.2145234750783151,0.04602032135967648,0.2145234750783151
350,0,train,16,0.06930744941741467,0.2632630802399278,0.04344550446505713,0.2084358521585409
350,1,train,14,0.017583559512699586,0.1326030147194987,0.04344550446505713,0.2084358521585409
350,-1,train,30,0.04344550446505713,0.2084358521585409,0.04344550446505713,0.2084358521585409
351,0,train,16,0.07408872886900618,0.2721924482218531,0.043084193324658356,0.20756732239121445
351,1,train,14,0.01207965778031053,0.10990749647003398,0.043084193324658356,0.20756732239121445
351,-1,train,30,0.043084193324658356,0.20756732239121445,0.043084193324658356,0.20756732239121445
352,0,train,16,0.052213621279791594,0.228503000592534,0.0445948596881774,0.21117495042778486
352,1,train,14,0.0369760980965632,0.19229170053999523,0.0445948596881774,0.21117495042778486
352,-1,train,30,0.0445948596881774,0.21117495042778486,0.0445948596881774,0.21117495042778486
353,0,train,16,0.060969097279772316,0.24691921205076836,0.043939344351929706,0.20961713754349787
353,1,train,14,0.026909591424087092,0.1640414320349804,0.043939344351929706,0.20961713754349787
353,-1,train,30,0.043939344351929706,0.20961713754349787,0.043939344351929706,0.20961713754349787
354,0,train,16,0.046673473533923676,0.21604044420877233,0.04492568355398084,0.21195679643262408
354,1,train,14,0.043177893574038013,0.20779291030744532,0.04492568355398084,0.21195679643262408
354,-1,train,30,0.04492568355398084,0.21195679643262408,0.04492568355398084,0.21195679643262408
355,0,train,16,0.027163900318461595,0.16481474545216393,0.0462937694088097,0.21515986941994944
355,1,train,14,0.0654236384991578,0.25578044979856807,0.0462937694088097,0.21515986941994944
355,-1,train,30,0.0462937694088097,0.21515986941994944,0.0462937694088097,0.21515986941994944
356,0,train,16,0.07287631359818636,0.2699561327293499,0.043010208775510664,0.2073890276160016
356,1,train,14,0.01314410395283497,0.11464773854217522,0.043010208775510664,0.2073890276160016
356,-1,train,30,0.043010208775510664,0.2073890276160016,0.043010208775510664,0.2073890276160016
357,0,train,16,0.03193692687084104,0.1787090564880276,0.04588847781679787,0.21421596069573778
357,1,train,14,0.059840028762754696,0.2446222164128898,0.04588847781679787,0.21421596069573778
357,-1,train,30,0.04588847781679787,0.21421596069573778,0.04588847781679787,0.21421596069573778
358,0,train,16,0.036828168991461296,0.19190666739710036,0.04550220964108853,0.2133124694927339
358,1,train,14,0.054176250290715766,0.2327579220793908,0.04550220964108853,0.2133124694927339
358,-1,train,30,0.04550220964108853,0.2133124694927339,0.04550220964108853,0.2133124694927339
359,0,train,16,0.0416174376159369,0.20400352353804307,0.04512860592302792,0.2124349451550472
359,1,train,14,0.04863977423011895,0.2205442681869537,0.04512860592302792,0.2124349451550472
359,-1,train,30,0.04512860592302792,0.2124349451550472,0.04512860592302792,0.2124349451550472
360,0,train,16,0.03138141392605543,0.17714800006225143,0.04582948873215559,0.21407823040224241
360,1,train,14,0.06027756353825575,0.24551489473809068,0.04582948873215559,0.21407823040224241
360,-1,train,30,0.04582948873215559,0.21407823040224241,0.04582948873215559,0.21407823040224241
361,0,train,16,0.045327454781235406,0.21290245367593913,0.044802200405939824,0.21166530279178924
361,1,train,14,0.044276946030644235,0.2104208783144967,0.044802200405939824,0.21166530279178924
361,-1,train,30,0.044802200405939824,0.21166530279178924,0.044802200405939824,0.21166530279178924
362,0,train,16,0.03778019179802173,0.1943712730781525,0.0453054962815039,0.21285087803789746
362,1,train,14,0.052830800764986065,0.22984951765228062,0.0453054962815039,0.21285087803789746
362,-1,train,30,0.0453054962815039,0.21285087803789746,0.0453054962815039,0.21285087803789746
363,0,train,16,0.032533829057372156,0.18037136429425862,0.04564927127532584,0.2136569008371268
363,1,train,14,0.05876471349327951,0.24241434258987135,0.04564927127532584,0.2136569008371268
363,-1,train,30,0.04564927127532584,0.2136569008371268,0.04564927127532584,0.2136569008371268
364,0,train,16,0.056114848775391156,0.2368857293620516,0.04393384474085066,0.20960401890433938
364,1,train,14,0.03175284070631016,0.17819326784789083,0.04393384474085066,0.20960401890433938
364,-1,train,30,0.04393384474085066,0.20960401890433938,0.04393384474085066,0.20960401890433938
365,0,train,16,0.03911559651141781,0.1977766328751145,0.045112257158350044,0.21239646220770733
365,1,train,14,0.051108917805282275,0.22607281527260698,0.045112257158350044,0.21239646220770733
365,-1,train,30,0.045112257158350044,0.21239646220770733,0.045112257158350044,0.21239646220770733
366,0,train,16,0.060820815727708165,0.24661876596826154,0.043535783158998836,0.20865230206973234
366,1,train,14,0.0262507505902895,0.1620208338155606,0.043535783158998836,0.20865230206973234
366,-1,train,30,0.043535783158998836,0.20865230206973234,0.043535783158998836,0.20865230206973234
367,0,train,16,0.013307886974904565,0.11535981525169224,0.04690453845661192,0.21657455634633518
367,1,train,14,0.08050118993831927,0.283727316165221,0.04690453845661192,0.21657455634633518
367,-1,train,30,0.04690453845661192,0.21657455634633518,0.04690453845661192,0.21657455634633518
368,0,train,16,0.03570847086123124,0.18896685122325355,0.04525790540673542,0.2127390547284053
368,1,train,14,0.054807339952239596,0.23410967505047628,0.04525790540673542,0.2127390547284053
368,-1,train,30,0.04525790540673542,0.2127390547284053,0.04525790540673542,0.2127390547284053
369,0,train,16,0.06188118472010501,0.24875929072118091,0.0433633549562874,0.2082386970673016
369,1,train,14,0.024845525192469794,0.15762463383770253,0.0433633549562874,0.2082386970673016
369,-1,train,30,0.0433633549562874,0.2082386970673016,0.0433633549562874,0.2082386970673016
370,0,train,16,0.06735583215828668,0.2595300216897588,0.04294688331710444,0.2072362982614398
370,1,train,14,0.018537934475922196,0.1361540835815151,0.04294688331710444,0.2072362982614398
370,-1,train,30,0.04294688331710444,0.2072362982614398,0.04294688331710444,0.2072362982614398
371,0,train,16,0.05787922238963165,0.24058101003535512,0.04358504023315888,0.2087703049601616
371,1,train,14,0.02929085807668611,0.17114572175980944,0.04358504023315888,0.2087703049601616
371,-1,train,30,0.04358504023315888,0.2087703049601616,0.04358504023315888,0.2087703049601616
372,0,train,16,0.059797051086832274,0.24453435563706027,0.043411389342214855,0.2083540000629094
372,1,train,14,0.027025727597597433,0.16439503519753093,0.043411389342214855,0.2083540000629094
372,-1,train,30,0.043411389342214855,0.2083540000629094,0.043411389342214855,0.2083540000629094
373,0,train,16,0.06061037505006808,0.24619174447992379,0.04332082594680523,0.20813655600784123
373,1,train,14,0.026031276843542377,0.1613421111909175,0.04332082594680523,0.20813655600784123
373,-1,train,30,0.04332082594680523,0.20813655600784123,0.04332082594680523,0.20813655600784123
374,0,train,16,0.03953141751852678,0.1988250927788713,0.04479159940802965,0.21164025942157047
374,1,train,14,0.050051781297532516,0.22372255428886134,0.04479159940802965,0.21164025942157047
374,-1,train,30,0.04479159940802965,0.21164025942157047,0.04479159940802965,0.21164025942157047
375,0,train,16,0.024230855208460373,0.15566263266584043,0.04586015958749964,0.21414985311108584
375,1,train,14,0.0674894639665389,0.25978734373817924,0.04586015958749964,0.21414985311108584
375,-1,train,30,0.04586015958749964,0.21414985311108584,0.04586015958749964,0.21414985311108584
376,0,train,16,0.04023771035120346,0.20059339558221617,0.04467794216689136,0.21137157369639695
376,1,train,14,0.04911817398257927,0.22162620328512436,0.04467794216689136,0.21137157369639695
376,-1,train,30,0.04467794216689136,0.21137157369639695,0.04467794216689136,0.21137157369639695
377,0,train,16,0.05249599129816912,0.229120036876239,0.04377311514696884,0.20922025510683434
377,1,train,14,0.03505023899576856,0.18721709055470487,0.04377311514696884,0.20922025510683434
377,-1,train,30,0.04377311514696884,0.20922025510683434,0.04377311514696884,0.20922025510683434
378,0,train,16,0.058757727179218865,0.2423999323003595,0.04329385629527864,0.20807175756281446
378,1,train,14,0.02782998541133841,0.16682321604422573,0.04329385629527864,0.20807175756281446
378,-1,train,30,0.04329385629527864,0.20807175756281446,0.04329385629527864,0.20807175756281446
379,0,train,16,0.07287599654821746,0.2699555455037319,0.0422736803564195,0.2056056428126901
379,1,train,14,0.01167136416462154,0.10803408797514578,0.0422736803564195,0.2056056428126901
379,-1,train,30,0.0422736803564195,0.2056056428126901,0.0422736803564195,0.2056056428126901
380,0,train,16,0.03520989644713684,0.18764300265966977,0.0449064215438324,0.21191135303195155
380,1,train,14,0.05460294664052795,0.23367273405454891,0.0449064215438324,0.21191135303195155
380,-1,train,30,0.0449064215438324,0.21191135303195155,0.0449064215438324,0.21191135303195155
381,0,train,16,0.011312496495605196,0.10636022045673466,0.04660124932605584,0.21587322512543292
381,1,train,14,0.08189000215650648,0.2861642922457421,0.04660124932605584,0.21587322512543292
381,-1,train,30,0.04660124932605584,0.21587322512543292,0.04660124932605584,0.21587322512543292
382,0,train,16,0.05930496656586936,0.24352611064497653,0.04312993531980286,0.2076774790866907
382,1,train,14,0.02695490407373636,0.16417948737201113,0.04312993531980286,0.2076774790866907
382,-1,train,30,0.04312993531980286,0.2076774790866907,0.04312993531980286,0.2076774790866907
383,0,train,16,0.05840740813261342,0.24167624652127775,0.0431636201173722,0.207758562079574
383,1,train,14,0.027919832102130983,0.16709228618380617,0.0431636201173722,0.207758562079574
383,-1,train,30,0.0431636201173722,0.207758562079574,0.0431636201173722,0.207758562079574
384,0,train,16,0.05169928867099611,0.22737477580196996,0.04360285132941442,0.20881295776223854
384,1,train,14,0.035506413987832726,0.1884314570018306,0.04360285132941442,0.20881295776223854
384,-1,train,30,0.04360285132941442,0.20881295776223854,0.04360285132941442,0.20881295776223854
385,0,train,16,0.03879839414417561,0.1969730797448616,0.04449027629038496,0.21092718243598893
385,1,train,14,0.050182158436594314,0.22401374608848074,0.04449027629038496,0.21092718243598893
385,-1,train,30,0.04449027629038496,0.21092718243598893,0.04449027629038496,0.21092718243598893
386,0,train,16,0.05222733582020652,0.2285330081633866,0.04350592666519812,0.2085807437545425
386,1,train,14,0.03478451751018971,0.18650607901671654,0.04350592666519812,0.2085807437545425
386,-1,train,30,0.04350592666519812,0.2085807437545425,0.04350592666519812,0.2085807437545425
387,0,train,16,0.05637139106257765,0.2374266014215291,0.043178111461810983,0.20779343459746505
387,1,train,14,0.029984831861044323,0.1731612885752596,0.043178111461810983,0.20779343459746505
387,-1,train,30,0.043178111461810983,0.20779343459746505,0.043178111461810983,0.20779343459746505
388,0,train,16,0.05020710910127114,0.22406942919834275,0.04358100580699378,0.20876064238020006
388,1,train,14,0.03695490251271644,0.19223657953864148,0.04358100580699378,0.20876064238020006
388,-1,train,30,0.04358100580699378,0.20876064238020006,0.04358100580699378,0.20876064238020006
389,0,train,16,0.05705175366516591,0.2388550892595046,0.043063110137177125,0.20751652979263394
389,1,train,14,0.029074466609188342,0.17051236497447433,0.043063110137177125,0.20751652979263394
389,-1,train,30,0.043063110137177125,0.20751652979263394,0.043063110137177125,0.20751652979263394
390,0,train,16,0.05109329040542046,0.22603824987249493,0.043452213470815626,0.20845194523154642
390,1,train,14,0.0358111365362108,0.18923830620730783,0.043452213470815626,0.20845194523154642
390,-1,train,30,0.043452213470815626,0.20845194523154642,0.043452213470815626,0.20845194523154642
391,0,train,16,0.05219753867568614,0.228467806650491,0.043346807636867324,0.2081989616613573
391,1,train,14,0.03449607659804851,0.18573119446675754,0.043346807636867324,0.2081989616613573
391,-1,train,30,0.043346807636867324,0.2081989616613573,0.043346807636867324,0.2081989616613573
392,0,train,16,0.01679758439432985,0.1296054952319918,0.04584822799645414,0.2141219932572414
392,1,train,14,0.07489887159857843,0.27367658211578577,0.04584822799645414,0.2141219932572414
392,-1,train,30,0.04584822799645414,0.2141219932572414,0.04584822799645414,0.2141219932572414
393,0,train,16,0.05036848059770114,0.22442923293925224,0.04341153873088295,0.20835435855984138
393,1,train,14,0.03645459686406477,0.19093086933250153,0.04341153873088295,0.20835435855984138
393,-1,train,30,0.04341153873088295,0.20835435855984138,0.04341153873088295,0.20835435855984138
394,0,train,16,0.061523944187105654,0.24804020679540173,0.04258275421839021,0.20635589213393013
394,1,train,14,0.023641564249674757,0.15375813555605686,0.04258275421839021,0.20635589213393013
394,-1,train,30,0.04258275421839021,0.20635589213393013,0.04258275421839021,0.20635589213393013
395,0,train,16,0.034024479866097905,0.18445725755875778,0.04450925683713963,0.21097217076462865
395,1,train,14,0.05499403380818135,0.23450806768250287,0.04450925683713963,0.21097217076462865
395,-1,train,30,0.04450925683713963,0.21097217076462865,0.04450925683713963,0.21097217076462865
396,0,train,16,0.03736540961266207,0.19330134405291152,0.04424301852756653,0.21034024466936072
396,1,train,14,0.051120627442470985,0.22609871172227183,0.04424301852756653,0.21034024466936072
396,-1,train,30,0.04424301852756653,0.21034024466936072,0.04424301852756653,0.21034024466936072
397,0,train,16,0.035886923427990665,0.1894384423183179,0.04431269057445372,0.2105057970091411
397,1,train,14,0.05273845772091677,0.2296485526209925,0.04431269057445372,0.2105057970091411
397,-1,train,30,0.04431269057445372,0.2105057970091411,0.04431269057445372,0.2105057970091411
398,0,train,16,0.032932659277646416,0.18147357735396746,0.04449518986942371,0.21093882968629488
398,1,train,14,0.056057720461201006,0.23676511664770428,0.04449518986942371,0.21093882968629488
398,-1,train,30,0.04449518986942371,0.21093882968629488,0.04449518986942371,0.21093882968629488
399,0,train,16,0.06887557954965033,0.2624415735923909,0.0419045354707082,0.2047059732169733
399,1,train,14,0.01493349139176607,0.12220266524002686,0.0419045354707082,0.2047059732169733
399,-1,train,30,0.0419045354707082,0.2047059732169733,0.0419045354707082,0.2047059732169733
400,0,train,16,0.02779283383060507,0.16671182870631907,0.04479675680599601,0.21165244342080253
400,1,train,14,0.06180067978138695,0.24859742513024335,0.04479675680599601,0.21165244342080253
400,-1,train,30,0.04479675680599601,0.21165244342080253,0.04479675680599601,0.21165244342080253
401,0,train,16,0.04342933525308664,0.2083970615269962,0.043645552228791476,0.20891517950783633
401,1,train,14,0.043861769204496304,0.20943201571034048,0.043645552228791476,0.20891517950783633
401,-1,train,30,0.043645552228791476,0.20891517950783633,0.043645552228791476,0.20891517950783633
402,0,train,16,0.03680332115855265,0.1918419171050807,0.04408512471705651,0.20996457967251644
402,1,train,14,0.051366928275560365,0.22664273267757862,0.04408512471705651,0.20996457967251644
402,-1,train,30,0.04408512471705651,0.20996457967251644,0.04408512471705651,0.20996457967251644
403,0,train,16,0.04046352811326669,0.20115548243402837,0.043791229122080104,0.20926353987754318
403,1,train,14,0.047118930130893515,0.21706895248029717,0.043791229122080104,0.20926353987754318
403,-1,train,30,0.043791229122080104,0.20926353987754318,0.043791229122080104,0.20926353987754318
404,0,train,16,0.02128623635193282,0.14589803409207686,0.04513941819771081,0.21246039206805303
404,1,train,14,0.0689926000434888,0.26266442477710755,0.04513941819771081,0.21246039206805303
404,-1,train,30,0.04513941819771081,0.21246039206805303,0.04513941819771081,0.21246039206805303
405,0,train,16,0.03769245185332931,0.19414543994987188,0.04392340854403485,0.20957912239542098
405,1,train,14,0.050154365234740386,0.22395170290654273,0.04392340854403485,0.20957912239542098
405,-1,train,30,0.04392340854403485,0.20957912239542098,0.04392340854403485,0.20957912239542098
406,0,train,16,0.05471539103261428,0.23391321260804035,0.04267803737216648,0.2065866340598212
406,1,train,14,0.03064068371171868,0.1750448048692639,0.04267803737216648,0.2065866340598212
406,-1,train,30,0.04267803737216648,0.2065866340598212,0.04267803737216648,0.2065866340598212
407,0,train,16,0.043056496454946434,0.20750059386649097,0.04347821597607934,0.2085143064062496
407,1,train,14,0.04389993549721225,0.20952311447000843,0.04347821597607934,0.2085143064062496
407,-1,train,30,0.04347821597607934,0.2085143064062496,0.04347821597607934,0.2085143064062496
408,0,train,16,0.06646702830525901,0.2578120018642635,0.041778412264532154,0.20439768165155922
408,1,train,14,0.0170897962238053,0.1307279473708866,0.041778412264532154,0.20439768165155922
408,-1,train,30,0.041778412264532154,0.20439768165155922,0.041778412264532154,0.20439768165155922
409,0,train,16,0.0484420612625208,0.22009557301890648,0.04302599713816714,0.20742708872798446
409,1,train,14,0.03760993301381349,0.19393280540902175,0.04302599713816714,0.20742708872798446
409,-1,train,30,0.04302599713816714,0.20742708872798446,0.04302599713816714,0.20742708872798446
410,0,train,16,0.04143592568713137,0.2035581629096003,0.043491431117987776,0.20854599281210795
410,1,train,14,0.04554693654884418,0.21341728268545682,0.043491431117987776,0.20854599281210795
410,-1,train,30,0.043491431117987776,0.20854599281210795,0.043491431117987776,0.20854599281210795
411,0,train,16,0.06372847783681186,0.252444999627269,0.04187844271110327,0.20464223100597606
411,1,train,14,0.02002840758539468,0.14152175657966756,0.04187844271110327,0.20464223100597606
411,-1,train,30,0.04187844271110327,0.20464223100597606,0.04187844271110327,0.20464223100597606
412,0,train,16,0.011798904753058817,0.10862276351234496,0.04556121780136728,0.2134507385823888
412,1,train,14,0.07932353084967574,0.2816443339562785,0.04556121780136728,0.2134507385823888
412,-1,train,30,0.04556121780136728,0.2134507385823888,0.04556121780136728,0.2134507385823888
413,0,train,16,0.04689954278053754,0.21656302265284705,0.043004633511023134,0.20737558561948205
413,1,train,14,0.03910972424150873,0.19776178660577662,0.043004633511023134,0.20737558561948205
413,-1,train,30,0.043004633511023134,0.20737558561948205,0.043004633511023134,0.20737558561948205
414,0,train,16,0.036483273798279085,0.19100595225876885,0.04371575037597311,0.20908311834285692
414,1,train,14,0.05094822695366713,0.22571713925545647,0.04371575037597311,0.20908311834285692
414,-1,train,30,0.04371575037597311,0.20908311834285692,0.04371575037597311,0.20908311834285692
415,0,train,16,0.043615438959248194,0.208843096508475,0.04317369814447959,0.20778281484396055
415,1,train,14,0.04273195732971098,0.20671709491406604,0.04317369814447959,0.20778281484396055
415,-1,train,30,0.04317369814447959,0.20778281484396055,0.04317369814447959,0.20778281484396055
416,0,train,16,0.07227314252407628,0.26883664654223816,0.04111212445806136,0.20276124989272817
416,1,train,14,0.009951106392046442,0.09975523240435281,0.04111212445806136,0.20276124989272817
416,-1,train,30,0.04111212445806136,0.20276124989272817,0.04111212445806136,0.20276124989272817
417,0,train,16,0.028942495528872358,0.17012494093716052,0.04415710574140786,0.21013592206333467
417,1,train,14,0.05937171595394337,0.24366311980671873,0.04415710574140786,0.21013592206333467
417,-1,train,30,0.04415710574140786,0.21013592206333467,0.04415710574140786,0.21013592206333467
418,0,train,16,0.04330810310546606,0.20810599007588912,0.043097590523617973,0.20759959181948787
418,1,train,14,0.04288707794176989,0.20709195528018437,0.043097590523617973,0.20759959181948787
418,-1,train,30,0.043097590523617973,0.20759959181948787,0.043097590523617973,0.20759959181948787
419,0,train,16,0.054994290312845175,0.2345086145813095,0.04223243929841594,0.2055053266911005
419,1,train,14,0.02947058828398671,0.17166999820582138,0.04223243929841594,0.2055053266911005
419,-1,train,30,0.04223243929841594,0.2055053266911005,0.04223243929841594,0.2055053266911005
420,0,train,16,0.03081066144809837,0.17552965973902634,0.04392434105835543,0.20958134711456416
420,1,train,14,0.05703802066861249,0.2388263399807745,0.04392434105835543,0.20958134711456416
420,-1,train,30,0.04392434105835543,0.20958134711456416,0.04392434105835543,0.20958134711456416
421,0,train,16,0.03606391643591646,0.18990501951216682,0.04351695568671056,0.20860718033354114
421,1,train,14,0.05096999493750467,0.22576535371377218,0.04351695568671056,0.20860718033354114
421,-1,train,30,0.04351695568671056,0.20860718033354114,0.04351695568671056,0.20860718033354114
422,0,train,16,0.039303596590220376,0.198251347007329,0.04325369622212724,0.20797522982828326
422,1,train,14,0.047203795854034114,0.217264345565567,0.04325369622212724,0.20797522982828326
422,-1,train,30,0.04325369622212724,0.20797522982828326,0.04325369622212724,0.20797522982828326
423,0,train,16,0.04705851342149394,0.2169297430540449,0.042666279358173256,0.20655817427101078
423,1,train,14,0.03827404529485258,0.19563753549575444,0.042666279358173256,0.20655817427101078
423,-1,train,30,0.042666279358173256,0.20655817427101078,0.042666279358173256,0.20655817427101078
424,0,train,16,0.023193413131979545,0.1522938381287291,0.044337518005391374,0.21056475964745708
424,1,train,14,0.0654816228788032,0.25589377264561014,0.044337518005391374,0.21056475964745708
424,-1,train,30,0.044337518005391374,0.21056475964745708,0.044337518005391374,0.21056475964745708
425,0,train,16,0.05632152231823941,0.23732155889897447,0.04194403510586684,0.20480242944327307
425,1,train,14,0.027566547893494272,0.16603176772381323,0.04194403510586684,0.20480242944327307
425,-1,train,30,0.04194403510586684,0.20480242944327307,0.04194403510586684,0.20480242944327307
426,0,train,16,0.035959919684074505,0.18963100928928925,0.04335914087516928,0.20822857843045772
426,1,train,14,0.05075836206626406,0.22529616522760448,0.04335914087516928,0.20822857843045772
426,-1,train,30,0.04335914087516928,0.20822857843045772,0.04335914087516928,0.20822857843045772
427,0,train,16,0.04345512192272758,0.20845892142752628,0.04279213377811497,0.20686259637284593
427,1,train,14,0.04212914563350237,0.20525385656182532,0.04279213377811497,0.20686259637284593
427,-1,train,30,0.04279213377811497,0.20686259637284593,0.04279213377811497,0.20686259637284593
428,0,train,16,0.06159007451847862,0.24817347666194836,0.04146977647659002,0.20364129364298886
428,1,train,14,0.021349478434701412,0.1461146071914147,0.04146977647659002,0.20364129364298886
428,-1,train,30,0.04146977647659002,0.20364129364298886,0.04146977647659002,0.20364129364298886
429,0,train,16,0.04686134066353104,0.21647480376138706,0.042482132642782985,0.2061119420188529
429,1,train,14,0.03810292462203494,0.19519970446195595,0.042482132642782985,0.2061119420188529
429,-1,train,30,0.042482132642782985,0.2061119420188529,0.042482132642782985,0.2061119420188529
430,0,train,16,0.06250308847698534,0.250006176877663,0.04133750398606184,0.20331626591608906
430,1,train,14,0.020171919495138337,0.14202788280875814,0.04133750398606184,0.20331626591608906
430,-1,train,30,0.04133750398606184,0.20331626591608906,0.04133750398606184,0.20331626591608906
431,0,train,16,0.03490594875405675,0.186831337719497,0.043267562352962516,0.20800856317219854
431,1,train,14,0.05162917595186828,0.22722054473983702,0.043267562352962516,0.20800856317219854
431,-1,train,30,0.043267562352962516,0.20800856317219854,0.043267562352962516,0.20800856317219854
432,0,train,16,0.035350452424565026,0.18801715992048446,0.043205162294566515,0.20785851508794753
432,1,train,14,0.051059872164568004,0.2259643161310387,0.043205162294566515,0.20785851508794753
432,-1,train,30,0.043205162294566515,0.20785851508794753,0.043205162294566515,0.20785851508794753
433,0,train,16,0.03068939972122524,0.17518390257448097,0.04350867945698975,0.208587342513849
433,1,train,14,0.05632795919275427,0.23733512001546309,0.04350867945698975,0.208587342513849
433,-1,train,30,0.04350867945698975,0.208587342513849,0.04350867945698975,0.208587342513849
434,0,train,16,0.04549652715236601,0.21329914944126244,0.04241340071623255,0.20594514006461173
434,1,train,14,0.03933027428009908,0.19831861808740772,0.04241340071623255,0.20594514006461173
434,-1,train,30,0.04241340071623255,0.20594514006461173,0.04241340071623255,0.20594514006461173
435,0,train,16,0.045718471603422704,0.2138187821577485,0.042367903046335746,0.20583464977096483
435,1,train,14,0.03901733448924879,0.19752806000477194,0.042367903046335746,0.20583464977096483
435,-1,train,30,0.042367903046335746,0.20583464977096483,0.042367903046335746,0.20583464977096483
436,0,train,16,0.027231978229716472,0.16502114479580024,0.04364995484461036,0.2089257160921325
436,1,train,14,0.060067931459504245,0.24508759956289963,0.04364995484461036,0.2089257160921325
436,-1,train,30,0.04364995484461036,0.2089257160921325,0.04364995484461036,0.2089257160921325
437,0,train,16,0.057100801898795815,0.23895774082208723,0.041491759919543916,0.20369526238855903
437,1,train,14,0.025882717940292014,0.16088106768756855,0.041491759919543916,0.20369526238855903
437,-1,train,30,0.041491759919543916,0.20369526238855903,0.041491759919543916,0.20369526238855903
438,0,train,16,0.034712455308926526,0.1863127889033024,0.04304947269968179,0.20748366851316705
438,1,train,14,0.051386490090437054,0.2266858841887537,0.04304947269968179,0.20748366851316705
438,-1,train,30,0.04304947269968179,0.20748366851316705,0.04304947269968179,0.20748366851316705
439,0,train,16,0.01825560156027815,0.1351132915751746,0.04419410060522841,0.21022392966840955
439,1,train,14,0.07013259965017866,0.26482560233138086,0.04419410060522841,0.21022392966840955
439,-1,train,30,0.04419410060522841,0.21022392966840955,0.04419410060522841,0.21022392966840955
440,0,train,16,0.03038413041812139,0.17431044265367865,0.04329396104625092,0.20807200928104413
440,1,train,14,0.05620379167438044,0.23707338879423065,0.04329396104625092,0.20807200928104413
440,-1,train,30,0.04329396104625092,0.20807200928104413,0.04329396104625092,0.20807200928104413
441,0,train,16,0.026081683269954647,0.161498245408285,0.04356796977590408,0.2087294176102259
441,1,train,14,0.061054256281853514,0.24709159492352933,0.04356796977590408,0.2087294176102259
441,-1,train,30,0.04356796977590408,0.2087294176102259,0.04356796977590408,0.2087294176102259
442,0,train,16,0.05899160695322749,0.24288187860198113,0.04118733006056499,0.20294661874632203
442,1,train,14,0.023383053167902484,0.15291518292145645,0.04118733006056499,0.20294661874632203
442,-1,train,30,0.04118733006056499,0.20294661874632203,0.04118733006056499,0.20294661874632203
443,0,train,16,0.03612620371111115,0.1900689446256572,0.04277976804964976,0.20683270546422236
443,1,train,14,0.04943333238818837,0.2223360798165434,0.04277976804964976,0.20683270546422236
443,-1,train,30,0.04277976804964976,0.20683270546422236,0.04277976804964976,0.20683270546422236
444,0,train,16,0.04597368852275054,0.21441475817384992,0.04204524231900658,0.20504936556596945
444,1,train,14,0.03811679611526262,0.19523523277129726,0.04204524231900658,0.20504936556596945
444,-1,train,30,0.04204524231900658,0.20504936556596945,0.04204524231900658,0.20504936556596945
445,0,train,16,0.041161052869020866,0.202881869246665,0.04235837482823229,0.20581150314846908
445,1,train,14,0.04355569678744372,0.20870001626124451,0.04235837482823229,0.20581150314846908
445,-1,train,30,0.04235837482823229,0.20581150314846908,0.04235837482823229,0.20581150314846908
446,0,train,16,0.055443921357384886,0.2354653294168483,0.041310383124168105,0.20324955873056183
446,1,train,14,0.027176844890951322,0.16485401084277967,0.041310383124168105,0.20324955873056183
446,-1,train,30,0.041310383124168105,0.20324955873056183,0.041310383124168105,0.20324955873056183
447,0,train,16,0.050017985726774426,0.22364701144163412,0.04165632388716925,0.20409880912726866
447,1,train,14,0.03329466204756408,0.18246824942319165,0.04165632388716925,0.20409880912726866
447,-1,train,30,0.04165632388716925,0.20409880912726866,0.04165632388716925,0.20409880912726866
448,0,train,16,0.04908516769656516,0.22155172690946273,0.041689015884282504,0.2041788820722714
448,1,train,14,0.03429286407199985,0.1851833255776552,0.041689015884282504,0.2041788820722714
448,-1,train,30,0.041689015884282504,0.2041788820722714,0.041689015884282504,0.2041788820722714
449,0,train,16,0.027500069571776347,0.16583144928443563,0.043195564420314865,0.20783542628800045
449,1,train,14,0.05889105926885339,0.24267480147072004,0.043195564420314865,0.20783542628800045
449,-1,train,30,0.043195564420314865,0.20783542628800045,0.043195564420314865,0.20783542628800045
450,0,train,16,0.03106493899041128,0.1762524864800814,0.04291176040153641,0.2071515397035137
450,1,train,14,0.05475858181266153,0.23400551662869304,0.04291176040153641,0.2071515397035137
450,-1,train,30,0.04291176040153641,0.2071515397035137,0.04291176040153641,0.2071515397035137
451,0,train,16,0.046698922707720296,0.21609933527829348,0.041759885473278455,0.204352356172564
451,1,train,14,0.03682084823883662,0.19188759271729014,0.041759885473278455,0.204352356172564
451,-1,train,30,0.041759885473278455,0.204352356172564,0.041759885473278455,0.204352356172564
452,0,train,16,0.05307961191223921,0.23039012980646373,0.04126872342909938,0.20314704878264755
452,1,train,14,0.02945783494595956,0.17163284926248693,0.04126872342909938,0.20314704878264755
452,-1,train,30,0.04126872342909938,0.20314704878264755,0.04126872342909938,0.20314704878264755
453,0,train,16,0.048590057161174816,0.22043152488057333,0.041555670334449554,0.2038520795440889
453,1,train,14,0.034521283507724286,0.18579904065340136,0.041555670334449554,0.2038520795440889
453,-1,train,30,0.041555670334449554,0.2038520795440889,0.041555670334449554,0.2038520795440889
454,0,train,16,0.05266579532631698,0.22949029462336087,0.0412318209434649,0.2030562014405492
454,1,train,14,0.029797846560612816,0.17262052763391963,0.0412318209434649,0.2030562014405492
454,-1,train,30,0.0412318209434649,0.2030562014405492,0.0412318209434649,0.2030562014405492
455,0,train,16,0.048616114151146105,0.22049062145847861,0.04148577046485335,0.2036805598599271
455,1,train,14,0.03435542677856059,0.18535216960845263,0.04148577046485335,0.2036805598599271
455,-1,train,30,0.04148577046485335,0.2036805598599271,0.04148577046485335,0.2036805598599271
456,0,train,16,0.020156035232696493,0.14197195227472395,0.04349298463456559,0.20854971741665246
456,1,train,14,0.0668299340364347,0.2585148623124688,0.04349298463456559,0.20854971741665246
456,-1,train,30,0.04349298463456559,0.20854971741665246,0.04349298463456559,0.20854971741665246
457,0,train,16,0.030204378956268502,0.17379407054404503,0.04273177891661536,0.20671666337432829
457,1,train,14,0.05525917887696222,0.23507270976649378,0.04273177891661536,0.20671666337432829
457,-1,train,30,0.04273177891661536,0.20671666337432829,0.04273177891661536,0.20671666337432829
458,0,train,16,0.03182729509723738,0.17840206023820854,0.04258085778586694,0.20635129702976654
458,1,train,14,0.05333442047449649,0.23094246139351787,0.04258085778586694,0.20635129702976654
458,-1,train,30,0.04258085778586694,0.20635129702976654,0.04258085778586694,0.20635129702976654
459,0,train,16,0.056465721460342254,0.2376251700900859,0.04079600499424621,0.2019802094123239
459,1,train,14,0.02512628852815016,0.15851273932447876,0.04079600499424621,0.2019802094123239
459,-1,train,30,0.04079600499424621,0.2019802094123239,0.04079600499424621,0.2019802094123239
460,0,train,16,0.06656447116100746,0.25800091310111184,0.040042686289682425,0.20010668726877276
460,1,train,14,0.013520901418357387,0.11627941098215705,0.040042686289682425,0.20010668726877276
460,-1,train,30,0.040042686289682425,0.20010668726877276,0.040042686289682425,0.20010668726877276
461,0,train,16,0.0341493571086533,0.18479544666645145,0.04231237281866941,0.20569971516428848
461,1,train,14,0.05047538852868553,0.22466728406398098,0.04231237281866941,0.20569971516428848
461,-1,train,30,0.04231237281866941,0.20569971516428848,0.04231237281866941,0.20569971516428848
462,0,train,16,0.0386050325837289,0.19648163421482656,0.041961661411616225,0.20484545738584545
462,1,train,14,0.045318290239503546,0.21288092972247077,0.041961661411616225,0.20484545738584545
462,-1,train,30,0.041961661411616225,0.20484545738584545,0.041961661411616225,0.20484545738584545
463,0,train,16,0.05155840186283688,0.2270647525769618,0.041004332717573776,0.20249526591398076
463,1,train,14,0.030450263572310673,0.17450003888913798,0.041004332717573776,0.20249526591398076
463,-1,train,30,0.041004332717573776,0.20249526591398076,0.041004332717573776,0.20249526591398076
464,0,train,16,0.02280067789483602,0.15099893342284249,0.043024336800173,0.20742308646863059
464,1,train,14,0.06324799570550999,0.2514915420158499,0.043024336800173,0.20742308646863059
464,-1,train,30,0.043024336800173,0.20742308646863059,0.043024336800173,0.20742308646863059
465,0,train,16,0.03460026825381959,0.18601147344671937,0.042145474177948034,0.20529362917038618
465,1,train,14,0.04969068010207648,0.22291406438822223,0.042145474177948034,0.20529362917038618
465,-1,train,30,0.042145474177948034,0.20529362917038618,0.042145474177948034,0.20529362917038618
466,0,train,16,0.04057239470425746,0.20142590375683428,0.04168380914154235,0.20416613123028596
466,1,train,14,0.042795223578827236,0.20687006448209763,0.04168380914154235,0.20416613123028596
466,-1,train,30,0.04168380914154235,0.20416613123028596,0.04168380914154235,0.20416613123028596
467,0,train,16,0.04056380151191984,0.20140457172546963,0.04165131875625619,0.2040865472201835
467,1,train,14,0.04273883600059253,0.20673373213046906,0.04165131875625619,0.2040865472201835
467,-1,train,30,0.04165131875625619,0.2040865472201835,0.04165131875625619,0.2040865472201835
468,0,train,16,0.031148817812480235,0.17649027682135987,0.042291548347831276,0.2056490903160801
468,1,train,14,0.05343427888318232,0.23115855788437148,0.042291548347831276,0.2056490903160801
468,-1,train,30,0.042291548347831276,0.2056490903160801,0.042291548347831276,0.2056490903160801
469,0,train,16,0.010796983244901475,0.10390853307068422,0.04371644717903174,0.2090847846664882
469,1,train,14,0.07663591111316201,0.276831918523067,0.04371644717903174,0.2090847846664882
469,-1,train,30,0.04371644717903174,0.2090847846664882,0.04371644717903174,0.2090847846664882
470,0,train,16,0.04041590748797883,0.20103707988323655,0.04156175367442565,0.20386699996425525
470,1,train,14,0.042707599860872456,0.2066581715318135,0.04156175367442565,0.20386699996425525
470,-1,train,30,0.04156175367442565,0.20386699996425525,0.04156175367442565,0.20386699996425525
471,0,train,16,0.05490943368473749,0.2343276204051445,0.04049550951350077,0.20123496096230586
471,1,train,14,0.02608158534226405,0.16149794222300187,0.04049550951350077,0.20123496096230586
471,-1,train,30,0.04049550951350077,0.20123496096230586,0.04049550951350077,0.20123496096230586
472,0,train,16,0.032263085679451464,0.1796192798099677,0.04206887190729937,0.20510697673969885
472,1,train,14,0.05187465813514728,0.2277600889865195,0.04206887190729937,0.20510697673969885
472,-1,train,30,0.04206887190729937,0.20510697673969885,0.04206887190729937,0.20510697673969885
473,0,train,16,0.03070784823999537,0.1752365493839552,0.04215008048771174,0.20530484769656984
473,1,train,14,0.0535923127354281,0.23150013549764523,0.04215008048771174,0.20530484769656984
473,-1,train,30,0.04215008048771174,0.20530484769656984,0.04215008048771174,0.20530484769656984
474,0,train,16,0.033875186619080684,0.18405213016719119,0.041885286663376244,0.2046589520724081
474,1,train,14,0.0498953867076718,0.22337275283183444,0.041885286663376244,0.2046589520724081
474,-1,train,30,0.041885286663376244,0.2046589520724081,0.041885286663376244,0.2046589520724081
475,0,train,16,0.03286030964536633,0.18127412845016336,0.041923300948380385,0.2047518032848072
475,1,train,14,0.05098629225139445,0.22580144430759172,0.041923300948380385,0.2047518032848072
475,-1,train,30,0.041923300948380385,0.2047518032848072,0.041923300948380385,0.2047518032848072
476,0,train,16,0.04616163114026414,0.21485258001770458,0.040942092234243374,0.2023415237519066
476,1,train,14,0.03572255332822261,0.18900410928924963,0.040942092234243374,0.2023415237519066
476,-1,train,30,0.040942092234243374,0.2023415237519066,0.040942092234243374,0.2023415237519066
477,0,train,16,0.03749307650918195,0.19363129010875785,0.04152346758784618,0.20377307866312022
477,1,train,14,0.04555385866651042,0.21343349940089165,0.04152346758784618,0.20377307866312022
477,-1,train,30,0.04152346758784618,0.20377307866312022,0.04152346758784618,0.20377307866312022
478,0,train,16,0.04455890197062695,0.21108979598887995,0.04098705101987183,0.20245258956079526
478,1,train,14,0.03741520006911671,0.19343009090913624,0.04098705101987183,0.20245258956079526
478,-1,train,30,0.04098705101987183,0.20245258956079526,0.04098705101987183,0.20245258956079526
479,0,train,16,0.0327404078520955,0.18094310667194674,0.041792182384009974,0.20443136350376861
479,1,train,14,0.05084395691592446,0.2254860459450306,0.041792182384009974,0.20443136350376861
479,-1,train,30,0.041792182384009974,0.20443136350376861,0.041792182384009974,0.20443136350376861
480,0,train,16,0.05572943101833606,0.2360708178033364,0.04012017380439882,0.20030020919709202
480,1,train,14,0.02451091659046158,0.1565596263104303,0.04012017380439882,0.20030020919709202
480,-1,train,30,0.04012017380439882,0.20030020919709202,0.04012017380439882,0.20030020919709202
481,0,train,16,0.048466610908079515,0.2201513363758656,0.04060248146128538,0.20150057434480276
481,1,train,14,0.032738352014491254,0.18093742568769805,0.04060248146128538,0.20150057434480276
481,-1,train,30,0.04060248146128538,0.20150057434480276,0.04060248146128538,0.20150057434480276
482,0,train,16,0.03977505917026208,0.19943685509519568,0.041185734368656385,0.20294268739882299
482,1,train,14,0.04259640956705069,0.20638897636998613,0.041185734368656385,0.20294268739882299
482,-1,train,30,0.041185734368656385,0.20294268739882299,0.041185734368656385,0.20294268739882299
483,0,train,16,0.03253515237013719,0.1803750325575499,0.04167091730304,0.20413455685659887
483,1,train,14,0.05080668223594281,0.2254033767181468,0.04167091730304,0.20413455685659887
483,-1,train,30,0.04167091730304,0.20413455685659887,0.04167091730304,0.20413455685659887
484,0,train,16,0.04213648860333755,0.20527174331441128,0.04094996118544181,0.2023609675442421
484,1,train,14,0.039763433767546055,0.199407707392533,0.04094996118544181,0.2023609675442421
484,-1,train,30,0.04094996118544181,0.2023609675442421,0.04094996118544181,0.2023609675442421
485,0,train,16,0.01828678901582753,0.13522865456635857,0.04261895473519209,0.20644358729491233
485,1,train,14,0.06695112045455665,0.2587491458044966,0.04261895473519209,0.20644358729491233
485,-1,train,30,0.04261895473519209,0.20644358729491233,0.04261895473519209,0.20644358729491233
486,0,train,16,0.040155928555222827,0.20038944222494065,0.04102041390923477,0.20253496959595588
486,1,train,14,0.04188489926324671,0.20465800561729003,0.04102041390923477,0.20253496959595588
486,-1,train,30,0.04102041390923477,0.20253496959595588,0.04102041390923477,0.20253496959595588
487,0,train,16,0.03152155706326862,0.17754311325215805,0.04159993436486173,0.20396061964227735
487,1,train,14,0.05167831166645483,0.2273286424242551,0.04159993436486173,0.20396061964227735
487,-1,train,30,0.04159993436486173,0.20396061964227735,0.04159993436486173,0.20396061964227735
488,0,train,16,0.06283316695365045,0.2506654482645154,0.03934148773255269,0.1983468873780294
488,1,train,14,0.01584980851145493,0.1258960226196798,0.03934148773255269,0.1983468873780294
488,-1,train,30,0.03934148773255269,0.1983468873780294,0.03934148773255269,0.1983468873780294
489,0,train,16,0.06803311777490521,0.2608315889130479,0.03894965061228717,0.19735665839359756
489,1,train,14,0.009866183449669127,0.0993286637867898,0.03894965061228717,0.19735665839359756
489,-1,train,30,0.03894965061228717,0.19735665839359756,0.03894965061228717,0.19735665839359756
490,0,train,16,0.05624911389077756,0.23716895642300567,0.039736644452447685,0.1993405238591684
490,1,train,14,0.023224175014117814,0.15239479982636486,0.039736644452447685,0.1993405238591684
490,-1,train,30,0.039736644452447685,0.1993405238591684,0.039736644452447685,0.1993405238591684
491,0,train,16,0.03024078199815422,0.17389876939804438,0.04156169202294187,0.20386684875904143
491,1,train,14,0.05288260204772951,0.22996217525438722,0.04156169202294187,0.20386684875904143
491,-1,train,30,0.04156169202294187,0.20386684875904143,0.04156169202294187,0.20386684875904143
492,0,train,16,0.028075397623338768,0.1675571473358829,0.04167340802206805,0.20414065744497847
492,1,train,14,0.05527141842079733,0.2350987418528592,0.04167340802206805,0.20414065744497847
492,-1,train,30,0.04167340802206805,0.20414065744497847,0.04167340802206805,0.20414065744497847
493,0,train,16,0.04686152594509513,0.21647523171276462,0.04029866657962168,0.20074527785136487
493,1,train,14,0.033735807214148227,0.1836730987764627,0.04029866657962168,0.20074527785136487
493,-1,train,30,0.04029866657962168,0.20074527785136487,0.04029866657962168,0.20074527785136487
494,0,train,16,0.03731591842275458,0.19317328599667857,0.04094517227325679,0.20234913459972292
494,1,train,14,0.044574426123758996,0.21112656423046106,0.04094517227325679,0.20234913459972292
494,-1,train,30,0.04094517227325679,0.20234913459972292,0.04094517227325679,0.20234913459972292
495,0,train,16,0.041363803386118,0.20338093171710567,0.040621070555752356,0.20154669572025327
495,1,train,14,0.03987833772538671,0.19969561268437197,0.040621070555752356,0.20154669572025327
495,-1,train,30,0.040621070555752356,0.20154669572025327,0.040621070555752356,0.20154669572025327
496,0,train,16,0.04582975829648597,0.21407885999436277,0.0402684705960992,0.20067005405914257
496,1,train,14,0.03470718289571242,0.18629863900660257,0.0402684705960992,0.20067005405914257
496,-1,train,30,0.0402684705960992,0.20067005405914257,0.0402684705960992,0.20067005405914257
497,0,train,16,0.04770861424041911,0.21842301673683365,0.040107079034313015,0.2002675186701853
497,1,train,14,0.03250554382820691,0.18029293893052747,0.040107079034313015,0.2002675186701853
497,-1,train,30,0.040107079034313015,0.2002675186701853,0.040107079034313015,0.2002675186701853
498,0,train,16,0.0635336278871473,0.2520587786353558,0.038943926809689056,0.19734215669665986
498,1,train,14,0.014354225732230816,0.11980912207436802,0.038943926809689056,0.19734215669665986
498,-1,train,30,0.038943926809689056,0.19734215669665986,0.038943926809689056,0.19734215669665986
499,0,train,16,0.03527642332329834,0.1878201888064708,0.040916414120241676,0.20227806139134732
499,1,train,14,0.04655640491718502,0.21576933266149065,0.040916414120241676,0.20227806139134732
499,-1,train,30,0.040916414120241676,0.20227806139134732,0.040916414120241676,0.20227806139134732
500,0,train,16,0.03333267842457246,0.18257239228473854,0.041021713301487225,0.20253817739252822
500,1,train,14,0.048710748178401986,0.22070511588633823,0.041021713301487225,0.20253817739252822
500,-1,train,30,0.041021713301487225,0.20253817739252822,0.041021713301487225,0.20253817739252822
501,0,train,16,0.028598652673470306,0.1691113617515698,0.04132281075161858,0.20328012876722254
501,1,train,14,0.05404696882976686,0.2324800396373135,0.04132281075161858,0.20328012876722254
501,-1,train,30,0.04132281075161858,0.20328012876722254,0.04132281075161858,0.20328012876722254
502,0,train,16,0.044392876188166806,0.2106961703215481,0.040161242557031455,0.2004027009723957
502,1,train,14,0.035929608925896105,0.1895510720779392,0.040161242557031455,0.2004027009723957
502,-1,train,30,0.040161242557031455,0.2004027009723957,0.040161242557031455,0.2004027009723957
503,0,train,16,0.05514847465818687,0.23483712367976847,0.039361800034640106,0.19839808475547366
503,1,train,14,0.02357512541109334,0.15354193372200747,0.039361800034640106,0.19839808475547366
503,-1,train,30,0.039361800034640106,0.19839808475547366,0.039361800034640106,0.19839808475547366
504,0,train,16,0.059066757160162624,0.243036534620132,0.03905108060657964,0.19761346261472076
504,1,train,14,0.019035404052996658,0.13796885174921425,0.03905108060657964,0.19761346261472076
504,-1,train,30,0.03905108060657964,0.19761346261472076,0.03905108060657964,0.19761346261472076
505,0,train,16,0.04750463186014787,0.21795557313394825,0.03983322096246078,0.19958261688448917
505,1,train,14,0.032161810064773685,0.17933714078453936,0.03983322096246078,0.19958261688448917
505,-1,train,30,0.03983322096246078,0.19958261688448917,0.03983322096246078,0.19958261688448917
506,0,train,16,0.022675952801508765,0.1505853671560048,0.04157423988104078,0.2038976210774436
506,1,train,14,0.060472526960572794,0.24591162428924093,0.04157423988104078,0.2038976210774436
506,-1,train,30,0.04157423988104078,0.2038976210774436,0.04157423988104078,0.2038976210774436
507,0,train,16,0.030170254175891087,0.17369586689351904,0.04100274476964308,0.20249134492526608
507,1,train,14,0.05183523536339507,0.22767352802509797,0.04100274476964308,0.20249134492526608
507,-1,train,30,0.04100274476964308,0.20249134492526608,0.04100274476964308,0.20249134492526608
508,0,train,16,0.05125422398273549,0.22639395747840863,0.03947176236455295,0.19867501696124995
508,1,train,14,0.027689300746370417,0.16640102387416497,0.03947176236455295,0.19867501696124995
508,-1,train,30,0.03947176236455295,0.19867501696124995,0.03947176236455295,0.19867501696124995
509,0,train,16,0.04690640417598399,0.216578863640901,0.03973660507727249,0.19934042509554475
509,1,train,14,0.03256680597856099,0.1804627551007714,0.03973660507727249,0.19934042509554475
509,-1,train,30,0.03973660507727249,0.19934042509554475,0.03973660507727249,0.19934042509554475
510,0,train,16,0.014850167129573641,0.12186126180855687,0.04199491756006563,0.20492661506028356
510,1,train,14,0.06913966799055762,0.262944229810349,0.04199491756006563,0.20492661506028356
510,-1,train,30,0.04199491756006563,0.20492661506028356,0.04199491756006563,0.20492661506028356
511,0,train,16,0.06279815644600008,0.2505956034051677,0.03854141291450316,0.19631967021799715
511,1,train,14,0.014284669383006241,0.11951848971186944,0.03854141291450316,0.19631967021799715
511,-1,train,30,0.03854141291450316,0.19631967021799715,0.03854141291450316,0.19631967021799715
512,0,train,16,0.03647975558270037,0.1909967423353089,0.040374512439841026,0.20093409974377427
512,1,train,14,0.044269269296981675,0.2104026361455143,0.040374512439841026,0.20093409974377427
512,-1,train,30,0.040374512439841026,0.20093409974377427,0.040374512439841026,0.20093409974377427
513,0,train,16,0.053610824192060924,0.2315401135701132,0.03911790483679809,0.19778246847685488
513,1,train,14,0.024624985481535255,0.15692350200507016,0.03911790483679809,0.19778246847685488
513,-1,train,30,0.03911790483679809,0.19778246847685488,0.03911790483679809,0.19778246847685488
514,0,train,16,0.03145426498659723,0.17735350288786864,0.04066224324969925,0.201648811674404
514,1,train,14,0.04987022151280127,0.2233164156814301,0.04066224324969925,0.201648811674404
514,-1,train,30,0.04066224324969925,0.201648811674404,0.04066224324969925,0.201648811674404
515,0,train,16,0.028596788237464834,0.16910584921127014,0.04083132820630173,0.2020676327527537
515,1,train,14,0.05306586817513863,0.23036030077931968,0.04083132820630173,0.2020676327527537
515,-1,train,30,0.04083132820630173,0.2020676327527537,0.04083132820630173,0.2020676327527537
516,0,train,16,0.043393296225046875,0.208310576363868,0.039742692061582624,0.19935569232299996
516,1,train,14,0.036092087898118366,0.18997917753827226,0.039742692061582624,0.19935569232299996
516,-1,train,30,0.039742692061582624,0.19935569232299996,0.039742692061582624,0.19935569232299996
517,0,train,16,0.023339224727316695,0.15277180606157897,0.0411355662210206,0.20281904797385428
517,1,train,14,0.05893190771472451,0.2427589498138524,0.0411355662210206,0.20281904797385428
517,-1,train,30,0.0411355662210206,0.20281904797385428,0.0411355662210206,0.20281904797385428
518,0,train,16,0.045967766211684004,0.21440094731993142,0.03949146857996462,0.19872460486805507
518,1,train,14,0.03301517094824524,0.18170077310855132,0.03949146857996462,0.19872460486805507
518,-1,train,30,0.03949146857996462,0.19872460486805507,0.03949146857996462,0.19872460486805507
519,0,train,16,0.025056664353747288,0.15829297000734835,0.04094604494958228,0.20235129095111373
519,1,train,14,0.056835425545417276,0.238401815314853,0.04094604494958228,0.20235129095111373
519,-1,train,30,0.04094604494958228,0.20235129095111373,0.04094604494958228,0.20235129095111373
520,0,train,16,0.05488550140437007,0.2342765489851045,0.038782802332959485,0.19693349723436968
520,1,train,14,0.0226801032615489,0.15059914761229196,0.038782802332959485,0.19693349723436968
520,-1,train,30,0.038782802332959485,0.19693349723436968,0.038782802332959485,0.19693349723436968
521,0,train,16,0.03240550014997747,0.18001527754603905,0.04034626118801661,0.20086378764729249
521,1,train,14,0.04828702222605575,0.21974308231672676,0.04034626118801661,0.20086378764729249
521,-1,train,30,0.04034626118801661,0.20086378764729249,0.04034626118801661,0.20086378764729249
522,0,train,16,0.062076283602389405,0.24915112603074746,0.03820147131184303,0.19545196676381393
522,1,train,14,0.01432665902129666,0.11969402249609902,0.03820147131184303,0.19545196676381393
522,-1,train,30,0.03820147131184303,0.19545196676381393,0.03820147131184303,0.19545196676381393
523,0,train,16,0.03214399115531786,0.1792874539819166,0.040294819877372115,0.20073569656982315
523,1,train,14,0.04844564859942638,0.22010372236612988,0.040294819877372115,0.20073569656982315
523,-1,train,30,0.040294819877372115,0.20073569656982315,0.040294819877372115,0.20073569656982315
524,0,train,16,0.04653343384029566,0.2157160954595082,0.039235023408968436,0.19807832644933276
524,1,train,14,0.031936612977641214,0.17870817826177182,0.039235023408968436,0.19807832644933276
524,-1,train,30,0.039235023408968436,0.19807832644933276,0.039235023408968436,0.19807832644933276
525,0,train,16,0.031406398325584596,0.17721850446718196,0.040273658489958244,0.20068298007045401
525,1,train,14,0.049140918654331886,0.22167751048388262,0.040273658489958244,0.20068298007045401
525,-1,train,30,0.040273658489958244,0.20068298007045401,0.040273658489958244,0.20068298007045401
526,0,train,16,0.04746024179021075,0.21785371649391422,0.03909503589559006,0.19772464665688508
526,1,train,14,0.030729830000969377,0.1752992584153435,0.03909503589559006,0.19772464665688508
526,-1,train,30,0.03909503589559006,0.19772464665688508,0.03909503589559006,0.19772464665688508
527,0,train,16,0.04608645412052506,0.21467755849302242,0.039162625073897644,0.19789549028185974
527,1,train,14,0.03223879602727022,0.1795516528113017,0.039162625073897644,0.19789549028185974
527,-1,train,30,0.039162625073897644,0.19789549028185974,0.039162625073897644,0.19789549028185974
528,0,train,16,0.03494592020753107,0.186938279139215,0.03991409621286157,0.1997851251041017
528,1,train,14,0.04488227221819208,0.21185436558681553,0.03991409621286157,0.1997851251041017
528,-1,train,30,0.03991409621286157,0.1997851251041017,0.03991409621286157,0.1997851251041017
529,0,train,16,0.03612184671960368,0.19005748267196343,0.039796676154595464,0.19949104279289198
529,1,train,14,0.04347150558958724,0.20849821483549263,0.039796676154595464,0.19949104279289198
529,-1,train,30,0.039796676154595464,0.19949104279289198,0.039796676154595464,0.19949104279289198
530,0,train,16,0.06686875584714316,0.2585899376370689,0.03758214605363644,0.19386115148125072
530,1,train,14,0.008295536260129712,0.09107983454162459,0.03758214605363644,0.19386115148125072
530,-1,train,30,0.03758214605363644,0.19386115148125072,0.03758214605363644,0.19386115148125072
531,0,train,16,0.022023808147071913,0.14840420528769363,0.04073634778220819,0.2018324745480969
531,1,train,14,0.05944888741734448,0.2438214252631308,0.04073634778220819,0.2018324745480969
531,-1,train,30,0.04073634778220819,0.2018324745480969,0.04073634778220819,0.2018324745480969
532,0,train,16,0.03072793739091674,0.17529386010615644,0.040072271183485386,0.20018059642104524
532,1,train,14,0.049416604976054025,0.2222984592300496,0.040072271183485386,0.20018059642104524
532,-1,train,30,0.040072271183485386,0.20018059642104524,0.040072271183485386,0.20018059642104524
533,0,train,16,0.03916083761443425,0.19789097406004713,0.03943603775699721,0.1985850894629232
533,1,train,14,0.03971123789956016,0.19927678715685918,0.03943603775699721,0.1985850894629232
533,-1,train,30,0.03943603775699721,0.1985850894629232,0.03943603775699721,0.1985850894629232
534,0,train,16,0.012685797542164028,0.1126312458519572,0.041297341143791994,0.20321747253568526
534,1,train,14,0.06990888474541997,0.2644028833908964,0.041297341143791994,0.20321747253568526
534,-1,train,30,0.041297341143791994,0.20321747253568526,0.041297341143791994,0.20321747253568526
535,0,train,16,0.03478069535552831,0.18649583200578052,0.039677205653168166,0.19919137946499635
535,1,train,14,0.04457371595080803,0.21112488235830476,0.039677205653168166,0.19919137946499635
535,-1,train,30,0.039677205653168166,0.19919137946499635,0.039677205653168166,0.19919137946499635
536,0,train,16,0.04592210428228081,0.21429443362411635,0.03884788804384111,0.1970986759058546
536,1,train,14,0.031773671805401416,0.17825170912336694,0.03884788804384111,0.1970986759058546
536,-1,train,30,0.03884788804384111,0.1970986759058546,0.03884788804384111,0.1970986759058546
537,0,train,16,0.039256850370863454,0.1981334155837007,0.039285106489977,0.19820470854643438
537,1,train,14,0.03931336260909054,0.19827597587476536,0.039285106489977,0.19820470854643438
537,-1,train,30,0.039285106489977,0.19820470854643438,0.039285106489977,0.19820470854643438
538,0,train,16,0.04600829547689591,0.21449544395370246,0.038769999689418924,0.19690098955926788
538,1,train,14,0.03153170390194194,0.17757168665624015,0.038769999689418924,0.19690098955926788
538,-1,train,30,0.038769999689418924,0.19690098955926788,0.038769999689418924,0.19690098955926788
539,0,train,16,0.0268680840404636,0.16391486827150123,0.04009822060354543,0.20024540095479204
539,1,train,14,0.05332835716662727,0.23092933370758092,0.04009822060354543,0.20024540095479204
539,-1,train,30,0.04009822060354543,0.20024540095479204,0.04009822060354543,0.20024540095479204
540,0,train,16,0.04553631599212831,0.2133923990964259,0.03872977548700415,0.19679881983132966
540,1,train,14,0.031923234981879996,0.1786707446166831,0.03872977548700415,0.19679881983132966
540,-1,train,30,0.03872977548700415,0.19679881983132966,0.03872977548700415,0.19679881983132966
541,0,train,16,0.04750549778388916,0.21795755959335103,0.038555014711305735,0.196354309123344
541,1,train,14,0.0296045316387223,0.17205967464435792,0.038555014711305735,0.196354309123344
541,-1,train,30,0.038555014711305735,0.196354309123344,0.038555014711305735,0.196354309123344
542,0,train,16,0.05816427263314902,0.24117270291877774,0.037763975618898354,0.19432955415710282
542,1,train,14,0.017363678604647687,0.13177131176643755,0.037763975618898354,0.19432955415710282
542,-1,train,30,0.037763975618898354,0.19432955415710282,0.037763975618898354,0.19432955415710282
543,0,train,16,0.028212642270931277,0.1679661938335547,0.039858027978518625,0.19964475444779065
543,1,train,14,0.05150341368610597,0.226943635482703,0.039858027978518625,0.19964475444779065
543,-1,train,30,0.039858027978518625,0.19964475444779065,0.039858027978518625,0.19964475444779065
544,0,train,16,0.017581631134054653,0.13259574327275614,0.04058820065209489,0.20146513507824348
544,1,train,14,0.06359477017013512,0.25218003523303567,0.04058820065209489,0.20146513507824348
544,-1,train,30,0.04058820065209489,0.20146513507824348,0.04058820065209489,0.20146513507824348
545,0,train,16,0.058349827101430274,0.24155708870043593,0.03764026054814457,0.194010980483437
545,1,train,14,0.016930693994858872,0.13011800027228698,0.03764026054814457,0.194010980483437
545,-1,train,30,0.03764026054814457,0.194010980483437,0.03764026054814457,0.194010980483437
546,0,train,16,0.03960276363332898,0.19900443119018477,0.03893500676026902,0.19731955493632408
546,1,train,14,0.03826724988720907,0.19562016738365468,0.03893500676026902,0.19731955493632408
546,-1,train,30,0.03893500676026902,0.19731955493632408,0.03893500676026902,0.19731955493632408
547,0,train,16,0.04365893087314681,0.20894719637541637,0.038609637099437905,0.19649335128557888
547,1,train,14,0.033560343325729006,0.1831948234141156,0.038609637099437905,0.19649335128557888
547,-1,train,30,0.038609637099437905,0.19649335128557888,0.038609637099437905,0.19649335128557888
548,0,train,16,0.0329513991755838,0.18152520259067004,0.03933649323129208,0.19833429665918118
548,1,train,14,0.04572158728700036,0.21382606783785826,0.03933649323129208,0.19833429665918118
548,-1,train,30,0.03933649323129208,0.19833429665918118,0.03933649323129208,0.19833429665918118
549,0,train,16,0.042401590918525765,0.20591646587518386,0.038625812348654275,0.19653450676319992
549,1,train,14,0.034850033778782784,0.18668163749759317,0.038625812348654275,0.19653450676319992
549,-1,train,30,0.038625812348654275,0.19653450676319992,0.038625812348654275,0.19653450676319992
550,0,train,16,0.020789723027920412,0.14418641762635068,0.040132135199504815,0.20033006564044453
550,1,train,14,0.059474547371089224,0.2438740399695901,0.040132135199504815,0.20033006564044453
550,-1,train,30,0.040132135199504815,0.20033006564044453,0.040132135199504815,0.20033006564044453
551,0,train,16,0.04708607180009383,0.21699325289071508,0.03822460201748439,0.19551113016266974
551,1,train,14,0.02936313223487495,0.17135673968325538,0.03822460201748439,0.19551113016266974
551,-1,train,30,0.03822460201748439,0.19551113016266974,0.03822460201748439,0.19551113016266974
552,0,train,16,0.05783884797576646,0.24049708517104,0.03742680656865957,0.19346009037695494
552,1,train,14,0.017014765161552686,0.13044065762465584,0.03742680656865957,0.19346009037695494
552,-1,train,30,0.03742680656865957,0.19346009037695494,0.03742680656865957,0.19346009037695494
553,0,train,16,0.03552232552693709,0.18847367329931544,0.03897212523082695,0.19741358927598412
553,1,train,14,0.04242192493471682,0.20596583438696045,0.03897212523082695,0.19741358927598412
553,-1,train,30,0.03897212523082695,0.19741358927598412,0.03897212523082695,0.19741358927598412
554,0,train,16,0.031175214724648636,0.17656504389218336,0.039244415640879465,0.19810203340924964
554,1,train,14,0.0473136165571103,0.21751693395483096,0.039244415640879465,0.19810203340924964
554,-1,train,30,0.039244415640879465,0.19810203340924964,0.039244415640879465,0.19810203340924964
555,0,train,16,0.03912292174826929,0.19779515097258904,0.038643966434943014,0.1965806868309881
555,1,train,14,0.03816501112161673,0.19535867301355406,0.038643966434943014,0.1965806868309881
555,-1,train,30,0.038643966434943014,0.1965806868309881,0.038643966434943014,0.1965806868309881
556,0,train,16,0.027425195468534436,0.16560554178086684,0.039441706061993535,0.198599360678713
556,1,train,14,0.05145821665545263,0.22684403597064798,0.039441706061993535,0.198599360678713
556,-1,train,30,0.039441706061993535,0.198599360678713,0.039441706061993535,0.198599360678713
557,0,train,16,0.021250371121206573,0.14577507030081163,0.039849207148780715,0.1996226619118699
557,1,train,14,0.05844804317635485,0.24176030107599314,0.039849207148780715,0.1996226619118699
557,-1,train,30,0.039849207148780715,0.1996226619118699,0.039849207148780715,0.1996226619118699
558,0,train,16,0.04569392917432821,0.2137613837303834,0.038066561612215694,0.19510653913238196
558,1,train,14,0.03043919405010318,0.17446831818442907,0.038066561612215694,0.19510653913238196
558,-1,train,30,0.038066561612215694,0.19510653913238196,0.038066561612215694,0.19510653913238196
559,0,train,16,0.024601780583398597,0.15684954760342346,0.03953567360175644,0.19883579557453038
559,1,train,14,0.054469566620114276,0.23338716035830737,0.03953567360175644,0.19883579557453038
559,-1,train,30,0.03953567360175644,0.19883579557453038,0.03953567360175644,0.19883579557453038
560,0,train,16,0.04468497546154765,0.21138821031823807,0.038075751191873376,0.19513008786928113
560,1,train,14,0.0314665269221991,0.17738806871432786,0.038075751191873376,0.19513008786928113
560,-1,train,30,0.038075751191873376,0.19513008786928113,0.038075751191873376,0.19513008786928113
561,0,train,16,0.04612544076294715,0.2147683420873457,0.03792598034210992,0.1947459379348127
561,1,train,14,0.0297265199212727,0.1724138043234146,0.03792598034210992,0.1947459379348127
561,-1,train,30,0.03792598034210992,0.1947459379348127,0.03792598034210992,0.1947459379348127
562,0,train,16,0.021074745487266372,0.14517143481851508,0.03968109012037062,0.19920112981700333
562,1,train,14,0.05828743475347486,0.2414279079838842,0.03968109012037062,0.19920112981700333
562,-1,train,30,0.03968109012037062,0.19920112981700333,0.03968109012037062,0.19920112981700333
563,0,train,16,0.03861396989859122,0.1965043762835607,0.03838804459912569,0.1959286722231478
563,1,train,14,0.038162119299660166,0.19535127155885157,0.03838804459912569,0.1959286722231478
563,-1,train,30,0.03838804459912569,0.1959286722231478,0.03838804459912569,0.1959286722231478
564,0,train,16,0.03540542702633919,0.18816329882933916,0.03857973668142044,0.1964172514862695
564,1,train,14,0.041754046336501684,0.20433806874026603,0.03857973668142044,0.1964172514862695
564,-1,train,30,0.03857973668142044,0.1964172514862695,0.03857973668142044,0.1964172514862695
565,0,train,16,0.03555362648512057,0.1885566930265817,0.03853133753261724,0.19629400788770207
565,1,train,14,0.04150904858011391,0.20373769553058635,0.03853133753261724,0.19629400788770207
565,-1,train,30,0.03853133753261724,0.19629400788770207,0.03853133753261724,0.19629400788770207
566,0,train,16,0.02394870499599355,0.1547536913808312,0.0393323403199733,0.19832382690935876
566,1,train,14,0.054715975643953044,0.23391446223770143,0.0393323403199733,0.19832382690935876
566,-1,train,30,0.0393323403199733,0.19832382690935876,0.0393323403199733,0.19832382690935876
567,0,train,16,0.041009087235274085,0.20250700539802094,0.0380695097790401,0.19511409426035858
567,1,train,14,0.03512993232280611,0.18742980638843468,0.0380695097790401,0.19511409426035858
567,-1,train,30,0.0380695097790401,0.19511409426035858,0.0380695097790401,0.19511409426035858
568,0,train,16,0.03043936008948001,0.1744687940277,0.038784128331151836,0.19693686381973244
568,1,train,14,0.04712889657282366,0.21709190812377982,0.038784128331151836,0.19693686381973244
568,-1,train,30,0.038784128331151836,0.19693686381973244,0.038784128331151836,0.19693686381973244
569,0,train,16,0.0470503335551112,0.21691088851210583,0.03756560659070042,0.1938184887741632
569,1,train,14,0.028080879626289648,0.16757350514412966,0.03756560659070042,0.1938184887741632
569,-1,train,30,0.03756560659070042,0.1938184887741632,0.03756560659070042,0.1938184887741632
570,0,train,16,0.027734857810447,0.16653785698887505,0.03890771592841492,0.19725038891828559
570,1,train,14,0.05008057404638284,0.22378689426859394,0.03890771592841492,0.19725038891828559
570,-1,train,30,0.03890771592841492,0.19725038891828559,0.03890771592841492,0.19725038891828559
571,0,train,16,0.020863690016230063,0.14444268765233517,0.039360231603908974,0.19839413197952446
571,1,train,14,0.05785677319158788,0.24053434929670206,0.039360231603908974,0.19839413197952446
571,-1,train,30,0.039360231603908974,0.19839413197952446,0.039360231603908974,0.19839413197952446
572,0,train,16,0.03450498045781695,0.18575516266800488,0.03834716033466516,0.195824309866434
572,1,train,14,0.04218934021151338,0.2054004386838387,0.03834716033466516,0.195824309866434
572,-1,train,30,0.03834716033466516,0.195824309866434,0.03834716033466516,0.195824309866434
573,0,train,16,0.04731069090226134,0.21751020873113366,0.03739841990547637,0.19338671077785147
573,1,train,14,0.027486148908691405,0.1657894716460952,0.03739841990547637,0.19338671077785147
573,-1,train,30,0.03739841990547637,0.19338671077785147,0.03739841990547637,0.19338671077785147
574,0,train,16,0.024343888107087947,0.15602528034612836,0.03900205227102505,0.19748937255210736
574,1,train,14,0.05366021643496216,0.23164674924324355,0.03900205227102505,0.19748937255210736
574,-1,train,30,0.03900205227102505,0.19748937255210736,0.03900205227102505,0.19748937255210736
575,0,train,16,0.05250450078789043,0.22913860606168143,0.03695502805957955,0.19223690608095925
575,1,train,14,0.021405555331268675,0.14630637488253434,0.03695502805957955,0.19223690608095925
575,-1,train,30,0.03695502805957955,0.19223690608095925,0.03695502805957955,0.19223690608095925
576,0,train,16,0.021426589483115228,0.14637824115323708,0.0391325322565066,0.19781944357546505
576,1,train,14,0.056838475029897965,0.23840821091123932,0.0391325322565066,0.19781944357546505
576,-1,train,30,0.0391325322565066,0.19781944357546505,0.0391325322565066,0.19781944357546505
577,0,train,16,0.03502236425379835,0.1871426307760964,0.03812489412124997,0.19525597076978202
577,1,train,14,0.041227423988701585,0.2030453742115333,0.03812489412124997,0.19525597076978202
577,-1,train,30,0.03812489412124997,0.19525597076978202,0.03812489412124997,0.19525597076978202
578,0,train,16,0.044349363627497716,0.21059288598501544,0.03742582231672667,0.19345754654891772
578,1,train,14,0.030502281005955624,0.17464902234468885,0.03742582231672667,0.19345754654891772
578,-1,train,30,0.03742582231672667,0.19345754654891772,0.03742582231672667,0.19345754654891772
579,0,train,16,0.037729910155502276,0.19424188568767106,0.037856737662508765,0.19456807976260845
579,1,train,14,0.03798356516951525,0.19489372788654655,0.037856737662508765,0.19456807976260845
579,-1,train,30,0.037856737662508765,0.19456807976260845,0.037856737662508765,0.19456807976260845
580,0,train,16,0.0190283916558879,0.1379434364364173,0.03915452732965211,0.19787502957587172
580,1,train,14,0.05928066300341633,0.24347620623670052,0.03915452732965211,0.19787502957587172
580,-1,train,30,0.03915452732965211,0.19787502957587172,0.03915452732965211,0.19787502957587172
581,0,train,16,0.01117301154669247,0.10570246707949853,0.039701638574547685,0.19925270029424366
581,1,train,14,0.0682302656024029,0.2612092372072682,0.039701638574547685,0.19925270029424366
581,-1,train,30,0.039701638574547685,0.19925270029424366,0.039701638574547685,0.19925270029424366
582,0,train,16,0.0545946678920422,0.23365501897464602,0.03655030586018858,0.19118134286637015
582,1,train,14,0.018505943828334957,0.1360365532801201,0.03655030586018858,0.19118134286637015
582,-1,train,30,0.03655030586018858,0.19118134286637015,0.03655030586018858,0.19118134286637015
583,0,train,16,0.06171285858027067,0.24842072896654713,0.036013216615403264,0.18977148525372103
583,1,train,14,0.010313574650535865,0.10155577113357894,0.036013216615403264,0.18977148525372103
583,-1,train,30,0.036013216615403264,0.18977148525372103,0.036013216615403264,0.18977148525372103
584,0,train,16,0.019913678521837196,0.1411158337035118,0.03895101009288137,0.1973601025863165
584,1,train,14,0.057988341663925545,0.2408076860565824,0.03895101009288137,0.1973601025863165
584,-1,train,30,0.03895101009288137,0.1973601025863165,0.03895101009288137,0.1973601025863165
585,0,train,16,0.03975176182004367,0.19937843870399746,0.037489862640357155,0.19362299099114536
585,1,train,14,0.03522796346067064,0.18769113847134777,0.037489862640357155,0.19362299099114536
585,-1,train,30,0.037489862640357155,0.19362299099114536,0.037489862640357155,0.19362299099114536
586,0,train,16,0.030758286898629958,0.17538040625631462,0.03809383854202547,0.19517642926856069
586,1,train,14,0.045429390185420984,0.21314171385587802,0.03809383854202547,0.19517642926856069
586,-1,train,30,0.03809383854202547,0.19517642926856069,0.03809383854202547,0.19517642926856069
587,0,train,16,0.05103251631577416,0.22590377667443756,0.03661521752355236,0.1913510321988161
587,1,train,14,0.022197918731330556,0.14898965981346007,0.03661521752355236,0.1913510321988161
587,-1,train,30,0.03661521752355236,0.1913510321988161,0.03661521752355236,0.1913510321988161
588,0,train,16,0.03432197570384088,0.1852619110984254,0.03776529356452979,0.19433294513419436
588,1,train,14,0.04120861142521871,0.20299904291700172,0.03776529356452979,0.19433294513419436
588,-1,train,30,0.03776529356452979,0.19433294513419436,0.03776529356452979,0.19433294513419436
589,0,train,16,0.017023250287270673,0.13047317842097153,0.038972064815425096,0.1974134362585918
589,1,train,14,0.060920879343579516,0.24682155364469188,0.038972064815425096,0.1974134362585918
589,-1,train,30,0.038972064815425096,0.1974134362585918,0.038972064815425096,0.1974134362585918
590,0,train,16,0.020331110368422736,0.14258720268110578,0.03869330321508754,0.19670613415724367
590,1,train,14,0.05705549606175236,0.23886292316253763,0.03869330321508754,0.19670613415724367
590,-1,train,30,0.03869330321508754,0.19670613415724367,0.03869330321508754,0.19670613415724367
591,0,train,16,0.03324869878569906,0.18234225726830045,0.03773142859264399,0.19424579427273062
591,1,train,14,0.04221415839958892,0.20546084395716113,0.03773142859264399,0.19424579427273062
591,-1,train,30,0.03773142859264399,0.19424579427273062,0.03773142859264399,0.19424579427273062
592,0,train,16,0.03133781007860514,0.17702488547829973,0.03782920299429949,0.19449730845001298
592,1,train,14,0.04432059590999384,0.21052457317376003,0.03782920299429949,0.19449730845001298
592,-1,train,30,0.03782920299429949,0.19449730845001298,0.03782920299429949,0.19449730845001298
593,0,train,16,0.028409001431821897,0.16854970018312668,0.038002784163455997,0.19494302799396546
593,1,train,14,0.0475965668950901,0.21816637434556704,0.038002784163455997,0.19494302799396546
593,-1,train,30,0.038002784163455997,0.19494302799396546,0.038002784163455997,0.19494302799396546
594,0,train,16,0.012432838172415568,0.11150263751326947,0.03910658481507085,0.1977538490524795
594,1,train,14,0.06578033145772613,0.25647676592183966,0.03910658481507085,0.1977538490524795
594,-1,train,30,0.03910658481507085,0.1977538490524795,0.03910658481507085,0.1977538490524795
595,0,train,16,0.030999874449564795,0.17606781207695174,0.03774321421797745,0.19427612879089765
595,1,train,14,0.04448655398639011,0.21091835858073169,0.03774321421797745,0.19427612879089765
595,-1,train,30,0.03774321421797745,0.19427612879089765,0.03774321421797745,0.19427612879089765
596,0,train,16,0.03008420598863895,0.17344799217240583,0.03776867006841775,0.19434163236017585
596,1,train,14,0.04545313414819655,0.21319740652314828,0.03776867006841775,0.19434163236017585
596,-1,train,30,0.03776867006841775,0.19434163236017585,0.03776867006841775,0.19434163236017585
597,0,train,16,0.025240624718429805,0.15887298297202646,0.03807519103409657,0.19512865251955328
597,1,train,14,0.05090975734976332,0.22563190676356773,0.03807519103409657,0.19512865251955328
597,-1,train,30,0.03807519103409657,0.19512865251955328,0.03807519103409657,0.19512865251955328
598,0,train,16,0.04375028856831976,0.20916569644260447,0.03671998108115818,0.19162458370772312
598,1,train,14,0.02968967359399661,0.17230691684896637,0.03671998108115818,0.19162458370772312
598,-1,train,30,0.03671998108115818,0.19162458370772312,0.03671998108115818,0.19162458370772312
599,0,train,16,0.03183020882578214,0.17841022623656455,0.03753202244315579,0.19373183125949073
599,1,train,14,0.043233836060529426,0.2079274778871937,0.03753202244315579,0.19373183125949073
599,-1,train,30,0.03753202244315579,0.19373183125949073,0.03753202244315579,0.19373183125949073
600,0,train,16,0.04433683343911623,0.2105631340931176,0.03660665502166245,0.1913286570842498
600,1,train,14,0.028876476604208678,0.16993079945733403,0.03660665502166245,0.1913286570842498
600,-1,train,30,0.03660665502166245,0.1913286570842498,0.03660665502166245,0.1913286570842498
601,0,train,16,0.04127379049773445,0.20315951983043878,0.036782718512693394,0.19178821265315915
601,1,train,14,0.03229164652765233,0.17969876607159085,0.036782718512693394,0.19178821265315915
601,-1,train,30,0.036782718512693394,0.19178821265315915,0.036782718512693394,0.19178821265315915
602,0,train,16,0.024645538319141732,0.15698897515157467,0.03793746513497227,0.19477542230726205
602,1,train,14,0.05122939195080281,0.22633910831052334,0.03793746513497227,0.19477542230726205
602,-1,train,30,0.03793746513497227,0.19477542230726205,0.03793746513497227,0.19477542230726205
603,0,train,16,0.039695907752173125,0.19923831898551325,0.036818686412193276,0.19188195957982418
603,1,train,14,0.03394146507221343,0.1842320956625458,0.036818686412193276,0.19188195957982418
603,-1,train,30,0.036818686412193276,0.19188195957982418,0.036818686412193276,0.19188195957982418
604,0,train,16,0.026587562666828084,0.16305693075373423,0.037719349949471674,0.19421470065232363
604,1,train,14,0.04885113723211526,0.22102293372434287,0.037719349949471674,0.19421470065232363
604,-1,train,30,0.037719349949471674,0.19421470065232363,0.037719349949471674,0.19421470065232363
605,0,train,16,0.05694976842277689,0.23864150607716356,0.0355234764380397,0.1884767265156091
605,1,train,14,0.01409718445330251,0.11873156468817596,0.0355234764380397,0.1884767265156091
605,-1,train,30,0.0355234764380397,0.1884767265156091,0.0355234764380397,0.1884767265156091
606,0,train,16,0.04731224878970761,0.21751378988401543,0.036164829222422645,0.19017052669228912
606,1,train,14,0.025017409655137678,0.15816892759052797,0.036164829222422645,0.19017052669228912
606,-1,train,30,0.036164829222422645,0.19017052669228912,0.036164829222422645,0.19017052669228912
607,0,train,16,0.05630255078079991,0.2372815854228893,0.03548977147084842,0.1883872911606524
607,1,train,14,0.01467699216089692,0.12114863664481297,0.03548977147084842,0.1883872911606524
607,-1,train,30,0.03548977147084842,0.1883872911606524,0.03548977147084842,0.1883872911606524
608,0,train,16,0.022624628886428844,0.15041485593660237,0.037852534541874525,0.19455727830609298
608,1,train,14,0.05308044019732021,0.23039192737012337,0.037852534541874525,0.19455727830609298
608,-1,train,30,0.037852534541874525,0.19455727830609298,0.037852534541874525,0.19455727830609298
609,0,train,16,0.015453040990007189,0.12431026100047891,0.03832774173391035,0.19577472189716003
609,1,train,14,0.061202442477813514,0.24739127405349914,0.03832774173391035,0.19577472189716003
609,-1,train,30,0.03832774173391035,0.19577472189716003,0.03832774173391035,0.19577472189716003
610,0,train,16,0.0402159313138097,0.2005391017078956,0.03651988889536062,0.1911017762747396
610,1,train,14,0.03282384647691155,0.18117352587205326,0.03651988889536062,0.1911017762747396
610,-1,train,30,0.03651988889536062,0.1911017762747396,0.03651988889536062,0.1911017762747396
611,0,train,16,0.03906507475189523,0.1976488673175114,0.03656256691920785,0.19121340674546816
611,1,train,14,0.03406005908652047,0.1845536753535959,0.03656256691920785,0.19121340674546816
611,-1,train,30,0.03656256691920785,0.19121340674546816,0.03656256691920785,0.19121340674546816
612,0,train,16,0.03332505625274137,0.18255151670895908,0.036934791050303895,0.19218426327434798
612,1,train,14,0.040544525847866414,0.2013567129446307,0.036934791050303895,0.19218426327434798
612,-1,train,30,0.036934791050303895,0.19218426327434798,0.036934791050303895,0.19218426327434798
613,0,train,16,0.050613898756089126,0.22497532921653682,0.03566749511913022,0.1888583996520415
613,1,train,14,0.020721091482171314,0.14394822500528207,0.03566749511913022,0.1888583996520415
613,-1,train,30,0.03566749511913022,0.1888583996520415,0.03566749511913022,0.1888583996520415
614,0,train,16,0.0237128610430552,0.15398980824410166,0.03754682980169849,0.19377004361277955
614,1,train,14,0.05138079856034177,0.2266733300596737,0.03754682980169849,0.19377004361277955
614,-1,train,30,0.03754682980169849,0.19377004361277955,0.03754682980169849,0.19377004361277955
615,0,train,16,0.02387127143710012,0.15450330558632108,0.03749900670953428,0.1936466026284331
615,1,train,14,0.05112674198196844,0.22611223315417597,0.03749900670953428,0.1936466026284331
615,-1,train,30,0.03749900670953428,0.1936466026284331,0.03749900670953428,0.1936466026284331
616,0,train,16,0.059583778343838927,0.24409788680740135,0.034931813560121774,0.1869005445688208
616,1,train,14,0.010279848776404615,0.10138958909278908,0.034931813560121774,0.1869005445688208
616,-1,train,30,0.034931813560121774,0.1869005445688208,0.034931813560121774,0.1869005445688208
617,0,train,16,0.04023474025306017,0.20058599216560505,0.036254783909564686,0.19040689039413644
617,1,train,14,0.032274827566069204,0.1796519623217882,0.036254783909564686,0.19040689039413644
617,-1,train,30,0.036254783909564686,0.19040689039413644,0.036254783909564686,0.19040689039413644
618,0,train,16,0.03272270278597204,0.1808941756551936,0.03675089978811723,0.19170524194219946
618,1,train,14,0.040779096790262426,0.20193834898369953,0.03675089978811723,0.19170524194219946
618,-1,train,30,0.03675089978811723,0.19170524194219946,0.03675089978811723,0.19170524194219946
619,0,train,16,0.028967202289611,0.17019753902336837,0.036980828264015206,0.19230399960483194
619,1,train,14,0.04499445423841941,0.21211896246780818,0.036980828264015206,0.19230399960483194
619,-1,train,30,0.036980828264015206,0.19230399960483194,0.036980828264015206,0.19230399960483194
620,0,train,16,0.03127403692362012,0.17684466891489867,0.036777701814113266,0.1917751334613361
620,1,train,14,0.04228136670460641,0.20562433393109486,0.036777701814113266,0.1917751334613361
620,-1,train,30,0.036777701814113266,0.1917751334613361,0.036777701814113266,0.1917751334613361
621,0,train,16,0.02985157982411163,0.17277609737493096,0.036846576862302,0.19195462188314716
621,1,train,14,0.04384157390049238,0.2093837956970223,0.036846576862302,0.19195462188314716
621,-1,train,30,0.036846576862302,0.19195462188314716,0.036846576862302,0.19195462188314716
622,0,train,16,0.046872889731553395,0.21650147743503598,0.035594611410855084,0.18866534236805413
622,1,train,14,0.024316333090156777,0.15593695229212598,0.035594611410855084,0.18866534236805413
622,-1,train,30,0.035594611410855084,0.18866534236805413,0.035594611410855084,0.18866534236805413
623,0,train,16,0.042783611816714334,0.20684199722666172,0.03584489331766646,0.18932747639385694
623,1,train,14,0.02890617481861858,0.17001816026124555,0.03584489331766646,0.18932747639385694
623,-1,train,30,0.03584489331766646,0.18932747639385694,0.03584489331766646,0.18932747639385694
624,0,train,16,0.02951343028634711,0.17179473299943485,0.036753825570296425,0.1917128727297581
624,1,train,14,0.043994220854245744,0.20974799368348138,0.036753825570296425,0.1917128727297581
624,-1,train,30,0.036753825570296425,0.1917128727297581,0.036753825570296425,0.1917128727297581
625,0,train,16,0.02470217803567201,0.15716926555682573,0.03705770358582542,0.19250377551057388
625,1,train,14,0.04941322913597883,0.22229086606511486,0.03705770358582542,0.19250377551057388
625,-1,train,30,0.03705770358582542,0.19250377551057388,0.03705770358582542,0.19250377551057388
626,0,train,16,0.018500378543338122,0.1360160966332225,0.037469178004663546,0.19356956890137342
626,1,train,14,0.05643797746598897,0.23756678527519157,0.037469178004663546,0.19356956890137342
626,-1,train,30,0.037469178004663546,0.19356956890137342,0.037469178004663546,0.19356956890137342
627,0,train,16,0.04980272729255667,0.22316524660564124,0.03520278705777144,0.18762405777983654
627,1,train,14,0.020602846822986205,0.14353691797926485,0.03520278705777144,0.18762405777983654
627,-1,train,30,0.03520278705777144,0.18762405777983654,0.03520278705777144,0.18762405777983654
628,0,train,16,0.029390341881368704,0.17143611603559125,0.03660958476051948,0.19133631323018505
628,1,train,14,0.043828827639670255,0.20935335593123472,0.03660958476051948,0.19133631323018505
628,-1,train,30,0.03660958476051948,0.19133631323018505,0.03660958476051948,0.19133631323018505
629,0,train,16,0.04321816324687061,0.2078897862976212,0.03558512849113965,0.188640209104898
629,1,train,14,0.027952093735408693,0.16718879668030598,0.03558512849113965,0.188640209104898
629,-1,train,30,0.03558512849113965,0.188640209104898,0.03558512849113965,0.188640209104898
630,0,train,16,0.009684775346170002,0.09841125619648396,0.03795437899172246,0.19481883633705047
630,1,train,14,0.06622398263727491,0.25734020796850793,0.03795437899172246,0.19481883633705047
630,-1,train,30,0.03795437899172246,0.19481883633705047,0.03795437899172246,0.19481883633705047
631,0,train,16,0.05956537557267216,0.2440601884221844,0.03436198542734207,0.18536986116233153
631,1,train,14,0.00915859528201197,0.09570055006117766,0.03436198542734207,0.18536986116233153
631,-1,train,30,0.03436198542734207,0.18536986116233153,0.03436198542734207,0.18536986116233153
632,0,train,16,0.03297957780388738,0.18160280230185707,0.036201658437296724,0.19026733413094515
632,1,train,14,0.03942373907070607,0.19855412126346325,0.036201658437296724,0.19026733413094515
632,-1,train,30,0.036201658437296724,0.19026733413094515,0.036201658437296724,0.19026733413094515
633,0,train,16,0.05279954933683498,0.22978152522958625,0.03475885962526717,0.1864372806744058
633,1,train,14,0.016718169913699354,0.12929876222802503,0.03475885962526717,0.1864372806744058
633,-1,train,30,0.03475885962526717,0.1864372806744058,0.03475885962526717,0.1864372806744058
634,0,train,16,0.0457657762160042,0.21392937202732168,0.035218341693117085,0.18766550480340569
634,1,train,14,0.024670907170229964,0.1570697525630889,0.035218341693117085,0.18766550480340569
634,-1,train,30,0.035218341693117085,0.18766550480340569,0.035218341693117085,0.18766550480340569
635,0,train,16,0.049850231987446376,0.22327165513662137,0.03488513756061111,0.18677563427977192
635,1,train,14,0.01992004313377584,0.14113838292178296,0.03488513756061111,0.18677563427977192
635,-1,train,30,0.03488513756061111,0.18677563427977192,0.03488513756061111,0.18677563427977192
636,0,train,16,0.01830640202020169,0.13530115306308993,0.03710537779264019,0.19262756239084838
636,1,train,14,0.05590435356507869,0.23644101498064732,0.03710537779264019,0.19262756239084838
636,-1,train,30,0.03710537779264019,0.19262756239084838,0.03710537779264019,0.19262756239084838
637,0,train,16,0.03280749435451697,0.18112839190617513,0.03602694258121843,0.1898076462664727
637,1,train,14,0.03924639080791989,0.19810701857309318,0.03602694258121843,0.1898076462664727
637,-1,train,30,0.03602694258121843,0.1898076462664727,0.03602694258121843,0.1898076462664727
638,0,train,16,0.018933409342390125,0.137598725802204,0.03697928764711536,0.19229999388225513
638,1,train,14,0.05502516595184059,0.23457443584466017,0.03697928764711536,0.19229999388225513
638,-1,train,30,0.03697928764711536,0.19229999388225513,0.03697928764711536,0.19229999388225513
639,0,train,16,0.0494483343814614,0.22236981445659706,0.034770929865110406,0.18646964864317842
639,1,train,14,0.02009352534875941,0.14175163261408813,0.034770929865110406,0.18646964864317842
639,-1,train,30,0.034770929865110406,0.18646964864317842,0.034770929865110406,0.18646964864317842
640,0,train,16,0.039115546574556466,0.1977765066294692,0.03546102958734274,0.1883109916795691
640,1,train,14,0.03180651260012902,0.17834380449045326,0.03546102958734274,0.1883109916795691
640,-1,train,30,0.03546102958734274,0.1883109916795691,0.03546102958734274,0.1883109916795691
641,0,train,16,0.055090446890906884,0.23471354219751975,0.03428889215706244,0.1851726009890838
641,1,train,14,0.013487337423218,0.11613499654806039,0.03428889215706244,0.1851726009890838
641,-1,train,30,0.03428889215706244,0.1851726009890838,0.03428889215706244,0.1851726009890838
642,0,train,16,0.045362996363139875,0.21298590648946675,0.034938921241721904,0.18691955821080336
642,1,train,14,0.024514846120303926,0.15657217543453858,0.034938921241721904,0.18691955821080336
642,-1,train,30,0.034938921241721904,0.18691955821080336,0.034938921241721904,0.18691955821080336
643,0,train,16,0.03005849794547467,0.17337386753912676,0.035993231909388725,0.1897188232869599
643,1,train,14,0.04192796587330278,0.20476319462565234,0.035993231909388725,0.1897188232869599
643,-1,train,30,0.035993231909388725,0.1897188232869599,0.035993231909388725,0.1897188232869599
644,0,train,16,0.04217119172428835,0.2053562556249221,0.03509020812393559,0.18732380554519917
644,1,train,14,0.028009224523582826,0.16735956657324022,0.03509020812393559,0.18732380554519917
644,-1,train,30,0.03509020812393559,0.18732380554519917,0.03509020812393559,0.18732380554519917
645,0,train,16,0.03970669709017137,0.19926539360905438,0.03523194142557299,0.18770173527587056
645,1,train,14,0.03075718576097461,0.1753772669446488,0.03523194142557299,0.18770173527587056
645,-1,train,30,0.03523194142557299,0.18770173527587056,0.03523194142557299,0.18770173527587056
646,0,train,16,0.0492518716073119,0.22192762695823134,0.0345132403264077,0.18577739455167225
646,1,train,14,0.019774609045503502,0.14062222102322058,0.0345132403264077,0.18577739455167225
646,-1,train,30,0.0345132403264077,0.18577739455167225,0.0345132403264077,0.18577739455167225
647,0,train,16,0.03174224460531307,0.1781635333206913,0.035719965490585065,0.18899726318279073
647,1,train,14,0.03969768637585705,0.19924278249376326,0.035719965490585065,0.18899726318279073
647,-1,train,30,0.035719965490585065,0.18899726318279073,0.035719965490585065,0.18899726318279073
648,0,train,16,0.026496207500724057,0.16277655697527227,0.03606423070561649,0.1899058469495252
648,1,train,14,0.04563225391050892,0.2136170730782278,0.03606423070561649,0.1899058469495252
648,-1,train,30,0.03606423070561649,0.1899058469495252,0.03606423070561649,0.1899058469495252
649,0,train,16,0.0420104683181289,0.2049645538090157,0.03491432566996801,0.18685375476550642
649,1,train,14,0.027818183021807122,0.16678783835102343,0.03491432566996801,0.18685375476550642
649,-1,train,30,0.03491432566996801,0.18685375476550642,0.03491432566996801,0.18685375476550642
650,0,train,16,0.0358824786447249,0.1894267104838304,0.03531246647245549,0.18791611552087675
650,1,train,14,0.03474245430018608,0.1863932785810317,0.03531246647245549,0.18791611552087675
650,-1,train,30,0.03531246647245549,0.18791611552087675,0.03531246647245549,0.18791611552087675
651,0,train,16,0.04846957639580932,0.22015807138465154,0.034381181513001534,0.18542163172888307
651,1,train,14,0.02029278663019374,0.14245275227314402,0.034381181513001534,0.18542163172888307
651,-1,train,30,0.034381181513001534,0.18542163172888307,0.034381181513001534,0.18542163172888307
652,0,train,16,0.038424764945861355,0.19602235828053227,0.0350538895943743,0.18722683994121755
652,1,train,14,0.03168301424288724,0.17799723099780862,0.0350538895943743,0.18722683994121755
652,-1,train,30,0.0350538895943743,0.18722683994121755,0.0350538895943743,0.18722683994121755
653,0,train,16,0.015360180783620685,0.12393619642227481,0.03666897983473333,0.1914914615191323
653,1,train,14,0.05797777888584597,0.2407857530790515,0.03666897983473333,0.1914914615191323
653,-1,train,30,0.03666897983473333,0.1914914615191323,0.03666897983473333,0.1914914615191323
654,0,train,16,0.03589441638104147,0.18945821803511578,0.03516052123388278,0.18751138961109212
654,1,train,14,0.034426626086724095,0.1855441351450487,0.03516052123388278,0.18751138961109212
654,-1,train,30,0.03516052123388278,0.18751138961109212,0.03516052123388278,0.18751138961109212
655,0,train,16,0.04113320581967036,0.2028132289069684,0.034749324741909504,0.18641170763101095
655,1,train,14,0.028365443664148657,0.16842043719260633,0.034749324741909504,0.18641170763101095
655,-1,train,30,0.034749324741909504,0.18641170763101095,0.034749324741909504,0.18641170763101095
656,0,train,16,0.031954127376116526,0.17875717433467259,0.03536278462024719,0.1880499524601035
656,1,train,14,0.03877144186437785,0.19690465170832774,0.03536278462024719,0.1880499524601035
656,-1,train,30,0.03536278462024719,0.1880499524601035,0.03536278462024719,0.1880499524601035
657,0,train,16,0.030806130961306633,0.17551675407580505,0.035406114670678134,0.18816512607462133
657,1,train,14,0.040006098380049634,0.2000152453690709,0.035406114670678134,0.18816512607462133
657,-1,train,30,0.035406114670678134,0.18816512607462133,0.035406114670678134,0.18816512607462133
658,0,train,16,0.031533816479297865,0.1775776350763177,0.0353170306715762,0.18792825937462465
658,1,train,14,0.039100244863854536,0.19773781849675226,0.0353170306715762,0.18792825937462465
658,-1,train,30,0.0353170306715762,0.18792825937462465,0.0353170306715762,0.18792825937462465
659,0,train,16,0.01932692169447607,0.13902129942737576,0.03615085606076704,0.19013378463799388
659,1,train,14,0.052974790427058,0.23016253045849577,0.03615085606076704,0.19013378463799388
659,-1,train,30,0.03615085606076704,0.19013378463799388,0.03615085606076704,0.19013378463799388
660,0,train,16,0.028693902171664457,0.16939274533363127,0.035441882440565335,0.18826014565107863
660,1,train,14,0.042189862709466217,0.20540171058067216,0.035441882440565335,0.18826014565107863
660,-1,train,30,0.035441882440565335,0.18826014565107863,0.035441882440565335,0.18826014565107863
661,0,train,16,0.01833660219014877,0.13541271059301918,0.036145022797030565,0.19011844412636708
661,1,train,14,0.05395344340391236,0.23227880532651352,0.036145022797030565,0.19011844412636708
661,-1,train,30,0.036145022797030565,0.19011844412636708,0.036145022797030565,0.19011844412636708
662,0,train,16,0.037628831376435225,0.19398152328620172,0.034727673624413154,0.18635362519793694
662,1,train,14,0.03182651587239108,0.17839987632392318,0.034727673624413154,0.18635362519793694
662,-1,train,30,0.034727673624413154,0.18635362519793694,0.034727673624413154,0.18635362519793694
663,0,train,16,0.025279277561670394,0.15899458343500383,0.035569059188302055,0.18859761183085552
663,1,train,14,0.04585884081493372,0.21414677400076268,0.035569059188302055,0.18859761183085552
663,-1,train,30,0.035569059188302055,0.18859761183085552,0.035569059188302055,0.18859761183085552
664,0,train,16,0.027936144504725507,0.16714109161042806,0.03534092230507767,0.1879918144629645
664,1,train,14,0.04274570010542983,0.2067503327819083,0.03534092230507767,0.1879918144629645
664,-1,train,30,0.03534092230507767,0.1879918144629645,0.03534092230507767,0.1879918144629645
665,0,train,16,0.014433887212581436,0.12014111374788164,0.036267412743272436,0.19044005026063304
665,1,train,14,0.05810093827396343,0.2410413621641801,0.036267412743272436,0.19044005026063304
665,-1,train,30,0.036267412743272436,0.19044005026063304,0.036267412743272436,0.19044005026063304
666,0,train,16,0.028698724330562166,0.169406978399835,0.035208562806685766,0.1876394489617942
666,1,train,14,0.04171840128280936,0.20425082933199895,0.035208562806685766,0.1876394489617942
666,-1,train,30,0.035208562806685766,0.1876394489617942,0.035208562806685766,0.1876394489617942
667,0,train,16,0.008533849523351442,0.09237883698851941,0.03662315608978242,0.1913717745378937
667,1,train,14,0.0647124626562134,0.2543864435385923,0.03662315608978242,0.1913717745378937
667,-1,train,30,0.03662315608978242,0.1913717745378937,0.03662315608978242,0.1913717745378937
668,0,train,16,0.053654263001924885,0.2316338986459557,0.033374020570363226,0.18268557844111075
668,1,train,14,0.013093778138801566,0.1144280478676516,0.033374020570363226,0.18268557844111075
668,-1,train,30,0.033374020570363226,0.18268557844111075,0.033374020570363226,0.18268557844111075
669,0,train,16,0.040801332773960045,0.20199339784745451,0.03424032977297847,0.18504142718045188
669,1,train,14,0.027679326771996905,0.16637105148431594,0.03424032977297847,0.18504142718045188
669,-1,train,30,0.03424032977297847,0.18504142718045188,0.03424032977297847,0.18504142718045188
670,0,train,16,0.04786210450256596,0.2187740946788855,0.03368850231497224,0.18354427889469135
670,1,train,14,0.019514900127378526,0.13969574126428666,0.03368850231497224,0.18354427889469135
670,-1,train,30,0.03368850231497224,0.18354427889469135,0.03368850231497224,0.18354427889469135
671,0,train,16,0.034676404650314845,0.18621601609505786,0.034587681166191084,0.18597763619906316
671,1,train,14,0.03449895768206733,0.1857389503633186,0.034587681166191084,0.18597763619906316
671,-1,train,30,0.034587681166191084,0.18597763619906316,0.034587681166191084,0.18597763619906316
672,0,train,16,0.040560656740463004,0.20139676447367025,0.03413158898141765,0.18474736528951544
672,1,train,14,0.0277025212223723,0.16644074387712973,0.03413158898141765,0.18474736528951544
672,-1,train,30,0.03413158898141765,0.18474736528951544,0.03413158898141765,0.18474736528951544
673,0,train,16,0.03781558414763966,0.19446229492536504,0.03428696566164227,0.1851673990248885
673,1,train,14,0.03075834717564488,0.17538057810272173,0.03428696566164227,0.1851673990248885
673,-1,train,30,0.03428696566164227,0.1851673990248885,0.03428696566164227,0.1851673990248885
674,0,train,16,0.037672646382071316,0.19409442645802924,0.03425739286324131,0.18508752757341945
674,1,train,14,0.030842139344411306,0.17561930231159475,0.03425739286324131,0.18508752757341945
674,-1,train,30,0.03425739286324131,0.18508752757341945,0.03425739286324131,0.18508752757341945
675,0,train,16,0.03807704473595481,0.1951334024096203,0.03419099973580447,0.18490808456042282
675,1,train,14,0.03030495473565413,0.174083183379826,0.03419099973580447,0.18490808456042282
675,-1,train,30,0.03419099973580447,0.18490808456042282,0.03419099973580447,0.18490808456042282
676,0,train,16,0.021561987361359197,0.1468400059975455,0.035341167803399826,0.1879924674113296
676,1,train,14,0.04912034824544046,0.2216311084785718,0.035341167803399826,0.1879924674113296
676,-1,train,30,0.035341167803399826,0.1879924674113296,0.035341167803399826,0.1879924674113296
677,0,train,16,0.05376738082526605,0.23187794380938015,0.03300738599978307,0.1816793494037863
677,1,train,14,0.01224739117430008,0.11066793200516616,0.03300738599978307,0.1816793494037863
677,-1,train,30,0.03300738599978307,0.1816793494037863,0.03300738599978307,0.1816793494037863
678,0,train,16,0.04137320772626072,0.20340405041753892,0.03384125096589033,0.18395991673701728
678,1,train,14,0.02630929420551993,0.1622014001342773,0.03384125096589033,0.18395991673701728
678,-1,train,30,0.03384125096589033,0.18395991673701728,0.03384125096589033,0.18395991673701728
679,0,train,16,0.018523245617808225,0.13610013085154704,0.0354348151497841,0.18824137470222668
679,1,train,14,0.052346384681759985,0.22879332307075742,0.0354348151497841,0.18824137470222668
679,-1,train,30,0.0354348151497841,0.18824137470222668,0.0354348151497841,0.18824137470222668
680,0,train,16,0.0313498332494128,0.17705884120656837,0.03447854518019281,0.18568399279472858
680,1,train,14,0.037607257110972826,0.19392590623991635,0.03447854518019281,0.18568399279472858
680,-1,train,30,0.03447854518019281,0.18568399279472858,0.03447854518019281,0.18568399279472858
681,0,train,16,0.04706076905942172,0.21693494199741478,0.033329910250899764,0.18256481109704512
681,1,train,14,0.0195990514423778,0.13999661225321774,0.033329910250899764,0.18256481109704512
681,-1,train,30,0.033329910250899764,0.18256481109704512,0.033329910250899764,0.18256481109704512
682,0,train,16,0.04366871100669171,0.20897059842640953,0.03352353230029783,0.18309432623731908
682,1,train,14,0.02337835359390395,0.15289981554568322,0.03352353230029783,0.18309432623731908
682,-1,train,30,0.03352353230029783,0.18309432623731908,0.03352353230029783,0.18309432623731908
683,0,train,16,0.04062716594967311,0.2015618166957053,0.03369961927382613,0.18357456053011847
683,1,train,14,0.026772072597979143,0.16362173632491236,0.03369961927382613,0.18357456053011847
683,-1,train,30,0.03369961927382613,0.18357456053011847,0.03369961927382613,0.18357456053011847
684,0,train,16,0.034265335601285925,0.18510898303779297,0.03411567351205741,0.18470428666400088
684,1,train,14,0.0339660114228289,0.18429870163088208,0.03411567351205741,0.18470428666400088
684,-1,train,30,0.03411567351205741,0.18470428666400088,0.03411567351205741,0.18470428666400088
685,0,train,16,0.04020966648726116,0.20052348113690116,0.03365965518830469,0.18346567850228743
685,1,train,14,0.027109643889348216,0.16465006495397508,0.03365965518830469,0.18346567850228743
685,-1,train,30,0.03365965518830469,0.18346567850228743,0.03365965518830469,0.18346567850228743
686,0,train,16,0.021884487416343554,0.14793406442176715,0.03492527514818435,0.18688305206247127
686,1,train,14,0.047966062880025154,0.21901155878178016,0.03492527514818435,0.18688305206247127
686,-1,train,30,0.03492527514818435,0.18688305206247127,0.03492527514818435,0.18688305206247127
687,0,train,16,0.037855323610972345,0.19456444590667726,0.033745539186687074,0.18369958951148224
687,1,train,14,0.029635754762401798,0.17215038414828412,0.033745539186687074,0.18369958951148224
687,-1,train,30,0.033745539186687074,0.18369958951148224,0.033745539186687074,0.18369958951148224
688,0,train,16,0.0404359211016393,0.20108684964870105,0.033522355559343006,0.18309111272626807
688,1,train,14,0.026608790017046708,0.16312200960338463,0.033522355559343006,0.18309111272626807
688,-1,train,30,0.033522355559343006,0.18309111272626807,0.033522355559343006,0.18309111272626807
689,0,train,16,0.04038134078653833,0.20095109053333932,0.033487078938852506,0.18299475112377542
689,1,train,14,0.026592817091166683,0.163073042196332,0.033487078938852506,0.18299475112377542
689,-1,train,30,0.033487078938852506,0.18299475112377542,0.033487078938852506,0.18299475112377542
690,0,train,16,0.0430984782627643,0.20760172991274495,0.03325493790229053,0.18235936472331365
690,1,train,14,0.02341139754181676,0.15300783490336944,0.03325493790229053,0.18235936472331365
690,-1,train,30,0.03325493790229053,0.18235936472331365,0.03325493790229053,0.18235936472331365
691,0,train,16,0.040406310625352174,0.20101321007673145,0.033408345666172234,0.18277950012562194
691,1,train,14,0.0264103807069923,0.16251270937065906,0.033408345666172234,0.18277950012562194
691,-1,train,30,0.033408345666172234,0.18277950012562194,0.033408345666172234,0.18277950012562194
692,0,train,16,0.008515000434417599,0.09227675999089695,0.03566980113711824,0.1888645047040821
692,1,train,14,0.06282460183981889,0.25064836293065806,0.03566980113711824,0.1888645047040821
692,-1,train,30,0.03566980113711824,0.1888645047040821,0.03566980113711824,0.1888645047040821
693,0,train,16,0.04560696037601142,0.21355786189230172,0.03296480213661947,0.18156211646877074
693,1,train,14,0.02032264389722752,0.14255751084116025,0.03296480213661947,0.18156211646877074
693,-1,train,30,0.03296480213661947,0.18156211646877074,0.03296480213661947,0.18156211646877074
694,0,train,16,0.030844395160228136,0.17562572465395876,0.033974698439975366,0.18432226788962686
694,1,train,14,0.0371050017197226,0.1926265862224698,0.033974698439975366,0.18432226788962686
694,-1,train,30,0.033974698439975366,0.18432226788962686,0.033974698439975366,0.18432226788962686
695,0,train,16,0.024120471776494495,0.15530766811878444,0.03441409951849193,0.1855103757704456
695,1,train,14,0.04470772726048936,0.21144201867294343,0.03441409951849193,0.1855103757704456
695,-1,train,30,0.03441409951849193,0.1855103757704456,0.03441409951849193,0.1855103757704456
696,0,train,16,0.021167402080233422,0.14549021300497647,0.034589727409311044,0.18598313743270126
696,1,train,14,0.04801205273838867,0.2191165277618023,0.034589727409311044,0.18598313743270126
696,-1,train,30,0.034589727409311044,0.18598313743270126,0.034589727409311044,0.18598313743270126
697,0,train,16,0.03362976450325807,0.18338419916464468,0.03366124728410004,0.18347001739821153
697,1,train,14,0.033692730064942014,0.18355579550900053,0.03366124728410004,0.18347001739821153
697,-1,train,30,0.03366124728410004,0.18347001739821153,0.03366124728410004,0.18347001739821153
698,0,train,16,0.033306574417364544,0.18250088881253304,0.03364515213107441,0.18342614898392873
698,1,train,14,0.033983729844784274,0.18434676521377932,0.03364515213107441,0.18342614898392873
698,-1,train,30,0.03364515213107441,0.18342614898392873,0.03364515213107441,0.18342614898392873
699,0,train,16,0.055069644795526396,0.23466922421895547,0.03207442858797402,0.1790933516018225
699,1,train,14,0.009079212380421645,0.09528490111461335,0.03207442858797402,0.1790933516018225
699,-1,train,30,0.03207442858797402,0.1790933516018225,0.03207442858797402,0.1790933516018225
700,0,train,16,0.05474612364056331,0.23397889571618058,0.032062214746236634,0.1790592492619039
700,1,train,14,0.009378305851909957,0.09684165349636466,0.032062214746236634,0.1790592492619039
700,-1,train,30,0.032062214746236634,0.1790592492619039,0.032062214746236634,0.1790592492619039
701,0,train,16,0.039844578370932394,0.19961106775660611,0.03305998059680037,0.18182403745599857
701,1,train,14,0.026275382822668343,0.16209683162439772,0.03305998059680037,0.18182403745599857
701,-1,train,30,0.03305998059680037,0.18182403745599857,0.03305998059680037,0.18182403745599857
702,0,train,16,0.021091575581366605,0.1452293895234935,0.03436797235923052,0.1853860090708857
702,1,train,14,0.04764436913709443,0.21827590141170974,0.03436797235923052,0.1853860090708857
702,-1,train,30,0.03436797235923052,0.1853860090708857,0.03436797235923052,0.1853860090708857
703,0,train,16,0.04654944164860125,0.2157531961492141,0.032508743144708,0.18030181126297096
703,1,train,14,0.018468044640814748,0.13589718407978418,0.032508743144708,0.18030181126297096
703,-1,train,30,0.032508743144708,0.18030181126297096,0.032508743144708,0.18030181126297096
704,0,train,16,0.03673092987821754,0.19165314993032997,0.03316768631094602,0.18211997779196554
704,1,train,14,0.02960444274367449,0.1720594163179525,0.03316768631094602,0.18211997779196554
704,-1,train,30,0.03316768631094602,0.18211997779196554,0.03316768631094602,0.18211997779196554
705,0,train,16,0.04244116558718248,0.20601253745144366,0.03272470037295519,0.18089969699520006
705,1,train,14,0.023008235158727908,0.1516846569654555,0.03272470037295519,0.18089969699520006
705,-1,train,30,0.03272470037295519,0.18089969699520006,0.03272470037295519,0.18089969699520006
706,0,train,16,0.027634898881569076,0.16623747736767747,0.033740105706388086,0.18368479987845507
706,1,train,14,0.0398453125312071,0.1996129067250089,0.033740105706388086,0.18368479987845507
706,-1,train,30,0.033740105706388086,0.18368479987845507,0.033740105706388086,0.18368479987845507
707,0,train,16,0.03643302051874612,0.19087435793931598,0.0330738808709072,0.18186225796164304
707,1,train,14,0.029714741223068282,0.17237964271650028,0.0330738808709072,0.18186225796164304
707,-1,train,30,0.0330738808709072,0.18186225796164304,0.0330738808709072,0.18186225796164304
708,0,train,16,0.039787076431024714,0.19946698080390327,0.032795760222444376,0.18109599725682612
708,1,train,14,0.025804444013864038,0.16063761705735066,0.032795760222444376,0.18109599725682612
708,-1,train,30,0.032795760222444376,0.18109599725682612,0.032795760222444376,0.18109599725682612
709,0,train,16,0.01682545693037337,0.12971297903592136,0.03440116443350377,0.1854755089856981
709,1,train,14,0.05197687193663417,0.22798436774619915,0.03440116443350377,0.1854755089856981
709,-1,train,30,0.03440116443350377,0.1854755089856981,0.03440116443350377,0.1854755089856981
710,0,train,16,0.03346564272995633,0.18293617119081815,0.03316990916730132,0.1821260804149184
710,1,train,14,0.032874175604646325,0.18131237024716854,0.03316990916730132,0.1821260804149184
710,-1,train,30,0.03316990916730132,0.1821260804149184,0.03316990916730132,0.1821260804149184
711,0,train,16,0.0201306235206655,0.14188242851271435,0.03408268658296732,0.18461496846942646
711,1,train,14,0.04803474964526914,0.21916831350646732,0.03408268658296732,0.18461496846942646
711,-1,train,30,0.03408268658296732,0.18461496846942646,0.03408268658296732,0.18461496846942646
712,0,train,16,0.04879868801393394,0.22090425078285375,0.03201574350350012,0.1789294372189778
712,1,train,14,0.015232798993066303,0.12342122586113907,0.03201574350350012,0.1789294372189778
712,-1,train,30,0.03201574350350012,0.1789294372189778,0.03201574350350012,0.1789294372189778
713,0,train,16,0.029908317814394136,0.17294021456675177,0.033306292079677786,0.18250011528675203
713,1,train,14,0.036704266344961434,0.19158357535279855,0.033306292079677786,0.18250011528675203
713,-1,train,30,0.033306292079677786,0.18250011528675203,0.033306292079677786,0.18250011528675203
714,0,train,16,0.029616209515312228,0.17209360684032463,0.033287592415569695,0.18244887616965388
714,1,train,14,0.03695897531582716,0.19224717245209919,0.033287592415569695,0.18244887616965388
714,-1,train,30,0.033287592415569695,0.18244887616965388,0.033287592415569695,0.18244887616965388
715,0,train,16,0.026880461198307077,0.16395261876013775,0.033445897193564306,0.1828821948511235
715,1,train,14,0.04001133318882153,0.2000283309654448,0.033445897193564306,0.1828821948511235
715,-1,train,30,0.033445897193564306,0.1828821948511235,0.033445897193564306,0.1828821948511235
716,0,train,16,0.055431480882737506,0.2354389111483858,0.03139459480766409,0.17718519917776454
716,1,train,14,0.00735770873259068,0.0857770874569117,0.03139459480766409,0.17718519917776454
716,-1,train,30,0.03139459480766409,0.17718519917776454,0.03139459480766409,0.17718519917776454
717,0,train,16,0.023778841673083,0.1542038964263971,0.033596001554354424,0.1832921208190751
717,1,train,14,0.04341316143562585,0.20835825262183844,0.033596001554354424,0.1832921208190751
717,-1,train,30,0.033596001554354424,0.1832921208190751,0.033596001554354424,0.1832921208190751
718,0,train,16,0.010966195692643045,0.10471960510163818,0.03447033967040873,0.1856618961187479
718,1,train,14,0.057974483648174424,0.24077891030606152,0.03447033967040873,0.1856618961187479
718,-1,train,30,0.03447033967040873,0.1856618961187479,0.03447033967040873,0.1856618961187479
719,0,train,16,0.019661497090897033,0.1402194604571599,0.033809333832757804,0.18387314603486232
719,1,train,14,0.04795717057461858,0.21899125684515028,0.033809333832757804,0.18387314603486232
719,-1,train,30,0.033809333832757804,0.18387314603486232,0.033809333832757804,0.18387314603486232
720,0,train,16,0.032892712780328064,0.18136348248842174,0.03282236865349198,0.1811694473510696
720,1,train,14,0.0327520245266559,0.1809752041763067,0.03282236865349198,0.1811694473510696
720,-1,train,30,0.03282236865349198,0.1811694473510696,0.03282236865349198,0.1811694473510696
721,0,train,16,0.014045840212232227,0.11851514760667611,0.03413598192647546,0.18475925396708945
721,1,train,14,0.0542261236407187,0.23286503310011725,0.03413598192647546,0.18475925396708945
721,-1,train,30,0.03413598192647546,0.18475925396708945,0.03413598192647546,0.18475925396708945
722,0,train,16,0.045378882865971436,0.2130231979526442,0.03185923034026213,0.17849154136894593
722,1,train,14,0.01833957781455283,0.13542369738916757,0.03185923034026213,0.17849154136894593
722,-1,train,30,0.03185923034026213,0.17849154136894593,0.03185923034026213,0.17849154136894593
723,0,train,16,0.03224868102376145,0.17957917758961214,0.03275309302139945,0.18097815619957966
723,1,train,14,0.03325750501903745,0.1823664032080401,0.03275309302139945,0.18097815619957966
723,-1,train,30,0.03275309302139945,0.18097815619957966,0.03275309302139945,0.18097815619957966
724,0,train,16,0.03593025348673742,0.1895527723003212,0.032450163490427675,0.18013928913601185
724,1,train,14,0.028970073494117937,0.17020597373217528,0.032450163490427675,0.18013928913601185
724,-1,train,30,0.032450163490427675,0.18013928913601185,0.032450163490427675,0.18013928913601185
725,0,train,16,0.010833809461994491,0.1040855871962804,0.034207100537078074,0.18495161674632118
725,1,train,14,0.057580391612161656,0.2399591457147688,0.034207100537078074,0.18495161674632118
725,-1,train,30,0.034207100537078074,0.18495161674632118,0.034207100537078074,0.18495161674632118
726,0,train,16,0.02313093612520256,0.15208857986450713,0.03328381815569974,0.18243853254096223
726,1,train,14,0.04343670018619692,0.20841473121206408,0.03328381815569974,0.18243853254096223
726,-1,train,30,0.03328381815569974,0.18243853254096223,0.03328381815569974,0.18243853254096223
727,0,train,16,0.010769744395785355,0.10377737901770961,0.034133049090560884,0.18475131688451069
727,1,train,14,0.057496353785336414,0.2397839731619618,0.034133049090560884,0.18475131688451069
727,-1,train,30,0.034133049090560884,0.18475131688451069,0.034133049090560884,0.18475131688451069
728,0,train,16,0.030391187452422485,0.17433068419650766,0.03268934123150512,0.18080193923601903
728,1,train,14,0.034987495010587746,0.18704944536295143,0.03268934123150512,0.18080193923601903
728,-1,train,30,0.03268934123150512,0.18080193923601903,0.03268934123150512,0.18080193923601903
729,0,train,16,0.02968758148865196,0.1723008458732921,0.03269999305695572,0.18083139400268894
729,1,train,14,0.035712404625259486,0.18897725954532066,0.03269999305695572,0.18083139400268894
729,-1,train,30,0.03269999305695572,0.18083139400268894,0.03269999305695572,0.18083139400268894
730,0,train,16,0.03241995208677431,0.18005541393352856,0.03246492551725917,0.1801802584004673
730,1,train,14,0.03250989894774404,0.18030501642423608,0.03246492551725917,0.1801802584004673
730,-1,train,30,0.03246492551725917,0.1801802584004673,0.03246492551725917,0.1801802584004673
731,0,train,16,0.017649601195027956,0.1328518016250738,0.033482971227751866,0.18298352720327551
731,1,train,14,0.04931634126047578,0.2220728287307472,0.033482971227751866,0.18298352720327551
731,-1,train,30,0.033482971227751866,0.18298352720327551,0.033482971227751866,0.18298352720327551
732,0,train,16,0.01954260171615453,0.13979485582865533,0.0333043966708543,0.18249492231526415
732,1,train,14,0.047066191625554074,0.21694743977644465,0.0333043966708543,0.18249492231526415
732,-1,train,30,0.0333043966708543,0.18249492231526415,0.0333043966708543,0.18249492231526415
733,0,train,16,0.04871622377083067,0.22071752030781489,0.031194943716266715,0.17662090396175284
733,1,train,14,0.01367366366170276,0.11693444172570697,0.031194943716266715,0.17662090396175284
733,-1,train,30,0.031194943716266715,0.17662090396175284,0.031194943716266715,0.17662090396175284
734,0,train,16,0.008131112578312982,0.09017268199578507,0.03405555009800279,0.1845414590220929
734,1,train,14,0.0599799876176926,0.24490812076714116,0.03405555009800279,0.1845414590220929
734,-1,train,30,0.03405555009800279,0.1845414590220929,0.03405555009800279,0.1845414590220929
735,0,train,16,0.026078111758339878,0.16148718759808742,0.032721973680128885,0.18089216036116348
735,1,train,14,0.039365835601917885,0.19840825487342478,0.032721973680128885,0.18089216036116348
735,-1,train,30,0.032721973680128885,0.18089216036116348,0.032721973680128885,0.18089216036116348
736,0,train,16,0.03742522156492336,0.19345599387179338,0.031880277826429854,0.17855049097224532
736,1,train,14,0.026335334087936355,0.16228165049671006,0.031880277826429854,0.17855049097224532
736,-1,train,30,0.031880277826429854,0.17855049097224532,0.031880277826429854,0.17855049097224532
737,0,train,16,0.0290883925585536,0.17055319568555027,0.03243024383122126,0.1800839910464594
737,1,train,14,0.03577209510388893,0.18913512392966286,0.03243024383122126,0.1800839910464594
737,-1,train,30,0.03243024383122126,0.1800839910464594,0.03243024383122126,0.1800839910464594
738,0,train,16,0.03803874769386314,0.19503524731151325,0.03175114413672147,0.17818850730819166
738,1,train,14,0.0254635405795798,0.15957299451843285,0.03175114413672147,0.17818850730819166
738,-1,train,30,0.03175114413672147,0.17818850730819166,0.03175114413672147,0.17818850730819166
739,0,train,16,0.0201379497826632,0.14190824423782855,0.03299918184843046,0.18165676934381075
739,1,train,14,0.04586041391419772,0.2141504469157086,0.03299918184843046,0.18165676934381075
739,-1,train,30,0.03299918184843046,0.18165676934381075,0.03299918184843046,0.18165676934381075
740,0,train,16,0.02581686000016446,0.16067625835873967,0.03254560523167813,0.1804040055865671
740,1,train,14,0.039274350463191804,0.19817757305808295,0.03254560523167813,0.1804040055865671
740,-1,train,30,0.03254560523167813,0.1804040055865671,0.03254560523167813,0.1804040055865671
741,0,train,16,0.0344872049259519,0.1857073098344594,0.031888294118104205,0.17857293781002823
741,1,train,14,0.029289383310256503,0.17114141319463416,0.031888294118104205,0.17857293781002823
741,-1,train,30,0.031888294118104205,0.17857293781002823,0.031888294118104205,0.17857293781002823
742,0,train,16,0.026057554078373107,0.16142352393121984,0.03245048522528362,0.18014018215068958
742,1,train,14,0.038843416372194135,0.19708733184097382,0.03245048522528362,0.18014018215068958
742,-1,train,30,0.03245048522528362,0.18014018215068958,0.03245048522528362,0.18014018215068958
743,0,train,16,0.03273035133768779,0.1809153153762494,0.03193522917668187,0.1787043065420693
743,1,train,14,0.03114010701567596,0.17646559725815103,0.03193522917668187,0.1787043065420693
743,-1,train,30,0.03193522917668187,0.1787043065420693,0.03193522917668187,0.1787043065420693
744,0,train,16,0.02554073997799569,0.15981470513690438,0.032407870049300916,0.18002185992067996
744,1,train,14,0.03927500012060614,0.1981792121303497,0.032407870049300916,0.18002185992067996
744,-1,train,30,0.032407870049300916,0.18002185992067996,0.032407870049300916,0.18002185992067996
745,0,train,16,0.025403407355164456,0.15938446397050265,0.03237892906701881,0.1799414601113896
745,1,train,14,0.03935445077887315,0.19837956240216167,0.03237892906701881,0.1799414601113896
745,-1,train,30,0.03237892906701881,0.1799414601113896,0.03237892906701881,0.1799414601113896
746,0,train,16,0.03471313101438961,0.18631460225755148,0.03167619733706044,0.1779780810579225
746,1,train,14,0.028639263659731268,0.16923139088163067,0.03167619733706044,0.1779780810579225
746,-1,train,30,0.03167619733706044,0.1779780810579225,0.03167619733706044,0.1779780810579225
747,0,train,16,0.02271297658443729,0.1507082498884427,0.03249263985898895,0.18025714925902095
747,1,train,14,0.04227230313354061,0.20560229359990276,0.03249263985898895,0.18025714925902095
747,-1,train,30,0.03249263985898895,0.18025714925902095,0.03249263985898895,0.18025714925902095
748,0,train,16,0.022700633269166378,0.15066729329607795,0.03245754063393331,0.18015976419260019
748,1,train,14,0.042214447998700236,0.20546154871094552,0.03245754063393331,0.18015976419260019
748,-1,train,30,0.03245754063393331,0.18015976419260019,0.03245754063393331,0.18015976419260019
749,0,train,16,0.019610863880210116,0.14003879419721563,0.03264210825705231,0.18067127125542765
749,1,train,14,0.045673352633894514,0.2137132486157433,0.03264210825705231,0.18067127125542765
749,-1,train,30,0.03264210825705231,0.18067127125542765,0.03264210825705231,0.18067127125542765
750,0,train,16,0.02553903001376186,0.15980935521352266,0.03217395568150103,0.1793710001128974
750,1,train,14,0.03880888134924021,0.19699969885570945,0.03217395568150103,0.1793710001128974
750,-1,train,30,0.03217395568150103,0.1793710001128974,0.03217395568150103,0.1793710001128974
751,0,train,16,0.016426869950214962,0.12816735134274626,0.03278610448512041,0.18106933612602774
751,1,train,14,0.049145339020025866,0.221687480521625,0.03278610448512041,0.18106933612602774
751,-1,train,30,0.03278610448512041,0.18106933612602774,0.03278610448512041,0.18106933612602774
752,0,train,16,0.02861461421934297,0.16915854757990495,0.031875668749584224,0.17853758357719593
752,1,train,14,0.03513672327982548,0.18744792151375134,0.031875668749584224,0.17853758357719593
752,-1,train,30,0.031875668749584224,0.17853758357719593,0.031875668749584224,0.17853758357719593
753,0,train,16,0.04151615892147142,0.20375514452762025,0.03092567993245325,0.17585698715846707
753,1,train,14,0.02033520094343508,0.14260154607659442,0.03092567993245325,0.17585698715846707
753,-1,train,30,0.03092567993245325,0.17585698715846707,0.03092567993245325,0.17585698715846707
754,0,train,16,0.03479991739437844,0.1865473596553391,0.03135632031761163,0.17707715922052633
754,1,train,14,0.027912723240844827,0.1670710125690415,0.03135632031761163,0.17707715922052633
754,-1,train,30,0.03135632031761163,0.17707715922052633,0.03135632031761163,0.17707715922052633
755,0,train,16,0.037781247505599684,0.19437398875775452,0.031106993736352277,0.17637174869108793
755,1,train,14,0.024432739967104874,0.15630975646806208,0.031106993736352277,0.17637174869108793
755,-1,train,30,0.031106993736352277,0.17637174869108793,0.031106993736352277,0.17637174869108793
756,0,train,16,0.0343158794274691,0.1852454572384141,0.03131267050073476,0.17695386545858433
756,1,train,14,0.02830946157400041,0.16825415767225607,0.03131267050073476,0.17695386545858433
756,-1,train,30,0.03131267050073476,0.17695386545858433,0.03131267050073476,0.17695386545858433
757,0,train,16,0.032115613717785534,0.17920829701156565,0.03143081475882829,0.17728737901731273
757,1,train,14,0.03074601579987105,0.17534541853116964,0.03143081475882829,0.17728737901731273
757,-1,train,30,0.03143081475882829,0.17728737901731273,0.03143081475882829,0.17728737901731273
758,0,train,16,0.031385569606222435,0.1771597290758327,0.031443131642487326,0.17732211267207293
758,1,train,14,0.031500693678752224,0.17748434770072608,0.031443131642487326,0.17732211267207293
758,-1,train,30,0.031443131642487326,0.17732211267207293,0.031443131642487326,0.17732211267207293
759,0,train,16,0.03976002801833536,0.1993991675467462,0.030813715218091363,0.17553835825280856
759,1,train,14,0.021867402417847365,0.14787630783140132,0.030813715218091363,0.17553835825280856
759,-1,train,30,0.030813715218091363,0.17553835825280856,0.030813715218091363,0.17553835825280856
760,0,train,16,0.043700482029213304,0.209046602529707,0.0304898920357754,0.1746135505502806
760,1,train,14,0.0172793020423375,0.13145075900251585,0.0304898920357754,0.1746135505502806
760,-1,train,30,0.0304898920357754,0.1746135505502806,0.0304898920357754,0.1746135505502806
761,0,train,16,0.02456216912919339,0.15672322460054666,0.03181192051118815,0.178358965323272
761,1,train,14,0.0390616718931829,0.19764025878647018,0.03181192051118815,0.178358965323272
761,-1,train,30,0.03181192051118815,0.178358965323272,0.03181192051118815,0.178358965323272
762,0,train,16,0.04646400269478973,0.2155551036157338,0.030219442066197685,0.17383740122941807
762,1,train,14,0.013974881437605637,0.11821540270880794,0.030219442066197685,0.17383740122941807
762,-1,train,30,0.030219442066197685,0.17383740122941807,0.030219442066197685,0.17383740122941807
763,0,train,16,0.037460346562442216,0.19354675549448566,0.0308151504168206,0.17554244619698278
763,1,train,14,0.024169954271198984,0.1554668912379706,0.0308151504168206,0.17554244619698278
763,-1,train,30,0.0308151504168206,0.17554244619698278,0.0308151504168206,0.17554244619698278
764,0,train,16,0.04865657535993798,0.2205823550512098,0.029984425247748792,0.17316011448295127
764,1,train,14,0.0113122751355596,0.10635917983681334,0.029984425247748792,0.17316011448295127
764,-1,train,30,0.029984425247748792,0.17316011448295127,0.029984425247748792,0.17316011448295127
765,0,train,16,0.02741709152198391,0.16558107235425162,0.03145179698754282,0.17734654489880208
765,1,train,14,0.03548650245310173,0.18837861463845024,0.03145179698754282,0.17734654489880208
765,-1,train,30,0.03145179698754282,0.17734654489880208,0.03145179698754282,0.17734654489880208
766,0,train,16,0.02838354739225123,0.16847417425899802,0.03135062047340638,0.17706106425018003
766,1,train,14,0.03431769355456153,0.1852503537231752,0.03135062047340638,0.17706106425018003
766,-1,train,30,0.03135062047340638,0.17706106425018003,0.03135062047340638,0.17706106425018003
767,0,train,16,0.04908198162060712,0.22154453642689345,0.029837555249472167,0.17273550662638
767,1,train,14,0.010593128878337212,0.10292292688384455,0.029837555249472167,0.17273550662638
767,-1,train,30,0.029837555249472167,0.17273550662638,0.029837555249472167,0.17273550662638
768,0,train,16,0.013118350922006855,0.11453536974230648,0.03236729762544707,0.17990913713718676
768,1,train,14,0.051616244328887284,0.22719208685358583,0.03236729762544707,0.17990913713718676
768,-1,train,30,0.03236729762544707,0.17990913713718676,0.03236729762544707,0.17990913713718676
769,0,train,16,0.03415449444748403,0.18480934621247927,0.030820026611758106,0.17555633458168948
769,1,train,14,0.027485558776032183,0.16578769187135753,0.030820026611758106,0.17555633458168948
769,-1,train,30,0.030820026611758106,0.17555633458168948,0.030820026611758106,0.17555633458168948
770,0,train,16,0.027840039443598613,0.1668533471153594,0.031231684654669283,0.1767248840844698
770,1,train,14,0.03462332986573995,0.186073452877459,0.031231684654669283,0.1767248840844698
770,-1,train,30,0.031231684654669283,0.1767248840844698,0.031231684654669283,0.1767248840844698
771,0,train,16,0.006886833890473151,0.08298695012152905,0.032701472058825634,0.18083548340639796
771,1,train,14,0.05851611022717812,0.24190103395227172,0.032701472058825634,0.18083548340639796
771,-1,train,30,0.032701472058825634,0.18083548340639796,0.032701472058825634,0.18083548340639796
772,0,train,16,0.016033327956470198,0.12662277818966933,0.03199854097497945,0.17888136005458882
772,1,train,14,0.0479637539934887,0.2190062875661078,0.03199854097497945,0.17888136005458882
772,-1,train,30,0.03199854097497945,0.17888136005458882,0.03199854097497945,0.17888136005458882
773,0,train,16,0.016133548993949528,0.12701790816239075,0.03195148175549553,0.17874977414110355
773,1,train,14,0.04776941451704153,0.218562152526556,0.03195148175549553,0.17874977414110355
773,-1,train,30,0.03195148175549553,0.17874977414110355,0.03195148175549553,0.17874977414110355
774,0,train,16,0.03060376746471972,0.17493932509507323,0.03088078753564484,0.17572930186979302
774,1,train,14,0.03115780760656996,0.17651574322583796,0.03088078753564484,0.17572930186979302
774,-1,train,30,0.03088078753564484,0.17572930186979302,0.03088078753564484,0.17572930186979302
775,0,train,16,0.02770841428724832,0.16645844612769975,0.031046633674712658,0.17620054958686326
775,1,train,14,0.03438485306217699,0.18543153200622864,0.031046633674712658,0.17620054958686326
775,-1,train,30,0.031046633674712658,0.17620054958686326,0.031046633674712658,0.17620054958686326
776,0,train,16,0.024670076508068756,0.157067108294731,0.031222539524506425,0.17669900827256055
776,1,train,14,0.03777500254094409,0.19435792379253305,0.031222539524506425,0.17669900827256055
776,-1,train,30,0.031222539524506425,0.17669900827256055,0.031222539524506425,0.17669900827256055
777,0,train,16,0.021887238371811567,0.14794336204038208,0.031383109458739455,0.17715278563640893
777,1,train,14,0.04087898054566735,0.20218551022678985,0.031383109458739455,0.17715278563640893
777,-1,train,30,0.031383109458739455,0.17715278563640893,0.031383109458739455,0.17715278563640893
778,0,train,16,0.03943730933633318,0.19858829103533063,0.030105364551084132,0.17350897541938323
778,1,train,14,0.020773419765835084,0.14412987117816725,0.030105364551084132,0.17350897541938323
778,-1,train,30,0.030105364551084132,0.17350897541938323,0.030105364551084132,0.17350897541938323
779,0,train,16,0.04003219743316568,0.2000804773913879,0.030016765153895786,0.17325347082784745
779,1,train,14,0.020001332874625886,0.14142606858223092,0.030016765153895786,0.17325347082784745
779,-1,train,30,0.030016765153895786,0.17325347082784745,0.030016765153895786,0.17325347082784745
780,0,train,16,0.030634231761979352,0.1750263744753326,0.03063895521430606,0.1750398674996815
780,1,train,14,0.030643678666632767,0.17505335948399495,0.03063895521430606,0.1750398674996815
780,-1,train,30,0.03063895521430606,0.1750398674996815,0.03063895521430606,0.1750398674996815
781,0,train,16,0.036770641923748563,0.19175672588920725,0.030168972929145513,0.17369217866428388
781,1,train,14,0.02356730393454246,0.15351646144483158,0.030168972929145513,0.17369217866428388
781,-1,train,30,0.030168972929145513,0.17369217866428388,0.030168972929145513,0.17369217866428388
782,0,train,16,0.027370129783343123,0.16543920267984588,0.0307936111000046,0.17548108473566204
782,1,train,14,0.03421709241666608,0.1849786269185337,0.0307936111000046,0.17548108473566204
782,-1,train,30,0.0307936111000046,0.17548108473566204,0.0307936111000046,0.17548108473566204
783,0,train,16,0.015908620752901826,0.12612938100578241,0.03158227945265434,0.17771403842312047
783,1,train,14,0.047255938152406855,0.2173843098119247,0.03158227945265434,0.17771403842312047
783,-1,train,30,0.03158227945265434,0.17771403842312047,0.03158227945265434,0.17771403842312047
784,0,train,16,0.033257215201059,0.18236560860277082,0.03029954195586914,0.17406763615293092
784,1,train,14,0.02734186871067928,0.1653537683594761,0.03029954195586914,0.17406763615293092
784,-1,train,30,0.03029954195586914,0.17406763615293092,0.03029954195586914,0.17406763615293092
785,0,train,16,0.04525312644415389,0.21272782244961258,0.029410186923670405,0.17149398509472688
785,1,train,14,0.013567247403186917,0.11647852764860533,0.029410186923670405,0.17149398509472688
785,-1,train,30,0.029410186923670405,0.17149398509472688,0.029410186923670405,0.17149398509472688
786,0,train,16,0.02741462501223496,0.16557362414417026,0.030635903325845436,0.17503114958728186
786,1,train,14,0.03385718163945591,0.18400321094876554,0.030635903325845436,0.17503114958728186
786,-1,train,30,0.030635903325845436,0.17503114958728186,0.030635903325845436,0.17503114958728186
787,0,train,16,0.022148338960924618,0.1488231801868399,0.030977934109068364,0.1760054945422681
787,1,train,14,0.03980752925721211,0.19951824291831588,0.030977934109068364,0.1760054945422681
787,-1,train,30,0.030977934109068364,0.1760054945422681,0.030977934109068364,0.1760054945422681
788,0,train,16,0.03646163255090958,0.19094929314063874,0.029915287288296462,0.1729603633446012
788,1,train,14,0.02336894202568334,0.15286903553592318,0.029915287288296462,0.1729603633446012
788,-1,train,30,0.029915287288296462,0.1729603633446012,0.029915287288296462,0.1729603633446012
789,0,train,16,0.03089902248160922,0.17578117783656252,0.03027076565124505,0.17398495811777825
789,1,train,14,0.02964250882088088,0.17216999977022965,0.03027076565124505,0.17398495811777825
789,-1,train,30,0.03027076565124505,0.17398495811777825,0.03027076565124505,0.17398495811777825
790,0,train,16,0.030372535703476033,0.17427718067342043,0.030268368257135615,0.17397806832223311
790,1,train,14,0.030164200810795194,0.17367844083476566,0.030268368257135615,0.17397806832223311
790,-1,train,30,0.030268368257135615,0.17397806832223311,0.030268368257135615,0.17397806832223311
791,0,train,16,0.0300878316339986,0.17345844353619283,0.030250434392218854,0.17392652009460446
791,1,train,14,0.030413037150439113,0.17439334032708678,0.030250434392218854,0.17392652009460446
791,-1,train,30,0.030250434392218854,0.17392652009460446,0.030250434392218854,0.17392652009460446
792,0,train,16,0.010227336955873035,0.1011302969236867,0.03163880061235204,0.17787299011472213
792,1,train,14,0.05305026426883104,0.23032642980958795,0.03163880061235204,0.17787299011472213
792,-1,train,30,0.03163880061235204,0.17787299011472213,0.03163880061235204,0.17787299011472213
793,0,train,16,0.030525927338634355,0.17471670595176167,0.03014389642047653,0.17361997702014745
793,1,train,14,0.029761865502318702,0.17251627605046052,0.03014389642047653,0.17361997702014745
793,-1,train,30,0.03014389642047653,0.17361997702014745,0.03014389642047653,0.17361997702014745
794,0,train,16,0.03304048271914181,0.18177041211138245,0.029925933760862316,0.17299113781018471
794,1,train,14,0.02681138480258282,0.1637418236205485,0.029925933760862316,0.17299113781018471
794,-1,train,30,0.029925933760862316,0.17299113781018471,0.029925933760862316,0.17299113781018471
795,0,train,16,0.02688416893801902,0.163963925721541,0.0303231787904098,0.17413551846309183
795,1,train,14,0.033762188642800575,0.1837449009980973,0.0303231787904098,0.17413551846309183
795,-1,train,30,0.0303231787904098,0.17413551846309183,0.0303231787904098,0.17413551846309183
796,0,train,16,0.03823518731629059,0.1955381991230629,0.029480041108870557,0.17169752796377283
796,1,train,14,0.020724894901450526,0.14396143546606682,0.029480041108870557,0.17169752796377283
796,-1,train,30,0.029480041108870557,0.17169752796377283,0.029480041108870557,0.17169752796377283
797,0,train,16,0.0359884843946127,0.18970631089822157,0.02959672623899423,0.17203699090310268
797,1,train,14,0.02320496808337576,0.15233176977694365,0.02959672623899423,0.17203699090310268
797,-1,train,30,0.02959672623899423,0.17203699090310268,0.02959672623899423,0.17203699090310268
798,0,train,16,0.023737556471358945,0.15406997264671318,0.03042987716456309,0.1744416153461183
798,1,train,14,0.037122197857767235,0.1926712169935282,0.03042987716456309,0.1744416153461183
798,-1,train,30,0.03042987716456309,0.1744416153461183,0.03042987716456309,0.1744416153461183
799,0,train,16,0.035346197953131646,0.18800584552915275,0.029567005407087038,0.17195059001668775
799,1,train,14,0.02378781286104243,0.1542329824033836,0.029567005407087038,0.17195059001668775
799,-1,train,30,0.029567005407087038,0.17195059001668775,0.029567005407087038,0.17195059001668775
800,0,train,16,0.04974320446419283,0.22303184630046183,0.028519932466727696,0.16887845471441199
800,1,train,14,0.00729666046926256,0.08542049209213537,0.028519932466727696,0.16887845471441199
800,-1,train,30,0.028519932466727696,0.16887845471441199,0.028519932466727696,0.16887845471441199
801,0,train,16,0.024880048410529654,0.15773410668124271,0.03023871483639089,0.17389282571857556
801,1,train,14,0.03559738126225213,0.1886726828723547,0.03023871483639089,0.17389282571857556
801,-1,train,30,0.03023871483639089,0.17389282571857556,0.03023871483639089,0.17389282571857556
802,0,train,16,0.01836365709204316,0.13551257171215947,0.030664645148494228,0.17511323521794184
802,1,train,14,0.04296563320494529,0.20728153126833393,0.030664645148494228,0.17511323521794184
802,-1,train,30,0.030664645148494228,0.17511323521794184,0.030664645148494228,0.17511323521794184
803,0,train,16,0.04398160010392863,0.20971790601645973,0.028802516064917953,0.16971304035022752
803,1,train,14,0.01362343202590727,0.11671945864296694,0.028802516064917953,0.16971304035022752
803,-1,train,30,0.028802516064917953,0.16971304035022752,0.028802516064917953,0.16971304035022752
804,0,train,16,0.038379023588216106,0.19590564970979296,0.029155535321246703,0.1707499204135882
804,1,train,14,0.0199320470542773,0.14118090187513785,0.029155535321246703,0.1707499204135882
804,-1,train,30,0.029155535321246703,0.1707499204135882,0.029155535321246703,0.1707499204135882
805,0,train,16,0.03561820348663763,0.18872785561924246,0.029312604887510498,0.1712092429967217
805,1,train,14,0.02300700628838337,0.15168060617093856,0.029312604887510498,0.1712092429967217
805,-1,train,30,0.029312604887510498,0.1712092429967217,0.029312604887510498,0.1712092429967217
806,0,train,16,0.029859777033172604,0.17279981780422282,0.029683329430846263,0.1722885063805658
806,1,train,14,0.029506881828519925,0.17177567298229376,0.029683329430846263,0.1722885063805658
806,-1,train,30,0.029683329430846263,0.1722885063805658,0.029683329430846263,0.1722885063805658
807,0,train,16,0.0352818266500333,0.18783457256328853,0.029263145575062786,0.17106474088795384
807,1,train,14,0.023244464500092273,0.1524613541199614,0.029263145575062786,0.17106474088795384
807,-1,train,30,0.029263145575062786,0.17106474088795384,0.029263145575062786,0.17106474088795384
808,0,train,16,0.04676131933931472,0.2162436573389257,0.0284108234332031,0.1685551050345349
808,1,train,14,0.010060327527091486,0.10030118407621859,0.0284108234332031,0.1685551050345349
808,-1,train,30,0.0284108234332031,0.1685551050345349,0.0284108234332031,0.1685551050345349
809,0,train,16,0.04108710598273515,0.20269954608418625,0.028771243709190854,0.16962088229104003
809,1,train,14,0.016455381435646562,0.12827853068867978,0.028771243709190854,0.16962088229104003
809,-1,train,30,0.028771243709190854,0.16962088229104003,0.028771243709190854,0.16962088229104003
810,0,train,16,0.012626454329956847,0.11236749676822406,0.03077852548511646,0.1754380958774817
810,1,train,14,0.04893059664027607,0.22120261445171951,0.03077852548511646,0.1754380958774817
810,-1,train,30,0.03077852548511646,0.1754380958774817,0.03077852548511646,0.1754380958774817
811,0,train,16,0.01505949764712738,0.12271714487848623,0.03055231483693171,0.17479220473731574
811,1,train,14,0.04604513202673604,0.21458129468044515,0.03055231483693171,0.17479220473731574
811,-1,train,30,0.03055231483693171,0.17479220473731574,0.03055231483693171,0.17479220473731574
812,0,train,16,0.0235744193888488,0.15353963458615108,0.029903448008784098,0.17292613454531416
812,1,train,14,0.036232476628719396,0.19034830345637282,0.029903448008784098,0.17292613454531416
812,-1,train,30,0.029903448008784098,0.17292613454531416,0.029903448008784098,0.17292613454531416
813,0,train,16,0.023478227816928387,0.15322606768082378,0.029870971782187068,0.17283220701647906
813,1,train,14,0.036263715747445746,0.19043034355754795,0.029870971782187068,0.17283220701647906
813,-1,train,30,0.029870971782187068,0.17283220701647906,0.029870971782187068,0.17283220701647906
814,0,train,16,0.03570527465363201,0.18895839397505476,0.028961813113966943,0.170181706167164
814,1,train,14,0.02221835157430187,0.14905821538681413,0.028961813113966943,0.170181706167164
814,-1,train,30,0.028961813113966943,0.170181706167164,0.028961813113966943,0.170181706167164
815,0,train,16,0.0432381414081805,0.2079378306325727,0.028401548729984172,0.16852759041173102
815,1,train,14,0.013564956051787848,0.11646869129421798,0.028401548729984172,0.16852759041173102
815,-1,train,30,0.028401548729984172,0.16852759041173102,0.028401548729984172,0.16852759041173102
816,0,train,16,0.026217337128674995,0.16191768627507927,0.029558296382309546,0.17192526394427768
816,1,train,14,0.0328992556359441,0.18138151955462303,0.029558296382309546,0.17192526394427768
816,-1,train,30,0.029558296382309546,0.17192526394427768,0.029558296382309546,0.17192526394427768
817,0,train,16,0.02642556137677038,0.16255940876113686,0.029505449859864325,0.17177150479594783
817,1,train,14,0.03258533834295827,0.1805140945825513,0.029505449859864325,0.17177150479594783
817,-1,train,30,0.029505449859864325,0.17177150479594783,0.029505449859864325,0.17177150479594783
818,0,train,16,0.009843462223284272,0.09921422389599321,0.030660289918700793,0.17510079930914305
818,1,train,14,0.051477117614117315,0.22688569283698193,0.030660289918700793,0.17510079930914305
818,-1,train,30,0.030660289918700793,0.17510079930914305,0.030660289918700793,0.17510079930914305
819,0,train,16,0.023649565161252287,0.15378415120308167,0.02962647797703393,0.17212343819780598
819,1,train,14,0.035603390792815576,0.18868860801016996,0.02962647797703393,0.17212343819780598
819,-1,train,30,0.02962647797703393,0.17212343819780598,0.02962647797703393,0.17212343819780598
820,0,train,16,0.0234512715974675,0.15313808016776068,0.029602212209783672,0.17205293432482827
820,1,train,14,0.03575315282209985,0.1890850412436157,0.029602212209783672,0.17205293432482827
820,-1,train,30,0.029602212209783672,0.17205293432482827,0.029602212209783672,0.17205293432482827
821,0,train,16,0.0346237559409709,0.18607459778532615,0.02877168266787066,0.16962217622666756
821,1,train,14,0.02291960939477043,0.1513922369039127,0.02877168266787066,0.16962217622666756
821,-1,train,30,0.02877168266787066,0.16962217622666756,0.02877168266787066,0.16962217622666756
822,0,train,16,0.02934591607822014,0.1713064974781171,0.029105749793082565,0.1706040732019097
822,1,train,14,0.028865583507944992,0.16989874486865697,0.029105749793082565,0.1706040732019097
822,-1,train,30,0.029105749793082565,0.1706040732019097,0.029105749793082565,0.1706040732019097
823,0,train,16,0.04590697270176888,0.21425912513069048,0.02789275333761395,0.16701123715970118
823,1,train,14,0.009878533973459015,0.09939081433140094,0.02789275333761395,0.16701123715970118
823,-1,train,30,0.02789275333761395,0.16701123715970118,0.02789275333761395,0.16701123715970118
824,0,train,16,0.026313458686386335,0.1622142370027561,0.029241706133671424,0.17100206470587256
824,1,train,14,0.03216995358095651,0.17935984383622916,0.029241706133671424,0.17100206470587256
824,-1,train,30,0.029241706133671424,0.17100206470587256,0.029241706133671424,0.17100206470587256
825,0,train,16,0.028822593400090066,0.16977218087805218,0.029025589231326126,0.17036897966274883
825,1,train,14,0.029228585062562186,0.17096369515941737,0.029025589231326126,0.17036897966274883
825,-1,train,30,0.029025589231326126,0.17036897966274883,0.029025589231326126,0.17036897966274883
826,0,train,16,0.03476734590681502,0.18646003836429675,0.028563046845813525,0.16900605564835103
826,1,train,14,0.022358747784812033,0.14952841798404753,0.028563046845813525,0.16900605564835103
826,-1,train,30,0.028563046845813525,0.16900605564835103,0.028563046845813525,0.16900605564835103
827,0,train,16,0.03217989877653999,0.17938756583592963,0.0287082388552269,0.1694350579284786
827,1,train,14,0.025236578933913806,0.15886024969737964,0.0287082388552269,0.1694350579284786
827,-1,train,30,0.0287082388552269,0.1694350579284786,0.0287082388552269,0.1694350579284786
828,0,train,16,0.014345537753026683,0.11977285899996995,0.029942190069660046,0.17303811738937766
828,1,train,14,0.04553884238629341,0.2133983186116831,0.029942190069660046,0.17303811738937766
828,-1,train,30,0.029942190069660046,0.17303811738937766,0.029942190069660046,0.17303811738937766
829,0,train,16,0.026075845921150212,0.161480171913304,0.02906580361530534,0.1704869602500594
829,1,train,14,0.032055761309460466,0.1790412279600999,0.02906580361530534,0.1704869602500594
829,-1,train,30,0.02906580361530534,0.1704869602500594,0.02906580361530534,0.1704869602500594
830,0,train,16,0.0457575857357486,0.21391022821676525,0.027641631394495436,0.1662577258189689
830,1,train,14,0.009525677053242271,0.09759957506691447,0.027641631394495436,0.1662577258189689
830,-1,train,30,0.027641631394495436,0.1662577258189689,0.027641631394495436,0.1662577258189689
831,0,train,16,0.020446163217919335,0.1429900808375159,0.0293906898168228,0.17143713079966896
831,1,train,14,0.03833521641572627,0.19579381097400977,0.0293906898168228,0.17143713079966896
831,-1,train,30,0.0293906898168228,0.17143713079966896,0.0293906898168228,0.17143713079966896
832,0,train,16,0.03697414532345225,0.19228662284062364,0.028178017482063212,0.1678630914825031
832,1,train,14,0.019381889640674173,0.13921885519093372,0.028178017482063212,0.1678630914825031
832,-1,train,30,0.028178017482063212,0.1678630914825031,0.028178017482063212,0.1678630914825031
833,0,train,16,0.026234930028077183,0.1619720038404081,0.028903363311482654,0.17000989180480838
833,1,train,14,0.031571796594888124,0.1776845423633922,0.028903363311482654,0.17000989180480838
833,-1,train,30,0.028903363311482654,0.17000989180480838,0.028903363311482654,0.17000989180480838
834,0,train,16,0.023080862776051092,0.15192387164646343,0.029088223863558305,0.17055270113240162
834,1,train,14,0.03509558495106552,0.18733815668748724,0.029088223863558305,0.17055270113240162
834,-1,train,30,0.029088223863558305,0.17055270113240162,0.029088223863558305,0.17055270113240162
835,0,train,16,0.025621247375376677,0.16006638427657657,0.02886782555380754,0.1699053429230745
835,1,train,14,0.03211440373223841,0.17920492106032807,0.02886782555380754,0.1699053429230745
835,-1,train,30,0.02886782555380754,0.1699053429230745,0.02886782555380754,0.1699053429230745
836,0,train,16,0.014702772567763811,0.12125498986748467,0.029611007262749643,0.1720784915750648
836,1,train,14,0.044519241957735475,0.21099583398194258,0.029611007262749643,0.1720784915750648
836,-1,train,30,0.029611007262749643,0.1720784915750648,0.029611007262749643,0.1720784915750648
837,0,train,16,0.01799366065144139,0.13414045121230728,0.029337751534787522,0.1712826655992588
837,1,train,14,0.040681842418133655,0.20169740310210654,0.029337751534787522,0.1712826655992588
837,-1,train,30,0.029337751534787522,0.1712826655992588,0.029337751534787522,0.1712826655992588
838,0,train,16,0.020016415387500014,0.1414793814924988,0.02915167238503265,0.17073860836094645
838,1,train,14,0.03828692938256529,0.19567046119065926,0.02915167238503265,0.17073860836094645
838,-1,train,30,0.02915167238503265,0.17073860836094645,0.02915167238503265,0.17073860836094645
839,0,train,16,0.04494495307884184,0.21200224781554047,0.027353204276308715,0.16538804151542733
839,1,train,14,0.00976145547377559,0.0988000783085499,0.027353204276308715,0.16538804151542733
839,-1,train,30,0.027353204276308715,0.16538804151542733,0.027353204276308715,0.16538804151542733
840,0,train,16,0.014376336207948275,0.11990136032567886,0.029480525660454022,0.17169893901959332
840,1,train,14,0.04458471511295977,0.2111509296994919,0.029480525660454022,0.17169893901959332
840,-1,train,30,0.029480525660454022,0.17169893901959332,0.029480525660454022,0.17169893901959332
841,0,train,16,0.028674981761256435,0.16933688836534241,0.028417653446877557,0.16857536429406747
841,1,train,14,0.028160325132498682,0.16781038445965935,0.028417653446877557,0.16857536429406747
841,-1,train,30,0.028417653446877557,0.16857536429406747,0.028417653446877557,0.16857536429406747
842,0,train,16,0.042069225099799136,0.205107837733713,0.0274361697993472,0.1656386724148295
842,1,train,14,0.012803114498895263,0.11315084842322333,0.0274361697993472,0.1656386724148295
842,-1,train,30,0.0274361697993472,0.1656386724148295,0.0274361697993472,0.1656386724148295
843,0,train,16,0.022336678308044797,0.149454602833251,0.02879156297651884,0.1696807678451475
843,1,train,14,0.035246447644992886,0.18774037297553473,0.02879156297651884,0.1696807678451475
843,-1,train,30,0.02879156297651884,0.1696807678451475,0.02879156297651884,0.1696807678451475
844,0,train,16,0.02484859046216663,0.1576343568584166,0.028575353046173445,0.16904245929994466
844,1,train,14,0.032302115630180255,0.17972789330034517,0.028575353046173445,0.16904245929994466
844,-1,train,30,0.028575353046173445,0.16904245929994466,0.028575353046173445,0.16904245929994466
845,0,train,16,0.028702167095146513,0.16941713931933366,0.028262347138148514,0.1681140896479189
845,1,train,14,0.027822527181150518,0.1668008608525463,0.028262347138148514,0.1681140896479189
845,-1,train,30,0.028262347138148514,0.1681140896479189,0.028262347138148514,0.1681140896479189
846,0,train,16,0.01691938772586486,0.13007454680245809,0.02906543416710016,0.17048587673792853
846,1,train,14,0.04121148060833546,0.20300610978080305,0.02906543416710016,0.17048587673792853
846,-1,train,30,0.02906543416710016,0.17048587673792853,0.02906543416710016,0.17048587673792853
847,0,train,16,0.0388146505488813,0.197014340972634,0.027473039435623986,0.16574993042419048
847,1,train,14,0.01613142832236667,0.1270095599644636,0.027473039435623986,0.16574993042419048
847,-1,train,30,0.027473039435623986,0.16574993042419048,0.027473039435623986,0.16574993042419048
848,0,train,16,0.030878868064592297,0.1757238403421468,0.027991425053606377,0.1673063807916673
848,1,train,14,0.025103982042620453,0.15844236189422464,0.027991425053606377,0.1673063807916673
848,-1,train,30,0.027991425053606377,0.1673063807916673,0.027991425053606377,0.1673063807916673
849,0,train,16,0.00929023419357185,0.09638586096296411,0.029506210930483806,0.1717737201392687
849,1,train,14,0.049722187667395765,0.22298472518851098,0.029506210930483806,0.1717737201392687
849,-1,train,30,0.029506210930483806,0.1717737201392687,0.029506210930483806,0.1717737201392687
850,0,train,16,0.02752767868945395,0.16591467291790063,0.02815415633502536,0.16779200319152687
850,1,train,14,0.028780633980596774,0.1696485602078508,0.02815415633502536,0.16779200319152687
850,-1,train,30,0.02815415633502536,0.16779200319152687,0.02815415633502536,0.16779200319152687
851,0,train,16,0.02766141401468476,0.1663172090154376,0.028107857283913837,0.16765398081737826
851,1,train,14,0.028554300553142915,0.16898017798884848,0.028107857283913837,0.16765398081737826
851,-1,train,30,0.028107857283913837,0.16765398081737826,0.028107857283913837,0.16765398081737826
852,0,train,16,0.006400833955108361,0.08000521204964313,0.02960701647078253,0.17206689533661765
852,1,train,14,0.0528131989864567,0.22981122467463747,0.02960701647078253,0.17206689533661765
852,-1,train,30,0.02960701647078253,0.17206689533661765,0.02960701647078253,0.17206689533661765
853,0,train,16,0.011317813476615021,0.10638521267833712,0.029198935228895686,0.1708769593271594
853,1,train,14,0.04708005698117635,0.21697939298739027,0.029198935228895686,0.1708769593271594
853,-1,train,30,0.029198935228895686,0.1708769593271594,0.029198935228895686,0.1708769593271594
854,0,train,16,0.03844490460004971,0.19607372235985554,0.027236026849305976,0.1650334113120915
854,1,train,14,0.01602714909856224,0.1265983771561162,0.027236026849305976,0.1650334113120915
854,-1,train,30,0.027236026849305976,0.1650334113120915,0.027236026849305976,0.1650334113120915
855,0,train,16,0.00876178272575301,0.0936043947993523,0.02930650008604499,0.17119141358737883
855,1,train,14,0.04985121744633697,0.22327386198643354,0.02930650008604499,0.17119141358737883
855,-1,train,30,0.02930650008604499,0.17119141358737883,0.02930650008604499,0.17119141358737883
856,0,train,16,0.01985777476881542,0.14091761695691357,0.028470915310110527,0.1687332667558787
856,1,train,14,0.03708405585140564,0.19257220944727627,0.028470915310110527,0.1687332667558787
856,-1,train,30,0.028470915310110527,0.1687332667558787,0.028470915310110527,0.1687332667558787
857,0,train,16,0.04381842677661254,0.2093285140075583,0.02673821174318161,0.16351823061414777
857,1,train,14,0.009657996709750686,0.09827510727417542,0.02673821174318161,0.16351823061414777
857,-1,train,30,0.02673821174318161,0.16351823061414777,0.02673821174318161,0.16351823061414777
858,0,train,16,0.011454816060113693,0.10702717440030683,0.028998639255284096,0.17028986832834211
858,1,train,14,0.0465424624504545,0.215737021511039,0.028998639255284096,0.17028986832834211
858,-1,train,30,0.028998639255284096,0.17028986832834211,0.028998639255284096,0.17028986832834211
859,0,train,16,0.02501941429712636,0.1581752644920386,0.0279871803556433,0.16729369490702062
859,1,train,14,0.030954946414160238,0.17594017851008403,0.0279871803556433,0.16729369490702062
859,-1,train,30,0.0279871803556433,0.16729369490702062,0.0279871803556433,0.16729369490702062
860,0,train,16,0.019863105017868577,0.1409365283305523,0.028318098435222407,0.1682798218302551
860,1,train,14,0.03677309185257623,0.19176311389987447,0.028318098435222407,0.1682798218302551
860,-1,train,30,0.028318098435222407,0.1682798218302551,0.028318098435222407,0.1682798218302551
861,0,train,16,0.03032383709894827,0.17413740867185393,0.027535082029548824,0.16593698210329372
861,1,train,14,0.024746326960149376,0.15730965310542572,0.027535082029548824,0.16593698210329372
861,-1,train,30,0.027535082029548824,0.16593698210329372,0.027535082029548824,0.16593698210329372
862,0,train,16,0.022255471527024114,0.149182678374616,0.02807138068799238,0.1675451601449364
862,1,train,14,0.033887289848960646,0.18408500712703532,0.02807138068799238,0.1675451601449364
862,-1,train,30,0.02807138068799238,0.1675451601449364,0.02807138068799238,0.1675451601449364
863,0,train,16,0.041503862610684734,0.2037249680591084,0.026668315323022617,0.1633043640660672
863,1,train,14,0.0118327680353605,0.10877852745537835,0.026668315323022617,0.1633043640660672
863,-1,train,30,0.026668315323022617,0.1633043640660672,0.026668315323022617,0.1633043640660672
864,0,train,16,0.02498167485116269,0.15805592317645895,0.02780022349176345,0.16673399021124471
864,1,train,14,0.03061877213236421,0.1749822051877396,0.02780022349176345,0.16673399021124471
864,-1,train,30,0.02780022349176345,0.16673399021124471,0.02780022349176345,0.16673399021124471
865,0,train,16,0.02514082337639136,0.15855858026733008,0.02775064354799138,0.16658524408839873
865,1,train,14,0.030360463719591398,0.17424254279478188,0.02775064354799138,0.16658524408839873
865,-1,train,30,0.02775064354799138,0.16658524408839873,0.02775064354799138,0.16658524408839873
866,0,train,16,0.033437210123900406,0.1828584428564905,0.027121961273360688,0.16468746544093965
866,1,train,14,0.020806712422820967,0.1442453202804894,0.027121961273360688,0.16468746544093965
866,-1,train,30,0.027121961273360688,0.16468746544093965,0.027121961273360688,0.16468746544093965
867,0,train,16,0.014762891553288152,0.12150264010830444,0.0284226686997158,0.1685902390404492
867,1,train,14,0.04208244584614345,0.20514006397128634,0.0284226686997158,0.1685902390404492
867,-1,train,30,0.0284226686997158,0.1685902390404492,0.0284226686997158,0.1685902390404492
868,0,train,16,0.043606142565766094,0.20882083843756133,0.02633220578077131,0.16227201169878713
868,1,train,14,0.009058268995776523,0.09517493890608243,0.02633220578077131,0.16227201169878713
868,-1,train,30,0.02633220578077131,0.16227201169878713,0.02633220578077131,0.16227201169878713
869,0,train,16,0.024896335529627278,0.1577857266346588,0.027619576172651223,0.16619138417093476
869,1,train,14,0.030342816815675168,0.174191896527006,0.027619576172651223,0.16619138417093476
869,-1,train,30,0.027619576172651223,0.16619138417093476,0.027619576172651223,0.16619138417093476
870,0,train,16,0.033192548837955076,0.18218822365332804,0.026988434465395495,0.16428157068093638
870,1,train,14,0.020784320092835915,0.1441676804725522,0.026988434465395495,0.16428157068093638
870,-1,train,30,0.026988434465395495,0.16428157068093638,0.026988434465395495,0.16428157068093638
871,0,train,16,0.011477572144931622,0.10713343149984332,0.02850686708105093,0.1688397674751151
871,1,train,14,0.04553616201717024,0.21339203831720208,0.02850686708105093,0.1688397674751151
871,-1,train,30,0.02850686708105093,0.1688397674751151,0.02850686708105093,0.1688397674751151
872,0,train,16,0.011229426633617562,0.10596898901856883,0.028489148232434428,0.16878728693961056
872,1,train,14,0.045748869831251295,0.21388985443739797,0.028489148232434428,0.16878728693961056
872,-1,train,30,0.028489148232434428,0.16878728693961056,0.028489148232434428,0.16878728693961056
873,0,train,16,0.022568723489298736,0.15022890364140562,0.027633276541954042,0.16623259771162227
873,1,train,14,0.03269782959460935,0.18082541191605053,0.027633276541954042,0.16623259771162227
873,-1,train,30,0.027633276541954042,0.16623259771162227,0.027633276541954042,0.16623259771162227
874,0,train,16,0.026763755983412362,0.1635963202013186,0.027298579877247358,0.16522281887574536
874,1,train,14,0.027833403771082354,0.166833461185346,0.027298579877247358,0.16522281887574536
874,-1,train,30,0.027298579877247358,0.16522281887574536,0.027298579877247358,0.16522281887574536
875,0,train,16,0.02423627850723929,0.15568005173187505,0.027437741297701775,0.16564341610127997
875,1,train,14,0.030639204088164257,0.17504057840444956,0.027437741297701775,0.16564341610127997
875,-1,train,30,0.027437741297701775,0.16564341610127997,0.027437741297701775,0.16564341610127997
876,0,train,16,0.008654213472977573,0.09302802520196574,0.028522208541175393,0.1688851933745981
876,1,train,14,0.04839020360937321,0.21997773434912274,0.028522208541175393,0.1688851933745981
876,-1,train,30,0.028522208541175393,0.1688851933745981,0.028522208541175393,0.1688851933745981
877,0,train,16,0.03785494618872836,0.1945634759885019,0.026399456659886814,0.16247909607050015
877,1,train,14,0.014943967131045267,0.12224551988128345,0.026399456659886814,0.16247909607050015
877,-1,train,30,0.026399456659886814,0.16247909607050015,0.026399456659886814,0.16247909607050015
878,0,train,16,0.024039166224574176,0.15504569076428462,0.02734025736025656,0.16534889585436172
878,1,train,14,0.030641348495938945,0.17504670375628026,0.02734025736025656,0.16534889585436172
878,-1,train,30,0.02734025736025656,0.16534889585436172,0.02734025736025656,0.16534889585436172
879,0,train,16,0.032256825155565105,0.17960185175984436,0.026720102403500444,0.16346284716564938
879,1,train,14,0.02118337965143578,0.1455451120836278,0.026720102403500444,0.16346284716564938
879,-1,train,30,0.026720102403500444,0.16346284716564938,0.026720102403500444,0.16346284716564938
880,0,train,16,0.0320670011498773,0.17907261418172601,0.026693861709093245,0.16338256243887608
880,1,train,14,0.021320722268309188,0.14601617125616323,0.026693861709093245,0.16338256243887608
880,-1,train,30,0.026693861709093245,0.16338256243887608,0.026693861709093245,0.16338256243887608
881,0,train,16,0.02805719183913186,0.16750281143650056,0.026940432809306115,0.16413540998001044
881,1,train,14,0.02582367377948037,0.16069746040146488,0.026940432809306115,0.16413540998001044
881,-1,train,30,0.026940432809306115,0.16413540998001044,0.026940432809306115,0.16413540998001044
882,0,train,16,0.011239146981438857,0.10601484321282025,0.028113303907014383,0.16767022367437334
882,1,train,14,0.04498746083258991,0.2121024771957883,0.028113303907014383,0.16767022367437334
882,-1,train,30,0.028113303907014383,0.16767022367437334,0.028113303907014383,0.16767022367437334
883,0,train,16,0.021871929922037455,0.1478916154554999,0.02730611542924643,0.16524562151308708
883,1,train,14,0.0327403009364554,0.18094281123176847,0.02730611542924643,0.16524562151308708
883,-1,train,30,0.02730611542924643,0.16524562151308708,0.02730611542924643,0.16524562151308708
884,0,train,16,0.026881636103095182,0.16395620178296147,0.02691144880105853,0.1640470932417229
884,1,train,14,0.02694126149902188,0.1641379343693038,0.02691144880105853,0.1640470932417229
884,-1,train,30,0.02691144880105853,0.1640470932417229,0.02691144880105853,0.1640470932417229
885,0,train,16,0.03457032989527362,0.18593098153689616,0.02633180305351191,0.162270770792253
885,1,train,14,0.018093276211750196,0.13451124938736608,0.02633180305351191,0.162270770792253
885,-1,train,30,0.02633180305351191,0.162270770792253,0.02633180305351191,0.162270770792253
886,0,train,16,0.008629181991933887,0.09289339046419764,0.028150821336976887,0.1677820650039118
886,1,train,14,0.047672460682019885,0.2183402406383667,0.028150821336976887,0.1677820650039118
886,-1,train,30,0.028150821336976887,0.1677820650039118,0.028150821336976887,0.1677820650039118
887,0,train,16,0.02735568251765939,0.16539553354809614,0.026765915196312468,0.16360291927808765
887,1,train,14,0.02617614787496554,0.1617904443252615,0.026765915196312468,0.16360291927808765
887,-1,train,30,0.026765915196312468,0.16360291927808765,0.026765915196312468,0.16360291927808765
888,0,train,16,0.037038118224332395,0.19245289871636748,0.02604708414478392,0.161391090661114
888,1,train,14,0.015056050065235447,0.12270309721125806,0.02604708414478392,0.161391090661114
888,-1,train,30,0.02604708414478392,0.161391090661114,0.02604708414478392,0.161391090661114
889,0,train,16,0.034467766347076385,0.18565496585622585,0.02618535224723415,0.1618188871770973
889,1,train,14,0.01790293814739191,0.13380186152438953,0.02618535224723415,0.1618188871770973
889,-1,train,30,0.02618535224723415,0.1618188871770973,0.02618535224723415,0.1618188871770973
890,0,train,16,0.03175385490264834,0.17819611360141485,0.026340636642991327,0.16229798718096083
890,1,train,14,0.020927418383334315,0.14466312032904002,0.026340636642991327,0.16229798718096083
890,-1,train,30,0.026340636642991327,0.16229798718096083,0.026340636642991327,0.16229798718096083
891,0,train,16,0.01885182860523521,0.1373019614034527,0.02722622718612804,0.1650037187039372
891,1,train,14,0.03560062576702087,0.1886812809131337,0.02722622718612804,0.1650037187039372
891,-1,train,30,0.02722622718612804,0.1650037187039372,0.02722622718612804,0.1650037187039372
892,0,train,16,0.04389955478585831,0.20952220594929385,0.025428303540557556,0.159462545886354
892,1,train,14,0.006957052295256805,0.08340894613443335,0.025428303540557556,0.159462545886354
892,-1,train,30,0.025428303540557556,0.159462545886354,0.025428303540557556,0.159462545886354
893,0,train,16,0.020690958343336636,0.14384352033837547,0.027016689332617368,0.1643675434281883
893,1,train,14,0.0333424203218981,0.18259906988234662,0.027016689332617368,0.1643675434281883
893,-1,train,30,0.027016689332617368,0.1643675434281883,0.027016689332617368,0.1643675434281883
894,0,train,16,0.04404656006491603,0.2098727234895379,0.025333084754968295,0.15916370426378088
894,1,train,14,0.006619609445020564,0.08136098232580875,0.025333084754968295,0.15916370426378088
894,-1,train,30,0.025333084754968295,0.15916370426378088,0.025333084754968295,0.15916370426378088
895,0,train,16,0.021660260188529512,0.14717425110571997,0.026877235682929358,0.16394278173475452
895,1,train,14,0.032094211177329204,0.17914857291457614,0.026877235682929358,0.16394278173475452
895,-1,train,30,0.026877235682929358,0.16394278173475452,0.026877235682929358,0.16394278173475452
896,0,train,16,0.02598412986500061,0.16119593625461098,0.026528481951123957,0.1628756640849822
896,1,train,14,0.0270728340372473,0.1645382449075208,0.026528481951123957,0.1628756640849822
896,-1,train,30,0.026528481951123957,0.1628756640849822,0.026528481951123957,0.1628756640849822
897,0,train,16,0.02687770962084197,0.16394422716534415,0.02642758265176539,0.16256562567703356
897,1,train,14,0.025977455682688805,0.1611752328451515,0.02642758265176539,0.16256562567703356
897,-1,train,30,0.02642758265176539,0.16256562567703356,0.02642758265176539,0.16256562567703356
898,0,train,16,0.024347489325614643,0.1560368204162551,0.026573834987536973,0.16301483057543253
898,1,train,14,0.028800180649459307,0.1697061597275105,0.026573834987536973,0.16301483057543253
898,-1,train,30,0.026573834987536973,0.16301483057543253,0.026573834987536973,0.16301483057543253
899,0,train,16,0.04416998581559778,0.2101665668359213,0.025143648593904392,0.15856748908242319
899,1,train,14,0.006117311372211004,0.07821324294651771,0.025143648593904392,0.15856748908242319
899,-1,train,30,0.025143648593904392,0.15856748908242319,0.025143648593904392,0.15856748908242319
900,0,train,16,0.010546993288428457,0.10269855543496441,0.02749306077716067,0.16581031565364282
900,1,train,14,0.04443912826589288,0.21080590187633003,0.02749306077716067,0.16581031565364282
900,-1,train,30,0.02749306077716067,0.16581031565364282,0.02749306077716067,0.16581031565364282
901,0,train,16,0.030500388252555716,0.17464360352602587,0.026030629735800732,0.16134010578836477
901,1,train,14,0.02156087121904575,0.1468362054094485,0.026030629735800732,0.16134010578836477
901,-1,train,30,0.026030629735800732,0.16134010578836477,0.026030629735800732,0.16134010578836477
902,0,train,16,0.00829988220175083,0.09110368928726668,0.02758337339749576,0.1660824295267135
902,1,train,14,0.046866864593240694,0.21648756221372326,0.02758337339749576,0.1660824295267135
902,-1,train,30,0.02758337339749576,0.1660824295267135,0.02758337339749576,0.1660824295267135
903,0,train,16,0.031092895069461265,0.176331775552398,0.025916627332637568,0.16098641971494854
903,1,train,14,0.020740359595813874,0.14401513668991142,0.025916627332637568,0.16098641971494854
903,-1,train,30,0.025916627332637568,0.16098641971494854,0.025916627332637568,0.16098641971494854
904,0,train,16,0.017095336868556684,0.13074913716180572,0.026880907052448916,0.1639539784587398
904,1,train,14,0.036666477236341144,0.19148492691682326,0.026880907052448916,0.1639539784587398
904,-1,train,30,0.026880907052448916,0.1639539784587398,0.026880907052448916,0.1639539784587398
905,0,train,16,0.010525755427319802,0.10259510430483416,0.0273129737696128,0.1652663721681238
905,1,train,14,0.0441001921119058,0.21000045740880138,0.0273129737696128,0.1652663721681238
905,-1,train,30,0.0273129737696128,0.1652663721681238,0.0273129737696128,0.1652663721681238
906,0,train,16,0.03911485304450602,0.19777475330412125,0.025248300241144446,0.15889713729688287
906,1,train,14,0.011381747437782867,0.10668527282517895,0.025248300241144446,0.15889713729688287
906,-1,train,30,0.025248300241144446,0.15889713729688287,0.025248300241144446,0.15889713729688287
907,0,train,16,0.035985122603657334,0.1896974501770051,0.025423805483472867,0.15944844145827475
907,1,train,14,0.014862488363288401,0.12191180567643316,0.025423805483472867,0.15944844145827475
907,-1,train,30,0.025423805483472867,0.15944844145827475,0.025423805483472867,0.15944844145827475
908,0,train,16,0.008453092685760681,0.09194070200820027,0.02735164148630157,0.16538331683184243
908,1,train,14,0.04625019028684246,0.21505857408353302,0.02735164148630157,0.16538331683184243
908,-1,train,30,0.02735164148630157,0.16538331683184243,0.02735164148630157,0.16538331683184243
909,0,train,16,0.018725270152354673,0.13684030894570018,0.026573332261090207,0.16301328860277067
909,1,train,14,0.03442139436982574,0.1855300363009336,0.026573332261090207,0.16301328860277067
909,-1,train,30,0.026573332261090207,0.16301328860277067,0.026573332261090207,0.16301328860277067
910,0,train,16,0.021778490929095912,0.1475753737216881,0.02631968857119931,0.16223343851129862
910,1,train,14,0.03086088621330271,0.17567266780379556,0.02631968857119931,0.16223343851129862
910,-1,train,30,0.02631968857119931,0.16223343851129862,0.02631968857119931,0.16223343851129862
911,0,train,16,0.028190558059997983,0.16790044091662767,0.02583103102574323,0.16072035037836133
911,1,train,14,0.023471503991488483,0.15320412524305108,0.02583103102574323,0.16072035037836133
911,-1,train,30,0.02583103102574323,0.16072035037836133,0.02583103102574323,0.16072035037836133
912,0,train,16,0.015909392746285334,0.12613244129202184,0.026667411134304035,0.1633015956269382
912,1,train,14,0.03742542952232274,0.19345653135090254,0.026667411134304035,0.1633015956269382
912,-1,train,30,0.026667411134304035,0.1633015956269382,0.026667411134304035,0.1633015956269382
913,0,train,16,0.01797898207741337,0.134085726598372,0.026480368567393095,0.16272789732370138
913,1,train,14,0.034981755057372825,0.1870341013221194,0.026480368567393095,0.16272789732370138
913,-1,train,30,0.026480368567393095,0.16272789732370138,0.026480368567393095,0.16272789732370138
914,0,train,16,0.018680692608163865,0.13667733026425363,0.02639588843906554,0.16246811514591267
914,1,train,14,0.034111084269967215,0.18469186303128574,0.02639588843906554,0.16246811514591267
914,-1,train,30,0.02639588843906554,0.16246811514591267,0.02639588843906554,0.16246811514591267
915,0,train,16,0.030535512664213966,0.17474413484925314,0.02551958750765252,0.15974851331906822
915,1,train,14,0.020503662351091075,0.14319099954637887,0.02551958750765252,0.15974851331906822
915,-1,train,30,0.02551958750765252,0.15974851331906822,0.02551958750765252,0.15974851331906822
916,0,train,16,0.020770937596753244,0.14412126004428785,0.02617203124963447,0.16177772173459012
916,1,train,14,0.031573124902515695,0.17768828014958019,0.02617203124963447,0.16177772173459012
916,-1,train,30,0.02617203124963447,0.16177772173459012,0.02617203124963447,0.16177772173459012
917,0,train,16,0.008516774348704261,0.09228637141368308,0.02701920729535235,0.16437520279942577
917,1,train,14,0.045521640242000436,0.2133580095567083,0.02701920729535235,0.16437520279942577
917,-1,train,30,0.02701920729535235,0.16437520279942577,0.02701920729535235,0.16437520279942577
918,0,train,16,0.025879042544863156,0.16086964457243993,0.02573694805924734,0.16042739186076466
918,1,train,14,0.02559485357363152,0.1599839166092377,0.02573694805924734,0.16042739186076466
918,-1,train,30,0.02573694805924734,0.16042739186076466,0.02573694805924734,0.16042739186076466
919,0,train,16,0.015783022210780116,0.12563049872853374,0.02642169037135535,0.16254750189207876
919,1,train,14,0.037060358531930584,0.1925106712157292,0.02642169037135535,0.16254750189207876
919,-1,train,30,0.02642169037135535,0.16254750189207876,0.02642169037135535,0.16254750189207876
920,0,train,16,0.02617676902020127,0.16179236391190183,0.025642427006543615,0.16013252950772874
920,1,train,14,0.02510808499288596,0.15845530913442427,0.025642427006543615,0.16013252950772874
920,-1,train,30,0.025642427006543615,0.16013252950772874,0.025642427006543615,0.16013252950772874
921,0,train,16,0.030402665932062856,0.17436360265853323,0.02531000646902301,0.1590911891621375
921,1,train,14,0.020217347005983165,0.14218771749340084,0.02531000646902301,0.1590911891621375
921,-1,train,30,0.02531000646902301,0.1590911891621375,0.02531000646902301,0.1590911891621375
922,0,train,16,0.028203536714522904,0.1679390863215675,0.02542738971329924,0.1594596805255148
922,1,train,14,0.022651242712075574,0.15050329801062692,0.02542738971329924,0.1594596805255148
922,-1,train,30,0.02542738971329924,0.1594596805255148,0.02542738971329924,0.1594596805255148
923,0,train,16,0.032639078766881,0.18066288707667935,0.025082939385314577,0.1583759432026044
923,1,train,14,0.01752680000374816,0.13238882129450416,0.025082939385314577,0.1583759432026044
923,-1,train,30,0.025082939385314577,0.1583759432026044,0.025082939385314577,0.1583759432026044
924,0,train,16,0.03520215277656913,0.18762236747405445,0.024862652916660444,0.15767895521172268
924,1,train,14,0.01452315305675176,0.12051204527661026,0.024862652916660444,0.15767895521172268
924,-1,train,30,0.024862652916660444,0.15767895521172268,0.024862652916660444,0.15767895521172268
925,0,train,16,0.03617604217292859,0.19020000571222018,0.02475226594929851,0.1573285287203135
925,1,train,14,0.013328489725668434,0.1154490784964022,0.02475226594929851,0.1573285287203135
925,-1,train,30,0.02475226594929851,0.1573285287203135,0.02475226594929851,0.1573285287203135
926,0,train,16,0.02092852273223404,0.1446669372463316,0.025805121904606203,0.1606397270434876
926,1,train,14,0.030681721076978367,0.17516198525073404,0.025805121904606203,0.1606397270434876
926,-1,train,30,0.025805121904606203,0.1606397270434876,0.025805121904606203,0.1606397270434876
927,0,train,16,0.023363101441682906,0.15284993111441988,0.02559460112058757,0.15998312761221906
927,1,train,14,0.027826100799492236,0.16681157273850108,0.02559460112058757,0.15998312761221906
927,-1,train,30,0.02559460112058757,0.15998312761221906,0.02559460112058757,0.15998312761221906
928,0,train,16,0.010973612743638353,0.10475501297617386,0.026454069965834416,0.16264707180221358
928,1,train,14,0.04193452718803048,0.2047792157129978,0.026454069965834416,0.16264707180221358
928,-1,train,30,0.026454069965834416,0.16264707180221358,0.026454069965834416,0.16264707180221358
929,0,train,16,0.024767536893104097,0.15737705326096335,0.0254231347359119,0.1594463381075649
929,1,train,14,0.0260787325787197,0.16148910978366218,0.0254231347359119,0.1594463381075649
929,-1,train,30,0.0254231347359119,0.1594463381075649,0.0254231347359119,0.1594463381075649
930,0,train,16,0.025754824563727213,0.16048309743934783,0.02531505840143749,0.15910706584384457
930,1,train,14,0.02487529223914776,0.15771902941353577,0.02531505840143749,0.15910706584384457
930,-1,train,30,0.02531505840143749,0.15910706584384457,0.02531505840143749,0.15910706584384457
931,0,train,16,0.02290767293019355,0.1513528094558986,0.025482973076088142,0.1596338719573266
931,1,train,14,0.028058273221982732,0.16750603935972797,0.025482973076088142,0.1596338719573266
931,-1,train,30,0.025482973076088142,0.1596338719573266,0.025482973076088142,0.1596338719573266
932,0,train,16,0.03452048413972152,0.18579688947805753,0.024632691323635946,0.15694805294630432
932,1,train,14,0.014744898507550367,0.12142857368655191,0.024632691323635946,0.15694805294630432
932,-1,train,30,0.024632691323635946,0.15694805294630432,0.024632691323635946,0.15694805294630432
933,0,train,16,0.025601614285786622,0.16000504456355938,0.025219479658590022,0.1588064219689809
933,1,train,14,0.024837345031393423,0.15759868346973405,0.025219479658590022,0.1588064219689809
933,-1,train,30,0.025219479658590022,0.1588064219689809,0.025219479658590022,0.1588064219689809
934,0,train,16,0.02037066559242467,0.1427258406611244,0.02555619886566072,0.15986306285587273
934,1,train,14,0.03074173213889677,0.1753332031843848,0.02555619886566072,0.15986306285587273
934,-1,train,30,0.02555619886566072,0.15986306285587273,0.02555619886566072,0.15986306285587273
935,0,train,16,0.01738459221226983,0.13185064357927812,0.02573638685073217,0.16042564274682575
935,1,train,14,0.034088181489194506,0.18462984994088716,0.02573638685073217,0.16042564274682575
935,-1,train,30,0.02573638685073217,0.16042564274682575,0.02573638685073217,0.16042564274682575
936,0,train,16,0.034213648532339026,0.18496931781335796,0.024515050222206278,0.156572827215345
936,1,train,14,0.014816451912073533,0.12172284876749119,0.024515050222206278,0.156572827215345
936,-1,train,30,0.024515050222206278,0.156572827215345,0.024515050222206278,0.156572827215345
937,0,train,16,0.015653072156326095,0.12511223823561823,0.0257940023318894,0.16060511303158875
937,1,train,14,0.03593493250745271,0.18956511416252914,0.0257940023318894,0.16060511303158875
937,-1,train,30,0.0257940023318894,0.16060511303158875,0.0257940023318894,0.16060511303158875
938,0,train,16,0.039605190827346544,0.1990105294383856,0.024059905942009588,0.15511255894352846
938,1,train,14,0.008514621056672632,0.09227470431636522,0.024059905942009588,0.15511255894352846
938,-1,train,30,0.024059905942009588,0.15511255894352846,0.024059905942009588,0.15511255894352846
939,0,train,16,0.027524963540431314,0.16590649035053245,0.024873174700027173,0.15771231625978732
939,1,train,14,0.02222138585962303,0.14906839322815224,0.024873174700027173,0.15771231625978732
939,-1,train,30,0.024873174700027173,0.15771231625978732,0.024873174700027173,0.15771231625978732
940,0,train,16,0.027511223758139195,0.16586507696962371,0.024837077795287814,0.15759783563008667
940,1,train,14,0.022162931832436433,0.14887219966278603,0.024837077795287814,0.15759783563008667
940,-1,train,30,0.024837077795287814,0.15759783563008667,0.024837077795287814,0.15759783563008667
941,0,train,16,0.020299499372689492,0.1424763116194741,0.025318905163040847,0.15911915397915125
941,1,train,14,0.030338310953392206,0.17417896243057657,0.025318905163040847,0.15911915397915125
941,-1,train,30,0.025318905163040847,0.15911915397915125,0.025318905163040847,0.15911915397915125
942,0,train,16,0.028305664125737557,0.16824287243665795,0.02471026655821318,0.15719499533449904
942,1,train,14,0.0211148689906888,0.1453095626264452,0.02471026655821318,0.15719499533449904
942,-1,train,30,0.02471026655821318,0.15719499533449904,0.02471026655821318,0.15719499533449904
943,0,train,16,0.04148833673554624,0.2036868595063173,0.023762730774892,0.15415164862852423
943,1,train,14,0.006037124814237755,0.07769893702128591,0.023762730774892,0.15415164862852423
943,-1,train,30,0.023762730774892,0.15415164862852423,0.023762730774892,0.15415164862852423
944,0,train,16,0.017566123574174804,0.13253725353339266,0.025408585195590562,0.1594007063835997
944,1,train,14,0.033251046817006316,0.18234869568221845,0.025408585195590562,0.1594007063835997
944,-1,train,30,0.025408585195590562,0.1594007063835997,0.025408585195590562,0.1594007063835997
945,0,train,16,0.032406926597318135,0.18001923951988613,0.02431416475829464,0.15592999954561226
945,1,train,14,0.016221402919271148,0.12736327146894094,0.02431416475829464,0.15592999954561226
945,-1,train,30,0.02431416475829464,0.15592999954561226,0.02431416475829464,0.15592999954561226
946,0,train,16,0.021678225998963043,0.147235274302604,0.025044980086617222,0.15825605860951175
946,1,train,14,0.0284117341742714,0.16855780662512015,0.025044980086617222,0.15825605860951175
946,-1,train,30,0.025044980086617222,0.15825605860951175,0.025044980086617222,0.15825605860951175
947,0,train,16,0.022164695914709376,0.1488781243659033,0.024974453806414686,0.15803307820331378
947,1,train,14,0.027784211698119995,0.1666859673101488,0.024974453806414686,0.15803307820331378
947,-1,train,30,0.024974453806414686,0.15803307820331378,0.024974453806414686,0.15803307820331378
948,0,train,16,0.024693583408827106,0.15714192123309143,0.024759780085622504,0.15735240730799926
948,1,train,14,0.024825976762417906,0.1575626121972402,0.024759780085622504,0.15735240730799926
948,-1,train,30,0.024759780085622504,0.15735240730799926,0.024759780085622504,0.15735240730799926
949,0,train,16,0.025233884831990322,0.15885176999955122,0.024688261885514984,0.15712498810028588
949,1,train,14,0.024142638939039646,0.15537901704876256,0.024688261885514984,0.15712498810028588
949,-1,train,30,0.024688261885514984,0.15712498810028588,0.024688261885514984,0.15712498810028588
950,0,train,16,0.02465286952302594,0.1570123228381325,0.024694414491564086,0.1571445655807546
950,1,train,14,0.02473595946010223,0.15727669712993794,0.024694414491564086,0.1571445655807546
950,-1,train,30,0.024694414491564086,0.1571445655807546,0.024694414491564086,0.1571445655807546
951,0,train,16,0.03892818436099989,0.19730226648723498,0.023653719186592186,0.15379765663556835
951,1,train,14,0.008379254012184483,0.09153826528935581,0.023653719186592186,0.15379765663556835
951,-1,train,30,0.023653719186592186,0.15379765663556835,0.023653719186592186,0.15379765663556835
952,0,train,16,0.034923070740150546,0.18687715414183337,0.023894766077487792,0.1545793196953842
952,1,train,14,0.012866461414825038,0.11343042543702743,0.023894766077487792,0.1545793196953842
952,-1,train,30,0.023894766077487792,0.1545793196953842,0.023894766077487792,0.1545793196953842
953,0,train,16,0.03635339486915191,0.19066566253301068,0.02376795751514031,0.15416860093787033
953,1,train,14,0.011182520161128714,0.10574743571892754,0.02376795751514031,0.15416860093787033
953,-1,train,30,0.02376795751514031,0.15416860093787033,0.02376795751514031,0.15416860093787033
954,0,train,16,0.015201001061610974,0.12329233983346644,0.025236652528404964,0.1588604813300179
954,1,train,14,0.035272303995198956,0.18780922233798572,0.025236652528404964,0.1588604813300179
954,-1,train,30,0.025236652528404964,0.1588604813300179,0.025236652528404964,0.1588604813300179
955,0,train,16,0.019714130092484034,0.14040701582358353,0.024876349066903194,0.15772237972749203
955,1,train,14,0.030038568041322353,0.17331638134152916,0.024876349066903194,0.15772237972749203
955,-1,train,30,0.024876349066903194,0.15772237972749203,0.024876349066903194,0.15772237972749203
956,0,train,16,0.028776271381289836,0.1696357019653877,0.024201521847688347,0.15556838318787125
956,1,train,14,0.019626772314086854,0.1400955827786403,0.024201521847688347,0.15556838318787125
956,-1,train,30,0.024201521847688347,0.15556838318787125,0.024201521847688347,0.15556838318787125
957,0,train,16,0.02204919466194738,0.14848971231013744,0.024639331494935517,0.15696920556254185
957,1,train,14,0.02722946832792365,0.1650135398321109,0.024639331494935517,0.15696920556254185
957,-1,train,30,0.024639331494935517,0.15696920556254185,0.024639331494935517,0.15696920556254185
958,0,train,16,0.026398393942628506,0.1624758257176387,0.02429736832497641,0.15587613135107123
958,1,train,14,0.022196342707324315,0.14898437068137152,0.02429736832497641,0.15587613135107123
958,-1,train,30,0.02429736832497641,0.15587613135107123,0.02429736832497641,0.15587613135107123
959,0,train,16,0.026609342549058317,0.16312370321034989,0.024247159331194132,0.15571499391899976
959,1,train,14,0.02188497611332995,0.14793571615174597,0.024247159331194132,0.15571499391899976
959,-1,train,30,0.024247159331194132,0.15571499391899976,0.024247159331194132,0.15571499391899976
960,0,train,16,0.03153798243303224,0.1775893646394182,0.023865704817942708,0.154485289972679
960,1,train,14,0.01619342720285318,0.12725339760828855,0.023865704817942708,0.154485289972679
960,-1,train,30,0.023865704817942708,0.154485289972679,0.023865704817942708,0.154485289972679
961,0,train,16,0.025821947632568055,0.16069208951459948,0.02423579692018351,0.15567850500368866
961,1,train,14,0.022649646207798965,0.15049799403247527,0.02423579692018351,0.15567850500368866
961,-1,train,30,0.02423579692018351,0.15567850500368866,0.02423579692018351,0.15567850500368866
962,0,train,16,0.028930410816526336,0.1700894200605268,0.023979128893981853,0.15485195799208304
962,1,train,14,0.01902784697143737,0.13794146211867325,0.023979128893981853,0.15485195799208304
962,-1,train,30,0.023979128893981853,0.15485195799208304,0.023979128893981853,0.15485195799208304
963,0,train,16,0.027079397551872313,0.16455818895415783,0.024075028669298348,0.15516129887732427
963,1,train,14,0.021070659786724382,0.14515736215130248,0.024075028669298348,0.15516129887732427
963,-1,train,30,0.024075028669298348,0.15516129887732427,0.024075028669298348,0.15516129887732427
964,0,train,16,0.03446123789252664,0.18563738279917286,0.023517474404991478,0.1533540818008816
964,1,train,14,0.012573710917456314,0.11213255957774403,0.023517474404991478,0.1533540818008816
964,-1,train,30,0.023517474404991478,0.1533540818008816,0.023517474404991478,0.1533540818008816
965,0,train,16,0.02430240920781442,0.15589230002734072,0.024206057438828275,0.15558295998864488
965,1,train,14,0.024109705669842135,0.15527300367366548,0.024206057438828275,0.15558295998864488
965,-1,train,30,0.024206057438828275,0.15558295998864488,0.024206057438828275,0.15558295998864488
966,0,train,16,0.018928003100012084,0.13757907944165088,0.024555908319555265,0.15670324923100754
966,1,train,14,0.030183813539098443,0.17373489441991335,0.024555908319555265,0.15670324923100754
966,-1,train,30,0.024555908319555265,0.15670324923100754,0.024555908319555265,0.15670324923100754
967,0,train,16,0.01911048285995457,0.13824067006476268,0.024509761220780864,0.1565559363958482
967,1,train,14,0.02990903958160716,0.17294230130771118,0.024509761220780864,0.1565559363958482
967,-1,train,30,0.024509761220780864,0.1565559363958482,0.024509761220780864,0.1565559363958482
968,0,train,16,0.03638541038923883,0.19074960128199175,0.02325156034910052,0.15248462332019094
968,1,train,14,0.01011771030896221,0.10058682969933097,0.02325156034910052,0.15248462332019094
968,-1,train,30,0.02325156034910052,0.15248462332019094,0.02325156034910052,0.15248462332019094
969,0,train,16,0.03003385965011936,0.17330279758307238,0.02366273387120916,0.15382696080729527
969,1,train,14,0.017291608092298953,0.1314975592636569,0.02366273387120916,0.15382696080729527
969,-1,train,30,0.02366273387120916,0.15382696080729527,0.02366273387120916,0.15382696080729527
970,0,train,16,0.026166678327863385,0.16176117682516836,0.023906391577310178,0.15461691879386996
970,1,train,14,0.021646104826756968,0.14712615276271235,0.023906391577310178,0.15461691879386996
970,-1,train,30,0.023906391577310178,0.15461691879386996,0.023906391577310178,0.15461691879386996
971,0,train,16,0.03086712215421955,0.17569041565839483,0.02354061970013229,0.1534295268197497
971,1,train,14,0.016214117246045028,0.1273346663169344,0.02354061970013229,0.1534295268197497
971,-1,train,30,0.02354061970013229,0.1534295268197497,0.02354061970013229,0.1534295268197497
972,0,train,16,0.03379489394431212,0.1838338759432334,0.023297525034494747,0.15263526799037877
972,1,train,14,0.012800156124677376,0.11313777496785668,0.023297525034494747,0.15263526799037877
972,-1,train,30,0.023297525034494747,0.15263526799037877,0.023297525034494747,0.15263526799037877
973,0,train,16,0.03316039759675326,0.1820999659438553,0.023310366851060298,0.1526773291980846
973,1,train,14,0.01346033610536734,0.11601868860389407,0.023310366851060298,0.1526773291980846
973,-1,train,30,0.023310366851060298,0.1526773291980846,0.023310366851060298,0.1526773291980846
974,0,train,16,0.0334957283761587,0.18301838261813674,0.023249488173617588,0.15247782846570707
974,1,train,14,0.013003247971076479,0.1140317849157702,0.023249488173617588,0.15247782846570707
974,-1,train,30,0.023249488173617588,0.15247782846570707,0.023249488173617588,0.15247782846570707
975,0,train,16,0.014603795489870702,0.12084616456417102,0.024567268521713332,0.156739492540053
975,1,train,14,0.03453074155355596,0.1858244912640849,0.024567268521713332,0.156739492540053
975,-1,train,30,0.024567268521713332,0.156739492540053,0.024567268521713332,0.156739492540053
976,0,train,16,0.014617737080474107,0.12090383401891813,0.024535001598302,0.15663652702451622
976,1,train,14,0.03445226611612989,0.1856132164371112,0.024535001598302,0.15663652702451622
976,-1,train,30,0.024535001598302,0.15663652702451622,0.024535001598302,0.15663652702451622
977,0,train,16,0.01997618767712756,0.14133714188820842,0.024114594333343856,0.15528874503113177
977,1,train,14,0.028253000989560153,0.1680862903081633,0.024114594333343856,0.15528874503113177
977,-1,train,30,0.024114594333343856,0.15528874503113177,0.024114594333343856,0.15528874503113177
978,0,train,16,0.032662000896180064,0.1807263148968076,0.023190170552366364,0.1522831919561918
978,1,train,14,0.01371834020855266,0.11712531839253484,0.023190170552366364,0.1522831919561918
978,-1,train,30,0.023190170552366364,0.1522831919561918,0.023190170552366364,0.1522831919561918
979,0,train,16,0.02986002611817316,0.1728005385355415,0.023349552245997027,0.1528056027964846
979,1,train,14,0.016839078373820895,0.12976547450620637,0.023349552245997027,0.1528056027964846
979,-1,train,30,0.023349552245997027,0.1528056027964846,0.023349552245997027,0.1528056027964846
980,0,train,16,0.028421635951183744,0.1685871761172354,0.02341201498814418,0.1530098525851985
980,1,train,14,0.018402394025104615,0.1356554238690979,0.02341201498814418,0.1530098525851985
980,-1,train,30,0.02341201498814418,0.1530098525851985,0.02341201498814418,0.1530098525851985
981,0,train,16,0.019322990270935564,0.13900715906360925,0.02402829840238674,0.15501063964253145
981,1,train,14,0.028733606533837913,0.16950990099058494,0.02402829840238674,0.15501063964253145
981,-1,train,30,0.02402829840238674,0.15501063964253145,0.02402829840238674,0.15501063964253145
982,0,train,16,0.011699654093622494,0.10816493929930573,0.024538102632299844,0.15664642553310892
982,1,train,14,0.03737655117097719,0.19333016104834028,0.024538102632299844,0.15664642553310892
982,-1,train,30,0.024538102632299844,0.15664642553310892,0.024538102632299844,0.15664642553310892
983,0,train,16,0.016861691449298718,0.12985257582850915,0.024133425109768597,0.15534936469058572
983,1,train,14,0.03140515877023847,0.1772150071812161,0.024133425109768597,0.15534936469058572
983,-1,train,30,0.024133425109768597,0.15534936469058572,0.024133425109768597,0.15534936469058572
984,0,train,16,0.01951285826000201,0.13968843280673604,0.02391073497254747,0.15463096382208666
984,1,train,14,0.02830861168509293,0.16825163204288074,0.02391073497254747,0.15463096382208666
984,-1,train,30,0.02391073497254747,0.15463096382208666,0.02391073497254747,0.15463096382208666
985,0,train,16,0.028505913621190485,0.1688369438872621,0.02323895312953044,0.15244327840062494
985,1,train,14,0.017971992637870395,0.1340596607405464,0.02323895312953044,0.15244327840062494
985,-1,train,30,0.02323895312953044,0.15244327840062494,0.02323895312953044,0.15244327840062494
986,0,train,16,0.03581104323307103,0.18923805968427976,0.022693867101389792,0.1506448376194478
986,1,train,14,0.009576690969708554,0.09786056902403824,0.022693867101389792,0.1506448376194478
986,-1,train,30,0.022693867101389792,0.1506448376194478,0.022693867101389792,0.1506448376194478
987,0,train,16,0.023199857929039235,0.1523149957457874,0.023549193767223156,0.15345746566141105
987,1,train,14,0.02389852960540708,0.15459149266828068,0.023549193767223156,0.15345746566141105
987,-1,train,30,0.023549193767223156,0.15345746566141105,0.023549193767223156,0.15345746566141105
988,0,train,16,0.019618293918246456,0.14006532018400006,0.023771127276565978,0.1541788807734898
988,1,train,14,0.0279239606348855,0.1671046397766546,0.023771127276565978,0.1541788807734898
988,-1,train,30,0.023771127276565978,0.1541788807734898,0.023771127276565978,0.1541788807734898
989,0,train,16,0.03217066016054102,0.17936181355166161,0.022852155028292905,0.15116929261028147
989,1,train,14,0.01353364989604479,0.11633421635978294,0.022852155028292905,0.15116929261028147
989,-1,train,30,0.022852155028292905,0.15116929261028147,0.022852155028292905,0.15116929261028147
990,0,train,16,0.018438873432697164,0.13578981343494498,0.023788885100535437,0.1542364584024654
990,1,train,14,0.02913889676837371,0.1707011914673524,0.023788885100535437,0.1542364584024654
990,-1,train,30,0.023788885100535437,0.1542364584024654,0.023788885100535437,0.1542364584024654
991,0,train,16,0.01780591718333754,0.13343881438073985,0.02380005168495454,0.1542726537172241
991,1,train,14,0.029794186186571543,0.17260992493646343,0.02380005168495454,0.1542726537172241
991,-1,train,30,0.02380005168495454,0.1542726537172241,0.02380005168495454,0.1542726537172241
992,0,train,16,0.011320874467327088,0.1063995980599884,0.024232204129801056,0.15566696544161532
992,1,train,14,0.03714353379227502,0.19272657780460645,0.024232204129801056,0.15566696544161532
992,-1,train,30,0.024232204129801056,0.15566696544161532,0.024232204129801056,0.15566696544161532
993,0,train,16,0.01211528634671794,0.11006946146283238,0.02414443766967915,0.1553848051441297
993,1,train,14,0.03617358899264036,0.19019355665384766,0.02414443766967915,0.1553848051441297
993,-1,train,30,0.02414443766967915,0.1553848051441297,0.02414443766967915,0.1553848051441297
994,0,train,16,0.02750418962866198,0.16584387124238864,0.023016863496272976,0.15171309599462063
994,1,train,14,0.018529537363883974,0.13612324329035058,0.023016863496272976,0.15171309599462063
994,-1,train,30,0.023016863496272976,0.15171309599462063,0.023016863496272976,0.15171309599462063
995,0,train,16,0.01663444552054053,0.12897459253876528,0.023751184114047197,0.15411419179961072
995,1,train,14,0.030867922707553865,0.17569269395041406,0.023751184114047197,0.15411419179961072
995,-1,train,30,0.023751184114047197,0.15411419179961072,0.023751184114047197,0.15411419179961072
996,0,train,16,0.012745199849512964,0.11289464048179153,0.02400347128329609,0.15493053696187878
996,1,train,14,0.035261742717079214,0.18778110319486147,0.02400347128329609,0.15493053696187878
996,-1,train,30,0.02400347128329609,0.15493053696187878,0.02400347128329609,0.15493053696187878
997,0,train,16,0.01850704389374645,0.1360405964914387,0.023551940818254333,0.1534664159295262
997,1,train,14,0.028596837742762216,0.1691059955849059,0.023551940818254333,0.1534664159295262
997,-1,train,30,0.023551940818254333,0.1534664159295262,0.023551940818254333,0.1534664159295262
998,0,train,16,0.03879467403673264,0.19696363633100564,0.02210455055284091,0.14867599185087318
998,1,train,14,0.005414427068949179,0.07358279057598441,0.02210455055284091,0.14867599185087318
998,-1,train,30,0.02210455055284091,0.14867599185087318,0.02210455055284091,0.14867599185087318
999,0,train,16,0.010264487674974248,0.10131380791863588,0.024089748446852764,0.15520872542113334
999,1,train,14,0.03791500921873128,0.19471776811254612,0.024089748446852764,0.15520872542113334
999,-1,train,30,0.024089748446852764,0.15520872542113334,0.024089748446852764,0.15520872542113334
1000,0,train,16,0.029556777796492507,0.1719208474749136,0.022673373388801064,0.15057680229305265
1000,1,train,14,0.01578996898110962,0.12565814331395167,0.022673373388801064,0.15057680229305265
1000,-1,train,30,0.022673373388801064,0.15057680229305265,0.022673373388801064,0.15057680229305265
