epoch,batch_idx,phase,batch_size,batch_MSE,batch_RMSE,epoch_MSE,epoch_RMSE
1,0,train,16,0.5640122052411832,0.7510074601767837,0.536441273729839,0.7324215136994809
1,1,train,14,0.5088703422184947,0.7133514857477306,0.536441273729839,0.7324215136994809
1,-1,train,30,0.536441273729839,0.7324215136994809,0.536441273729839,0.7324215136994809
2,0,train,16,0.5611660863454517,0.7491101963966661,0.5330940884055632,0.7301329251619619
2,1,train,14,0.5050220904656746,0.710649062805035,0.5330940884055632,0.7301329251619619
2,-1,train,30,0.5330940884055632,0.7301329251619619,0.5330940884055632,0.7301329251619619
3,0,train,16,0.5318548400124709,0.7292837856503261,0.5316809287443615,0.7291645416120845
3,1,train,14,0.5315070174762521,0.7290452780700607,0.5316809287443615,0.7291645416120845
3,-1,train,30,0.5316809287443615,0.7291645416120845,0.5316809287443615,0.7291645416120845
4,0,train,16,0.5296202486006403,0.7277501278602706,0.5283266661640524,0.726860829983328
4,1,train,14,0.5270330837274647,0.7259704427367996,0.5283266661640524,0.726860829983328
4,-1,train,30,0.5283266661640524,0.726860829983328,0.5283266661640524,0.726860829983328
5,0,train,16,0.5190946768511601,0.7204822529744643,0.525582640726787,0.7249707861195421
5,1,train,14,0.5320706046024137,0.7294316997515351,0.525582640726787,0.7249707861195421
5,-1,train,30,0.525582640726787,0.7249707861195421,0.525582640726787,0.7249707861195421
6,0,train,16,0.526434899279125,0.7255583362343272,0.5215645837596351,0.7221942839427872
6,1,train,14,0.5166942682401452,0.7188144880566509,0.5215645837596351,0.7221942839427872
6,-1,train,30,0.5215645837596351,0.7221942839427872,0.5215645837596351,0.7221942839427872
7,0,train,16,0.5267863591644263,0.7258004954286172,0.5180673922005989,0.7197689853005608
7,1,train,14,0.5093484252367716,0.713686503471077,0.5180673922005989,0.7197689853005608
7,-1,train,30,0.5180673922005989,0.7197689853005608,0.5180673922005989,0.7197689853005608
8,0,train,16,0.5306970068796217,0.7284895379342258,0.5143441414065459,0.7171779008074258
8,1,train,14,0.49799127593347026,0.70568496932659,0.5143441414065459,0.7171779008074258
8,-1,train,30,0.5143441414065459,0.7171779008074258,0.5143441414065459,0.7171779008074258
9,0,train,16,0.5129712609289968,0.716220120444125,0.5121965493332884,0.7156790826433929
9,1,train,14,0.51142183773758,0.7151376355203102,0.5121965493332884,0.7156790826433929
9,-1,train,30,0.5121965493332884,0.7156790826433929,0.5121965493332884,0.7156790826433929
10,0,train,16,0.5239726494236436,0.7238595508961967,0.508012620477869,0.7127500406719518
10,1,train,14,0.4920525915320943,0.7014646046181477,0.508012620477869,0.7127500406719518
10,-1,train,30,0.508012620477869,0.7127500406719518,0.508012620477869,0.7127500406719518
11,0,train,16,0.5213757835524128,0.7220635592192787,0.5048202655529662,0.7105070482078036
11,1,train,14,0.4882647475535196,0.6987594346794321,0.5048202655529662,0.7105070482078036
11,-1,train,30,0.5048202655529662,0.7105070482078036,0.5048202655529662,0.7105070482078036
12,0,train,16,0.4996569028013325,0.7068641331976977,0.5030351230929891,0.7092496902311549
12,1,train,14,0.5064133433846458,0.7116272503106144,0.5030351230929891,0.7092496902311549
12,-1,train,30,0.5030351230929891,0.7092496902311549,0.5030351230929891,0.7092496902311549
13,0,train,16,0.49579542921434433,0.7041274239896812,0.4999749719523461,0.707089083462859
13,1,train,14,0.5041545146903479,0.710038389589146,0.4999749719523461,0.707089083462859
13,-1,train,30,0.4999749719523461,0.707089083462859,0.4999749719523461,0.707089083462859
14,0,train,16,0.5052977839223977,0.7108430093363778,0.49598065469373803,0.704258940087904
14,1,train,14,0.4866635254650784,0.6976127331586476,0.49598065469373803,0.704258940087904
14,-1,train,30,0.49598065469373803,0.704258940087904,0.49598065469373803,0.704258940087904
15,0,train,16,0.5015602705982968,0.7082091997413594,0.4929508717441756,0.7021046017112946
15,1,train,14,0.48434147289005447,0.695946458350105,0.4929508717441756,0.7021046017112946
15,-1,train,30,0.4929508717441756,0.7021046017112946,0.4929508717441756,0.7021046017112946
16,0,train,16,0.471140556640842,0.6863967924173612,0.4918762400070349,0.7013388909842623
16,1,train,14,0.5126119233732278,0.7159692195710845,0.4918762400070349,0.7013388909842623
16,-1,train,30,0.4918762400070349,0.7013388909842623,0.4918762400070349,0.7013388909842623
17,0,train,16,0.4816578180567406,0.6940157188830385,0.48790367361170545,0.6985010190484373
17,1,train,14,0.49414952916667026,0.7029577008374475,0.48790367361170545,0.6985010190484373
17,-1,train,30,0.48790367361170545,0.6985010190484373,0.48790367361170545,0.6985010190484373
18,0,train,16,0.4808132060719335,0.6934069555981779,0.4847791306652214,0.6962608208604167
18,1,train,14,0.4887450552585093,0.6991030362246393,0.4847791306652214,0.6962608208604167
18,-1,train,30,0.4847791306652214,0.6962608208604167,0.4847791306652214,0.6962608208604167
19,0,train,16,0.476986874225424,0.6906423634743412,0.4818804973945967,0.6941761285110549
19,1,train,14,0.4867741205637694,0.6976919954849485,0.4818804973945967,0.6941761285110549
19,-1,train,30,0.4818804973945967,0.6941761285110549,0.4818804973945967,0.6941761285110549
20,0,train,16,0.4607318322486624,0.6787722977911388,0.4799029630239323,0.6927502890825324
20,1,train,14,0.4990740937992022,0.706451763250119,0.4799029630239323,0.6927502890825324
20,-1,train,30,0.4799029630239323,0.6927502890825324,0.4799029630239323,0.6927502890825324
21,0,train,16,0.4721387076352063,0.68712350246168,0.4759438326162154,0.6898868259477169
21,1,train,14,0.4797489575972246,0.692639125084069,0.4759438326162154,0.6898868259477169
21,-1,train,30,0.4759438326162154,0.6898868259477169,0.4759438326162154,0.6898868259477169
22,0,train,16,0.4731595271157803,0.6878659223393614,0.4727455206046953,0.6875649210108783
22,1,train,14,0.47233151409361035,0.6872637878526777,0.4727455206046953,0.6875649210108783
22,-1,train,30,0.4727455206046953,0.6875649210108783,0.4727455206046953,0.6875649210108783
23,0,train,16,0.48579433702958635,0.69698948129049,0.46872230893645095,0.6846329738892591
23,1,train,14,0.4516502808433155,0.6720493142942082,0.46872230893645095,0.6846329738892591
23,-1,train,30,0.46872230893645095,0.6846329738892591,0.46872230893645095,0.6846329738892591
24,0,train,16,0.48320044539400575,0.6951262082485494,0.4658047499376432,0.6824989010523337
24,1,train,14,0.4484090544812807,0.6696335225190572,0.4658047499376432,0.6824989010523337
24,-1,train,30,0.4658047499376432,0.6824989010523337,0.4658047499376432,0.6824989010523337
25,0,train,16,0.4345590911624642,0.6592109610454489,0.4662287763427666,0.6828094729445152
25,1,train,14,0.49789846152306894,0.705619204332669,0.4662287763427666,0.6828094729445152
25,-1,train,30,0.4662287763427666,0.6828094729445152,0.4662287763427666,0.6828094729445152
26,0,train,16,0.4623934094048916,0.6799951539569172,0.46113612937877413,0.6790700474757918
26,1,train,14,0.4598788493526567,0.6781436789889417,0.46113612937877413,0.6790700474757918
26,-1,train,30,0.46113612937877413,0.6790700474757918,0.46113612937877413,0.6790700474757918
27,0,train,16,0.43571748619836,0.6600889986951456,0.45999520316485026,0.6782294620295186
27,1,train,14,0.48427292013134055,0.6958972051469531,0.45999520316485026,0.6782294620295186
27,-1,train,30,0.45999520316485026,0.6782294620295186,0.45999520316485026,0.6782294620295186
28,0,train,16,0.44456151597441235,0.6667544645327936,0.45631365980503774,0.6755099257635211
28,1,train,14,0.46806580363566314,0.684153348040966,0.45631365980503774,0.6755099257635211
28,-1,train,30,0.45631365980503774,0.6755099257635211,0.45631365980503774,0.6755099257635211
29,0,train,16,0.44895079820893585,0.6700379080387436,0.45295318230926596,0.6730179658146326
29,1,train,14,0.45695556640959606,0.675984886228676,0.45295318230926596,0.6730179658146326
29,-1,train,30,0.45295318230926596,0.6730179658146326,0.45295318230926596,0.6730179658146326
30,0,train,16,0.457985202738415,0.6767460400611258,0.4492787143471615,0.6702825630636392
30,1,train,14,0.440572225955908,0.6637561494674893,0.4492787143471615,0.6702825630636392
30,-1,train,30,0.4492787143471615,0.6702825630636392,0.4492787143471615,0.6702825630636392
31,0,train,16,0.43551139043123904,0.6599328681246593,0.44788405310256096,0.6692414012167515
31,1,train,14,0.46025671577388294,0.6784222252947518,0.44788405310256096,0.6692414012167515
31,-1,train,30,0.44788405310256096,0.6692414012167515,0.44788405310256096,0.6692414012167515
32,0,train,16,0.4519606041861519,0.6722801530509077,0.4436915391459848,0.6661017483432878
32,1,train,14,0.43542247410581764,0.6598654969808754,0.4436915391459848,0.6661017483432878
32,-1,train,30,0.4436915391459848,0.6661017483432878,0.4436915391459848,0.6661017483432878
33,0,train,16,0.45300471801959735,0.6730562517498796,0.4406245457759967,0.6637955602261865
33,1,train,14,0.428244373532396,0.6544038306217317,0.4406245457759967,0.6637955602261865
33,-1,train,30,0.4406245457759967,0.6637955602261865,0.4406245457759967,0.6637955602261865
34,0,train,16,0.4301862210429126,0.6558858292743582,0.4392814413082251,0.6627831027630571
34,1,train,14,0.44837666157353756,0.6696093350406173,0.4392814413082251,0.6627831027630571
34,-1,train,30,0.4392814413082251,0.6627831027630571,0.4392814413082251,0.6627831027630571
35,0,train,16,0.443955036342874,0.666299509487193,0.4353139009808199,0.6597832227185076
35,1,train,14,0.4266727656187659,0.6532019332631877,0.4353139009808199,0.6597832227185076
35,-1,train,30,0.4353139009808199,0.6597832227185076,0.4353139009808199,0.6597832227185076
36,0,train,16,0.4271048998467048,0.6535326310496705,0.43356903053746854,0.6584595891453541
36,1,train,14,0.4400331612282322,0.6633499538164092,0.43356903053746854,0.6584595891453541
36,-1,train,30,0.43356903053746854,0.6584595891453541,0.43356903053746854,0.6584595891453541
37,0,train,16,0.41187965082964934,0.6417785060514642,0.4317099553784143,0.6570463875392774
37,1,train,14,0.4515402599271792,0.6719674545148591,0.4317099553784143,0.6570463875392774
37,-1,train,30,0.4317099553784143,0.6570463875392774,0.4317099553784143,0.6570463875392774
38,0,train,16,0.423862162709513,0.6510469742726043,0.42790180341762496,0.6541420361187813
38,1,train,14,0.4319414441257369,0.6572225225338347,0.42790180341762496,0.6541420361187813
38,-1,train,30,0.42790180341762496,0.6541420361187813,0.42790180341762496,0.6541420361187813
39,0,train,16,0.4060463503768432,0.63721766326495,0.4262525222952287,0.6528801745306935
39,1,train,14,0.4464586942136142,0.6681756462290542,0.4262525222952287,0.6528801745306935
39,-1,train,30,0.4262525222952287,0.6528801745306935,0.4262525222952287,0.6528801745306935
40,0,train,16,0.43783262353731,0.6616892197529819,0.4210633068873364,0.6488939103484763
40,1,train,14,0.4042939902373628,0.6358411674603672,0.4210633068873364,0.6488939103484763
40,-1,train,30,0.4210633068873364,0.6488939103484763,0.4210633068873364,0.6488939103484763
41,0,train,16,0.4286402720695668,0.6547062486868189,0.4188304935151581,0.6471711470045294
41,1,train,14,0.40902071496074943,0.639547273437038,0.4188304935151581,0.6471711470045294
41,-1,train,30,0.4188304935151581,0.6471711470045294,0.4188304935151581,0.6471711470045294
42,0,train,16,0.4057984476739862,0.637023113924437,0.41760515841997936,0.6462237680710756
42,1,train,14,0.42941186916597246,0.6552952534285384,0.41760515841997936,0.6462237680710756
42,-1,train,30,0.41760515841997936,0.6462237680710756,0.41760515841997936,0.6462237680710756
43,0,train,16,0.4144944375013118,0.6438124241588631,0.41413017718710604,0.6435294687790964
43,1,train,14,0.41376591687290026,0.6432463889311002,0.41413017718710604,0.6435294687790964
43,-1,train,30,0.41413017718710604,0.6435294687790964,0.41413017718710604,0.6435294687790964
44,0,train,16,0.424259585618797,0.6513521210672435,0.4105958437184084,0.640777530597327
44,1,train,14,0.3969321018180198,0.6300254771182033,0.4105958437184084,0.640777530597327
44,-1,train,30,0.4105958437184084,0.640777530597327,0.4105958437184084,0.640777530597327
45,0,train,16,0.4145105094774994,0.6438249059158083,0.4084718735375596,0.6391180435080515
45,1,train,14,0.4024332375976198,0.6343762586963826,0.4084718735375596,0.6391180435080515
45,-1,train,30,0.4084718735375596,0.6391180435080515,0.4084718735375596,0.6391180435080515
46,0,train,16,0.4152015447667372,0.6443613464250764,0.40560349942337637,0.6368700804900292
46,1,train,14,0.39600545408001553,0.6292896424382143,0.40560349942337637,0.6368700804900292
46,-1,train,30,0.40560349942337637,0.6368700804900292,0.40560349942337637,0.6368700804900292
47,0,train,16,0.38518924300964835,0.6206361599275765,0.4049677510859576,0.6363707654237093
47,1,train,14,0.4247462591622668,0.6517256011254022,0.4049677510859576,0.6363707654237093
47,-1,train,30,0.4049677510859576,0.6363707654237093,0.4049677510859576,0.6363707654237093
48,0,train,16,0.4057833761516991,0.6370112841635532,0.400706048382543,0.6330134661936845
48,1,train,14,0.3956287206133868,0.628990238885618,0.400706048382543,0.6330134661936845
48,-1,train,30,0.400706048382543,0.6330134661936845,0.400706048382543,0.6330134661936845
49,0,train,16,0.3796046640157567,0.616120657027304,0.39980364038160465,0.6323002770690558
49,1,train,14,0.42000261674745265,0.6480760887021312,0.39980364038160465,0.6323002770690558
49,-1,train,30,0.39980364038160465,0.6323002770690558,0.39980364038160465,0.6323002770690558
50,0,train,16,0.38374005411824647,0.6194675569537491,0.39675020203845324,0.6298811015092081
50,1,train,14,0.40976034995866006,0.6401252611471133,0.39675020203845324,0.6298811015092081
50,-1,train,30,0.39675020203845324,0.6298811015092081,0.39675020203845324,0.6298811015092081
51,0,train,16,0.3620217139035358,0.6016824028534787,0.3955610634852838,0.6289364542505735
51,1,train,14,0.4291004130670318,0.6550575646972041,0.3955610634852838,0.6289364542505735
51,-1,train,30,0.3955610634852838,0.6289364542505735,0.3955610634852838,0.6289364542505735
52,0,train,16,0.38430237302346737,0.6199212635677754,0.39122040126387037,0.6254761396439279
52,1,train,14,0.39813842950427336,0.6309821150431075,0.39122040126387037,0.6254761396439279
52,-1,train,30,0.39122040126387037,0.6254761396439279,0.39122040126387037,0.6254761396439279
53,0,train,16,0.3899225600335732,0.6244377951674396,0.38808593024807636,0.6229654326269447
53,1,train,14,0.3862493004625796,0.6214895819421108,0.38808593024807636,0.6229654326269447
53,-1,train,30,0.38808593024807636,0.6229654326269447,0.38808593024807636,0.6229654326269447
54,0,train,16,0.3543805869055799,0.5952987375306451,0.3879342441091116,0.6228436754990064
54,1,train,14,0.42148790131264324,0.6492209957423152,0.3879342441091116,0.6228436754990064
54,-1,train,30,0.3879342441091116,0.6228436754990064,0.3879342441091116,0.6228436754990064
55,0,train,16,0.39861030368866107,0.6313559247276144,0.38204081706164805,0.6180945049599196
55,1,train,14,0.3654713304346351,0.6045422486763312,0.38204081706164805,0.6180945049599196
55,-1,train,30,0.38204081706164805,0.6180945049599196,0.38204081706164805,0.6180945049599196
56,0,train,16,0.3665536663611835,0.6054367566981571,0.38164989642302655,0.6177781935476734
56,1,train,14,0.39674612648486957,0.6298778663239958,0.38164989642302655,0.6177781935476734
56,-1,train,30,0.38164989642302655,0.6177781935476734,0.38164989642302655,0.6177781935476734
57,0,train,16,0.36730327147579284,0.6060555019763395,0.37890773879132267,0.6155548219219168
57,1,train,14,0.39051220610685244,0.6249097583706407,0.37890773879132267,0.6155548219219168
57,-1,train,30,0.37890773879132267,0.6155548219219168,0.37890773879132267,0.6155548219219168
58,0,train,16,0.38045001832440994,0.616806305353966,0.37529458088081524,0.6126129127604276
58,1,train,14,0.3701391434372206,0.6083906174796095,0.37529458088081524,0.6126129127604276
58,-1,train,30,0.37529458088081524,0.6126129127604276,0.37529458088081524,0.6126129127604276
59,0,train,16,0.3537873496126722,0.5948002602661436,0.374556720232495,0.6120103922585751
59,1,train,14,0.39532609085231774,0.6287496249321488,0.374556720232495,0.6120103922585751
59,-1,train,30,0.374556720232495,0.6120103922585751,0.374556720232495,0.6120103922585751
60,0,train,16,0.3834612900980447,0.619242513154616,0.3697739997427509,0.6080904535862661
60,1,train,14,0.35608670938745707,0.5967300138148383,0.3697739997427509,0.6080904535862661
60,-1,train,30,0.3697739997427509,0.6080904535862661,0.3697739997427509,0.6080904535862661
61,0,train,16,0.3602140241674996,0.6001783269724921,0.36881000668917235,0.6072972967906018
61,1,train,14,0.3774059892108451,0.6143337767133149,0.36881000668917235,0.6072972967906018
61,-1,train,30,0.36881000668917235,0.6072972967906018,0.36881000668917235,0.6072972967906018
62,0,train,16,0.3447771470625094,0.5871772705601855,0.36729929336825207,0.606052220001092
62,1,train,14,0.3898214396739947,0.6243568207956046,0.36729929336825207,0.606052220001092
62,-1,train,30,0.36729929336825207,0.606052220001092,0.36729929336825207,0.606052220001092
63,0,train,16,0.3787465630751392,0.6154238889376485,0.36224772325108273,0.6018701880398154
63,1,train,14,0.34574888342702625,0.5880041525593389,0.36224772325108273,0.6018701880398154
63,-1,train,30,0.36224772325108273,0.6018701880398154,0.36224772325108273,0.6018701880398154
64,0,train,16,0.3741931413418027,0.6117132836074453,0.35996425032315804,0.5999702078629888
64,1,train,14,0.34573535930451343,0.5879926524239172,0.35996425032315804,0.5999702078629888
64,-1,train,30,0.35996425032315804,0.5999702078629888,0.35996425032315804,0.5999702078629888
65,0,train,16,0.3634989952076555,0.602908778512683,0.35813606455000707,0.5984447046720416
65,1,train,14,0.35277313389235865,0.5939470800436337,0.35813606455000707,0.5984447046720416
65,-1,train,30,0.35813606455000707,0.5984447046720416,0.35813606455000707,0.5984447046720416
66,0,train,16,0.3733515110250097,0.611024967595441,0.35483804828947835,0.5956828420304536
66,1,train,14,0.336324585553947,0.5799349839024605,0.35483804828947835,0.5956828420304536
66,-1,train,30,0.35483804828947835,0.5956828420304536,0.35483804828947835,0.5956828420304536
67,0,train,16,0.32045105091988474,0.5660839610162831,0.35606551508080414,0.5967122548438268
67,1,train,14,0.39167997924172354,0.6258434143152132,0.35606551508080414,0.5967122548438268
67,-1,train,30,0.35606551508080414,0.5967122548438268,0.35606551508080414,0.5967122548438268
68,0,train,16,0.33550499919369287,0.5792279337132256,0.3524019160384031,0.5936344970083891
68,1,train,14,0.3692988328831133,0.6076996238958137,0.3524019160384031,0.5936344970083891
68,-1,train,30,0.3524019160384031,0.5936344970083891,0.3524019160384031,0.5936344970083891
69,0,train,16,0.3497245621477269,0.5913751450202543,0.34881323335369574,0.5906041257506552
69,1,train,14,0.3479019045596646,0.589832098617619,0.34881323335369574,0.5906041257506552
69,-1,train,30,0.34881323335369574,0.5906041257506552,0.34881323335369574,0.5906041257506552
70,0,train,16,0.3677565379836767,0.6064293346991689,0.34496851399003525,0.5873402029403701
70,1,train,14,0.32218048999639376,0.567609451997052,0.34496851399003525,0.5873402029403701
70,-1,train,30,0.34496851399003525,0.5873402029403701,0.34496851399003525,0.5873402029403701
71,0,train,16,0.3606012229140192,0.600500810086064,0.3429431937576001,0.5856135191041956
71,1,train,14,0.325285164601181,0.5703377636113367,0.3429431937576001,0.5856135191041956
71,-1,train,30,0.3429431937576001,0.5856135191041956,0.3429431937576001,0.5856135191041956
72,0,train,16,0.34784264418921734,0.5897818615295127,0.3413167174093297,0.584223174317255
72,1,train,14,0.33479079062944206,0.5786110875445113,0.3413167174093297,0.584223174317255
72,-1,train,30,0.3413167174093297,0.584223174317255,0.3413167174093297,0.584223174317255
73,0,train,16,0.3269126542405347,0.5717627604527377,0.34029475843035734,0.5833478879968259
73,1,train,14,0.35367686262018,0.5947073756228184,0.34029475843035734,0.5833478879968259
73,-1,train,30,0.34029475843035734,0.5833478879968259,0.34029475843035734,0.5833478879968259
74,0,train,16,0.31147204172676446,0.5580968031862971,0.3388808723137857,0.5821347544287196
74,1,train,14,0.366289702900807,0.6052187231908865,0.3388808723137857,0.5821347544287196
74,-1,train,30,0.3388808723137857,0.5821347544287196,0.3388808723137857,0.5821347544287196
75,0,train,16,0.31841285624768795,0.5642808310120838,0.33586647285250015,0.5795398802951356
75,1,train,14,0.3533200894573123,0.5944073430378467,0.33586647285250015,0.5795398802951356
75,-1,train,30,0.33586647285250015,0.5795398802951356,0.33586647285250015,0.5795398802951356
76,0,train,16,0.33298658148074317,0.5770498951397038,0.3323123597612253,0.5764654020504832
76,1,train,14,0.33163813804170744,0.5758803157268942,0.3323123597612253,0.5764654020504832
76,-1,train,30,0.3323123597612253,0.5764654020504832,0.3323123597612253,0.5764654020504832
77,0,train,16,0.34595309186285833,0.5881777723298105,0.3288854574662364,0.573485359417515
77,1,train,14,0.3118178230696144,0.5584065034270415,0.3288854574662364,0.573485359417515
77,-1,train,30,0.3288854574662364,0.573485359417515,0.3288854574662364,0.573485359417515
78,0,train,16,0.29378188270553296,0.5420164967097708,0.33014123822307784,0.574579183597072
78,1,train,14,0.3665005937406227,0.6053929250830593,0.33014123822307784,0.574579183597072
78,-1,train,30,0.33014123822307784,0.574579183597072,0.33014123822307784,0.574579183597072
79,0,train,16,0.3252032977135248,0.5702659885645687,0.32539373218021916,0.5704329339898067
79,1,train,14,0.32558416664691353,0.5705998305703512,0.32539373218021916,0.5704329339898067
79,-1,train,30,0.32539373218021916,0.5704329339898067,0.32539373218021916,0.5704329339898067
80,0,train,16,0.3399725479557369,0.5830716490755976,0.3218495272187663,0.5673178361542728
80,1,train,14,0.3037265064817957,0.5511138779615296,0.3218495272187663,0.5673178361542728
80,-1,train,30,0.3218495272187663,0.5673178361542728,0.3218495272187663,0.5673178361542728
81,0,train,16,0.32491625968321375,0.5700142627015694,0.3204552352132015,0.5660876568281643
81,1,train,14,0.31599421074318923,0.5621336235657757,0.3204552352132015,0.5660876568281643
81,-1,train,30,0.3204552352132015,0.5660876568281643,0.3204552352132015,0.5660876568281643
82,0,train,16,0.31336194336064255,0.5597874090765552,0.31881774867222756,0.5646394855766178
82,1,train,14,0.3242735539838125,0.5694502208128578,0.31881774867222756,0.5646394855766178
82,-1,train,30,0.31881774867222756,0.5646394855766178,0.31881774867222756,0.5646394855766178
83,0,train,16,0.30687004088742037,0.5539585191035701,0.31681495829375583,0.5628631790175618
83,1,train,14,0.32675987570009135,0.5716291417519679,0.31681495829375583,0.5628631790175618
83,-1,train,30,0.31681495829375583,0.5628631790175618,0.31681495829375583,0.5628631790175618
84,0,train,16,0.3234606136090092,0.5687359788241018,0.3131676534509339,0.559613843155201
84,1,train,14,0.3028746932928586,0.5503405248506225,0.3131676534509339,0.559613843155201
84,-1,train,30,0.3131676534509339,0.559613843155201,0.3131676534509339,0.559613843155201
85,0,train,16,0.32064106452622393,0.5662517677908158,0.31092340966254584,0.5576050660302019
85,1,train,14,0.3012057547988678,0.548822152248675,0.31092340966254584,0.5576050660302019
85,-1,train,30,0.31092340966254584,0.5576050660302019,0.31092340966254584,0.5576050660302019
86,0,train,16,0.30342264530270796,0.550838129855503,0.3097197780341312,0.5565247326347061
86,1,train,14,0.3160169107655545,0.5621538141519228,0.3097197780341312,0.5565247326347061
86,-1,train,30,0.3097197780341312,0.5565247326347061,0.3097197780341312,0.5565247326347061
87,0,train,16,0.30329395867914727,0.5507213076313167,0.307300548428271,0.5543469567231979
87,1,train,14,0.3113071381773947,0.5579490462196299,0.307300548428271,0.5543469567231979
87,-1,train,30,0.307300548428271,0.5543469567231979,0.307300548428271,0.5543469567231979
88,0,train,16,0.3137346698404059,0.5601202280228825,0.3041266775989215,0.5514768151055142
88,1,train,14,0.2945186853574371,0.5426957576372208,0.3041266775989215,0.5514768151055142
88,-1,train,30,0.3041266775989215,0.5514768151055142,0.3041266775989215,0.5514768151055142
89,0,train,16,0.2980917544791938,0.5459777966906656,0.30283828032959703,0.5503074416447564
89,1,train,14,0.30758480618000034,0.55460328720627,0.30283828032959703,0.5503074416447564
89,-1,train,30,0.30283828032959703,0.5503074416447564,0.30283828032959703,0.5503074416447564
90,0,train,16,0.32528885936806035,0.5703410027063286,0.2984811247387812,0.5463342609966734
90,1,train,14,0.271673390109502,0.5212229754236684,0.2984811247387812,0.5463342609966734
90,-1,train,30,0.2984811247387812,0.5463342609966734,0.2984811247387812,0.5463342609966734
91,0,train,16,0.29889734457090317,0.5467150487876689,0.29797470613944077,0.5458705946828797
91,1,train,14,0.2970520677079783,0.5450248321938903,0.29797470613944077,0.5458705946828797
91,-1,train,30,0.29797470613944077,0.5458705946828797,0.29797470613944077,0.5458705946828797
92,0,train,16,0.31436437423165015,0.5606820616282013,0.29447473757415676,0.5426552658678959
92,1,train,14,0.27458510091666344,0.5240086840088277,0.29447473757415676,0.5426552658678959
92,-1,train,30,0.29447473757415676,0.5426552658678959,0.29447473757415676,0.5426552658678959
93,0,train,16,0.30177376162060165,0.5493393865549799,0.2929901426447653,0.5412856386832791
93,1,train,14,0.284206523668929,0.5331102359446206,0.2929901426447653,0.5412856386832791
93,-1,train,30,0.2929901426447653,0.5412856386832791,0.2929901426447653,0.5412856386832791
94,0,train,16,0.2794170908268165,0.5285991778529517,0.2922129333089537,0.5405672329220055
94,1,train,14,0.305008775791091,0.552275996030147,0.2922129333089537,0.5405672329220055
94,-1,train,30,0.2922129333089537,0.5405672329220055,0.2922129333089537,0.5405672329220055
95,0,train,16,0.26924110553813996,0.5188844818821815,0.29057579902651287,0.5390508315794651
95,1,train,14,0.3119104925148858,0.5584894739517351,0.29057579902651287,0.5390508315794651
95,-1,train,30,0.29057579902651287,0.5390508315794651,0.29057579902651287,0.5390508315794651
96,0,train,16,0.2844888583812175,0.5333749697738145,0.28711622569001205,0.5358322738413692
96,1,train,14,0.28974359299880653,0.5382783601435288,0.28711622569001205,0.5358322738413692
96,-1,train,30,0.28711622569001205,0.5358322738413692,0.28711622569001205,0.5358322738413692
97,0,train,16,0.29701795465374214,0.5449935363412507,0.28386932507751983,0.5327938861112427
97,1,train,14,0.27072069550129757,0.5203082696837497,0.28386932507751983,0.5327938861112427
97,-1,train,30,0.28386932507751983,0.5327938861112427,0.28386932507751983,0.5327938861112427
98,0,train,16,0.29546856711974134,0.5435702044076196,0.2816299557817071,0.5306881907313438
98,1,train,14,0.2677913444436728,0.517485598295907,0.2816299557817071,0.5306881907313438
98,-1,train,30,0.2816299557817071,0.5306881907313438,0.2816299557817071,0.5306881907313438
99,0,train,16,0.277261162352978,0.5265559441816017,0.28059066595798154,0.529708095046679
99,1,train,14,0.28392016956298505,0.532841598941923,0.28059066595798154,0.529708095046679
99,-1,train,30,0.28059066595798154,0.529708095046679,0.28059066595798154,0.529708095046679
100,0,train,16,0.3033967561705426,0.5508146295901577,0.27637888378538517,0.525717494273669
100,1,train,14,0.24936101140022773,0.4993606025711557,0.27637888378538517,0.525717494273669
100,-1,train,30,0.27637888378538517,0.525717494273669,0.27637888378538517,0.525717494273669
101,0,train,16,0.2877513313715943,0.5364245812521965,0.2751760344202829,0.5245722394678191
101,1,train,14,0.26260073746897145,0.5124458385712303,0.2751760344202829,0.5245722394678191
101,-1,train,30,0.2751760344202829,0.5245722394678191,0.2751760344202829,0.5245722394678191
102,0,train,16,0.2821761025651927,0.5312025061736745,0.2732525400650339,0.5227356311416258
102,1,train,14,0.2643289775648751,0.5141293393348362,0.2732525400650339,0.5227356311416258
102,-1,train,30,0.2732525400650339,0.5227356311416258,0.2732525400650339,0.5227356311416258
103,0,train,16,0.25953738006891514,0.5094481132253953,0.2725522246410921,0.5220653451830451
103,1,train,14,0.28556706921326896,0.5343847576543225,0.2725522246410921,0.5220653451830451
103,-1,train,30,0.2725522246410921,0.5220653451830451,0.2725522246410921,0.5220653451830451
104,0,train,16,0.29607572319437925,0.5441284068989408,0.2676211382381213,0.5173211171391724
104,1,train,14,0.2391665532818633,0.4890465757797137,0.2676211382381213,0.5173211171391724
104,-1,train,30,0.2676211382381213,0.5173211171391724,0.2676211382381213,0.5173211171391724
105,0,train,16,0.25942011688504774,0.5093330117762325,0.2679450927582248,0.5176341302099629
105,1,train,14,0.2764700686314019,0.5258042113100673,0.2679450927582248,0.5176341302099629
105,-1,train,30,0.2679450927582248,0.5176341302099629,0.2679450927582248,0.5176341302099629
106,0,train,16,0.274652824869932,0.5240733010466494,0.2645469989887971,0.5143413253752775
106,1,train,14,0.2544411731076621,0.5044216223633381,0.2645469989887971,0.5143413253752775
106,-1,train,30,0.2645469989887971,0.5143413253752775,0.2645469989887971,0.5143413253752775
107,0,train,16,0.27962553062357615,0.5287963035267703,0.2619090551812606,0.5117705102692618
107,1,train,14,0.24419257973894504,0.49415845610385445,0.2619090551812606,0.5117705102692618
107,-1,train,30,0.2619090551812606,0.5117705102692618,0.2619090551812606,0.5117705102692618
108,0,train,16,0.2732580022906148,0.5227408557694863,0.2600767803331363,0.5099772351126434
108,1,train,14,0.24689555837565777,0.4968858605109002,0.2600767803331363,0.5099772351126434
108,-1,train,30,0.2600767803331363,0.5099772351126434,0.2600767803331363,0.5099772351126434
109,0,train,16,0.23365152451855428,0.483375138498614,0.26064146397972776,0.5105305710530249
109,1,train,14,0.2876314034409012,0.536312785080592,0.26064146397972776,0.5105305710530249
109,-1,train,30,0.26064146397972776,0.5105305710530249,0.26064146397972776,0.5105305710530249
110,0,train,16,0.24428050484144262,0.4942474125794111,0.257601858025225,0.5075449320259489
110,1,train,14,0.2709232112090074,0.5205028445734061,0.257601858025225,0.5075449320259489
110,-1,train,30,0.257601858025225,0.5075449320259489,0.257601858025225,0.5075449320259489
111,0,train,16,0.26257609810661925,0.5124217970643123,0.2540298084830619,0.5040136987057613
111,1,train,14,0.2454835188595046,0.49546293389062374,0.2540298084830619,0.5040136987057613
111,-1,train,30,0.2540298084830619,0.5040136987057613,0.2540298084830619,0.5040136987057613
112,0,train,16,0.2570522890969817,0.5070032436750102,0.25217392012482887,0.5021692146327061
112,1,train,14,0.24729555115267599,0.4972881972786766,0.25217392012482887,0.5021692146327061
112,-1,train,30,0.25217392012482887,0.5021692146327061,0.25217392012482887,0.5021692146327061
113,0,train,16,0.2542408639358593,0.504223029953868,0.2501357375301995,0.5001357191105226
113,1,train,14,0.24603061112453975,0.4960147287375041,0.2501357375301995,0.5001357191105226
113,-1,train,30,0.2501357375301995,0.5001357191105226,0.2501357375301995,0.5001357191105226
114,0,train,16,0.25734269311921315,0.5072895554998281,0.24770146345462454,0.4976961557563254
114,1,train,14,0.23806023379003594,0.48791416641663105,0.24770146345462454,0.4976961557563254
114,-1,train,30,0.24770146345462454,0.4976961557563254,0.24770146345462454,0.4976961557563254
115,0,train,16,0.255101545896681,0.5050757823304153,0.24567312414902906,0.49565423850606694
115,1,train,14,0.23624470240137713,0.4860501027686108,0.24567312414902906,0.49565423850606694
115,-1,train,30,0.24567312414902906,0.49565423850606694,0.24567312414902906,0.49565423850606694
116,0,train,16,0.25475912961624103,0.5047366933523271,0.24352289991169243,0.49348039465787535
116,1,train,14,0.23228667020714383,0.4819612745928285,0.24352289991169243,0.49348039465787535
116,-1,train,30,0.24352289991169243,0.49348039465787535,0.24352289991169243,0.49348039465787535
117,0,train,16,0.2526986655185506,0.5026914217674204,0.24151693179259165,0.4914437218976265
117,1,train,14,0.23033519806663275,0.4799324932390312,0.24151693179259165,0.4914437218976265
117,-1,train,30,0.24151693179259165,0.4914437218976265,0.24151693179259165,0.4914437218976265
118,0,train,16,0.23208509045927417,0.4817521047792881,0.2408576134603529,0.49077246607807257
118,1,train,14,0.24963013646143162,0.4996299995611068,0.2408576134603529,0.49077246607807257
118,-1,train,30,0.2408576134603529,0.49077246607807257,0.2408576134603529,0.49077246607807257
119,0,train,16,0.24944066269445417,0.49944034948575605,0.23748938945402678,0.48732883092838536
119,1,train,14,0.2255381162135994,0.47490853457650073,0.23748938945402678,0.48732883092838536
119,-1,train,30,0.23748938945402678,0.48732883092838536,0.23748938945402678,0.48732883092838536
120,0,train,16,0.24490333717653523,0.4948770930004088,0.23570422737299532,0.4854937974608896
120,1,train,14,0.2265051175694554,0.47592553784122094,0.23570422737299532,0.4854937974608896
120,-1,train,30,0.23570422737299532,0.4854937974608896,0.23570422737299532,0.4854937974608896
121,0,train,16,0.24312839445438636,0.49308051518427126,0.23372347830961132,0.48344956128805344
121,1,train,14,0.2243185621648363,0.473622805790469,0.23372347830961132,0.48344956128805344
121,-1,train,30,0.23372347830961132,0.48344956128805344,0.23372347830961132,0.48344956128805344
122,0,train,16,0.2267864820936858,0.4762210433125418,0.23279657337727885,0.48248997230748625
122,1,train,14,0.23880666466087191,0.4886784880275291,0.23279657337727885,0.48248997230748625
122,-1,train,30,0.23279657337727885,0.48248997230748625,0.23279657337727885,0.48248997230748625
123,0,train,16,0.24016527992634074,0.490066607642615,0.22973906060328136,0.4793110269994645
123,1,train,14,0.21931284128022197,0.46830848943855585,0.22973906060328136,0.4793110269994645
123,-1,train,30,0.22973906060328136,0.4793110269994645,0.22973906060328136,0.4793110269994645
124,0,train,16,0.21822038004533625,0.46714064268198313,0.2292307350541253,0.47878046645004774
124,1,train,14,0.24024109006291436,0.49014394830795815,0.2292307350541253,0.47878046645004774
124,-1,train,30,0.2292307350541253,0.47878046645004774,0.2292307350541253,0.47878046645004774
125,0,train,16,0.1893445131225581,0.43513734972139323,0.22923241484460938,0.4787822206855737
125,1,train,14,0.26912031656666063,0.5187680758939014,0.22923241484460938,0.4787822206855737
125,-1,train,30,0.22923241484460938,0.4787822206855737,0.22923241484460938,0.4787822206855737
126,0,train,16,0.24631969563129238,0.4963060503674042,0.22306771793716204,0.47230045303510143
126,1,train,14,0.1998157402430317,0.4470075393581541,0.22306771793716204,0.47230045303510143
126,-1,train,30,0.22306771793716204,0.47230045303510143,0.22306771793716204,0.47230045303510143
127,0,train,16,0.21077559235749274,0.45910303022033383,0.22356073703253532,0.47282209871423664
127,1,train,14,0.23634588170757787,0.48615417483302337,0.22356073703253532,0.47282209871423664
127,-1,train,30,0.22356073703253532,0.47282209871423664,0.22356073703253532,0.47282209871423664
128,0,train,16,0.22892421669319485,0.47846025612708404,0.22022546235744822,0.4692818581166847
128,1,train,14,0.21152670802170156,0.459920327906586,0.22022546235744822,0.4692818581166847
128,-1,train,30,0.22022546235744822,0.4692818581166847,0.22022546235744822,0.4692818581166847
129,0,train,16,0.20909736856349168,0.4572716572930053,0.21961433862515767,0.468630279244905
129,1,train,14,0.23013130868682366,0.4797200315671878,0.21961433862515767,0.468630279244905
129,-1,train,30,0.21961433862515767,0.468630279244905,0.21961433862515767,0.468630279244905
130,0,train,16,0.21217792950698447,0.46062775590164395,0.2173768242660849,0.4662368757038475
130,1,train,14,0.22257571902518536,0.4717793117816691,0.2173768242660849,0.4662368757038475
130,-1,train,30,0.2173768242660849,0.4662368757038475,0.2173768242660849,0.4662368757038475
131,0,train,16,0.24132368379745187,0.49124707001411405,0.21328332797301555,0.46182607978871826
131,1,train,14,0.18524297214857924,0.43039862005886964,0.21328332797301555,0.46182607978871826
131,-1,train,30,0.21328332797301555,0.46182607978871826,0.21328332797301555,0.46182607978871826
132,0,train,16,0.2394732179418461,0.48936000852322015,0.21142084725439203,0.4598052275196445
132,1,train,14,0.183368476566938,0.42821545577774045,0.21142084725439203,0.4598052275196445
132,-1,train,30,0.21142084725439203,0.4598052275196445,0.21142084725439203,0.4598052275196445
133,0,train,16,0.23486203247779194,0.4846256622154794,0.20976906953526658,0.4580055343937086
133,1,train,14,0.1846761065927412,0.4297395799699409,0.20976906953526658,0.4580055343937086
133,-1,train,30,0.20976906953526658,0.4580055343937086,0.20976906953526658,0.4580055343937086
134,0,train,16,0.19491131067139386,0.44148761100555683,0.21065600434735401,0.4589727708125549
134,1,train,14,0.22640069802331417,0.4758158236369553,0.21065600434735401,0.4589727708125549
134,-1,train,30,0.21065600434735401,0.4589727708125549,0.21065600434735401,0.4589727708125549
135,0,train,16,0.19946953754141913,0.4466201266640579,0.2083622286992211,0.45646711677756274
135,1,train,14,0.2172549198570231,0.4661061251013798,0.2083622286992211,0.45646711677756274
135,-1,train,30,0.2083622286992211,0.45646711677756274,0.2083622286992211,0.45646711677756274
136,0,train,16,0.17646739099731512,0.4200802197168002,0.20806156771172335,0.45613766311468223
136,1,train,14,0.23965574442613158,0.48954646809688207,0.20806156771172335,0.45613766311468223
136,-1,train,30,0.20806156771172335,0.45613766311468223,0.20806156771172335,0.45613766311468223
137,0,train,16,0.21490470633164857,0.4635781555807484,0.2033703205358005,0.4509659860075929
137,1,train,14,0.19183593473995245,0.4379907929853691,0.2033703205358005,0.4509659860075929
137,-1,train,30,0.2033703205358005,0.4509659860075929,0.2033703205358005,0.4509659860075929
138,0,train,16,0.23031775308195468,0.4799143184798248,0.2003441271481184,0.44759817598837287
138,1,train,14,0.17037050121428207,0.4127596167435498,0.2003441271481184,0.44759817598837287
138,-1,train,30,0.2003441271481184,0.44759817598837287,0.2003441271481184,0.44759817598837287
139,0,train,16,0.18735705969990826,0.4328476171817378,0.20150317943546103,0.44889105519653766
139,1,train,14,0.21564929917101378,0.46438055425589664,0.20150317943546103,0.44889105519653766
139,-1,train,30,0.20150317943546103,0.44889105519653766,0.20150317943546103,0.44889105519653766
140,0,train,16,0.1807463913859956,0.4251427894084476,0.20007324438196028,0.4472954777123957
140,1,train,14,0.21940009737792499,0.4684016410922628,0.20007324438196028,0.4472954777123957
140,-1,train,30,0.20007324438196028,0.4472954777123957,0.20007324438196028,0.4472954777123957
141,0,train,16,0.18507920714356244,0.4302083299327925,0.19787246231176137,0.4448285763209929
141,1,train,14,0.2106657174799603,0.4589833520727743,0.19787246231176137,0.4448285763209929
141,-1,train,30,0.19787246231176137,0.4448285763209929,0.19787246231176137,0.4448285763209929
142,0,train,16,0.18690967581160808,0.43233051686367,0.19586747235528496,0.4425691723960052
142,1,train,14,0.20482526889896185,0.4525762575511025,0.19586747235528496,0.4425691723960052
142,-1,train,30,0.19586747235528496,0.4425691723960052,0.19586747235528496,0.4425691723960052
143,0,train,16,0.1897085494218436,0.43555544930794243,0.19380649741270806,0.44023459361198325
143,1,train,14,0.1979044454035725,0.44486452477532135,0.19380649741270806,0.44023459361198325
143,-1,train,30,0.19380649741270806,0.44023459361198325,0.19380649741270806,0.44023459361198325
144,0,train,16,0.1790216930907079,0.4231095521147069,0.1927207135030619,0.4389996736935711
144,1,train,14,0.20641973391541596,0.4543343855745633,0.1927207135030619,0.4389996736935711
144,-1,train,30,0.1927207135030619,0.4389996736935711,0.1927207135030619,0.4389996736935711
145,0,train,16,0.21275661734385287,0.46125547947298456,0.18846954986774134,0.43413079811013333
145,1,train,14,0.1641824823916298,0.40519437606120573,0.18846954986774134,0.43413079811013333
145,-1,train,30,0.18846954986774134,0.43413079811013333,0.18846954986774134,0.43413079811013333
146,0,train,16,0.1988687367236485,0.4459470111163977,0.18763280044634162,0.4331660194963839
146,1,train,14,0.17639686416903472,0.41999626685130753,0.18763280044634162,0.4331660194963839
146,-1,train,30,0.18763280044634162,0.4331660194963839,0.18763280044634162,0.4331660194963839
147,0,train,16,0.20081118191056901,0.4481196067017923,0.18567417826484556,0.4308992669578884
147,1,train,14,0.17053717461912213,0.41296146868578687,0.18567417826484556,0.4308992669578884
147,-1,train,30,0.18567417826484556,0.4308992669578884,0.18567417826484556,0.4308992669578884
148,0,train,16,0.1909099912868617,0.43693247909357996,0.18457106504697152,0.42961734723701683
148,1,train,14,0.1782321388070813,0.4221754834273081,0.18457106504697152,0.42961734723701683
148,-1,train,30,0.18457106504697152,0.42961734723701683,0.18457106504697152,0.42961734723701683
149,0,train,16,0.19370285030373383,0.4401168598267213,0.18256979001130783,0.4272818624881096
149,1,train,14,0.17143672971888183,0.4140491875597413,0.18256979001130783,0.4272818624881096
149,-1,train,30,0.18256979001130783,0.4272818624881096,0.18256979001130783,0.4272818624881096
150,0,train,16,0.19125750390311627,0.437329971421027,0.18095458588690555,0.4253875713827398
150,1,train,14,0.17065166787069483,0.413100070044408,0.18095458588690555,0.4253875713827398
150,-1,train,30,0.18095458588690555,0.4253875713827398,0.18095458588690555,0.4253875713827398
151,0,train,16,0.174065316562928,0.41721135718353597,0.1804009970884844,0.4247363854068596
151,1,train,14,0.1867366776140408,0.4321303942261419,0.1804009970884844,0.4247363854068596
151,-1,train,30,0.1804009970884844,0.4247363854068596,0.1804009970884844,0.4247363854068596
152,0,train,16,0.16463670695931362,0.4057544909909361,0.17930340085960006,0.4234423229432788
152,1,train,14,0.1939700947598865,0.44042036142745095,0.17930340085960006,0.4234423229432788
152,-1,train,30,0.17930340085960006,0.4234423229432788,0.17930340085960006,0.4234423229432788
153,0,train,16,0.19428895915406796,0.4407822128376643,0.1754213828513838,0.41883335928670223
153,1,train,14,0.15655380654869963,0.39566880916834934,0.1754213828513838,0.41883335928670223
153,-1,train,30,0.1754213828513838,0.41883335928670223,0.1754213828513838,0.41883335928670223
154,0,train,16,0.18928674646598895,0.43507096716051846,0.17402571770537145,0.41716389789310804
154,1,train,14,0.15876468894475398,0.39845286916366157,0.17402571770537145,0.41716389789310804
154,-1,train,30,0.17402571770537145,0.41716389789310804,0.17402571770537145,0.41716389789310804
155,0,train,16,0.17902270605569517,0.42311074916113295,0.17301733197910535,0.415953521416883
155,1,train,14,0.16701195790251555,0.4086709653284847,0.17301733197910535,0.415953521416883
155,-1,train,30,0.17301733197910535,0.415953521416883,0.17301733197910535,0.415953521416883
156,0,train,16,0.162860498030117,0.4035597824735723,0.1724406560357274,0.41525974526280224
156,1,train,14,0.18202081404133774,0.42663897388932687,0.1724406560357274,0.41525974526280224
156,-1,train,30,0.1724406560357274,0.41525974526280224,0.1724406560357274,0.41525974526280224
157,0,train,16,0.17273220198432246,0.41561063747734184,0.170009171633913,0.41232168465157515
157,1,train,14,0.16728614128350355,0.409006285139365,0.170009171633913,0.41232168465157515
157,-1,train,30,0.170009171633913,0.41232168465157515,0.170009171633913,0.41232168465157515
158,0,train,16,0.16338904098845672,0.40421410290643833,0.1689657567658776,0.41105444501413385
158,1,train,14,0.17454247254329852,0.41778280546630747,0.1689657567658776,0.41105444501413385
158,-1,train,30,0.1689657567658776,0.41105444501413385,0.1689657567658776,0.41105444501413385
159,0,train,16,0.15420693979097774,0.3926919145984263,0.1679185176433994,0.40977862028587997
159,1,train,14,0.18163009549582107,0.42618082488049724,0.1679185176433994,0.40977862028587997
159,-1,train,30,0.1679185176433994,0.40977862028587997,0.1679185176433994,0.40977862028587997
160,0,train,16,0.1496199061017535,0.3868073242607403,0.16655258646705318,0.40810854740749203
160,1,train,14,0.18348526683235286,0.4283518026486557,0.16655258646705318,0.40810854740749203
160,-1,train,30,0.16655258646705318,0.40810854740749203,0.16655258646705318,0.40810854740749203
161,0,train,16,0.18321284994054912,0.4280337018746878,0.16247026395204583,0.40307600269929966
161,1,train,14,0.14172767796354252,0.3764673663991907,0.16247026395204583,0.40307600269929966
161,-1,train,30,0.16247026395204583,0.40307600269929966,0.16247026395204583,0.40307600269929966
162,0,train,16,0.1702866256431288,0.41265800082287124,0.16172086827151122,0.40214533227617005
162,1,train,14,0.15315511089989367,0.39135036846781385,0.16172086827151122,0.40214533227617005
162,-1,train,30,0.16172086827151122,0.40214533227617005,0.16172086827151122,0.40214533227617005
163,0,train,16,0.1400542134793291,0.374238177474358,0.1622197807504739,0.4027651682438216
163,1,train,14,0.18438534802161874,0.4294011504661099,0.1622197807504739,0.4027651682438216
163,-1,train,30,0.1622197807504739,0.4027651682438216,0.1622197807504739,0.4027651682438216
164,0,train,16,0.13854120270256187,0.37221123398221323,0.16067719634430674,0.40084560162774235
164,1,train,14,0.18281318998605162,0.4275665912884818,0.16067719634430674,0.40084560162774235
164,-1,train,30,0.16067719634430674,0.40084560162774235,0.16067719634430674,0.40084560162774235
165,0,train,16,0.14788411888858147,0.3845570424378956,0.1583659703272445,0.39795222116134055
165,1,train,14,0.16884782176590754,0.41091096574064256,0.1583659703272445,0.39795222116134055
165,-1,train,30,0.1583659703272445,0.39795222116134055,0.1583659703272445,0.39795222116134055
166,0,train,16,0.12617585418873467,0.3552124071435775,0.158286583631511,0.3978524646543125
166,1,train,14,0.19039731307428728,0.43634540569861313,0.158286583631511,0.3978524646543125
166,-1,train,30,0.158286583631511,0.3978524646543125,0.158286583631511,0.3978524646543125
167,0,train,16,0.1493545105083585,0.38646411283372545,0.1550088921683717,0.39371168660375283
167,1,train,14,0.16066327382838488,0.40082823481933616,0.1550088921683717,0.39371168660375283
167,-1,train,30,0.1550088921683717,0.39371168660375283,0.1550088921683717,0.39371168660375283
168,0,train,16,0.15817550209721146,0.39771283873821756,0.15277005321109643,0.39085809856148107
168,1,train,14,0.1473646043249814,0.3838809767688175,0.15277005321109643,0.39085809856148107
168,-1,train,30,0.15277005321109643,0.39085809856148107,0.15277005321109643,0.39085809856148107
169,0,train,16,0.13156516222396009,0.362719123046966,0.15307301840901233,0.39124547078402366
169,1,train,14,0.17458087459406457,0.4178287622867346,0.15307301840901233,0.39124547078402366
169,-1,train,30,0.15307301840901233,0.39124547078402366,0.15307301840901233,0.39124547078402366
170,0,train,16,0.15586245509035043,0.39479419333413507,0.14975065197389292,0.38697629381383675
170,1,train,14,0.1436388488574354,0.3789971620704242,0.14975065197389292,0.38697629381383675
170,-1,train,30,0.14975065197389292,0.38697629381383675,0.14975065197389292,0.38697629381383675
171,0,train,16,0.15790463882647707,0.39737216664793856,0.14802781453353503,0.3847438297536882
171,1,train,14,0.138150990240593,0.37168668289379564,0.14802781453353503,0.3847438297536882
171,-1,train,30,0.14802781453353503,0.3847438297536882,0.14802781453353503,0.3847438297536882
172,0,train,16,0.14304205273369536,0.3782090066797661,0.14752501191434292,0.3840898487520113
172,1,train,14,0.15200797109499048,0.38988199637196697,0.14752501191434292,0.3840898487520113
172,-1,train,30,0.14752501191434292,0.3840898487520113,0.14752501191434292,0.3840898487520113
173,0,train,16,0.15917286470703698,0.3989647411827729,0.14481984195032171,0.38055202265961185
173,1,train,14,0.13046681919360642,0.3612019091776875,0.14481984195032171,0.38055202265961185
173,-1,train,30,0.14481984195032171,0.38055202265961185,0.14481984195032171,0.38055202265961185
174,0,train,16,0.1353485539189987,0.36789747745669404,0.14498058405394948,0.38076316005352917
174,1,train,14,0.15461261418890027,0.3932081054465946,0.14498058405394948,0.38076316005352917
174,-1,train,30,0.14498058405394948,0.38076316005352917,0.14498058405394948,0.38076316005352917
175,0,train,16,0.14718705327421833,0.3836496491256291,0.14260127463015765,0.3776258394630294
175,1,train,14,0.138015495986097,0.37150436873083603,0.14260127463015765,0.3776258394630294
175,-1,train,30,0.14260127463015765,0.3776258394630294,0.14260127463015765,0.3776258394630294
176,0,train,16,0.1592484442133915,0.3990594494726212,0.14021961958111337,0.37445910268160576
176,1,train,14,0.12119079494883524,0.34812468305024746,0.14021961958111337,0.37445910268160576
176,-1,train,30,0.14021961958111337,0.37445910268160576,0.14021961958111337,0.37445910268160576
177,0,train,16,0.17435185135310335,0.41755460882752016,0.13764256855887913,0.37100211395473087
177,1,train,14,0.1009332857646549,0.31769999333436394,0.13764256855887913,0.37100211395473087
177,-1,train,30,0.13764256855887913,0.37100211395473087,0.13764256855887913,0.37100211395473087
178,0,train,16,0.16053997642659368,0.40067440201065213,0.137128061785773,0.3703080633550571
178,1,train,14,0.1137161471449523,0.33721824853490995,0.137128061785773,0.3703080633550571
178,-1,train,30,0.137128061785773,0.3703080633550571,0.137128061785773,0.3703080633550571
179,0,train,16,0.13371515743037865,0.36567083207493956,0.13756387476909837,0.37089604307554747
179,1,train,14,0.14141259210781806,0.3760486565696227,0.13756387476909837,0.37089604307554747
179,-1,train,30,0.13756387476909837,0.37089604307554747,0.13756387476909837,0.37089604307554747
180,0,train,16,0.14267391636122292,0.37772200936829575,0.13545733102948473,0.3680452839386544
180,1,train,14,0.12824074569774654,0.3581071706874166,0.13545733102948473,0.3680452839386544
180,-1,train,30,0.13545733102948473,0.3680452839386544,0.13545733102948473,0.3680452839386544
181,0,train,16,0.15407497965295758,0.3925238587053755,0.1331921049659938,0.36495493552765357
181,1,train,14,0.11230923027902999,0.33512569325408337,0.1331921049659938,0.36495493552765357
181,-1,train,30,0.1331921049659938,0.36495493552765357,0.1331921049659938,0.36495493552765357
182,0,train,16,0.1180697133888383,0.34361273752414695,0.13432126387109813,0.3664986546647861
182,1,train,14,0.15057281435335795,0.38803713012205154,0.13432126387109813,0.3664986546647861
182,-1,train,30,0.13432126387109813,0.3664986546647861,0.13432126387109813,0.3664986546647861
183,0,train,16,0.1386089468652184,0.37230222516823397,0.1314251550565312,0.36252607500224204
183,1,train,14,0.12424136324784402,0.3524788834069979,0.1314251550565312,0.36252607500224204
183,-1,train,30,0.1314251550565312,0.36252607500224204,0.1314251550565312,0.36252607500224204
184,0,train,16,0.11584083431199138,0.3403539838344652,0.13163668787650792,0.3628177061232099
184,1,train,14,0.14743254144102447,0.3839694537863975,0.13163668787650792,0.3628177061232099
184,-1,train,30,0.13163668787650792,0.3628177061232099,0.13163668787650792,0.3628177061232099
185,0,train,16,0.15577432130246177,0.3946825576364653,0.1273828041802199,0.35690727672635075
185,1,train,14,0.09899128705797802,0.3146288083726251,0.1273828041802199,0.35690727672635075
185,-1,train,30,0.1273828041802199,0.35690727672635075,0.1273828041802199,0.35690727672635075
186,0,train,16,0.16052746109931507,0.400658783878895,0.1256544650772606,0.35447773565805313
186,1,train,14,0.09078146905520616,0.3012996333472813,0.1256544650772606,0.35447773565805313
186,-1,train,30,0.1256544650772606,0.35447773565805313,0.1256544650772606,0.35447773565805313
187,0,train,16,0.12616390289413784,0.35519558400145945,0.12672466193913812,0.3559840754010467
187,1,train,14,0.12728542098413836,0.35677082417728384,0.12672466193913812,0.3559840754010467
187,-1,train,30,0.12672466193913812,0.3559840754010467,0.12672466193913812,0.3559840754010467
188,0,train,16,0.10289014617388374,0.32076493912814685,0.1270259027842114,0.35640693425382647
188,1,train,14,0.15116165939453902,0.3887951380798621,0.1270259027842114,0.35640693425382647
188,-1,train,30,0.1270259027842114,0.35640693425382647,0.1270259027842114,0.35640693425382647
189,0,train,16,0.09250918743358394,0.30415323018765383,0.12641696276712866,0.35555163164740033
189,1,train,14,0.16032473810067338,0.4004057168681204,0.12641696276712866,0.35555163164740033
189,-1,train,30,0.12641696276712866,0.35555163164740033,0.12641696276712866,0.35555163164740033
190,0,train,16,0.10522490508727682,0.32438388536929025,0.12416726962717345,0.3523737641016616
190,1,train,14,0.14310963416707007,0.3782983401590206,0.12416726962717345,0.3523737641016616
190,-1,train,30,0.12416726962717345,0.3523737641016616,0.12416726962717345,0.3523737641016616
191,0,train,16,0.10409416862541211,0.32263627915256543,0.1229227513723157,0.3506034103831788
191,1,train,14,0.1417513341192193,0.3764987836888976,0.1229227513723157,0.3506034103831788
191,-1,train,30,0.1229227513723157,0.3506034103831788,0.1229227513723157,0.3506034103831788
192,0,train,16,0.1446147839416791,0.3802825054373118,0.11872247527322949,0.34456127941663656
192,1,train,14,0.09283016660477987,0.30468043357718244,0.11872247527322949,0.34456127941663656
192,-1,train,30,0.11872247527322949,0.34456127941663656,0.11872247527322949,0.34456127941663656
193,0,train,16,0.11595607530093122,0.34052323753443203,0.11946018753435543,0.34563013111468655
193,1,train,14,0.12296429976777964,0.35066265807436586,0.11946018753435543,0.34563013111468655
193,-1,train,30,0.11946018753435543,0.34563013111468655,0.11946018753435543,0.34563013111468655
194,0,train,16,0.12209716070185928,0.34942404139077105,0.11773320612534646,0.34312272749753325
194,1,train,14,0.11336925154883366,0.33670350688526196,0.11773320612534646,0.34312272749753325
194,-1,train,30,0.11773320612534646,0.34312272749753325,0.11773320612534646,0.34312272749753325
195,0,train,16,0.10818557469448914,0.328915756227167,0.11744770463332654,0.3427064408985138
195,1,train,14,0.12670983457216395,0.3559632489066307,0.11744770463332654,0.3427064408985138
195,-1,train,30,0.11744770463332654,0.3427064408985138,0.11744770463332654,0.3427064408985138
196,0,train,16,0.14917813048215064,0.38623584826133195,0.11326025178165082,0.336541604830147
196,1,train,14,0.077342373081151,0.2781049677390733,0.11326025178165082,0.336541604830147
196,-1,train,30,0.11326025178165082,0.336541604830147,0.11326025178165082,0.336541604830147
197,0,train,16,0.11912074155605668,0.3451387279863804,0.11415122009225065,0.33786272373887394
197,1,train,14,0.10918169862844464,0.3304265404419636,0.11415122009225065,0.33786272373887394
197,-1,train,30,0.11415122009225065,0.33786272373887394,0.11415122009225065,0.33786272373887394
198,0,train,16,0.13083495274423806,0.3617111454520555,0.11207239101872293,0.3347721479136562
198,1,train,14,0.0933098292932078,0.30546657639291375,0.11207239101872293,0.3347721479136562
198,-1,train,30,0.11207239101872293,0.3347721479136562,0.11207239101872293,0.3347721479136562
199,0,train,16,0.09239657802917374,0.3039680542905352,0.11359098387495445,0.3370326154468651
199,1,train,14,0.13478538972073514,0.3671312976589372,0.11359098387495445,0.3370326154468651
199,-1,train,30,0.11359098387495445,0.3370326154468651,0.11359098387495445,0.3370326154468651
200,0,train,16,0.10246224416849448,0.32009724173834186,0.11165740529724835,0.33415176985502915
200,1,train,14,0.12085256642600224,0.3476385571624676,0.11165740529724835,0.33415176985502915
200,-1,train,30,0.11165740529724835,0.33415176985502915,0.11165740529724835,0.33415176985502915
201,0,train,16,0.11589349537227024,0.3404313372359693,0.10949482848752115,0.33090002793520756
201,1,train,14,0.10309616160277207,0.32108591000349435,0.10949482848752115,0.33090002793520756
201,-1,train,30,0.10949482848752115,0.33090002793520756,0.10949482848752115,0.33090002793520756
202,0,train,16,0.12055560103058748,0.34721117641946303,0.10797414046224889,0.32859418811392405
202,1,train,14,0.0953926798939103,0.30885705414302955,0.10797414046224889,0.32859418811392405
202,-1,train,30,0.10797414046224889,0.32859418811392405,0.10797414046224889,0.32859418811392405
203,0,train,16,0.08874521517570982,0.2979013514163872,0.10906761134777446,0.3302538589445617
203,1,train,14,0.1293900075198391,0.359708225538198,0.10906761134777446,0.3302538589445617
203,-1,train,30,0.10906761134777446,0.3302538589445617,0.10906761134777446,0.3302538589445617
204,0,train,16,0.07994340843191967,0.2827426540724262,0.10853039186375674,0.3294395116918381
204,1,train,14,0.1371173752955938,0.37029363388477776,0.10853039186375674,0.3294395116918381
204,-1,train,30,0.10853039186375674,0.3294395116918381,0.10853039186375674,0.3294395116918381
205,0,train,16,0.13793758855942564,0.37139949994503985,0.10324562164197609,0.3213185672225869
205,1,train,14,0.06855365472452653,0.2618275285842314,0.10324562164197609,0.3213185672225869
205,-1,train,30,0.10324562164197609,0.3213185672225869,0.10324562164197609,0.3213185672225869
206,0,train,16,0.11682558398445146,0.34179757749938994,0.10360429851645002,0.3218762161397608
206,1,train,14,0.09038301304844858,0.3006376773600551,0.10360429851645002,0.3218762161397608
206,-1,train,30,0.10360429851645002,0.3218762161397608,0.10360429851645002,0.3218762161397608
207,0,train,16,0.08662452778510456,0.2943204508441514,0.1046332409080287,0.323470618307179
207,1,train,14,0.12264195403095285,0.3502027327576883,0.1046332409080287,0.323470618307179
207,-1,train,30,0.1046332409080287,0.323470618307179,0.1046332409080287,0.323470618307179
208,0,train,16,0.08493527531194349,0.29143657167888776,0.10363783404695029,0.32192830575603365
208,1,train,14,0.1223403927819571,0.3497719153705127,0.10363783404695029,0.32192830575603365
208,-1,train,30,0.10363783404695029,0.32192830575603365,0.10363783404695029,0.32192830575603365
209,0,train,16,0.09677756929269742,0.3110909341216767,0.10168948989403784,0.31888789549626656
209,1,train,14,0.10660141049537827,0.3264987143854908,0.10168948989403784,0.31888789549626656
209,-1,train,30,0.10168948989403784,0.31888789549626656,0.10168948989403784,0.31888789549626656
210,0,train,16,0.09589860785506708,0.30967500360065725,0.10066138250703216,0.3172717801933102
210,1,train,14,0.10542415715899724,0.3246908639906538,0.10066138250703216,0.3172717801933102
210,-1,train,30,0.10066138250703216,0.3172717801933102,0.10066138250703216,0.3172717801933102
211,0,train,16,0.09974300307362827,0.31582115678597006,0.09931068886202858,0.31513598471458093
211,1,train,14,0.0988783746504289,0.31444931968511064,0.09931068886202858,0.31513598471458093
211,-1,train,30,0.09931068886202858,0.31513598471458093,0.09931068886202858,0.31513598471458093
212,0,train,16,0.10685786704549427,0.3268912159197525,0.09774184028323465,0.31263691446026437
212,1,train,14,0.08862581352097505,0.2977008792747765,0.09774184028323465,0.31263691446026437
212,-1,train,30,0.09774184028323465,0.31263691446026437,0.09774184028323465,0.31263691446026437
213,0,train,16,0.08858523187368383,0.297632713043583,0.09798983628213098,0.313033283026152
213,1,train,14,0.10739444069057814,0.3277109102403796,0.09798983628213098,0.313033283026152
213,-1,train,30,0.09798983628213098,0.313033283026152,0.09798983628213098,0.313033283026152
214,0,train,16,0.08717986585977607,0.29526236783541526,0.09705091491449948,0.31152995829374014
214,1,train,14,0.10692196396922289,0.32698924136616925,0.09705091491449948,0.31152995829374014
214,-1,train,30,0.09705091491449948,0.31152995829374014,0.09705091491449948,0.31152995829374014
215,0,train,16,0.08617886411852103,0.29356236836236527,0.0960950073357778,0.30999194721117806
215,1,train,14,0.10601115055303459,0.32559353579737205,0.0960950073357778,0.30999194721117806
215,-1,train,30,0.0960950073357778,0.30999194721117806,0.0960950073357778,0.30999194721117806
216,0,train,16,0.08141743445416619,0.2853374045830062,0.0954189559527476,0.3088995887869513
216,1,train,14,0.109420477451329,0.3307876621812383,0.0954189559527476,0.3088995887869513
216,-1,train,30,0.0954189559527476,0.3088995887869513,0.0954189559527476,0.3088995887869513
217,0,train,16,0.09828250831174896,0.3135004119801902,0.09321154530780686,0.3053056588204792
217,1,train,14,0.08814058230386475,0.2968847963501411,0.09321154530780686,0.3053056588204792
217,-1,train,30,0.09321154530780686,0.3053056588204792,0.09321154530780686,0.3053056588204792
218,0,train,16,0.05648552032294127,0.23766682629879432,0.09520808300886968,0.30855807072392333
218,1,train,14,0.1339306456947981,0.3659653613319136,0.09520808300886968,0.30855807072392333
218,-1,train,30,0.09520808300886968,0.30855807072392333,0.09520808300886968,0.30855807072392333
219,0,train,16,0.08595723221603628,0.29318463843802645,0.09211946103419907,0.30351187956025555
219,1,train,14,0.09828168985236185,0.31349910662131375,0.09211946103419907,0.30351187956025555
219,-1,train,30,0.09211946103419907,0.30351187956025555,0.09211946103419907,0.30351187956025555
220,0,train,16,0.11262884363405064,0.3356022104129391,0.08925450380185121,0.29875492264036624
220,1,train,14,0.06588016396965177,0.2566713150503027,0.08925450380185121,0.29875492264036624
220,-1,train,30,0.08925450380185121,0.29875492264036624,0.08925450380185121,0.29875492264036624
221,0,train,16,0.0859693285110316,0.2932052668541812,0.09020012883712372,0.3003333628438967
221,1,train,14,0.09443092916321584,0.3072961587186144,0.09020012883712372,0.3003333628438967
221,-1,train,30,0.09020012883712372,0.3003333628438967,0.09020012883712372,0.3003333628438967
222,0,train,16,0.08463388110689124,0.2909190284372805,0.08935500956846298,0.29892308303050635
222,1,train,14,0.09407613803003473,0.3067183366380868,0.08935500956846298,0.29892308303050635
222,-1,train,30,0.08935500956846298,0.29892308303050635,0.08935500956846298,0.29892308303050635
223,0,train,16,0.08142445887164736,0.28534971328467695,0.08865426416305835,0.2977486593807911
223,1,train,14,0.09588406945446934,0.3096515290685149,0.08865426416305835,0.2977486593807911
223,-1,train,30,0.08865426416305835,0.2977486593807911,0.08865426416305835,0.2977486593807911
224,0,train,16,0.08955184243204022,0.29925213855884175,0.0871588929598272,0.29522684999814497
224,1,train,14,0.0847659434876142,0.2911459144271377,0.0871588929598272,0.29522684999814497
224,-1,train,30,0.0871588929598272,0.29522684999814497,0.0871588929598272,0.29522684999814497
225,0,train,16,0.11994080349538289,0.34632470817916367,0.0840948915368188,0.2899911921711051
225,1,train,14,0.04824897957825472,0.21965650361019298,0.0840948915368188,0.2899911921711051
225,-1,train,30,0.0840948915368188,0.2899911921711051,0.0840948915368188,0.2899911921711051
226,0,train,16,0.06557069447019105,0.2560677536711545,0.08707091150432925,0.2950778058484393
226,1,train,14,0.10857112853846743,0.3295013331361004,0.08707091150432925,0.2950778058484393
226,-1,train,30,0.08707091150432925,0.2950778058484393,0.08707091150432925,0.2950778058484393
227,0,train,16,0.08777406835465627,0.29626688703710424,0.08460420206688135,0.2908680148570505
227,1,train,14,0.08143433577910641,0.2853670194313043,0.08460420206688135,0.2908680148570505
227,-1,train,30,0.08460420206688135,0.2908680148570505,0.08460420206688135,0.2908680148570505
228,0,train,16,0.08401409717539095,0.28985185384156326,0.08400344849295538,0.28983348407828136
228,1,train,14,0.0839927998105198,0.2898151131506426,0.08400344849295538,0.28983348407828136
228,-1,train,30,0.08400344849295538,0.28983348407828136,0.08400344849295538,0.28983348407828136
229,0,train,16,0.06552278840420406,0.25597419480135897,0.08446739484739682,0.29063274909651327
229,1,train,14,0.10341200129058958,0.3215773643939971,0.08446739484739682,0.29063274909651327
229,-1,train,30,0.08446739484739682,0.29063274909651327,0.08446739484739682,0.29063274909651327
230,0,train,16,0.09153324155152813,0.3025446108452903,0.08176504405756063,0.2859458760981886
230,1,train,14,0.07199684656359315,0.26832228115382656,0.08176504405756063,0.2859458760981886
230,-1,train,30,0.08176504405756063,0.2859458760981886,0.08176504405756063,0.2859458760981886
231,0,train,16,0.09556179467130933,0.30913070806911,0.08064400433986643,0.28397888009474653
231,1,train,14,0.06572621400842353,0.2563712425534961,0.08064400433986643,0.28397888009474653
231,-1,train,30,0.08064400433986643,0.28397888009474653,0.08064400433986643,0.28397888009474653
232,0,train,16,0.09000129682141529,0.3000021613612397,0.08021991210950657,0.28323119903977134
232,1,train,14,0.07043852739759786,0.26540257609450185,0.08021991210950657,0.28323119903977134
232,-1,train,30,0.08021991210950657,0.28323119903977134,0.08021991210950657,0.28323119903977134
233,0,train,16,0.10224801852863967,0.3197624407722703,0.07853717495627825,0.2802448482243309
233,1,train,14,0.05482633138391683,0.23415023250878234,0.07853717495627825,0.2802448482243309
233,-1,train,30,0.07853717495627825,0.2802448482243309,0.07853717495627825,0.2802448482243309
234,0,train,16,0.053311668298202254,0.23089319673433917,0.08122966110116064,0.2850081772531459
234,1,train,14,0.10914765390411904,0.3303750200970392,0.08122966110116064,0.2850081772531459
234,-1,train,30,0.08122966110116064,0.2850081772531459,0.08122966110116064,0.2850081772531459
235,0,train,16,0.09329171653668017,0.30543692726433747,0.07758926714290851,0.2785485005217377
235,1,train,14,0.06188681774913686,0.24877061271206624,0.07758926714290851,0.2785485005217377
235,-1,train,30,0.07758926714290851,0.2785485005217377,0.07758926714290851,0.2785485005217377
236,0,train,16,0.06387567513725399,0.2527363747806279,0.07891180176193613,0.2809124450107829
236,1,train,14,0.09394792838661825,0.30650926313346266,0.07891180176193613,0.2809124450107829
236,-1,train,30,0.07891180176193613,0.2809124450107829,0.07891180176193613,0.2809124450107829
237,0,train,16,0.05967575384973003,0.2442862129751289,0.07845017857720685,0.2800895902692688
237,1,train,14,0.09722460330468367,0.31180860043411834,0.07845017857720685,0.2800895902692688
237,-1,train,30,0.07845017857720685,0.2800895902692688,0.07845017857720685,0.2800895902692688
238,0,train,16,0.05054315163331716,0.22481804116511014,0.07835066754664921,0.27991189247091525
238,1,train,14,0.10615818345998126,0.32581924967684345,0.07835066754664921,0.27991189247091525
238,-1,train,30,0.07835066754664921,0.27991189247091525,0.07835066754664921,0.27991189247091525
239,0,train,16,0.09775196597869662,0.3126531080585904,0.07424557206648477,0.27248040675704516
239,1,train,14,0.05073917815427294,0.22525358632943657,0.07424557206648477,0.27248040675704516
239,-1,train,30,0.07424557206648477,0.27248040675704516,0.07424557206648477,0.27248040675704516
240,0,train,16,0.06548798440907261,0.2559062023653835,0.07581265019760194,0.27534097079367237
240,1,train,14,0.0861373159861313,0.2934915944045609,0.07581265019760194,0.27534097079367237
240,-1,train,30,0.07581265019760194,0.27534097079367237,0.07581265019760194,0.27534097079367237
241,0,train,16,0.0757924126560419,0.2753042183767657,0.07436369685499221,0.27269707892640177
241,1,train,14,0.07293498105394251,0.27006477196025125,0.07436369685499221,0.27269707892640177
241,-1,train,30,0.07436369685499221,0.27269707892640177,0.07436369685499221,0.27269707892640177
242,0,train,16,0.06998945503193471,0.2645552022394092,0.07406892684298708,0.2721560707443196
242,1,train,14,0.07814839865403946,0.27955035083869856,0.07406892684298708,0.2721560707443196
242,-1,train,30,0.07406892684298708,0.2721560707443196,0.07406892684298708,0.2721560707443196
243,0,train,16,0.04283282999917178,0.20696093834144594,0.07531262519072972,0.2744314580924164
243,1,train,14,0.10779242038228766,0.3283175602709786,0.07531262519072972,0.2744314580924164
243,-1,train,30,0.07531262519072972,0.2744314580924164,0.07531262519072972,0.2744314580924164
244,0,train,16,0.058908664650675846,0.24271107236934175,0.073478418167892,0.27106902841876274
244,1,train,14,0.08804817168510815,0.29672912173413,0.073478418167892,0.27106902841876274
244,-1,train,30,0.073478418167892,0.27106902841876274,0.073478418167892,0.27106902841876274
245,0,train,16,0.05996194566231094,0.24487128386626092,0.07273137995830324,0.2696875598879252
245,1,train,14,0.08550081425429555,0.29240522268642116,0.07273137995830324,0.2696875598879252
245,-1,train,30,0.07273137995830324,0.2696875598879252,0.07273137995830324,0.2696875598879252
246,0,train,16,0.08016601332161315,0.28313603324482234,0.07062993636505864,0.265762932639333
246,1,train,14,0.06109385940850413,0.24717172048700095,0.07062993636505864,0.265762932639333
246,-1,train,30,0.07062993636505864,0.265762932639333,0.07062993636505864,0.265762932639333
247,0,train,16,0.03360417501888586,0.18331441574215013,0.0733026822466052,0.27074468092024484
247,1,train,14,0.11300118947432455,0.3361564955111303,0.0733026822466052,0.27074468092024484
247,-1,train,30,0.0733026822466052,0.27074468092024484,0.0733026822466052,0.27074468092024484
248,0,train,16,0.06216584336801112,0.24933079105479755,0.07062377076832745,0.26575133258052996
248,1,train,14,0.07908169816864377,0.28121468341579137,0.07062377076832745,0.26575133258052996
248,-1,train,30,0.07062377076832745,0.26575133258052996,0.07062377076832745,0.26575133258052996
249,0,train,16,0.06298711485178032,0.2509723388180066,0.06993616825145188,0.26445447292767027
249,1,train,14,0.07688522165112345,0.27728184515240706,0.06993616825145188,0.26445447292767027
249,-1,train,30,0.06993616825145188,0.26445447292767027,0.06993616825145188,0.26445447292767027
250,0,train,16,0.059940999954721984,0.24482851131909042,0.06952965904281472,0.2636847721102125
250,1,train,14,0.07911831813090744,0.2812797862110028,0.06952965904281472,0.2636847721102125
250,-1,train,30,0.06952965904281472,0.2636847721102125,0.06952965904281472,0.2636847721102125
251,0,train,16,0.0931981360670036,0.30528369767644586,0.06655954724684987,0.25799137048911125
251,1,train,14,0.039920958426696136,0.19980229835188618,0.06655954724684987,0.25799137048911125
251,-1,train,30,0.06655954724684987,0.25799137048911125,0.06655954724684987,0.25799137048911125
252,0,train,16,0.0626022623651563,0.2502044411379548,0.06813295558875637,0.26102290242190695
252,1,train,14,0.07366364881235643,0.2714104802920411,0.06813295558875637,0.26102290242190695
252,-1,train,30,0.06813295558875637,0.26102290242190695,0.06813295558875637,0.26102290242190695
253,0,train,16,0.07344058202570762,0.2709992288286216,0.06677453050468461,0.25840768275089
253,1,train,14,0.060108478983661597,0.24517030608061327,0.06677453050468461,0.25840768275089
253,-1,train,30,0.06677453050468461,0.25840768275089,0.06677453050468461,0.25840768275089
254,0,train,16,0.053023606785966314,0.23026855361939091,0.06764948243469573,0.2600951411208901
254,1,train,14,0.08227535808342515,0.28683681437957914,0.06764948243469573,0.2600951411208901
254,-1,train,30,0.06764948243469573,0.2600951411208901,0.06764948243469573,0.2600951411208901
255,0,train,16,0.09801065623686513,0.3130665364373285,0.06388846519996073,0.25276167668371075
255,1,train,14,0.029766274163056335,0.1725290530984748,0.06388846519996073,0.25276167668371075
255,-1,train,30,0.06388846519996073,0.25276167668371075,0.06388846519996073,0.25276167668371075
256,0,train,16,0.06283439380643342,0.250667895444218,0.06582865664416576,0.25657095830231014
256,1,train,14,0.06882291948189811,0.2623412271868417,0.06582865664416576,0.25657095830231014
256,-1,train,30,0.06582865664416576,0.25657095830231014,0.06582865664416576,0.25657095830231014
257,0,train,16,0.09217421864928714,0.30360207286724367,0.06319353405433249,0.25138324139515045
257,1,train,14,0.034212849459377845,0.18496715778585626,0.06319353405433249,0.25138324139515045
257,-1,train,30,0.06319353405433249,0.25138324139515045,0.06319353405433249,0.25138324139515045
258,0,train,16,0.027528002866002838,0.1659156498525767,0.06726822519601756,0.25936118675703496
258,1,train,14,0.1070084475260323,0.3271214568413883,0.06726822519601756,0.25936118675703496
258,-1,train,30,0.06726822519601756,0.25936118675703496,0.06726822519601756,0.25936118675703496
259,0,train,16,0.04289142881327504,0.20710245969875646,0.06564422545804746,0.25621129065294423
259,1,train,14,0.08839702210281988,0.29731636702815384,0.06564422545804746,0.25621129065294423
259,-1,train,30,0.06564422545804746,0.25621129065294423,0.06564422545804746,0.25621129065294423
260,0,train,16,0.037066339882214076,0.19252620570253307,0.06553680237573661,0.25600156713531386
260,1,train,14,0.09400726486925916,0.30660604180162393,0.06553680237573661,0.25600156713531386
260,-1,train,30,0.06553680237573661,0.25600156713531386,0.06553680237573661,0.25600156713531386
261,0,train,16,0.05618947503845379,0.2370431923478373,0.06366392048519771,0.25231710303742333
261,1,train,14,0.07113836593194164,0.2667177645601088,0.06366392048519771,0.25231710303742333
261,-1,train,30,0.06366392048519771,0.25231710303742333,0.06366392048519771,0.25231710303742333
262,0,train,16,0.05053705207474152,0.22480447521066282,0.06356961183327095,0.25213014860042215
262,1,train,14,0.07660217159180037,0.276770973174212,0.06356961183327095,0.25213014860042215
262,-1,train,30,0.06356961183327095,0.25213014860042215,0.06356961183327095,0.25213014860042215
263,0,train,16,0.048294076838399175,0.21975913368594985,0.06323914995243353,0.25147395481924867
263,1,train,14,0.07818422306646788,0.27961441855967994,0.06323914995243353,0.25147395481924867
263,-1,train,30,0.06323914995243353,0.25147395481924867,0.06323914995243353,0.25147395481924867
264,0,train,16,0.08508894022415281,0.29170008608869624,0.06014139677672445,0.24523742939593143
264,1,train,14,0.03519385332929609,0.18760024874529374,0.06014139677672445,0.24523742939593143
264,-1,train,30,0.06014139677672445,0.24523742939593143,0.06014139677672445,0.24523742939593143
265,0,train,16,0.07250291534504306,0.26926365396213997,0.060559570785599794,0.24608854257278984
265,1,train,14,0.04861622622615652,0.22049087560748748,0.060559570785599794,0.24608854257278984
265,-1,train,30,0.060559570785599794,0.24608854257278984,0.060559570785599794,0.24608854257278984
266,0,train,16,0.0616065260152883,0.2482066196040877,0.06087410825913898,0.24672678869376746
266,1,train,14,0.060141690502989655,0.24523802825620183,0.06087410825913898,0.24672678869376746
266,-1,train,30,0.06087410825913898,0.24672678869376746,0.06087410825913898,0.24672678869376746
267,0,train,16,0.08284898559851855,0.2878349971746288,0.05891123036080524,0.242716357835242
267,1,train,14,0.034973475123091936,0.18701196518696855,0.05891123036080524,0.242716357835242
267,-1,train,30,0.05891123036080524,0.242716357835242,0.05891123036080524,0.242716357835242
268,0,train,16,0.05453857943201779,0.2335349640461098,0.060476138323296236,0.2459189669856643
268,1,train,14,0.06641369721457467,0.2577085509147391,0.060476138323296236,0.2459189669856643
268,-1,train,30,0.060476138323296236,0.2459189669856643,0.060476138323296236,0.2459189669856643
269,0,train,16,0.046560897733766544,0.21577974356682914,0.06061157615580051,0.2461941838382875
269,1,train,14,0.07466225457783449,0.2732439470104223,0.06061157615580051,0.2461941838382875
269,-1,train,30,0.06061157615580051,0.2461941838382875,0.06061157615580051,0.2461941838382875
270,0,train,16,0.0754915821421606,0.2747573149929963,0.05811932081510493,0.24107949065630807
270,1,train,14,0.04074705948804926,0.20185900893457606,0.05811932081510493,0.24107949065630807
270,-1,train,30,0.05811932081510493,0.24107949065630807,0.05811932081510493,0.24107949065630807
271,0,train,16,0.09126917708986576,0.3021078898173064,0.056584968543034915,0.23787595200657613
271,1,train,14,0.021900759996204073,0.14798905363642295,0.056584968543034915,0.23787595200657613
271,-1,train,30,0.056584968543034915,0.23787595200657613,0.056584968543034915,0.23787595200657613
272,0,train,16,0.05495768890511891,0.23443056307810828,0.05875327206263181,0.24239074252667286
272,1,train,14,0.06254885522014471,0.25009769135308846,0.05875327206263181,0.24239074252667286
272,-1,train,30,0.05875327206263181,0.24239074252667286,0.05875327206263181,0.24239074252667286
273,0,train,16,0.07322217714881092,0.2705959666159326,0.05705657008442308,0.23886517135074983
273,1,train,14,0.04089096302003524,0.2022151404322516,0.05705657008442308,0.23886517135074983
273,-1,train,30,0.05705657008442308,0.23886517135074983,0.05705657008442308,0.23886517135074983
274,0,train,16,0.08340045957755766,0.288791377256243,0.05593628649762073,0.23650853366764746
274,1,train,14,0.0284721134176838,0.16873681701894166,0.05593628649762073,0.23650853366764746
274,-1,train,30,0.05593628649762073,0.23650853366764746,0.05593628649762073,0.23650853366764746
275,0,train,16,0.04991830838616298,0.2234240550750142,0.05792957240771156,0.24068562983217665
275,1,train,14,0.06594083642926014,0.2567894788134049,0.05792957240771156,0.24068562983217665
275,-1,train,30,0.05792957240771156,0.24068562983217665,0.05792957240771156,0.24068562983217665
276,0,train,16,0.05039426318989684,0.2244866659512249,0.05751722441780235,0.23982748887023428
276,1,train,14,0.06464018564570785,0.2542443424064887,0.05751722441780235,0.23982748887023428
276,-1,train,30,0.05751722441780235,0.23982748887023428,0.05751722441780235,0.23982748887023428
277,0,train,16,0.021315198907226603,0.14599725650582138,0.059226963197755875,0.24336590393429372
277,1,train,14,0.09713872748828514,0.31167086403493854,0.059226963197755875,0.24336590393429372
277,-1,train,30,0.059226963197755875,0.24336590393429372,0.059226963197755875,0.24336590393429372
278,0,train,16,0.07258716709321268,0.2694200569616388,0.05520331206097845,0.23495385091753326
278,1,train,14,0.03781945702874422,0.19447225259338213,0.05520331206097845,0.23495385091753326
278,-1,train,30,0.05520331206097845,0.23495385091753326,0.05520331206097845,0.23495385091753326
279,0,train,16,0.038717004343889534,0.19676636995149738,0.05726286387138575,0.2392966022980388
279,1,train,14,0.07580872339888196,0.2753338399087224,0.05726286387138575,0.2392966022980388
279,-1,train,30,0.05726286387138575,0.2392966022980388,0.05726286387138575,0.2392966022980388
280,0,train,16,0.06496612535431602,0.25488453337602895,0.05504655019023039,0.23462001233959218
280,1,train,14,0.04512697502614475,0.21243110654079067,0.05504655019023039,0.23462001233959218
280,-1,train,30,0.05504655019023039,0.23462001233959218,0.05504655019023039,0.23462001233959218
281,0,train,16,0.0477992406589142,0.21863037451121517,0.055924502340426174,0.23648361960276693
281,1,train,14,0.06404976402193815,0.253080548485928,0.055924502340426174,0.23648361960276693
281,-1,train,30,0.055924502340426174,0.23648361960276693,0.055924502340426174,0.23648361960276693
282,0,train,16,0.04994971839064851,0.22349433637264393,0.05543666622192525,0.23544992296011746
282,1,train,14,0.060923614053202,0.2468270934342541,0.05543666622192525,0.23544992296011746
282,-1,train,30,0.05543666622192525,0.23544992296011746,0.05543666622192525,0.23544992296011746
283,0,train,16,0.04463484330474545,0.21126959862873185,0.0554900161013694,0.23556318919001204
283,1,train,14,0.06634518889799336,0.25757559841334615,0.0554900161013694,0.23556318919001204
283,-1,train,30,0.0554900161013694,0.23556318919001204,0.0554900161013694,0.23556318919001204
284,0,train,16,0.05520485026571776,0.23495712431360272,0.05441732227872484,0.2332752071668244
284,1,train,14,0.05362979429173191,0.23158107498613076,0.05441732227872484,0.2332752071668244
284,-1,train,30,0.05441732227872484,0.2332752071668244,0.05441732227872484,0.2332752071668244
285,0,train,16,0.024444019694628977,0.15634583363373958,0.05629920383933272,0.2372745326395834
285,1,train,14,0.08815438798403646,0.29690804634437995,0.05629920383933272,0.2372745326395834
285,-1,train,30,0.05629920383933272,0.2372745326395834,0.05629920383933272,0.2372745326395834
286,0,train,16,0.0853082336233838,0.29207573268483605,0.051668126566928346,0.22730623961283672
286,1,train,14,0.018028019510472896,0.1342684605947089,0.051668126566928346,0.22730623961283672
286,-1,train,30,0.051668126566928346,0.22730623961283672,0.051668126566928346,0.22730623961283672
287,0,train,16,0.050175505796803355,0.22399889686514832,0.05385394509054549,0.23206452785926912
287,1,train,14,0.057532384384287615,0.23985909276966677,0.05385394509054549,0.23206452785926912
287,-1,train,30,0.05385394509054549,0.23206452785926912,0.05385394509054549,0.23206452785926912
288,0,train,16,0.05502709146218613,0.23457854007173404,0.053217548215149825,0.23068928933773633
288,1,train,14,0.05140800496811352,0.22673333448814606,0.053217548215149825,0.23068928933773633
288,-1,train,30,0.053217548215149825,0.23068928933773633,0.053217548215149825,0.23068928933773633
289,0,train,16,0.03801687241827762,0.19497915893314757,0.054143278942571454,0.23268708374675948
289,1,train,14,0.0702696854668653,0.2650842987935447,0.054143278942571454,0.23268708374675948
289,-1,train,30,0.054143278942571454,0.23268708374675948,0.054143278942571454,0.23268708374675948
290,0,train,16,0.06943807423553046,0.2635110514485692,0.05162870199833158,0.2272195018002011
290,1,train,14,0.033819329761132715,0.18390032561453695,0.05162870199833158,0.2272195018002011
290,-1,train,30,0.05162870199833158,0.2272195018002011,0.05162870199833158,0.2272195018002011
291,0,train,16,0.04396371383176925,0.20967525803434522,0.0531655251484451,0.23057650606348667
291,1,train,14,0.06236733646512095,0.24973453198370654,0.0531655251484451,0.23057650606348667
291,-1,train,30,0.0531655251484451,0.23057650606348667,0.0531655251484451,0.23057650606348667
292,0,train,16,0.06477831838268112,0.2545158509458323,0.0514138018687794,0.22674611764874697
292,1,train,14,0.03804928535487767,0.1950622602013974,0.0514138018687794,0.22674611764874697
292,-1,train,30,0.0514138018687794,0.22674611764874697,0.0514138018687794,0.22674611764874697
293,0,train,16,0.04743391722981161,0.21779329013955323,0.05238718327194959,0.2288824660648989
293,1,train,14,0.05734044931408758,0.239458658883089,0.05238718327194959,0.2288824660648989
293,-1,train,30,0.05238718327194959,0.2288824660648989,0.05238718327194959,0.2288824660648989
294,0,train,16,0.06430324838371866,0.25358085176865913,0.050933139118557305,0.22568371478367089
294,1,train,14,0.037563029853395956,0.19381184136526838,0.050933139118557305,0.22568371478367089
294,-1,train,30,0.050933139118557305,0.22568371478367089,0.050933139118557305,0.22568371478367089
295,0,train,16,0.04270134326627425,0.2066430334327152,0.05221942015578332,0.22851568908016648
295,1,train,14,0.06173749704529239,0.24847031421337318,0.05221942015578332,0.22851568908016648
295,-1,train,30,0.05221942015578332,0.22851568908016648,0.05221942015578332,0.22851568908016648
296,0,train,16,0.05092323766989995,0.22566177715754157,0.051392142248888745,0.22669835078555103
296,1,train,14,0.051861046827877545,0.2277302062263097,0.051392142248888745,0.22669835078555103
296,-1,train,30,0.051392142248888745,0.22669835078555103,0.051392142248888745,0.22669835078555103
297,0,train,16,0.04636082588870873,0.21531564246173276,0.05147546388486528,0.22688204839710274
297,1,train,14,0.05659010188102182,0.2378867417092046,0.05147546388486528,0.22688204839710274
297,-1,train,30,0.05147546388486528,0.22688204839710274,0.05147546388486528,0.22688204839710274
298,0,train,16,0.030222812117219337,0.17384709407182894,0.05239391980707596,0.22889718173685747
298,1,train,14,0.07456502749693258,0.2730659764542858,0.05239391980707596,0.22889718173685747
298,-1,train,30,0.05239391980707596,0.22889718173685747,0.05239391980707596,0.22889718173685747
299,0,train,16,0.04522231433657867,0.21265538868455383,0.0510950413470149,0.22604212294838963
299,1,train,14,0.056967768357451126,0.2386792164337966,0.0510950413470149,0.22604212294838963
299,-1,train,30,0.0510950413470149,0.22604212294838963,0.0510950413470149,0.22604212294838963
300,0,train,16,0.0423260518389858,0.2057329624512946,0.05107781556114914,0.22600401669251177
300,1,train,14,0.05982957928331248,0.2446008570780415,0.05107781556114914,0.22600401669251177
300,-1,train,30,0.05107781556114914,0.22600401669251177,0.05107781556114914,0.22600401669251177
301,0,train,16,0.030928704887763486,0.17586558755982787,0.051674632579134315,0.2273205502789713
301,1,train,14,0.07242056027050514,0.26911068405120064,0.051674632579134315,0.2273205502789713
301,-1,train,30,0.051674632579134315,0.2273205502789713,0.051674632579134315,0.2273205502789713
302,0,train,16,0.046456710949978754,0.215538189075576,0.05035315138276895,0.22439507878464926
302,1,train,14,0.05424959181555914,0.23291541772832286,0.05035315138276895,0.22439507878464926
302,-1,train,30,0.05035315138276895,0.22439507878464926,0.05035315138276895,0.22439507878464926
303,0,train,16,0.06312446787539396,0.25124583155824487,0.048959675497091876,0.22126833369710153
303,1,train,14,0.0347948831187898,0.18653386587638665,0.048959675497091876,0.22126833369710153
303,-1,train,30,0.048959675497091876,0.22126833369710153,0.048959675497091876,0.22126833369710153
304,0,train,16,0.0744125329239295,0.27278660693650175,0.04795101945213646,0.21897721217546007
304,1,train,14,0.02148950598034341,0.1465929943085392,0.04795101945213646,0.21897721217546007
304,-1,train,30,0.04795101945213646,0.21897721217546007,0.04795101945213646,0.21897721217546007
305,0,train,16,0.05718876226862791,0.23914172005032477,0.04897749283910344,0.22130859187818136
305,1,train,14,0.04076622340957896,0.20190647193584202,0.04897749283910344,0.22130859187818136
305,-1,train,30,0.04897749283910344,0.22130859187818136,0.04897749283910344,0.22130859187818136
306,0,train,16,0.07390542781436683,0.27185552746701114,0.04759797985932035,0.21816961259378068
306,1,train,14,0.021290531904273866,0.14591275442631418,0.04759797985932035,0.21816961259378068
306,-1,train,30,0.04759797985932035,0.21816961259378068,0.04759797985932035,0.21816961259378068
307,0,train,16,0.023808141993437223,0.15429887230124925,0.05097720902941428,0.22578133011702778
307,1,train,14,0.07814627606539133,0.27954655437939374,0.05097720902941428,0.22578133011702778
307,-1,train,30,0.05097720902941428,0.22578133011702778,0.05097720902941428,0.22578133011702778
308,0,train,16,0.07371676674386009,0.27150831800123565,0.047238613642865274,0.2173444585050773
308,1,train,14,0.020760460541870467,0.14408490740487176,0.047238613642865274,0.2173444585050773
308,-1,train,30,0.047238613642865274,0.2173444585050773,0.047238613642865274,0.2173444585050773
309,0,train,16,0.03698024638403496,0.19230248668188085,0.049671572956524246,0.22287120261829307
309,1,train,14,0.06236289952901354,0.24972564852055854,0.049671572956524246,0.22287120261829307
309,-1,train,30,0.049671572956524246,0.22287120261829307,0.049671572956524246,0.22287120261829307
310,0,train,16,0.05737966967730085,0.23954053869293365,0.04804637732183406,0.2191948387207921
310,1,train,14,0.038713084966367266,0.19675641022941862,0.04804637732183406,0.2191948387207921
310,-1,train,30,0.04804637732183406,0.2191948387207921,0.04804637732183406,0.2191948387207921
311,0,train,16,0.02264672004168666,0.15048827210678797,0.05035013468886836,0.22438835684782837
311,1,train,14,0.07805354933605006,0.27938065311694377,0.05035013468886836,0.22438835684782837
311,-1,train,30,0.05035013468886836,0.22438835684782837,0.05035013468886836,0.22438835684782837
312,0,train,16,0.06139233338629657,0.24777476341689153,0.04741832813114608,0.2177574984498722
312,1,train,14,0.033444322875995594,0.1828778906155569,0.04741832813114608,0.2177574984498722
312,-1,train,30,0.04741832813114608,0.2177574984498722,0.04741832813114608,0.2177574984498722
313,0,train,16,0.05108805836435307,0.22602667622285885,0.04798841527956143,0.21906258302038126
313,1,train,14,0.04488877219476979,0.21186970570322175,0.04798841527956143,0.21906258302038126
313,-1,train,30,0.04798841527956143,0.21906258302038126,0.04798841527956143,0.21906258302038126
314,0,train,16,0.05166435537635955,0.22729794406540405,0.04779164781374949,0.21861300925093521
314,1,train,14,0.043918940251139425,0.20956846196682224,0.04779164781374949,0.21861300925093521
314,-1,train,30,0.04779164781374949,0.21861300925093521,0.04779164781374949,0.21861300925093521
315,0,train,16,0.05619397698953652,0.237052688214111,0.04731569103970991,0.21752170245681213
315,1,train,14,0.0384374050898833,0.19605459721690616,0.04731569103970991,0.21752170245681213
315,-1,train,30,0.04731569103970991,0.21752170245681213,0.04731569103970991,0.21752170245681213
316,0,train,16,0.02851839791981151,0.1688739113060733,0.04913269309392972,0.22165895671939295
316,1,train,14,0.06974698826804794,0.2640965510339882,0.04913269309392972,0.22165895671939295
316,-1,train,30,0.04913269309392972,0.22165895671939295,0.04913269309392972,0.22165895671939295
317,0,train,16,0.05676623399642366,0.2382566557232424,0.04697719191905087,0.21674222458729833
317,1,train,14,0.037188149841678085,0.1928422926685899,0.04697719191905087,0.21674222458729833
317,-1,train,30,0.04697719191905087,0.21674222458729833,0.04697719191905087,0.21674222458729833
318,0,train,16,0.04628265562780287,0.21513404107161394,0.04757168478166382,0.2181093413443446
318,1,train,14,0.04886071393552476,0.22104459716429345,0.04757168478166382,0.2181093413443446
318,-1,train,30,0.04757168478166382,0.2181093413443446,0.04757168478166382,0.2181093413443446
319,0,train,16,0.03008433918203982,0.17344837612972863,0.04858765755782133,0.22042608184564125
319,1,train,14,0.06709097593360284,0.2590192578431242,0.04858765755782133,0.22042608184564125
319,-1,train,30,0.04858765755782133,0.22042608184564125,0.04858765755782133,0.22042608184564125
320,0,train,16,0.05455061929966013,0.2335607400648922,0.04670787387819512,0.2161200450633747
320,1,train,14,0.038865128456730104,0.19714240654088128,0.04670787387819512,0.2161200450633747
320,-1,train,30,0.04670787387819512,0.2161200450633747,0.04670787387819512,0.2161200450633747
321,0,train,16,0.04922384661687693,0.22186447804206272,0.0469505920328928,0.2166808529448156
321,1,train,14,0.04467733744890866,0.21137014322961664,0.0469505920328928,0.2166808529448156
321,-1,train,30,0.0469505920328928,0.2166808529448156,0.0469505920328928,0.2166808529448156
322,0,train,16,0.05596312311829141,0.23656526185873405,0.04634207786761953,0.21527210192595678
322,1,train,14,0.036721032616947646,0.19162732742734698,0.04634207786761953,0.21527210192595678
322,-1,train,30,0.04634207786761953,0.21527210192595678,0.04634207786761953,0.21527210192595678
323,0,train,16,0.056035153543630166,0.2367174550886144,0.04621222606918082,0.2149702911315441
323,1,train,14,0.03638929859473149,0.19075979291960737,0.04621222606918082,0.2149702911315441
323,-1,train,30,0.04621222606918082,0.2149702911315441,0.04621222606918082,0.2149702911315441
324,0,train,16,0.02791468261276189,0.1670768763556522,0.048086712289517254,0.21928682652981518
324,1,train,14,0.06825874196627262,0.26126374024397764,0.048086712289517254,0.21928682652981518
324,-1,train,30,0.048086712289517254,0.21928682652981518,0.048086712289517254,0.21928682652981518
325,0,train,16,0.04237770283428497,0.20585845339525158,0.046936749095336794,0.21664890744090262
325,1,train,14,0.05149579535638862,0.2269268502323791,0.046936749095336794,0.21664890744090262
325,-1,train,30,0.046936749095336794,0.21664890744090262,0.046936749095336794,0.21664890744090262
326,0,train,16,0.045430271081753903,0.2131437803027663,0.04659363643495923,0.21585559162310164
326,1,train,14,0.047757001788164555,0.21853375434510008,0.04659363643495923,0.21585559162310164
326,-1,train,30,0.04659363643495923,0.21585559162310164,0.04659363643495923,0.21585559162310164
327,0,train,16,0.036385226574282066,0.19074911945873319,0.04712539889012443,0.21708385220951934
327,1,train,14,0.05786557120596679,0.24055263707963542,0.04712539889012443,0.21708385220951934
327,-1,train,30,0.04712539889012443,0.21708385220951934,0.04712539889012443,0.21708385220951934
328,0,train,16,0.028649147118164933,0.1692605893826585,0.04756363324441837,0.21809088299243132
328,1,train,14,0.0664781193706718,0.25783351095362256,0.04756363324441837,0.21809088299243132
328,-1,train,30,0.04756363324441837,0.21809088299243132,0.04756363324441837,0.21809088299243132
329,0,train,16,0.021636836891470602,0.14709465283099382,0.04795276515740736,0.21898119818241785
329,1,train,14,0.07426869342334412,0.2725228310130073,0.04795276515740736,0.21898119818241785
329,-1,train,30,0.04795276515740736,0.21898119818241785,0.04795276515740736,0.21898119818241785
330,0,train,16,0.040952855892138186,0.2023681197524407,0.04646906481914377,0.215566845361581
330,1,train,14,0.05198527374614935,0.22800279328584847,0.04646906481914377,0.215566845361581
330,-1,train,30,0.04646906481914377,0.215566845361581,0.04646906481914377,0.215566845361581
331,0,train,16,0.04932759587202636,0.22209816719645925,0.04576342307108788,0.2139238721393381
331,1,train,14,0.042199250270149403,0.20542456101973153,0.04576342307108788,0.2139238721393381
331,-1,train,30,0.04576342307108788,0.2139238721393381,0.04576342307108788,0.2139238721393381
332,0,train,16,0.04700076555804734,0.21679659950757377,0.04582478049661706,0.21406723358939608
332,1,train,14,0.04464879543518678,0.2113026157793291,0.04582478049661706,0.21406723358939608
332,-1,train,30,0.04582478049661706,0.21406723358939608,0.04582478049661706,0.21406723358939608
333,0,train,16,0.0405248110197377,0.20130775201103832,0.04618264376872322,0.21490147456153766
333,1,train,14,0.05184047651770873,0.22768503797506925,0.04618264376872322,0.21490147456153766
333,-1,train,30,0.04618264376872322,0.21490147456153766,0.04618264376872322,0.21490147456153766
334,0,train,16,0.024986007568536094,0.1580696288618914,0.047193270716180964,0.21724012225226944
334,1,train,14,0.06940053386382583,0.2634398107041262,0.047193270716180964,0.21724012225226944
334,-1,train,30,0.047193270716180964,0.21724012225226944,0.047193270716180964,0.21724012225226944
335,0,train,16,0.05776820398953775,0.24035016952259,0.04476335381145575,0.21157351869138952
335,1,train,14,0.03175850363337375,0.17820915698519466,0.04476335381145575,0.21157351869138952
335,-1,train,30,0.04476335381145575,0.21157351869138952,0.04476335381145575,0.21157351869138952
336,0,train,16,0.04494132714974707,0.21199369601416707,0.0455785208763647,0.21349126651075145
336,1,train,14,0.046215714602982336,0.21497840496892318,0.0455785208763647,0.21349126651075145
336,-1,train,30,0.0455785208763647,0.21349126651075145,0.0455785208763647,0.21349126651075145
337,0,train,16,0.06930026034001034,0.2632494260962602,0.043752619464708556,0.2091712682581156
337,1,train,14,0.018204978589406777,0.1349258262505988,0.043752619464708556,0.2091712682581156
337,-1,train,30,0.043752619464708556,0.2091712682581156,0.043752619464708556,0.2091712682581156
338,0,train,16,0.041302756830581655,0.20323079695405827,0.045653125110470164,0.21366591939396926
338,1,train,14,0.050003493390358665,0.2236146090718553,0.045653125110470164,0.21366591939396926
338,-1,train,30,0.045653125110470164,0.21366591939396926,0.045653125110470164,0.21366591939396926
339,0,train,16,0.049616807758705694,0.22274830584923805,0.04497178953854128,0.21206553123631686
339,1,train,14,0.040326771318376864,0.2008152666466792,0.04497178953854128,0.21206553123631686
339,-1,train,30,0.04497178953854128,0.21206553123631686,0.04497178953854128,0.21206553123631686
340,0,train,16,0.03672612257252124,0.19164060783800818,0.04580478264768257,0.21402051922113116
340,1,train,14,0.0548834427228439,0.23427215524437364,0.04580478264768257,0.21402051922113116
340,-1,train,30,0.04580478264768257,0.21402051922113116,0.04580478264768257,0.21402051922113116
341,0,train,16,0.02519752839016412,0.15873729363373976,0.04654370223790588,0.21573989486857983
341,1,train,14,0.06788987608564764,0.26055685768301634,0.04654370223790588,0.21573989486857983
341,-1,train,30,0.04654370223790588,0.21573989486857983,0.04654370223790588,0.21573989486857983
342,0,train,16,0.06238488242923898,0.2497696587442898,0.04381736496930572,0.20932597776985473
342,1,train,14,0.025249847509372453,0.15890200599543247,0.04381736496930572,0.20932597776985473
342,-1,train,30,0.04381736496930572,0.20932597776985473,0.04381736496930572,0.20932597776985473
343,0,train,16,0.04825194163653632,0.2196632459847034,0.04473369579386961,0.2115034179247929
343,1,train,14,0.041215449951202895,0.20301588595773212,0.04473369579386961,0.2115034179247929
343,-1,train,30,0.04473369579386961,0.2115034179247929,0.04473369579386961,0.2115034179247929
344,0,train,16,0.03978648924889808,0.19946550892045992,0.045258610010174005,0.2127407107494332
344,1,train,14,0.050730730771449926,0.22523483472023134,0.045258610010174005,0.2127407107494332
344,-1,train,30,0.045258610010174005,0.2127407107494332,0.045258610010174005,0.2127407107494332
345,0,train,16,0.04483117497614242,0.2117337360368971,0.044824569147608684,0.21171813608571347
345,1,train,14,0.04481796331907494,0.21170253498499952,0.044824569147608684,0.21171813608571347
345,-1,train,30,0.044824569147608684,0.21171813608571347,0.044824569147608684,0.21171813608571347
346,0,train,16,0.04062423457424744,0.20155454491091845,0.045044844481801835,0.2122377074928059
346,1,train,14,0.04946545438935622,0.22240830557637956,0.045044844481801835,0.2122377074928059
346,-1,train,30,0.045044844481801835,0.2122377074928059,0.045044844481801835,0.2122377074928059
347,0,train,16,0.05097014019228885,0.22576567540768647,0.04423250642398073,0.2103152548532339
347,1,train,14,0.03749487265567262,0.19363592811168237,0.04423250642398073,0.2103152548532339
347,-1,train,30,0.04423250642398073,0.2103152548532339,0.04423250642398073,0.2103152548532339
348,0,train,16,0.05402173433204885,0.23242576090452807,0.04394232756726435,0.2096242532897001
348,1,train,14,0.033862920802479844,0.18401880556747413,0.04394232756726435,0.2096242532897001
348,-1,train,30,0.04394232756726435,0.2096242532897001,0.04394232756726435,0.2096242532897001
349,0,train,16,0.04070646343202134,0.20175842840392402,0.04481872222284626,0.2117043273597549
349,1,train,14,0.04893098101367119,0.2212034832765325,0.04481872222284626,0.2117043273597549
349,-1,train,30,0.04481872222284626,0.2117043273597549,0.04481872222284626,0.2117043273597549
350,0,train,16,0.053878218269633155,0.23211682030743302,0.043810767395093805,0.2093102180857251
350,1,train,14,0.033743316520554456,0.18369353968105262,0.043810767395093805,0.2093102180857251
350,-1,train,30,0.043810767395093805,0.2093102180857251,0.043810767395093805,0.2093102180857251
351,0,train,16,0.041439856800073095,0.20356781867493962,0.0446289763198243,0.21125571310576266
351,1,train,14,0.047818095839575504,0.21867349139659226,0.0446289763198243,0.21125571310576266
351,-1,train,30,0.0446289763198243,0.21125571310576266,0.0446289763198243,0.21125571310576266
352,0,train,16,0.046891858578316736,0.21654528066507645,0.04417152229839824,0.21017022219714723
352,1,train,14,0.04145118601847975,0.20359564341723954,0.04417152229839824,0.21017022219714723
352,-1,train,30,0.04417152229839824,0.21017022219714723,0.04417152229839824,0.21017022219714723
353,0,train,16,0.04891702446200996,0.2211719341643735,0.04396323224181427,0.20967410961254673
353,1,train,14,0.03900944002161857,0.1975080758389858,0.04396323224181427,0.20967410961254673
353,-1,train,30,0.04396323224181427,0.20967410961254673,0.04396323224181427,0.20967410961254673
354,0,train,16,0.041505596363761284,0.2037292231462175,0.04442465298235651,0.21077156587727033
354,1,train,14,0.047343709600951744,0.21758609698450807,0.04442465298235651,0.21077156587727033
354,-1,train,30,0.04442465298235651,0.21077156587727033,0.04442465298235651,0.21077156587727033
355,0,train,16,0.07215934893571786,0.2686249224024418,0.04219000249799601,0.20540205086122196
355,1,train,14,0.012220656060274152,0.11054707621766463,0.04219000249799601,0.20540205086122196
355,-1,train,30,0.04219000249799601,0.20540205086122196,0.04219000249799601,0.20540205086122196
356,0,train,16,0.04600262986981251,0.21448223672325992,0.04397707531055266,0.20970711793010904
356,1,train,14,0.0419515207512928,0.20482070391269727,0.04397707531055266,0.20970711793010904
356,-1,train,30,0.04397707531055266,0.20970711793010904,0.04397707531055266,0.20970711793010904
357,0,train,16,0.03939032784854111,0.19846996711981665,0.044387444248810325,0.21068327947136745
357,1,train,14,0.04938456064907954,0.22222637253278366,0.044387444248810325,0.21068327947136745
357,-1,train,30,0.044387444248810325,0.21068327947136745,0.044387444248810325,0.21068327947136745
358,0,train,16,0.03522278545835326,0.18767734401987166,0.044625009669490734,0.2112463246295441
358,1,train,14,0.0540272338806282,0.23243759136729197,0.044625009669490734,0.2112463246295441
358,-1,train,30,0.044625009669490734,0.2112463246295441,0.044625009669490734,0.2112463246295441
359,0,train,16,0.05609598254697854,0.2368459046447258,0.04308364793457272,0.20756600862032473
359,1,train,14,0.0300713133221669,0.17341082239055006,0.04308364793457272,0.20756600862032473
359,-1,train,30,0.04308364793457272,0.20756600862032473,0.04308364793457272,0.20756600862032473
360,0,train,16,0.015956512597214752,0.1263190903910203,0.045885323573391014,0.2142085982713836
360,1,train,14,0.07581413454956727,0.2753436662601253,0.045885323573391014,0.2142085982713836
360,-1,train,30,0.045885323573391014,0.2142085982713836,0.045885323573391014,0.2142085982713836
361,0,train,16,0.054110343529806315,0.23261630108357909,0.04310441153588926,0.20761601945873362
361,1,train,14,0.0320984795419722,0.17916048543686244,0.04310441153588926,0.20761601945873362
361,-1,train,30,0.04310441153588926,0.20761601945873362,0.04310441153588926,0.20761601945873362
362,0,train,16,0.04705435377624395,0.21692015530200034,0.043551057041384345,0.20868890013938055
362,1,train,14,0.04004776030652474,0.2001193651462165,0.043551057041384345,0.20868890013938055
362,-1,train,30,0.043551057041384345,0.20868890013938055,0.043551057041384345,0.20868890013938055
363,0,train,16,0.03904367519951792,0.19759472462471744,0.044066603140526184,0.20992046860781868
363,1,train,14,0.049089531081534445,0.22156157401845303,0.044066603140526184,0.20992046860781868
363,-1,train,30,0.044066603140526184,0.20992046860781868,0.044066603140526184,0.20992046860781868
364,0,train,16,0.05194590636653628,0.22791644602032624,0.0430903465109877,0.2075821440080714
364,1,train,14,0.03423478665543912,0.1850264485294984,0.0430903465109877,0.2075821440080714
364,-1,train,30,0.0430903465109877,0.2075821440080714,0.0430903465109877,0.2075821440080714
365,0,train,16,0.028396702531587003,0.1685132117419492,0.04471635669329765,0.21146242383292982
365,1,train,14,0.061036010855008295,0.2470546717935289,0.04471635669329765,0.21146242383292982
365,-1,train,30,0.04471635669329765,0.21146242383292982,0.04471635669329765,0.21146242383292982
366,0,train,16,0.03618190334367293,0.19021541300239825,0.04410804254643261,0.2100191480471069
366,1,train,14,0.052034181749192276,0.2281100211503043,0.04410804254643261,0.2100191480471069
366,-1,train,30,0.04410804254643261,0.2100191480471069,0.04410804254643261,0.2100191480471069
367,0,train,16,0.054296136628727176,0.2330153141506523,0.042763432138259214,0.20679321105456827
367,1,train,14,0.031230727647791244,0.17672217644594365,0.042763432138259214,0.20679321105456827
367,-1,train,30,0.042763432138259214,0.20679321105456827,0.042763432138259214,0.20679321105456827
368,0,train,16,0.0233587572387359,0.1528357197736704,0.044918067170006334,0.21193882883984788
368,1,train,14,0.06647737710127677,0.25783207151414805,0.044918067170006334,0.21193882883984788
368,-1,train,30,0.044918067170006334,0.21193882883984788,0.044918067170006334,0.21193882883984788
369,0,train,16,0.04278822817917225,0.20685315607737836,0.043482342776295424,0.20852420189583612
369,1,train,14,0.04417645737341859,0.2101819625310854,0.043482342776295424,0.20852420189583612
369,-1,train,30,0.043482342776295424,0.20852420189583612,0.043482342776295424,0.20852420189583612
370,0,train,16,0.034578303662719106,0.1859524231160194,0.0440160587977798,0.20980004479927977
370,1,train,14,0.05345381393284049,0.23120080867687398,0.0440160587977798,0.20980004479927977
370,-1,train,30,0.0440160587977798,0.20980004479927977,0.0440160587977798,0.20980004479927977
371,0,train,16,0.024034464449971177,0.15503052747756224,0.0447195294136436,0.2114699255535964
371,1,train,14,0.06540459437731602,0.2557432196116175,0.0447195294136436,0.2114699255535964
371,-1,train,30,0.0447195294136436,0.2114699255535964,0.0447195294136436,0.2114699255535964
372,0,train,16,0.033797205702319345,0.1838401634635896,0.04397317575240914,0.20969782009455687
372,1,train,14,0.05414914580249893,0.23269969016416617,0.04397317575240914,0.20969782009455687
372,-1,train,30,0.04397317575240914,0.20969782009455687,0.04397317575240914,0.20969782009455687
373,0,train,16,0.046151003184306615,0.2148278454584196,0.04304483143305557,0.2074724835563877
373,1,train,14,0.03993865968180453,0.19984659036822353,0.04304483143305557,0.2074724835563877
373,-1,train,30,0.04304483143305557,0.2074724835563877,0.04304483143305557,0.2074724835563877
374,0,train,16,0.07102237186799164,0.2665002286452896,0.041237322176289455,0.20306974707299327
374,1,train,14,0.011452272484587269,0.1070152908914762,0.041237322176289455,0.20306974707299327
374,-1,train,30,0.041237322176289455,0.20306974707299327,0.041237322176289455,0.20306974707299327
375,0,train,16,0.05268308676189872,0.22952796509771684,0.04248173025102641,0.20611096586796737
375,1,train,14,0.0322803737401541,0.17966739754377836,0.04248173025102641,0.20611096586796737
375,-1,train,30,0.04248173025102641,0.20611096586796737,0.04248173025102641,0.20611096586796737
376,0,train,16,0.04847121536776774,0.2201617936149861,0.04273704865410975,0.20672940926271172
376,1,train,14,0.037002881940451766,0.19236133171833616,0.04273704865410975,0.20672940926271172
376,-1,train,30,0.04273704865410975,0.20672940926271172,0.04273704865410975,0.20672940926271172
377,0,train,16,0.038419447800964186,0.19600879521328676,0.04340641159714578,0.2083420543172832
377,1,train,14,0.04839337539332738,0.21998494356052503,0.04340641159714578,0.2083420543172832
377,-1,train,30,0.04340641159714578,0.2083420543172832,0.04340641159714578,0.2083420543172832
378,0,train,16,0.03890548518620027,0.19724473424200775,0.04332826568708556,0.20815442749815716
378,1,train,14,0.04775104618797086,0.2185201276495391,0.04332826568708556,0.20815442749815716
378,-1,train,30,0.04332826568708556,0.20815442749815716,0.04332826568708556,0.20815442749815716
379,0,train,16,0.05323320461512022,0.2307232207973879,0.04226312324051382,0.2055799679942426
379,1,train,14,0.03129304186590742,0.17689839418691009,0.04226312324051382,0.2055799679942426
379,-1,train,30,0.04226312324051382,0.2055799679942426,0.04226312324051382,0.2055799679942426
380,0,train,16,0.05121459020785566,0.22630640779230193,0.0423610676211058,0.20581804493558334
380,1,train,14,0.03350754503435594,0.18305066247997012,0.0423610676211058,0.20581804493558334
380,-1,train,30,0.0423610676211058,0.20581804493558334,0.0423610676211058,0.20581804493558334
381,0,train,16,0.05397203171962739,0.23231881482055514,0.042119207515690774,0.2052296458012116
381,1,train,14,0.03026638331175415,0.1739723636436378,0.042119207515690774,0.2052296458012116
381,-1,train,30,0.042119207515690774,0.2052296458012116,0.042119207515690774,0.2052296458012116
382,0,train,16,0.050995540520902466,0.22582192214420296,0.04228863316001976,0.2056420024217323
382,1,train,14,0.033581725799137055,0.18325317404928368,0.04228863316001976,0.2056420024217323
382,-1,train,30,0.04228863316001976,0.2056420024217323,0.04228863316001976,0.2056420024217323
383,0,train,16,0.04874944278286183,0.2207927598062532,0.042405265288409315,0.2059253876733253
383,1,train,14,0.0360610877939568,0.18989757184850153,0.042405265288409315,0.2059253876733253
383,-1,train,30,0.042405265288409315,0.2059253876733253,0.042405265288409315,0.2059253876733253
384,0,train,16,0.06100233823327326,0.24698651427410617,0.04149386038448183,0.20370041822363014
384,1,train,14,0.021985382535690406,0.14827468609203126,0.04149386038448183,0.20370041822363014
384,-1,train,30,0.04149386038448183,0.20370041822363014,0.04149386038448183,0.20370041822363014
385,0,train,16,0.04237543459590829,0.2058529441030861,0.042775210780543756,0.206821688370789
385,1,train,14,0.04317498696517922,0.20778591618581665,0.042775210780543756,0.206821688370789
385,-1,train,30,0.042775210780543756,0.206821688370789,0.042775210780543756,0.206821688370789
386,0,train,16,0.010647030358121826,0.10318444823771568,0.04500684888080373,0.212148176708648
386,1,train,14,0.07936666740348564,0.2817209033839797,0.04500684888080373,0.212148176708648
386,-1,train,30,0.04500684888080373,0.212148176708648,0.04500684888080373,0.212148176708648
387,0,train,16,0.06641952040796063,0.25771984868837833,0.040986490923743735,0.2024512062788062
387,1,train,14,0.015553461439526836,0.1247135174691454,0.040986490923743735,0.2024512062788062
387,-1,train,30,0.040986490923743735,0.2024512062788062,0.040986490923743735,0.2024512062788062
388,0,train,16,0.06497433113983382,0.25490062993220286,0.041043228471786056,0.2025912842937377
388,1,train,14,0.017112125803738294,0.13081332425918352,0.041043228471786056,0.2025912842937377
388,-1,train,30,0.041043228471786056,0.2025912842937377,0.041043228471786056,0.2025912842937377
389,0,train,16,0.05789692548299461,0.24061779959719234,0.041505465878805894,0.2037289029048306
389,1,train,14,0.02511400627461717,0.1584739924234168,0.041505465878805894,0.2037289029048306
389,-1,train,30,0.041505465878805894,0.2037289029048306,0.041505465878805894,0.2037289029048306
390,0,train,16,0.020616940575516825,0.14358600410735312,0.044127424079413,0.21006528527915555
390,1,train,14,0.06763790758330918,0.26007288898174136,0.044127424079413,0.21006528527915555
390,-1,train,30,0.044127424079413,0.21006528527915555,0.044127424079413,0.21006528527915555
391,0,train,16,0.031265146862230114,0.17681953190253083,0.0433227572412722,0.20814119544499643
391,1,train,14,0.05538036762031428,0.23533033722899876,0.0433227572412722,0.20814119544499643
391,-1,train,30,0.0433227572412722,0.20814119544499643,0.0433227572412722,0.20814119544499643
392,0,train,16,0.045839451638079336,0.21410149844893506,0.04224322962605072,0.20553157817243248
392,1,train,14,0.0386470076140221,0.19658842187174225,0.04224322962605072,0.20553157817243248
392,-1,train,30,0.04224322962605072,0.20553157817243248,0.04224322962605072,0.20553157817243248
393,0,train,16,0.06270507805479009,0.25040982020438035,0.04100706004012467,0.20250200008919583
393,1,train,14,0.01930904202545926,0.13895697904552784,0.04100706004012467,0.20250200008919583
393,-1,train,30,0.04100706004012467,0.20250200008919583,0.04100706004012467,0.20250200008919583
394,0,train,16,0.044079311605029294,0.20995073613833626,0.042289387326957015,0.20564383610251247
394,1,train,14,0.04049946304888474,0.2012447839047878,0.042289387326957015,0.20564383610251247
394,-1,train,30,0.042289387326957015,0.20564383610251247,0.042289387326957015,0.20564383610251247
395,0,train,16,0.01607122615242339,0.12677233985544084,0.04425526651038562,0.21036935734651474
395,1,train,14,0.07243930686834785,0.26914551244326523,0.04425526651038562,0.21036935734651474
395,-1,train,30,0.04425526651038562,0.21036935734651474,0.04425526651038562,0.21036935734651474
396,0,train,16,0.031091589027807166,0.17632807214906868,0.043138794156483175,0.20769880634342408
396,1,train,14,0.05518599928515919,0.23491700510001226,0.043138794156483175,0.20769880634342408
396,-1,train,30,0.043138794156483175,0.20769880634342408,0.043138794156483175,0.20769880634342408
397,0,train,16,0.046564435053102954,0.21578794000847906,0.041995856731943434,0.20492890653088314
397,1,train,14,0.037427278410783915,0.1934613098549266,0.041995856731943434,0.20492890653088314
397,-1,train,30,0.041995856731943434,0.20492890653088314,0.041995856731943434,0.20492890653088314
398,0,train,16,0.04656938834107446,0.21579941691551083,0.041957183363352565,0.20483452678528727
398,1,train,14,0.03734497838563068,0.1932484887020612,0.041957183363352565,0.20483452678528727
398,-1,train,30,0.041957183363352565,0.20483452678528727,0.041957183363352565,0.20483452678528727
399,0,train,16,0.04096292342709783,0.20239299253456833,0.04231743011087079,0.20571200769734077
399,1,train,14,0.04367193679464375,0.20897831656572352,0.04231743011087079,0.20571200769734077
399,-1,train,30,0.04231743011087079,0.20571200769734077,0.04231743011087079,0.20571200769734077
400,0,train,16,0.047167688921213015,0.21718123519589122,0.04183640133524154,0.20453948600512697
400,1,train,14,0.03650511374927007,0.1910631145702123,0.04183640133524154,0.20453948600512697
400,-1,train,30,0.04183640133524154,0.20453948600512697,0.04183640133524154,0.20453948600512697
401,0,train,16,0.062323936407018686,0.249647624477019,0.0407217394204086,0.2017962819786544
401,1,train,14,0.019119542433798504,0.13827343357926172,0.0407217394204086,0.2017962819786544
401,-1,train,30,0.0407217394204086,0.2017962819786544,0.0407217394204086,0.2017962819786544
402,0,train,16,0.03509473050066261,0.1873358761707501,0.04262074688909187,0.20644792779074309
402,1,train,14,0.050146763277521135,0.2239347299494233,0.04262074688909187,0.20644792779074309
402,-1,train,30,0.04262074688909187,0.20644792779074309,0.04262074688909187,0.20644792779074309
403,0,train,16,0.020020866760044238,0.14149511214188368,0.04366043618928131,0.20895079848921685
403,1,train,14,0.06730000561851839,0.2594224462503551,0.04366043618928131,0.20895079848921685
403,-1,train,30,0.04366043618928131,0.20895079848921685,0.04366043618928131,0.20895079848921685
404,0,train,16,0.049512040144536834,0.22251301118032812,0.041519515884025644,0.20376338209802478
404,1,train,14,0.033526991623514454,0.18310377282708964,0.041519515884025644,0.20376338209802478
404,-1,train,30,0.041519515884025644,0.20376338209802478,0.041519515884025644,0.20376338209802478
405,0,train,16,0.03055535421090615,0.17480089877030425,0.04283187715045779,0.20695863632730524
405,1,train,14,0.055108400090009425,0.23475178399750113,0.04283187715045779,0.20695863632730524
405,-1,train,30,0.04283187715045779,0.20695863632730524,0.04283187715045779,0.20695863632730524
406,0,train,16,0.02449166352273928,0.1564981262595156,0.04322904038062493,0.20791594546985792
406,1,train,14,0.06196641723851058,0.2489305470176583,0.04322904038062493,0.20791594546985792
406,-1,train,30,0.04322904038062493,0.20791594546985792,0.04322904038062493,0.20791594546985792
407,0,train,16,0.050147352484008346,0.22393604552194885,0.04136046279768582,0.20337271891206504
407,1,train,14,0.0325735731113633,0.18048150351590964,0.04136046279768582,0.20337271891206504
407,-1,train,30,0.04136046279768582,0.20337271891206504,0.04136046279768582,0.20337271891206504
408,0,train,16,0.0692115385695214,0.2630808593750625,0.03997985003175994,0.19994961873371986
408,1,train,14,0.010748161493998468,0.10367334032430164,0.03997985003175994,0.19994961873371986
408,-1,train,30,0.03997985003175994,0.19994961873371986,0.03997985003175994,0.19994961873371986
409,0,train,16,0.05270222613197054,0.22956965420536432,0.04110454565033743,0.20274256003695285
409,1,train,14,0.029506865168704308,0.17177562448934455,0.04110454565033743,0.20274256003695285
409,-1,train,30,0.04110454565033743,0.20274256003695285,0.04110454565033743,0.20274256003695285
410,0,train,16,0.056895042914861395,0.23852681802024148,0.040770368975796514,0.20191673773067084
410,1,train,14,0.02464569503673163,0.15698947428643625,0.040770368975796514,0.20191673773067084
410,-1,train,30,0.040770368975796514,0.20191673773067084,0.040770368975796514,0.20191673773067084
411,0,train,16,0.013389967934829968,0.11571502899290985,0.04383811105497062,0.2093755263992681
411,1,train,14,0.07428625417511127,0.27255504797216884,0.04383811105497062,0.2093755263992681
411,-1,train,30,0.04383811105497062,0.2093755263992681,0.04383811105497062,0.2093755263992681
412,0,train,16,0.023081925672025036,0.15192736972654083,0.04310832281186213,0.2076254387397222
412,1,train,14,0.06313471995169923,0.25126623321031266,0.04310832281186213,0.2076254387397222
412,-1,train,30,0.04310832281186213,0.2076254387397222,0.04310832281186213,0.2076254387397222
413,0,train,16,0.06844294146644958,0.2616160191319514,0.03984799376716044,0.19961962270067649
413,1,train,14,0.011253046067871291,0.10608037550777849,0.03984799376716044,0.19961962270067649
413,-1,train,30,0.03984799376716044,0.19961962270067649,0.03984799376716044,0.19961962270067649
414,0,train,16,0.02504316308641344,0.15825031780825413,0.04289501691546865,0.2071111221433283
414,1,train,14,0.06074687074452386,0.2464688027814552,0.04289501691546865,0.2071111221433283
414,-1,train,30,0.04289501691546865,0.2071111221433283,0.04289501691546865,0.2071111221433283
415,0,train,16,0.03848575468759697,0.19617786492771547,0.04190014693893698,0.20469525382611337
415,1,train,14,0.045314539190276996,0.21287211933524078,0.04190014693893698,0.20469525382611337
415,-1,train,30,0.04190014693893698,0.20469525382611337,0.04190014693893698,0.20469525382611337
416,0,train,16,0.041487691507212876,0.20368527562691632,0.04164925996060537,0.20408150322997273
416,1,train,14,0.04181082841399785,0.2044769630398443,0.04164925996060537,0.20408150322997273
416,-1,train,30,0.04164925996060537,0.20408150322997273,0.04164925996060537,0.20408150322997273
417,0,train,16,0.02678637913845563,0.163665448823066,0.04266213599613894,0.20654814449938527
417,1,train,14,0.05853789285382225,0.2419460536024968,0.04266213599613894,0.20654814449938527
417,-1,train,30,0.04266213599613894,0.20654814449938527,0.04266213599613894,0.20654814449938527
418,0,train,16,0.0371704140988613,0.19279630208813991,0.041885480240487404,0.20465942499793993
418,1,train,14,0.04660054638211351,0.21587159697865188,0.041885480240487404,0.20465942499793993
418,-1,train,30,0.041885480240487404,0.20465942499793993,0.041885480240487404,0.20465942499793993
419,0,train,16,0.05661403169215567,0.2379370330405834,0.04046595144764645,0.20116150587934672
419,1,train,14,0.02431787120313722,0.15594188405664855,0.04046595144764645,0.20116150587934672
419,-1,train,30,0.04046595144764645,0.20116150587934672,0.04046595144764645,0.20116150587934672
420,0,train,16,0.02210402333911764,0.14867421881119014,0.04288795843135788,0.20709408111135835
420,1,train,14,0.06367189352359812,0.25233290218201454,0.04288795843135788,0.20709408111135835
420,-1,train,30,0.04288795843135788,0.20709408111135835,0.04288795843135788,0.20709408111135835
421,0,train,16,0.030843328388591173,0.17562268756795396,0.0422328894239539,0.20550642185575102
421,1,train,14,0.05362245045931663,0.23156521858715445,0.0422328894239539,0.20550642185575102
421,-1,train,30,0.0422328894239539,0.20550642185575102,0.0422328894239539,0.20550642185575102
422,0,train,16,0.03508653018938283,0.18731398823735196,0.041890411355975626,0.2046714717687241
422,1,train,14,0.048694292522568426,0.2206678330037444,0.041890411355975626,0.2046714717687241
422,-1,train,30,0.041890411355975626,0.2046714717687241,0.041890411355975626,0.2046714717687241
423,0,train,16,0.042410490859981755,0.2059380753041597,0.04133231386841309,0.20330350185969026
423,1,train,14,0.040254136876844426,0.20063433623596044,0.04133231386841309,0.20330350185969026
423,-1,train,30,0.04133231386841309,0.20330350185969026,0.04133231386841309,0.20330350185969026
424,0,train,16,0.047587965070826126,0.2181466595454217,0.04093210281974985,0.20231683770697348
424,1,train,14,0.03427624056867357,0.18513843622725557,0.04093210281974985,0.20231683770697348
424,-1,train,30,0.04093210281974985,0.20231683770697348,0.04093210281974985,0.20231683770697348
425,0,train,16,0.028647210409550816,0.16925486820044738,0.042241373065296475,0.20552706163738263
425,1,train,14,0.05583553572104213,0.2362954416002182,0.042241373065296475,0.20552706163738263
425,-1,train,30,0.042241373065296475,0.20552706163738263,0.042241373065296475,0.20552706163738263
426,0,train,16,0.02985021814473451,0.17277215674041496,0.042120842472163626,0.20523362899915704
426,1,train,14,0.05439146679959274,0.23321978217894113,0.042120842472163626,0.20523362899915704
426,-1,train,30,0.042120842472163626,0.20523362899915704,0.042120842472163626,0.20523362899915704
427,0,train,16,0.052423335828866525,0.2289614286924034,0.040477322943402824,0.20118976848588208
427,1,train,14,0.028531310057939126,0.1689121370948196,0.040477322943402824,0.20118976848588208
427,-1,train,30,0.040477322943402824,0.20118976848588208,0.040477322943402824,0.20118976848588208
428,0,train,16,0.06449760034197248,0.25396377761793604,0.03958417345443805,0.1989577177554016
428,1,train,14,0.014670746566903623,0.12112285732636768,0.03958417345443805,0.1989577177554016
428,-1,train,30,0.03958417345443805,0.1989577177554016,0.03958417345443805,0.1989577177554016
429,0,train,16,0.041803094846003024,0.20445805155582164,0.04116052815597381,0.20288057609336044
429,1,train,14,0.0405179614659446,0.2012907386492101,0.04116052815597381,0.20288057609336044
429,-1,train,30,0.04116052815597381,0.20288057609336044,0.04116052815597381,0.20288057609336044
430,0,train,16,0.04481610515157113,0.21169814631113598,0.04090937153949427,0.20226065247470718
430,1,train,14,0.03700263792741741,0.1923606974603113,0.04090937153949427,0.20226065247470718
430,-1,train,30,0.04090937153949427,0.20226065247470718,0.04090937153949427,0.20226065247470718
431,0,train,16,0.0244566810327968,0.1563863198390345,0.042328886455952154,0.2057398514045156
431,1,train,14,0.06020109187910751,0.24535910800112457,0.042328886455952154,0.2057398514045156
431,-1,train,30,0.042328886455952154,0.2057398514045156,0.042328886455952154,0.2057398514045156
432,0,train,16,0.04403403814631308,0.20984288919644878,0.04089457113399223,0.20222406170876955
432,1,train,14,0.037755104121671386,0.19430672690792614,0.04089457113399223,0.20222406170876955
432,-1,train,30,0.04089457113399223,0.20222406170876955,0.04089457113399223,0.20222406170876955
433,0,train,16,0.04093672046015621,0.2023282492885168,0.041079458949599634,0.20268068223094088
433,1,train,14,0.041222197439043054,0.203032503405349,0.041079458949599634,0.20268068223094088
433,-1,train,30,0.041079458949599634,0.20268068223094088,0.041079458949599634,0.20268068223094088
434,0,train,16,0.03841402823717146,0.1959949699282394,0.04122530518555829,0.20304015658376126
434,1,train,14,0.04403658213394512,0.20984895075731286,0.04122530518555829,0.20304015658376126
434,-1,train,30,0.04122530518555829,0.20304015658376126,0.04122530518555829,0.20304015658376126
435,0,train,16,0.039936636069428384,0.1998415273896504,0.041079967305471685,0.20268193630778172
435,1,train,14,0.04222329854151498,0.20548308577962074,0.041079967305471685,0.20268193630778172
435,-1,train,30,0.041079967305471685,0.20268193630778172,0.041079967305471685,0.20268193630778172
436,0,train,16,0.033382032895930676,0.18270750640280403,0.04151250032248334,0.20374616639947693
436,1,train,14,0.049642967749036,0.22280701907488462,0.04151250032248334,0.20374616639947693
436,-1,train,30,0.04151250032248334,0.20374616639947693,0.04151250032248334,0.20374616639947693
437,0,train,16,0.059599034441271743,0.24412913476533632,0.039612049182889054,0.19902775982985152
437,1,train,14,0.01962506392450637,0.14008948541738017,0.039612049182889054,0.19902775982985152
437,-1,train,30,0.039612049182889054,0.19902775982985152,0.039612049182889054,0.19902775982985152
438,0,train,16,0.0453203305759225,0.2128857218695573,0.040589037781969754,0.20146721267235956
438,1,train,14,0.035857744988017005,0.18936141367241904,0.040589037781969754,0.20146721267235956
438,-1,train,30,0.040589037781969754,0.20146721267235956,0.040589037781969754,0.20146721267235956
439,0,train,16,0.032594624427757665,0.18053981396843652,0.0414603626942016,0.20361817869287016
439,1,train,14,0.050326100960645534,0.22433479658903907,0.0414603626942016,0.20361817869287016
439,-1,train,30,0.0414603626942016,0.20361817869287016,0.0414603626942016,0.20361817869287016
440,0,train,16,0.015368157478105179,0.12396837289448136,0.04265936754778856,0.2065414426883587
440,1,train,14,0.06995057761747195,0.26448171509099067,0.04265936754778856,0.2065414426883587
440,-1,train,30,0.04265936754778856,0.2065414426883587,0.04265936754778856,0.2065414426883587
441,0,train,16,0.03237806281615838,0.17993905306008026,0.04140480272234459,0.20348170119778483
441,1,train,14,0.05043154262853079,0.22456968323558457,0.04140480272234459,0.20348170119778483
441,-1,train,30,0.04140480272234459,0.20348170119778483,0.04140480272234459,0.20348170119778483
442,0,train,16,0.03488573000054007,0.18677722023988919,0.04118997083561789,0.20295312472494206
442,1,train,14,0.0474942116706957,0.21793166743430314,0.04118997083561789,0.20295312472494206
442,-1,train,30,0.04118997083561789,0.20295312472494206,0.04118997083561789,0.20295312472494206
443,0,train,16,0.05469554189066505,0.23387078032679723,0.039744524456669234,0.19936028806326808
443,1,train,14,0.024793507022673425,0.15745954090709596,0.039744524456669234,0.19936028806326808
443,-1,train,30,0.039744524456669234,0.19936028806326808,0.039744524456669234,0.19936028806326808
444,0,train,16,0.03626145759412005,0.19042441438565605,0.041019667865929296,0.20253312782339905
444,1,train,14,0.04577787813773854,0.21395765501084213,0.041019667865929296,0.20253312782339905
444,-1,train,30,0.041019667865929296,0.20253312782339905,0.041019667865929296,0.20253312782339905
445,0,train,16,0.03071123741934689,0.17524621941527552,0.04138182388696329,0.20342522922922637
445,1,train,14,0.05205241035457969,0.2281499733828161,0.04138182388696329,0.20342522922922637
445,-1,train,30,0.04138182388696329,0.20342522922922637,0.04138182388696329,0.20342522922922637
446,0,train,16,0.03519300456781215,0.1875979865771809,0.04102672804475386,0.20255055676238923
446,1,train,14,0.046860451521695566,0.2164727500672904,0.04102672804475386,0.20255055676238923
446,-1,train,30,0.04102672804475386,0.20255055676238923,0.04102672804475386,0.20255055676238923
447,0,train,16,0.03315238345984495,0.18207795984095645,0.041135263959865956,0.2028183028226643
447,1,train,14,0.04911814445988697,0.22162613668041722,0.041135263959865956,0.2028183028226643
447,-1,train,30,0.041135263959865956,0.2028183028226643,0.041135263959865956,0.2028183028226643
448,0,train,16,0.009530592470629953,0.09762475337039245,0.04278715969052097,0.20685057333863247
448,1,train,14,0.07604372691041199,0.2757602707251572,0.04278715969052097,0.20685057333863247
448,-1,train,30,0.04278715969052097,0.20685057333863247,0.04278715969052097,0.20685057333863247
449,0,train,16,0.04331125111841091,0.20811355342315144,0.0403375802070344,0.2008421773608183
449,1,train,14,0.03736390929565789,0.1932974632416522,0.0403375802070344,0.2008421773608183
449,-1,train,30,0.0403375802070344,0.2008421773608183,0.0403375802070344,0.2008421773608183
450,0,train,16,0.048293734783186354,0.21975835543429595,0.039947827426249916,0.19986952600696764
450,1,train,14,0.03160192006931347,0.17776928888116042,0.039947827426249916,0.19986952600696764
450,-1,train,30,0.039947827426249916,0.19986952600696764,0.039947827426249916,0.19986952600696764
451,0,train,16,0.04037904202461915,0.20094537074692503,0.04047347047915076,0.20118019405287083
451,1,train,14,0.04056789893368236,0.20141474358567288,0.04047347047915076,0.20118019405287083
451,-1,train,30,0.04047347047915076,0.20118019405287083,0.04047347047915076,0.20118019405287083
452,0,train,16,0.030288906405487964,0.17403708342042498,0.04115789917790967,0.20287409686283184
452,1,train,14,0.052026891950331375,0.2280940419001149,0.04115789917790967,0.20287409686283184
452,-1,train,30,0.04115789917790967,0.20287409686283184,0.04115789917790967,0.20287409686283184
453,0,train,16,0.05429420930532224,0.23301117849863393,0.03941041352371639,0.19852056196705767
453,1,train,14,0.02452661774211053,0.15660976260153942,0.03941041352371639,0.19852056196705767
453,-1,train,30,0.03941041352371639,0.19852056196705767,0.03941041352371639,0.19852056196705767
454,0,train,16,0.04742809650262109,0.21777992676695684,0.03986414135332203,0.19966006449293267
454,1,train,14,0.032300186204022974,0.179722525588817,0.03986414135332203,0.19966006449293267
454,-1,train,30,0.03986414135332203,0.19966006449293267,0.03986414135332203,0.19966006449293267
455,0,train,16,0.04447446156335636,0.21088969050988804,0.04003701590025851,0.20009251835153286
455,1,train,14,0.035599570237160656,0.18867848376844842,0.04003701590025851,0.20009251835153286
455,-1,train,30,0.04003701590025851,0.20009251835153286,0.04003701590025851,0.20009251835153286
456,0,train,16,0.05446246594794014,0.23337194764568456,0.03928860157126188,0.1982135251976057
456,1,train,14,0.02411473719458361,0.15528920501626509,0.03928860157126188,0.1982135251976057
456,-1,train,30,0.03928860157126188,0.1982135251976057,0.03928860157126188,0.1982135251976057
457,0,train,16,0.049613313662464846,0.22274046256229435,0.039598264192675155,0.19899312599352562
457,1,train,14,0.02958321472288546,0.17199771720254156,0.039598264192675155,0.19899312599352562
457,-1,train,30,0.039598264192675155,0.19899312599352562,0.039598264192675155,0.19899312599352562
458,0,train,16,0.03561391535902136,0.18871649466599721,0.04055822899381798,0.20139073711027025
458,1,train,14,0.045502542628614605,0.21331325000715404,0.04055822899381798,0.20139073711027025
458,-1,train,30,0.04055822899381798,0.20139073711027025,0.04055822899381798,0.20139073711027025
459,0,train,16,0.032594600543540735,0.18053974782174903,0.040738268127532624,0.20183723176741358
459,1,train,14,0.048881935711524514,0.22109259533400144,0.040738268127532624,0.20183723176741358
459,-1,train,30,0.040738268127532624,0.20183723176741358,0.040738268127532624,0.20183723176741358
460,0,train,16,0.05142365895733974,0.22676785256587792,0.03936009010107415,0.1983937753586895
460,1,train,14,0.027296521244808563,0.1652165888910934,0.03936009010107415,0.1983937753586895
460,-1,train,30,0.03936009010107415,0.1983937753586895,0.03936009010107415,0.1983937753586895
461,0,train,16,0.05852742243327284,0.24192441471102671,0.038820557643955866,0.197029331938054
461,1,train,14,0.019113692854638892,0.1382522797448161,0.038820557643955866,0.197029331938054
461,-1,train,30,0.038820557643955866,0.197029331938054,0.038820557643955866,0.197029331938054
462,0,train,16,0.05639474071413664,0.2374757686883793,0.03893559801135796,0.19732105313766687
462,1,train,14,0.02147645530857928,0.146548474262202,0.03893559801135796,0.19732105313766687
462,-1,train,30,0.03893559801135796,0.19732105313766687,0.03893559801135796,0.19732105313766687
463,0,train,16,0.03187162713839411,0.17852626456181206,0.04064379695698716,0.20160306782632836
463,1,train,14,0.04941596677558021,0.22229702376680668,0.04064379695698716,0.20160306782632836
463,-1,train,30,0.04064379695698716,0.20160306782632836,0.04064379695698716,0.20160306782632836
464,0,train,16,0.04504683296495398,0.21224239200723774,0.03966941212876465,0.19917181559840402
464,1,train,14,0.03429199129257533,0.185180969034551,0.03966941212876465,0.19917181559840402
464,-1,train,30,0.03966941212876465,0.19917181559840402,0.03966941212876465,0.19917181559840402
465,0,train,16,0.040590120187307184,0.20146989896087997,0.039950541297869235,0.19987631499972486
465,1,train,14,0.039310962408431294,0.19826992310592975,0.039950541297869235,0.19987631499972486
465,-1,train,30,0.039950541297869235,0.19987631499972486,0.039950541297869235,0.19987631499972486
466,0,train,16,0.020802009625233233,0.14422901797222787,0.04132752179335143,0.20329171599785228
466,1,train,14,0.06185303396146963,0.24870270195852243,0.04132752179335143,0.20329171599785228
466,-1,train,30,0.04132752179335143,0.20329171599785228,0.04132752179335143,0.20329171599785228
467,0,train,16,0.05483239114437671,0.23416317204969853,0.038863551203494724,0.19713840621120665
467,1,train,14,0.02289471126261274,0.15130998401497747,0.038863551203494724,0.19713840621120665
467,-1,train,30,0.038863551203494724,0.19713840621120665,0.038863551203494724,0.19713840621120665
468,0,train,16,0.0472291348093388,0.21732265139496804,0.03936821752366933,0.1984142573598715
468,1,train,14,0.031507300237999844,0.17750295839224722,0.03936821752366933,0.1984142573598715
468,-1,train,30,0.03936821752366933,0.1984142573598715,0.03936821752366933,0.1984142573598715
469,0,train,16,0.0264882939909022,0.16275224726836246,0.04081286393076064,0.2020219392312643
469,1,train,14,0.05513743387061908,0.2348136151730114,0.04081286393076064,0.2020219392312643
469,-1,train,30,0.04081286393076064,0.2020219392312643,0.04081286393076064,0.2020219392312643
470,0,train,16,0.04593326717602827,0.2143204777337627,0.039388334615386045,0.19846494555811625
470,1,train,14,0.03284340205474382,0.18122748702871708,0.039388334615386045,0.19846494555811625
470,-1,train,30,0.039388334615386045,0.19846494555811625,0.039388334615386045,0.19846494555811625
471,0,train,16,0.047037612317800674,0.2168815628812202,0.03927396524441023,0.19817660115263414
471,1,train,14,0.031510318171019784,0.1775114592667746,0.03927396524441023,0.19817660115263414
471,-1,train,30,0.03927396524441023,0.19817660115263414,0.03927396524441023,0.19817660115263414
472,0,train,16,0.030433684394209442,0.17445252762344673,0.040422625557447564,0.20105378772221022
472,1,train,14,0.05041156672068568,0.22452520286303201,0.040422625557447564,0.20105378772221022
472,-1,train,30,0.040422625557447564,0.20105378772221022,0.040422625557447564,0.20105378772221022
473,0,train,16,0.05409394309935079,0.23258104630289803,0.038697798955050135,0.19671756137937998
473,1,train,14,0.02330165481074948,0.1526487956413331,0.038697798955050135,0.19671756137937998
473,-1,train,30,0.038697798955050135,0.19671756137937998,0.038697798955050135,0.19671756137937998
474,0,train,16,0.051951480788688435,0.22792867478377624,0.038813890446094235,0.1970124119087278
474,1,train,14,0.02567630010350004,0.16023826042334596,0.038813890446094235,0.1970124119087278
474,-1,train,30,0.038813890446094235,0.1970124119087278,0.038813890446094235,0.1970124119087278
475,0,train,16,0.03590731218515539,0.18949224835110112,0.03991947731038703,0.19979859186287333
475,1,train,14,0.04393164243561868,0.20959876534850744,0.03991947731038703,0.19979859186287333
475,-1,train,30,0.03991947731038703,0.19979859186287333,0.03991947731038703,0.19979859186287333
476,0,train,16,0.032041313032006656,0.1790008743889444,0.04015823120309579,0.20039518757469152
476,1,train,14,0.04827514937418492,0.21971606535295712,0.04015823120309579,0.20039518757469152
476,-1,train,30,0.04015823120309579,0.20039518757469152,0.04015823120309579,0.20039518757469152
477,0,train,16,0.04009811078939725,0.20024512675567724,0.03954751919737326,0.19886558072570845
477,1,train,14,0.03899692760534928,0.197476397590571,0.03954751919737326,0.19886558072570845
477,-1,train,30,0.03954751919737326,0.19886558072570845,0.03954751919737326,0.19886558072570845
478,0,train,16,0.022053595474904514,0.1485045301494352,0.040800104580653765,0.2019903576427691
478,1,train,14,0.05954661368640302,0.24402174838813656,0.040800104580653765,0.2019903576427691
478,-1,train,30,0.040800104580653765,0.2019903576427691,0.040800104580653765,0.2019903576427691
479,0,train,16,0.04230516354828385,0.20568219064441104,0.039314999791996194,0.1982801043776107
479,1,train,14,0.036324836035708546,0.19059075537839854,0.039314999791996194,0.1982801043776107
479,-1,train,30,0.039314999791996194,0.1982801043776107,0.039314999791996194,0.1982801043776107
480,0,train,16,0.03339709525846702,0.18274872163292147,0.03991418065743017,0.1997853364424681
480,1,train,14,0.046431266056393326,0.21547915457508487,0.03991418065743017,0.1997853364424681
480,-1,train,30,0.03991418065743017,0.1997853364424681,0.03991418065743017,0.1997853364424681
481,0,train,16,0.03848579485784862,0.1961779673099113,0.039512996017847815,0.19877876148584842
481,1,train,14,0.04054019717784701,0.20134596389758352,0.039512996017847815,0.19877876148584842
481,-1,train,30,0.039512996017847815,0.19877876148584842,0.039512996017847815,0.19877876148584842
482,0,train,16,0.04085071516975521,0.20211559853152158,0.03930799122128116,0.19826243018101328
482,1,train,14,0.0377652672728071,0.1943328774881057,0.03930799122128116,0.19826243018101328
482,-1,train,30,0.03930799122128116,0.19826243018101328,0.03930799122128116,0.19826243018101328
483,0,train,16,0.04348755235964394,0.20853669307736694,0.0390822880866115,0.1976924077616829
483,1,train,14,0.03467702381357907,0.1862176785742403,0.0390822880866115,0.1976924077616829
483,-1,train,30,0.0390822880866115,0.1976924077616829,0.0390822880866115,0.1976924077616829
484,0,train,16,0.048383363200575534,0.2199621858424205,0.03869601476149606,0.1967130264153751
484,1,train,14,0.029008666322416592,0.17031930695730474,0.03869601476149606,0.1967130264153751
484,-1,train,30,0.03869601476149606,0.1967130264153751,0.03869601476149606,0.1967130264153751
485,0,train,16,0.05396215126767869,0.23229754899197427,0.03826181215632687,0.19560626819283392
485,1,train,14,0.022561473044975043,0.15020477038022143,0.03826181215632687,0.19560626819283392
485,-1,train,30,0.03826181215632687,0.19560626819283392,0.03826181215632687,0.19560626819283392
486,0,train,16,0.015255858384050566,0.12351460797837058,0.0409869105725918,0.20245224269588075
486,1,train,14,0.06671796276113304,0.2582982051062938,0.0409869105725918,0.20245224269588075
486,-1,train,30,0.0409869105725918,0.20245224269588075,0.0409869105725918,0.20245224269588075
487,0,train,16,0.046794011189003136,0.2163192344406829,0.03869506421289465,0.19671061032108728
487,1,train,14,0.030596117236786152,0.17491745835332204,0.03869506421289465,0.19671061032108728
487,-1,train,30,0.03869506421289465,0.19671061032108728,0.03869506421289465,0.19671061032108728
488,0,train,16,0.03896514937875158,0.19739592037008158,0.03921468322340099,0.19802697599923347
488,1,train,14,0.039464217068050395,0.1986560270116424,0.03921468322340099,0.19802697599923347
488,-1,train,30,0.03921468322340099,0.19802697599923347,0.03921468322340099,0.19802697599923347
489,0,train,16,0.04616097412617221,0.21485105102412744,0.03866523883240185,0.19663478540787704
489,1,train,14,0.031169503538631498,0.17654887011428733,0.03866523883240185,0.19663478540787704
489,-1,train,30,0.03866523883240185,0.19663478540787704,0.03866523883240185,0.19663478540787704
490,0,train,16,0.06188889330796169,0.24877478430894417,0.03751202934430678,0.1936802244533674
490,1,train,14,0.013135165380651863,0.1146087491453068,0.03751202934430678,0.1936802244533674
490,-1,train,30,0.03751202934430678,0.1936802244533674,0.03751202934430678,0.1936802244533674
491,0,train,16,0.027315039674730267,0.16527262227825354,0.039932103772759776,0.1998301873410516
491,1,train,14,0.05254916787078929,0.22923605272903583,0.039932103772759776,0.1998301873410516
491,-1,train,30,0.039932103772759776,0.1998301873410516,0.039932103772759776,0.1998301873410516
492,0,train,16,0.03155545748551943,0.17763855855505986,0.039591424534068664,0.19897593958584206
492,1,train,14,0.047627391582617896,0.21823700782089617,0.039591424534068664,0.19897593958584206
492,-1,train,30,0.039591424534068664,0.19897593958584206,0.039591424534068664,0.19897593958584206
493,0,train,16,0.043899161151371546,0.20952126658497353,0.038674920203455795,0.1966594015130113
493,1,train,14,0.033450679255540045,0.18289526854333887,0.038674920203455795,0.1966594015130113
493,-1,train,30,0.038674920203455795,0.1966594015130113,0.038674920203455795,0.1966594015130113
494,0,train,16,0.06494756700374922,0.25484812536832446,0.037145726540818276,0.19273226647559116
494,1,train,14,0.009343886077887326,0.09666377852063991,0.037145726540818276,0.19273226647559116
494,-1,train,30,0.037145726540818276,0.19273226647559116,0.037145726540818276,0.19273226647559116
495,0,train,16,0.03155202164321449,0.1776288874119705,0.03947687140235914,0.1986878743214068
495,1,train,14,0.0474017211615038,0.21771936331319683,0.03947687140235914,0.1986878743214068
495,-1,train,30,0.03947687140235914,0.1986878743214068,0.03947687140235914,0.1986878743214068
496,0,train,16,0.046567308631303934,0.21579459824403374,0.038368273253255133,0.19587821025641197
496,1,train,14,0.03016923787520633,0.1736929413511278,0.038368273253255133,0.19587821025641197
496,-1,train,30,0.038368273253255133,0.19587821025641197,0.038368273253255133,0.19587821025641197
497,0,train,16,0.05833746340484044,0.24153149567880466,0.03749618131041969,0.19363930724524836
497,1,train,14,0.016654899215998952,0.12905386168572777,0.03749618131041969,0.19363930724524836
497,-1,train,30,0.03749618131041969,0.19363930724524836,0.03749618131041969,0.19363930724524836
498,0,train,16,0.05265841074361846,0.22947420496347398,0.03785864855279787,0.19457299029618133
498,1,train,14,0.023058886361977275,0.15185152736135807,0.03785864855279787,0.19457299029618133
498,-1,train,30,0.03785864855279787,0.19457299029618133,0.03785864855279787,0.19457299029618133
499,0,train,16,0.03185070323488796,0.17846765318927674,0.03930439499666769,0.19825336061884977
499,1,train,14,0.04675808675844743,0.21623618281510482,0.03930439499666769,0.19825336061884977
499,-1,train,30,0.03930439499666769,0.19825336061884977,0.03930439499666769,0.19825336061884977
500,0,train,16,0.031329228697597,0.17700064603723062,0.03930468423994271,0.19825409009637787
500,1,train,14,0.04728013978228841,0.21743996822637832,0.03930468423994271,0.19825409009637787
500,-1,train,30,0.03930468423994271,0.19825409009637787,0.03930468423994271,0.19825409009637787
501,0,train,16,0.05451278562302523,0.2334797327885768,0.03761294248711099,0.19394056431574852
501,1,train,14,0.020713099351196747,0.1439204618919657,0.03761294248711099,0.19394056431574852
501,-1,train,30,0.03761294248711099,0.19394056431574852,0.03761294248711099,0.19394056431574852
502,0,train,16,0.0596071420775518,0.24414573942125592,0.03721547693257806,0.19291313312622876
502,1,train,14,0.014823811787604321,0.12175307711760028,0.03721547693257806,0.19291313312622876
502,-1,train,30,0.03721547693257806,0.19291313312622876,0.03721547693257806,0.19291313312622876
503,0,train,16,0.028229015430598872,0.16801492621371136,0.039409613894351186,0.1985185479857013
503,1,train,14,0.0505902123581035,0.22492268084411474,0.039409613894351186,0.1985185479857013
503,-1,train,30,0.039409613894351186,0.1985185479857013,0.039409613894351186,0.1985185479857013
504,0,train,16,0.0628877110698285,0.25077422329623217,0.036909446972765686,0.19211831503728552
504,1,train,14,0.010931182875702869,0.10455229732388892,0.036909446972765686,0.19211831503728552
504,-1,train,30,0.036909446972765686,0.19211831503728552,0.036909446972765686,0.19211831503728552
505,0,train,16,0.05649765930934341,0.23769236274929703,0.03731874653091779,0.19318060599065784
505,1,train,14,0.018139833752492163,0.1346842000848361,0.03731874653091779,0.19318060599065784
505,-1,train,30,0.03731874653091779,0.19318060599065784,0.03731874653091779,0.19318060599065784
506,0,train,16,0.032368837540335184,0.17991341678800718,0.03899936337959946,0.19748256474838344
506,1,train,14,0.04562988921886374,0.21361153812203998,0.03899936337959946,0.19748256474838344
506,-1,train,30,0.03899936337959946,0.19748256474838344,0.03899936337959946,0.19748256474838344
507,0,train,16,0.03417805244077874,0.18487307116175342,0.03883068275384645,0.1970550246856102
507,1,train,14,0.04348331306691416,0.2085265284488143,0.03883068275384645,0.1970550246856102
507,-1,train,30,0.03883068275384645,0.1970550246856102,0.03883068275384645,0.1970550246856102
508,0,train,16,0.030859837091882645,0.17566968176632713,0.03903025601662053,0.1975607653776947
508,1,train,14,0.04720067494135841,0.21725716315315916,0.03903025601662053,0.1975607653776947
508,-1,train,30,0.03903025601662053,0.1975607653776947,0.03903025601662053,0.1975607653776947
509,0,train,16,0.06387976897849626,0.2527444736853731,0.0366439161708847,0.19142600703897236
509,1,train,14,0.009408063363273147,0.09699517185547508,0.0366439161708847,0.19142600703897236
509,-1,train,30,0.0366439161708847,0.19142600703897236,0.0366439161708847,0.19142600703897236
510,0,train,16,0.026114081578148162,0.1615985197275896,0.039292945459283864,0.19822448249215802
510,1,train,14,0.05247180934041956,0.22906725942486753,0.039292945459283864,0.19822448249215802
510,-1,train,30,0.039292945459283864,0.19822448249215802,0.039292945459283864,0.19822448249215802
511,0,train,16,0.01324259682143957,0.11507648248638629,0.04017543229771788,0.2004381009132692
511,1,train,14,0.0671082677739962,0.2590526351419653,0.04017543229771788,0.2004381009132692
511,-1,train,30,0.04017543229771788,0.2004381009132692,0.04017543229771788,0.2004381009132692
512,0,train,16,0.0351745999331645,0.1875489267715614,0.03856965416125238,0.1963915837332455
512,1,train,14,0.041964708389340265,0.20485289451052496,0.03856965416125238,0.1963915837332455
512,-1,train,30,0.03856965416125238,0.1963915837332455,0.03856965416125238,0.1963915837332455
513,0,train,16,0.041966975886808054,0.2048584288888501,0.038045497484391365,0.19505255057135593
513,1,train,14,0.034124019081974676,0.18472687698863605,0.038045497484391365,0.19505255057135593
513,-1,train,30,0.038045497484391365,0.19505255057135593,0.038045497484391365,0.19505255057135593
514,0,train,16,0.028721302774488287,0.1694736049492318,0.03895261011627306,0.19736415610812683
514,1,train,14,0.04918391745805783,0.22177447431581893,0.03895261011627306,0.19736415610812683
514,-1,train,30,0.03895261011627306,0.19736415610812683,0.03895261011627306,0.19736415610812683
515,0,train,16,0.04595039452369831,0.21436043133866453,0.03768387896280746,0.19412336016772289
515,1,train,14,0.029417363401916616,0.1715149072294202,0.03768387896280746,0.19412336016772289
515,-1,train,30,0.03768387896280746,0.19412336016772289,0.03768387896280746,0.19412336016772289
516,0,train,16,0.038976375842789394,0.19742435473565412,0.038141494649689175,0.1952984757997081
516,1,train,14,0.03730661345658896,0.1931491999895132,0.038141494649689175,0.1952984757997081
516,-1,train,30,0.038141494649689175,0.1952984757997081,0.038141494649689175,0.1952984757997081
517,0,train,16,0.03921985275494507,0.19804002816336164,0.03808553890926465,0.19515516623770085
517,1,train,14,0.03695122506358423,0.19222701439595902,0.03808553890926465,0.19515516623770085
517,-1,train,30,0.03808553890926465,0.19515516623770085,0.03808553890926465,0.19515516623770085
518,0,train,16,0.05730660275900449,0.2393879753851569,0.03675903553632202,0.1917264601882641
518,1,train,14,0.016211468313639548,0.127324264433923,0.03675903553632202,0.1917264601882641
518,-1,train,30,0.03675903553632202,0.1917264601882641,0.03675903553632202,0.1917264601882641
519,0,train,16,0.027905562205820716,0.16704958008274284,0.03881362482280028,0.1970117377792508
519,1,train,14,0.04972168743977984,0.22298360352227659,0.03881362482280028,0.1970117377792508
519,-1,train,30,0.03881362482280028,0.1970117377792508,0.03881362482280028,0.1970117377792508
520,0,train,16,0.037422303766148975,0.19344845247804124,0.03809474121440941,0.195178741707209
520,1,train,14,0.03876717866266984,0.19689382586223939,0.03809474121440941,0.195178741707209
520,-1,train,30,0.03809474121440941,0.195178741707209,0.03809474121440941,0.195178741707209
521,0,train,16,0.05491861667289172,0.23434721392176122,0.03681431638733844,0.1918705719680286
521,1,train,14,0.01871001610178516,0.136784560904311,0.03681431638733844,0.1918705719680286
521,-1,train,30,0.03681431638733844,0.1918705719680286,0.03681431638733844,0.1918705719680286
522,0,train,16,0.038008298311442805,0.19495717045403282,0.03797511167242719,0.19487203922684032
522,1,train,14,0.037941925033411567,0.19478687079321225,0.03797511167242719,0.19487203922684032
522,-1,train,30,0.03797511167242719,0.19487203922684032,0.03797511167242719,0.19487203922684032
523,0,train,16,0.055682258377505796,0.235970884597032,0.03668016191170678,0.19152065661882736
523,1,train,14,0.017678065445907772,0.13295888629914052,0.03668016191170678,0.19152065661882736
523,-1,train,30,0.03668016191170678,0.19152065661882736,0.03668016191170678,0.19152065661882736
524,0,train,16,0.03866624915878077,0.19663735443394464,0.037850999108717226,0.1945533322991853
524,1,train,14,0.037035749058653686,0.19244674343478427,0.037850999108717226,0.1945533322991853
524,-1,train,30,0.037850999108717226,0.1945533322991853,0.037850999108717226,0.1945533322991853
525,0,train,16,0.016440829990948962,0.12822179998326713,0.0393993377951412,0.1984926643358419
525,1,train,14,0.06235784559933344,0.24971552935156724,0.0393993377951412,0.1984926643358419
525,-1,train,30,0.0393993377951412,0.1984926643358419,0.0393993377951412,0.1984926643358419
526,0,train,16,0.027724417762476708,0.16650650966997269,0.038554671442409774,0.19635343501556007
526,1,train,14,0.04938492512234284,0.22222719258079746,0.038554671442409774,0.19635343501556007
526,-1,train,30,0.038554671442409774,0.19635343501556007,0.038554671442409774,0.19635343501556007
527,0,train,16,0.062384146105822214,0.24976818473501025,0.036055368640478064,0.18988251272952458
527,1,train,14,0.00972659117513392,0.09862348186478674,0.036055368640478064,0.18988251272952458
527,-1,train,30,0.036055368640478064,0.18988251272952458,0.036055368640478064,0.18988251272952458
528,0,train,16,0.03886751966339896,0.1971484711160575,0.03767932159794529,0.19411162149120617
528,1,train,14,0.03649112353249163,0.191026499555668,0.03767932159794529,0.19411162149120617
528,-1,train,30,0.03767932159794529,0.19411162149120617,0.03767932159794529,0.19411162149120617
529,0,train,16,0.04449745399033806,0.21094419638932488,0.03724086001674326,0.19297891080826232
529,1,train,14,0.029984266043148453,0.1731596547789018,0.03724086001674326,0.19297891080826232
529,-1,train,30,0.03724086001674326,0.19297891080826232,0.03724086001674326,0.19297891080826232
530,0,train,16,0.04172388020885346,0.20426424114086503,0.03739638139196205,0.19338144014346892
530,1,train,14,0.033068882575070645,0.18184851546017813,0.03739638139196205,0.19338144014346892
530,-1,train,30,0.03739638139196205,0.19338144014346892,0.03739638139196205,0.19338144014346892
531,0,train,16,0.019917732664845655,0.14113019756538872,0.03891687606524552,0.19727360711774275
531,1,train,14,0.05791601946564538,0.24065747332182597,0.03891687606524552,0.19727360711774275
531,-1,train,30,0.03891687606524552,0.19727360711774275,0.03891687606524552,0.19727360711774275
532,0,train,16,0.02654772102916471,0.16293471400890822,0.03839957620072654,0.1959580980738651
532,1,train,14,0.05025143137228836,0.22416831036586854,0.03839957620072654,0.1959580980738651
532,-1,train,30,0.03839957620072654,0.1959580980738651,0.03839957620072654,0.1959580980738651
533,0,train,16,0.016668417457871215,0.12910622548069173,0.039071963619278914,0.19766629358410834
533,1,train,14,0.06147550978068662,0.24794255338825286,0.039071963619278914,0.19766629358410834
533,-1,train,30,0.039071963619278914,0.19766629358410834,0.039071963619278914,0.19766629358410834
534,0,train,16,0.027213367319813775,0.1649647456877189,0.03827416512198557,0.1956378417433232
534,1,train,14,0.04933496292415737,0.22211475170316214,0.03827416512198557,0.1956378417433232
534,-1,train,30,0.03827416512198557,0.1956378417433232,0.03827416512198557,0.1956378417433232
535,0,train,16,0.045462069557512974,0.21321836121101995,0.0369355048821384,0.19218612042012398
535,1,train,14,0.02840894020676383,0.1685495185598696,0.0369355048821384,0.19218612042012398
535,-1,train,30,0.0369355048821384,0.19218612042012398,0.0369355048821384,0.19218612042012398
536,0,train,16,0.0448524639513305,0.2117840030581406,0.0369371014346223,0.19219027403753372
536,1,train,14,0.0290217389179141,0.17035767936290427,0.0369371014346223,0.19219027403753372
536,-1,train,30,0.0369371014346223,0.19219027403753372,0.0369371014346223,0.19219027403753372
537,0,train,16,0.04712914660121185,0.21709248398139408,0.03673420118754935,0.19166168419261412
537,1,train,14,0.026339255773886856,0.16229373300866198,0.03673420118754935,0.19166168419261412
537,-1,train,30,0.03673420118754935,0.19166168419261412,0.03673420118754935,0.19166168419261412
538,0,train,16,0.027190957278653293,0.16489680796987335,0.03811497799358671,0.1952305764822373
538,1,train,14,0.049038998708520125,0.2214475077947822,0.03811497799358671,0.1952305764822373
538,-1,train,30,0.03811497799358671,0.1952305764822373,0.03811497799358671,0.1952305764822373
539,0,train,16,0.044930161568219884,0.2119673596764839,0.03681162379676881,0.19186355515513834
539,1,train,14,0.028693086025317744,0.16939033628078592,0.03681162379676881,0.19186355515513834
539,-1,train,30,0.03681162379676881,0.19186355515513834,0.03681162379676881,0.19186355515513834
540,0,train,16,0.033777058155622576,0.18378535892617393,0.03756417868968942,0.19381480513544216
540,1,train,14,0.04135129922375627,0.20335018864942386,0.03756417868968942,0.19381480513544216
540,-1,train,30,0.03756417868968942,0.19381480513544216,0.03756417868968942,0.19381480513544216
541,0,train,16,0.055422567853759264,0.23541998184894855,0.03598458080631056,0.18969602211514758
541,1,train,14,0.016546593758861854,0.128633563889297,0.03598458080631056,0.18969602211514758
541,-1,train,30,0.03598458080631056,0.18969602211514758,0.03598458080631056,0.18969602211514758
542,0,train,16,0.029980178347285957,0.1731478511194579,0.037755455758787755,0.19430763175641805
542,1,train,14,0.04553073317028956,0.21337931757855436,0.037755455758787755,0.19430763175641805
542,-1,train,30,0.037755455758787755,0.19430763175641805,0.037755455758787755,0.19430763175641805
543,0,train,16,0.030592690212877763,0.17490766196161264,0.03767214745569115,0.19409314118662502
543,1,train,14,0.04475160469850453,0.21154575084010677,0.03767214745569115,0.19409314118662502
543,-1,train,30,0.03767214745569115,0.19409314118662502,0.03767214745569115,0.19409314118662502
544,0,train,16,0.023635618223371412,0.15373879869236462,0.0381281926527721,0.19526441727250796
544,1,train,14,0.05262076708217278,0.22939216874639112,0.0381281926527721,0.19526441727250796
544,-1,train,30,0.0381281926527721,0.19526441727250796,0.0381281926527721,0.19526441727250796
545,0,train,16,0.030538986818883087,0.174754075256868,0.03759742466867488,0.19390055355432814
545,1,train,14,0.04465586251846667,0.2113193377768979,0.03759742466867488,0.19390055355432814
545,-1,train,30,0.03759742466867488,0.19390055355432814,0.03759742466867488,0.19390055355432814
546,0,train,16,0.03796938539770395,0.19485734627594606,0.03702753057090981,0.19242538962130182
546,1,train,14,0.03608567574411567,0.18996230084970983,0.03702753057090981,0.19242538962130182
546,-1,train,30,0.03702753057090981,0.19242538962130182,0.03702753057090981,0.19242538962130182
547,0,train,16,0.03382782965159192,0.1839234342099775,0.03728192605499187,0.19308528181866133
547,1,train,14,0.04073602245839182,0.2018316686211354,0.03728192605499187,0.19308528181866133
547,-1,train,30,0.03728192605499187,0.19308528181866133,0.03728192605499187,0.19308528181866133
548,0,train,16,0.03739432547591921,0.19337612436885587,0.03698569949084125,0.19231666462072716
548,1,train,14,0.036577073505763294,0.19125133595811375,0.03698569949084125,0.19231666462072716
548,-1,train,30,0.03698569949084125,0.19231666462072716,0.03698569949084125,0.19231666462072716
549,0,train,16,0.03350441461577283,0.18304211159122052,0.03722438141819161,0.19293621074902348
549,1,train,14,0.04094434822061039,0.20234709837457612,0.03722438141819161,0.19293621074902348
549,-1,train,30,0.03722438141819161,0.19293621074902348,0.03722438141819161,0.19293621074902348
550,0,train,16,0.05417813038548145,0.23276196077856331,0.03571874851400676,0.18899404359398939
550,1,train,14,0.017259366642532074,0.13137490872511415,0.03571874851400676,0.18899404359398939
550,-1,train,30,0.03571874851400676,0.18899404359398939,0.03571874851400676,0.18899404359398939
551,0,train,16,0.02630804913609495,0.16219756205348757,0.03765704947068542,0.1940542436296754
551,1,train,14,0.04900604980527589,0.22137310090721476,0.03765704947068542,0.1940542436296754
551,-1,train,30,0.03765704947068542,0.1940542436296754,0.03765704947068542,0.1940542436296754
552,0,train,16,0.043336788193237906,0.20817489808629164,0.03640469528141396,0.190800144867382
552,1,train,14,0.029472602369590022,0.17167586426050116,0.03640469528141396,0.190800144867382
552,-1,train,30,0.03640469528141396,0.190800144867382,0.03640469528141396,0.190800144867382
553,0,train,16,0.03408903388952155,0.1846321583298033,0.037023620260623946,0.1924152287648354
553,1,train,14,0.03995820663172634,0.19989548927308576,0.037023620260623946,0.1924152287648354
553,-1,train,30,0.037023620260623946,0.1924152287648354,0.037023620260623946,0.1924152287648354
554,0,train,16,0.02352563151178663,0.15338067515755247,0.03774058968804742,0.19426937403524885
554,1,train,14,0.05195554786430822,0.22793759642566255,0.03774058968804742,0.19426937403524885
554,-1,train,30,0.03774058968804742,0.19426937403524885,0.03774058968804742,0.19426937403524885
555,0,train,16,0.056988817296344724,0.23872330698183772,0.03531837630527983,0.18793183951975734
555,1,train,14,0.013647935314214932,0.11682437808186667,0.03531837630527983,0.18793183951975734
555,-1,train,30,0.03531837630527983,0.18793183951975734,0.03531837630527983,0.18793183951975734
556,0,train,16,0.03796748968159546,0.19485248184612752,0.036626905146264516,0.191381569505176
556,1,train,14,0.035286320610933564,0.187846534732301,0.036626905146264516,0.191381569505176
556,-1,train,30,0.036626905146264516,0.191381569505176,0.036626905146264516,0.191381569505176
557,0,train,16,0.022709031998069173,0.15069516249060277,0.03767692840733084,0.19410545692311393
557,1,train,14,0.05264482481659251,0.22944460075711634,0.03767692840733084,0.19410545692311393
557,-1,train,30,0.03767692840733084,0.19410545692311393,0.03767692840733084,0.19410545692311393
558,0,train,16,0.046110283159239845,0.21473305092425768,0.035966608928956846,0.18964864599821651
558,1,train,14,0.025822934698673847,0.16069516078175425,0.035966608928956846,0.18964864599821651
558,-1,train,30,0.035966608928956846,0.18964864599821651,0.035966608928956846,0.18964864599821651
559,0,train,16,0.04380138792571079,0.2092878112210809,0.03609396748258249,0.1899841242909062
559,1,train,14,0.028386547039454202,0.16848307641853588,0.03609396748258249,0.1899841242909062
559,-1,train,30,0.03609396748258249,0.1899841242909062,0.03609396748258249,0.1899841242909062
560,0,train,16,0.02940213331818743,0.1714705027641414,0.03707647275944591,0.19255251948350588
560,1,train,14,0.04475081220070439,0.2115438777197402,0.03707647275944591,0.19255251948350588
560,-1,train,30,0.03707647275944591,0.19255251948350588,0.03707647275944591,0.19255251948350588
561,0,train,16,0.04252565387764736,0.2062174916869259,0.03610258109829813,0.19000679224253572
561,1,train,14,0.029679508318948892,0.17227741674099042,0.03610258109829813,0.19000679224253572
561,-1,train,30,0.03610258109829813,0.19000679224253572,0.03610258109829813,0.19000679224253572
562,0,train,16,0.06075986511697997,0.24649516246161907,0.03477056279418259,0.18646866437603557
562,1,train,14,0.008781260471385211,0.09370837994216531,0.03477056279418259,0.18646866437603557
562,-1,train,30,0.03477056279418259,0.18646866437603557,0.03477056279418259,0.18646866437603557
563,0,train,16,0.036422952534409254,0.19084798278842052,0.036455752328045946,0.19093389517853016
563,1,train,14,0.03648855212168263,0.1910197689289845,0.036455752328045946,0.19093389517853016
563,-1,train,30,0.036455752328045946,0.19093389517853016,0.036455752328045946,0.19093389517853016
564,0,train,16,0.04653095824855589,0.21571035730478008,0.03569510528661374,0.18893148304772747
564,1,train,14,0.024859252324671583,0.15766817156506757,0.03569510528661374,0.18893148304772747
564,-1,train,30,0.03569510528661374,0.18893148304772747,0.03569510528661374,0.18893148304772747
565,0,train,16,0.021251209586119892,0.14577794615825773,0.03745924671611223,0.1935439141799923
565,1,train,14,0.053667283846104565,0.23166200345784926,0.03745924671611223,0.1935439141799923
565,-1,train,30,0.03745924671611223,0.1935439141799923,0.03745924671611223,0.1935439141799923
566,0,train,16,0.025655415097206966,0.16017307856567833,0.03710279759783089,0.19262086490780506
566,1,train,14,0.048550180098454805,0.22034105404679993,0.03710279759783089,0.19262086490780506
566,-1,train,30,0.03710279759783089,0.19262086490780506,0.03710279759783089,0.19262086490780506
567,0,train,16,0.05063872800118276,0.22503050460144902,0.03528464288224337,0.18784206898946618
567,1,train,14,0.01993055776330397,0.1411756273699677,0.03528464288224337,0.18784206898946618
567,-1,train,30,0.03528464288224337,0.18784206898946618,0.03528464288224337,0.18784206898946618
568,0,train,16,0.03953678955163576,0.19883860176443546,0.036032193839807006,0.1898214788684542
568,1,train,14,0.032527598127978244,0.1803540909654623,0.036032193839807006,0.1898214788684542
568,-1,train,30,0.036032193839807006,0.1898214788684542,0.036032193839807006,0.1898214788684542
569,0,train,16,0.012378598772097895,0.1112591514083129,0.03793196784922286,0.19476130993917365
569,1,train,14,0.06348533692634784,0.25196296737089724,0.03793196784922286,0.19476130993917365
569,-1,train,30,0.03793196784922286,0.19476130993917365,0.03793196784922286,0.19476130993917365
570,0,train,16,0.060598462981459184,0.24616755062651777,0.0344664296903479,0.18565136598029086
570,1,train,14,0.008334396399236612,0.09129291538359706,0.0344664296903479,0.18565136598029086
570,-1,train,30,0.0344664296903479,0.18565136598029086,0.0344664296903479,0.18565136598029086
571,0,train,16,0.042705499374745444,0.20665308943915028,0.03568384785460707,0.1889016883318068
571,1,train,14,0.0286621963344687,0.16929913270441965,0.03568384785460707,0.1889016883318068
571,-1,train,30,0.03568384785460707,0.1889016883318068,0.03568384785460707,0.1889016883318068
572,0,train,16,0.03568068971517413,0.1888933289324272,0.03614530340798913,0.19011918211477014
572,1,train,14,0.036609917100804135,0.19133718169975258,0.03614530340798913,0.19011918211477014
572,-1,train,30,0.03614530340798913,0.19011918211477014,0.03614530340798913,0.19011918211477014
573,0,train,16,0.03870900737743737,0.19674604793346515,0.0358895687177569,0.1894454241140622
573,1,train,14,0.03307013005807643,0.1818519454338513,0.0358895687177569,0.1894454241140622
573,-1,train,30,0.0358895687177569,0.1894454241140622,0.0358895687177569,0.1894454241140622
574,0,train,16,0.05664100945458082,0.2379937172586302,0.034576580034646386,0.18594778846398358
574,1,train,14,0.012512150614711951,0.11185772487723837,0.034576580034646386,0.18594778846398358
574,-1,train,30,0.034576580034646386,0.18594778846398358,0.034576580034646386,0.18594778846398358
575,0,train,16,0.02274956093512553,0.1508295757970748,0.036949412199622646,0.19222229891358247
575,1,train,14,0.051149263464119764,0.2261620292271003,0.036949412199622646,0.19222229891358247
575,-1,train,30,0.036949412199622646,0.19222229891358247,0.036949412199622646,0.19222229891358247
576,0,train,16,0.040234420394856384,0.20058519485459633,0.035660144817636616,0.18883893882787156
576,1,train,14,0.031085869240416855,0.17631185224033255,0.035660144817636616,0.18883893882787156
576,-1,train,30,0.035660144817636616,0.18883893882787156,0.035660144817636616,0.18883893882787156
577,0,train,16,0.03195507529977446,0.17875982574329854,0.03620792581235296,0.1902838033368919
577,1,train,14,0.040460776324931454,0.20114864236412697,0.03620792581235296,0.1902838033368919
577,-1,train,30,0.03620792581235296,0.1902838033368919,0.03620792581235296,0.1902838033368919
578,0,train,16,0.030235944464312797,0.17388485979035898,0.03629200383565319,0.19050460318756918
578,1,train,14,0.04234806320699358,0.20578645049417996,0.03629200383565319,0.19050460318756918
578,-1,train,30,0.03629200383565319,0.19050460318756918,0.03629200383565319,0.19050460318756918
579,0,train,16,0.03666012003177741,0.1914683264453351,0.035791578850408026,0.18918662439614495
579,1,train,14,0.03492303766903864,0.18687706565825205,0.035791578850408026,0.18918662439614495
579,-1,train,30,0.035791578850408026,0.18918662439614495,0.035791578850408026,0.18918662439614495
580,0,train,16,0.02550223439284432,0.15969419022883807,0.0365447193902132,0.1911667319127813
580,1,train,14,0.04758720438758208,0.21814491602506367,0.0365447193902132,0.1911667319127813
580,-1,train,30,0.0365447193902132,0.1911667319127813,0.0365447193902132,0.1911667319127813
581,0,train,16,0.04303687378823997,0.20745330507909476,0.03525651178406613,0.18776717440507573
581,1,train,14,0.02747614977989229,0.16575931279989156,0.03525651178406613,0.18776717440507573
581,-1,train,30,0.03525651178406613,0.18776717440507573,0.03525651178406613,0.18776717440507573
582,0,train,16,0.013026146638213701,0.1141321455078003,0.03736368582376897,0.19329688518899876
582,1,train,14,0.061701225009324234,0.24839731280616592,0.03736368582376897,0.19329688518899876
582,-1,train,30,0.03736368582376897,0.19329688518899876,0.03736368582376897,0.19329688518899876
583,0,train,16,0.029009354220029576,0.17032132638054923,0.036171762589304324,0.19018875515998396
583,1,train,14,0.04333417095857907,0.20816861184765362,0.036171762589304324,0.19018875515998396
583,-1,train,30,0.036171762589304324,0.19018875515998396,0.036171762589304324,0.19018875515998396
584,0,train,16,0.020676566553692367,0.1437934857832314,0.036724860514417895,0.19163731503654996
584,1,train,14,0.05277315447514343,0.22972408335902317,0.036724860514417895,0.19163731503654996
584,-1,train,30,0.036724860514417895,0.19163731503654996,0.036724860514417895,0.19163731503654996
585,0,train,16,0.04268994631578929,0.20661545517165286,0.03511865570071799,0.18739972171995878
585,1,train,14,0.027547365085646685,0.16597398918398837,0.03511865570071799,0.18739972171995878
585,-1,train,30,0.03511865570071799,0.18739972171995878,0.03511865570071799,0.18739972171995878
586,0,train,16,0.024697068255188016,0.15715300905546803,0.03635461578938109,0.1906688642368782
586,1,train,14,0.048012163323574164,0.21911678010498,0.03635461578938109,0.1906688642368782
586,-1,train,30,0.03635461578938109,0.1906688642368782,0.03635461578938109,0.1906688642368782
587,0,train,16,0.02953209406894164,0.1718490444225444,0.03596901928589402,0.18965500068781213
587,1,train,14,0.042405944502846404,0.2059270368427769,0.03596901928589402,0.18965500068781213
587,-1,train,30,0.03596901928589402,0.18965500068781213,0.03596901928589402,0.18965500068781213
588,0,train,16,0.04266025313505698,0.20654358652608165,0.03499276229048845,0.1870635247462435
588,1,train,14,0.027325271445919924,0.1653035736029924,0.03499276229048845,0.1870635247462435
588,-1,train,30,0.03499276229048845,0.1870635247462435,0.03499276229048845,0.1870635247462435
589,0,train,16,0.042430737861361374,0.2059872274228705,0.03496864856460668,0.18699906033081204
589,1,train,14,0.027506559267851987,0.16585101527531265,0.03496864856460668,0.18699906033081204
589,-1,train,30,0.03496864856460668,0.18699906033081204,0.03496864856460668,0.18699906033081204
590,0,train,16,0.051900686511734496,0.22781722171893523,0.034252286126554086,0.18507373159515125
590,1,train,14,0.01660388574137368,0.12885606598594293,0.034252286126554086,0.18507373159515125
590,-1,train,30,0.034252286126554086,0.18507373159515125,0.034252286126554086,0.18507373159515125
591,0,train,16,0.042324550084766245,0.20572931265321975,0.03489045655782742,0.18678987273893471
591,1,train,14,0.02745636303088861,0.16569961687007187,0.03489045655782742,0.18678987273893471
591,-1,train,30,0.03489045655782742,0.18678987273893471,0.03489045655782742,0.18678987273893471
592,0,train,16,0.04514135049177176,0.21246493944124464,0.03464828030987582,0.18614048541323788
592,1,train,14,0.024155210127979894,0.15541946508716306,0.03464828030987582,0.18614048541323788
592,-1,train,30,0.03464828030987582,0.18614048541323788,0.03464828030987582,0.18614048541323788
593,0,train,16,0.031950244877728205,0.1787463143052975,0.035546707394536435,0.1885383446265943
593,1,train,14,0.039143169911344665,0.1978463290317631,0.035546707394536435,0.1885383446265943
593,-1,train,30,0.035546707394536435,0.1885383446265943,0.035546707394536435,0.1885383446265943
594,0,train,16,0.034840103325740654,0.18665503830794564,0.03529805835872794,0.18787777505263348
594,1,train,14,0.03575601339171523,0.18909260533324732,0.03529805835872794,0.18787777505263348
594,-1,train,30,0.03529805835872794,0.18787777505263348,0.03529805835872794,0.18787777505263348
595,0,train,16,0.055347855247292986,0.23526124892827757,0.03379999932240941,0.18384776126569888
595,1,train,14,0.01225214339752583,0.11068940056539213,0.03379999932240941,0.18384776126569888
595,-1,train,30,0.03379999932240941,0.18384776126569888,0.03379999932240941,0.18384776126569888
596,0,train,16,0.02949093664601125,0.1717292539027968,0.03559884455255441,0.18867656068667993
596,1,train,14,0.041706752459097565,0.20422231136459496,0.03559884455255441,0.18867656068667993
596,-1,train,30,0.03559884455255441,0.18867656068667993,0.03559884455255441,0.18867656068667993
597,0,train,16,0.04252437934316743,0.20621440139613778,0.0346267422480278,0.18608262210111884
597,1,train,14,0.026729105152888167,0.16349038244767847,0.0346267422480278,0.18608262210111884
597,-1,train,30,0.0346267422480278,0.18608262210111884,0.0346267422480278,0.18608262210111884
598,0,train,16,0.015445260477444787,0.12427896232848416,0.03652094458323002,0.191104538363771
598,1,train,14,0.05759662868901525,0.23999297633267364,0.03652094458323002,0.191104538363771
598,-1,train,30,0.03652094458323002,0.191104538363771,0.03652094458323002,0.191104538363771
599,0,train,16,0.03905522831135242,0.19762395682546288,0.03479062282303072,0.186522445896012
599,1,train,14,0.030526017334709013,0.17471696350013932,0.03479062282303072,0.186522445896012
599,-1,train,30,0.03479062282303072,0.186522445896012,0.03479062282303072,0.186522445896012
600,0,train,16,0.04103071810989458,0.20256040607654444,0.034611269028627926,0.18604104124796744
600,1,train,14,0.028191819947361276,0.1679041987186779,0.034611269028627926,0.18604104124796744
600,-1,train,30,0.034611269028627926,0.18604104124796744,0.034611269028627926,0.18604104124796744
601,0,train,16,0.04905606508781369,0.22148603813291187,0.03399820657315075,0.184386025970383
601,1,train,14,0.018940348058487814,0.13762393708395285,0.03399820657315075,0.184386025970383
601,-1,train,30,0.03399820657315075,0.184386025970383,0.03399820657315075,0.184386025970383
602,0,train,16,0.024421801486149503,0.1562747627934514,0.035708439957829616,0.18896676945386354
602,1,train,14,0.046995078429509736,0.21678348283370147,0.035708439957829616,0.18896676945386354
602,-1,train,30,0.035708439957829616,0.18896676945386354,0.035708439957829616,0.18896676945386354
603,0,train,16,0.03444533542160251,0.1855945457754686,0.03495079784028357,0.18695132478878979
603,1,train,14,0.035456260258964624,0.18829832781776004,0.03495079784028357,0.18695132478878979
603,-1,train,30,0.03495079784028357,0.18695132478878979,0.03495079784028357,0.18695132478878979
604,0,train,16,0.0450024788267429,0.21213787692617012,0.0341593168047734,0.18482239259563057
604,1,train,14,0.0233161547828039,0.15269628280611122,0.0341593168047734,0.18482239259563057
604,-1,train,30,0.0341593168047734,0.18482239259563057,0.0341593168047734,0.18482239259563057
605,0,train,16,0.0483668246859407,0.2199245886342423,0.03387837864492527,0.18406080148941345
605,1,train,14,0.019389932603909824,0.13924773823624506,0.03387837864492527,0.18406080148941345
605,-1,train,30,0.03387837864492527,0.18406080148941345,0.03387837864492527,0.18406080148941345
606,0,train,16,0.021666683532362726,0.14719607172870725,0.03573755805489607,0.18904379930295537
606,1,train,14,0.04980843257742941,0.2231780288859757,0.03573755805489607,0.18904379930295537
606,-1,train,30,0.03573755805489607,0.18904379930295537,0.03573755805489607,0.18904379930295537
607,0,train,16,0.0389082463070244,0.19725173334352325,0.034470077330494994,0.18566118961833405
607,1,train,14,0.030031908353965582,0.17329716776094634,0.034470077330494994,0.18566118961833405
607,-1,train,30,0.034470077330494994,0.18566118961833405,0.034470077330494994,0.18566118961833405
608,0,train,16,0.015047204452942149,0.12266704713549662,0.03613200200654434,0.1900841971510108
608,1,train,14,0.057216799560146525,0.23920033352850184,0.03613200200654434,0.1900841971510108
608,-1,train,30,0.03613200200654434,0.1900841971510108,0.03613200200654434,0.1900841971510108
609,0,train,16,0.03097366270389149,0.17599335982897618,0.0349510751553591,0.18695206646453283
609,1,train,14,0.03892848760682671,0.19730303496608134,0.0349510751553591,0.18695206646453283
609,-1,train,30,0.0349510751553591,0.18695206646453283,0.0349510751553591,0.18695206646453283
610,0,train,16,0.054182190863136026,0.23277068299752876,0.033261984358843595,0.18237868394865556
610,1,train,14,0.012341777854551166,0.11109355451398234,0.033261984358843595,0.18237868394865556
610,-1,train,30,0.033261984358843595,0.18237868394865556,0.033261984358843595,0.18237868394865556
611,0,train,16,0.0213050957230165,0.1459626518086613,0.035561087764498886,0.1885764772300588
611,1,train,14,0.049817079805981275,0.2231974009839301,0.035561087764498886,0.1885764772300588
611,-1,train,30,0.035561087764498886,0.1885764772300588,0.035561087764498886,0.1885764772300588
612,0,train,16,0.012427600246677882,0.11147914713827821,0.036161194456358826,0.19016096985543282
612,1,train,14,0.059894788666039776,0.2447341183121793,0.036161194456358826,0.19016096985543282
612,-1,train,30,0.036161194456358826,0.19016096985543282,0.036161194456358826,0.19016096985543282
613,0,train,16,0.044315346515847585,0.21051210539027818,0.03384067922085954,0.1839583627369507
613,1,train,14,0.023366011925871483,0.1528594515424921,0.03384067922085954,0.1839583627369507
613,-1,train,30,0.03384067922085954,0.1839583627369507,0.03384067922085954,0.1839583627369507
614,0,train,16,0.04151771193378618,0.2037589554689221,0.033996833554581204,0.18438230271525846
614,1,train,14,0.026475955175376233,0.16271433610894964,0.033996833554581204,0.18438230271525846
614,-1,train,30,0.033996833554581204,0.18438230271525846,0.033996833554581204,0.18438230271525846
615,0,train,16,0.040874588570367715,0.20217464868367577,0.03400034698467341,0.18439183003775794
615,1,train,14,0.027126105398979104,0.1647000467485638,0.03400034698467341,0.18439183003775794
615,-1,train,30,0.03400034698467341,0.18439183003775794,0.03400034698467341,0.18439183003775794
616,0,train,16,0.028251105103116767,0.16808065059106825,0.03485843951282081,0.18670414969362842
616,1,train,14,0.04146577392252486,0.20363146594405507,0.03485843951282081,0.18670414969362842
616,-1,train,30,0.03485843951282081,0.18670414969362842,0.03485843951282081,0.18670414969362842
617,0,train,16,0.03509263895709129,0.18733029375168153,0.03432884573793868,0.18528045158067452
617,1,train,14,0.033565052518786075,0.18320767592758244,0.03432884573793868,0.18528045158067452
617,-1,train,30,0.03432884573793868,0.18528045158067452,0.03432884573793868,0.18528045158067452
618,0,train,16,0.054054086605764405,0.23249534749272813,0.03294446252563386,0.18150609500959977
618,1,train,14,0.01183483844550331,0.10878804366980459,0.03294446252563386,0.18150609500959977
618,-1,train,30,0.03294446252563386,0.18150609500959977,0.03294446252563386,0.18150609500959977
619,0,train,16,0.054647955745491285,0.23376902221100915,0.03285720217245158,0.1812655570494615
619,1,train,14,0.01106644859941188,0.10519718912315044,0.03285720217245158,0.1812655570494615
619,-1,train,30,0.03285720217245158,0.1812655570494615,0.03285720217245158,0.1812655570494615
620,0,train,16,0.03478186488390361,0.1864989675143099,0.03422724690815425,0.18500607262507426
620,1,train,14,0.03367262893240489,0.18350103251046,0.03422724690815425,0.18500607262507426
620,-1,train,30,0.03422724690815425,0.18500607262507426,0.03422724690815425,0.18500607262507426
621,0,train,16,0.020225463009782074,0.14221625437966673,0.035227219727209075,0.18768915719137608
621,1,train,14,0.05022897644463608,0.22411821979624075,0.035227219727209075,0.18768915719137608
621,-1,train,30,0.035227219727209075,0.18768915719137608,0.035227219727209075,0.18768915719137608
622,0,train,16,0.044099388653347664,0.2099985444076879,0.03348400892126158,0.1829863626647122
622,1,train,14,0.022868629189175486,0.15122377190500005,0.03348400892126158,0.1829863626647122
622,-1,train,30,0.03348400892126158,0.1829863626647122,0.03348400892126158,0.1829863626647122
623,0,train,16,0.0402309913501654,0.20057664707080283,0.03371592764792418,0.18361897409560968
623,1,train,14,0.027200863945682958,0.16492684422398604,0.03371592764792418,0.18361897409560968
623,-1,train,30,0.03371592764792418,0.18361897409560968,0.03371592764792418,0.18361897409560968
624,0,train,16,0.01856162285292302,0.13624104687253039,0.0352240290107722,0.18768065699685782
624,1,train,14,0.05188643516862138,0.22778594155175902,0.0352240290107722,0.18768065699685782
624,-1,train,30,0.0352240290107722,0.18768065699685782,0.0352240290107722,0.18768065699685782
625,0,train,16,0.05071927590425887,0.22520940456441615,0.032894568887936175,0.18136859950922093
625,1,train,14,0.01506986187161348,0.12275936571852056,0.032894568887936175,0.18136859950922093
625,-1,train,30,0.032894568887936175,0.18136859950922093,0.032894568887936175,0.18136859950922093
626,0,train,16,0.04330042147511998,0.20808753320446657,0.03337497453393292,0.18268818936628858
626,1,train,14,0.02344952759274586,0.15313238583900488,0.03337497453393292,0.18268818936628858
626,-1,train,30,0.03337497453393292,0.18268818936628858,0.03337497453393292,0.18268818936628858
627,0,train,16,0.039681690231481055,0.199202636105753,0.033592617447162174,0.18328288912815122
627,1,train,14,0.027503544662843295,0.1658419267339936,0.033592617447162174,0.18328288912815122
627,-1,train,30,0.033592617447162174,0.18328288912815122,0.033592617447162174,0.18328288912815122
628,0,train,16,0.03751354515952943,0.19368413760432068,0.03370250000380812,0.18358240657483527
628,1,train,14,0.0298914548480868,0.17289145394751818,0.03370250000380812,0.18358240657483527
628,-1,train,30,0.03370250000380812,0.18358240657483527,0.03370250000380812,0.18358240657483527
629,0,train,16,0.014234664841469652,0.11930911466216507,0.03533022307793066,0.18796335567852224
629,1,train,14,0.056425781314391674,0.2375411149977866,0.03533022307793066,0.18796335567852224
629,-1,train,30,0.03533022307793066,0.18796335567852224,0.03533022307793066,0.18796335567852224
630,0,train,16,0.03754808056426397,0.19377327102638273,0.03362038445242549,0.18335862251998264
630,1,train,14,0.029692688340587005,0.1723156648148595,0.03362038445242549,0.18335862251998264
630,-1,train,30,0.03362038445242549,0.18335862251998264,0.03362038445242549,0.18335862251998264
631,0,train,16,0.046908421678594325,0.21658352125356703,0.03291592965011239,0.18142747766011738
631,1,train,14,0.01892343762163045,0.13756248624399914,0.03291592965011239,0.18142747766011738
631,-1,train,30,0.03291592965011239,0.18142747766011738,0.03291592965011239,0.18142747766011738
632,0,train,16,0.03695922663150179,0.19224782607744045,0.033576468652577476,0.18323882954378823
632,1,train,14,0.030193710673653153,0.17376337552445612,0.033576468652577476,0.18323882954378823
632,-1,train,30,0.033576468652577476,0.18323882954378823,0.033576468652577476,0.18323882954378823
633,0,train,16,0.01759339513174694,0.13264009624448764,0.03491751104869413,0.18686227829258137
633,1,train,14,0.05224162696564132,0.2285642731610549,0.03491751104869413,0.18686227829258137
633,-1,train,30,0.03491751104869413,0.18686227829258137,0.03491751104869413,0.18686227829258137
634,0,train,16,0.027490077176355005,0.16580131837942363,0.034170063692806715,0.18485146386438683
634,1,train,14,0.04085005020925843,0.20211395352438788,0.034170063692806715,0.18485146386438683
634,-1,train,30,0.034170063692806715,0.18485146386438683,0.034170063692806715,0.18485146386438683
635,0,train,16,0.017623774861284525,0.13275456625398813,0.034833450011706416,0.18663721496986183
635,1,train,14,0.0520431251621283,0.22812962359616581,0.034833450011706416,0.18663721496986183
635,-1,train,30,0.034833450011706416,0.18663721496986183,0.034833450011706416,0.18663721496986183
636,0,train,16,0.026738731871983418,0.16351982103703336,0.03413991755085653,0.18476990434282456
636,1,train,14,0.04154110322972965,0.20381634681675964,0.03413991755085653,0.18476990434282456
636,-1,train,30,0.03413991755085653,0.18476990434282456,0.03413991755085653,0.18476990434282456
637,0,train,16,0.026772642103583443,0.1636234766272354,0.03409459038621534,0.1846472051947046
637,1,train,14,0.04141653866884723,0.2035105369970981,0.03409459038621534,0.1846472051947046
637,-1,train,30,0.03409459038621534,0.1846472051947046,0.03409459038621534,0.1846472051947046
638,0,train,16,0.052594051100265916,0.22933392923914664,0.032219919048825166,0.17949907812806495
638,1,train,14,0.011845786997384419,0.10883835260322723,0.032219919048825166,0.17949907812806495
638,-1,train,30,0.032219919048825166,0.17949907812806495,0.032219919048825166,0.17949907812806495
639,0,train,16,0.0526536433143851,0.22946381700474064,0.032174734090332606,0.17937316992887373
639,1,train,14,0.011695824866280109,0.10814723697940742,0.032174734090332606,0.17937316992887373
639,-1,train,30,0.032174734090332606,0.17937316992887373,0.032174734090332606,0.17937316992887373
640,0,train,16,0.04626882837114024,0.21510190229549397,0.03258239502085621,0.18050594178823093
640,1,train,14,0.018895961670572184,0.13746258280191082,0.03258239502085621,0.18050594178823093
640,-1,train,30,0.03258239502085621,0.18050594178823093,0.03258239502085621,0.18050594178823093
641,0,train,16,0.01081294829531697,0.10398532730783208,0.035072511781851626,0.1872765649563544
641,1,train,14,0.059332075268386276,0.24358176300451206,0.035072511781851626,0.1872765649563544
641,-1,train,30,0.035072511781851626,0.1872765649563544,0.035072511781851626,0.1872765649563544
642,0,train,16,0.04282434252038974,0.2069404322997073,0.032747807467516314,0.1809635528705057
642,1,train,14,0.02267127241464289,0.15056982571100655,0.032747807467516314,0.1809635528705057
642,-1,train,30,0.032747807467516314,0.1809635528705057,0.032747807467516314,0.1809635528705057
643,0,train,16,0.021030309132000546,0.14501830619615078,0.03426663042652207,0.18511248047206882
643,1,train,14,0.04750295172104359,0.2179517187843298,0.03426663042652207,0.18511248047206882
643,-1,train,30,0.03426663042652207,0.18511248047206882,0.03426663042652207,0.18511248047206882
644,0,train,16,0.0373831197555463,0.19334714829949343,0.033054534460813544,0.18180906044752979
644,1,train,14,0.028725949166080785,0.16948731269944894,0.033054534460813544,0.18180906044752979
644,-1,train,30,0.033054534460813544,0.18180906044752979,0.033054534460813544,0.18180906044752979
645,0,train,16,0.05233575617436816,0.228770094580494,0.03195354606422778,0.17875554834529692
645,1,train,14,0.011571335954087396,0.10757014434352775,0.03195354606422778,0.17875554834529692
645,-1,train,30,0.03195354606422778,0.17875554834529692,0.03195354606422778,0.17875554834529692
646,0,train,16,0.03945012157358057,0.19862054670547197,0.03283038185080032,0.1811915612019509
646,1,train,14,0.026210642128020066,0.16189701086808264,0.03283038185080032,0.1811915612019509
646,-1,train,30,0.03283038185080032,0.1811915612019509,0.03283038185080032,0.1811915612019509
647,0,train,16,0.03259015449054698,0.1805274341770441,0.03327486287936124,0.18241398761981287
647,1,train,14,0.0339595712681755,0.1842812287461083,0.03327486287936124,0.18241398761981287
647,-1,train,30,0.03327486287936124,0.18241398761981287,0.03327486287936124,0.18241398761981287
648,0,train,16,0.03702323478241279,0.1924142270790099,0.03291938344002383,0.18143699578648184
648,1,train,14,0.028815532097634884,0.1697513831980019,0.03291938344002383,0.18143699578648184
648,-1,train,30,0.03291938344002383,0.18143699578648184,0.03291938344002383,0.18143699578648184
649,0,train,16,0.01051566006999538,0.10254589250669859,0.034771427422878115,0.18647098279056212
649,1,train,14,0.059027194775760856,0.24295512914067252,0.034771427422878115,0.18647098279056212
649,-1,train,30,0.034771427422878115,0.18647098279056212,0.034771427422878115,0.18647098279056212
650,0,train,16,0.029757054262865807,0.1725023311809606,0.033358794538596824,0.1826439009071938
650,1,train,14,0.03696053481432784,0.19225122838184375,0.033358794538596824,0.1826439009071938
650,-1,train,30,0.033358794538596824,0.1826439009071938,0.033358794538596824,0.1826439009071938
651,0,train,16,0.023314086053970954,0.1526895086571797,0.03377772429266688,0.18378717118631235
651,1,train,14,0.04424136253136281,0.2103363081623399,0.03377772429266688,0.18378717118631235
651,-1,train,30,0.03377772429266688,0.18378717118631235,0.03377772429266688,0.18378717118631235
652,0,train,16,0.0422067491321389,0.2054428123155904,0.03239367565940521,0.1799824315298724
652,1,train,14,0.022580602186671524,0.1502684337666149,0.03239367565940521,0.1799824315298724
652,-1,train,30,0.03239367565940521,0.1799824315298724,0.03239367565940521,0.1799824315298724
653,0,train,16,0.04539569818501001,0.21306266257843023,0.03212631588184795,0.17923815409071794
653,1,train,14,0.018856933578685887,0.13732055046017652,0.03212631588184795,0.17923815409071794
653,-1,train,30,0.03212631588184795,0.17923815409071794,0.03212631588184795,0.17923815409071794
654,0,train,16,0.04000369597403525,0.200009239721657,0.032466528298313924,0.18018470606106923
654,1,train,14,0.024929360622592597,0.1578903436648125,0.032466528298313924,0.18018470606106923
654,-1,train,30,0.032466528298313924,0.18018470606106923,0.032466528298313924,0.18018470606106923
655,0,train,16,0.02256194496894129,0.15020634130735389,0.033668531723279396,0.1834898681760914
655,1,train,14,0.044775118477617504,0.21160131964999063,0.033668531723279396,0.1834898681760914
655,-1,train,30,0.033668531723279396,0.1834898681760914,0.033668531723279396,0.1834898681760914
656,0,train,16,0.014608712983225691,0.12086650893951431,0.03420144954691127,0.18493633917354174
656,1,train,14,0.053794186110596845,0.23193573702773113,0.03420144954691127,0.18493633917354174
656,-1,train,30,0.03420144954691127,0.18493633917354174,0.03420144954691127,0.18493633917354174
657,0,train,16,0.023554384176887832,0.15347437628766514,0.033517350532111884,0.1830774440834039
657,1,train,14,0.04348031688733594,0.20851934415620998,0.033517350532111884,0.1830774440834039
657,-1,train,30,0.033517350532111884,0.1830774440834039,0.033517350532111884,0.1830774440834039
658,0,train,16,0.039612241699170575,0.19902824347104753,0.03233330837315075,0.17981465005152042
658,1,train,14,0.025054375047130935,0.1582857386094241,0.03233330837315075,0.17981465005152042
658,-1,train,30,0.03233330837315075,0.17981465005152042,0.03233330837315075,0.17981465005152042
659,0,train,16,0.03263683267014051,0.18065667070479438,0.03278875430424638,0.18107665311753027
659,1,train,14,0.03294067593835225,0.18149566369021672,0.03278875430424638,0.18107665311753027
659,-1,train,30,0.03278875430424638,0.18107665311753027,0.03278875430424638,0.18107665311753027
660,0,train,16,0.036232739579639954,0.19034899416503348,0.03249237341452869,0.18025641018984231
660,1,train,14,0.028752007249417417,0.169564168530434,0.03249237341452869,0.18025641018984231
660,-1,train,30,0.03249237341452869,0.18025641018984231,0.03249237341452869,0.18025641018984231
661,0,train,16,0.03914778341143867,0.1978579879899689,0.032244490898221956,0.17956751069784857
661,1,train,14,0.02534119838500523,0.1591891905407061,0.032244490898221956,0.17956751069784857
661,-1,train,30,0.032244490898221956,0.17956751069784857,0.032244490898221956,0.17956751069784857
662,0,train,16,0.027409275663377877,0.16555746936752166,0.033040558613927365,0.1817706208767725
662,1,train,14,0.03867184156447685,0.19665157401983044,0.033040558613927365,0.1817706208767725
662,-1,train,30,0.033040558613927365,0.1817706208767725,0.033040558613927365,0.1817706208767725
663,0,train,16,0.03630468394656518,0.1905378806079389,0.03236687712296031,0.1799079684809995
663,1,train,14,0.028429070299355447,0.16860922364851647,0.03236687712296031,0.1799079684809995
663,-1,train,30,0.03236687712296031,0.1799079684809995,0.03236687712296031,0.1799079684809995
664,0,train,16,0.050466894195423356,0.22464837901801862,0.03132194565558536,0.1769800713515094
664,1,train,14,0.012176997115747365,0.11034943187777346,0.03132194565558536,0.1769800713515094
664,-1,train,30,0.03132194565558536,0.1769800713515094,0.03132194565558536,0.1769800713515094
665,0,train,16,0.04529314965278706,0.2128218730600477,0.031644068745842004,0.17788779819268663
665,1,train,14,0.01799498783889695,0.13414539812791548,0.031644068745842004,0.17788779819268663
665,-1,train,30,0.031644068745842004,0.17788779819268663,0.031644068745842004,0.17788779819268663
666,0,train,16,0.04557887636100458,0.21349209905990568,0.03158289825136315,0.17771577941016703
666,1,train,14,0.017586920141721717,0.13261568588112688,0.03158289825136315,0.17771577941016703
666,-1,train,30,0.03158289825136315,0.17771577941016703,0.03158289825136315,0.17771577941016703
667,0,train,16,0.0294998998367767,0.1717553487865129,0.03268874846224354,0.18080029995064592
667,1,train,14,0.035877597087710385,0.1894138249645743,0.03268874846224354,0.18080029995064592
667,-1,train,30,0.03268874846224354,0.18080029995064592,0.03268874846224354,0.18080029995064592
668,0,train,16,0.02899764676194523,0.1702869541742562,0.03268287176970507,0.18078404733190667
668,1,train,14,0.036368096777464914,0.19070421279422464,0.03268287176970507,0.18078404733190667
668,-1,train,30,0.03268287176970507,0.18078404733190667,0.03268287176970507,0.18078404733190667
669,0,train,16,0.029396821747938857,0.17145501377311442,0.032615315641912106,0.18059710862002223
669,1,train,14,0.03583380953588536,0.18929820267473582,0.032615315641912106,0.18059710862002223
669,-1,train,30,0.032615315641912106,0.18059710862002223,0.032615315641912106,0.18059710862002223
670,0,train,16,0.019495897118276945,0.13962770899172178,0.03327974255268423,0.1824273624012698
670,1,train,14,0.047063587987091524,0.21694143907306304,0.03327974255268423,0.1824273624012698
670,-1,train,30,0.03327974255268423,0.1824273624012698,0.03327974255268423,0.1824273624012698
671,0,train,16,0.05063670855761201,0.22502601751266899,0.03102914664419087,0.1761509200776166
671,1,train,14,0.011421584730769737,0.10687181448244311,0.03102914664419087,0.1761509200776166
671,-1,train,30,0.03102914664419087,0.1761509200776166,0.03102914664419087,0.1761509200776166
672,0,train,16,0.035256520045872035,0.1877671964052082,0.03207650094752755,0.17909913720486637
672,1,train,14,0.028896481849183073,0.16998965218266396,0.03207650094752755,0.17909913720486637
672,-1,train,30,0.03207650094752755,0.17909913720486637,0.03207650094752755,0.17909913720486637
673,0,train,16,0.0406861649510537,0.2017081182081021,0.031651023921228164,0.17790734645097758
673,1,train,14,0.02261588289140263,0.15038578021675664,0.031651023921228164,0.17790734645097758
673,-1,train,30,0.031651023921228164,0.17790734645097758,0.031651023921228164,0.17790734645097758
674,0,train,16,0.041579825251001436,0.20391131712340402,0.03154494418147834,0.1776089642486503
674,1,train,14,0.021510063111955247,0.14666309389875576,0.03154494418147834,0.1776089642486503
674,-1,train,30,0.03154494418147834,0.1776089642486503,0.03154494418147834,0.1776089642486503
675,0,train,16,0.03292666926262338,0.18145707278203124,0.032120443749715163,0.17922177253256694
675,1,train,14,0.03131421823680695,0.1769582386802235,0.032120443749715163,0.17922177253256694
675,-1,train,30,0.032120443749715163,0.17922177253256694,0.032120443749715163,0.17922177253256694
676,0,train,16,0.014047393263159541,0.11852169954552433,0.033438660597669645,0.18286240892449615
676,1,train,14,0.05282992793217974,0.22984761893954817,0.033438660597669645,0.18286240892449615
676,-1,train,30,0.033438660597669645,0.18286240892449615,0.033438660597669645,0.18286240892449615
677,0,train,16,0.02514775707607395,0.1585804435486102,0.03259548680657961,0.18054220228683268
677,1,train,14,0.04004321653708527,0.2001080121761377,0.03259548680657961,0.18054220228683268
677,-1,train,30,0.03259548680657961,0.18054220228683268,0.03259548680657961,0.18054220228683268
678,0,train,16,0.03535208450903244,0.18802150012440716,0.03183213876947564,0.17841563487955767
678,1,train,14,0.028312193029918838,0.16826227452973183,0.03183213876947564,0.17841563487955767
678,-1,train,30,0.03183213876947564,0.17841563487955767,0.03183213876947564,0.17841563487955767
679,0,train,16,0.026534183127543947,0.1628931647661864,0.03241989652652845,0.18005525964694408
679,1,train,14,0.038305609925512955,0.19571819007315838,0.03241989652652845,0.18005525964694408
679,-1,train,30,0.03241989652652845,0.18005525964694408,0.03241989652652845,0.18005525964694408
680,0,train,16,0.0535788992212815,0.23147116282872365,0.030465051585029122,0.1745424062657242
680,1,train,14,0.007351203948776747,0.08573916228175282,0.030465051585029122,0.1745424062657242
680,-1,train,30,0.030465051585029122,0.1745424062657242,0.030465051585029122,0.1745424062657242
681,0,train,16,0.041263039856831635,0.2031330594876955,0.03129307492037099,0.17689848761470797
681,1,train,14,0.021323109983910356,0.14602434722987245,0.03129307492037099,0.17689848761470797
681,-1,train,30,0.03129307492037099,0.17689848761470797,0.03129307492037099,0.17689848761470797
682,0,train,16,0.04189011643194233,0.20467075128591855,0.031209609972949,0.17666241811134875
682,1,train,14,0.020529103513955673,0.1432798084656581,0.031209609972949,0.17666241811134875
682,-1,train,30,0.031209609972949,0.17666241811134875,0.031209609972949,0.17666241811134875
683,0,train,16,0.029624610271078242,0.17211801262819137,0.032045243903836514,0.179011854087478
683,1,train,14,0.03446587753659479,0.1856498789027205,0.032045243903836514,0.179011854087478
683,-1,train,30,0.032045243903836514,0.179011854087478,0.032045243903836514,0.179011854087478
684,0,train,16,0.01666617675648779,0.129097547445673,0.0329346084307558,0.1814789476241137
684,1,train,14,0.04920304010502381,0.22181758294829518,0.0329346084307558,0.1814789476241137
684,-1,train,30,0.0329346084307558,0.1814789476241137,0.0329346084307558,0.1814789476241137
685,0,train,16,0.037652210099304216,0.19404177410883516,0.03139716543490748,0.177192453098058
685,1,train,14,0.025142120770510753,0.15856267142840005,0.03139716543490748,0.177192453098058
685,-1,train,30,0.03139716543490748,0.177192453098058,0.03139716543490748,0.177192453098058
686,0,train,16,0.02291177413237258,0.15136635733336712,0.03240930957890581,0.18002585808407026
686,1,train,14,0.04190684502543903,0.20471161429054052,0.03240930957890581,0.18002585808407026
686,-1,train,30,0.03240930957890581,0.18002585808407026,0.03240930957890581,0.18002585808407026
687,0,train,16,0.022298871148016975,0.1493280655068463,0.03241123409872505,0.1800312031252501
687,1,train,14,0.04252359704943313,0.2062125045903694,0.03241123409872505,0.1800312031252501
687,-1,train,30,0.03241123409872505,0.1800312031252501,0.03241123409872505,0.1800312031252501
688,0,train,16,0.02830273039228896,0.16823415346560566,0.03194462415794999,0.17873059099647712
688,1,train,14,0.03558651792361102,0.18864389182693148,0.03194462415794999,0.17873059099647712
688,-1,train,30,0.03194462415794999,0.17873059099647712,0.03194462415794999,0.17873059099647712
689,0,train,16,0.034946106717794224,0.18693877799374378,0.03143214385976485,0.17729112741410624
689,1,train,14,0.027918181001735487,0.1670873454266824,0.03143214385976485,0.17729112741410624
689,-1,train,30,0.03143214385976485,0.17729112741410624,0.03143214385976485,0.17729112741410624
690,0,train,16,0.04367552545918024,0.20898690260200575,0.030777613405562735,0.17543549642407813
690,1,train,14,0.017879701351945228,0.13371500047468582,0.030777613405562735,0.17543549642407813
690,-1,train,30,0.030777613405562735,0.17543549642407813,0.030777613405562735,0.17543549642407813
691,0,train,16,0.03155125987630734,0.17762674313376164,0.031596352880717424,0.17775362972585798
691,1,train,14,0.03164144588512752,0.17788042580657243,0.031596352880717424,0.17775362972585798
691,-1,train,30,0.031596352880717424,0.17775362972585798,0.031596352880717424,0.17775362972585798
692,0,train,16,0.022308452158791608,0.14936014247044493,0.03221647400553286,0.17948948160138203
692,1,train,14,0.04212449585227411,0.20524252934583054,0.03221647400553286,0.17948948160138203
692,-1,train,30,0.03221647400553286,0.17948948160138203,0.03221647400553286,0.17948948160138203
693,0,train,16,0.03176166160244028,0.17821801705338403,0.03150290603776802,0.17749058013812458
693,1,train,14,0.03124415047309576,0.17676014956175998,0.03150290603776802,0.17749058013812458
693,-1,train,30,0.03150290603776802,0.17749058013812458,0.03150290603776802,0.17749058013812458
694,0,train,16,0.022484839624124134,0.14994945689839673,0.03212825734087658,0.1792435698731661
694,1,train,14,0.04177167505762902,0.20438120035274532,0.03212825734087658,0.1792435698731661
694,-1,train,30,0.03212825734087658,0.1792435698731661,0.03212825734087658,0.1792435698731661
695,0,train,16,0.019772897665042546,0.1406161358630031,0.03228079637625807,0.17966857370240927
695,1,train,14,0.044788695087473594,0.2116333978545768,0.03228079637625807,0.17966857370240927
695,-1,train,30,0.03228079637625807,0.17966857370240927,0.03228079637625807,0.17966857370240927
696,0,train,16,0.03982526916287018,0.1995626948176191,0.030816692595981236,0.17554683875245727
696,1,train,14,0.021808116029092293,0.14767571238728558,0.030816692595981236,0.17554683875245727
696,-1,train,30,0.030816692595981236,0.17554683875245727,0.030816692595981236,0.17554683875245727
697,0,train,16,0.048964670938306,0.2212796216064778,0.030129608123235202,0.17357882394818558
697,1,train,14,0.011294545308164405,0.10627579831817029,0.030129608123235202,0.17357882394818558
697,-1,train,30,0.030129608123235202,0.17357882394818558,0.030129608123235202,0.17357882394818558
698,0,train,16,0.021856380868243413,0.14783903702420215,0.03201288435654333,0.17892144744703842
698,1,train,14,0.04216938784484324,0.20535186350467638,0.03201288435654333,0.17892144744703842
698,-1,train,30,0.03201288435654333,0.17892144744703842,0.03201288435654333,0.17892144744703842
699,0,train,16,0.04894589719401022,0.22123719667815858,0.0300505831800095,0.17335104031995163
699,1,train,14,0.011155269166008775,0.10561850768690483,0.0300505831800095,0.17335104031995163
699,-1,train,30,0.0300505831800095,0.17335104031995163,0.0300505831800095,0.17335104031995163
700,0,train,16,0.034841537045985305,0.18665887882976612,0.031011530026257447,0.1761009086468819
700,1,train,14,0.02718152300652959,0.16486819889393342,0.031011530026257447,0.1761009086468819
700,-1,train,30,0.031011530026257447,0.1761009086468819,0.031011530026257447,0.1761009086468819
701,0,train,16,0.04088821484595157,0.20220834514418926,0.030541390885837103,0.1747609535503772
701,1,train,14,0.020194566925722635,0.1421075892615262,0.030541390885837103,0.1747609535503772
701,-1,train,30,0.030541390885837103,0.1747609535503772,0.030541390885837103,0.1747609535503772
702,0,train,16,0.04009897352289542,0.20024728093758332,0.030563933392996165,0.17482543691636
702,1,train,14,0.021028893263096912,0.14501342442373022,0.030563933392996165,0.17482543691636
702,-1,train,30,0.030563933392996165,0.17482543691636,0.030563933392996165,0.17482543691636
703,0,train,16,0.015472684049754265,0.12438924410797851,0.032273269004255756,0.17964762454387131
703,1,train,14,0.04907385395875725,0.22152619248918906,0.032273269004255756,0.17964762454387131
703,-1,train,30,0.032273269004255756,0.17964762454387131,0.032273269004255756,0.17964762454387131
704,0,train,16,0.043297696400445514,0.208080985196739,0.030255198249574164,0.1739402145841328
704,1,train,14,0.01721270009870281,0.1311971802239012,0.030255198249574164,0.1739402145841328
704,-1,train,30,0.030255198249574164,0.1739402145841328,0.030255198249574164,0.1739402145841328
705,0,train,16,0.034513039480309385,0.18577685399508032,0.030837742904074907,0.17560678490330295
705,1,train,14,0.02716244632784043,0.16481033440849646,0.030837742904074907,0.17560678490330295
705,-1,train,30,0.030837742904074907,0.17560678490330295,0.030837742904074907,0.17560678490330295
706,0,train,16,0.022330270512244437,0.14943316403076137,0.03166998142291386,0.17796061761781412
706,1,train,14,0.04100969233358328,0.20250849941072419,0.03166998142291386,0.17796061761781412
706,-1,train,30,0.03166998142291386,0.17796061761781412,0.03166998142291386,0.17796061761781412
707,0,train,16,0.03703197100322975,0.19243692733784165,0.03058189387874233,0.1748767962845338
707,1,train,14,0.024131816754254916,0.15534418802856745,0.03058189387874233,0.1748767962845338
707,-1,train,30,0.03058189387874233,0.1748767962845338,0.03058189387874233,0.1748767962845338
708,0,train,16,0.03971320735887648,0.19928172861272675,0.030354461385782447,0.1742253178667855
708,1,train,14,0.02099571541268842,0.14489898347707075,0.030354461385782447,0.1742253178667855
708,-1,train,30,0.030354461385782447,0.1742253178667855,0.030354461385782447,0.1742253178667855
709,0,train,16,0.027557838340260803,0.16600553707711319,0.03117835387281811,0.17657393316347153
709,1,train,14,0.03479886940537541,0.18654455072549134,0.03117835387281811,0.17657393316347153
709,-1,train,30,0.03117835387281811,0.17657393316347153,0.03117835387281811,0.17657393316347153
710,0,train,16,0.03699508207696264,0.19234105665968107,0.030466932802862202,0.1745477951818991
710,1,train,14,0.02393878352876176,0.15472163238785247,0.030466932802862202,0.1745477951818991
710,-1,train,30,0.030466932802862202,0.1745477951818991,0.030466932802862202,0.1745477951818991
711,0,train,16,0.05143264102826552,0.22678765625197841,0.029416110240257705,0.17151125397552694
711,1,train,14,0.007399579452249884,0.08602080825154972,0.029416110240257705,0.17151125397552694
711,-1,train,30,0.029416110240257705,0.17151125397552694,0.029416110240257705,0.17151125397552694
712,0,train,16,0.03697398033009608,0.19228619381041395,0.03038882000021677,0.17432389394519837
712,1,train,14,0.023803659670337464,0.1542843468091869,0.03038882000021677,0.17432389394519837
712,-1,train,30,0.03038882000021677,0.17432389394519837,0.03038882000021677,0.17432389394519837
713,0,train,16,0.027772110527292306,0.16664966404794312,0.03100792595638696,0.17609067538171055
713,1,train,14,0.03424374138548161,0.18505064546086192,0.03100792595638696,0.17609067538171055
713,-1,train,30,0.03100792595638696,0.17609067538171055,0.03100792595638696,0.17609067538171055
714,0,train,16,0.015990939975213506,0.12645528844304418,0.03181419565820371,0.17836534320939063
714,1,train,14,0.04763745134119392,0.21826005438740712,0.03181419565820371,0.17836534320939063
714,-1,train,30,0.03181419565820371,0.17836534320939063,0.03181419565820371,0.17836534320939063
715,0,train,16,0.04554018225668501,0.2134014579535131,0.02967096359716788,0.17225261564681066
715,1,train,14,0.01380174493765075,0.11748082795780233,0.02967096359716788,0.17225261564681066
715,-1,train,30,0.02967096359716788,0.17225261564681066,0.02967096359716788,0.17225261564681066
716,0,train,16,0.05162073102047499,0.22720196086406252,0.029201076120832687,0.17088322363775996
716,1,train,14,0.006781421221190383,0.08234938506868393,0.029201076120832687,0.17088322363775996
716,-1,train,30,0.029201076120832687,0.17088322363775996,0.029201076120832687,0.17088322363775996
717,0,train,16,0.031020288562658104,0.17612577483905673,0.030620124520807,0.17498606950499518
717,1,train,14,0.0302199604789559,0.1738388923082401,0.030620124520807,0.17498606950499518
717,-1,train,30,0.030620124520807,0.17498606950499518,0.030620124520807,0.17498606950499518
718,0,train,16,0.01511935376355654,0.122960781404302,0.0317134943242343,0.1780828299534638
718,1,train,14,0.04830763488491206,0.21978997903660683,0.0317134943242343,0.1780828299534638
718,-1,train,30,0.0317134943242343,0.1780828299534638,0.0317134943242343,0.1780828299534638
719,0,train,16,0.013069003229608564,0.11431974120688239,0.03182782273852097,0.17840353903025852
719,1,train,14,0.050586642247433374,0.2249147443975903,0.03182782273852097,0.17840353903025852
719,-1,train,30,0.03182782273852097,0.17840353903025852,0.03182782273852097,0.17840353903025852
720,0,train,16,0.042258644292524496,0.2055690742609999,0.029709019471051965,0.17236304554936352
720,1,train,14,0.017159394649579437,0.13099387256501518,0.029709019471051965,0.17236304554936352
720,-1,train,30,0.029709019471051965,0.17236304554936352,0.029709019471051965,0.17236304554936352
721,0,train,16,0.026944392031371056,0.16414747037761823,0.03075422430174787,0.17536882363107723
721,1,train,14,0.034564056572124684,0.18591411073967645,0.03075422430174787,0.17536882363107723
721,-1,train,30,0.03075422430174787,0.17536882363107723,0.03075422430174787,0.17536882363107723
722,0,train,16,0.01852720574483824,0.13611467865310575,0.03131807818990851,0.17696914473972153
722,1,train,14,0.044108950634978786,0.2100213099544396,0.03131807818990851,0.17696914473972153
722,-1,train,30,0.03131807818990851,0.17696914473972153,0.03131807818990851,0.17696914473972153
723,0,train,16,0.04219333291013209,0.20541015775791635,0.02959328085560179,0.17202697711580528
723,1,train,14,0.016993228801071493,0.13035807915534614,0.02959328085560179,0.17202697711580528
723,-1,train,30,0.02959328085560179,0.17202697711580528,0.02959328085560179,0.17202697711580528
724,0,train,16,0.04511238439854806,0.2123967617421416,0.02934872715716305,0.17131470210452765
724,1,train,14,0.01358506991577804,0.11655500811109766,0.02934872715716305,0.17131470210452765
724,-1,train,30,0.02934872715716305,0.17131470210452765,0.02934872715716305,0.17131470210452765
725,0,train,16,0.015633548228688912,0.12503418823941279,0.0314093050283646,0.17722670517832406
725,1,train,14,0.04718506182804029,0.21722122784856984,0.0314093050283646,0.17722670517832406
725,-1,train,30,0.0314093050283646,0.17722670517832406,0.0314093050283646,0.17722670517832406
726,0,train,16,0.018013687126329565,0.1342150778650803,0.03119839014061742,0.17663066025075436
726,1,train,14,0.044383093154905275,0.21067295306921882,0.03119839014061742,0.17663066025075436
726,-1,train,30,0.03119839014061742,0.17663066025075436,0.03119839014061742,0.17663066025075436
727,0,train,16,0.029972705425377232,0.1731262701769354,0.030311298384212634,0.17410140259116993
727,1,train,14,0.030649891343048033,0.17507110367804285,0.030311298384212634,0.17410140259116993
727,-1,train,30,0.030311298384212634,0.17410140259116993,0.030311298384212634,0.17410140259116993
728,0,train,16,0.04152034130043454,0.20376540751666986,0.029456347704716633,0.17162851658368616
728,1,train,14,0.017392354108998725,0.13188007472320723,0.029456347704716633,0.17162851658368616
728,-1,train,30,0.029456347704716633,0.17162851658368616,0.029456347704716633,0.17162851658368616
729,0,train,16,0.03023886070412662,0.17389324513656826,0.030212815429242736,0.17381834031322108
729,1,train,14,0.030186770154358847,0.17374340319666484,0.030212815429242736,0.17381834031322108
729,-1,train,30,0.030212815429242736,0.17381834031322108,0.030212815429242736,0.17381834031322108
730,0,train,16,0.044802003797238844,0.21166483835828484,0.029142156904858007,0.1707107404496214
730,1,train,14,0.01348231001247717,0.1161133498460757,0.029142156904858007,0.1707107404496214
730,-1,train,30,0.029142156904858007,0.1707107404496214,0.029142156904858007,0.1707107404496214
731,0,train,16,0.03909097598173209,0.19771437980514237,0.029509065864837557,0.17178203009872003
731,1,train,14,0.019927155747943022,0.14116357797938894,0.029509065864837557,0.17178203009872003
731,-1,train,30,0.029509065864837557,0.17178203009872003,0.029509065864837557,0.17178203009872003
732,0,train,16,0.026380189388619423,0.1624197937094473,0.03037566346466123,0.17428615396715033
732,1,train,14,0.03437113754070304,0.18539454560666838,0.03037566346466123,0.17428615396715033
732,-1,train,30,0.03037566346466123,0.17428615396715033,0.03037566346466123,0.17428615396715033
733,0,train,16,0.020835551698453705,0.14434525173504567,0.03073497299406131,0.1753139269826026
733,1,train,14,0.04063439428966892,0.20157974672488532,0.03073497299406131,0.1753139269826026
733,-1,train,30,0.03073497299406131,0.1753139269826026,0.03073497299406131,0.1753139269826026
734,0,train,16,0.03900039605890276,0.19748517933987542,0.029404544394118458,0.1714775332051358
734,1,train,14,0.019808692729334155,0.1407433576739384,0.029404544394118458,0.1714775332051358
734,-1,train,30,0.029404544394118458,0.1714775332051358,0.029404544394118458,0.1714775332051358
735,0,train,16,0.02501848906950456,0.15817233977375614,0.030362264841503974,0.17424771115140644
735,1,train,14,0.03570604061350339,0.1889604207592251,0.030362264841503974,0.17424771115140644
735,-1,train,30,0.030362264841503974,0.17424771115140644,0.030362264841503974,0.17424771115140644
736,0,train,16,0.023829708803032396,0.1543687429599412,0.03040916172115414,0.17438222879970924
736,1,train,14,0.036988614639275885,0.19232424350371402,0.03040916172115414,0.17438222879970924
736,-1,train,30,0.03040916172115414,0.17438222879970924,0.03040916172115414,0.17438222879970924
737,0,train,16,0.007070272763530563,0.0840849140067977,0.031579871572692965,0.1777072637026775
737,1,train,14,0.05608947038185536,0.23683215656210066,0.031579871572692965,0.1777072637026775
737,-1,train,30,0.031579871572692965,0.1777072637026775,0.031579871572692965,0.1777072637026775
738,0,train,16,0.02390254462659894,0.15460447802893337,0.030329702589505847,0.17415424941558516
738,1,train,14,0.03675686055241275,0.19172078800279524,0.030329702589505847,0.17415424941558516
738,-1,train,30,0.030329702589505847,0.17415424941558516,0.030329702589505847,0.17415424941558516
739,0,train,16,0.023744007598814554,0.15409090693098848,0.03030309528916956,0.17407784261407183
739,1,train,14,0.03686218297952456,0.19199526811753606,0.03030309528916956,0.17407784261407183
739,-1,train,30,0.03030309528916956,0.17407784261407183,0.03030309528916956,0.17407784261407183
740,0,train,16,0.023970518085241112,0.15482415213796946,0.03024873432157745,0.1739216327015632
740,1,train,14,0.03652695055791379,0.191120251564071,0.03024873432157745,0.1739216327015632
740,-1,train,30,0.03024873432157745,0.1739216327015632,0.03024873432157745,0.1739216327015632
741,0,train,16,0.032481420144417524,0.18022602515845906,0.029608570614554606,0.17207141138072474
741,1,train,14,0.026735721084691688,0.16351061459333974,0.029608570614554606,0.17207141138072474
741,-1,train,30,0.029608570614554606,0.17207141138072474,0.029608570614554606,0.17207141138072474
742,0,train,16,0.03251075268316508,0.18030738388420225,0.0295674362549124,0.17195184283662795
742,1,train,14,0.026624119826659718,0.16316899162114018,0.0295674362549124,0.17195184283662795
742,-1,train,30,0.0295674362549124,0.17195184283662795,0.0295674362549124,0.17195184283662795
743,0,train,16,0.04101486731772829,0.2025212762100029,0.028928617130944037,0.17008414720644613
743,1,train,14,0.016842366944159786,0.12977814509446414,0.028928617130944037,0.17008414720644613
743,-1,train,30,0.028928617130944037,0.17008414720644613,0.028928617130944037,0.17008414720644613
744,0,train,16,0.014726454625013955,0.12135260452505317,0.030758874488894677,0.17538208143620224
744,1,train,14,0.046791294352775396,0.21631295465777217,0.030758874488894677,0.17538208143620224
744,-1,train,30,0.030758874488894677,0.17538208143620224,0.030758874488894677,0.17538208143620224
745,0,train,16,0.024355799932141955,0.15606344841807757,0.030035943092335968,0.1733088084672443
745,1,train,14,0.03571608625252998,0.188987000220994,0.030035943092335968,0.1733088084672443
745,-1,train,30,0.030035943092335968,0.1733088084672443,0.030035943092335968,0.1733088084672443
746,0,train,16,0.012287588786281597,0.11084939686927303,0.03085927851611659,0.17566809191232366
746,1,train,14,0.049430968245951584,0.22233076315694952,0.03085927851611659,0.17566809191232366
746,-1,train,30,0.03085927851611659,0.17566809191232366,0.03085927851611659,0.17566809191232366
747,0,train,16,0.034865978426160786,0.18672433806593286,0.029218016193695965,0.17093278267698084
747,1,train,14,0.023570053961231144,0.15352541796468475,0.029218016193695965,0.17093278267698084
747,-1,train,30,0.029218016193695965,0.17093278267698084,0.029218016193695965,0.17093278267698084
748,0,train,16,0.03148556017402606,0.17744170922876634,0.029414652642985088,0.1715070046469971
748,1,train,14,0.027343745111944113,0.16535944216144452,0.029414652642985088,0.1715070046469971
748,-1,train,30,0.029414652642985088,0.1715070046469971,0.029414652642985088,0.1715070046469971
749,0,train,16,0.049589276846720126,0.22268649902210086,0.028101703054591504,0.1676356258514028
749,1,train,14,0.006614129262462879,0.08132729715454018,0.028101703054591504,0.1676356258514028
749,-1,train,30,0.028101703054591504,0.1676356258514028,0.028101703054591504,0.1676356258514028
750,0,train,16,0.03305604193365202,0.18181320615855168,0.02922755453401043,0.17096068125159783
750,1,train,14,0.025399067134368843,0.15937084781844152,0.02922755453401043,0.17096068125159783
750,-1,train,30,0.02922755453401043,0.17096068125159783,0.02922755453401043,0.17096068125159783
751,0,train,16,0.032712466605456646,0.18086588015835559,0.02921463351785486,0.17092288763607658
751,1,train,14,0.025716800430253078,0.16036458596040798,0.02921463351785486,0.17092288763607658
751,-1,train,30,0.02921463351785486,0.17092288763607658,0.02921463351785486,0.17092288763607658
752,0,train,16,0.02330420243492971,0.15265714013739975,0.02984868939240446,0.1727677324977221
752,1,train,14,0.036393176349879215,0.19076995662283727,0.02984868939240446,0.1727677324977221
752,-1,train,30,0.02984868939240446,0.1727677324977221,0.02984868939240446,0.1727677324977221
753,0,train,16,0.04908378487349615,0.2215486061195063,0.02798689243620736,0.167292834383925
753,1,train,14,0.006889999998918577,0.08300602387127441,0.02798689243620736,0.167292834383925
753,-1,train,30,0.02798689243620736,0.167292834383925,0.02798689243620736,0.167292834383925
754,0,train,16,0.03529826749778642,0.18787833163456188,0.02891913746263793,0.17005627733970283
754,1,train,14,0.02254000742748944,0.15013329886300852,0.02891913746263793,0.17005627733970283
754,-1,train,30,0.02891913746263793,0.17005627733970283,0.02891913746263793,0.17005627733970283
755,0,train,16,0.022794647694742192,0.1509789644114113,0.029771966207726888,0.1725455482118472
755,1,train,14,0.03674928472071159,0.19170102952439141,0.029771966207726888,0.1725455482118472
755,-1,train,30,0.029771966207726888,0.1725455482118472,0.029771966207726888,0.1725455482118472
756,0,train,16,0.0236458458358734,0.15377205804655605,0.029676240745794003,0.17226793301654839
756,1,train,14,0.03570663565571461,0.1889619952681348,0.029676240745794003,0.17226793301654839
756,-1,train,30,0.029676240745794003,0.17226793301654839,0.029676240745794003,0.17226793301654839
757,0,train,16,0.040406499810252565,0.20101368065445835,0.02844829230100255,0.16866621564795525
757,1,train,14,0.01649008479175253,0.12841372509102184,0.02844829230100255,0.16866621564795525
757,-1,train,30,0.02844829230100255,0.16866621564795525,0.02844829230100255,0.16866621564795525
758,0,train,16,0.026538051196752885,0.16290503735843434,0.029396093313998405,0.17145288948862428
758,1,train,14,0.032254135431243926,0.1795943635842838,0.029396093313998405,0.17145288948862428
758,-1,train,30,0.029396093313998405,0.17145288948862428,0.029396093313998405,0.17145288948862428
759,0,train,16,0.040671600648492234,0.20167201255625986,0.028351273785415982,0.1683783649564753
759,1,train,14,0.01603094692233973,0.1266133757639363,0.028351273785415982,0.1683783649564753
759,-1,train,30,0.028351273785415982,0.1683783649564753,0.028351273785415982,0.1683783649564753
760,0,train,16,0.03751152654603515,0.19367892643763582,0.028544764025387023,0.1689519577435758
760,1,train,14,0.019578001504738894,0.13992141188802695,0.028544764025387023,0.1689519577435758
760,-1,train,30,0.028544764025387023,0.1689519577435758,0.028544764025387023,0.1689519577435758
761,0,train,16,0.03760995121752475,0.19393285234205357,0.02849995844959395,0.1688193070996145
761,1,train,14,0.01938996568166315,0.13924785700923067,0.02849995844959395,0.1688193070996145
761,-1,train,30,0.02849995844959395,0.1688193070996145,0.02849995844959395,0.1688193070996145
762,0,train,16,0.04567935430902977,0.21372728957489207,0.027887004071422132,0.16699402405901276
762,1,train,14,0.010094653833814495,0.10047215451962048,0.027887004071422132,0.16699402405901276
762,-1,train,30,0.027887004071422132,0.16699402405901276,0.027887004071422132,0.16699402405901276
763,0,train,16,0.009372973906725156,0.09681412038915169,0.030442174470398077,0.17447685941235325
763,1,train,14,0.051511375034070994,0.22696117516895042,0.030442174470398077,0.17447685941235325
763,-1,train,30,0.030442174470398077,0.17447685941235325,0.030442174470398077,0.17447685941235325
764,0,train,16,0.04035959604034727,0.2008969786740141,0.028191724008046752,0.1679039130218434
764,1,train,14,0.016023851975746232,0.1265853545073293,0.028191724008046752,0.1679039130218434
764,-1,train,30,0.028191724008046752,0.1679039130218434,0.028191724008046752,0.1679039130218434
765,0,train,16,0.017498171509025152,0.13228065432641747,0.02978421439241883,0.17258103717505824
765,1,train,14,0.04207025727581251,0.20511035389714607,0.02978421439241883,0.17258103717505824
765,-1,train,30,0.02978421439241883,0.17258103717505824,0.02978421439241883,0.17258103717505824
766,0,train,16,0.03229398286324018,0.17970526665415285,0.028691331552837655,0.16938515741598392
766,1,train,14,0.02508868024243513,0.15839406631068959,0.028691331552837655,0.16938515741598392
766,-1,train,30,0.028691331552837655,0.16938515741598392,0.028691331552837655,0.16938515741598392
767,0,train,16,0.029299591890940186,0.17117123558279349,0.028866865468591584,0.16990251754636124
767,1,train,14,0.028434139046242982,0.16862425402723946,0.028866865468591584,0.16990251754636124
767,-1,train,30,0.028866865468591584,0.16990251754636124,0.028866865468591584,0.16990251754636124
768,0,train,16,0.037275623270261335,0.1930689598828909,0.028262329847592,0.16811403822284443
768,1,train,14,0.019249036424922667,0.13874089672811932,0.028262329847592,0.16811403822284443
768,-1,train,30,0.028262329847592,0.16811403822284443,0.028262329847592,0.16811403822284443
769,0,train,16,0.04897276714783588,0.22129791491976575,0.027405250052697155,0.16554531117702234
769,1,train,14,0.005837732957558424,0.07640505845530401,0.027405250052697155,0.16554531117702234
769,-1,train,30,0.027405250052697155,0.16554531117702234,0.027405250052697155,0.16554531117702234
770,0,train,16,0.039909404584159404,0.19977338307231873,0.0280029183154828,0.16734072521500198
770,1,train,14,0.0160964320468062,0.12687171492025398,0.0280029183154828,0.16734072521500198
770,-1,train,30,0.0280029183154828,0.16734072521500198,0.0280029183154828,0.16734072521500198
771,0,train,16,0.014843675567202197,0.12183462384397219,0.029756045922069534,0.17249940846875253
771,1,train,14,0.04466841627693687,0.21134903897803006,0.029756045922069534,0.17249940846875253
771,-1,train,30,0.029756045922069534,0.17249940846875253,0.029756045922069534,0.17249940846875253
772,0,train,16,0.028720986496511277,0.16947267182797135,0.028723271154242495,0.16947941218402457
772,1,train,14,0.02872555581197371,0.1694861522720181,0.028723271154242495,0.16947941218402457
772,-1,train,30,0.028723271154242495,0.16947941218402457,0.028723271154242495,0.16947941218402457
773,0,train,16,0.04569635757099464,0.21376706381244664,0.027483353957271875,0.16578104221313086
773,1,train,14,0.009270350343549106,0.09628265858164234,0.027483353957271875,0.16578104221313086
773,-1,train,30,0.027483353957271875,0.16578104221313086,0.027483353957271875,0.16578104221313086
774,0,train,16,0.022322691823041977,0.14940780375549992,0.029105877968274456,0.17060444885252687
774,1,train,14,0.03588906411350693,0.18944409231619477,0.029105877968274456,0.17060444885252687
774,-1,train,30,0.029105877968274456,0.17060444885252687,0.029105877968274456,0.17060444885252687
775,0,train,16,0.00622051828163566,0.07887026234035018,0.030228060375057632,0.17386218788183253
775,1,train,14,0.0542356024684796,0.23288538483228097,0.030228060375057632,0.17386218788183253
775,-1,train,30,0.030228060375057632,0.17386218788183253,0.030228060375057632,0.17386218788183253
776,0,train,16,0.034495668652534915,0.18573009624865572,0.02816827635575242,0.16783407388177293
776,1,train,14,0.021840884058969928,0.1477866166436255,0.02816827635575242,0.16783407388177293
776,-1,train,30,0.02816827635575242,0.16783407388177293,0.02816827635575242,0.16783407388177293
777,0,train,16,0.04839602404657559,0.21999096355663247,0.027150698640162674,0.1647746905327474
777,1,train,14,0.005905373233749756,0.07684642629133612,0.027150698640162674,0.1647746905327474
777,-1,train,30,0.027150698640162674,0.1647746905327474,0.027150698640162674,0.1647746905327474
778,0,train,16,0.045014233850882344,0.212165581211662,0.02734948549410171,0.16537679853625692
778,1,train,14,0.009684737137321079,0.09841106206784417,0.02734948549410171,0.16537679853625692
778,-1,train,30,0.02734948549410171,0.16537679853625692,0.02734948549410171,0.16537679853625692
779,0,train,16,0.029095566867020247,0.17057422685452878,0.02843981226858118,0.1686410752710655
779,1,train,14,0.02778405767014211,0.16668550527907972,0.02843981226858118,0.1686410752710655
779,-1,train,30,0.02843981226858118,0.1686410752710655,0.02843981226858118,0.1686410752710655
780,0,train,16,0.014690521272525655,0.12120446061315422,0.029432333174326752,0.17155854153707054
780,1,train,14,0.04417414507612785,0.21017646175565868,0.029432333174326752,0.17155854153707054
780,-1,train,30,0.029432333174326752,0.17155854153707054,0.029432333174326752,0.17155854153707054
781,0,train,16,0.0281760494801362,0.1678572294544867,0.028431653580570065,0.16861688403173053
781,1,train,14,0.028687257681003935,0.16937313152033276,0.028431653580570065,0.16861688403173053
781,-1,train,30,0.028431653580570065,0.16861688403173053,0.028431653580570065,0.16861688403173053
782,0,train,16,0.02548873363753663,0.15965191398018574,0.028587403313815957,0.16907809826768208
782,1,train,14,0.031686072990095286,0.17800582291064326,0.028587403313815957,0.16907809826768208
782,-1,train,30,0.028587403313815957,0.16907809826768208,0.028587403313815957,0.16907809826768208
783,0,train,16,0.039896360698698764,0.1997407336992101,0.027525180152743463,0.16590714316370908
783,1,train,14,0.015153999606788164,0.1231015824706903,0.027525180152743463,0.16590714316370908
783,-1,train,30,0.027525180152743463,0.16590714316370908,0.027525180152743463,0.16590714316370908
784,0,train,16,0.022461529257330266,0.14987170932944704,0.028728498345316544,0.16949483279827898
784,1,train,14,0.034995467433302826,0.18707075515243646,0.028728498345316544,0.16949483279827898
784,-1,train,30,0.028728498345316544,0.16949483279827898,0.028728498345316544,0.16949483279827898
785,0,train,16,0.01198373261506916,0.1094702362063276,0.029445116646146626,0.1715957943719677
785,1,train,14,0.04690650067722409,0.21657908642623852,0.029445116646146626,0.1715957943719677
785,-1,train,30,0.029445116646146626,0.1715957943719677,0.029445116646146626,0.1715957943719677
786,0,train,16,0.03319496270806808,0.18219484819299386,0.027898400140684416,0.16702814176265152
786,1,train,14,0.022601837573300754,0.15033907533738777,0.027898400140684416,0.16702814176265152
786,-1,train,30,0.027898400140684416,0.16702814176265152,0.027898400140684416,0.16702814176265152
787,0,train,16,0.008847368657056973,0.09406045214146577,0.02959277229075442,0.17202549895510963
787,1,train,14,0.05033817592445187,0.22436170779447162,0.02959277229075442,0.17202549895510963
787,-1,train,30,0.02959277229075442,0.17202549895510963,0.02959277229075442,0.17202549895510963
788,0,train,16,0.023432684117304037,0.15307737950887465,0.02851196609178077,0.16885486694727153
788,1,train,14,0.033591248066257504,0.18327915338700554,0.02851196609178077,0.16885486694727153
788,-1,train,30,0.02851196609178077,0.16885486694727153,0.02851196609178077,0.16885486694727153
789,0,train,16,0.0327936991009077,0.18109030647968902,0.027812772934731604,0.16677161909249308
789,1,train,14,0.022831846768555503,0.15110210709502203,0.027812772934731604,0.16677161909249308
789,-1,train,30,0.027812772934731604,0.16677161909249308,0.027812772934731604,0.16677161909249308
790,0,train,16,0.016635224724560114,0.1289776132689705,0.028921034839073413,0.17006185592034861
790,1,train,14,0.041206844953586716,0.20299469193451025,0.028921034839073413,0.17006185592034861
790,-1,train,30,0.028921034839073413,0.17006185592034861,0.028921034839073413,0.17006185592034861
791,0,train,16,0.036233978999219915,0.19035224978765003,0.027497049134403186,0.16582234208454297
791,1,train,14,0.018760119269586456,0.13696758474028245,0.027497049134403186,0.16582234208454297
791,-1,train,30,0.027497049134403186,0.16582234208454297,0.027497049134403186,0.16582234208454297
792,0,train,16,0.03379992316498776,0.18384755414469828,0.027624834753225497,0.16620720427594435
792,1,train,14,0.02144974634146323,0.14645731918024182,0.027624834753225497,0.16620720427594435
792,-1,train,30,0.027624834753225497,0.16620720427594435,0.027624834753225497,0.16620720427594435
793,0,train,16,0.006090456606733342,0.07804137752970114,0.029574545569658772,0.1719725139947043
793,1,train,14,0.0530586345325842,0.2303445995298874,0.029574545569658772,0.1719725139947043
793,-1,train,30,0.029574545569658772,0.1719725139947043,0.029574545569658772,0.1719725139947043
794,0,train,16,0.011445017371667717,0.10698138796850468,0.029146685442881983,0.17072400371032184
794,1,train,14,0.04684835351409625,0.21644480477501937,0.029146685442881983,0.17072400371032184
794,-1,train,30,0.029146685442881983,0.17072400371032184,0.029146685442881983,0.17072400371032184
795,0,train,16,0.027811539605436048,0.1667679213920832,0.027941373734202704,0.16715673403785652
795,1,train,14,0.028071207862969356,0.167544644387606,0.027941373734202704,0.16715673403785652
795,-1,train,30,0.027941373734202704,0.16715673403785652,0.027941373734202704,0.16715673403785652
796,0,train,16,0.028228244475218305,0.16801263189182622,0.02787467506436862,0.16695710546235706
796,1,train,14,0.027521105653518934,0.16589486325235914,0.02787467506436862,0.16695710546235706
796,-1,train,30,0.02787467506436862,0.16695710546235706,0.02787467506436862,0.16695710546235706
797,0,train,16,0.036141801598963096,0.1901099723816799,0.027278938489042392,0.16516336908964527
797,1,train,14,0.018416075379121693,0.13570584135961758,0.027278938489042392,0.16516336908964527
797,-1,train,30,0.027278938489042392,0.16516336908964527,0.027278938489042392,0.16516336908964527
798,0,train,16,0.031410246921736,0.17722936247060192,0.027571372804231546,0.16604629717109487
798,1,train,14,0.023732498686727093,0.1540535578515702,0.027571372804231546,0.16604629717109487
798,-1,train,30,0.027571372804231546,0.16604629717109487,0.027571372804231546,0.16604629717109487
799,0,train,16,0.019434109621499437,0.13940627540214764,0.02838705007451906,0.1684845692475102
799,1,train,14,0.03733999052753868,0.19323558297461335,0.02838705007451906,0.1684845692475102
799,-1,train,30,0.02838705007451906,0.1684845692475102,0.02838705007451906,0.1684845692475102
800,0,train,16,0.02986683196563117,0.17282023019783063,0.02760964401875156,0.16616149980892553
800,1,train,14,0.025352456071871945,0.15922454607211775,0.02760964401875156,0.16616149980892553
800,-1,train,30,0.02760964401875156,0.16616149980892553,0.02760964401875156,0.16616149980892553
801,0,train,16,0.02952599808780387,0.17183130706540026,0.027596342630328986,0.16612146950448334
801,1,train,14,0.0256666871728541,0.1602082618745179,0.027596342630328986,0.16612146950448334
801,-1,train,30,0.027596342630328986,0.16612146950448334,0.027596342630328986,0.16612146950448334
802,0,train,16,0.03299453343943993,0.18164397440994273,0.027314176828550557,0.16527001188524965
802,1,train,14,0.021633820217661182,0.14708439828092298,0.027314176828550557,0.16527001188524965
802,-1,train,30,0.027314176828550557,0.16527001188524965,0.027314176828550557,0.16527001188524965
803,0,train,16,0.022450854646587304,0.14983609260317524,0.028025859587287764,0.1674092577705539
803,1,train,14,0.033600864527988224,0.1833053859764852,0.028025859587287764,0.1674092577705539
803,-1,train,30,0.028025859587287764,0.1674092577705539,0.028025859587287764,0.1674092577705539
804,0,train,16,0.035729377161468616,0.18902216050365264,0.027044897274939843,0.16445332856144884
804,1,train,14,0.01836041738841107,0.13550061766800575,0.027044897274939843,0.16445332856144884
804,-1,train,30,0.027044897274939843,0.16445332856144884,0.027044897274939843,0.16445332856144884
805,0,train,16,0.030975500664099872,0.175998581426385,0.027344885033436298,0.16536288892443884
805,1,train,14,0.023714269402772725,0.153994381075326,0.027344885033436298,0.16536288892443884
805,-1,train,30,0.027344885033436298,0.16536288892443884,0.027344885033436298,0.16536288892443884
806,0,train,16,0.04329876737933048,0.20808355864731476,0.02643883355832407,0.16260022619395112
806,1,train,14,0.009578899737317662,0.09787185365220004,0.02643883355832407,0.16260022619395112
806,-1,train,30,0.02643883355832407,0.16260022619395112,0.02643883355832407,0.16260022619395112
807,0,train,16,0.04160628599871968,0.20397618978380708,0.026516776183439818,0.16283972544634132
807,1,train,14,0.011427266368159954,0.1068983927295446,0.026516776183439818,0.16283972544634132
807,-1,train,30,0.026516776183439818,0.16283972544634132,0.026516776183439818,0.16283972544634132
808,0,train,16,0.03068894877027782,0.17518261549102931,0.02725665769970535,0.16509590455158282
808,1,train,14,0.023824366629132877,0.15435143870120835,0.02725665769970535,0.16509590455158282
808,-1,train,30,0.02725665769970535,0.16509590455158282,0.02725665769970535,0.16509590455158282
809,0,train,16,0.025196580269479615,0.15873430715973033,0.02761294655064865,0.16617143722869057
809,1,train,14,0.030029312831817687,0.17328967895353053,0.02761294655064865,0.16617143722869057
809,-1,train,30,0.02761294655064865,0.16617143722869057,0.02761294655064865,0.16617143722869057
810,0,train,16,0.018860089425260355,0.13733204078167757,0.028026741419229936,0.16741189151081812
810,1,train,14,0.037193393413199514,0.19285588768093007,0.028026741419229936,0.16741189151081812
810,-1,train,30,0.028026741419229936,0.16741189151081812,0.028026741419229936,0.16741189151081812
811,0,train,16,0.01941939876287106,0.13935350287262627,0.02795341660118983,0.1671927528369272
811,1,train,14,0.0364874344395086,0.19101684333981808,0.02795341660118983,0.1671927528369272
811,-1,train,30,0.02795341660118983,0.1671927528369272,0.02795341660118983,0.1671927528369272
812,0,train,16,0.019006210612873744,0.13786301394091796,0.027945426078318,0.1671688549889542
812,1,train,14,0.03688464154376226,0.1920537464975944,0.027945426078318,0.1671688549889542
812,-1,train,30,0.027945426078318,0.1671688549889542,0.027945426078318,0.1671688549889542
813,0,train,16,0.03867565376357612,0.19666126655642213,0.026507994117816625,0.16281275784721733
813,1,train,14,0.014340334472057122,0.11975113557731769,0.026507994117816625,0.16281275784721733
813,-1,train,30,0.026507994117816625,0.16281275784721733,0.026507994117816625,0.16281275784721733
814,0,train,16,0.03294351614339607,0.1815034879648214,0.026878813358497337,0.1639475933293848
814,1,train,14,0.0208141105735986,0.14427096233684242,0.026878813358497337,0.1639475933293848
814,-1,train,30,0.026878813358497337,0.1639475933293848,0.026878813358497337,0.1639475933293848
815,0,train,16,0.010525634451034197,0.10259451472195869,0.02844315697988964,0.16865099163624755
815,1,train,14,0.04636067950874508,0.21531530254198164,0.02844315697988964,0.16865099163624755
815,-1,train,30,0.02844315697988964,0.16865099163624755,0.02844315697988964,0.16865099163624755
816,0,train,16,0.03785488514166554,0.19456331910631444,0.02646289095398895,0.16267418650169715
816,1,train,14,0.015070896766312363,0.12276358078156714,0.02646289095398895,0.16267418650169715
816,-1,train,30,0.02646289095398895,0.16267418650169715,0.02646289095398895,0.16267418650169715
817,0,train,16,0.029562282559088094,0.17193685631384592,0.027010555447919624,0.16434888331814007
817,1,train,14,0.024458828336751153,0.1563931850713168,0.027010555447919624,0.16434888331814007
817,-1,train,30,0.027010555447919624,0.16434888331814007,0.027010555447919624,0.16434888331814007
818,0,train,16,0.03191005390729337,0.17863385431461018,0.026809518257001973,0.1637361238609305
818,1,train,14,0.021708982606710572,0.14733968442585513,0.026809518257001973,0.1637361238609305
818,-1,train,30,0.026809518257001973,0.1637361238609305,0.026809518257001973,0.1637361238609305
819,0,train,16,0.01922154962667591,0.1386418033158683,0.02767614054198187,0.16636147553439729
819,1,train,14,0.03613073145728783,0.19008085505196948,0.02767614054198187,0.16636147553439729
819,-1,train,30,0.02767614054198187,0.16636147553439729,0.02767614054198187,0.16636147553439729
820,0,train,16,0.027807259134523626,0.1667550872822884,0.027028515750274394,0.16440351501800196
820,1,train,14,0.026249772366025166,0.1620178149649759,0.027028515750274394,0.16440351501800196
820,-1,train,30,0.027028515750274394,0.16440351501800196,0.027028515750274394,0.16440351501800196
821,0,train,16,0.022461296674276644,0.14987093338695348,0.027373116609562563,0.1654482293938577
821,1,train,14,0.032284936544848486,0.17968009501569307,0.027373116609562563,0.1654482293938577
821,-1,train,30,0.027373116609562563,0.1654482293938577,0.027373116609562563,0.1654482293938577
822,0,train,16,0.018948361990317197,0.1376530493317064,0.027585322202509713,0.16608829640438158
822,1,train,14,0.036222282414702225,0.19032152378199957,0.027585322202509713,0.16608829640438158
822,-1,train,30,0.027585322202509713,0.16608829640438158,0.027585322202509713,0.16608829640438158
823,0,train,16,0.013630551554684532,0.11674995312497788,0.0279306753349761,0.16712472987255986
823,1,train,14,0.04223079911526767,0.2055013360425369,0.0279306753349761,0.16712472987255986
823,-1,train,30,0.0279306753349761,0.16712472987255986,0.0279306753349761,0.16712472987255986
824,0,train,16,0.023428585357756607,0.15306399105523352,0.027195017504034316,0.16490911892322485
824,1,train,14,0.03096144965031202,0.17595865892394164,0.027195017504034316,0.16490911892322485
824,-1,train,30,0.027195017504034316,0.16490911892322485,0.027195017504034316,0.16490911892322485
825,0,train,16,0.03485973140169387,0.18670760938347924,0.02634446283610339,0.16230977430858373
825,1,train,14,0.01782919427051291,0.13352600597079547,0.02634446283610339,0.16230977430858373
825,-1,train,30,0.02634446283610339,0.16230977430858373,0.02634446283610339,0.16230977430858373
826,0,train,16,0.04014674062142029,0.20036651571911981,0.025940038631729695,0.16105911533263087
826,1,train,14,0.011733336642039096,0.10832052733456894,0.025940038631729695,0.16105911533263087
826,-1,train,30,0.025940038631729695,0.16105911533263087,0.025940038631729695,0.16105911533263087
827,0,train,16,0.01427435197352757,0.11947531951632341,0.02774108253796971,0.1665565445666117
827,1,train,14,0.04120781310241185,0.20299707658587562,0.02774108253796971,0.1665565445666117
827,-1,train,30,0.02774108253796971,0.1665565445666117,0.02774108253796971,0.1665565445666117
828,0,train,16,0.013245494182104155,0.11508907064575748,0.02777585313329258,0.1666608926331927
828,1,train,14,0.04230621208448101,0.20568473955177377,0.02777585313329258,0.1666608926331927
828,-1,train,30,0.02777585313329258,0.1666608926331927,0.02777585313329258,0.1666608926331927
829,0,train,16,0.010720009007883209,0.10353747634496027,0.027923230454777785,0.1671024549633481
829,1,train,14,0.04512645190167236,0.21242987525692417,0.027923230454777785,0.1671024549633481
829,-1,train,30,0.027923230454777785,0.1671024549633481,0.027923230454777785,0.1671024549633481
830,0,train,16,0.023162294493536708,0.152191637396858,0.02699824982190803,0.16431144154290664
830,1,train,14,0.030834205150279355,0.1755967116727399,0.02699824982190803,0.16431144154290664
830,-1,train,30,0.02699824982190803,0.16431144154290664,0.02699824982190803,0.16431144154290664
831,0,train,16,0.024372225426869162,0.15611606396162173,0.02687280001587092,0.16392925308153797
831,1,train,14,0.02937337460487268,0.1713866231795022,0.02687280001587092,0.16392925308153797
831,-1,train,30,0.02687280001587092,0.16392925308153797,0.02687280001587092,0.16392925308153797
832,0,train,16,0.026459081569351634,0.16266247744747905,0.026686524984944907,0.1633601083035418
832,1,train,14,0.026913968400538175,0.16405477256251394,0.026686524984944907,0.1633601083035418
832,-1,train,30,0.026686524984944907,0.1633601083035418,0.026686524984944907,0.1633601083035418
833,0,train,16,0.023975924667677034,0.15484161155089105,0.026827303565842335,0.16379042574534794
833,1,train,14,0.02967868246400764,0.17227501984909954,0.026827303565842335,0.16379042574534794
833,-1,train,30,0.026827303565842335,0.16379042574534794,0.026827303565842335,0.16379042574534794
834,0,train,16,0.037485416013312775,0.19361150795681742,0.02583054903845038,0.1607188509119275
834,1,train,14,0.014175682063587986,0.11906167336127939,0.02583054903845038,0.1607188509119275
834,-1,train,30,0.02583054903845038,0.1607188509119275,0.02583054903845038,0.1607188509119275
835,0,train,16,0.026035754194037,0.16135598592564515,0.026608412099911057,0.16312085121133674
835,1,train,14,0.02718107000578511,0.16486682506127517,0.026608412099911057,0.16312085121133674
835,-1,train,30,0.026608412099911057,0.16312085121133674,0.026608412099911057,0.16312085121133674
836,0,train,16,0.04044554749618659,0.20111078413696912,0.025547093524984795,0.1598345817555913
836,1,train,14,0.010648639553782998,0.10319224560878108,0.025547093524984795,0.1598345817555913
836,-1,train,30,0.025547093524984795,0.1598345817555913,0.025547093524984795,0.1598345817555913
837,0,train,16,0.018717337380348652,0.13681132036622062,0.027056729210190478,0.16448929816310384
837,1,train,14,0.035396121040032306,0.18813856872005885,0.027056729210190478,0.16448929816310384
837,-1,train,30,0.027056729210190478,0.16448929816310384,0.027056729210190478,0.16448929816310384
838,0,train,16,0.03963773739215671,0.19909228360776995,0.02553614102535986,0.15980031609906115
838,1,train,14,0.011434544658563008,0.10693243034067358,0.02553614102535986,0.15980031609906115
838,-1,train,30,0.02553614102535986,0.15980031609906115,0.02553614102535986,0.15980031609906115
839,0,train,16,0.028843804729487502,0.16983463936867385,0.02626273795545498,0.16205782287645043
839,1,train,14,0.023681671181422455,0.15388850243414046,0.02626273795545498,0.16205782287645043
839,-1,train,30,0.02626273795545498,0.16205782287645043,0.02626273795545498,0.16205782287645043
840,0,train,16,0.04467102412385165,0.21135520841429872,0.02511301509419921,0.15847086512731356
840,1,train,14,0.005555006064546774,0.07453191306109601,0.02511301509419921,0.15847086512731356
840,-1,train,30,0.02511301509419921,0.15847086512731356,0.02511301509419921,0.15847086512731356
841,0,train,16,0.03965918782313213,0.1991461468950181,0.025423632281641684,0.15944789832933415
841,1,train,14,0.011188076740151234,0.10577370533431849,0.025423632281641684,0.15944789832933415
841,-1,train,30,0.025423632281641684,0.15944789832933415,0.025423632281641684,0.15944789832933415
842,0,train,16,0.016288548011779078,0.12762659602049675,0.027053406131971672,0.16447919665408045
842,1,train,14,0.037818264252164266,0.19446918586800394,0.027053406131971672,0.16447919665408045
842,-1,train,30,0.027053406131971672,0.16447919665408045,0.027053406131971672,0.16447919665408045
843,0,train,16,0.029681184180127284,0.1722822805169681,0.026060653736807222,0.16143312465788184
843,1,train,14,0.022440123293487164,0.14980027801538676,0.026060653736807222,0.16143312465788184
843,-1,train,30,0.026060653736807222,0.16143312465788184,0.026060653736807222,0.16143312465788184
844,0,train,16,0.03447289154697248,0.18566876836714483,0.02568579683414333,0.1602678908395045
844,1,train,14,0.016898702121314182,0.12999500806305672,0.02568579683414333,0.1602678908395045
844,-1,train,30,0.02568579683414333,0.1602678908395045,0.02568579683414333,0.1602678908395045
845,0,train,16,0.026599487658359077,0.16309349361136108,0.02621000423143343,0.1618950407870279
845,1,train,14,0.025820520804507786,0.16068764981947986,0.02621000423143343,0.1618950407870279
845,-1,train,30,0.02621000423143343,0.1618950407870279,0.02621000423143343,0.1618950407870279
846,0,train,16,0.02908298554610307,0.1705373435529681,0.02599665538638991,0.16123478342587838
846,1,train,14,0.02291032522667675,0.1513615711687638,0.02599665538638991,0.16123478342587838
846,-1,train,30,0.02599665538638991,0.16123478342587838,0.02599665538638991,0.16123478342587838
847,0,train,16,0.021285784055118457,0.14589648403960412,0.0265176486472894,0.16284240432789426
847,1,train,14,0.03174951323946035,0.1781839309238079,0.0265176486472894,0.16284240432789426
847,-1,train,30,0.0265176486472894,0.16284240432789426,0.0265176486472894,0.16284240432789426
848,0,train,16,0.031792357323222595,0.17830411471197907,0.025733306940617866,0.16041604327690503
848,1,train,14,0.019674256558013137,0.14026495128154123,0.025733306940617866,0.16041604327690503
848,-1,train,30,0.025733306940617866,0.16041604327690503,0.025733306940617866,0.16041604327690503
849,0,train,16,0.026359802428444244,0.16235702149412648,0.02608508122962195,0.1615087651789275
849,1,train,14,0.02581036003079966,0.16065603017253868,0.02608508122962195,0.1615087651789275
849,-1,train,30,0.02608508122962195,0.1615087651789275,0.02608508122962195,0.1615087651789275
850,0,train,16,0.031839910416219495,0.17843741316276554,0.02565932803658834,0.16018529282236973
850,1,train,14,0.01947874565695718,0.13956627693306567,0.02565932803658834,0.16018529282236973
850,-1,train,30,0.02565932803658834,0.16018529282236973,0.02565932803658834,0.16018529282236973
851,0,train,16,0.02049848484622672,0.1431729193885028,0.026431867603870014,0.16257880428847427
851,1,train,14,0.032365250361513304,0.1799034473308205,0.026431867603870014,0.16257880428847427
851,-1,train,30,0.026431867603870014,0.16257880428847427,0.026431867603870014,0.16257880428847427
852,0,train,16,0.014938681090181588,0.12222389737764701,0.026793626256672635,0.16368758736285607
852,1,train,14,0.038648571423163684,0.1965923991998767,0.026793626256672635,0.16368758736285607
852,-1,train,30,0.026793626256672635,0.16368758736285607,0.026793626256672635,0.16368758736285607
853,0,train,16,0.03377258225980897,0.1837731815576173,0.02542096590578792,0.1594395368338353
853,1,train,14,0.017069349551766876,0.1306497208254456,0.02542096590578792,0.1594395368338353
853,-1,train,30,0.02542096590578792,0.1594395368338353,0.02542096590578792,0.1594395368338353
854,0,train,16,0.025608150550340127,0.16002546844280796,0.02596096335129383,0.1611240619873203
854,1,train,14,0.026313776152247535,0.16221521553864032,0.02596096335129383,0.1611240619873203
854,-1,train,30,0.02596096335129383,0.1611240619873203,0.02596096335129383,0.1611240619873203
855,0,train,16,0.00992229156002966,0.09961070002780655,0.027049396206162542,0.16446700643643558
855,1,train,14,0.04417650085229542,0.21018206596257308,0.027049396206162542,0.16446700643643558
855,-1,train,30,0.027049396206162542,0.16446700643643558,0.027049396206162542,0.16446700643643558
856,0,train,16,0.01572434267116434,0.1253967410707485,0.026597433712255553,0.16308719665337176
856,1,train,14,0.037470524753346765,0.1935730475901714,0.026597433712255553,0.16308719665337176
856,-1,train,30,0.026597433712255553,0.16308719665337176,0.026597433712255553,0.16308719665337176
857,0,train,16,0.04318902724251922,0.2078196988798685,0.02462220924865019,0.15691465593962275
857,1,train,14,0.006055391254781159,0.07781639451157552,0.02462220924865019,0.15691465593962275
857,-1,train,30,0.02462220924865019,0.15691465593962275,0.02462220924865019,0.15691465593962275
858,0,train,16,0.028308283626564023,0.1682506571356083,0.025626333880008283,0.16008227222278013
858,1,train,14,0.022944384133452546,0.15147403781986055,0.025626333880008283,0.16008227222278013
858,-1,train,30,0.025626333880008283,0.16008227222278013,0.025626333880008283,0.16008227222278013
859,0,train,16,0.041158527031078355,0.20287564425302104,0.024682153322925768,0.15710554835181909
859,1,train,14,0.00820577961477318,0.09058575834408619,0.024682153322925768,0.15710554835181909
859,-1,train,30,0.024682153322925768,0.15710554835181909,0.024682153322925768,0.15710554835181909
860,0,train,16,0.01951654108363054,0.13970161446322135,0.02618083872633335,0.1618049403644195
860,1,train,14,0.03284513636903616,0.1812322718751717,0.02618083872633335,0.1618049403644195
860,-1,train,30,0.02618083872633335,0.1618049403644195,0.02618083872633335,0.1618049403644195
861,0,train,16,0.03638513385434799,0.19074887641700014,0.024945942585814177,0.1579428459469253
861,1,train,14,0.013506751317280368,0.11621854979855999,0.024945942585814177,0.1579428459469253
861,-1,train,30,0.024945942585814177,0.1579428459469253,0.024945942585814177,0.1579428459469253
862,0,train,16,0.03307060721030234,0.18185325735411598,0.025146755367943446,0.15857728515756425
862,1,train,14,0.01722290352558455,0.1312360603095984,0.025146755367943446,0.15857728515756425
862,-1,train,30,0.025146755367943446,0.15857728515756425,0.025146755367943446,0.15857728515756425
863,0,train,16,0.02532663287530704,0.15914343491111105,0.025660818837754097,0.16018994611945564
863,1,train,14,0.025995004800201157,0.16122966476489728,0.025660818837754097,0.16018994611945564
863,-1,train,30,0.025660818837754097,0.16018994611945564,0.025660818837754097,0.16018994611945564
864,0,train,16,0.02226108160129898,0.14920147988977517,0.02584560497714241,0.1607656834562103
864,1,train,14,0.029430128352985842,0.17155211555963348,0.02584560497714241,0.1607656834562103
864,-1,train,30,0.02584560497714241,0.1607656834562103,0.02584560497714241,0.1607656834562103
865,0,train,16,0.010227469436246016,0.10113095192000328,0.026674985188598052,0.16332478436721737
865,1,train,14,0.04312250094095009,0.20765957945866617,0.026674985188598052,0.16332478436721737
865,-1,train,30,0.026674985188598052,0.16332478436721737,0.026674985188598052,0.16332478436721737
866,0,train,16,0.02611507925155386,0.16160160658716813,0.025501584467875045,0.15969215531100783
866,1,train,14,0.02488808968419623,0.15775959458681502,0.025501584467875045,0.15969215531100783
866,-1,train,30,0.025501584467875045,0.15969215531100783,0.025501584467875045,0.15969215531100783
867,0,train,16,0.02068021669519463,0.14380617752793037,0.02585318203224221,0.16078924725317364
867,1,train,14,0.03102614736928979,0.17614240650476476,0.02585318203224221,0.16078924725317364
867,-1,train,30,0.02585318203224221,0.16078924725317364,0.02585318203224221,0.16078924725317364
868,0,train,16,0.031125133842354154,0.17642316696611632,0.025074977964078392,0.1583508066417042
868,1,train,14,0.019024822085802626,0.13793049730136778,0.025074977964078392,0.1583508066417042
868,-1,train,30,0.025074977964078392,0.1583508066417042,0.025074977964078392,0.1583508066417042
869,0,train,16,0.01789226882049617,0.13376198570780926,0.025979744550759236,0.16118233324641765
869,1,train,14,0.034067220281022305,0.18457307572076243,0.025979744550759236,0.16118233324641765
869,-1,train,30,0.025979744550759236,0.16118233324641765,0.025979744550759236,0.16118233324641765
870,0,train,16,0.021127934768142297,0.14535451409619962,0.025716144231886368,0.16036253998950742
870,1,train,14,0.03030435369563044,0.1740814570700465,0.025716144231886368,0.16036253998950742
870,-1,train,30,0.025716144231886368,0.16036253998950742,0.025716144231886368,0.16036253998950742
871,0,train,16,0.033120724041158935,0.1819909998905411,0.024829038272865825,0.1575723271163621
871,1,train,14,0.016537352504572715,0.1285976380209711,0.024829038272865825,0.1575723271163621
871,-1,train,30,0.024829038272865825,0.1575723271163621,0.024829038272865825,0.1575723271163621
872,0,train,16,0.039887843372540775,0.19971941160673584,0.02431925242545003,0.1559463126381962
872,1,train,14,0.008750661478359279,0.09354497035308354,0.02431925242545003,0.1559463126381962
872,-1,train,30,0.02431925242545003,0.1559463126381962,0.02431925242545003,0.1559463126381962
873,0,train,16,0.012084149320182876,0.10992792784448761,0.02625496851045258,0.1620338498908564
873,1,train,14,0.040425787700722284,0.20106165149207914,0.02625496851045258,0.1620338498908564
873,-1,train,30,0.02625496851045258,0.1620338498908564,0.02625496851045258,0.1620338498908564
874,0,train,16,0.028185009502129457,0.1678839167464515,0.025071655818576493,0.15834031646607408
874,1,train,14,0.02195830213502353,0.14818333960004926,0.025071655818576493,0.15834031646607408
874,-1,train,30,0.025071655818576493,0.15834031646607408,0.025071655818576493,0.15834031646607408
875,0,train,16,0.03287530196868065,0.1813154763628319,0.024704293577049386,0.15717599554973205
875,1,train,14,0.01653328518541812,0.12858182291995288,0.024704293577049386,0.15717599554973205
875,-1,train,30,0.024704293577049386,0.15717599554973205,0.024704293577049386,0.15717599554973205
876,0,train,16,0.02257480047535944,0.1502491280352716,0.025399013104869715,0.15937067830962418
876,1,train,14,0.028223225734379992,0.16799769562223166,0.025399013104869715,0.15937067830962418
876,-1,train,30,0.025399013104869715,0.15937067830962418,0.025399013104869715,0.15937067830962418
877,0,train,16,0.024862109405043322,0.1576772317268518,0.025202420091066276,0.15875270105124598
877,1,train,14,0.025542730777089233,0.15982093347584111,0.025202420091066276,0.15875270105124598
877,-1,train,30,0.025202420091066276,0.15875270105124598,0.025202420091066276,0.15875270105124598
878,0,train,16,0.019650560404890095,0.14018045657255543,0.0255369246504394,0.15980276796864126
878,1,train,14,0.03142328889598871,0.17726615270826157,0.0255369246504394,0.15980276796864126
878,-1,train,30,0.0255369246504394,0.15980276796864126,0.0255369246504394,0.15980276796864126
879,0,train,16,0.030089547619892618,0.17346338985472587,0.024761902425313138,0.15735915106949813
879,1,train,14,0.019434257230733658,0.1394068048221953,0.024761902425313138,0.15735915106949813
879,-1,train,30,0.024761902425313138,0.15735915106949813,0.024761902425313138,0.15735915106949813
880,0,train,16,0.027984227734537473,0.16728487001082157,0.024873515285852,0.1577133960253599
880,1,train,14,0.02176280283716653,0.14752221133499366,0.024873515285852,0.1577133960253599
880,-1,train,30,0.024873515285852,0.1577133960253599,0.024873515285852,0.1577133960253599
881,0,train,16,0.029665961595960674,0.1722380956581925,0.024722174467788058,0.1572328670087398
881,1,train,14,0.019778387339615438,0.14063565458167226,0.024722174467788058,0.1572328670087398
881,-1,train,30,0.024722174467788058,0.1572328670087398,0.024722174467788058,0.1572328670087398
882,0,train,16,0.022115441643793938,0.14871261427260948,0.025222174112809144,0.15881490519724256
882,1,train,14,0.028328906581824347,0.16831193238099415,0.025222174112809144,0.15881490519724256
882,-1,train,30,0.025222174112809144,0.15881490519724256,0.025222174112809144,0.15881490519724256
883,0,train,16,0.029360640278717598,0.17134946827672853,0.02467431709262227,0.15708060699087673
883,1,train,14,0.01998799390652694,0.1413789019144191,0.02467431709262227,0.15708060699087673
883,-1,train,30,0.02467431709262227,0.15708060699087673,0.02467431709262227,0.15708060699087673
884,0,train,16,0.024941254288963207,0.15792800349831315,0.02495129079299789,0.15795977587030785
884,1,train,14,0.024961327297032578,0.1579915418528238,0.02495129079299789,0.15795977587030785
884,-1,train,30,0.02495129079299789,0.15795977587030785,0.02495129079299789,0.15795977587030785
885,0,train,16,0.011999732876658563,0.10954329224858345,0.02584020123549962,0.16074887631177898
885,1,train,14,0.039680669594340676,0.19920007428296976,0.02584020123549962,0.16074887631177898
885,-1,train,30,0.02584020123549962,0.16074887631177898,0.02584020123549962,0.16074887631177898
886,0,train,16,0.03992727653891901,0.1998181086361269,0.023823330192901754,0.15434808127379412
886,1,train,14,0.007719383846884496,0.08786002416847206,0.023823330192901754,0.15434808127379412
886,-1,train,30,0.023823330192901754,0.15434808127379412,0.023823330192901754,0.15434808127379412
887,0,train,16,0.018458609103278265,0.13586246392318324,0.02531350629114361,0.15910218820350527
887,1,train,14,0.032168403479008956,0.17935552257739085,0.02531350629114361,0.15910218820350527
887,-1,train,30,0.02531350629114361,0.15910218820350527,0.02531350629114361,0.15910218820350527
888,0,train,16,0.029158334203539273,0.17075811606930802,0.02451721209227073,0.1565797307836194
888,1,train,14,0.019876089981002185,0.14098258750995524,0.02451721209227073,0.1565797307836194
888,-1,train,30,0.02451721209227073,0.1565797307836194,0.02451721209227073,0.1565797307836194
889,0,train,16,0.02519326960715469,0.15872387850337671,0.02475924249072641,0.15735069904746662
889,1,train,14,0.02432521537429813,0.15596543006159452,0.02475924249072641,0.15735069904746662
889,-1,train,30,0.02475924249072641,0.15735069904746662,0.02475924249072641,0.15735069904746662
890,0,train,16,0.026548339099780067,0.16293661067967527,0.02462973406807488,0.15693863153498847
890,1,train,14,0.02271112903636969,0.15070212021192564,0.02462973406807488,0.15693863153498847
890,-1,train,30,0.02462973406807488,0.15693863153498847,0.02462973406807488,0.15693863153498847
891,0,train,16,0.027461981894201144,0.1657165709704408,0.024527530751192093,0.1566126774919326
891,1,train,14,0.02159307960818304,0.14694583902983793,0.024527530751192093,0.1566126774919326
891,-1,train,30,0.024527530751192093,0.1566126774919326,0.024527530751192093,0.1566126774919326
892,0,train,16,0.0323483497557384,0.1798564698745597,0.0241462092122955,0.15539050554102557
892,1,train,14,0.015944068668852597,0.1262698248547633,0.0241462092122955,0.15539050554102557
892,-1,train,30,0.0241462092122955,0.15539050554102557,0.0241462092122955,0.15539050554102557
893,0,train,16,0.03162943444760153,0.177846659928157,0.024166720517103647,0.15545649075256923
893,1,train,14,0.016704006586605764,0.12924398085251693,0.024166720517103647,0.15545649075256923
893,-1,train,30,0.024166720517103647,0.15545649075256923,0.024166720517103647,0.15545649075256923
894,0,train,16,0.02501949302289319,0.15817551334796795,0.024597208283471637,0.1568349714938337
894,1,train,14,0.024174923544050084,0.15548287218870793,0.024597208283471637,0.1568349714938337
894,-1,train,30,0.024597208283471637,0.1568349714938337,0.024597208283471637,0.1568349714938337
895,0,train,16,0.017612101509273365,0.13271059305599295,0.02509469192296736,0.15841304214920993
895,1,train,14,0.03257728233666136,0.18049177913872244,0.02509469192296736,0.15841304214920993
895,-1,train,30,0.02509469192296736,0.15841304214920993,0.02509469192296736,0.15841304214920993
896,0,train,16,0.027385851698744777,0.16548671154731662,0.02436186794464703,0.1560828880583872
896,1,train,14,0.02133788419054928,0.14607492663201743,0.02436186794464703,0.1560828880583872
896,-1,train,30,0.02436186794464703,0.1560828880583872,0.02436186794464703,0.1560828880583872
897,0,train,16,0.012149361944124948,0.11022414410701925,0.025416514967358743,0.15942557814654065
897,1,train,14,0.038683667990592537,0.19668164121389808,0.025416514967358743,0.15942557814654065
897,-1,train,30,0.025416514967358743,0.15942557814654065,0.025416514967358743,0.15942557814654065
898,0,train,16,0.02913026616022867,0.170675909724333,0.024172253051764868,0.15547428421370804
898,1,train,14,0.019214239943301063,0.13861543905099843,0.024172253051764868,0.15547428421370804
898,-1,train,30,0.024172253051764868,0.15547428421370804,0.024172253051764868,0.15547428421370804
899,0,train,16,0.02156487508043302,0.1468498385441163,0.02467208692645952,0.15707350803512196
899,1,train,14,0.02777929877248602,0.16667122958833064,0.02467208692645952,0.15707350803512196
899,-1,train,30,0.02467208692645952,0.15707350803512196,0.02467208692645952,0.15707350803512196
900,0,train,16,0.018547816224106724,0.1361903675892929,0.0248541469347526,0.15765198043396916
900,1,train,14,0.031160477645398473,0.1765233062385771,0.0248541469347526,0.15765198043396916
900,-1,train,30,0.0248541469347526,0.15765198043396916,0.0248541469347526,0.15765198043396916
901,0,train,16,0.03840235594708911,0.19596519065152646,0.023412556186575423,0.1530116210834178
901,1,train,14,0.008422756426061736,0.09177557641367193,0.023412556186575423,0.1530116210834178
901,-1,train,30,0.023412556186575423,0.1530116210834178,0.023412556186575423,0.1530116210834178
902,0,train,16,0.02523059279117119,0.1588414076718385,0.02430727757732331,0.15590791377387905
902,1,train,14,0.023383962363475425,0.15291815576796441,0.02430727757732331,0.15590791377387905
902,-1,train,30,0.02430727757732331,0.15590791377387905,0.02430727757732331,0.15590791377387905
903,0,train,16,0.01489877365194815,0.12206053273662273,0.025012856540114956,0.15815453373240665
903,1,train,14,0.03512693942828176,0.18742182217735948,0.025012856540114956,0.15815453373240665
903,-1,train,30,0.025012856540114956,0.15815453373240665,0.025012856540114956,0.15815453373240665
904,0,train,16,0.014744366172708632,0.12142638169981279,0.024989654319067,0.15808116370734054
904,1,train,14,0.03523494246542536,0.18770972927748142,0.024989654319067,0.15808116370734054
904,-1,train,30,0.024989654319067,0.15808116370734054,0.024989654319067,0.15808116370734054
905,0,train,16,0.027384737608455122,0.1654833454111172,0.024053587904142554,0.15509219162853607
905,1,train,14,0.020722438199829985,0.14395290271415156,0.024053587904142554,0.15509219162853607
905,-1,train,30,0.024053587904142554,0.15509219162853607,0.024053587904142554,0.15509219162853607
906,0,train,16,0.01974654295955455,0.14052239308933842,0.02456113583292701,0.15671992800192006
906,1,train,14,0.02937572870629947,0.17139349085160577,0.02456113583292701,0.15671992800192006
906,-1,train,30,0.02456113583292701,0.15671992800192006,0.02456113583292701,0.15671992800192006
907,0,train,16,0.021782984120546838,0.14759059631476132,0.02438125967888735,0.15614499568954285
907,1,train,14,0.026979535237227865,0.16425448315716643,0.02438125967888735,0.15614499568954285
907,-1,train,30,0.02438125967888735,0.15614499568954285,0.02438125967888735,0.15614499568954285
908,0,train,16,0.022559332150479162,0.1501976436249223,0.024291649688207566,0.15585778674229775
908,1,train,14,0.026023967225935966,0.16131945705938874,0.024291649688207566,0.15585778674229775
908,-1,train,30,0.024291649688207566,0.15585778674229775,0.024291649688207566,0.15585778674229775
909,0,train,16,0.04086054574145702,0.20213991624975267,0.022974786051570276,0.15157435815984932
909,1,train,14,0.0050890263616835355,0.07133741207587738,0.022974786051570276,0.15157435815984932
909,-1,train,30,0.022974786051570276,0.15157435815984932,0.022974786051570276,0.15157435815984932
910,0,train,16,0.03456190317531604,0.18590831927408746,0.023368693508899953,0.1528682226916371
910,1,train,14,0.012175483842483866,0.11034257493136485,0.023368693508899953,0.1528682226916371
910,-1,train,30,0.023368693508899953,0.1528682226916371,0.023368693508899953,0.1528682226916371
911,0,train,16,0.02808917952990311,0.16759826827835397,0.023797049534441027,0.1542629233952249
911,1,train,14,0.019504919538978947,0.13966001410202902,0.023797049534441027,0.1542629233952249
911,-1,train,30,0.023797049534441027,0.1542629233952249,0.023797049534441027,0.1542629233952249
912,0,train,16,0.0112101832597806,0.10587815289180577,0.024963309035263472,0.15799781338760188
912,1,train,14,0.038716434810746346,0.196764922714254,0.024963309035263472,0.15799781338760188
912,-1,train,30,0.024963309035263472,0.15799781338760188,0.024963309035263472,0.15799781338760188
913,0,train,16,0.028716405732127418,0.16945915653079185,0.023682070240094687,0.1538897990124579
913,1,train,14,0.01864773474806196,0.13655670890901683,0.023682070240094687,0.1538897990124579
913,-1,train,30,0.023682070240094687,0.1538897990124579,0.023682070240094687,0.1538897990124579
914,0,train,16,0.017134212067241413,0.13089771605051562,0.02447433963824746,0.15644276793206985
914,1,train,14,0.03181446720925351,0.17836610442921466,0.02447433963824746,0.15644276793206985
914,-1,train,30,0.02447433963824746,0.15644276793206985,0.02447433963824746,0.15644276793206985
915,0,train,16,0.027457332241959398,0.1657025414468933,0.023703156538335577,0.15395829480198714
915,1,train,14,0.019948980834711756,0.14124086106616512,0.023703156538335577,0.15395829480198714
915,-1,train,30,0.023703156538335577,0.15395829480198714,0.023703156538335577,0.15395829480198714
916,0,train,16,0.007428848720919704,0.08619076934869363,0.02510204363037031,0.15843624468653095
916,1,train,14,0.04277523853982091,0.20682175547998066,0.02510204363037031,0.15843624468653095
916,-1,train,30,0.02510204363037031,0.15843624468653095,0.02510204363037031,0.15843624468653095
917,0,train,16,0.009460350949987683,0.0972643354472115,0.024919349211411663,0.15785863679701426
917,1,train,14,0.04037834747283564,0.2009436425290326,0.024919349211411663,0.15785863679701426
917,-1,train,30,0.024919349211411663,0.15785863679701426,0.024919349211411663,0.15785863679701426
918,0,train,16,0.006970874582671355,0.08349176356187091,0.02506391779479044,0.15831587979350156
918,1,train,14,0.04315696100690952,0.20774253538192297,0.02506391779479044,0.15831587979350156
918,-1,train,30,0.02506391779479044,0.15831587979350156,0.02506391779479044,0.15831587979350156
919,0,train,16,0.019148029105945905,0.13837640371806859,0.024158486296733568,0.15543000449312727
919,1,train,14,0.02916894348752123,0.17078917848482447,0.024158486296733568,0.15543000449312727
919,-1,train,30,0.024158486296733568,0.15543000449312727,0.024158486296733568,0.15543000449312727
920,0,train,16,0.02350179625531319,0.1533029557944438,0.023817601723577768,0.15432952317550186
920,1,train,14,0.024133407191842347,0.1553493070207986,0.023817601723577768,0.15432952317550186
920,-1,train,30,0.023817601723577768,0.15432952317550186,0.023817601723577768,0.15432952317550186
921,0,train,16,0.019324440093380902,0.13901237388585558,0.02407935310420167,0.1551752335400262
921,1,train,14,0.028834266115022437,0.16980655498249306,0.02407935310420167,0.1551752335400262
921,-1,train,30,0.02407935310420167,0.1551752335400262,0.02407935310420167,0.1551752335400262
922,0,train,16,0.018796858606399097,0.13710163604566905,0.024082064200062966,0.15518396888874497
922,1,train,14,0.029367269793726836,0.17136881219675543,0.024082064200062966,0.15518396888874497
922,-1,train,30,0.024082064200062966,0.15518396888874497,0.024082064200062966,0.15518396888874497
923,0,train,16,0.026592844656315635,0.16307312671410834,0.02349261828480448,0.15327301877631458
923,1,train,14,0.020392391913293326,0.14280193245643885,0.02349261828480448,0.15327301877631458
923,-1,train,30,0.02349261828480448,0.15327301877631458,0.02349261828480448,0.15327301877631458
924,0,train,16,0.026435964553410938,0.16259140368854355,0.023467029916668165,0.15318952286846566
924,1,train,14,0.020498095279925393,0.14317155890722638,0.023467029916668165,0.15318952286846566
924,-1,train,30,0.023467029916668165,0.15318952286846566,0.023467029916668165,0.15318952286846566
925,0,train,16,0.03127686689196393,0.17685267001649685,0.023089605541570257,0.15195264243036466
925,1,train,14,0.014902344191176586,0.1220751579608914,0.023089605541570257,0.15195264243036466
925,-1,train,30,0.023089605541570257,0.15195264243036466,0.023089605541570257,0.15195264243036466
926,0,train,16,0.025518566669803882,0.1597453181467422,0.023465342862674654,0.15318401634202786
926,1,train,14,0.02141211905554543,0.1463288045995915,0.023465342862674654,0.15318401634202786
926,-1,train,30,0.023465342862674654,0.15318401634202786,0.023465342862674654,0.15318401634202786
927,0,train,16,0.032734928747269125,0.18092796563071484,0.022922023086213057,0.1514002083427003
927,1,train,14,0.013109117425156993,0.11449505415150907,0.022922023086213057,0.1514002083427003
927,-1,train,30,0.022922023086213057,0.1514002083427003,0.022922023086213057,0.1514002083427003
928,0,train,16,0.03982428817026479,0.19956023694680458,0.022389187123663917,0.1496301678260902
928,1,train,14,0.004954086077063043,0.07038526889245393,0.022389187123663917,0.1496301678260902
928,-1,train,30,0.022389187123663917,0.1496301678260902,0.022389187123663917,0.1496301678260902
929,0,train,16,0.028459374358108896,0.1686990644849843,0.023153758671977075,0.152163591808215
929,1,train,14,0.01784814298584525,0.13359694227730382,0.023153758671977075,0.152163591808215
929,-1,train,30,0.023153758671977075,0.152163591808215,0.023153758671977075,0.152163591808215
930,0,train,16,0.016575547252914814,0.12874605723250251,0.023968288815774237,0.1548169526110569
930,1,train,14,0.03136103037863366,0.17709045818065314,0.023968288815774237,0.1548169526110569
930,-1,train,30,0.023968288815774237,0.1548169526110569,0.023968288815774237,0.1548169526110569
931,0,train,16,0.03323283913906747,0.18229876340520654,0.022749444354658158,0.15082918933236417
931,1,train,14,0.012266049570248839,0.11075219894091873,0.022749444354658158,0.15082918933236417
931,-1,train,30,0.022749444354658158,0.15082918933236417,0.022749444354658158,0.15082918933236417
932,0,train,16,0.016181036477284822,0.12720470304703682,0.023927918320318237,0.15468651628476943
932,1,train,14,0.031674800163351655,0.17797415588604895,0.023927918320318237,0.15468651628476943
932,-1,train,30,0.023927918320318237,0.15468651628476943,0.023927918320318237,0.15468651628476943
933,0,train,16,0.027426829503663833,0.16561047522322925,0.023096777442782424,0.15197623973102645
933,1,train,14,0.018766725381901016,0.13699169822256024,0.023096777442782424,0.15197623973102645
933,-1,train,30,0.023096777442782424,0.15197623973102645,0.023096777442782424,0.15197623973102645
934,0,train,16,0.02212412842259265,0.14874181800217667,0.023439174149944134,0.1530985765771326
934,1,train,14,0.02475421987729562,0.15733473830434147,0.023439174149944134,0.1530985765771326
934,-1,train,30,0.023439174149944134,0.1530985765771326,0.023439174149944134,0.1530985765771326
935,0,train,16,0.012454073244868696,0.11159781917613218,0.024101907668025044,0.15524789102601377
935,1,train,14,0.03574974209118139,0.18907602198899096,0.024101907668025044,0.15524789102601377
935,-1,train,30,0.024101907668025044,0.15524789102601377,0.024101907668025044,0.15524789102601377
936,0,train,16,0.007694603264267416,0.0877188877281707,0.024409632004738967,0.1562358217718938
936,1,train,14,0.04112466074521052,0.20279216144913126,0.024409632004738967,0.1562358217718938
936,-1,train,30,0.024409632004738967,0.1562358217718938,0.024409632004738967,0.1562358217718938
937,0,train,16,0.027905838734830688,0.16705040776613114,0.02293043693334922,0.1514279925685777
937,1,train,14,0.01795503513186775,0.13399639969740884,0.02293043693334922,0.1514279925685777
937,-1,train,30,0.02293043693334922,0.1514279925685777,0.02293043693334922,0.1514279925685777
938,0,train,16,0.03276662615528228,0.18101554119821392,0.022551221047032815,0.15017063976367956
938,1,train,14,0.012335815938783351,0.11106671841187778,0.022551221047032815,0.15017063976367956
938,-1,train,30,0.022551221047032815,0.15017063976367956,0.022551221047032815,0.15017063976367956
939,0,train,16,0.026162925629242773,0.16174957690591582,0.022984771270284615,0.15160729293238046
939,1,train,14,0.01980661691132646,0.14073598300124407,0.022984771270284615,0.15160729293238046
939,-1,train,30,0.022984771270284615,0.15160729293238046,0.022984771270284615,0.15160729293238046
940,0,train,16,0.02403419175396701,0.15502964798375507,0.023101790450587426,0.1519927315715703
940,1,train,14,0.022169389147207844,0.14889388552659857,0.023101790450587426,0.1519927315715703
940,-1,train,30,0.023101790450587426,0.1519927315715703,0.023101790450587426,0.1519927315715703
941,0,train,16,0.03317310112222455,0.18213484324045345,0.02242057912673808,0.14973502972497144
941,1,train,14,0.01166805713125161,0.10801878138199676,0.02242057912673808,0.14973502972497144
941,-1,train,30,0.02242057912673808,0.14973502972497144,0.02242057912673808,0.14973502972497144
942,0,train,16,0.011739019383925147,0.10834675529947885,0.023914333513827383,0.154642599285667
942,1,train,14,0.03608964764372962,0.18997275500378896,0.023914333513827383,0.154642599285667
942,-1,train,30,0.023914333513827383,0.154642599285667,0.023914333513827383,0.154642599285667
943,0,train,16,0.02675760024092265,0.16357750530229592,0.022807738763391858,0.15102231213761713
943,1,train,14,0.018857877285861063,0.13732398656411438,0.022807738763391858,0.15102231213761713
943,-1,train,30,0.022807738763391858,0.15102231213761713,0.022807738763391858,0.15102231213761713
944,0,train,16,0.03291758460718384,0.18143203853560108,0.02234036986886137,0.14946695243050007
944,1,train,14,0.011763155130538902,0.10845808006109504,0.02234036986886137,0.14946695243050007
944,-1,train,30,0.02234036986886137,0.14946695243050007,0.02234036986886137,0.14946695243050007
945,0,train,16,0.039117144891249095,0.19778054730243086,0.021877242474762852,0.14790957533156146
945,1,train,14,0.004637340058276611,0.06809801802017891,0.021877242474762852,0.14790957533156146
945,-1,train,30,0.021877242474762852,0.14790957533156146,0.021877242474762852,0.14790957533156146
946,0,train,16,0.01796983854226032,0.1340516264066211,0.02333484018136927,0.15275745540355556
946,1,train,14,0.028699841820478224,0.1694102766082336,0.02333484018136927,0.15275745540355556
946,-1,train,30,0.02333484018136927,0.15275745540355556,0.02333484018136927,0.15275745540355556
947,0,train,16,0.02292608778491188,0.15141363143690822,0.022948976955548796,0.15148919748796874
947,1,train,14,0.022971866126185715,0.15156472586385566,0.022948976955548796,0.15148919748796874
947,-1,train,30,0.022948976955548796,0.15148919748796874,0.022948976955548796,0.15148919748796874
948,0,train,16,0.03873788475762384,0.1968194216982253,0.021803195374411125,0.14765905110900288
948,1,train,14,0.004868505991198409,0.0697746801583383,0.021803195374411125,0.14765905110900288
948,-1,train,30,0.021803195374411125,0.14765905110900288,0.021803195374411125,0.14765905110900288
949,0,train,16,0.03395452358629252,0.18426753264287368,0.022103564782291172,0.14867267665005285
949,1,train,14,0.010252605978289822,0.10125515284808878,0.022103564782291172,0.14867267665005285
949,-1,train,30,0.022103564782291172,0.14867267665005285,0.022103564782291172,0.14867267665005285
950,0,train,16,0.032461042293608335,0.18016948213725967,0.022170549324815818,0.1488977814637136
950,1,train,14,0.0118800563560233,0.10899567127195144,0.022170549324815818,0.1488977814637136
950,-1,train,30,0.022170549324815818,0.1488977814637136,0.022170549324815818,0.1488977814637136
951,0,train,16,0.015602166666933865,0.1249086332762226,0.023340179568944255,0.15277493108800363
951,1,train,14,0.031078192470954648,0.17629008046669742,0.023340179568944255,0.15277493108800363
951,-1,train,30,0.023340179568944255,0.15277493108800363,0.023340179568944255,0.15277493108800363
952,0,train,16,0.014527354194685038,0.12052947438151815,0.023392330823118177,0.15294551586469665
952,1,train,14,0.032257307451551316,0.17960319443582098,0.023392330823118177,0.15294551586469665
952,-1,train,30,0.023392330823118177,0.15294551586469665,0.023392330823118177,0.15294551586469665
953,0,train,16,0.033961290971510204,0.1842858946623702,0.02197815992242752,0.1482503285744336
953,1,train,14,0.009995028873344837,0.09997514127694362,0.02197815992242752,0.1482503285744336
953,-1,train,30,0.02197815992242752,0.1482503285744336,0.02197815992242752,0.1482503285744336
954,0,train,16,0.033536412418647014,0.18312949630970707,0.021975494529637762,0.14824133880142126
954,1,train,14,0.010414576640628512,0.10205183310763463,0.021975494529637762,0.14824133880142126
954,-1,train,30,0.021975494529637762,0.14824133880142126,0.021975494529637762,0.14824133880142126
955,0,train,16,0.02637090515737424,0.162391210222026,0.02244590268086616,0.14981956708276178
955,1,train,14,0.018520900204358075,0.13609151407915954,0.02244590268086616,0.14981956708276178
955,-1,train,30,0.02244590268086616,0.14981956708276178,0.02244590268086616,0.14981956708276178
956,0,train,16,0.015905323344198263,0.12611630879548555,0.023162583529764996,0.15219258697375834
956,1,train,14,0.030419843715331726,0.1744128542147388,0.023162583529764996,0.15219258697375834
956,-1,train,30,0.023162583529764996,0.15219258697375834,0.023162583529764996,0.15219258697375834
957,0,train,16,0.011991579911890565,0.109506072488655,0.023415456395072063,0.15302109787565918
957,1,train,14,0.03483933287825356,0.18665297446934395,0.023415456395072063,0.15302109787565918
957,-1,train,30,0.023415456395072063,0.15302109787565918,0.023415456395072063,0.15302109787565918
958,0,train,16,0.006120192788256689,0.07823166103475426,0.02380059220516728,0.1542744055414484
958,1,train,14,0.04148099162207787,0.2036688283024132,0.02380059220516728,0.1542744055414484
958,-1,train,30,0.02380059220516728,0.1542744055414484,0.02380059220516728,0.1542744055414484
959,0,train,16,0.03187609848201952,0.17853878705205634,0.021935046751720866,0.14810485053407557
959,1,train,14,0.011993995021422213,0.10951709921935576,0.021935046751720866,0.14810485053407557
959,-1,train,30,0.021935046751720866,0.14810485053407557,0.021935046751720866,0.14810485053407557
960,0,train,16,0.022957471846394722,0.15151723283638308,0.022533341271098604,0.15011109642894027
960,1,train,14,0.022109210695802486,0.14869166316845905,0.022533341271098604,0.15011109642894027
960,-1,train,30,0.022533341271098604,0.15011109642894027,0.022533341271098604,0.15011109642894027
961,0,train,16,0.014980842310902348,0.12239625121261823,0.023069761965780936,0.15188733313143968
961,1,train,14,0.03115868162065952,0.17651821894824204,0.023069761965780936,0.15188733313143968
961,-1,train,30,0.023069761965780936,0.15188733313143968,0.023069761965780936,0.15188733313143968
962,0,train,16,0.03194536479817719,0.1787326629303586,0.02183426791759658,0.14776423084629303
962,1,train,14,0.011723171037015973,0.10827359344279644,0.02183426791759658,0.14776423084629303
962,-1,train,30,0.02183426791759658,0.14776423084629303,0.02183426791759658,0.14776423084629303
963,0,train,16,0.01926727227355206,0.1388066002521208,0.02270249429328456,0.15067346910881343
963,1,train,14,0.026137716313017062,0.16167163113241934,0.02270249429328456,0.15067346910881343
963,-1,train,30,0.02270249429328456,0.15067346910881343,0.02270249429328456,0.15067346910881343
964,0,train,16,0.031053736671261923,0.1762207044341326,0.02183654536582199,0.14777193700368818
964,1,train,14,0.012619354060382055,0.11233589836015045,0.02183654536582199,0.14777193700368818
964,-1,train,30,0.02183654536582199,0.14777193700368818,0.02183654536582199,0.14777193700368818
965,0,train,16,0.01926077171119739,0.13878318237883647,0.022641614397207483,0.15047130755465468
965,1,train,14,0.026022457083217578,0.16131477639453112,0.022641614397207483,0.15047130755465468
965,-1,train,30,0.022641614397207483,0.15047130755465468,0.022641614397207483,0.15047130755465468
966,0,train,16,0.02182070770892809,0.14771833910834528,0.02242844945807519,0.14976130828112844
966,1,train,14,0.023036191207222285,0.15177678085669852,0.02242844945807519,0.14976130828112844
966,-1,train,30,0.02242844945807519,0.14976130828112844,0.02242844945807519,0.14976130828112844
967,0,train,16,0.01920900322969823,0.13859654840470678,0.022583696849011188,0.15027873052768043
967,1,train,14,0.025958390468324148,0.16111607762208013,0.022583696849011188,0.15027873052768043
967,-1,train,30,0.022583696849011188,0.15027873052768043,0.022583696849011188,0.15027873052768043
968,0,train,16,0.01717815985767981,0.13106547927535997,0.022698617953755905,0.15066060518183214
968,1,train,14,0.028219076049832002,0.16798534474718918,0.022698617953755905,0.15066060518183214
968,-1,train,30,0.022698617953755905,0.15066060518183214,0.022698617953755905,0.15066060518183214
969,0,train,16,0.030753921566702303,0.1753679604907986,0.02170619172987306,0.14733021322822099
969,1,train,14,0.012658461893043819,0.1125098302062705,0.02170619172987306,0.14733021322822099
969,-1,train,30,0.02170619172987306,0.14733021322822099,0.02170619172987306,0.14733021322822099
970,0,train,16,0.02290274521947691,0.15133652969285674,0.022227078631157804,0.14908748650090592
970,1,train,14,0.021551412042838697,0.14680399191724555,0.022227078631157804,0.14908748650090592
970,-1,train,30,0.022227078631157804,0.14908748650090592,0.022227078631157804,0.14908748650090592
971,0,train,16,0.02183598348009473,0.14777003579919284,0.022273908150752544,0.14924445768856057
971,1,train,14,0.022711832821410358,0.1507044552142051,0.022273908150752544,0.14924445768856057
971,-1,train,30,0.022273908150752544,0.14924445768856057,0.022273908150752544,0.14924445768856057
972,0,train,16,0.03149236586041195,0.1774608854379239,0.021557778543867884,0.14682567399425717
972,1,train,14,0.01162319122732382,0.10781090495549983,0.021557778543867884,0.14682567399425717
972,-1,train,30,0.021557778543867884,0.14682567399425717,0.021557778543867884,0.14682567399425717
973,0,train,16,0.017208280318495,0.13118033510589536,0.022541802319259795,0.1501392764044765
973,1,train,14,0.02787532432002459,0.16695904982966508,0.022541802319259795,0.1501392764044765
973,-1,train,30,0.022541802319259795,0.1501392764044765,0.022541802319259795,0.1501392764044765
974,0,train,16,0.013097810960671058,0.11444566816035921,0.022805798038250388,0.15101588670815527
974,1,train,14,0.03251378511582972,0.18031579275213172,0.022805798038250388,0.15101588670815527
974,-1,train,30,0.022805798038250388,0.15101588670815527,0.022805798038250388,0.15101588670815527
975,0,train,16,0.02884184707292586,0.16982887585132825,0.021657197588899897,0.14716384606587277
975,1,train,14,0.014472548104873932,0.12030190399521502,0.021657197588899897,0.14716384606587277
975,-1,train,30,0.021657197588899897,0.14716384606587277,0.021657197588899897,0.14716384606587277
976,0,train,16,0.01942441152730608,0.1393714874976445,0.022295148543794337,0.1493156004702601
976,1,train,14,0.02516588556028259,0.15863759188881615,0.022295148543794337,0.1493156004702601
976,-1,train,30,0.022295148543794337,0.1493156004702601,0.022295148543794337,0.1493156004702601
977,0,train,16,0.02596139851019547,0.16112541236625422,0.02180040063773193,0.1476495873266564
977,1,train,14,0.017639402765268392,0.13281341334845811,0.02180040063773193,0.1476495873266564
977,-1,train,30,0.02180040063773193,0.1476495873266564,0.02180040063773193,0.1476495873266564
978,0,train,16,0.01784848647582891,0.13359822781694716,0.022346637936713022,0.14948791903265302
978,1,train,14,0.026844789397597137,0.16384379572506594,0.022346637936713022,0.14948791903265302
978,-1,train,30,0.022346637936713022,0.14948791903265302,0.022346637936713022,0.14948791903265302
979,0,train,16,0.03741041560969144,0.19341772310130073,0.02093459467936814,0.14468792167754757
979,1,train,14,0.004458773749044841,0.06677404996737012,0.02093459467936814,0.14468792167754757
979,-1,train,30,0.02093459467936814,0.14468792167754757,0.02093459467936814,0.14468792167754757
980,0,train,16,0.020127780288563633,0.14187240848228252,0.022122023147475307,0.14873474088952893
980,1,train,14,0.024116266006386982,0.1552941274046993,0.022122023147475307,0.14873474088952893
980,-1,train,30,0.022122023147475307,0.14873474088952893,0.022122023147475307,0.14873474088952893
981,0,train,16,0.021666812075679377,0.1471965083678257,0.02198241350238324,0.14826467381808534
981,1,train,14,0.0222980149290871,0.14932519857374074,0.02198241350238324,0.14826467381808534
981,-1,train,30,0.02198241350238324,0.14826467381808534,0.02198241350238324,0.14826467381808534
982,0,train,16,0.022467827688699777,0.14989272059943332,0.021895657012069608,0.1479718115455427
982,1,train,14,0.021323486335439436,0.14602563588438652,0.021895657012069608,0.1479718115455427
982,-1,train,30,0.021895657012069608,0.1479718115455427,0.021895657012069608,0.1479718115455427
983,0,train,16,0.019743867893265696,0.14051287447513733,0.022059819055529326,0.14852548284900247
983,1,train,14,0.024375770217792952,0.15612741661153864,0.022059819055529326,0.14852548284900247
983,-1,train,30,0.022059819055529326,0.14852548284900247,0.022059819055529326,0.14852548284900247
984,0,train,16,0.03705058784059268,0.19248529253060526,0.020811581838526615,0.14426219823129902
984,1,train,14,0.004572575836460546,0.06762082398537116,0.020811581838526615,0.14426219823129902
984,-1,train,30,0.020811581838526615,0.14426219823129902,0.020811581838526615,0.14426219823129902
985,0,train,16,0.019023550062201383,0.13792588612077641,0.022050547874439785,0.14849426882691394
985,1,train,14,0.025077545686678186,0.15835891413708983,0.022050547874439785,0.14849426882691394
985,-1,train,30,0.022050547874439785,0.14849426882691394,0.022050547874439785,0.14849426882691394
986,0,train,16,0.03572240771461952,0.18900372407606025,0.020851559174509968,0.1444006896607837
986,1,train,14,0.005980710634400414,0.07733505436993249,0.020851559174509968,0.1444006896607837
986,-1,train,30,0.020851559174509968,0.1444006896607837,0.020851559174509968,0.1444006896607837
987,0,train,16,0.010565141981068109,0.10278687650214938,0.022597515432453093,0.15032470000785997
987,1,train,14,0.03462988888383808,0.1860910768517343,0.022597515432453093,0.15032470000785997
987,-1,train,30,0.022597515432453093,0.15032470000785997,0.022597515432453093,0.15032470000785997
988,0,train,16,0.0366112899900361,0.1913407692835902,0.020723350331827137,0.1439560708404725
988,1,train,14,0.004835410673618172,0.06953711723689854,0.020723350331827137,0.1439560708404725
988,-1,train,30,0.020723350331827137,0.1439560708404725,0.020723350331827137,0.1439560708404725
989,0,train,16,0.02321766366147993,0.1523734348942752,0.02163463596436893,0.14708717131133134
989,1,train,14,0.020051608267257937,0.1416037014603006,0.02163463596436893,0.14708717131133134
989,-1,train,30,0.02163463596436893,0.14708717131133134,0.02163463596436893,0.14708717131133134
990,0,train,16,0.031100507364414654,0.17635335937944208,0.021043159013939237,0.1450626037748504
990,1,train,14,0.010985810663463819,0.10481321798067178,0.021043159013939237,0.1450626037748504
990,-1,train,30,0.021043159013939237,0.1450626037748504,0.021043159013939237,0.1450626037748504
991,0,train,16,0.016312815755638973,0.12772163385910382,0.022066579022714854,0.14854823803302028
991,1,train,14,0.02782034228979073,0.16679431132323047,0.022066579022714854,0.14854823803302028
991,-1,train,30,0.022066579022714854,0.14854823803302028,0.022066579022714854,0.14854823803302028
992,0,train,16,0.028034971249415456,0.16743646929332767,0.021205482184029897,0.14562102246595407
992,1,train,14,0.014375993118644338,0.1198999296023327,0.021205482184029897,0.14562102246595407
992,-1,train,30,0.021205482184029897,0.14562102246595407,0.021205482184029897,0.14562102246595407
993,0,train,16,0.03371447283081749,0.18361501254205087,0.020780757368501112,0.14415532376052267
993,1,train,14,0.007847041906184729,0.08858353067125248,0.020780757368501112,0.14415532376052267
993,-1,train,30,0.020780757368501112,0.14415532376052267,0.020780757368501112,0.14415532376052267
994,0,train,16,0.028168732463239855,0.16783543268106366,0.02113447846985606,0.14537702180831763
994,1,train,14,0.01410022447647226,0.11874436608307891,0.02113447846985606,0.14537702180831763
994,-1,train,30,0.02113447846985606,0.14537702180831763,0.02113447846985606,0.14537702180831763
995,0,train,16,0.037017500542176986,0.19239932573212667,0.02048337657158189,0.1431201473293746
995,1,train,14,0.003949252600986795,0.06284307918129725,0.02048337657158189,0.1431201473293746
995,-1,train,30,0.02048337657158189,0.1431201473293746,0.02048337657158189,0.1431201473293746
996,0,train,16,0.020687190240302394,0.14383042181785602,0.021609525022696946,0.14700178578063922
996,1,train,14,0.022531859805091495,0.15010616178255806,0.021609525022696946,0.14700178578063922
996,-1,train,30,0.021609525022696946,0.14700178578063922,0.021609525022696946,0.14700178578063922
997,0,train,16,0.01886382691012715,0.13734564758348605,0.02171051205943482,0.14734487456112894
997,1,train,14,0.02455719720874249,0.15670736169287802,0.02171051205943482,0.14734487456112894
997,-1,train,30,0.02171051205943482,0.14734487456112894,0.02171051205943482,0.14734487456112894
998,0,train,16,0.031483653923924666,0.17743633766487818,0.02079167836040242,0.14419319803791864
998,1,train,14,0.010099702796880173,0.10049727755954473,0.02079167836040242,0.14419319803791864
998,-1,train,30,0.02079167836040242,0.14419319803791864,0.02079167836040242,0.14419319803791864
999,0,train,16,0.02138465507508504,0.1462349311043194,0.02147472101591632,0.14654255701302718
999,1,train,14,0.0215647869567476,0.14684953849688326,0.02147472101591632,0.14654255701302718
999,-1,train,30,0.02147472101591632,0.14654255701302718,0.02147472101591632,0.14654255701302718
1000,0,train,16,0.03578613690438994,0.18917224136852093,0.02043353011554671,0.1429458992610376
1000,1,train,14,0.005080923326703477,0.0712805957235451,0.02043353011554671,0.1429458992610376
1000,-1,train,30,0.02043353011554671,0.1429458992610376,0.02043353011554671,0.1429458992610376
