epoch,batch_idx,phase,batch_size,batch_MSE,batch_RMSE,epoch_MSE,epoch_RMSE
1,0,train,16,0.30444053653562053,0.5517613039491085,0.3123082281093087,0.5588454420582749
1,1,train,2,0.3201759196829969,0.5658408960856373,0.3123082281093087,0.5588454420582749
1,-1,train,18,0.3123082281093087,0.5588454420582749,0.3123082281093087,0.5588454420582749
2,0,train,16,0.3076547887911628,0.5546663761137526,0.2940238577937868,0.5422396682222602
2,1,train,2,0.28039292679641087,0.529521412972517,0.2940238577937868,0.5422396682222602
2,-1,train,18,0.2940238577937868,0.5422396682222602,0.2940238577937868,0.5422396682222602
3,0,train,16,0.3033373483476445,0.5507606997123564,0.3021439130801874,0.5496761892971055
3,1,train,2,0.30095047781273027,0.5485895349099636,0.3021439130801874,0.5496761892971055
3,-1,train,18,0.3021439130801874,0.5496761892971055,0.3021439130801874,0.5496761892971055
4,0,train,16,0.3063797210211638,0.5535157820886084,0.2846241256974468,0.533501757914111
4,1,train,2,0.26286853037372976,0.5127070609751048,0.2846241256974468,0.533501757914111
4,-1,train,18,0.2846241256974468,0.533501757914111,0.2846241256974468,0.533501757914111
5,0,train,16,0.30041515263401025,0.548101407254178,0.2986638648176875,0.5465014774158323
5,1,train,2,0.2969125770013647,0.5448968498728587,0.2986638648176875,0.5465014774158323
5,-1,train,18,0.2986638648176875,0.5465014774158323,0.2986638648176875,0.5465014774158323
6,0,train,16,0.29882834299866384,0.5466519395361767,0.2973735840445082,0.5453197081020529
6,1,train,2,0.2959188250903525,0.5439842140084145,0.2973735840445082,0.5453197081020529
6,-1,train,18,0.2973735840445082,0.5453197081020529,0.2973735840445082,0.5453197081020529
7,0,train,16,0.30094182350798926,0.5485816470754278,0.28332792119614647,0.5322855635804399
7,1,train,2,0.2657140188843037,0.5154745569708593,0.28332792119614647,0.5322855635804399
7,-1,train,18,0.28332792119614647,0.5322855635804399,0.28332792119614647,0.5322855635804399
8,0,train,16,0.2978723071163698,0.5457767923944457,0.28741317325863447,0.5361092922703676
8,1,train,2,0.27695403940089913,0.5262642296422009,0.28741317325863447,0.5361092922703676
8,-1,train,18,0.28741317325863447,0.5361092922703676,0.28741317325863447,0.5361092922703676
9,0,train,16,0.2926937389600454,0.5410117734024329,0.29897959193287504,0.5467902632023316
9,1,train,2,0.30526544490570473,0.5525083211189716,0.29897959193287504,0.5467902632023316
9,-1,train,18,0.29897959193287504,0.5467902632023316,0.29897959193287504,0.5467902632023316
10,0,train,16,0.2933504343826623,0.5416183475314165,0.29013219298310344,0.5386392048329786
10,1,train,2,0.2869139515835446,0.5356434929909488,0.29013219298310344,0.5386392048329786
10,-1,train,18,0.29013219298310344,0.5386392048329786,0.29013219298310344,0.5386392048329786
11,0,train,16,0.28932505360654476,0.5378894436652804,0.29771640834394353,0.5456339508717759
11,1,train,2,0.3061077630813423,0.5532700634241313,0.29771640834394353,0.5456339508717759
11,-1,train,18,0.29771640834394353,0.5456339508717759,0.29771640834394353,0.5456339508717759
12,0,train,16,0.29274455759273205,0.5410587376549167,0.2793552560603652,0.5285406853406511
12,1,train,2,0.26596595452799837,0.5157188716035107,0.2793552560603652,0.5285406853406511
12,-1,train,18,0.2793552560603652,0.5285406853406511,0.2793552560603652,0.5285406853406511
13,0,train,16,0.2886009009465461,0.5372158792762423,0.28743781878464525,0.5361322773202946
13,1,train,2,0.2862747366227444,0.5350464808058683,0.28743781878464525,0.5361322773202946
13,-1,train,18,0.28743781878464525,0.5361322773202946,0.28743781878464525,0.5361322773202946
14,0,train,16,0.2855887290568763,0.5344050234203234,0.2916418482390992,0.5400387469794174
14,1,train,2,0.2976949674213222,0.5456143028012757,0.2916418482390992,0.5400387469794174
14,-1,train,18,0.2916418482390992,0.5400387469794174,0.2916418482390992,0.5400387469794174
15,0,train,16,0.2846294428698848,0.5335067411662994,0.28878834025608935,0.5373903053238767
15,1,train,2,0.29294723764229397,0.5412460047356414,0.28878834025608935,0.5373903053238767
15,-1,train,18,0.28878834025608935,0.5373903053238767,0.28878834025608935,0.5373903053238767
16,0,train,16,0.28788073665750613,0.5365451860351615,0.2711609419078077,0.5207311608765196
16,1,train,2,0.2544411471581092,0.5044215966412513,0.2711609419078077,0.5207311608765196
16,-1,train,18,0.2711609419078077,0.5207311608765196,0.2711609419078077,0.5207311608765196
17,0,train,16,0.28033461153025996,0.5294663459845772,0.2914109378015173,0.5398249140244615
17,1,train,2,0.3024872640727746,0.5499884217624719,0.2914109378015173,0.5398249140244615
17,-1,train,18,0.2914109378015173,0.5398249140244615,0.2914109378015173,0.5398249140244615
18,0,train,16,0.28361909524582796,0.5325590063512474,0.2738592069696092,0.5233155902221996
18,1,train,2,0.2640993186933905,0.5139059434306928,0.2738592069696092,0.5233155902221996
18,-1,train,18,0.2738592069696092,0.5233155902221996,0.2738592069696092,0.5233155902221996
19,0,train,16,0.2828627431003442,0.531848421169363,0.27047771164926787,0.5200747173717137
19,1,train,2,0.25809268019819154,0.508028227757269,0.27047771164926787,0.5200747173717137
19,-1,train,18,0.27047771164926787,0.5200747173717137,0.27047771164926787,0.5200747173717137
20,0,train,16,0.27776821977255856,0.5270372090968137,0.2823773433843846,0.5313918924714458
20,1,train,2,0.2869864669962106,0.5357111787112628,0.2823773433843846,0.5313918924714458
20,-1,train,18,0.2823773433843846,0.5313918924714458,0.2823773433843846,0.5313918924714458
21,0,train,16,0.27307807071874,0.5225687234409844,0.2928685245629476,0.5411732851526834
21,1,train,2,0.3126589784071552,0.5591591709049895,0.2928685245629476,0.5411732851526834
21,-1,train,18,0.2928685245629476,0.5411732851526834,0.2928685245629476,0.5411732851526834
22,0,train,16,0.28108611390742955,0.5301755500845258,0.25899838555751953,0.5089188398531926
22,1,train,2,0.23691065720760945,0.4867346887243701,0.25899838555751953,0.5089188398531926
22,-1,train,18,0.25899838555751953,0.5089188398531926,0.25899838555751953,0.5089188398531926
23,0,train,16,0.2772073395464641,0.5265048333552733,0.26681072951078677,0.5165372489092986
23,1,train,2,0.2564141194751094,0.5063734979983742,0.26681072951078677,0.5165372489092986
23,-1,train,18,0.26681072951078677,0.5165372489092986,0.26681072951078677,0.5165372489092986
24,0,train,16,0.2688652078096986,0.5185221382059773,0.29034472753490104,0.5388364571323112
24,1,train,2,0.31182424726010344,0.5584122556499843,0.29034472753490104,0.5388364571323112
24,-1,train,18,0.29034472753490104,0.5388364571323112,0.29034472753490104,0.5388364571323112
25,0,train,16,0.2684581029052746,0.5181294267895568,0.286121108370443,0.5349028962068191
25,1,train,2,0.30378411383561144,0.5511661399574646,0.286121108370443,0.5349028962068191
25,-1,train,18,0.286121108370443,0.5349028962068191,0.286121108370443,0.5349028962068191
26,0,train,16,0.2665256711176525,0.5162612430907946,0.2873176957356292,0.5360202381772812
26,1,train,2,0.3081097203536059,0.5550763193954557,0.2873176957356292,0.5360202381772812
26,-1,train,18,0.2873176957356292,0.5360202381772812,0.2873176957356292,0.5360202381772812
27,0,train,16,0.2688298330155306,0.5184880259133576,0.27375636550702087,0.5232173214898574
27,1,train,2,0.2786828979985111,0.5279042507865523,0.27375636550702087,0.5232173214898574
27,-1,train,18,0.27375636550702087,0.5232173214898574,0.27375636550702087,0.5232173214898574
28,0,train,16,0.2673671749342532,0.5170755988578973,0.2734481331020119,0.5229226836751413
28,1,train,2,0.27952909126977055,0.5287051080420639,0.2734481331020119,0.5229226836751413
28,-1,train,18,0.2734481331020119,0.5229226836751413,0.2734481331020119,0.5229226836751413
29,0,train,16,0.26764868938731856,0.5173477451263497,0.267061663289338,0.5167800918082449
29,1,train,2,0.26647463719135744,0.5162118142694503,0.267061663289338,0.5167800918082449
29,-1,train,18,0.267061663289338,0.5167800918082449,0.267061663289338,0.5167800918082449
30,0,train,16,0.2704766385902514,0.5200736857314081,0.25179226551972367,0.5017890647669833
30,1,train,2,0.23310789244919597,0.48281248166259744,0.25179226551972367,0.5017890647669833
30,-1,train,18,0.25179226551972367,0.5017890647669833,0.25179226551972367,0.5017890647669833
31,0,train,16,0.2655206639929748,0.5152869724658046,0.2637546522804621,0.51357049397377
31,1,train,2,0.26198864056794935,0.5118482593190578,0.2637546522804621,0.51357049397377
31,-1,train,18,0.2637546522804621,0.51357049397377,0.2637546522804621,0.51357049397377
32,0,train,16,0.2647429420329919,0.514531769702311,0.26117178668798596,0.5110496910164275
32,1,train,2,0.25760063134298,0.5075437235775653,0.26117178668798596,0.5110496910164275
32,-1,train,18,0.26117178668798596,0.5110496910164275,0.26117178668798596,0.5110496910164275
33,0,train,16,0.2625251939588978,0.5123721244943931,0.26363080667381344,0.513449906684005
33,1,train,2,0.26473641938872905,0.5145254312361334,0.26363080667381344,0.513449906684005
33,-1,train,18,0.26363080667381344,0.513449906684005,0.26363080667381344,0.513449906684005
34,0,train,16,0.257618712224538,0.5075615354068292,0.27558580827066864,0.5249626732165522
34,1,train,2,0.29355290431679926,0.5418052272881827,0.27558580827066864,0.5249626732165522
34,-1,train,18,0.27558580827066864,0.5249626732165522,0.27558580827066864,0.5249626732165522
35,0,train,16,0.26051865142702024,0.5104102775483859,0.2601643033900338,0.5100630386432974
35,1,train,2,0.2598099553530474,0.5097155631850449,0.2601643033900338,0.5100630386432974
35,-1,train,18,0.2601643033900338,0.5100630386432974,0.2601643033900338,0.5100630386432974
36,0,train,16,0.256538670648167,0.5064964665702684,0.2690327339609586,0.5186836549969148
36,1,train,2,0.28152679727375024,0.5305909886850231,0.2690327339609586,0.5186836549969148
36,-1,train,18,0.2690327339609586,0.5186836549969148,0.2690327339609586,0.5186836549969148
37,0,train,16,0.2609333628805631,0.510816369041325,0.2487413825367169,0.49873979441860955
37,1,train,2,0.23654940219287068,0.4863634466043585,0.2487413825367169,0.49873979441860955
37,-1,train,18,0.2487413825367169,0.49873979441860955,0.2487413825367169,0.49873979441860955
38,0,train,16,0.25798835401358644,0.5079255398319584,0.2542450165552651,0.504227147776937
38,1,train,2,0.2505016790969437,0.5005014276672383,0.2542450165552651,0.504227147776937
38,-1,train,18,0.2542450165552651,0.504227147776937,0.2542450165552651,0.504227147776937
39,0,train,16,0.2574857491119372,0.5074305362430775,0.25131704504267416,0.5013153149891535
39,1,train,2,0.24514834097341112,0.4951245711671065,0.25131704504267416,0.5013153149891535
39,-1,train,18,0.25131704504267416,0.5013153149891535,0.25131704504267416,0.5013153149891535
40,0,train,16,0.24468572192303864,0.4946571761564151,0.2915458568395374,0.5399498651166952
40,1,train,2,0.33840599175603614,0.5817267328875614,0.2915458568395374,0.5399498651166952
40,-1,train,18,0.2915458568395374,0.5399498651166952,0.2915458568395374,0.5399498651166952
41,0,train,16,0.25613924697686163,0.5061020124212723,0.2467858436769913,0.49677544592802825
41,1,train,2,0.237432440377121,0.48727039759985524,0.2467858436769913,0.49677544592802825
41,-1,train,18,0.2467858436769913,0.49677544592802825,0.2467858436769913,0.49677544592802825
42,0,train,16,0.25426593576369144,0.5042478911841788,0.24880733727142848,0.4988059114239009
42,1,train,2,0.24334873877916552,0.49330390103785465,0.24880733727142848,0.4988059114239009
42,-1,train,18,0.24880733727142848,0.4988059114239009,0.24880733727142848,0.4988059114239009
43,0,train,16,0.25359092239605596,0.5035781194572059,0.24665754119827202,0.49664629385335396
43,1,train,2,0.23972416000048807,0.48961633959712586,0.24665754119827202,0.49664629385335396
43,-1,train,18,0.24665754119827202,0.49664629385335396,0.24665754119827202,0.49664629385335396
44,0,train,16,0.2558026219358701,0.5057693366900272,0.23444645044094986,0.4841967063507866
44,1,train,2,0.2130902789460296,0.46161702627397705,0.23444645044094986,0.4841967063507866
44,-1,train,18,0.23444645044094986,0.4841967063507866,0.23444645044094986,0.4841967063507866
45,0,train,16,0.2512985425992294,0.5012968607514209,0.2457250134813987,0.4957065800263284
45,1,train,2,0.240151484363568,0.490052532248909,0.2457250134813987,0.4957065800263284
45,-1,train,18,0.2457250134813987,0.4957065800263284,0.2457250134813987,0.4957065800263284
46,0,train,16,0.24569546518304358,0.4956767749078462,0.26096090694652024,0.5108433291592641
46,1,train,2,0.2762263487099969,0.5255724010162605,0.26096090694652024,0.5108433291592641
46,-1,train,18,0.26096090694652024,0.5108433291592641,0.26096090694652024,0.5108433291592641
47,0,train,16,0.25343026381028533,0.503418577140619,0.22948307531397144,0.4790439179386076
47,1,train,2,0.20553588681765755,0.4533606586567228,0.22948307531397144,0.4790439179386076
47,-1,train,18,0.22948307531397144,0.4790439179386076,0.22948307531397144,0.4790439179386076
48,0,train,16,0.2444570224909463,0.4944259524852496,0.2565664099825531,0.5065238493719255
48,1,train,2,0.26867579747415987,0.5183394616215901,0.2565664099825531,0.5065238493719255
48,-1,train,18,0.2565664099825531,0.5065238493719255,0.2565664099825531,0.5065238493719255
49,0,train,16,0.2469803766179614,0.496971203006735,0.24343420091252937,0.49339051562887726
49,1,train,2,0.23988802520709732,0.48978365142897257,0.24343420091252937,0.49339051562887726
49,-1,train,18,0.24343420091252937,0.49339051562887726,0.24343420091252937,0.49339051562887726
50,0,train,16,0.24784374454044852,0.49783907494334806,0.236170263340708,0.48597352123413884
50,1,train,2,0.2244967821409675,0.47381091391077884,0.236170263340708,0.48597352123413884
50,-1,train,18,0.236170263340708,0.48597352123413884,0.236170263340708,0.48597352123413884
51,0,train,16,0.23963128658262756,0.4895214873553842,0.26068164805833194,0.5105699247491297
51,1,train,2,0.28173200953403627,0.530784334295989,0.26068164805833194,0.5105699247491297
51,-1,train,18,0.26068164805833194,0.5105699247491297,0.26068164805833194,0.5105699247491297
52,0,train,16,0.2481178860613566,0.49811433031118124,0.2267612897132622,0.4761945922763741
52,1,train,2,0.2054046933651678,0.45321594562103373,0.2267612897132622,0.4761945922763741
52,-1,train,18,0.2267612897132622,0.4761945922763741,0.2267612897132622,0.4761945922763741
53,0,train,16,0.23765225917689178,0.4874959068309105,0.2591966794793568,0.5091136213846147
53,1,train,2,0.2807410997818218,0.5298500729280141,0.2591966794793568,0.5091136213846147
53,-1,train,18,0.2591966794793568,0.5091136213846147,0.2591966794793568,0.5091136213846147
54,0,train,16,0.2431093047594441,0.493061157220323,0.23595015500895083,0.48574700720534636
54,1,train,2,0.22879100525845758,0.47832102740571375,0.23595015500895083,0.48574700720534636
54,-1,train,18,0.23595015500895083,0.48574700720534636,0.23595015500895083,0.48574700720534636
55,0,train,16,0.24458396183345782,0.4945543062530725,0.22665470737152563,0.4760826686317468
55,1,train,2,0.20872545290959343,0.4568648081321141,0.22665470737152563,0.4760826686317468
55,-1,train,18,0.22665470737152563,0.4760826686317468,0.22665470737152563,0.4760826686317468
56,0,train,16,0.23851127491179375,0.48837616128532907,0.2437910510491329,0.49375201371653454
56,1,train,2,0.24907082718647205,0.49906996221619276,0.2437910510491329,0.49375201371653454
56,-1,train,18,0.2437910510491329,0.49375201371653454,0.2437910510491329,0.49375201371653454
57,0,train,16,0.23475610183496914,0.4845163586866486,0.25284165578602547,0.5028336263477469
57,1,train,2,0.27092720973708173,0.5205066855834627,0.25284165578602547,0.5028336263477469
57,-1,train,18,0.25284165578602547,0.5028336263477469,0.25284165578602547,0.5028336263477469
58,0,train,16,0.24167562083253,0.4916051472803453,0.22458020469526874,0.4738989393270138
58,1,train,2,0.2074847885580075,0.45550498192446537,0.22458020469526874,0.4738989393270138
58,-1,train,18,0.22458020469526874,0.4738989393270138,0.22458020469526874,0.4738989393270138
59,0,train,16,0.2398693777367579,0.48976461462294096,0.22690451597398054,0.47634495481109124
59,1,train,2,0.21393965421120315,0.46253611125100613,0.22690451597398054,0.47634495481109124
59,-1,train,18,0.22690451597398054,0.47634495481109124,0.22690451597398054,0.47634495481109124
60,0,train,16,0.23416371355408766,0.4839046533709793,0.24289558291346403,0.4928443800161102
60,1,train,2,0.2516274522728404,0.5016248122579667,0.24289558291346403,0.4928443800161102
60,-1,train,18,0.24289558291346403,0.4928443800161102,0.24289558291346403,0.4928443800161102
61,0,train,16,0.23935576630164385,0.48923998845315564,0.22078725732380466,0.4698800456752815
61,1,train,2,0.20221874834596548,0.4496873895785443,0.22078725732380466,0.4698800456752815
61,-1,train,18,0.22078725732380466,0.4698800456752815,0.22078725732380466,0.4698800456752815
62,0,train,16,0.2374254096378902,0.4872631831340125,0.22363147888028917,0.4728969008994341
62,1,train,2,0.20983754812268812,0.45808028567347026,0.22363147888028917,0.4728969008994341
62,-1,train,18,0.22363147888028917,0.4728969008994341,0.22363147888028917,0.4728969008994341
63,0,train,16,0.23240969632481262,0.4820888884062903,0.23730824010373833,0.4871429360092768
63,1,train,2,0.24220678388266403,0.49214508418012676,0.23730824010373833,0.4871429360092768
63,-1,train,18,0.23730824010373833,0.4871429360092768,0.23730824010373833,0.4871429360092768
64,0,train,16,0.2350205396687301,0.48478917032946406,0.22429724011069735,0.47360029572488377
64,1,train,2,0.2135739405526646,0.4621406069073184,0.22429724011069735,0.47360029572488377
64,-1,train,18,0.22429724011069735,0.47360029572488377,0.22429724011069735,0.47360029572488377
65,0,train,16,0.23228859871512433,0.4819632752763683,0.22999220528181025,0.479575025706938
65,1,train,2,0.2276958118484962,0.477174823150275,0.22999220528181025,0.479575025706938
65,-1,train,18,0.22999220528181025,0.479575025706938,0.22999220528181025,0.479575025706938
66,0,train,16,0.23238285824245813,0.48206105240151703,0.2258118324268526,0.475196625016269
66,1,train,2,0.2192408066112471,0.46823157370178176,0.2258118324268526,0.475196625016269
66,-1,train,18,0.2258118324268526,0.475196625016269,0.2258118324268526,0.475196625016269
67,0,train,16,0.2269866757387981,0.4764311867823076,0.24086404063747227,0.4907790140556871
67,1,train,2,0.25474140553614644,0.5047191352981839,0.24086404063747227,0.4907790140556871
67,-1,train,18,0.24086404063747227,0.4907790140556871,0.24086404063747227,0.4907790140556871
68,0,train,16,0.23125073215696093,0.4808853628017398,0.2221380543085182,0.47131523878240794
68,1,train,2,0.2130253764600755,0.4615467218603936,0.2221380543085182,0.47131523878240794
68,-1,train,18,0.2221380543085182,0.47131523878240794,0.2221380543085182,0.47131523878240794
69,0,train,16,0.23003642932753726,0.4796211310269151,0.22258826953706934,0.4717926128470743
69,1,train,2,0.2151401097466014,0.4638319843937041,0.22258826953706934,0.4717926128470743
69,-1,train,18,0.22258826953706934,0.4717926128470743,0.22258826953706934,0.4717926128470743
70,0,train,16,0.22502598047866398,0.47436903406384356,0.23642206883488714,0.48623252548023477
70,1,train,2,0.2478181571911103,0.49781337586600694,0.23642206883488714,0.48623252548023477
70,-1,train,18,0.23642206883488714,0.48623252548023477,0.23642206883488714,0.48623252548023477
71,0,train,16,0.22765228717571473,0.47712921433896155,0.2234019840159101,0.4726541907313529
71,1,train,2,0.21915168085610545,0.4681363912964954,0.2234019840159101,0.4726541907313529
71,-1,train,18,0.2234019840159101,0.4726541907313529,0.2234019840159101,0.4726541907313529
72,0,train,16,0.2262272854311243,0.4756335621369925,0.22467032280097338,0.47399401135560076
72,1,train,2,0.22311336017082248,0.47234876962983874,0.22467032280097338,0.47399401135560076
72,-1,train,18,0.22467032280097338,0.47399401135560076,0.22467032280097338,0.47399401135560076
73,0,train,16,0.22876989770408543,0.4782989626834721,0.21207453594663533,0.4605155110814785
73,1,train,2,0.19537917418918527,0.44201716503907995,0.21207453594663533,0.4605155110814785
73,-1,train,18,0.21207453594663533,0.4605155110814785,0.21207453594663533,0.4605155110814785
74,0,train,16,0.22491570271280747,0.47425278355831235,0.22185751216509453,0.47101752851151363
74,1,train,2,0.21879932161738158,0.4677598974018418,0.22185751216509453,0.47101752851151363
74,-1,train,18,0.22185751216509453,0.47101752851151363,0.22185751216509453,0.47101752851151363
75,0,train,16,0.22671268378793025,0.4761435537607647,0.2119290685300073,0.4603575442305766
75,1,train,2,0.19714545327208433,0.4440106454490526,0.2119290685300073,0.4603575442305766
75,-1,train,18,0.2119290685300073,0.4603575442305766,0.2119290685300073,0.4603575442305766
76,0,train,16,0.2251555134691734,0.4745055462996965,0.21373594102423796,0.4623158455258028
76,1,train,2,0.20231636857930252,0.44979591881130104,0.21373594102423796,0.4623158455258028
76,-1,train,18,0.21373594102423796,0.4623158455258028,0.21373594102423796,0.4623158455258028
77,0,train,16,0.22065103338574862,0.4697350672301873,0.2258935761570687,0.4752826276617616
77,1,train,2,0.23113611892838878,0.48076617906045427,0.2258935761570687,0.4752826276617616
77,-1,train,18,0.2258935761570687,0.4752826276617616,0.2258935761570687,0.4752826276617616
78,0,train,16,0.22100365584264364,0.47011025923994004,0.22102608340686192,0.47013411214978
78,1,train,2,0.22104851097108016,0.4701579638494707,0.22102608340686192,0.47013411214978
78,-1,train,18,0.22102608340686192,0.47013411214978,0.22102608340686192,0.47013411214978
79,0,train,16,0.22316611894853997,0.47240461359785635,0.20987656163852308,0.4581228674040656
79,1,train,2,0.19658700432850618,0.4433813306043751,0.20987656163852308,0.4581228674040656
79,-1,train,18,0.20987656163852308,0.4581228674040656,0.20987656163852308,0.4581228674040656
80,0,train,16,0.2190849616068081,0.4680651253904825,0.22056760656710966,0.4696462568434988
80,1,train,2,0.22205025152741126,0.4712220830218075,0.22056760656710966,0.4696462568434988
80,-1,train,18,0.22056760656710966,0.4696462568434988,0.22056760656710966,0.4696462568434988
81,0,train,16,0.21072975961885332,0.4590531119803604,0.2463027302128618,0.49628895838297854
81,1,train,2,0.2818757008068703,0.5309196745336061,0.2463027302128618,0.49628895838297854
81,-1,train,18,0.2463027302128618,0.49628895838297854,0.2463027302128618,0.49628895838297854
82,0,train,16,0.2192917346446542,0.46828595392628874,0.2127332781407641,0.4612301791305119
82,1,train,2,0.20617482163687395,0.4540647769172081,0.2127332781407641,0.4612301791305119
82,-1,train,18,0.2127332781407641,0.4612301791305119,0.2127332781407641,0.4612301791305119
83,0,train,16,0.21743152042172315,0.46629552906040517,0.21571803869341508,0.4644545604183633
83,1,train,2,0.214004556965107,0.4626062655921416,0.21571803869341508,0.4644545604183633
83,-1,train,18,0.21571803869341508,0.4644545604183633,0.21571803869341508,0.4644545604183633
84,0,train,16,0.21925020944123266,0.4682416143843183,0.20582379416417956,0.4536780732680163
84,1,train,2,0.19239737888712646,0.4386312561675541,0.20582379416417956,0.4536780732680163
84,-1,train,18,0.20582379416417956,0.4536780732680163,0.20582379416417956,0.4536780732680163
85,0,train,16,0.21264005028544558,0.4611291037068096,0.22543332559947785,0.4747981946042738
85,1,train,2,0.2382266009135101,0.4880846247460681,0.22543332559947785,0.4747981946042738
85,-1,train,18,0.22543332559947785,0.4747981946042738,0.22543332559947785,0.4747981946042738
86,0,train,16,0.21714216219063048,0.46598515232851623,0.20617055591086997,0.45406007962699163
86,1,train,2,0.19519894963110943,0.44181325198675225,0.20617055591086997,0.45406007962699163
86,-1,train,18,0.20617055591086997,0.45406007962699163,0.20617055591086997,0.45406007962699163
87,0,train,16,0.2162394004859282,0.4650154841356664,0.20582385942407982,0.4536781451911474
87,1,train,2,0.19540831836223144,0.44205013105102847,0.20582385942407982,0.4536781451911474
87,-1,train,18,0.20582385942407982,0.4536781451911474,0.20582385942407982,0.4536781451911474
88,0,train,16,0.2165204715830827,0.46531760291555996,0.2013652630833213,0.44873740994408
88,1,train,2,0.1862100545835599,0.43152063054222556,0.2013652630833213,0.44873740994408
88,-1,train,18,0.2013652630833213,0.44873740994408,0.2013652630833213,0.44873740994408
89,0,train,16,0.21561631345554,0.46434503707430747,0.2010480047456667,0.44838376949402026
89,1,train,2,0.18647969603579337,0.4318329492243423,0.2010480047456667,0.44838376949402026
89,-1,train,18,0.2010480047456667,0.44838376949402026,0.2010480047456667,0.44838376949402026
90,0,train,16,0.21555926339646386,0.46428360233424554,0.1977904930156314,0.4447364309516721
90,1,train,2,0.18002172263479893,0.42428966831022286,0.1977904930156314,0.4447364309516721
90,-1,train,18,0.1977904930156314,0.4447364309516721,0.1977904930156314,0.4447364309516721
91,0,train,16,0.2131758701398332,0.4617097249786203,0.20269183530787965,0.45021309988479863
91,1,train,2,0.19220780047592614,0.4384151006476923,0.20269183530787965,0.45021309988479863
91,-1,train,18,0.20269183530787965,0.45021309988479863,0.20269183530787965,0.45021309988479863
92,0,train,16,0.20317316428899307,0.45074733974699516,0.23433651341708475,0.48408316787209693
92,1,train,2,0.26549986254517643,0.5152667877373589,0.23433651341708475,0.48408316787209693
92,-1,train,18,0.23433651341708475,0.48408316787209693,0.23433651341708475,0.48408316787209693
93,0,train,16,0.1982301659503622,0.44523046386154014,0.24831214208348207,0.49830928356140636
93,1,train,2,0.29839411821660194,0.546254627638615,0.24831214208348207,0.49830928356140636
93,-1,train,18,0.24831214208348207,0.49830928356140636,0.24831214208348207,0.49830928356140636
94,0,train,16,0.21309930531969287,0.4616268030776515,0.19300086506394415,0.4393186372827178
94,1,train,2,0.17290242480819545,0.4158153734630256,0.19300086506394415,0.4393186372827178
94,-1,train,18,0.19300086506394415,0.4393186372827178,0.19300086506394415,0.4393186372827178
95,0,train,16,0.21122115822992554,0.45958803099071843,0.19638734664988403,0.4431561199508408
95,1,train,2,0.1815535350698425,0.4260909938849242,0.19638734664988403,0.4431561199508408
95,-1,train,18,0.19638734664988403,0.4431561199508408,0.19638734664988403,0.4431561199508408
96,0,train,16,0.20917257221466273,0.4573538807254867,0.20037828085656784,0.44763632656048796
96,1,train,2,0.1915839894984729,0.4377030837205433,0.20037828085656784,0.44763632656048796
96,-1,train,18,0.20037828085656784,0.44763632656048796,0.20037828085656784,0.44763632656048796
97,0,train,16,0.20291892792457342,0.45046523497887536,0.21908975931197616,0.4680702504026251
97,1,train,2,0.2352605906993789,0.4850366900548647,0.21908975931197616,0.4680702504026251
97,-1,train,18,0.21908975931197616,0.4680702504026251,0.21908975931197616,0.4680702504026251
98,0,train,16,0.2095074623210932,0.45771985135134047,0.1928437730509377,0.43913981036901867
98,1,train,2,0.17618008378078218,0.41973811332875427,0.1928437730509377,0.43913981036901867
98,-1,train,18,0.1928437730509377,0.43913981036901867,0.1928437730509377,0.43913981036901867
99,0,train,16,0.2069118118931364,0.4548756004592205,0.19875934449660598,0.44582434264697346
99,1,train,2,0.19060687710007557,0.43658547513639934,0.19875934449660598,0.44582434264697346
99,-1,train,18,0.19875934449660598,0.44582434264697346,0.19875934449660598,0.44582434264697346
100,0,train,16,0.20081259060552678,0.44812117848359584,0.21696099331213126,0.4657907183619391
100,1,train,2,0.23310939601873576,0.48281403875481477,0.21696099331213126,0.4657907183619391
100,-1,train,18,0.21696099331213126,0.4657907183619391,0.21696099331213126,0.4657907183619391
101,0,train,16,0.20401860995695179,0.45168419272424376,0.20262989816538218,0.45014430815615364
101,1,train,2,0.20124118637381255,0.44859913773190935,0.20262989816538218,0.45014430815615364
101,-1,train,18,0.20262989816538218,0.45014430815615364,0.20262989816538218,0.45014430815615364
102,0,train,16,0.20175671491587419,0.4491733684401538,0.207455698644676,0.4554730493066258
102,1,train,2,0.21315468237347784,0.461686779509093,0.207455698644676,0.4554730493066258
102,-1,train,18,0.207455698644676,0.4554730493066258,0.207455698644676,0.4554730493066258
103,0,train,16,0.20281353451689138,0.4503482369421372,0.20070921557619267,0.44800582091775626
103,1,train,2,0.19860489663549397,0.44565109293649663,0.20070921557619267,0.44800582091775626
103,-1,train,18,0.20070921557619267,0.44800582091775626,0.20070921557619267,0.44800582091775626
104,0,train,16,0.19974078412592022,0.4469236893765201,0.2084464041843298,0.45655931069723
104,1,train,2,0.21715202424273938,0.46599573414650414,0.2084464041843298,0.45655931069723
104,-1,train,18,0.2084464041843298,0.45655931069723,0.2084464041843298,0.45655931069723
105,0,train,16,0.19727749126771127,0.44415930843303425,0.21408007760922548,0.4626878835772831
105,1,train,2,0.23088266395073967,0.48050251190887616,0.21408007760922548,0.4626878835772831
105,-1,train,18,0.21408007760922548,0.4626878835772831,0.21408007760922548,0.4626878835772831
106,0,train,16,0.20343358884964963,0.4510361280980157,0.18952541682634289,0.43534516975193704
106,1,train,2,0.17561724480303612,0.41906711252857354,0.18952541682634289,0.43534516975193704
106,-1,train,18,0.18952541682634289,0.43534516975193704,0.18952541682634289,0.43534516975193704
107,0,train,16,0.19741665250064758,0.44431593770722155,0.2076423261819592,0.4556778754580468
107,1,train,2,0.21786799986327088,0.4667633231770368,0.2076423261819592,0.4556778754580468
107,-1,train,18,0.2076423261819592,0.4556778754580468,0.2076423261819592,0.4556778754580468
108,0,train,16,0.20298561591009845,0.4505392501326588,0.18518769544510552,0.430334399560511
108,1,train,2,0.1673897749801126,0.40913295513819536,0.18518769544510552,0.430334399560511
108,-1,train,18,0.18518769544510552,0.430334399560511,0.18518769544510552,0.430334399560511
109,0,train,16,0.19727653652936658,0.44415823366157087,0.2022590801867456,0.44973223165206383
109,1,train,2,0.20724162384412464,0.45523798594155634,0.2022590801867456,0.44973223165206383
109,-1,train,18,0.2022590801867456,0.44973223165206383,0.2022590801867456,0.44973223165206383
110,0,train,16,0.1966140089271354,0.443411782575898,0.20162675085590337,0.44902867487044007
110,1,train,2,0.2066394927846713,0.45457616829819764,0.20162675085590337,0.44902867487044007
110,-1,train,18,0.20162675085590337,0.44902867487044007,0.20162675085590337,0.44902867487044007
111,0,train,16,0.1987429292866703,0.44580593231435395,0.19123580562663225,0.43730516304593553
111,1,train,2,0.1837286819665942,0.4286358384066762,0.19123580562663225,0.43730516304593553
111,-1,train,18,0.19123580562663225,0.43730516304593553,0.19123580562663225,0.43730516304593553
112,0,train,16,0.19999660832539481,0.44720980347639383,0.18392448873880618,0.4288641844906219
112,1,train,2,0.16785236915221752,0.40969789986307903,0.18392448873880618,0.4288641844906219
112,-1,train,18,0.18392448873880618,0.4288641844906219,0.18392448873880618,0.4288641844906219
113,0,train,16,0.19436589294576134,0.44086947381936226,0.20073551117825816,0.44803516734544196
113,1,train,2,0.207105129410755,0.45508804577878664,0.20073551117825816,0.44803516734544196
113,-1,train,18,0.20073551117825816,0.44803516734544196,0.20073551117825816,0.44803516734544196
114,0,train,16,0.19113909672625085,0.4371945753623332,0.2091001802547088,0.4572747317037197
114,1,train,2,0.22706126378316677,0.47650945823054425,0.2091001802547088,0.4572747317037197
114,-1,train,18,0.2091001802547088,0.4572747317037197,0.2091001802547088,0.4572747317037197
115,0,train,16,0.18931604752293654,0.43510463973961083,0.21257021019612762,0.4610533702253218
115,1,train,2,0.2358243728693187,0.48561751705361567,0.21257021019612762,0.4610533702253218
115,-1,train,18,0.21257021019612762,0.4610533702253218,0.21257021019612762,0.4610533702253218
116,0,train,16,0.19657263487671447,0.44336512591397453,0.1842648139673529,0.42926077618081165
116,1,train,2,0.17195699305799134,0.414676974352316,0.1842648139673529,0.42926077618081165
116,-1,train,18,0.1842648139673529,0.42926077618081165,0.1842648139673529,0.42926077618081165
117,0,train,16,0.19701241966674865,0.44386081114100245,0.17981934608635872,0.4240511125871016
117,1,train,2,0.16262627250596878,0.4032694787681914,0.17981934608635872,0.4240511125871016
117,-1,train,18,0.17981934608635872,0.4240511125871016,0.17981934608635872,0.4240511125871016
118,0,train,16,0.19553286350389434,0.4421909808034243,0.18211218778367894,0.4267460460082541
118,1,train,2,0.16869151206346356,0.4107207227100473,0.18211218778367894,0.4267460460082541
118,-1,train,18,0.18211218778367894,0.4267460460082541,0.18211218778367894,0.4267460460082541
119,0,train,16,0.19004973860484106,0.43594694471327705,0.19844152106149876,0.44546775535553496
119,1,train,2,0.20683330351815643,0.4547892957383193,0.19844152106149876,0.44546775535553496
119,-1,train,18,0.19844152106149876,0.44546775535553496,0.19844152106149876,0.44546775535553496
120,0,train,16,0.19447254538879047,0.44099041416882345,0.1800858082713671,0.42436518268039747
120,1,train,2,0.16569907115394372,0.4070615078264509,0.1800858082713671,0.42436518268039747
120,-1,train,18,0.1800858082713671,0.42436518268039747,0.1800858082713671,0.42436518268039747
121,0,train,16,0.18640226546356298,0.4317432865298116,0.20552572685286127,0.45334945335012955
121,1,train,2,0.22464918824215957,0.4739717167111974,0.20552572685286127,0.45334945335012955
121,-1,train,18,0.20552572685286127,0.45334945335012955,0.20552572685286127,0.45334945335012955
122,0,train,16,0.19170508443566253,0.4378413918711461,0.1841328609082113,0.42910705063912813
122,1,train,2,0.17656063738076003,0.42019119146022094,0.1841328609082113,0.42910705063912813
122,-1,train,18,0.1841328609082113,0.42910705063912813,0.1841328609082113,0.42910705063912813
123,0,train,16,0.18563431446311693,0.43085300795412457,0.20260266498381302,0.45011405774960306
123,1,train,2,0.21957101550450914,0.46858405383080326,0.20260266498381302,0.45011405774960306
123,-1,train,18,0.20260266498381302,0.45011405774960306,0.20260266498381302,0.45011405774960306
124,0,train,16,0.18723709465550403,0.4327090184587144,0.19418950146751573,0.4406693788630153
124,1,train,2,0.20114190827952746,0.4484884706205138,0.19418950146751573,0.4406693788630153
124,-1,train,18,0.19418950146751573,0.4406693788630153,0.19418950146751573,0.4406693788630153
125,0,train,16,0.1898632510321419,0.43573300429522427,0.1822439317781815,0.42690037687753507
125,1,train,2,0.1746246125242211,0.41788109854864347,0.1822439317781815,0.42690037687753507
125,-1,train,18,0.1822439317781815,0.42690037687753507,0.1822439317781815,0.42690037687753507
126,0,train,16,0.1886645400075468,0.4343553153900005,0.18367217185586437,0.4285699147815492
126,1,train,2,0.17867980370418193,0.42270533910063396,0.18367217185586437,0.4285699147815492
126,-1,train,18,0.18367217185586437,0.4285699147815492,0.18367217185586437,0.4285699147815492
127,0,train,16,0.18406996562788794,0.42903375814484335,0.1969839211633953,0.44382870700687593
127,1,train,2,0.20989787669890264,0.458146130289128,0.1969839211633953,0.44382870700687593
127,-1,train,18,0.1969839211633953,0.44382870700687593,0.1969839211633953,0.44382870700687593
128,0,train,16,0.18323602936875108,0.42806077765750866,0.19712067469920025,0.44398274144295324
128,1,train,2,0.2110053200296494,0.45935315393458376,0.19712067469920025,0.44398274144295324
128,-1,train,18,0.19712067469920025,0.44398274144295324,0.19712067469920025,0.44398274144295324
129,0,train,16,0.18882736977096087,0.4345427134022165,0.1748225548243204,0.41811787192647054
129,1,train,2,0.16081773987767994,0.40102087212223747,0.1748225548243204,0.41811787192647054
129,-1,train,18,0.1748225548243204,0.41811787192647054,0.1748225548243204,0.41811787192647054
130,0,train,16,0.1885739617920412,0.4342510354530444,0.17296555562658347,0.41589127861327346
130,1,train,2,0.15735714946112575,0.3966826810703056,0.17296555562658347,0.41589127861327346
130,-1,train,18,0.17296555562658347,0.41589127861327346,0.17296555562658347,0.41589127861327346
131,0,train,16,0.18672712989737658,0.43211934682142683,0.17667883266548173,0.4203318125784459
131,1,train,2,0.1666305354335869,0.40820403652289733,0.17667883266548173,0.4203318125784459
131,-1,train,18,0.17667883266548173,0.4203318125784459,0.17667883266548173,0.4203318125784459
132,0,train,16,0.18390335988186596,0.4288395502771007,0.18383489688524535,0.42875971928954026
132,1,train,2,0.18376643388862476,0.4286798734354399,0.18383489688524535,0.42875971928954026
132,-1,train,18,0.18383489688524535,0.42875971928954026,0.18383489688524535,0.42875971928954026
133,0,train,16,0.17930484294073765,0.42344402574689566,0.19719680307800824,0.4440684666557717
133,1,train,2,0.21508876321527887,0.4637766307343211,0.19719680307800824,0.4440684666557717
133,-1,train,18,0.19719680307800824,0.4440684666557717,0.19719680307800824,0.4440684666557717
134,0,train,16,0.17772227888260209,0.42157120262489717,0.19999476159079166,0.44720773874206565
134,1,train,2,0.2222672442989812,0.47145227149625785,0.19999476159079166,0.44720773874206565
134,-1,train,18,0.19999476159079166,0.44720773874206565,0.19999476159079166,0.44720773874206565
135,0,train,16,0.18504531023054743,0.43016893220053376,0.17165821157824385,0.4143165596234887
135,1,train,2,0.15827111292594026,0.3978330214121752,0.17165821157824385,0.4143165596234887
135,-1,train,18,0.17165821157824385,0.4143165596234887,0.17165821157824385,0.4143165596234887
136,0,train,16,0.18343335321055732,0.42829120141622956,0.17457400172917598,0.4178205377062932
136,1,train,2,0.16571465024779466,0.4070806434206798,0.17457400172917598,0.4178205377062932
136,-1,train,18,0.17457400172917598,0.4178205377062932,0.17457400172917598,0.4178205377062932
137,0,train,16,0.17863233248427035,0.42264918370235893,0.18868170447036806,0.4343750734910649
137,1,train,2,0.19873107645646576,0.4457926384054202,0.18868170447036806,0.4343750734910649
137,-1,train,18,0.18868170447036806,0.4343750734910649,0.18868170447036806,0.4343750734910649
138,0,train,16,0.18134794884414346,0.4258496786944232,0.17649139995310764,0.42010879537699236
138,1,train,2,0.17163485106207182,0.41428836703686456,0.17649139995310764,0.42010879537699236
138,-1,train,18,0.17649139995310764,0.42010879537699236,0.17649139995310764,0.42010879537699236
139,0,train,16,0.1787892276114878,0.42283475213313276,0.18274827097371799,0.4274906677036564
139,1,train,2,0.18670731433594817,0.43209641786984093,0.18274827097371799,0.4274906677036564
139,-1,train,18,0.18274827097371799,0.4274906677036564,0.18274827097371799,0.4274906677036564
140,0,train,16,0.1819830324956435,0.42659469346868756,0.16890394731278657,0.41097925411483555
140,1,train,2,0.15582486212992963,0.39474657963043785,0.16890394731278657,0.41097925411483555
140,-1,train,18,0.16890394731278657,0.41097925411483555,0.16890394731278657,0.41097925411483555
141,0,train,16,0.18300925997451656,0.4277958157515295,0.16263206969993912,0.40327666644617455
141,1,train,2,0.1422548794253617,0.377166911890958,0.16263206969993912,0.40327666644617455
141,-1,train,18,0.16263206969993912,0.40327666644617455,0.16263206969993912,0.40327666644617455
142,0,train,16,0.1801293724673073,0.42441650824079324,0.17004162301828366,0.4123610347963101
142,1,train,2,0.15995387356926,0.39994233780541416,0.17004162301828366,0.4123610347963101
142,-1,train,18,0.17004162301828366,0.4123610347963101,0.17004162301828366,0.4123610347963101
143,0,train,16,0.18039795322570606,0.42473280215413795,0.16643745873129784,0.40796747263880956
143,1,train,2,0.15247696423688958,0.39048298840908496,0.16643745873129784,0.40796747263880956
143,-1,train,18,0.16643745873129784,0.40796747263880956,0.16643745873129784,0.40796747263880956
144,0,train,16,0.17362462491605862,0.41668288291704353,0.18746234196042755,0.43296921595008064
144,1,train,2,0.2013000590047965,0.4486647512394934,0.18746234196042755,0.43296921595008064
144,-1,train,18,0.18746234196042755,0.43296921595008064,0.18746234196042755,0.43296921595008064
145,0,train,16,0.17775302313847308,0.421607664942744,0.17035284355516356,0.41273822642828173
145,1,train,2,0.16295266397185407,0.40367395751008517,0.17035284355516356,0.41273822642828173
145,-1,train,18,0.17035284355516356,0.41273822642828173,0.17035284355516356,0.41273822642828173
146,0,train,16,0.17491480445757202,0.41822817272103036,0.1775870011956696,0.42141072743307045
146,1,train,2,0.18025919793376718,0.4245694265179338,0.1775870011956696,0.42141072743307045
146,-1,train,18,0.1775870011956696,0.42141072743307045,0.1775870011956696,0.42141072743307045
147,0,train,16,0.17287654964782898,0.41578425853780104,0.1820336884151484,0.4266540617586435
147,1,train,2,0.19119082718246777,0.43725373318299726,0.1820336884151484,0.4266540617586435
147,-1,train,18,0.1820336884151484,0.4266540617586435,0.1820336884151484,0.4266540617586435
148,0,train,16,0.1780451976322396,0.42195402312602687,0.16126701004799043,0.4015806395333202
148,1,train,2,0.14448882246374123,0.38011685369599335,0.16126701004799043,0.4015806395333202
148,-1,train,18,0.16126701004799043,0.4015806395333202,0.16126701004799043,0.4015806395333202
149,0,train,16,0.16919757735066637,0.41133633118248425,0.18952045577531101,0.4353394718783389
149,1,train,2,0.20984333419995566,0.4580866012010782,0.18952045577531101,0.4353394718783389
149,-1,train,18,0.18952045577531101,0.4353394718783389,0.18952045577531101,0.4353394718783389
150,0,train,16,0.17401299564905776,0.4171486493434418,0.16999377939442037,0.4123030189004446
150,1,train,2,0.16597456313978298,0.4073997583943601,0.16999377939442037,0.4123030189004446
150,-1,train,18,0.16999377939442037,0.4123030189004446,0.16999377939442037,0.4123030189004446
151,0,train,16,0.17161705138469158,0.4142668842481759,0.17567034199010534,0.419130459391948
151,1,train,2,0.17972363259551913,0.4239382414875062,0.17567034199010534,0.419130459391948
151,-1,train,18,0.17567034199010534,0.419130459391948,0.17567034199010534,0.419130459391948
152,0,train,16,0.1704489856345553,0.4128546785910937,0.17704497710513084,0.42076712930685406
152,1,train,2,0.1836409685757064,0.4285335092798536,0.17704497710513084,0.42076712930685406
152,-1,train,18,0.17704497710513084,0.42076712930685406,0.17704497710513084,0.42076712930685406
153,0,train,16,0.16943718903169294,0.4116274881876731,0.17787544144162326,0.4217528203125893
153,1,train,2,0.18631369385155355,0.4316406999479469,0.17787544144162326,0.4217528203125893
153,-1,train,18,0.17787544144162326,0.4217528203125893,0.17787544144162326,0.4217528203125893
154,0,train,16,0.17442934582121333,0.41764739412716717,0.1577120534434937,0.3971297690220335
154,1,train,2,0.1409947610657741,0.375492691095012,0.1577120534434937,0.3971297690220335
154,-1,train,18,0.1577120534434937,0.3971297690220335,0.1577120534434937,0.3971297690220335
155,0,train,16,0.1698119554626914,0.41208246196931436,0.17116480216951982,0.41372068134131246
155,1,train,2,0.17251764887634824,0.4153524393528323,0.17116480216951982,0.41372068134131246
155,-1,train,18,0.17116480216951982,0.41372068134131246,0.17116480216951982,0.41372068134131246
156,0,train,16,0.17253721785611517,0.4153759957630137,0.15891392829959589,0.39864009871009704
156,1,train,2,0.14529063874307663,0.381170091616691,0.15891392829959589,0.39864009871009704
156,-1,train,18,0.15891392829959589,0.39864009871009704,0.15891392829959589,0.39864009871009704
157,0,train,16,0.16414210148629169,0.4051445439423956,0.18558229799604797,0.4307926392082947
157,1,train,2,0.2070224945058043,0.45499724670134467,0.18558229799604797,0.4307926392082947
157,-1,train,18,0.18558229799604797,0.4307926392082947,0.18558229799604797,0.4307926392082947
158,0,train,16,0.16134012098750253,0.4016716581830271,0.1926672804560945,0.43893881174497945
158,1,train,2,0.22399443992468643,0.4732805087098838,0.1926672804560945,0.43893881174497945
158,-1,train,18,0.1926672804560945,0.43893881174497945,0.1926672804560945,0.43893881174497945
159,0,train,16,0.16289721075608443,0.4036052660162952,0.18449052877018166,0.4295236067670573
159,1,train,2,0.20608384678427888,0.45396458758837005,0.18449052877018166,0.4295236067670573
159,-1,train,18,0.18449052877018166,0.4295236067670573,0.18449052877018166,0.4295236067670573
160,0,train,16,0.1686777573390988,0.41070397774930156,0.16155191411061873,0.4019352113346363
160,1,train,2,0.15442607088213867,0.39297082701154634,0.16155191411061873,0.4019352113346363
160,-1,train,18,0.16155191411061873,0.4019352113346363,0.16155191411061873,0.4019352113346363
161,0,train,16,0.1686926274904442,0.4107220805976277,0.15875313911733435,0.3984383755580458
161,1,train,2,0.14881365074422453,0.38576372398687847,0.15875313911733435,0.3984383755580458
161,-1,train,18,0.15875313911733435,0.3984383755580458,0.15875313911733435,0.3984383755580458
162,0,train,16,0.16985972160611965,0.41214041491477105,0.1519300078306362,0.3897820003933432
162,1,train,2,0.13400029405515274,0.36606050600297313,0.1519300078306362,0.3897820003933432
162,-1,train,18,0.1519300078306362,0.3897820003933432,0.1519300078306362,0.3897820003933432
163,0,train,16,0.16718267812171136,0.4088797844375671,0.15856334821972481,0.39820013588612047
163,1,train,2,0.14994401831773826,0.3872260558352682,0.15856334821972481,0.39820013588612047
163,-1,train,18,0.15856334821972481,0.39820013588612047,0.15856334821972481,0.39820013588612047
164,0,train,16,0.1673811362605906,0.4091223976520848,0.15513755574066138,0.39387505092435265
164,1,train,2,0.14289397522073216,0.3780131945061338,0.15513755574066138,0.39387505092435265
164,-1,train,18,0.15513755574066138,0.39387505092435265,0.15513755574066138,0.39387505092435265
165,0,train,16,0.1610910130459525,0.4013614493769332,0.17443046738100126,0.417648736836353
165,1,train,2,0.18776992171605,0.43332426855191253,0.17443046738100126,0.417648736836353
165,-1,train,18,0.17443046738100126,0.417648736836353,0.17443046738100126,0.417648736836353
166,0,train,16,0.15740234728143726,0.39673964672242834,0.18459194580225727,0.4296416481234766
166,1,train,2,0.21178154432307728,0.46019728847862335,0.18459194580225727,0.4296416481234766
166,-1,train,18,0.18459194580225727,0.4296416481234766,0.18459194580225727,0.4296416481234766
167,0,train,16,0.16529614215758986,0.4065662826127984,0.15424481279935004,0.3927401339299945
167,1,train,2,0.14319348344111024,0.3784091481995516,0.15424481279935004,0.3927401339299945
167,-1,train,18,0.15424481279935004,0.3927401339299945,0.15424481279935004,0.3927401339299945
168,0,train,16,0.15926800993175866,0.3990839635111372,0.17258977418845173,0.4154392545107548
168,1,train,2,0.1859115384451448,0.43117460320054196,0.17258977418845173,0.4154392545107548
168,-1,train,18,0.17258977418845173,0.4154392545107548,0.17258977418845173,0.4154392545107548
169,0,train,16,0.16508469740807746,0.40630616215863313,0.14950222857125672,0.38665518045314834
169,1,train,2,0.133919759734436,0.3659504880915395,0.14950222857125672,0.38665518045314834
169,-1,train,18,0.14950222857125672,0.38665518045314834,0.14950222857125672,0.38665518045314834
170,0,train,16,0.1639893078151505,0.4049559331768711,0.15059708529145355,0.3880684028511643
170,1,train,2,0.1372048627677566,0.370411747610354,0.15059708529145355,0.3880684028511643
170,-1,train,18,0.15059708529145355,0.3880684028511643,0.15059708529145355,0.3880684028511643
171,0,train,16,0.16066062773359852,0.4008249340218227,0.15950157249949753,0.39937647965234196
171,1,train,2,0.15834251726539655,0.3979227528872866,0.15950157249949753,0.39937647965234196
171,-1,train,18,0.15950157249949753,0.39937647965234196,0.15950157249949753,0.39937647965234196
172,0,train,16,0.15635012336743695,0.39541133439424436,0.17186421502689708,0.41456509142340614
172,1,train,2,0.18737830668635724,0.4328721597496855,0.17186421502689708,0.41456509142340614
172,-1,train,18,0.17186421502689708,0.41456509142340614,0.17186421502689708,0.41456509142340614
173,0,train,16,0.15959490390753006,0.39949330896465596,0.15775035877595617,0.3971779938213548
173,1,train,2,0.15590581364438227,0.3948491023725168,0.15775035877595617,0.3971779938213548
173,-1,train,18,0.15775035877595617,0.3971779938213548,0.15775035877595617,0.3971779938213548
174,0,train,16,0.15684555917399504,0.39603732043078343,0.1646276205012034,0.4057432938462488
174,1,train,2,0.1724096818284117,0.41522244860846785,0.1646276205012034,0.4057432938462488
174,-1,train,18,0.1646276205012034,0.4057432938462488,0.1646276205012034,0.4057432938462488
175,0,train,16,0.16073054565387926,0.40091214206341924,0.14827473507767536,0.38506458559269685
175,1,train,2,0.13581892450147146,0.3685361915761754,0.14827473507767536,0.38506458559269685
175,-1,train,18,0.14827473507767536,0.38506458559269685,0.14827473507767536,0.38506458559269685
176,0,train,16,0.16126077092735508,0.4015728712542159,0.14366306347497304,0.37902910636911913
176,1,train,2,0.126065356022591,0.3550568349188493,0.14366306347497304,0.37902910636911913
176,-1,train,18,0.14366306347497304,0.37902910636911913,0.14366306347497304,0.37902910636911913
177,0,train,16,0.15762487064421177,0.3970199877137318,0.15363527431182755,0.39196335837910606
177,1,train,2,0.14964567797944334,0.38684063641174427,0.15363527431182755,0.39196335837910606
177,-1,train,18,0.15363527431182755,0.39196335837910606,0.15363527431182755,0.39196335837910606
178,0,train,16,0.15961708760582186,0.39952107279319055,0.14391759032673956,0.37936471940171185
178,1,train,2,0.12821809304765727,0.35807554097935435,0.14391759032673956,0.37936471940171185
178,-1,train,18,0.14391759032673956,0.37936471940171185,0.14391759032673956,0.37936471940171185
179,0,train,16,0.16067372258718046,0.40084126856797125,0.13748254272835994,0.37078638422730675
179,1,train,2,0.1142913628695394,0.338070056156323,0.13748254272835994,0.37078638422730675
179,-1,train,18,0.13748254272835994,0.37078638422730675,0.13748254272835994,0.37078638422730675
180,0,train,16,0.15695409802077462,0.3961743278163978,0.1477469550212292,0.38437866098579043
180,1,train,2,0.13853981202168375,0.37220936584358505,0.1477469550212292,0.38437866098579043
180,-1,train,18,0.1477469550212292,0.38437866098579043,0.1477469550212292,0.38437866098579043
181,0,train,16,0.1492917630345895,0.3863829228040358,0.1718225474616965,0.4145148338258795
181,1,train,2,0.1943533318888035,0.44085522781158387,0.1718225474616965,0.4145148338258795
181,-1,train,18,0.1718225474616965,0.4145148338258795,0.1718225474616965,0.4145148338258795
182,0,train,16,0.15745877884307174,0.39681075948501165,0.14048754313043688,0.37481667936530905
182,1,train,2,0.12351630741780198,0.3514488688526426,0.14048754313043688,0.37481667936530905
182,-1,train,18,0.14048754313043688,0.37481667936530905,0.14048754313043688,0.37481667936530905
183,0,train,16,0.1554528798384454,0.3942751321583006,0.1447536153085437,0.38046499879561024
183,1,train,2,0.134054350778642,0.36613433433460185,0.1447536153085437,0.38046499879561024
183,-1,train,18,0.1447536153085437,0.38046499879561024,0.1447536153085437,0.38046499879561024
184,0,train,16,0.1482645846345741,0.3850514051845209,0.16715772470216916,0.40884926892703277
184,1,train,2,0.18605086476976423,0.4313361389563414,0.16715772470216916,0.40884926892703277
184,-1,train,18,0.16715772470216916,0.40884926892703277,0.16715772470216916,0.40884926892703277
185,0,train,16,0.1545972566328395,0.3931885764271891,0.1422411711706602,0.37714873878969846
185,1,train,2,0.12988508570848092,0.36039573486444165,0.1422411711706602,0.37714873878969846
185,-1,train,18,0.1422411711706602,0.37714873878969846,0.1422411711706602,0.37714873878969846
186,0,train,16,0.1503234959718814,0.38771574119692565,0.15442403516769665,0.3929682368432551
186,1,train,2,0.1585245743635119,0.3981514465169151,0.15442403516769665,0.3929682368432551
186,-1,train,18,0.15442403516769665,0.3929682368432551,0.15442403516769665,0.3929682368432551
187,0,train,16,0.15192138467370414,0.38977093872389224,0.14606569596248747,0.38218542091828606
187,1,train,2,0.14021000725127084,0.3744462675087987,0.14606569596248747,0.38218542091828606
187,-1,train,18,0.14606569596248747,0.38218542091828606,0.14606569596248747,0.38218542091828606
188,0,train,16,0.14331642045559795,0.37857155262327613,0.17338247506921656,0.4163922130266326
188,1,train,2,0.20344852968283517,0.45105269058374453,0.17338247506921656,0.4163922130266326
188,-1,train,18,0.17338247506921656,0.4163922130266326,0.17338247506921656,0.4163922130266326
189,0,train,16,0.14869758038696784,0.3856132523487333,0.15173113142224864,0.38952680449777605
189,1,train,2,0.15476468245752945,0.3934014266084065,0.15173113142224864,0.38952680449777605
189,-1,train,18,0.15173113142224864,0.38952680449777605,0.15173113142224864,0.38952680449777605
190,0,train,16,0.148225580124319,0.3850007534074693,0.1505648272880599,0.38802683836051843
190,1,train,2,0.1529040744518008,0.3910295058583186,0.1505648272880599,0.38802683836051843
190,-1,train,18,0.1505648272880599,0.38802683836051843,0.1505648272880599,0.38802683836051843
191,0,train,16,0.1459902478207079,0.3820867019679014,0.15552008564797132,0.3943603499947368
191,1,train,2,0.16504992347523473,0.40626336713422084,0.15552008564797132,0.3943603499947368
191,-1,train,18,0.15552008564797132,0.3943603499947368,0.15552008564797132,0.3943603499947368
192,0,train,16,0.1467062425551903,0.38302250920173125,0.15017737890090344,0.3875272621389409
192,1,train,2,0.15364851524661655,0.3919802485414495,0.15017737890090344,0.3875272621389409
192,-1,train,18,0.15017737890090344,0.3875272621389409,0.15017737890090344,0.3875272621389409
193,0,train,16,0.14801433914762163,0.3847263172017501,0.14276660070293928,0.3778446780132536
193,1,train,2,0.1375188622582569,0.37083535734643336,0.14276660070293928,0.3778446780132536
193,-1,train,18,0.14276660070293928,0.3778446780132536,0.14276660070293928,0.3778446780132536
194,0,train,16,0.14801787739422115,0.3847309155685583,0.13991503331490646,0.3740521799360438
194,1,train,2,0.13181218923559176,0.36305948443139696,0.13991503331490646,0.3740521799360438
194,-1,train,18,0.13991503331490646,0.3740521799360438,0.13991503331490646,0.3740521799360438
195,0,train,16,0.1458633248311509,0.3819205739825375,0.14459923230322086,0.38026205740675845
195,1,train,2,0.14333513977529083,0.3785962754376895,0.14459923230322086,0.38026205740675845
195,-1,train,18,0.14459923230322086,0.38026205740675845,0.14459923230322086,0.38026205740675845
196,0,train,16,0.13910476412522046,0.37296751081725665,0.16543036860502225,0.40673132238004767
196,1,train,2,0.191755973084824,0.4378995011242009,0.16543036860502225,0.40673132238004767
196,-1,train,18,0.16543036860502225,0.40673132238004767,0.16543036860502225,0.40673132238004767
197,0,train,16,0.14441942999204568,0.3800255649190534,0.14399039717695325,0.3794606661789246
197,1,train,2,0.14356136436186082,0.37889492522579504,0.14399039717695325,0.3794606661789246
197,-1,train,18,0.14399039717695325,0.3794606661789246,0.14399039717695325,0.3794606661789246
198,0,train,16,0.1401932910596841,0.37442394562805953,0.15598613345519136,0.39495079877776085
198,1,train,2,0.1717789758506986,0.4144622731331509,0.15598613345519136,0.39495079877776085
198,-1,train,18,0.15598613345519136,0.39495079877776085,0.15598613345519136,0.39495079877776085
199,0,train,16,0.1363707005637229,0.3692840377862587,0.16650619037601688,0.4080517006164989
199,1,train,2,0.19664168018831085,0.4434429841460014,0.16650619037601688,0.4080517006164989
199,-1,train,18,0.16650619037601688,0.4080517006164989,0.16650619037601688,0.4080517006164989
200,0,train,16,0.14533240594934266,0.3812248758270408,0.1323521526406618,0.36380235381407555
200,1,train,2,0.11937189933198096,0.34550238686871754,0.1323521526406618,0.36380235381407555
200,-1,train,18,0.1323521526406618,0.36380235381407555,0.1323521526406618,0.36380235381407555
201,0,train,16,0.14346395245760366,0.3787663560265136,0.1360770579218068,0.3688862398108756
201,1,train,2,0.12869016338600997,0.35873411238131503,0.1360770579218068,0.3688862398108756
201,-1,train,18,0.1360770579218068,0.3688862398108756,0.1360770579218068,0.3688862398108756
202,0,train,16,0.13622426948112784,0.36908572104746595,0.15860263359067883,0.39824946150707957
202,1,train,2,0.1809809977002298,0.42541861466117087,0.15860263359067883,0.39824946150707957
202,-1,train,18,0.15860263359067883,0.39824946150707957,0.15860263359067883,0.39824946150707957
203,0,train,16,0.14138577832478197,0.3760130028666322,0.13775082973332192,0.37114798899269535
203,1,train,2,0.13411588114186185,0.36621835172730194,0.13775082973332192,0.37114798899269535
203,-1,train,18,0.13775082973332192,0.37114798899269535,0.13775082973332192,0.37114798899269535
204,0,train,16,0.13646135119983263,0.3694067557582463,0.1521875002370771,0.3901121636620385
204,1,train,2,0.1679136492743216,0.4097726799999258,0.1521875002370771,0.3901121636620385
204,-1,train,18,0.1521875002370771,0.3901121636620385,0.1521875002370771,0.3901121636620385
205,0,train,16,0.14206441132363057,0.37691432889136833,0.12977803426847995,0.3602471849556634
205,1,train,2,0.11749165721332933,0.3427705605989659,0.12977803426847995,0.3602471849556634
205,-1,train,18,0.12977803426847995,0.3602471849556634,0.12977803426847995,0.3602471849556634
206,0,train,16,0.14291770797674522,0.37804458464147483,0.12401202594743443,0.3521534125170938
206,1,train,2,0.10510634391812365,0.32420108562144523,0.12401202594743443,0.3521534125170938
206,-1,train,18,0.12401202594743443,0.3521534125170938,0.12401202594743443,0.3521534125170938
207,0,train,16,0.13418696152446616,0.366315385323175,0.15179306104792067,0.38960628979512213
207,1,train,2,0.1693991605713752,0.4115812927859759,0.15179306104792067,0.38960628979512213
207,-1,train,18,0.15179306104792067,0.38960628979512213,0.15179306104792067,0.38960628979512213
208,0,train,16,0.1380399154599237,0.37153723293893937,0.13552965332118733,0.36814352272067385
208,1,train,2,0.13301939118245093,0.3647182353303039,0.13552965332118733,0.36814352272067385
208,-1,train,18,0.13552965332118733,0.36814352272067385,0.13552965332118733,0.36814352272067385
209,0,train,16,0.13779502936561744,0.3712075287027695,0.13362579726802382,0.3655486250391647
209,1,train,2,0.1294565651704302,0.3598007298080845,0.13362579726802382,0.3655486250391647
209,-1,train,18,0.13362579726802382,0.3655486250391647,0.13362579726802382,0.3655486250391647
210,0,train,16,0.13624336638820783,0.3691115906988127,0.13626514473787082,0.36914109055735156
210,1,train,2,0.1362869230875338,0.3691705880586017,0.13626514473787082,0.36914109055735156
210,-1,train,18,0.13626514473787082,0.36914109055735156,0.13626514473787082,0.36914109055735156
211,0,train,16,0.13580895734075096,0.3685226686931904,0.13497820810630579,0.36739380520948606
211,1,train,2,0.1341474588718606,0.3662614624443317,0.13497820810630579,0.36739380520948606
211,-1,train,18,0.13497820810630579,0.36739380520948606,0.13497820810630579,0.36739380520948606
212,0,train,16,0.138337461443179,0.3719374429163848,0.12337400202073569,0.35124635517074865
212,1,train,2,0.10841054259829239,0.3292575627047804,0.12337400202073569,0.35124635517074865
212,-1,train,18,0.12337400202073569,0.35124635517074865,0.12337400202073569,0.35124635517074865
213,0,train,16,0.13584981459236442,0.3685780983622934,0.12925788955989023,0.3595245326259256
213,1,train,2,0.12266596452741603,0.3502370119325141,0.12925788955989023,0.3595245326259256
213,-1,train,18,0.12925788955989023,0.3595245326259256,0.12925788955989023,0.3595245326259256
214,0,train,16,0.12889739436697428,0.35902283265410057,0.15081263727151206,0.38834602775297195
214,1,train,2,0.17272788017604987,0.41560543809730144,0.15081263727151206,0.38834602775297195
214,-1,train,18,0.15081263727151206,0.38834602775297195,0.15081263727151206,0.38834602775297195
215,0,train,16,0.13513818509096445,0.36761145941192375,0.12613780486107806,0.3551588445485739
215,1,train,2,0.11713742463119167,0.3422534508682004,0.12613780486107806,0.3551588445485739
215,-1,train,18,0.12613780486107806,0.3551588445485739,0.12613780486107806,0.3551588445485739
216,0,train,16,0.1368231050665331,0.36989607333213625,0.11745994226330399,0.34272429482501526
216,1,train,2,0.09809677946007486,0.31320405402879903,0.11745994226330399,0.34272429482501526
216,-1,train,18,0.11745994226330399,0.34272429482501526,0.11745994226330399,0.34272429482501526
217,0,train,16,0.13308939221174346,0.3648141886107823,0.12772165998577018,0.3573816727054847
217,1,train,2,0.12235392775979692,0.34979126312673525,0.12772165998577018,0.3573816727054847
217,-1,train,18,0.12772165998577018,0.3573816727054847,0.12772165998577018,0.3573816727054847
218,0,train,16,0.13210946506991342,0.36346865761701297,0.12832773019116323,0.35822860046507066
218,1,train,2,0.12454599531241306,0.35291074694944197,0.12832773019116323,0.35822860046507066
218,-1,train,18,0.12832773019116323,0.35822860046507066,0.12832773019116323,0.35822860046507066
219,0,train,16,0.13296443740090724,0.36464289023770535,0.12257871677206758,0.35011243447222434
219,1,train,2,0.11219299614322793,0.33495222964361343,0.12257871677206758,0.35011243447222434
219,-1,train,18,0.12257871677206758,0.35011243447222434,0.12257871677206758,0.35011243447222434
220,0,train,16,0.13483397082626922,0.36719745481997723,0.11323162284065685,0.3364990681126128
220,1,train,2,0.0916292748550445,0.3027032785667253,0.11323162284065685,0.3364990681126128
220,-1,train,18,0.11323162284065685,0.3364990681126128,0.11323162284065685,0.3364990681126128
221,0,train,16,0.1340125325802477,0.36607722215435323,0.11332015422013977,0.3366305901431713
221,1,train,2,0.09262777586003186,0.30434811624196373,0.11332015422013977,0.3366305901431713
221,-1,train,18,0.11332015422013977,0.3366305901431713,0.11332015422013977,0.3366305901431713
222,0,train,16,0.12657545720200755,0.35577444708973627,0.13659000356709794,0.3695808484852779
222,1,train,2,0.14660454993218835,0.38288973599743875,0.13659000356709794,0.3695808484852779
222,-1,train,18,0.13659000356709794,0.3695808484852779,0.13659000356709794,0.3695808484852779
223,0,train,16,0.1273933278781822,0.3569220193238044,0.1309697383557692,0.36189741413247095
223,1,train,2,0.1345461488333562,0.36680532825104406,0.1309697383557692,0.36189741413247095
223,-1,train,18,0.1309697383557692,0.36189741413247095,0.1309697383557692,0.36189741413247095
224,0,train,16,0.1303298803245414,0.3610122994089556,0.11798186755567404,0.34348488693925683
224,1,train,2,0.10563385478680667,0.32501362246343873,0.11798186755567404,0.34348488693925683
224,-1,train,18,0.11798186755567404,0.34348488693925683,0.11798186755567404,0.34348488693925683
225,0,train,16,0.12957297548985194,0.35996246400125104,0.11791111588484027,0.3433818805424076
225,1,train,2,0.10624925627982858,0.32595897944347013,0.11791111588484027,0.3433818805424076
225,-1,train,18,0.11791111588484027,0.3433818805424076,0.11791111588484027,0.3433818805424076
226,0,train,16,0.11560612525818814,0.3400090076133104,0.16408941139400987,0.40507951243429957
226,1,train,2,0.2125726975298316,0.4610560676640441,0.16408941139400987,0.40507951243429957
226,-1,train,18,0.16408941139400987,0.40507951243429957,0.16408941139400987,0.40507951243429957
227,0,train,16,0.12786293580783642,0.3575792720612262,0.1184803353087857,0.344209725761469
227,1,train,2,0.10909773480973498,0.3302994623212926,0.1184803353087857,0.344209725761469
227,-1,train,18,0.1184803353087857,0.344209725761469,0.1184803353087857,0.344209725761469
228,0,train,16,0.12421558865731319,0.3524423196174279,0.12853609442477995,0.35851930830121265
228,1,train,2,0.1328566001922467,0.3644949933706178,0.12853609442477995,0.35851930830121265
228,-1,train,18,0.12853609442477995,0.35851930830121265,0.12853609442477995,0.35851930830121265
229,0,train,16,0.12059036224025901,0.34726123054590907,0.13852435470252966,0.3721886009841377
229,1,train,2,0.1564583471648003,0.3955481603607838,0.13852435470252966,0.3721886009841377
229,-1,train,18,0.13852435470252966,0.3721886009841377,0.13852435470252966,0.3721886009841377
230,0,train,16,0.1213218836121696,0.3483129104873513,0.13321744741860692,0.3649896538514577
230,1,train,2,0.14511301122504425,0.38093701739926017,0.13321744741860692,0.3649896538514577
230,-1,train,18,0.13321744741860692,0.3649896538514577,0.13321744741860692,0.3649896538514577
231,0,train,16,0.12258130707529084,0.3501161336975073,0.12609370546037824,0.3550967550687816
231,1,train,2,0.12960610384546564,0.3600084774633309,0.12609370546037824,0.3550967550687816
231,-1,train,18,0.12609370546037824,0.3550967550687816,0.12609370546037824,0.3550967550687816
232,0,train,16,0.12361627345878987,0.35159105998132245,0.1198206518934902,0.3461511980240574
232,1,train,2,0.11602503032819053,0.34062447112353883,0.1198206518934902,0.3461511980240574
232,-1,train,18,0.1198206518934902,0.3461511980240574,0.1198206518934902,0.3461511980240574
233,0,train,16,0.113630920943945,0.33709185831749927,0.15207295079845376,0.38996531999455253
233,1,train,2,0.19051498065296252,0.43648021794001446,0.15207295079845376,0.38996531999455253
233,-1,train,18,0.15207295079845376,0.38996531999455253,0.15207295079845376,0.38996531999455253
234,0,train,16,0.12372012518938988,0.35173871721689937,0.11413238779501195,0.3378348528423495
234,1,train,2,0.10454465040063403,0.3233336518221294,0.11413238779501195,0.3378348528423495
234,-1,train,18,0.11413238779501195,0.3378348528423495,0.11413238779501195,0.3378348528423495
235,0,train,16,0.1189054948687017,0.3448267606620775,0.128327312866162,0.3582280179803947
235,1,train,2,0.13774913086362228,0.37114570031676547,0.128327312866162,0.3582280179803947
235,-1,train,18,0.128327312866162,0.3582280179803947,0.128327312866162,0.3582280179803947
236,0,train,16,0.11534346189732665,0.33962252854798464,0.13816314383649625,0.37170303178276104
236,1,train,2,0.16098282577566586,0.4012266513775797,0.13816314383649625,0.37170303178276104
236,-1,train,18,0.13816314383649625,0.37170303178276104,0.13816314383649625,0.37170303178276104
237,0,train,16,0.11326021531267927,0.3365415506481767,0.14279634093325125,0.37788403106409674
237,1,train,2,0.17233246655382323,0.4151294575838039,0.14279634093325125,0.37788403106409674
237,-1,train,18,0.14279634093325125,0.37788403106409674,0.14279634093325125,0.37788403106409674
238,0,train,16,0.11354148251137994,0.3369591703921707,0.13923113500606882,0.37313688507847736
238,1,train,2,0.16492078750075773,0.4061044046803208,0.13923113500606882,0.37313688507847736
238,-1,train,18,0.13923113500606882,0.37313688507847736,0.13923113500606882,0.37313688507847736
239,0,train,16,0.12082544195578844,0.347599542513779,0.11110707444743789,0.33332727828282804
239,1,train,2,0.10138870693908734,0.31841593386494865,0.11110707444743789,0.33332727828282804
239,-1,train,18,0.11110707444743789,0.33332727828282804,0.11110707444743789,0.33332727828282804
240,0,train,16,0.1182814424493845,0.3439206920925004,0.1173876256112511,0.3426187759175657
240,1,train,2,0.11649380877311769,0.3413118936883356,0.1173876256112511,0.3426187759175657
240,-1,train,18,0.1173876256112511,0.3426187759175657,0.1173876256112511,0.3426187759175657
241,0,train,16,0.12035282498400317,0.34691904672992974,0.10749564506343116,0.32786528493183165
241,1,train,2,0.09463846514285916,0.3076336541129061,0.10749564506343116,0.32786528493183165
241,-1,train,18,0.10749564506343116,0.32786528493183165,0.10749564506343116,0.32786528493183165
242,0,train,16,0.11236323329226938,0.33520625485254507,0.13280416721063104,0.3644230607558076
242,1,train,2,0.15324510112899267,0.3914653255768545,0.13280416721063104,0.3644230607558076
242,-1,train,18,0.13280416721063104,0.3644230607558076,0.13280416721063104,0.3644230607558076
243,0,train,16,0.11864147906609471,0.34444372409160645,0.10822104546563746,0.3289696725621337
243,1,train,2,0.09780061186518021,0.31273089368525814,0.10822104546563746,0.3289696725621337
243,-1,train,18,0.10822104546563746,0.3289696725621337,0.10822104546563746,0.3289696725621337
244,0,train,16,0.11100750532283099,0.3331778884062251,0.1323637655664282,0.36381831395138453
244,1,train,2,0.15372002581002545,0.39207145497986134,0.1323637655664282,0.36381831395138453
244,-1,train,18,0.1323637655664282,0.36381831395138453,0.1323637655664282,0.36381831395138453
245,0,train,16,0.11655752631508012,0.3414052230342707,0.11038169648106136,0.332237409815724
245,1,train,2,0.10420586664704261,0.3228093348201731,0.11038169648106136,0.332237409815724
245,-1,train,18,0.11038169648106136,0.332237409815724,0.11038169648106136,0.332237409815724
246,0,train,16,0.11458031591894206,0.3384971431473862,0.11475081235118931,0.33874889276747355
246,1,train,2,0.11492130878343657,0.33900045543249135,0.11475081235118931,0.33874889276747355
246,-1,train,18,0.11475081235118931,0.33874889276747355,0.11475081235118931,0.33874889276747355
247,0,train,16,0.11771789108540016,0.34310040962581223,0.10124424660963294,0.3181890108247501
247,1,train,2,0.08477060213386571,0.2911539148523779,0.10124424660963294,0.3181890108247501
247,-1,train,18,0.10124424660963294,0.3181890108247501,0.10124424660963294,0.3181890108247501
248,0,train,16,0.11554200177453748,0.3399146977912804,0.10632519377277942,0.32607544184249665
248,1,train,2,0.09710838577102136,0.3116221843370933,0.10632519377277942,0.32607544184249665
248,-1,train,18,0.10632519377277942,0.32607544184249665,0.10632519377277942,0.32607544184249665
249,0,train,16,0.1149845225262979,0.33909367809839497,0.10576461024578925,0.32521471406716707
249,1,train,2,0.09654469796528059,0.3107164269318257,0.10576461024578925,0.32521471406716707
249,-1,train,18,0.10576461024578925,0.32521471406716707,0.10576461024578925,0.32521471406716707
250,0,train,16,0.10814377466699387,0.32885220793997094,0.12722963658530934,0.3566926360121685
250,1,train,2,0.1463154985036248,0.38251208935617287,0.12722963658530934,0.3566926360121685
250,-1,train,18,0.12722963658530934,0.3566926360121685,0.12722963658530934,0.3566926360121685
251,0,train,16,0.1134421920259899,0.33681180505734937,0.10615850363708397,0.3258197410180727
251,1,train,2,0.09887481524817804,0.3144436598950248,0.10615850363708397,0.3258197410180727
251,-1,train,18,0.10615850363708397,0.3258197410180727,0.10615850363708397,0.3258197410180727
252,0,train,16,0.10702529243556573,0.32714720300740113,0.12616418086466621,0.3551959752934515
252,1,train,2,0.1453030692937667,0.38118639704712276,0.12616418086466621,0.3551959752934515
252,-1,train,18,0.12616418086466621,0.3551959752934515,0.12616418086466621,0.3551959752934515
253,0,train,16,0.10922938985595318,0.33049869872051413,0.11595757566777443,0.34052544055881406
253,1,train,2,0.12268576147959567,0.3502652730140339,0.11595757566777443,0.34052544055881406
253,-1,train,18,0.11595757566777443,0.34052544055881406,0.11595757566777443,0.34052544055881406
254,0,train,16,0.10973663278194012,0.33126520007682686,0.1117100030993101,0.33423046405034673
254,1,train,2,0.11368337341668008,0.33716965079419603,0.1117100030993101,0.33423046405034673
254,-1,train,18,0.1117100030993101,0.33423046405034673,0.1117100030993101,0.33423046405034673
255,0,train,16,0.1063179216653641,0.3260642906933602,0.12120842486480722,0.34815000339624763
255,1,train,2,0.13609892806425034,0.3689158820981422,0.12120842486480722,0.34815000339624763
255,-1,train,18,0.12120842486480722,0.34815000339624763,0.12120842486480722,0.34815000339624763
256,0,train,16,0.11108588969565367,0.33329549906299916,0.10208124265268215,0.3195015534433004
256,1,train,2,0.09307659560971063,0.3050845712416651,0.10208124265268215,0.3195015534433004
256,-1,train,18,0.10208124265268215,0.3195015534433004,0.10208124265268215,0.3195015534433004
257,0,train,16,0.11121425797410325,0.3334880177369245,0.09915980381385336,0.31489649698568156
257,1,train,2,0.08710534965360346,0.2951361544331759,0.09915980381385336,0.31489649698568156
257,-1,train,18,0.09915980381385336,0.31489649698568156,0.09915980381385336,0.31489649698568156
258,0,train,16,0.10972807201102461,0.3312522784993706,0.10191400821686394,0.31923973470867306
258,1,train,2,0.09409994442270327,0.3067571424151413,0.10191400821686394,0.31923973470867306
258,-1,train,18,0.10191400821686394,0.31923973470867306,0.10191400821686394,0.31923973470867306
259,0,train,16,0.10382195830002439,0.3222141497514105,0.12017772247702288,0.3466665869059533
259,1,train,2,0.13653348665402137,0.36950437974944406,0.12017772247702288,0.3466665869059533
259,-1,train,18,0.12017772247702288,0.3466665869059533,0.12017772247702288,0.3466665869059533
260,0,train,16,0.10768909935057144,0.3281601733156713,0.10421942821721278,0.32283033967892916
260,1,train,2,0.10074975708385411,0.3174110223099603,0.10421942821721278,0.32283033967892916
260,-1,train,18,0.10421942821721278,0.32283033967892916,0.10421942821721278,0.32283033967892916
261,0,train,16,0.10925667264644978,0.33053997132941393,0.09635231174787093,0.3104066876661502
261,1,train,2,0.08344795084929209,0.2888735897400316,0.09635231174787093,0.3104066876661502
261,-1,train,18,0.09635231174787093,0.3104066876661502,0.09635231174787093,0.3104066876661502
262,0,train,16,0.10682690241111178,0.3268438501962547,0.10245664887416892,0.3200885016275482
262,1,train,2,0.09808639533722603,0.3131874763416092,0.10245664887416892,0.3200885016275482
262,-1,train,18,0.10245664887416892,0.3200885016275482,0.10245664887416892,0.3200885016275482
263,0,train,16,0.10453901927300766,0.3233249437841251,0.1080696132845525,0.32873943068112854
263,1,train,2,0.11160020729609736,0.33406617203197536,0.1080696132845525,0.32873943068112854
263,-1,train,18,0.1080696132845525,0.32873943068112854,0.1080696132845525,0.32873943068112854
264,0,train,16,0.1068258079596823,0.32684217591933007,0.097698459944384,0.3125675286148323
264,1,train,2,0.0885711119290857,0.297608991680503,0.097698459944384,0.3125675286148323
264,-1,train,18,0.097698459944384,0.3125675286148323,0.097698459944384,0.3125675286148323
265,0,train,16,0.10682339396260432,0.3268384829890818,0.09530270706691832,0.3087113653024752
265,1,train,2,0.0837820201712323,0.28945123971272313,0.09530270706691832,0.3087113653024752
265,-1,train,18,0.09530270706691832,0.3087113653024752,0.09530270706691832,0.3087113653024752
266,0,train,16,0.10483466518406444,0.32378181725363214,0.09986675299192826,0.316017013769715
266,1,train,2,0.09489884079979209,0.30805655454768704,0.09986675299192826,0.316017013769715
266,-1,train,18,0.09986675299192826,0.316017013769715,0.09986675299192826,0.316017013769715
267,0,train,16,0.10538801993916888,0.3246352105659041,0.09559467803011523,0.3091838903146722
267,1,train,2,0.08580133612106158,0.2929186510297041,0.09559467803011523,0.3091838903146722
267,-1,train,18,0.09559467803011523,0.3091838903146722,0.09559467803011523,0.3091838903146722
268,0,train,16,0.10381492657567934,0.32220323799688816,0.09872031393673789,0.31419788977129987
268,1,train,2,0.09362570129779645,0.30598317159248556,0.09872031393673789,0.31419788977129987
268,-1,train,18,0.09872031393673789,0.31419788977129987,0.09872031393673789,0.31419788977129987
269,0,train,16,0.0988916967032768,0.3144705021194783,0.11365043667707267,0.3371208042780402
269,1,train,2,0.12840917665086854,0.3583422618822242,0.11365043667707267,0.3371208042780402
269,-1,train,18,0.11365043667707267,0.3371208042780402,0.11365043667707267,0.3371208042780402
270,0,train,16,0.10134282389229413,0.3183438767940953,0.10270459725361242,0.32047557980852837
270,1,train,2,0.1040663706149307,0.3225931967895955,0.10270459725361242,0.32047557980852837
270,-1,train,18,0.10270459725361242,0.32047557980852837,0.10270459725361242,0.32047557980852837
271,0,train,16,0.1027375425729176,0.3205269763575565,0.09550909427658663,0.30904545665093774
271,1,train,2,0.08828064598025565,0.29712059164631394,0.09550909427658663,0.30904545665093774
271,-1,train,18,0.09550909427658663,0.30904545665093774,0.09550909427658663,0.30904545665093774
272,0,train,16,0.10152482076913008,0.3186295980745199,0.09742813403379788,0.3121348010616533
272,1,train,2,0.0933314472984657,0.30550195956567233,0.09742813403379788,0.3121348010616533
272,-1,train,18,0.09742813403379788,0.3121348010616533,0.09742813403379788,0.3121348010616533
273,0,train,16,0.10096187503602691,0.3177449842814626,0.0970823369157337,0.31158038596120535
273,1,train,2,0.09320279879544051,0.3052913342947037,0.0970823369157337,0.31158038596120535
273,-1,train,18,0.0970823369157337,0.31158038596120535,0.0970823369157337,0.31158038596120535
274,0,train,16,0.10258723523289996,0.3202924214415632,0.0891287735228992,0.29854442470577003
274,1,train,2,0.07567031181289845,0.27508237277749814,0.0891287735228992,0.29854442470577003
274,-1,train,18,0.0891287735228992,0.29854442470577003,0.0891287735228992,0.29854442470577003
275,0,train,16,0.0988145664347028,0.3143478430571821,0.10000461904060917,0.31623506927696865
275,1,train,2,0.10119467164651556,0.31811109953366223,0.10000461904060917,0.31623506927696865
275,-1,train,18,0.10000461904060917,0.31623506927696865,0.10000461904060917,0.31623506927696865
276,0,train,16,0.09545896156078044,0.30896433703710924,0.10958781708833859,0.33104050671834495
276,1,train,2,0.12371667261589674,0.35173380931593246,0.10958781708833859,0.33104050671834495
276,-1,train,18,0.10958781708833859,0.33104050671834495,0.10958781708833859,0.33104050671834495
277,0,train,16,0.10053321231651509,0.3170697278462816,0.08952293816425311,0.2992038404904809
277,1,train,2,0.07851266401199114,0.28020111350954896,0.08952293816425311,0.2992038404904809
277,-1,train,18,0.08952293816425311,0.2992038404904809,0.08952293816425311,0.2992038404904809
278,0,train,16,0.09898259075868573,0.31461498813420463,0.09274449624489917,0.3045398106075775
278,1,train,2,0.0865064017311126,0.2941197064650932,0.09274449624489917,0.3045398106075775
278,-1,train,18,0.09274449624489917,0.3045398106075775,0.09274449624489917,0.3045398106075775
279,0,train,16,0.09219611576534097,0.3036381329236184,0.11435269070265625,0.33816074683892017
279,1,train,2,0.1365092656399715,0.3694716032930968,0.11435269070265625,0.33816074683892017
279,-1,train,18,0.11435269070265625,0.33816074683892017,0.11435269070265625,0.33816074683892017
280,0,train,16,0.0993854375196032,0.3152545598712304,0.08700046166861403,0.29495840667560913
280,1,train,2,0.07461548581762487,0.27315835300723434,0.08700046166861403,0.29495840667560913
280,-1,train,18,0.08700046166861403,0.29495840667560913,0.08700046166861403,0.29495840667560913
281,0,train,16,0.09162159076289758,0.3026905858511255,0.11205959099492786,0.33475302985175187
281,1,train,2,0.13249759122695814,0.3640021857447537,0.11205959099492786,0.33475302985175187
281,-1,train,18,0.11205959099492786,0.33475302985175187,0.11205959099492786,0.33475302985175187
282,0,train,16,0.09727775750627363,0.3118938240912661,0.09013119394893829,0.3002185769550883
282,1,train,2,0.08298463039160295,0.28807053023800083,0.09013119394893829,0.3002185769550883
282,-1,train,18,0.09013119394893829,0.3002185769550883,0.09013119394893829,0.3002185769550883
283,0,train,16,0.09404564484104083,0.306668623828785,0.09937536529425843,0.31523858471681165
283,1,train,2,0.10470508574747603,0.3235816523653281,0.09937536529425843,0.31523858471681165
283,-1,train,18,0.09937536529425843,0.31523858471681165,0.09937536529425843,0.31523858471681165
284,0,train,16,0.09770242915190326,0.3125738779103322,0.08448439408721686,0.2906619928494554
284,1,train,2,0.07126635902253048,0.2669575977988461,0.08448439408721686,0.2906619928494554
284,-1,train,18,0.08448439408721686,0.2906619928494554,0.08448439408721686,0.2906619928494554
285,0,train,16,0.08918036078175806,0.29863081016827125,0.11227073692814352,0.33506825711807364
285,1,train,2,0.13536111307452897,0.3679145458860372,0.11227073692814352,0.33506825711807364
285,-1,train,18,0.11227073692814352,0.33506825711807364,0.11227073692814352,0.33506825711807364
286,0,train,16,0.09818341204354893,0.3133423240539792,0.07872105496252908,0.28057272669047695
286,1,train,2,0.05925869788150925,0.24343109473012942,0.07872105496252908,0.28057272669047695
286,-1,train,18,0.07872105496252908,0.28057272669047695,0.07872105496252908,0.28057272669047695
287,0,train,16,0.09636783876161782,0.31043169741767324,0.08306467476633338,0.28820942865620025
287,1,train,2,0.06976151077104893,0.2641240442879991,0.08306467476633338,0.28820942865620025
287,-1,train,18,0.08306467476633338,0.28820942865620025,0.08306467476633338,0.28820942865620025
288,0,train,16,0.0943608264060167,0.3071820737055089,0.08808922984591643,0.29679829825306686
288,1,train,2,0.08181763328581615,0.28603781792940625,0.08808922984591643,0.29679829825306686
288,-1,train,18,0.08808922984591643,0.29679829825306686,0.08808922984591643,0.29679829825306686
289,0,train,16,0.09347511224287967,0.30573699848542973,0.0892060619475764,0.29867383873981396
289,1,train,2,0.08493701165227312,0.2914395505971575,0.0892060619475764,0.29867383873981396
289,-1,train,18,0.0892060619475764,0.29867383873981396,0.0892060619475764,0.29867383873981396
290,0,train,16,0.09576805352351156,0.3094641393174847,0.07918383953819302,0.28139623227433774
290,1,train,2,0.06259962555287449,0.2501991717669635,0.07918383953819302,0.28139623227433774
290,-1,train,18,0.07918383953819302,0.28139623227433774,0.07918383953819302,0.28139623227433774
291,0,train,16,0.08752168451829342,0.2958406404101597,0.1060908129830051,0.32571584699397893
291,1,train,2,0.12465994144771678,0.3530721476521715,0.1060908129830051,0.32571584699397893
291,-1,train,18,0.1060908129830051,0.32571584699397893,0.1060908129830051,0.32571584699397893
292,0,train,16,0.08756436957416447,0.29591277359073986,0.10398302643961661,0.3224639924698828
292,1,train,2,0.12040168330506876,0.3469894570517507,0.10398302643961661,0.3224639924698828
292,-1,train,18,0.10398302643961661,0.3224639924698828,0.10398302643961661,0.3224639924698828
293,0,train,16,0.09200188871444444,0.30331813119964396,0.08652291748692142,0.2941477817134126
293,1,train,2,0.08104394625939841,0.2846821846540426,0.08652291748692142,0.2941477817134126
293,-1,train,18,0.08652291748692142,0.2941477817134126,0.08652291748692142,0.2941477817134126
294,0,train,16,0.0925279978310688,0.304184151183241,0.08280023536425524,0.2877503003721373
294,1,train,2,0.07307247289744168,0.2703192055652755,0.08280023536425524,0.2877503003721373
294,-1,train,18,0.08280023536425524,0.2877503003721373,0.08280023536425524,0.2877503003721373
295,0,train,16,0.08580763160596781,0.2929293969644696,0.10446024410337501,0.32320310039257827
295,1,train,2,0.12311285660078222,0.35087441713636264,0.10446024410337501,0.32320310039257827
295,-1,train,18,0.10446024410337501,0.32320310039257827,0.10446024410337501,0.32320310039257827
296,0,train,16,0.09148385534510639,0.3024629817764587,0.08270118576584964,0.2875781385395101
296,1,train,2,0.07391851618659291,0.2718795986950711,0.08270118576584964,0.2875781385395101
296,-1,train,18,0.08270118576584964,0.2875781385395101,0.08270118576584964,0.2875781385395101
297,0,train,16,0.08951300267946125,0.29918723682580656,0.08773859285973673,0.29620701014617584
297,1,train,2,0.08596418304001223,0.29319649220277555,0.08773859285973673,0.29620701014617584
297,-1,train,18,0.08773859285973673,0.29620701014617584,0.08773859285973673,0.29620701014617584
298,0,train,16,0.08367056601085338,0.28925864898193343,0.10636735918946165,0.32614009135563454
298,1,train,2,0.12906415236806992,0.35925499630216684,0.10636735918946165,0.32614009135563454
298,-1,train,18,0.10636735918946165,0.32614009135563454,0.10636735918946165,0.32614009135563454
299,0,train,16,0.09085551526658714,0.30142248633203717,0.07933520926053589,0.2816650657439362
299,1,train,2,0.06781490325448464,0.2604129475553868,0.07933520926053589,0.2816650657439362
299,-1,train,18,0.07933520926053589,0.2816650657439362,0.07933520926053589,0.2816650657439362
300,0,train,16,0.08986832828013287,0.29978046680885145,0.08096038837322667,0.2845353903703837
300,1,train,2,0.07205244846632046,0.2684258714548962,0.08096038837322667,0.2845353903703837
300,-1,train,18,0.08096038837322667,0.2845353903703837,0.08096038837322667,0.2845353903703837
301,0,train,16,0.08620830741877565,0.2936125123675346,0.09200194443518991,0.30331822305161604
301,1,train,2,0.09779558145160419,0.3127228508625556,0.09200194443518991,0.30331822305161604
301,-1,train,18,0.09200194443518991,0.30331822305161604,0.09200194443518991,0.30331822305161604
302,0,train,16,0.09062152857472285,0.3010340986910334,0.07471457961071343,0.2733396780760404
302,1,train,2,0.058807630646704,0.24250284667752667,0.07471457961071343,0.2733396780760404
302,-1,train,18,0.07471457961071343,0.2733396780760404,0.07471457961071343,0.2733396780760404
303,0,train,16,0.08323325161882393,0.28850173590261796,0.09884951471897434,0.314403426697252
303,1,train,2,0.11446577781912474,0.3383279146318328,0.09884951471897434,0.314403426697252
303,-1,train,18,0.09884951471897434,0.314403426697252,0.09884951471897434,0.314403426697252
304,0,train,16,0.08944670633243634,0.29907642222755765,0.07537582305925941,0.27454657721279174
304,1,train,2,0.06130493978608248,0.24759834366587044,0.07537582305925941,0.27454657721279174
304,-1,train,18,0.07537582305925941,0.27454657721279174,0.07537582305925941,0.27454657721279174
305,0,train,16,0.08392868623472069,0.2897044808675225,0.09302948784986075,0.305007357042188
305,1,train,2,0.1021302894650008,0.31957829942754373,0.09302948784986075,0.305007357042188
305,-1,train,18,0.09302948784986075,0.305007357042188,0.09302948784986075,0.305007357042188
306,0,train,16,0.08680609081443075,0.2946287338574273,0.08132358979598836,0.28517291210069085
306,1,train,2,0.07584108877754597,0.2753926084293948,0.08132358979598836,0.28517291210069085
306,-1,train,18,0.08132358979598836,0.28517291210069085,0.08132358979598836,0.28517291210069085
307,0,train,16,0.08823096882969515,0.29703698225927216,0.07467062003169092,0.2732592542471177
307,1,train,2,0.061110271233686675,0.24720491749495332,0.07467062003169092,0.2732592542471177
307,-1,train,18,0.07467062003169092,0.2732592542471177,0.07467062003169092,0.2732592542471177
308,0,train,16,0.08549200612061472,0.2923901607794194,0.08260062992275738,0.2874032531527042
308,1,train,2,0.07970925372490005,0.2823282729818253,0.08260062992275738,0.2874032531527042
308,-1,train,18,0.08260062992275738,0.2874032531527042,0.08260062992275738,0.2874032531527042
309,0,train,16,0.0854446432890579,0.29230915703935434,0.08107820520746886,0.28474234881286775
309,1,train,2,0.07671176712587982,0.2769688919822582,0.08107820520746886,0.28474234881286775
309,-1,train,18,0.08107820520746886,0.28474234881286775,0.08107820520746886,0.28474234881286775
310,0,train,16,0.08487643077955515,0.2913355982017219,0.08138671419629048,0.2852835680446571
310,1,train,2,0.07789699761302582,0.279100336103391,0.08138671419629048,0.2852835680446571
310,-1,train,18,0.08138671419629048,0.2852835680446571,0.08138671419629048,0.2852835680446571
311,0,train,16,0.07762478683172194,0.2786122517616947,0.10514699564053644,0.32426377478919294
311,1,train,2,0.13266920444935093,0.36423784049622154,0.10514699564053644,0.32426377478919294
311,-1,train,18,0.10514699564053644,0.32426377478919294,0.10514699564053644,0.32426377478919294
312,0,train,16,0.08521001074414547,0.29190753800500846,0.07687752697350966,0.27726796961335015
312,1,train,2,0.06854504320287386,0.26181108304056544,0.07687752697350966,0.27726796961335015
312,-1,train,18,0.07687752697350966,0.27726796961335015,0.07687752697350966,0.27726796961335015
313,0,train,16,0.08448180491038612,0.29065753888448537,0.07776591032822264,0.2788653982268554
313,1,train,2,0.07105001574605915,0.2665520882417903,0.07776591032822264,0.2788653982268554
313,-1,train,18,0.07776591032822264,0.2788653982268554,0.07776591032822264,0.2788653982268554
314,0,train,16,0.08420223969465745,0.2901762217940289,0.07711375111201421,0.27769362814442505
314,1,train,2,0.07002526252937095,0.264622868492825,0.07711375111201421,0.27769362814442505
314,-1,train,18,0.07711375111201421,0.27769362814442505,0.07711375111201421,0.27769362814442505
315,0,train,16,0.08543047514102883,0.29228492116602395,0.07120725595314387,0.26684687735318147
315,1,train,2,0.056984036765258914,0.23871329406897077,0.07120725595314387,0.26684687735318147
315,-1,train,18,0.07120725595314387,0.26684687735318147,0.07120725595314387,0.26684687735318147
316,0,train,16,0.08404338631073272,0.2899023737583615,0.07440799773742252,0.27277829410974497
316,1,train,2,0.06477260916411233,0.2545046348578201,0.07440799773742252,0.27277829410974497
316,-1,train,18,0.07440799773742252,0.27277829410974497,0.07440799773742252,0.27277829410974497
317,0,train,16,0.07838418988722787,0.2799717662322897,0.09271411739624097,0.30448992987657403
317,1,train,2,0.10704404490525406,0.3271758623512041,0.09271411739624097,0.30448992987657403
317,-1,train,18,0.09271411739624097,0.30448992987657403,0.09271411739624097,0.30448992987657403
318,0,train,16,0.07497535821337484,0.2738162855152608,0.10300933263087417,0.3209506700894612
318,1,train,2,0.1310433070483735,0.3619990428832285,0.10300933263087417,0.3209506700894612
318,-1,train,18,0.10300933263087417,0.3209506700894612,0.10300933263087417,0.3209506700894612
319,0,train,16,0.0829936279840959,0.2880861468104565,0.07339818035295526,0.27092098544216775
319,1,train,2,0.06380273272181461,0.25259202822301147,0.07339818035295526,0.27092098544216775
319,-1,train,18,0.07339818035295526,0.27092098544216775,0.07339818035295526,0.27092098544216775
320,0,train,16,0.08243720874616371,0.28711880597788036,0.07382723798769754,0.27171168172844085
320,1,train,2,0.06521726722923137,0.2553767163020767,0.07382723798769754,0.27171168172844085
320,-1,train,18,0.07382723798769754,0.27171168172844085,0.07382723798769754,0.27171168172844085
321,0,train,16,0.08304242123396917,0.2881708195393301,0.07019121808494996,0.2649362528702895
321,1,train,2,0.05734001493593077,0.23945775188105892,0.07019121808494996,0.2649362528702895
321,-1,train,18,0.07019121808494996,0.2649362528702895,0.07019121808494996,0.2649362528702895
322,0,train,16,0.08229175976833325,0.2868654035751492,0.07129717321715226,0.2670153052114284
322,1,train,2,0.060302586665971256,0.24556584995876615,0.07129717321715226,0.2670153052114284
322,-1,train,18,0.07129717321715226,0.2670153052114284,0.07129717321715226,0.2670153052114284
323,0,train,16,0.0733334686975183,0.270801530087107,0.10114315684755738,0.31803011940311154
323,1,train,2,0.12895284499759646,0.35910004872959356,0.10114315684755738,0.31803011940311154
323,-1,train,18,0.10114315684755738,0.31803011940311154,0.10114315684755738,0.31803011940311154
324,0,train,16,0.08045420218470337,0.28364449965529626,0.07469401169321557,0.27330205212038855
324,1,train,2,0.0689338212017278,0.2625525113224549,0.07469401169321557,0.27330205212038855
324,-1,train,18,0.07469401169321557,0.27330205212038855,0.07469401169321557,0.27330205212038855
325,0,train,16,0.08043052543077349,0.2836027599138864,0.07327191916607279,0.2706878629825741
325,1,train,2,0.0661133129013721,0.2571250919326469,0.07327191916607279,0.2706878629825741
325,-1,train,18,0.07327191916607279,0.2706878629825741,0.07327191916607279,0.2706878629825741
326,0,train,16,0.07231076706837525,0.2689066140286907,0.10025172122371212,0.31662552206622907
326,1,train,2,0.128192675379049,0.358040047172169,0.10025172122371212,0.31662552206622907
326,-1,train,18,0.10025172122371212,0.31662552206622907,0.10025172122371212,0.31662552206622907
327,0,train,16,0.07932703353336676,0.28165055216236795,0.07420139374819734,0.2723993277308102
327,1,train,2,0.06907575396302792,0.2628226663798766,0.07420139374819734,0.2723993277308102
327,-1,train,18,0.07420139374819734,0.2723993277308102,0.07420139374819734,0.2723993277308102
328,0,train,16,0.072696130336392,0.2696221992648083,0.0959986190234164,0.3098364391471997
328,1,train,2,0.1193011077104408,0.34539992430578326,0.0959986190234164,0.3098364391471997
328,-1,train,18,0.0959986190234164,0.3098364391471997,0.0959986190234164,0.3098364391471997
329,0,train,16,0.07847071305879687,0.2801262448589865,0.07430824457674566,0.2725953861985666
329,1,train,2,0.07014577609469445,0.26485047875111434,0.07430824457674566,0.2725953861985666
329,-1,train,18,0.07430824457674566,0.2725953861985666,0.07430824457674566,0.2725953861985666
330,0,train,16,0.0718776531681807,0.2681000805075983,0.09604643309530597,0.30991358972350014
330,1,train,2,0.12021521302243124,0.3467206556039476,0.09604643309530597,0.30991358972350014
330,-1,train,18,0.09604643309530597,0.30991358972350014,0.09604643309530597,0.30991358972350014
331,0,train,16,0.07934465900002337,0.2816818400252728,0.06847232678092549,0.2616721742580313
331,1,train,2,0.05759999456182761,0.23999998867047392,0.06847232678092549,0.2616721742580313
331,-1,train,18,0.06847232678092549,0.2616721742580313,0.06847232678092549,0.2616721742580313
332,0,train,16,0.07725630203175793,0.277950179046098,0.07441490847233616,0.2727909611265303
332,1,train,2,0.07157351491291439,0.26753226891893694,0.07441490847233616,0.2727909611265303
332,-1,train,18,0.07441490847233616,0.2727909611265303,0.07441490847233616,0.2727909611265303
333,0,train,16,0.07932206550326595,0.2816417325313597,0.06579131534925792,0.2564981780622582
333,1,train,2,0.052260565195249895,0.22860569808132494,0.06579131534925792,0.2564981780622582
333,-1,train,18,0.06579131534925792,0.2564981780622582,0.06579131534925792,0.2564981780622582
334,0,train,16,0.07910498423437433,0.28125608301754884,0.06518910264399803,0.25532156713446286
334,1,train,2,0.05127322105362174,0.22643590937309777,0.06518910264399803,0.25532156713446286
334,-1,train,18,0.06518910264399803,0.25532156713446286,0.06518910264399803,0.25532156713446286
335,0,train,16,0.07026833368151794,0.26508174905398135,0.09476915507275177,0.30784599245848854
335,1,train,2,0.11926997646398559,0.34535485585696574,0.09476915507275177,0.30784599245848854
335,-1,train,18,0.09476915507275177,0.30784599245848854,0.09476915507275177,0.30784599245848854
336,0,train,16,0.07753283486294349,0.27844718505121124,0.06793547304645431,0.26064434205724535
336,1,train,2,0.05833811122996513,0.24153283675302853,0.06793547304645431,0.26064434205724535
336,-1,train,18,0.06793547304645431,0.26064434205724535,0.06793547304645431,0.26064434205724535
337,0,train,16,0.07757534324880616,0.27852350573839574,0.066454427908125,0.25778756352494003
337,1,train,2,0.05533351256744386,0.2352307645004026,0.066454427908125,0.25778756352494003
337,-1,train,18,0.066454427908125,0.25778756352494003,0.066454427908125,0.25778756352494003
338,0,train,16,0.07215155035317791,0.26861040626375204,0.08412773548153012,0.2900478158537487
338,1,train,2,0.09610392060988232,0.3100063234998317,0.08412773548153012,0.2900478158537487
338,-1,train,18,0.08412773548153012,0.2900478158537487,0.08412773548153012,0.2900478158537487
339,0,train,16,0.07699764853251334,0.27748450142758124,0.06577888929742574,0.25647395442310655
339,1,train,2,0.054560130062338154,0.23358109954004874,0.06577888929742574,0.25647395442310655
339,-1,train,18,0.06577888929742574,0.25647395442310655,0.06577888929742574,0.25647395442310655
340,0,train,16,0.0784947520736914,0.2801691490398102,0.05923087697370647,0.24337394473054522
340,1,train,2,0.03996700187372154,0.19991748766358972,0.05923087697370647,0.24337394473054522
340,-1,train,18,0.05923087697370647,0.24337394473054522,0.05923087697370647,0.24337394473054522
341,0,train,16,0.07509403377127216,0.2740329063657724,0.06979689313008355,0.26419101636899683
341,1,train,2,0.06449975248889495,0.2539680146965262,0.06979689313008355,0.26419101636899683
341,-1,train,18,0.06979689313008355,0.26419101636899683,0.06979689313008355,0.26419101636899683
342,0,train,16,0.07714634724595329,0.27775231276436435,0.06129271270909674,0.2475736510800306
342,1,train,2,0.04543907817224018,0.21316443927691173,0.06129271270909674,0.2475736510800306
342,-1,train,18,0.06129271270909674,0.2475736510800306,0.06129271270909674,0.2475736510800306
343,0,train,16,0.07506335655007908,0.2739769270396306,0.06722762686675587,0.25928290893685196
343,1,train,2,0.05939189718343267,0.2437045284426054,0.06722762686675587,0.25928290893685196
343,-1,train,18,0.06722762686675587,0.25928290893685196,0.06722762686675587,0.25928290893685196
344,0,train,16,0.07557762800547427,0.2749138556083965,0.06409984360776005,0.2531794691671504
344,1,train,2,0.05262205921004585,0.2293949851458088,0.06409984360776005,0.2531794691671504
344,-1,train,18,0.06409984360776005,0.2531794691671504,0.06409984360776005,0.2531794691671504
345,0,train,16,0.07492029775472361,0.2737157243468552,0.06504484760808237,0.2550389139093922
345,1,train,2,0.055169397461441116,0.2348816669334606,0.06504484760808237,0.2550389139093922
345,-1,train,18,0.06504484760808237,0.2550389139093922,0.06504484760808237,0.2550389139093922
346,0,train,16,0.07549074253685327,0.2747557870852828,0.06173657276099068,0.24846845425725714
346,1,train,2,0.04798240298512808,0.21904885981243563,0.06173657276099068,0.24846845425725714
346,-1,train,18,0.06173657276099068,0.24846845425725714,0.06173657276099068,0.24846845425725714
347,0,train,16,0.06700063720198073,0.2588448129709783,0.0901373698882814,0.3002288625170495
347,1,train,2,0.11327410257458208,0.336562182329777,0.0901373698882814,0.3002288625170495
347,-1,train,18,0.0901373698882814,0.3002288625170495,0.0901373698882814,0.3002288625170495
348,0,train,16,0.06611468277406031,0.25712775574422203,0.09193111433486609,0.30320144184166753
348,1,train,2,0.11774754589567187,0.3431436228398713,0.09193111433486609,0.30320144184166753
348,-1,train,18,0.09193111433486609,0.30320144184166753,0.09193111433486609,0.30320144184166753
349,0,train,16,0.061203194261892066,0.2473927934720251,0.10791398361157525,0.3285026386675992
349,1,train,2,0.15462477296125846,0.3932235661316072,0.10791398361157525,0.3285026386675992
349,-1,train,18,0.10791398361157525,0.3285026386675992,0.10791398361157525,0.3285026386675992
350,0,train,16,0.06886551893278622,0.2624224055464514,0.07988242286266459,0.28263478707099127
350,1,train,2,0.09089932679254295,0.3014951521874654,0.07988242286266459,0.28263478707099127
350,-1,train,18,0.07988242286266459,0.28263478707099127,0.07988242286266459,0.28263478707099127
351,0,train,16,0.07459147148662222,0.2731143926757106,0.05883994592664889,0.24256946618783018
351,1,train,2,0.04308842036667555,0.20757750448127937,0.05883994592664889,0.24256946618783018
351,-1,train,18,0.05883994592664889,0.24256946618783018,0.05883994592664889,0.24256946618783018
352,0,train,16,0.06926212296075857,0.2631769803017706,0.07657324874027292,0.2767187177266347
352,1,train,2,0.08388437451978728,0.2896279933290069,0.07657324874027292,0.2767187177266347
352,-1,train,18,0.07657324874027292,0.2767187177266347,0.07657324874027292,0.2767187177266347
353,0,train,16,0.07377517285980059,0.271615855317396,0.05986031675378034,0.24466368090458449
353,1,train,2,0.04594546064776008,0.21434892266526576,0.05986031675378034,0.24466368090458449
353,-1,train,18,0.05986031675378034,0.24466368090458449,0.05986031675378034,0.24466368090458449
354,0,train,16,0.06522911813944961,0.2553999180490268,0.08885843293273785,0.2980913164329646
354,1,train,2,0.1124877477260261,0.33539193151598934,0.08885843293273785,0.2980913164329646
354,-1,train,18,0.08885843293273785,0.2980913164329646,0.08885843293273785,0.2980913164329646
355,0,train,16,0.07273469511713826,0.26969370611332083,0.061674981133459546,0.24834448077913782
355,1,train,2,0.05061526714978083,0.22497837040431426,0.061674981133459546,0.24834448077913782
355,-1,train,18,0.061674981133459546,0.24834448077913782,0.061674981133459546,0.24834448077913782
356,0,train,16,0.0731247138705187,0.2704158166056836,0.05933515049726838,0.24358807544144764
356,1,train,2,0.04554558712401806,0.2134141211916823,0.05933515049726838,0.24358807544144764
356,-1,train,18,0.05933515049726838,0.24358807544144764,0.05933515049726838,0.24358807544144764
357,0,train,16,0.07294054846003907,0.2700750793021064,0.058893511189694624,0.24267985328348668
357,1,train,2,0.04484647391935018,0.211769860743568,0.058893511189694624,0.24267985328348668
357,-1,train,18,0.058893511189694624,0.24267985328348668,0.058893511189694624,0.24267985328348668
358,0,train,16,0.07205050324931915,0.2684222480520554,0.06083050046938368,0.2466384002327774
358,1,train,2,0.04961049768944821,0.22273414127485758,0.06083050046938368,0.2466384002327774
358,-1,train,18,0.06083050046938368,0.2466384002327774,0.06083050046938368,0.2466384002327774
359,0,train,16,0.06405100757297007,0.25308300530254907,0.08774091933567854,0.29621093723169395
359,1,train,2,0.111430831098387,0.3338125688142779,0.08774091933567854,0.29621093723169395
359,-1,train,18,0.08774091933567854,0.29621093723169395,0.08774091933567854,0.29621093723169395
360,0,train,16,0.07308491563682952,0.2703422194863938,0.05499957529953276,0.23451988252498498
360,1,train,2,0.036914234962236,0.19213077567697479,0.05499957529953276,0.23451988252498498
360,-1,train,18,0.05499957529953276,0.23451988252498498,0.05499957529953276,0.23451988252498498
361,0,train,16,0.07105118607068876,0.2665542835346841,0.061076676405402805,0.24713695880099115
361,1,train,2,0.05110216674011685,0.22605788360532098,0.061076676405402805,0.24713695880099115
361,-1,train,18,0.061076676405402805,0.24713695880099115,0.061076676405402805,0.24713695880099115
362,0,train,16,0.07136601443627848,0.2671441828606389,0.05890628856016361,0.24270617742481054
362,1,train,2,0.046446562684048745,0.21551464610102197,0.05890628856016361,0.24270617742481054
362,-1,train,18,0.05890628856016361,0.24270617742481054,0.05890628856016361,0.24270617742481054
363,0,train,16,0.07066881596125552,0.2658360697145057,0.06023058712840367,0.2454192069264418
363,1,train,2,0.04979235829555183,0.22314201373912496,0.06023058712840367,0.2454192069264418
363,-1,train,18,0.06023058712840367,0.2454192069264418,0.06023058712840367,0.2454192069264418
364,0,train,16,0.07210479399374851,0.26852335837641483,0.054131545987088595,0.23266187050543669
364,1,train,2,0.03615829798042867,0.19015335385006668,0.054131545987088595,0.23266187050543669
364,-1,train,18,0.054131545987088595,0.23266187050543669,0.054131545987088595,0.23266187050543669
365,0,train,16,0.06862303982295495,0.2619599966081748,0.0651422661967323,0.25522983014673717
365,1,train,2,0.06166149257050966,0.24831732233275564,0.0651422661967323,0.25522983014673717
365,-1,train,18,0.0651422661967323,0.25522983014673717,0.0651422661967323,0.25522983014673717
366,0,train,16,0.06982383088531725,0.2642419930391785,0.05979663423993626,0.24453350330769863
366,1,train,2,0.049769437594555266,0.22309064882812832,0.05979663423993626,0.24453350330769863
366,-1,train,18,0.05979663423993626,0.24453350330769863,0.05979663423993626,0.24453350330769863
367,0,train,16,0.07169703495115706,0.2677630201337688,0.05211167387826852,0.2282798148726
367,1,train,2,0.03252631280537997,0.18035052759939454,0.05211167387826852,0.2282798148726
367,-1,train,18,0.05211167387826852,0.2282798148726,0.05211167387826852,0.2282798148726
368,0,train,16,0.0691897023378389,0.263039355112194,0.059673273136671465,0.24428113544985716
368,1,train,2,0.050156843935504035,0.2239572368455729,0.059673273136671465,0.24428113544985716
368,-1,train,18,0.059673273136671465,0.24428113544985716,0.059673273136671465,0.24428113544985716
369,0,train,16,0.06905850546084649,0.262789850376392,0.05896285112300489,0.24282267423575765
369,1,train,2,0.04886719678516328,0.22105926079936863,0.05896285112300489,0.24282267423575765
369,-1,train,18,0.05896285112300489,0.24282267423575765,0.05896285112300489,0.24282267423575765
370,0,train,16,0.06970688355834549,0.2640206119952484,0.055525791567470575,0.23563911298311785
370,1,train,2,0.04134469957659566,0.2033339607065078,0.055525791567470575,0.23563911298311785
370,-1,train,18,0.055525791567470575,0.23563911298311785,0.055525791567470575,0.23563911298311785
371,0,train,16,0.06272090904290259,0.25044142836779737,0.0788634376202929,0.28082634780286003
371,1,train,2,0.0950059661976832,0.30823037844716605,0.0788634376202929,0.28082634780286003
371,-1,train,18,0.0788634376202929,0.28082634780286003,0.0788634376202929,0.28082634780286003
372,0,train,16,0.06875744342250951,0.262216405708166,0.05652137922842057,0.23774225377164357
372,1,train,2,0.044285315034331627,0.21044076371827686,0.05652137922842057,0.23774225377164357
372,-1,train,18,0.05652137922842057,0.23774225377164357,0.05652137922842057,0.23774225377164357
373,0,train,16,0.06682554919574843,0.258506381344346,0.06214456577116484,0.24928811799033831
373,1,train,2,0.057463582346581256,0.23971562808165273,0.06214456577116484,0.24928811799033831
373,-1,train,18,0.06214456577116484,0.24928811799033831,0.06214456577116484,0.24928811799033831
374,0,train,16,0.06848328628182505,0.2616931147008363,0.055224922279370654,0.23499983463690066
374,1,train,2,0.041966558276916255,0.20485740962170798,0.055224922279370654,0.23499983463690066
374,-1,train,18,0.055224922279370654,0.23499983463690066,0.055224922279370654,0.23499983463690066
375,0,train,16,0.05892051011846191,0.2427354735477736,0.0876354888585231,0.2960329185386705
375,1,train,2,0.11635046759858428,0.34110184344061273,0.0876354888585231,0.2960329185386705
375,-1,train,18,0.0876354888585231,0.2960329185386705,0.0876354888585231,0.2960329185386705
376,0,train,16,0.05749004619600112,0.23977082015124593,0.09149253429114812,0.302477328557279
376,1,train,2,0.12549502238629512,0.3542527662366169,0.09149253429114812,0.302477328557279
376,-1,train,18,0.09149253429114812,0.302477328557279,0.09149253429114812,0.302477328557279
377,0,train,16,0.061642210929117126,0.24827849469721924,0.07593151086531108,0.2755567289421746
377,1,train,2,0.09022081080150504,0.3003677925502417,0.07593151086531108,0.2755567289421746
377,-1,train,18,0.07593151086531108,0.2755567289421746,0.07593151086531108,0.2755567289421746
378,0,train,16,0.05862865685364642,0.24213355168924117,0.0854808840263807,0.29237114089181354
378,1,train,2,0.11233311119911497,0.33516132115611874,0.0854808840263807,0.29237114089181354
378,-1,train,18,0.0854808840263807,0.29237114089181354,0.0854808840263807,0.29237114089181354
379,0,train,16,0.0654217317588573,0.25577672247266225,0.06078742633257912,0.246551062322958
379,1,train,2,0.056153120906300945,0.23696649743434398,0.06078742633257912,0.246551062322958
379,-1,train,18,0.06078742633257912,0.246551062322958,0.06078742633257912,0.246551062322958
380,0,train,16,0.06733597681347707,0.2594917663693341,0.053102447186674576,0.2304396823176828
380,1,train,2,0.03886891755987208,0.19715201637282861,0.053102447186674576,0.2304396823176828
380,-1,train,18,0.053102447186674576,0.2304396823176828,0.053102447186674576,0.2304396823176828
381,0,train,16,0.06651188359063105,0.25789897942921575,0.05499040404227393,0.23450032844811525
381,1,train,2,0.0434689244939168,0.2084920250127491,0.05499040404227393,0.23450032844811525
381,-1,train,18,0.05499040404227393,0.23450032844811525,0.05499040404227393,0.23450032844811525
382,0,train,16,0.04888288668760299,0.2210947459520533,0.11588218117883127,0.34041471939214274
382,1,train,2,0.18288147567005955,0.42764643769130073,0.11588218117883127,0.34041471939214274
382,-1,train,18,0.11588218117883127,0.34041471939214274,0.11588218117883127,0.34041471939214274
383,0,train,16,0.057498280407324895,0.23978799054023722,0.08466886077337527,0.2909791414747374
383,1,train,2,0.11183944113942565,0.3344240439014899,0.08466886077337527,0.2909791414747374
383,-1,train,18,0.08466886077337527,0.2909791414747374,0.08466886077337527,0.2909791414747374
384,0,train,16,0.06569102935952736,0.25630261286129596,0.055193102799193275,0.23493212381280104
384,1,train,2,0.04469517623885918,0.2114123370072314,0.055193102799193275,0.23493212381280104
384,-1,train,18,0.055193102799193275,0.23493212381280104,0.055193102799193275,0.23493212381280104
385,0,train,16,0.06631299605905792,0.257513098810639,0.05220616449007845,0.22848668339769487
385,1,train,2,0.03809933292109898,0.19519050417758282,0.05220616449007845,0.22848668339769487
385,-1,train,18,0.05220616449007845,0.22848668339769487,0.05220616449007845,0.22848668339769487
386,0,train,16,0.06458187976975056,0.25412965149653544,0.057394748588808275,0.23957201128013322
386,1,train,2,0.05020761740786598,0.22407056345684048,0.057394748588808275,0.23957201128013322
386,-1,train,18,0.057394748588808275,0.23957201128013322,0.057394748588808275,0.23957201128013322
387,0,train,16,0.055094406226707394,0.23472197644598045,0.08968055628368145,0.2994671205386018
387,1,train,2,0.12426670634065551,0.35251483137685924,0.08968055628368145,0.2994671205386018
387,-1,train,18,0.08968055628368145,0.2994671205386018,0.08968055628368145,0.2994671205386018
388,0,train,16,0.06634065895633756,0.25756680484165184,0.049385657078008655,0.22222883943810862
388,1,train,2,0.03243065519967975,0.18008513320004998,0.049385657078008655,0.22222883943810862
388,-1,train,18,0.049385657078008655,0.22222883943810862,0.049385657078008655,0.22222883943810862
389,0,train,16,0.06539147960576502,0.2557175778192908,0.05182570540353724,0.22765259806015226
389,1,train,2,0.03825993120130945,0.19560146012059687,0.05182570540353724,0.22765259806015226
389,-1,train,18,0.05182570540353724,0.22765259806015226,0.05182570540353724,0.22765259806015226
390,0,train,16,0.05601569288356314,0.23667634626967507,0.08381369908638774,0.2895059569100224
390,1,train,2,0.11161170528921234,0.3340833807438082,0.08381369908638774,0.2895059569100224
390,-1,train,18,0.08381369908638774,0.2895059569100224,0.08381369908638774,0.2895059569100224
391,0,train,16,0.06518513295820778,0.2553137931217344,0.050792227852847885,0.22537131106875136
391,1,train,2,0.036399322747487986,0.19078606539128581,0.050792227852847885,0.22537131106875136
391,-1,train,18,0.050792227852847885,0.22537131106875136,0.050792227852847885,0.22537131106875136
392,0,train,16,0.06514544793127675,0.25523606314797437,0.05006266480161329,0.22374687662984993
392,1,train,2,0.03497988167194983,0.18702909311641822,0.05006266480161329,0.22374687662984993
392,-1,train,18,0.05006266480161329,0.22374687662984993,0.05006266480161329,0.22374687662984993
393,0,train,16,0.06441905386669812,0.25380908940914254,0.051704818336131705,0.22738693528022164
393,1,train,2,0.03899058280556529,0.19746033223299633,0.051704818336131705,0.22738693528022164
393,-1,train,18,0.051704818336131705,0.22738693528022164,0.051704818336131705,0.22738693528022164
394,0,train,16,0.05609212055185363,0.23683775153436504,0.08000332064816612,0.28284858254579626
394,1,train,2,0.10391452074447863,0.32235775272898065,0.08000332064816612,0.28284858254579626
394,-1,train,18,0.08000332064816612,0.28284858254579626,0.08000332064816612,0.28284858254579626
395,0,train,16,0.06457600441121206,0.2541180914677506,0.04935222776123949,0.2221536129826375
395,1,train,2,0.03412845111126692,0.1847388727671221,0.04935222776123949,0.2221536129826375
395,-1,train,18,0.04935222776123949,0.2221536129826375,0.04935222776123949,0.2221536129826375
396,0,train,16,0.06292129303268865,0.250841170928316,0.05421558049809533,0.2328423941169119
396,1,train,2,0.04550986796350202,0.21333041968622762,0.05421558049809533,0.2328423941169119
396,-1,train,18,0.05421558049809533,0.2328423941169119,0.05421558049809533,0.2328423941169119
397,0,train,16,0.0546881823910226,0.23385504568219734,0.08230135516249164,0.2868821276456441
397,1,train,2,0.10991452793396068,0.33153360000754173,0.08230135516249164,0.2868821276456441
397,-1,train,18,0.08230135516249164,0.2868821276456441,0.08230135516249164,0.2868821276456441
398,0,train,16,0.06423877514175738,0.25345369427522135,0.04786396629721316,0.21877834969944618
398,1,train,2,0.031489157452668934,0.17745184544734646,0.04786396629721316,0.21877834969944618
398,-1,train,18,0.04786396629721316,0.21877834969944618,0.04786396629721316,0.21877834969944618
399,0,train,16,0.06446247991600815,0.25389462364533866,0.046274299668701016,0.21511461983951954
399,1,train,2,0.028086119421393885,0.16758913873337342,0.046274299668701016,0.21511461983951954
399,-1,train,18,0.046274299668701016,0.21511461983951954,0.046274299668701016,0.21511461983951954
400,0,train,16,0.05396383569652828,0.23230117454831836,0.08222045474033804,0.2867410935675911
400,1,train,2,0.11047707378414781,0.3323809166967138,0.08222045474033804,0.2867410935675911
400,-1,train,18,0.08222045474033804,0.2867410935675911,0.08222045474033804,0.2867410935675911
401,0,train,16,0.06372940996764491,0.2524468458262945,0.04721990792586306,0.21730142182200066
401,1,train,2,0.030710405884081214,0.17524384692217074,0.04721990792586306,0.21730142182200066
401,-1,train,18,0.04721990792586306,0.21730142182200066,0.04721990792586306,0.21730142182200066
402,0,train,16,0.05604206402676239,0.2367320511184795,0.07337145403557163,0.2708716560210234
402,1,train,2,0.09070084404438088,0.30116580822593536,0.07337145403557163,0.2708716560210234
402,-1,train,18,0.07337145403557163,0.2708716560210234,0.07337145403557163,0.2708716560210234
403,0,train,16,0.06117289660081467,0.2473315519718717,0.0547078752287085,0.23389714668783051
403,1,train,2,0.04824285385660232,0.21964255930170345,0.0547078752287085,0.23389714668783051
403,-1,train,18,0.0547078752287085,0.23389714668783051,0.0547078752287085,0.23389714668783051
404,0,train,16,0.05558582091075396,0.23576645416758077,0.07348081973289478,0.27107345818595885
404,1,train,2,0.09137581855503558,0.30228433395569076,0.07348081973289478,0.27107345818595885
404,-1,train,18,0.07348081973289478,0.27107345818595885,0.07348081973289478,0.27107345818595885
405,0,train,16,0.06260734479244895,0.25021459748074043,0.04808348789175203,0.21927947439683457
405,1,train,2,0.03355963099105511,0.1831928792040103,0.04808348789175203,0.21927947439683457
405,-1,train,18,0.04808348789175203,0.21927947439683457,0.04808348789175203,0.21927947439683457
406,0,train,16,0.06085175667226751,0.24668148830479256,0.053451102840422704,0.23119494553389938
406,1,train,2,0.046050449008577896,0.2145936835244176,0.053451102840422704,0.23119494553389938
406,-1,train,18,0.053451102840422704,0.23119494553389938,0.053451102840422704,0.23119494553389938
407,0,train,16,0.062033878005800305,0.24906601134197398,0.04852621257223608,0.2202866599960971
407,1,train,2,0.03501854713867184,0.18713243208666916,0.04852621257223608,0.2202866599960971
407,-1,train,18,0.04852621257223608,0.2202866599960971,0.04852621257223608,0.2202866599960971
408,0,train,16,0.05153518583182963,0.22701362477135514,0.08453392490516387,0.2907471838301514
408,1,train,2,0.11753266397849811,0.34283037201872607,0.08453392490516387,0.2907471838301514
408,-1,train,18,0.08453392490516387,0.2907471838301514,0.08453392490516387,0.2907471838301514
409,0,train,16,0.061759300816276896,0.24851418634813768,0.047863326541375734,0.21877688758499086
409,1,train,2,0.03396735226647457,0.1843023392864957,0.047863326541375734,0.21877688758499086
409,-1,train,18,0.047863326541375734,0.21877688758499086,0.047863326541375734,0.21877688758499086
410,0,train,16,0.062240777296402636,0.2494810159038211,0.0454048627407697,0.21308416820770543
410,1,train,2,0.028568948185136767,0.16902351370485932,0.0454048627407697,0.21308416820770543
410,-1,train,18,0.0454048627407697,0.21308416820770543,0.0454048627407697,0.21308416820770543
411,0,train,16,0.06140440243710175,0.24779911710315222,0.04750672863223916,0.2179603831714359
411,1,train,2,0.03360905482737658,0.18332772520100876,0.04750672863223916,0.2179603831714359
411,-1,train,18,0.04750672863223916,0.2179603831714359,0.04750672863223916,0.2179603831714359
412,0,train,16,0.06095531931689556,0.24689131073590978,0.04831277529392436,0.2198016726367758
412,1,train,2,0.03567023127095316,0.1888656434372148,0.04831277529392436,0.2198016726367758
412,-1,train,18,0.04831277529392436,0.2198016726367758,0.04831277529392436,0.2198016726367758
413,0,train,16,0.06070023809232321,0.246374183088089,0.048390007610029304,0.21997728885052953
413,1,train,2,0.0360797771277354,0.1899467744599402,0.048390007610029304,0.21997728885052953
413,-1,train,18,0.048390007610029304,0.21997728885052953,0.048390007610029304,0.21997728885052953
414,0,train,16,0.061702417209743655,0.248399712579833,0.044096825498293135,0.20999244152657764
414,1,train,2,0.026491233786842615,0.16276127852423197,0.044096825498293135,0.20999244152657764
414,-1,train,18,0.044096825498293135,0.20999244152657764,0.044096825498293135,0.20999244152657764
415,0,train,16,0.06072502204039001,0.24642447532741144,0.046713908662889755,0.2161340062620636
415,1,train,2,0.03270279528538951,0.18083914201684742,0.046713908662889755,0.2161340062620636
415,-1,train,18,0.046713908662889755,0.2161340062620636,0.046713908662889755,0.2161340062620636
416,0,train,16,0.06139125385274644,0.2477725849498819,0.043619777197582865,0.20885348260822195
416,1,train,2,0.025848300542419288,0.1607740667595968,0.043619777197582865,0.20885348260822195
416,-1,train,18,0.043619777197582865,0.20885348260822195,0.043619777197582865,0.20885348260822195
417,0,train,16,0.05978455648352103,0.24450880655616686,0.048420457818400264,0.22004649012970023
417,1,train,2,0.0370563591532795,0.1925002835148029,0.048420457818400264,0.22004649012970023
417,-1,train,18,0.048420457818400264,0.22004649012970023,0.048420457818400264,0.22004649012970023
418,0,train,16,0.049601541365205885,0.2227140349533587,0.0833531576968007,0.28870946935769304
418,1,train,2,0.11710477402839552,0.34220574809373894,0.0833531576968007,0.28870946935769304
418,-1,train,18,0.0833531576968007,0.28870946935769304,0.0833531576968007,0.28870946935769304
419,0,train,16,0.05880295658986234,0.242493209368556,0.050320273256146526,0.22432180735752494
419,1,train,2,0.04183758992243071,0.20454239150462358,0.050320273256146526,0.22432180735752494
419,-1,train,18,0.050320273256146526,0.22432180735752494,0.050320273256146526,0.22432180735752494
420,0,train,16,0.0599847000435932,0.24491774138186315,0.04541706096419354,0.21311278930226957
420,1,train,2,0.030849421884793875,0.17564003497151176,0.04541706096419354,0.21311278930226957
420,-1,train,18,0.04541706096419354,0.21311278930226957,0.04541706096419354,0.21311278930226957
421,0,train,16,0.06082570248426228,0.24662867328082977,0.041719195721407004,0.20425277408497297
421,1,train,2,0.02261268895855173,0.15037516070997806,0.041719195721407004,0.20425277408497297
421,-1,train,18,0.041719195721407004,0.20425277408497297,0.041719195721407004,0.20425277408497297
422,0,train,16,0.059869413012655706,0.24468226951018685,0.04428192526294673,0.21043270958419635
422,1,train,2,0.028694437513237747,0.16939432550483427,0.04428192526294673,0.21043270958419635
422,-1,train,18,0.04428192526294673,0.21043270958419635,0.04428192526294673,0.21043270958419635
423,0,train,16,0.06012015426834808,0.2451941154847483,0.042668590297300635,0.2065637681136279
423,1,train,2,0.025217026326253195,0.15879869749545553,0.042668590297300635,0.2065637681136279
423,-1,train,18,0.042668590297300635,0.2065637681136279,0.042668590297300635,0.2065637681136279
424,0,train,16,0.05809822209671154,0.2410357278428066,0.04900479790690941,0.2213702733135355
424,1,train,2,0.03991137371710728,0.19977831142821106,0.04900479790690941,0.2213702733135355
424,-1,train,18,0.04900479790690941,0.2213702733135355,0.04900479790690941,0.2213702733135355
425,0,train,16,0.05916634557820919,0.24324133196932052,0.04450466286483217,0.2109612828573816
425,1,train,2,0.029842980151455152,0.17275120882776812,0.04450466286483217,0.2109612828573816
425,-1,train,18,0.04450466286483217,0.2109612828573816,0.04450466286483217,0.2109612828573816
426,0,train,16,0.058960038289508354,0.2428168822168433,0.044504044125048346,0.21095981637517688
426,1,train,2,0.030048049960588342,0.1733437335486586,0.044504044125048346,0.21095981637517688
426,-1,train,18,0.044504044125048346,0.21095981637517688,0.044504044125048346,0.21095981637517688
427,0,train,16,0.059026417978303825,0.24295353049154034,0.04357624835189711,0.208749247548098
427,1,train,2,0.028126078725490396,0.16770831441968045,0.04357624835189711,0.208749247548098
427,-1,train,18,0.04357624835189711,0.208749247548098,0.04357624835189711,0.208749247548098
428,0,train,16,0.04899297403802204,0.22134356561242532,0.07802899553300788,0.27933670638318886
428,1,train,2,0.10706501702799373,0.32720791101071156,0.07802899553300788,0.27933670638318886
428,-1,train,18,0.07802899553300788,0.27933670638318886,0.07802899553300788,0.27933670638318886
429,0,train,16,0.05756235202996758,0.23992155390870487,0.04730186737315825,0.21748992476240883
429,1,train,2,0.03704138271634892,0.1924613798047518,0.04730186737315825,0.21748992476240883
429,-1,train,18,0.04730186737315825,0.21748992476240883,0.04730186737315825,0.21748992476240883
430,0,train,16,0.05787753951060085,0.24057751247903628,0.04548402328527369,0.2132698367919704
430,1,train,2,0.033090507059946525,0.18190796315704963,0.04548402328527369,0.2132698367919704
430,-1,train,18,0.04548402328527369,0.2132698367919704,0.04548402328527369,0.2132698367919704
431,0,train,16,0.05901546298073711,0.2429309839866811,0.04089119584178281,0.2022157161097594
431,1,train,2,0.02276692870282851,0.15088713895766104,0.04089119584178281,0.2022157161097594
431,-1,train,18,0.04089119584178281,0.2022157161097594,0.04089119584178281,0.2022157161097594
432,0,train,16,0.05853236658476718,0.24193463287583938,0.041944539684228496,0.20480366130572103
432,1,train,2,0.02535671278368981,0.15923791251988267,0.041944539684228496,0.20480366130572103
432,-1,train,18,0.041944539684228496,0.20480366130572103,0.041944539684228496,0.20480366130572103
433,0,train,16,0.058256324338487854,0.24136346935376915,0.04223872295793143,0.20552061443546588
433,1,train,2,0.026221121577375005,0.16192937218854092,0.04223872295793143,0.20552061443546588
433,-1,train,18,0.04223872295793143,0.20552061443546588,0.04223872295793143,0.20552061443546588
434,0,train,16,0.05686780195084481,0.2384697086651569,0.04642794673856364,0.2154714522589098
434,1,train,2,0.03598809152628246,0.18970527543081786,0.04642794673856364,0.2154714522589098
434,-1,train,18,0.04642794673856364,0.2154714522589098,0.04642794673856364,0.2154714522589098
435,0,train,16,0.05067277198615718,0.22510613493673864,0.06757446863873548,0.2599508965915207
435,1,train,2,0.08447616529131377,0.2906478372383214,0.06757446863873548,0.2599508965915207
435,-1,train,18,0.06757446863873548,0.2599508965915207,0.06757446863873548,0.2599508965915207
436,0,train,16,0.05745081006880087,0.2396889861232695,0.0431288773056328,0.2076749318180526
436,1,train,2,0.02880694454246473,0.16972608680596135,0.0431288773056328,0.2076749318180526
436,-1,train,18,0.0431288773056328,0.2076749318180526,0.0431288773056328,0.2076749318180526
437,0,train,16,0.057558507026882956,0.2399135407326626,0.042128631430290456,0.20525260395495706
437,1,train,2,0.026698755833697952,0.16339753925227257,0.042128631430290456,0.20525260395495706
437,-1,train,18,0.042128631430290456,0.20525260395495706,0.042128631430290456,0.20525260395495706
438,0,train,16,0.05698296065878102,0.2387110400856672,0.043497359909170905,0.20856020691678195
438,1,train,2,0.03001175915956078,0.17323902320078113,0.043497359909170905,0.20856020691678195
438,-1,train,18,0.043497359909170905,0.20856020691678195,0.043497359909170905,0.20856020691678195
439,0,train,16,0.04980570268602982,0.22317191285202045,0.06804958365340423,0.26086315119886944
439,1,train,2,0.08629346462077864,0.29375749287597525,0.06804958365340423,0.26086315119886944
439,-1,train,18,0.06804958365340423,0.26086315119886944,0.06804958365340423,0.26086315119886944
440,0,train,16,0.056263091024204445,0.23719842120934204,0.044793188183974694,0.21164401287060944
440,1,train,2,0.033323285343744936,0.18254666620824642,0.044793188183974694,0.21164401287060944
440,-1,train,18,0.044793188183974694,0.21164401287060944,0.044793188183974694,0.21164401287060944
441,0,train,16,0.05720513669779072,0.2391759534271594,0.040856190819468535,0.2021291439141534
441,1,train,2,0.024507244941146353,0.15654789982988068,0.040856190819468535,0.2021291439141534
441,-1,train,18,0.040856190819468535,0.2021291439141534,0.040856190819468535,0.2021291439141534
442,0,train,16,0.05702725795912755,0.23880380641674778,0.04088871955959233,0.20220959314432224
442,1,train,2,0.024750181160057106,0.1573219029889262,0.04088871955959233,0.20220959314432224
442,-1,train,18,0.04088871955959233,0.20220959314432224,0.04088871955959233,0.20220959314432224
443,0,train,16,0.04582289058573693,0.21406281925111828,0.07958430494176978,0.28210690339261424
443,1,train,2,0.11334571929780264,0.3366685600079144,0.07958430494176978,0.28210690339261424
443,-1,train,18,0.07958430494176978,0.28210690339261424,0.07958430494176978,0.28210690339261424
444,0,train,16,0.05667291089066619,0.23806072941723544,0.040949988431233285,0.20236103486401052
444,1,train,2,0.025227065971800383,0.15883030558366493,0.040949988431233285,0.20236103486401052
444,-1,train,18,0.040949988431233285,0.20236103486401052,0.040949988431233285,0.20236103486401052
445,0,train,16,0.05668640697904472,0.2380890736238115,0.040317108550023725,0.20079120635631365
445,1,train,2,0.02394781012100272,0.15475080006579198,0.040317108550023725,0.20079120635631365
445,-1,train,18,0.040317108550023725,0.20079120635631365,0.040317108550023725,0.20079120635631365
446,0,train,16,0.056333816532648885,0.23734745950325417,0.04095424868087842,0.20237156094886066
446,1,train,2,0.02557468082910796,0.1599208580176706,0.04095424868087842,0.20237156094886066
446,-1,train,18,0.04095424868087842,0.20237156094886066,0.04095424868087842,0.20237156094886066
447,0,train,16,0.04844365874015933,0.2200992020434407,0.06802288410523749,0.26081197078592366
447,1,train,2,0.08760210947031566,0.2959765353373738,0.06802288410523749,0.26081197078592366
447,-1,train,18,0.06802288410523749,0.26081197078592366,0.06802288410523749,0.26081197078592366
448,0,train,16,0.05641403388800844,0.23751638656734494,0.0395016941601486,0.19875033122022362
448,1,train,2,0.02258935443228876,0.15029755298170613,0.0395016941601486,0.19875033122022362
448,-1,train,18,0.0395016941601486,0.19875033122022362,0.0395016941601486,0.19875033122022362
449,0,train,16,0.05609462179568118,0.23684303197620396,0.04004147141780561,0.20010365168533434
449,1,train,2,0.023988321039930045,0.15488163557998103,0.04004147141780561,0.20010365168533434
449,-1,train,18,0.04004147141780561,0.20010365168533434,0.04004147141780561,0.20010365168533434
450,0,train,16,0.04666511208463312,0.21602109175872877,0.07253562434910193,0.26932438498788397
450,1,train,2,0.09840613661357075,0.31369752407943985,0.07253562434910193,0.26932438498788397
450,-1,train,18,0.07253562434910193,0.26932438498788397,0.07253562434910193,0.26932438498788397
451,0,train,16,0.05613877511695183,0.23693622584347845,0.03878390861353431,0.19693630598123424
451,1,train,2,0.021429042110116786,0.1463866186169924,0.03878390861353431,0.19693630598123424
451,-1,train,18,0.03878390861353431,0.19693630598123424,0.03878390861353431,0.19693630598123424
452,0,train,16,0.05553145907170829,0.23565113849015942,0.04036798416316129,0.20091785426676567
452,1,train,2,0.025204509254614295,0.15875928084560692,0.04036798416316129,0.20091785426676567
452,-1,train,18,0.04036798416316129,0.20091785426676567,0.04036798416316129,0.20091785426676567
453,0,train,16,0.05454565156175474,0.23355010503477566,0.04333650298253966,0.2081742130585334
453,1,train,2,0.03212735440332458,0.17924105111085625,0.04333650298253966,0.2081742130585334
453,-1,train,18,0.04333650298253966,0.2081742130585334,0.04333650298253966,0.2081742130585334
454,0,train,16,0.05577513224589723,0.23616759355571465,0.03847293262029882,0.19614518250596627
454,1,train,2,0.02117073299470041,0.14550165976613605,0.03847293262029882,0.19614518250596627
454,-1,train,18,0.03847293262029882,0.19614518250596627,0.03847293262029882,0.19614518250596627
455,0,train,16,0.047829167938377,0.21869880644022044,0.0657954392060039,0.25650621670050006
455,1,train,2,0.08376171047363082,0.28941615447937735,0.0657954392060039,0.25650621670050006
455,-1,train,18,0.0657954392060039,0.25650621670050006,0.0657954392060039,0.25650621670050006
456,0,train,16,0.0543317371098319,0.2330916924942455,0.042536657620006246,0.20624416990549393
456,1,train,2,0.03074157813018059,0.17533276399515463,0.042536657620006246,0.20624416990549393
456,-1,train,18,0.042536657620006246,0.20624416990549393,0.042536657620006246,0.20624416990549393
457,0,train,16,0.05564651333585805,0.23589513207325422,0.037405418044239885,0.19340480357074868
457,1,train,2,0.019164322752621726,0.13843526556705746,0.037405418044239885,0.19340480357074868
457,-1,train,18,0.037405418044239885,0.19340480357074868,0.037405418044239885,0.19340480357074868
458,0,train,16,0.035543585817988076,0.18853006608493,0.10735112560192796,0.3276448162292942
458,1,train,2,0.17915866538586783,0.4232713850307718,0.10735112560192796,0.3276448162292942
458,-1,train,18,0.10735112560192796,0.3276448162292942,0.10735112560192796,0.3276448162292942
459,0,train,16,0.044849528665407645,0.21177707304004284,0.07423388128279096,0.2724589533907648
459,1,train,2,0.10361823390017426,0.3218978625281228,0.07423388128279096,0.2724589533907648
459,-1,train,18,0.07423388128279096,0.2724589533907648,0.07423388128279096,0.2724589533907648
460,0,train,16,0.05509666812305967,0.23472679464232385,0.038011937389170886,0.19496650324907325
460,1,train,2,0.02092720665528211,0.14466238853026764,0.038011937389170886,0.19496650324907325
460,-1,train,18,0.038011937389170886,0.19496650324907325,0.038011937389170886,0.19496650324907325
461,0,train,16,0.04467626875882407,0.21136761520825292,0.07408978801751195,0.27219439380250277
461,1,train,2,0.10350330727619983,0.32171929888677775,0.07408978801751195,0.27219439380250277
461,-1,train,18,0.07408978801751195,0.27219439380250277,0.07408978801751195,0.27219439380250277
462,0,train,16,0.054931836471759296,0.23437541780604743,0.037844657944169795,0.19453703489096824
462,1,train,2,0.020757479416580297,0.14407456200377738,0.037844657944169795,0.19453703489096824
462,-1,train,18,0.037844657944169795,0.19453703489096824,0.037844657944169795,0.19453703489096824
463,0,train,16,0.043008276704100186,0.2073843694787536,0.07920072158017777,0.2814262275982425
463,1,train,2,0.11539316645625534,0.3396956968468328,0.07920072158017777,0.2814262275982425
463,-1,train,18,0.07920072158017777,0.2814262275982425,0.07920072158017777,0.2814262275982425
464,0,train,16,0.05515868983366795,0.23485887216298207,0.03631567919876989,0.190566731615909
464,1,train,2,0.017472668563871828,0.13218422206856545,0.03631567919876989,0.190566731615909
464,-1,train,18,0.03631567919876989,0.190566731615909,0.03631567919876989,0.190566731615909
465,0,train,16,0.04216456631468845,0.205340123489513,0.08147092528118445,0.28543112178104274
465,1,train,2,0.12077728424768044,0.34753026378673907,0.08147092528118445,0.28543112178104274
465,-1,train,18,0.08147092528118445,0.28543112178104274,0.08147092528118445,0.28543112178104274
466,0,train,16,0.05491268338638131,0.234334554401141,0.036449917784970254,0.19091861560615364
466,1,train,2,0.01798715218355919,0.13411618911808967,0.036449917784970254,0.19091861560615364
466,-1,train,18,0.036449917784970254,0.19091861560615364,0.036449917784970254,0.19091861560615364
467,0,train,16,0.04669377781896196,0.21608743096016012,0.0648455244818954,0.2546478440550703
467,1,train,2,0.08299727114482884,0.28809246978154224,0.0648455244818954,0.2546478440550703
467,-1,train,18,0.0648455244818954,0.2546478440550703,0.0648455244818954,0.2546478440550703
468,0,train,16,0.04515136224231605,0.2124884990824587,0.06985805098788353,0.2643067365541097
468,1,train,2,0.094564739733451,0.3075138041347916,0.06985805098788353,0.2643067365541097
468,-1,train,18,0.06985805098788353,0.2643067365541097,0.06985805098788353,0.2643067365541097
469,0,train,16,0.05385924983496736,0.23207595703770642,0.03908800030807439,0.1977068544792375
469,1,train,2,0.024316750781181423,0.1559382915809373,0.03908800030807439,0.1977068544792375
469,-1,train,18,0.03908800030807439,0.1977068544792375,0.03908800030807439,0.1977068544792375
470,0,train,16,0.05434347824308616,0.23311687678734494,0.03708461711971077,0.19257366673486478
470,1,train,2,0.01982575599633537,0.14080396299939632,0.03708461711971077,0.19257366673486478
470,-1,train,18,0.03708461711971077,0.19257366673486478,0.03708461711971077,0.19257366673486478
471,0,train,16,0.04615452567473595,0.21483604370481213,0.06539596955914082,0.25572635679401684
471,1,train,2,0.0846374134435457,0.29092509937017413,0.06539596955914082,0.25572635679401684
471,-1,train,18,0.06539596955914082,0.25572635679401684,0.06539596955914082,0.25572635679401684
472,0,train,16,0.053804976416160846,0.2319589972735717,0.03824329374201707,0.19555892652092635
472,1,train,2,0.022681611067873288,0.1506041535545195,0.03824329374201707,0.19555892652092635
472,-1,train,18,0.03824329374201707,0.19555892652092635,0.03824329374201707,0.19555892652092635
473,0,train,16,0.05418106737703554,0.23276826969549683,0.0365479554506952,0.1911751956993773
473,1,train,2,0.018914843524354862,0.13753124562932914,0.0365479554506952,0.1911751956993773
473,-1,train,18,0.0365479554506952,0.1911751956993773,0.0365479554506952,0.1911751956993773
474,0,train,16,0.042241921719669576,0.2055283963827616,0.07797897328458481,0.27924715447893966
474,1,train,2,0.11371602484950005,0.33721806720503583,0.07797897328458481,0.27924715447893966
474,-1,train,18,0.07797897328458481,0.27924715447893966,0.07797897328458481,0.27924715447893966
475,0,train,16,0.054073489142204244,0.23253707046878405,0.03618110556939562,0.19021331596235744
475,1,train,2,0.018288721996586987,0.1352358014602161,0.03618110556939562,0.19021331596235744
475,-1,train,18,0.03618110556939562,0.19021331596235744,0.03618110556939562,0.19021331596235744
476,0,train,16,0.04321985560490441,0.2078938565828832,0.07384643930792371,0.27174701342963037
476,1,train,2,0.10447302301094301,0.323222868947949,0.07384643930792371,0.27174701342963037
476,-1,train,18,0.07384643930792371,0.27174701342963037,0.07384643930792371,0.27174701342963037
477,0,train,16,0.04550313988387179,0.21331464995136126,0.06549891034595101,0.25592754901719944
477,1,train,2,0.08549468080803023,0.2923947345764459,0.06549891034595101,0.25592754901719944
477,-1,train,18,0.06549891034595101,0.25592754901719944,0.06549891034595101,0.25592754901719944
478,0,train,16,0.04085186217829743,0.20211843601783938,0.0815577687965636,0.28558320818382094
478,1,train,2,0.12226367541482977,0.3496622304665315,0.0815577687965636,0.28558320818382094
478,-1,train,18,0.0815577687965636,0.28558320818382094,0.0815577687965636,0.28558320818382094
479,0,train,16,0.04571409759662636,0.21380855360959336,0.06415662640490553,0.25329158376248023
479,1,train,2,0.0825991552131847,0.2874006875656088,0.06415662640490553,0.25329158376248023
479,-1,train,18,0.06415662640490553,0.25329158376248023,0.06415662640490553,0.25329158376248023
480,0,train,16,0.05395939809165864,0.2322916229476617,0.03492135516145481,0.18687256396125893
480,1,train,2,0.015883312231250973,0.12602901345028047,0.03492135516145481,0.18687256396125893
480,-1,train,18,0.03492135516145481,0.18687256396125893,0.03492135516145481,0.18687256396125893
481,0,train,16,0.045651149310554875,0.21366129577102838,0.0636941198092611,0.2523769399316449
481,1,train,2,0.0817370903079673,0.285896992478003,0.0636941198092611,0.2523769399316449
481,-1,train,18,0.0636941198092611,0.2523769399316449,0.0636941198092611,0.2523769399316449
482,0,train,16,0.053416766122042894,0.23112067437172923,0.03620676696933517,0.19028075827401775
482,1,train,2,0.018996767816627437,0.13782876266087365,0.03620676696933517,0.19028075827401775
482,-1,train,18,0.03620676696933517,0.19028075827401775,0.03620676696933517,0.19028075827401775
483,0,train,16,0.051886087509980396,0.22778517842471752,0.04129241548110228,0.20320535298338546
483,1,train,2,0.03069874345222417,0.17521056889418563,0.04129241548110228,0.20320535298338546
483,-1,train,18,0.04129241548110228,0.20320535298338546,0.04129241548110228,0.20320535298338546
484,0,train,16,0.05217278112880243,0.22841361852744776,0.04000997907749907,0.20002494613797317
484,1,train,2,0.027847177026195713,0.1668747345352067,0.04000997907749907,0.20002494613797317
484,-1,train,18,0.04000997907749907,0.20002494613797317,0.04000997907749907,0.20002494613797317
485,0,train,16,0.05164783177229011,0.22726159326267628,0.041489209140674395,0.20368900103018422
485,1,train,2,0.03133058650905868,0.17700448160727084,0.041489209140674395,0.20368900103018422
485,-1,train,18,0.041489209140674395,0.20368900103018422,0.041489209140674395,0.20368900103018422
486,0,train,16,0.052867042397675444,0.22992834187562752,0.03680510460719999,0.19184656527339755
486,1,train,2,0.020743166816724536,0.14402488263048346,0.03680510460719999,0.19184656527339755
486,-1,train,18,0.03680510460719999,0.19184656527339755,0.03680510460719999,0.19184656527339755
487,0,train,16,0.05192761115212815,0.2278763066931886,0.03968454044112659,0.19920979002329828
487,1,train,2,0.027441469730125033,0.1656546701126323,0.03968454044112659,0.19920979002329828
487,-1,train,18,0.03968454044112659,0.19920979002329828,0.03968454044112659,0.19920979002329828
488,0,train,16,0.041331864343145966,0.2033023963044852,0.07650280964424237,0.2765914128172499
488,1,train,2,0.11167375494533878,0.33417623336398233,0.07650280964424237,0.2765914128172499
488,-1,train,18,0.07650280964424237,0.2765914128172499,0.07650280964424237,0.2765914128172499
489,0,train,16,0.05042018634303308,0.22454439726484623,0.044185468595450215,0.21020339815390762
489,1,train,2,0.03795075084786735,0.19480952453067418,0.044185468595450215,0.21020339815390762
489,-1,train,18,0.044185468595450215,0.21020339815390762,0.044185468595450215,0.21020339815390762
490,0,train,16,0.04959882558982807,0.222707937868923,0.046440449887927025,0.21550046377659382
490,1,train,2,0.04328207418602598,0.20804344302579206,0.046440449887927025,0.21550046377659382
490,-1,train,18,0.046440449887927025,0.21550046377659382,0.046440449887927025,0.21550046377659382
491,0,train,16,0.04306282496963066,0.20751584269551726,0.06925743683148947,0.26316807715125606
491,1,train,2,0.09545204869334827,0.3089531496737786,0.06925743683148947,0.26316807715125606
491,-1,train,18,0.06925743683148947,0.26316807715125606,0.06925743683148947,0.26316807715125606
492,0,train,16,0.053229029890125124,0.230714173578749,0.033017228387140156,0.18170643463328467
492,1,train,2,0.012805426884155188,0.1131610661144335,0.033017228387140156,0.18170643463328467
492,-1,train,18,0.033017228387140156,0.18170643463328467,0.033017228387140156,0.18170643463328467
493,0,train,16,0.051205125153557976,0.22628549479265783,0.03973468182541723,0.19933560099845996
493,1,train,2,0.028264238497276474,0.16811971477871498,0.03973468182541723,0.19933560099845996
493,-1,train,18,0.03973468182541723,0.19933560099845996,0.03973468182541723,0.19933560099845996
494,0,train,16,0.05053611812268284,0.22480239794691434,0.04158459827110529,0.2039230204540559
494,1,train,2,0.03263307841952775,0.18064627983860546,0.04158459827110529,0.2039230204540559
494,-1,train,18,0.04158459827110529,0.2039230204540559,0.04158459827110529,0.2039230204540559
495,0,train,16,0.05266185650140139,0.22948171278208945,0.033889191766488615,0.1840901729220998
495,1,train,2,0.015116527031575833,0.12294928642158047,0.033889191766488615,0.1840901729220998
495,-1,train,18,0.033889191766488615,0.1840901729220998,0.033889191766488615,0.1840901729220998
496,0,train,16,0.052651955088244884,0.22946013834268664,0.03357359978096289,0.183231001145993
496,1,train,2,0.014495244473680885,0.12039619792036992,0.03357359978096289,0.183231001145993
496,-1,train,18,0.03357359978096289,0.183231001145993,0.03357359978096289,0.183231001145993
497,0,train,16,0.0435901396296844,0.20878251753842897,0.06503860275490463,0.25502667067368584
497,1,train,2,0.08648706588012485,0.29408683391155893,0.06503860275490463,0.25502667067368584
497,-1,train,18,0.06503860275490463,0.25502667067368584,0.06503860275490463,0.25502667067368584
498,0,train,16,0.03993562196703102,0.19983899010711353,0.07746707876749731,0.2783290835818228
498,1,train,2,0.1149985355679636,0.33911433996214846,0.07746707876749731,0.2783290835818228
498,-1,train,18,0.07746707876749731,0.2783290835818228,0.07746707876749731,0.2783290835818228
499,0,train,16,0.05066506422593621,0.225089014005429,0.0396307937102555,0.1990748444938624
499,1,train,2,0.028596523194574786,0.16910506554971907,0.0396307937102555,0.1990748444938624
499,-1,train,18,0.0396307937102555,0.1990748444938624,0.0396307937102555,0.1990748444938624
500,0,train,16,0.052050605102050604,0.22814601706374496,0.034482135601019065,0.18569366063767245
500,1,train,2,0.01691366609998752,0.13005255130133941,0.034482135601019065,0.18569366063767245
500,-1,train,18,0.034482135601019065,0.18569366063767245,0.034482135601019065,0.18569366063767245
501,0,train,16,0.05110182962581798,0.2260571379669706,0.03747455656824926,0.1935834615049779
501,1,train,2,0.02384728351068053,0.1544256569054525,0.03747455656824926,0.1935834615049779
501,-1,train,18,0.03747455656824926,0.1935834615049779,0.03747455656824926,0.1935834615049779
502,0,train,16,0.05018173188916216,0.22401279403007804,0.04043437953999322,0.20108301653792948
502,1,train,2,0.03068702719082428,0.17517713090133735,0.04043437953999322,0.20108301653792948
502,-1,train,18,0.04043437953999322,0.20108301653792948,0.04043437953999322,0.20108301653792948
503,0,train,16,0.0432381347694181,0.20793781466923736,0.06446734184330795,0.2539041981600697
503,1,train,2,0.0856965489171978,0.29273972896960504,0.06446734184330795,0.2539041981600697
503,-1,train,18,0.06446734184330795,0.2539041981600697,0.06446734184330795,0.2539041981600697
504,0,train,16,0.03947722535720057,0.19868876505026795,0.07732172761630196,0.2780678471458035
504,1,train,2,0.11516622987540334,0.33936150323129366,0.07732172761630196,0.2780678471458035
504,-1,train,18,0.07732172761630196,0.2780678471458035,0.07732172761630196,0.2780678471458035
505,0,train,16,0.05187029830237753,0.2277505176775182,0.03363613633045977,0.18340157123225462
505,1,train,2,0.015401974358542011,0.12410469112222153,0.03363613633045977,0.18340157123225462
505,-1,train,18,0.03363613633045977,0.18340157123225462,0.03363613633045977,0.18340157123225462
506,0,train,16,0.0432325200342479,0.20792431323500363,0.0635787203468752,0.25214821107212954
506,1,train,2,0.0839249206595025,0.28969798180087913,0.0635787203468752,0.25214821107212954
506,-1,train,18,0.0635787203468752,0.25214821107212954,0.0635787203468752,0.25214821107212954
507,0,train,16,0.040514123821116396,0.20128120583183218,0.07277521456129196,0.26976881688084703
507,1,train,2,0.10503630530146754,0.32409305037514696,0.07277521456129196,0.26976881688084703
507,-1,train,18,0.07277521456129196,0.26976881688084703,0.07277521456129196,0.26976881688084703
508,0,train,16,0.051417108731306484,0.22675340952520753,0.03434612811208634,0.18532708412988733
508,1,train,2,0.01727514749286619,0.1314349553690577,0.03434612811208634,0.18532708412988733
508,-1,train,18,0.03434612811208634,0.18532708412988733,0.03434612811208634,0.18532708412988733
509,0,train,16,0.031680175420799664,0.17798925647577626,0.10313291026859508,0.32114313050195403
509,1,train,2,0.17458564511639052,0.41783447095278115,0.10313291026859508,0.32114313050195403
509,-1,train,18,0.10313291026859508,0.32114313050195403,0.10313291026859508,0.32114313050195403
510,0,train,16,0.05132645666260288,0.22655343003936815,0.034150857871299824,0.18479950722688582
510,1,train,2,0.016975259079996766,0.13028913646193518,0.034150857871299824,0.18479950722688582
510,-1,train,18,0.034150857871299824,0.18479950722688582,0.034150857871299824,0.18479950722688582
511,0,train,16,0.050081725429260336,0.22378946675225878,0.03825906604503221,0.19559924857992733
511,1,train,2,0.02643640666080408,0.16259276324856553,0.03825906604503221,0.19559924857992733
511,-1,train,18,0.03825906604503221,0.19559924857992733,0.03825906604503221,0.19559924857992733
512,0,train,16,0.04022518159909859,0.2005621639270443,0.07251926768382708,0.26929401717050283
512,1,train,2,0.10481335376855556,0.32374890543221235,0.07251926768382708,0.26929401717050283
512,-1,train,18,0.07251926768382708,0.26929401717050283,0.07251926768382708,0.26929401717050283
513,0,train,16,0.050949154455548,0.2257191938129055,0.03482733850397267,0.18662084155841938
513,1,train,2,0.018705522552397345,0.13676813427256126,0.03482733850397267,0.18662084155841938
513,-1,train,18,0.03482733850397267,0.18662084155841938,0.03482733850397267,0.18662084155841938
514,0,train,16,0.05175803332163679,0.22750391935445155,0.03176523014044251,0.17822802849283417
514,1,train,2,0.011772426959248239,0.1085008154773421,0.03176523014044251,0.17822802849283417
514,-1,train,18,0.03176523014044251,0.17822802849283417,0.03176523014044251,0.17822802849283417
515,0,train,16,0.05168008289682796,0.2273325381392377,0.03179824476518409,0.178320623499314
515,1,train,2,0.011916406633540225,0.10916229492613383,0.03179824476518409,0.178320623499314
515,-1,train,18,0.03179824476518409,0.178320623499314,0.03179824476518409,0.178320623499314
516,0,train,16,0.05144279852989027,0.22681004944642613,0.03237480922934752,0.17993001203064352
516,1,train,2,0.013306819928804763,0.115355190298507,0.03237480922934752,0.17993001203064352
516,-1,train,18,0.03237480922934752,0.17993001203064352,0.03237480922934752,0.17993001203064352
517,0,train,16,0.031471802853791704,0.17740293924789324,0.10204802417908247,0.3194495643745386
517,1,train,2,0.17262424550437325,0.4154807402327733,0.10204802417908247,0.3194495643745386
517,-1,train,18,0.10204802417908247,0.3194495643745386,0.10204802417908247,0.3194495643745386
518,0,train,16,0.050968073667025014,0.2257610986574636,0.033558677983419286,0.18319027808106872
518,1,train,2,0.016149282299813557,0.1270798264864001,0.033558677983419286,0.18319027808106872
518,-1,train,18,0.033558677983419286,0.18319027808106872,0.033558677983419286,0.18319027808106872
519,0,train,16,0.04886219958508363,0.22104795765870272,0.040850216932660305,0.20211436597298152
519,1,train,2,0.03283823428023699,0.18121322876720944,0.040850216932660305,0.20211436597298152
519,-1,train,18,0.040850216932660305,0.20211436597298152,0.040850216932660305,0.20211436597298152
520,0,train,16,0.049544587679372205,0.2225861354158704,0.0381033917668509,0.195200901040059
520,1,train,2,0.0266621958543296,0.16328562660053578,0.0381033917668509,0.195200901040059
520,-1,train,18,0.0381033917668509,0.195200901040059,0.0381033917668509,0.195200901040059
521,0,train,16,0.04938834685110566,0.22223489116496908,0.038301474982636245,0.19570762627612712
521,1,train,2,0.027214603114166836,0.1649684912768703,0.038301474982636245,0.19570762627612712
521,-1,train,18,0.038301474982636245,0.19570762627612712,0.038301474982636245,0.19570762627612712
522,0,train,16,0.0510202543609535,0.22587663527012594,0.03228177952047577,0.17967130967540637
522,1,train,2,0.013543304679998036,0.11637570485285163,0.03228177952047577,0.17967130967540637
522,-1,train,18,0.03228177952047577,0.17967130967540637,0.03228177952047577,0.17967130967540637
523,0,train,16,0.038913590627713476,0.1972652798333084,0.07444007053813112,0.2728370769124518
523,1,train,2,0.10996655044854875,0.3316120481052351,0.07444007053813112,0.2728370769124518
523,-1,train,18,0.07444007053813112,0.2728370769124518,0.07444007053813112,0.2728370769124518
524,0,train,16,0.050763816428085216,0.22530826977296065,0.03268533342002942,0.18079085546572707
524,1,train,2,0.014606850411973618,0.12085880361799722,0.03268533342002942,0.18079085546572707
524,-1,train,18,0.03268533342002942,0.18079085546572707,0.03268533342002942,0.18079085546572707
525,0,train,16,0.04892290839886061,0.22118523549021216,0.03891719255503119,0.19727440927558543
525,1,train,2,0.028911476711201773,0.17003375168242854,0.03891719255503119,0.19727440927558543
525,-1,train,18,0.03891719255503119,0.19727440927558543,0.03891719255503119,0.19727440927558543
526,0,train,16,0.05059630465890239,0.22493622353658912,0.032817602152485935,0.18115629205877984
526,1,train,2,0.015038899646069474,0.12263319145349465,0.032817602152485935,0.18115629205877984
526,-1,train,18,0.032817602152485935,0.18115629205877984,0.032817602152485935,0.18115629205877984
527,0,train,16,0.04897147166969294,0.22129498790007185,0.03831134123279288,0.1957328312593288
527,1,train,2,0.027651210795892812,0.1662865322144064,0.03831134123279288,0.1957328312593288
527,-1,train,18,0.03831134123279288,0.1957328312593288,0.03831134123279288,0.1957328312593288
528,0,train,16,0.05089781849170586,0.22560544871901003,0.031259482241057075,0.17680351309025813
528,1,train,2,0.011621145990408288,0.10780141924115975,0.031259482241057075,0.17680351309025813
528,-1,train,18,0.031259482241057075,0.17680351309025813,0.031259482241057075,0.17680351309025813
529,0,train,16,0.04878160619356807,0.22086558399526185,0.038285219553744004,0.1956660919877126
529,1,train,2,0.027788832913919946,0.16669982877591671,0.038285219553744004,0.1956660919877126
529,-1,train,18,0.038285219553744004,0.1956660919877126,0.038285219553744004,0.1956660919877126
530,0,train,16,0.05056412364542793,0.22486467851894376,0.03178374321713489,0.17827995741847957
530,1,train,2,0.013003362788841854,0.1140322883609807,0.03178374321713489,0.17827995741847957
530,-1,train,18,0.03178374321713489,0.17827995741847957,0.03178374321713489,0.17827995741847957
531,0,train,16,0.04875563712089437,0.22080678685424135,0.03766049587110879,0.19406312341892468
531,1,train,2,0.026565354621323218,0.1629888174732341,0.03766049587110879,0.19406312341892468
531,-1,train,18,0.03766049587110879,0.19406312341892468,0.03766049587110879,0.19406312341892468
532,0,train,16,0.050584066467455155,0.2249090181994825,0.031081479465373006,0.1762994029070235
532,1,train,2,0.011578892463290857,0.10760526224721009,0.031081479465373006,0.1762994029070235
532,-1,train,18,0.031081479465373006,0.1762994029070235,0.031081479465373006,0.1762994029070235
533,0,train,16,0.04823342803242581,0.21962110106368607,0.03910021570648555,0.19773774476939285
533,1,train,2,0.0299670033805453,0.17310980151494976,0.03910021570648555,0.19773774476939285
533,-1,train,18,0.03910021570648555,0.19773774476939285,0.03910021570648555,0.19773774476939285
534,0,train,16,0.0484839803030482,0.2201907816032456,0.03791538398953422,0.19471873045378615
534,1,train,2,0.027346787676020244,0.16536864175538313,0.03791538398953422,0.19471873045378615
534,-1,train,18,0.03791538398953422,0.19471873045378615,0.03791538398953422,0.19471873045378615
535,0,train,16,0.04850974829182691,0.2202492866999276,0.03758263074478121,0.1938624015759147
535,1,train,2,0.026655513197735504,0.16326516222922607,0.03758263074478121,0.1938624015759147
535,-1,train,18,0.03758263074478121,0.1938624015759147,0.03758263074478121,0.1938624015759147
536,0,train,16,0.04954736316107366,0.2225923699525068,0.0336892557064571,0.1835463312258164
536,1,train,2,0.017831148251840546,0.13353332262712758,0.0336892557064571,0.1835463312258164
536,-1,train,18,0.0336892557064571,0.1835463312258164,0.0336892557064571,0.1835463312258164
537,0,train,16,0.04835658347296595,0.21990130393648408,0.03760026017573194,0.19390786517243683
537,1,train,2,0.026843936878497933,0.16384119408286163,0.03760026017573194,0.19390786517243683
537,-1,train,18,0.03760026017573194,0.19390786517243683,0.03760026017573194,0.19390786517243683
538,0,train,16,0.049708687901716224,0.2229544525272286,0.03270575955937659,0.18084733771713807
538,1,train,2,0.01570283121703695,0.12531093813804503,0.03270575955937659,0.18084733771713807
538,-1,train,18,0.03270575955937659,0.18084733771713807,0.03270575955937659,0.18084733771713807
539,0,train,16,0.04804511324696354,0.21919195525147253,0.038330052052991254,0.1957806222612219
539,1,train,2,0.028614990859018963,0.16915966085039,0.038330052052991254,0.1957806222612219
539,-1,train,18,0.038330052052991254,0.1957806222612219,0.038330052052991254,0.1957806222612219
540,0,train,16,0.05019067445839598,0.22403275309292608,0.03059813933279631,0.17492323840129506
540,1,train,2,0.011005604207196642,0.10490759842450233,0.03059813933279631,0.17492323840129506
540,-1,train,18,0.03059813933279631,0.17492323840129506,0.03059813933279631,0.17492323840129506
541,0,train,16,0.050161625859032485,0.22396791256568982,0.030487407741638044,0.1746064367130778
541,1,train,2,0.010813189624243606,0.103986487700295,0.030487407741638044,0.1746064367130778
541,-1,train,18,0.030487407741638044,0.1746064367130778,0.030487407741638044,0.1746064367130778
542,0,train,16,0.049980079600655446,0.2235622499454133,0.030894805978215,0.17576918381279183
542,1,train,2,0.011809532355774557,0.10867167227835668,0.030894805978215,0.17576918381279183
542,-1,train,18,0.030894805978215,0.17576918381279183,0.030894805978215,0.17576918381279183
543,0,train,16,0.036237224758399786,0.19036077526213163,0.07883184544369906,0.280770093570699
543,1,train,2,0.12142646612899835,0.34846300539511843,0.07883184544369906,0.280770093570699
543,-1,train,18,0.07883184544369906,0.280770093570699,0.07883184544369906,0.280770093570699
544,0,train,16,0.03826952964514392,0.1956259942981605,0.07142493855057809,0.26725444533361475
544,1,train,2,0.10458034745601226,0.32338884868840523,0.07142493855057809,0.26725444533361475
544,-1,train,18,0.07142493855057809,0.26725444533361475,0.07142493855057809,0.26725444533361475
545,0,train,16,0.040722701104392786,0.2017986647735628,0.06260398376526538,0.2502078811014261
545,1,train,2,0.08448526642613799,0.2906634934527176,0.06260398376526538,0.2502078811014261
545,-1,train,18,0.06260398376526538,0.2502078811014261,0.06260398376526538,0.2502078811014261
546,0,train,16,0.04959995073395822,0.22271046390764448,0.03137135883500006,0.17711961730706188
546,1,train,2,0.013142766936041897,0.11464190741627556,0.03137135883500006,0.17711961730706188
546,-1,train,18,0.03137135883500006,0.17711961730706188,0.03137135883500006,0.17711961730706188
547,0,train,16,0.048134224807544125,0.2193951339650543,0.03639697393773174,0.19077990968058386
547,1,train,2,0.02465972306791936,0.15703414618457784,0.03639697393773174,0.19077990968058386
547,-1,train,18,0.03639697393773174,0.19077990968058386,0.03639697393773174,0.19077990968058386
548,0,train,16,0.04953221534841545,0.2225583414487434,0.031184988964963512,0.17659272058882697
548,1,train,2,0.012837762581511578,0.11330385069145522,0.031184988964963512,0.17659272058882697
548,-1,train,18,0.031184988964963512,0.17659272058882697,0.031184988964963512,0.17659272058882697
549,0,train,16,0.047700866725670164,0.21840528090151612,0.03739676823111256,0.19338244033808386
549,1,train,2,0.02709266973655495,0.16459851073613926,0.03739676823111256,0.19338244033808386
549,-1,train,18,0.03739676823111256,0.19338244033808386,0.03739676823111256,0.19338244033808386
550,0,train,16,0.03667475077619335,0.19150652933044698,0.07577250416938544,0.2752680587525284
550,1,train,2,0.11487025756257752,0.3389251503836467,0.07577250416938544,0.2752680587525284
550,-1,train,18,0.07577250416938544,0.2752680587525284,0.07577250416938544,0.2752680587525284
551,0,train,16,0.04968938829051006,0.22291116681429413,0.0299896633242834,0.1731752387735712
551,1,train,2,0.010289938358056734,0.1014393333872849,0.0299896633242834,0.1731752387735712
551,-1,train,18,0.0299896633242834,0.1731752387735712,0.0299896633242834,0.1731752387735712
552,0,train,16,0.04813008654014079,0.21938570267941526,0.03527537347888503,0.18781739397320213
552,1,train,2,0.022420660417629263,0.14973530117386902,0.03527537347888503,0.18781739397320213
552,-1,train,18,0.03527537347888503,0.18781739397320213,0.03527537347888503,0.18781739397320213
553,0,train,16,0.02855122765043519,0.16897108524962248,0.10366943180718334,0.32197737778791746
553,1,train,2,0.1787876359639315,0.4228328700135924,0.10366943180718334,0.32197737778791746
553,-1,train,18,0.10366943180718334,0.32197737778791746,0.10366943180718334,0.32197737778791746
554,0,train,16,0.03955314250071438,0.19887971867617465,0.0648855944967896,0.25472650921486284
554,1,train,2,0.09021804649286481,0.30036319097530045,0.0648855944967896,0.25472650921486284
554,-1,train,18,0.0648855944967896,0.25472650921486284,0.0648855944967896,0.25472650921486284
555,0,train,16,0.04944320123824007,0.22235827225052832,0.030095217833690402,0.17347973320734156
555,1,train,2,0.010747234429140728,0.10366886914180519,0.030095217833690402,0.17347973320734156
555,-1,train,18,0.030095217833690402,0.17347973320734156,0.030095217833690402,0.17347973320734156
556,0,train,16,0.036877866021764474,0.19203610603676716,0.07390125333348141,0.27184784960245945
556,1,train,2,0.11092464064519836,0.33305351018297097,0.07390125333348141,0.27184784960245945
556,-1,train,18,0.07390125333348141,0.27184784960245945,0.07390125333348141,0.27184784960245945
557,0,train,16,0.04817158579470103,0.21948026288188427,0.03419814787670888,0.18492741245339717
557,1,train,2,0.02022470995871672,0.14221360679877548,0.03419814787670888,0.18492741245339717
557,-1,train,18,0.03419814787670888,0.18492741245339717,0.03419814787670888,0.18492741245339717
558,0,train,16,0.049184968068443365,0.2217768429490405,0.0304730870132904,0.17456542330395902
558,1,train,2,0.01176120595813743,0.10844909385576917,0.0304730870132904,0.17456542330395902
558,-1,train,18,0.0304730870132904,0.17456542330395902,0.0304730870132904,0.17456542330395902
559,0,train,16,0.04712414427536393,0.2170809624894913,0.03750655134969993,0.1936660820838278
559,1,train,2,0.027888958424035926,0.16699987552101925,0.03750655134969993,0.1936660820838278
559,-1,train,18,0.03750655134969993,0.1936660820838278,0.03750655134969993,0.1936660820838278
560,0,train,16,0.04016017101279807,0.2004000274770392,0.061803282352717634,0.24860265958496428
560,1,train,2,0.0834463936926372,0.2888708945058972,0.061803282352717634,0.24860265958496428
560,-1,train,18,0.061803282352717634,0.24860265958496428,0.061803282352717634,0.24860265958496428
561,0,train,16,0.04939113539843441,0.22224116495022792,0.02927523060824408,0.171100060222795
561,1,train,2,0.009159325818053744,0.09570436676585736,0.02927523060824408,0.171100060222795
561,-1,train,18,0.02927523060824408,0.171100060222795,0.02927523060824408,0.171100060222795
562,0,train,16,0.03997044985333988,0.19992611098438315,0.062113426720153464,0.24922565421752527
562,1,train,2,0.08425640358696704,0.2902695360987216,0.062113426720153464,0.24922565421752527
562,-1,train,18,0.062113426720153464,0.24922565421752527,0.062113426720153464,0.24922565421752527
563,0,train,16,0.04888955352488791,0.22110982231662146,0.03069471007771069,0.1751990584384251
563,1,train,2,0.012499866630533466,0.11180280242701193,0.03069471007771069,0.1751990584384251
563,-1,train,18,0.03069471007771069,0.1751990584384251,0.03069471007771069,0.1751990584384251
564,0,train,16,0.048920716693179156,0.2211802809772588,0.030397607032757644,0.17434909530237788
564,1,train,2,0.011874497372336134,0.10897016735022541,0.030397607032757644,0.17434909530237788
564,-1,train,18,0.030397607032757644,0.17434909530237788,0.030397607032757644,0.17434909530237788
565,0,train,16,0.047079043570466925,0.21697705770534112,0.036666411446116334,0.19148475512718063
565,1,train,2,0.02625377932176574,0.16203018028060617,0.036666411446116334,0.19148475512718063
565,-1,train,18,0.036666411446116334,0.19148475512718063,0.036666411446116334,0.19148475512718063
566,0,train,16,0.049040304977718385,0.22145045716303768,0.029597293249242474,0.17203863882640572
566,1,train,2,0.010154281520766561,0.10076845498848616,0.029597293249242474,0.17203863882640572
566,-1,train,18,0.029597293249242474,0.17203863882640572,0.029597293249242474,0.17203863882640572
567,0,train,16,0.03606294571739924,0.18990246369491692,0.07483027079038601,0.27355122151141276
567,1,train,2,0.11359759586337277,0.3370424244266184,0.07483027079038601,0.27355122151141276
567,-1,train,18,0.07483027079038601,0.27355122151141276,0.07483027079038601,0.27355122151141276
568,0,train,16,0.03690055973254567,0.19209518404308232,0.07167436434613736,0.26772068344851013
568,1,train,2,0.10644816895972904,0.3262639559616248,0.07167436434613736,0.26772068344851013
568,-1,train,18,0.07167436434613736,0.26772068344851013,0.07167436434613736,0.26772068344851013
569,0,train,16,0.04639649559716501,0.21539845774091562,0.038241102605056795,0.19555332419843136
569,1,train,2,0.030085709612948586,0.17345232662881344,0.038241102605056795,0.19555332419843136
569,-1,train,18,0.038241102605056795,0.19555332419843136,0.038241102605056795,0.19555332419843136
570,0,train,16,0.03944331906515371,0.19860342158470914,0.062394051574697684,0.2497880132726502
570,1,train,2,0.08534478408424165,0.29213829616166664,0.062394051574697684,0.2497880132726502
570,-1,train,18,0.062394051574697684,0.2497880132726502,0.062394051574697684,0.2497880132726502
571,0,train,16,0.03612205175278249,0.19005802206900527,0.07383671251901114,0.2717291160678427
571,1,train,2,0.11155137328523979,0.33399307370848247,0.07383671251901114,0.2717291160678427
571,-1,train,18,0.07383671251901114,0.2717291160678427,0.07383671251901114,0.2717291160678427
572,0,train,16,0.04888905278218977,0.2211086899743874,0.0290647353519662,0.1704838272445988
572,1,train,2,0.009240417921742633,0.09612709254805657,0.0290647353519662,0.1704838272445988
572,-1,train,18,0.0290647353519662,0.1704838272445988,0.0290647353519662,0.1704838272445988
573,0,train,16,0.04714551107975012,0.21713017081868222,0.03518112948533712,0.18756633356052232
573,1,train,2,0.023216747890924136,0.1523704298442586,0.03518112948533712,0.18756633356052232
573,-1,train,18,0.03518112948533712,0.18756633356052232,0.03518112948533712,0.18756633356052232
574,0,train,16,0.04865659489685526,0.22058239933606502,0.029601719851703,0.17205150348573825
574,1,train,2,0.010546844806550734,0.10269783253092897,0.029601719851703,0.17205150348573825
574,-1,train,18,0.029601719851703,0.17205150348573825,0.029601719851703,0.17205150348573825
575,0,train,16,0.04871279263289289,0.22070974748047012,0.029222935321760114,0.1709471711429005
575,1,train,2,0.009733078010627338,0.098656363254619,0.029222935321760114,0.1709471711429005
575,-1,train,18,0.029222935321760114,0.1709471711429005,0.029222935321760114,0.1709471711429005
576,0,train,16,0.04852329262849252,0.22028003229637613,0.029693465584972878,0.17231792009240618
576,1,train,2,0.010863638541453238,0.10422877981370231,0.029693465584972878,0.17231792009240618
576,-1,train,18,0.029693465584972878,0.17231792009240618,0.029693465584972878,0.17231792009240618
577,0,train,16,0.03924502852930746,0.19810358030411127,0.06200315556598178,0.24900432840812584
577,1,train,2,0.0847612826026561,0.2911379099372943,0.06200315556598178,0.24900432840812584
577,-1,train,18,0.06200315556598178,0.24900432840812584,0.06200315556598178,0.24900432840812584
578,0,train,16,0.047635361955395986,0.21825526787547644,0.03243271100741631,0.18009084098703163
578,1,train,2,0.017230060059436624,0.1312633233597132,0.03243271100741631,0.18009084098703163
578,-1,train,18,0.03243271100741631,0.18009084098703163,0.03243271100741631,0.18009084098703163
579,0,train,16,0.03576289364950892,0.18911079728431404,0.07383703956026998,0.2717297178452699
579,1,train,2,0.11191118547103103,0.33453129221499,0.07383703956026998,0.2717297178452699
579,-1,train,18,0.07383703956026998,0.2717297178452699,0.07383703956026998,0.2717297178452699
580,0,train,16,0.0481476846180995,0.21942580663654743,0.030261681767364407,0.17395885078766302
580,1,train,2,0.012375678916629313,0.11124602876790395,0.030261681767364407,0.17395885078766302
580,-1,train,18,0.030261681767364407,0.17395885078766302,0.030261681767364407,0.17395885078766302
581,0,train,16,0.04866635966164387,0.22060453227811044,0.028272107167552945,0.16814311513574662
581,1,train,2,0.007877854673462019,0.08875727955194447,0.028272107167552945,0.16814311513574662
581,-1,train,18,0.028272107167552945,0.16814311513574662,0.028272107167552945,0.16814311513574662
582,0,train,16,0.04846908673640128,0.22015695931857635,0.02877750187583826,0.16963932880036475
582,1,train,2,0.009085917015275242,0.09532007666423292,0.02877750187583826,0.16963932880036475
582,-1,train,18,0.02877750187583826,0.16963932880036475,0.02877750187583826,0.16963932880036475
583,0,train,16,0.04484460475959862,0.21176544751115237,0.041323241728042234,0.20328118881992557
583,1,train,2,0.03780187869648584,0.19442705237822702,0.041323241728042234,0.20328118881992557
583,-1,train,18,0.041323241728042234,0.20328118881992557,0.041323241728042234,0.20328118881992557
584,0,train,16,0.04632542732339,0.21523342520015332,0.03597882186511894,0.18968084211411268
584,1,train,2,0.02563221640684789,0.16010064461721538,0.03597882186511894,0.18968084211411268
584,-1,train,18,0.03597882186511894,0.18968084211411268,0.03597882186511894,0.18968084211411268
585,0,train,16,0.04797625222163224,0.21903481965576213,0.030004950936313626,0.1732193722893419
585,1,train,2,0.012033649650995019,0.1096979929214524,0.030004950936313626,0.1732193722893419
585,-1,train,18,0.030004950936313626,0.1732193722893419,0.030004950936313626,0.1732193722893419
586,0,train,16,0.03432029838867738,0.1852573841677502,0.07770829287878511,0.2787620721669021
586,1,train,2,0.12109628736889286,0.3479889184570291,0.07770829287878511,0.2787620721669021
586,-1,train,18,0.07770829287878511,0.2787620721669021,0.07770829287878511,0.2787620721669021
587,0,train,16,0.04661259665003525,0.21589950590502807,0.03449641234350956,0.185732098312353
587,1,train,2,0.022380228036983873,0.14960022739616366,0.03449641234350956,0.185732098312353
587,-1,train,18,0.03449641234350956,0.185732098312353,0.03449641234350956,0.185732098312353
588,0,train,16,0.03511397977168625,0.1873872454882836,0.07457171729163871,0.27307822559046835
588,1,train,2,0.11402945481159117,0.33768247631701465,0.07457171729163871,0.27307822559046835
588,-1,train,18,0.07457171729163871,0.27307822559046835,0.07457171729163871,0.27307822559046835
589,0,train,16,0.0363494930466282,0.19065543015248268,0.07009154184606389,0.264748072412367
589,1,train,2,0.10383359064549957,0.32223219988930274,0.07009154184606389,0.264748072412367
589,-1,train,18,0.07009154184606389,0.264748072412367,0.07009154184606389,0.264748072412367
590,0,train,16,0.03414930260023427,0.18479529918327,0.07762647755821497,0.2786152859378232
590,1,train,2,0.12110365251619566,0.3479995007413023,0.07762647755821497,0.2786152859378232
590,-1,train,18,0.07762647755821497,0.2786152859378232,0.07762647755821497,0.2786152859378232
591,0,train,16,0.048329506599012056,0.2198397293462036,0.027889183388880658,0.16700054906760234
591,1,train,2,0.007448860178749258,0.08630677944836812,0.027889183388880658,0.16700054906760234
591,-1,train,18,0.027889183388880658,0.16700054906760234,0.027889183388880658,0.16700054906760234
592,0,train,16,0.048103028878664036,0.2193240271348856,0.02857161992794837,0.16903141698497462
592,1,train,2,0.009040210977232708,0.09508002407042558,0.02857161992794837,0.16903141698497462
592,-1,train,18,0.02857161992794837,0.16903141698497462,0.02857161992794837,0.16903141698497462
593,0,train,16,0.046163775042095435,0.21485756919898222,0.03521905665740902,0.18766740968375148
593,1,train,2,0.024274338272722608,0.1558022409104651,0.03521905665740902,0.18766740968375148
593,-1,train,18,0.03521905665740902,0.18766740968375148,0.03521905665740902,0.18766740968375148
594,0,train,16,0.04783995187347709,0.21872345981507582,0.029249342268344844,0.17102439085798507
594,1,train,2,0.010658732663212597,0.10324113842462508,0.029249342268344844,0.17102439085798507
594,-1,train,18,0.029249342268344844,0.17102439085798507,0.029249342268344844,0.17102439085798507
595,0,train,16,0.04808501154408273,0.21928294859400885,0.028255331324587355,0.16809322212566263
595,1,train,2,0.008425651105091983,0.09179134548034462,0.028255331324587355,0.16809322212566263
595,-1,train,18,0.028255331324587355,0.16809322212566263,0.028255331324587355,0.16809322212566263
596,0,train,16,0.03855161816109377,0.19634565989879627,0.06148487574982843,0.2479614400462871
596,1,train,2,0.08441813333856309,0.2905479880132765,0.06148487574982843,0.2479614400462871
596,-1,train,18,0.06148487574982843,0.2479614400462871,0.06148487574982843,0.2479614400462871
597,0,train,16,0.045918933469388176,0.2142870352340248,0.03555981675554466,0.18857310719067197
597,1,train,2,0.025200700041701142,0.15874728357266824,0.03555981675554466,0.18857310719067197
597,-1,train,18,0.03555981675554466,0.18857310719067197,0.03555981675554466,0.18857310719067197
598,0,train,16,0.038795644946195404,0.19696610100775058,0.06036218595108374,0.24568717091269487
598,1,train,2,0.08192872695597207,0.28623194607865154,0.06036218595108374,0.24568717091269487
598,-1,train,18,0.06036218595108374,0.24568717091269487,0.06036218595108374,0.24568717091269487
599,0,train,16,0.034635716919316724,0.18610673528735258,0.07479199121593068,0.27348124472426016
599,1,train,2,0.11494826551254464,0.33904021223528136,0.07479199121593068,0.27348124472426016
599,-1,train,18,0.07479199121593068,0.27348124472426016,0.07479199121593068,0.27348124472426016
600,0,train,16,0.03866058718486726,0.19662295691212472,0.06063088888821687,0.24623340327465093
600,1,train,2,0.08260119059156648,0.2874042285554729,0.06063088888821687,0.24623340327465093
600,-1,train,18,0.06063088888821687,0.24623340327465093,0.06063088888821687,0.24623340327465093
601,0,train,16,0.04803071798527928,0.2191591156791779,0.027850511223059173,0.16688472435504448
601,1,train,2,0.007670304460839067,0.08758027438207229,0.027850511223059173,0.16688472435504448
601,-1,train,18,0.027850511223059173,0.16688472435504448,0.027850511223059173,0.16688472435504448
602,0,train,16,0.048085477602147805,0.21928401127794933,0.027622986679259776,0.16620164463464185
602,1,train,2,0.007160495756371746,0.08461971257556802,0.027622986679259776,0.16620164463464185
602,-1,train,18,0.027622986679259776,0.16620164463464185,0.027622986679259776,0.16620164463464185
603,0,train,16,0.02603773493408686,0.16136212360429217,0.10469994716501223,0.32357371210438624
603,1,train,2,0.18336215939593759,0.4282080795547155,0.10469994716501223,0.32357371210438624
603,-1,train,18,0.10469994716501223,0.32357371210438624,0.10469994716501223,0.32357371210438624
604,0,train,16,0.044934887836059666,0.21197850795790518,0.03864453138136133,0.196582123758396
604,1,train,2,0.032354174926662996,0.1798726630888168,0.03864453138136133,0.196582123758396
604,-1,train,18,0.03864453138136133,0.196582123758396,0.03864453138136133,0.196582123758396
605,0,train,16,0.04779278359822635,0.21861560694110188,0.028594384296517936,0.16909874126236996
605,1,train,2,0.009395984994809526,0.09693288912855907,0.028594384296517936,0.16909874126236996
605,-1,train,18,0.028594384296517936,0.16909874126236996,0.028594384296517936,0.16909874126236996
606,0,train,16,0.046036378679122844,0.21456089736744402,0.03466140966561957,0.18617574940259962
606,1,train,2,0.023286440652116294,0.15259895364030612,0.03466140966561957,0.18617574940259962
606,-1,train,18,0.03466140966561957,0.18617574940259962,0.03466140966561957,0.18617574940259962
607,0,train,16,0.04797515040279045,0.21903230447308555,0.02779905146157352,0.166730475503351
607,1,train,2,0.007622952520356596,0.08730952136139905,0.02779905146157352,0.166730475503351
607,-1,train,18,0.02779905146157352,0.166730475503351,0.02779905146157352,0.166730475503351
608,0,train,16,0.026159799162671676,0.16173991208935312,0.10406660413441281,0.3225935587305066
608,1,train,2,0.18197340910615395,0.4265834140073357,0.10406660413441281,0.3225935587305066
608,-1,train,18,0.10406660413441281,0.3225935587305066,0.10406660413441281,0.3225935587305066
609,0,train,16,0.04754492048619698,0.21804797748705898,0.029153622087895577,0.1707443178787967
609,1,train,2,0.010762323689594174,0.10374161985237253,0.029153622087895577,0.1707443178787967
609,-1,train,18,0.029153622087895577,0.1707443178787967,0.029153622087895577,0.1707443178787967
610,0,train,16,0.047950600873882664,0.2189762564158102,0.027754548159863817,0.16659696323722056
610,1,train,2,0.007558495445844973,0.08693960803825247,0.027754548159863817,0.16659696323722056
610,-1,train,18,0.027754548159863817,0.16659696323722056,0.027754548159863817,0.16659696323722056
611,0,train,16,0.036064095790531325,0.18990549173347074,0.06931947915735925,0.2632859266222926
611,1,train,2,0.1025748625241872,0.3202731061519015,0.06931947915735925,0.2632859266222926
611,-1,train,18,0.06931947915735925,0.2632859266222926,0.06931947915735925,0.2632859266222926
612,0,train,16,0.034114355425043055,0.18470071852876765,0.07614498786777624,0.27594381288185504
612,1,train,2,0.11817562031050943,0.34376681094967476,0.07614498786777624,0.27594381288185504
612,-1,train,18,0.07614498786777624,0.27594381288185504,0.07614498786777624,0.27594381288185504
613,0,train,16,0.046745750558992355,0.2162076561063284,0.031892535463063414,0.1785848130806856
613,1,train,2,0.017039320367134472,0.13053474773842585,0.031892535463063414,0.1785848130806856
613,-1,train,18,0.031892535463063414,0.1785848130806856,0.031892535463063414,0.1785848130806856
614,0,train,16,0.03630260886068988,0.19053243519330215,0.0682924983612695,0.2613283344018966
614,1,train,2,0.10028238786184909,0.3166739456631207,0.0682924983612695,0.2613283344018966
614,-1,train,18,0.0682924983612695,0.2613283344018966,0.0682924983612695,0.2613283344018966
615,0,train,16,0.04723838586907868,0.21734393451182088,0.029781132412319517,0.17257210786311766
615,1,train,2,0.012323878955560358,0.11101296751082892,0.029781132412319517,0.17257210786311766
615,-1,train,18,0.029781132412319517,0.17257210786311766,0.029781132412319517,0.17257210786311766
616,0,train,16,0.03399683206667205,0.18438229868041034,0.07592539417606223,0.2755456299346121
616,1,train,2,0.1178539562854524,0.34329864008680894,0.07592539417606223,0.2755456299346121
616,-1,train,18,0.07592539417606223,0.2755456299346121,0.07592539417606223,0.2755456299346121
617,0,train,16,0.03491003353306605,0.1868422691284444,0.07248493881106763,0.2692302709783349
617,1,train,2,0.11005984408906921,0.3317526851271429,0.07248493881106763,0.2692302709783349
617,-1,train,18,0.07248493881106763,0.2692302709783349,0.07248493881106763,0.2692302709783349
618,0,train,16,0.03509298032442965,0.18733120488703864,0.07164429451369349,0.2676645185931327
618,1,train,2,0.10819560870295733,0.32893100903222444,0.07164429451369349,0.2676645185931327
618,-1,train,18,0.07164429451369349,0.2676645185931327,0.07164429451369349,0.2676645185931327
619,0,train,16,0.047252618588009644,0.21737667443405617,0.02881502788878574,0.16974989805235743
619,1,train,2,0.010377437189561835,0.1018697069278293,0.02881502788878574,0.16974989805235743
619,-1,train,18,0.02881502788878574,0.16974989805235743,0.02881502788878574,0.16974989805235743
620,0,train,16,0.047530598413528004,0.2180151334507034,0.027641260660946788,0.16625661087892651
620,1,train,2,0.007751922908365574,0.08804500501655715,0.027641260660946788,0.16625661087892651
620,-1,train,18,0.027641260660946788,0.16625661087892651,0.027641260660946788,0.16625661087892651
621,0,train,16,0.04713264450733845,0.21710054008992805,0.028808646775092372,0.16973110137830477
621,1,train,2,0.010484649042846293,0.10239457526083251,0.028808646775092372,0.16973110137830477
621,-1,train,18,0.028808646775092372,0.16973110137830477,0.028808646775092372,0.16973110137830477
622,0,train,16,0.046943602973072006,0.2166647248009514,0.029238192083780715,0.1709917895215461
622,1,train,2,0.011532781194489422,0.10739078728871217,0.029238192083780715,0.1709917895215461
622,-1,train,18,0.029238192083780715,0.1709917895215461,0.029238192083780715,0.1709917895215461
623,0,train,16,0.04541629053343998,0.21311098172886347,0.03428006233865476,0.18514875732408997
623,1,train,2,0.023143834143869533,0.15213097693720873,0.03428006233865476,0.18514875732408997
623,-1,train,18,0.03428006233865476,0.18514875732408997,0.03428006233865476,0.18514875732408997
624,0,train,16,0.03360896587228442,0.18332748258862996,0.0755407002607755,0.2748466850096168
624,1,train,2,0.11747243464926657,0.3427425194650739,0.0755407002607755,0.2748466850096168
624,-1,train,18,0.0755407002607755,0.2748466850096168,0.0755407002607755,0.2748466850096168
625,0,train,16,0.04726437797063705,0.21740372115177112,0.02730909161283405,0.16525462660038917
625,1,train,2,0.007353805255031052,0.08575433082376104,0.02730909161283405,0.16525462660038917
625,-1,train,18,0.02730909161283405,0.16525462660038917,0.02730909161283405,0.16525462660038917
626,0,train,16,0.037920265947387,0.19473126597284524,0.05983212346247464,0.24460605769783103
626,1,train,2,0.08174398097756229,0.2859090431895471,0.05983212346247464,0.24460605769783103
626,-1,train,18,0.05983212346247464,0.24460605769783103,0.05983212346247464,0.24460605769783103
627,0,train,16,0.0464404098262096,0.21550037082615334,0.029789075110906074,0.17259511902399233
627,1,train,2,0.01313774039560255,0.11461998253185414,0.029789075110906074,0.17259511902399233
627,-1,train,18,0.029789075110906074,0.17259511902399233,0.029789075110906074,0.17259511902399233
628,0,train,16,0.045416057516056596,0.2131104350238547,0.03319304828412936,0.18218959433548712
628,1,train,2,0.020970039052202124,0.14481035547294993,0.03319304828412936,0.18218959433548712
628,-1,train,18,0.03319304828412936,0.18218959433548712,0.03319304828412936,0.18218959433548712
629,0,train,16,0.04681495590662751,0.21636764061806357,0.028105688006153862,0.16764751118389398
629,1,train,2,0.009396420105680217,0.09693513349493163,0.028105688006153862,0.16764751118389398
629,-1,train,18,0.028105688006153862,0.16764751118389398,0.028105688006153862,0.16764751118389398
630,0,train,16,0.04718524714110557,0.21722165440191632,0.026648321795944178,0.16324313705618432
630,1,train,2,0.006111396450782782,0.07817542101442615,0.026648321795944178,0.16324313705618432
630,-1,train,18,0.026648321795944178,0.16324313705618432,0.026648321795944178,0.16324313705618432
631,0,train,16,0.04500613504088346,0.21214649429317342,0.03414696016354908,0.18478896115176655
631,1,train,2,0.023287785286214703,0.15260335935429045,0.03414696016354908,0.18478896115176655
631,-1,train,18,0.03414696016354908,0.18478896115176655,0.03414696016354908,0.18478896115176655
632,0,train,16,0.024768673364366868,0.15738066388335914,0.1048886616605586,0.32386519056631974
632,1,train,2,0.18500864995675034,0.43012631860507017,0.1048886616605586,0.32386519056631974
632,-1,train,18,0.1048886616605586,0.32386519056631974,0.1048886616605586,0.32386519056631974
633,0,train,16,0.04676592752938691,0.21625431216368127,0.027703389228734998,0.16644335141042732
633,1,train,2,0.008640850928083085,0.09295617746058131,0.027703389228734998,0.16644335141042732
633,-1,train,18,0.027703389228734998,0.16644335141042732,0.027703389228734998,0.16644335141042732
634,0,train,16,0.04674926315103042,0.2162157791444242,0.027619276981091578,0.1661904840268888
634,1,train,2,0.00848929081115274,0.0921373475369936,0.027619276981091578,0.1661904840268888
634,-1,train,18,0.027619276981091578,0.1661904840268888,0.027619276981091578,0.1661904840268888
635,0,train,16,0.04702677784261003,0.21685658358143067,0.026508584063886873,0.16281456956884072
635,1,train,2,0.005990390285163717,0.0773976116244146,0.026508584063886873,0.16281456956884072
635,-1,train,18,0.026508584063886873,0.16281456956884072,0.026508584063886873,0.16281456956884072
636,0,train,16,0.045504125224707585,0.2133169595337126,0.03171203031513872,0.17807871943367834
636,1,train,2,0.01791993540556986,0.13386536297926308,0.03171203031513872,0.17807871943367834
636,-1,train,18,0.03171203031513872,0.17807871943367834,0.03171203031513872,0.17807871943367834
637,0,train,16,0.046879057153281625,0.2165157203375349,0.026752809236703878,0.16356286019969166
637,1,train,2,0.006626561320126127,0.08140369352877133,0.026752809236703878,0.16356286019969166
637,-1,train,18,0.026752809236703878,0.16356286019969166,0.026752809236703878,0.16356286019969166
638,0,train,16,0.04663635456659411,0.21595451967160612,0.02745854008692332,0.16570618602491374
638,1,train,2,0.008280725607252529,0.09099849233505206,0.02745854008692332,0.16570618602491374
638,-1,train,18,0.02745854008692332,0.16570618602491374,0.02745854008692332,0.16570618602491374
639,0,train,16,0.0467421710077607,0.21619937790789479,0.026950686961037112,0.16416664387456154
639,1,train,2,0.007159202914313526,0.08461207310019964,0.026950686961037112,0.16416664387456154
639,-1,train,18,0.026950686961037112,0.16416664387456154,0.026950686961037112,0.16416664387456154
640,0,train,16,0.04572934867244901,0.21384421589664054,0.030349559313990436,0.17421124910289357
640,1,train,2,0.014969769955531866,0.1223510112566785,0.030349559313990436,0.17421124910289357
640,-1,train,18,0.030349559313990436,0.17421124910289357,0.030349559313990436,0.17421124910289357
641,0,train,16,0.04655477405874582,0.21576555345732512,0.02732256738809527,0.1652953943341897
641,1,train,2,0.008090360717444716,0.0899464324887025,0.02732256738809527,0.1652953943341897
641,-1,train,18,0.02732256738809527,0.1652953943341897,0.02732256738809527,0.1652953943341897
642,0,train,16,0.04651620268095023,0.21567615232322332,0.02731974049283041,0.16528684307237043
642,1,train,2,0.008123278304710591,0.09012923113347074,0.02731974049283041,0.16528684307237043
642,-1,train,18,0.02731974049283041,0.16528684307237043,0.02731974049283041,0.16528684307237043
643,0,train,16,0.04607669458370726,0.21465482660240198,0.02875660614657529,0.16957772892268397
643,1,train,2,0.01143651770944332,0.106941655632608,0.02875660614657529,0.16957772892268397
643,-1,train,18,0.02875660614657529,0.16957772892268397,0.02875660614657529,0.16957772892268397
644,0,train,16,0.04647680716605572,0.21558480272518218,0.027214541716264286,0.16496830518697914
644,1,train,2,0.007952276266472848,0.08917553625559449,0.027214541716264286,0.16496830518697914
644,-1,train,18,0.027214541716264286,0.16496830518697914,0.027214541716264286,0.16496830518697914
645,0,train,16,0.04530146177268266,0.21284140051381606,0.031201931087396037,0.17664068355675042
645,1,train,2,0.01710240040210941,0.1307761461510065,0.031201931087396037,0.17664068355675042
645,-1,train,18,0.031201931087396037,0.17664068355675042,0.031201931087396037,0.17664068355675042
646,0,train,16,0.04651725194642138,0.21567858481180133,0.026817114994030847,0.16375932032721327
646,1,train,2,0.00711697804164031,0.0843621837178265,0.026817114994030847,0.16375932032721327
646,-1,train,18,0.026817114994030847,0.16375932032721327,0.026817114994030847,0.16375932032721327
647,0,train,16,0.044420353229476996,0.21076136559976308,0.034040674677070386,0.1845011508827801
647,1,train,2,0.02366099612466378,0.153821312322655,0.034040674677070386,0.1845011508827801
647,-1,train,18,0.034040674677070386,0.1845011508827801,0.034040674677070386,0.1845011508827801
648,0,train,16,0.0449824848370318,0.21209074670298986,0.031912475970203594,0.17864063359214666
648,1,train,2,0.018842467103375386,0.13726786624470924,0.031912475970203594,0.17864063359214666
648,-1,train,18,0.031912475970203594,0.17864063359214666,0.031912475970203594,0.17864063359214666
649,0,train,16,0.03703073482470186,0.19243371540533602,0.059661223713916606,0.24425647118124957
649,1,train,2,0.08229171260313135,0.2868653213672426,0.059661223713916606,0.24425647118124957
649,-1,train,18,0.059661223713916606,0.24425647118124957,0.059661223713916606,0.24425647118124957
650,0,train,16,0.045194710660648,0.2125904764109813,0.030894592138931462,0.17576857551602182
650,1,train,2,0.016594473617214923,0.1288195389574692,0.030894592138931462,0.17576857551602182
650,-1,train,18,0.030894592138931462,0.17576857551602182,0.030894592138931462,0.17576857551602182
651,0,train,16,0.04568685792259784,0.21374484303158717,0.029050677297364092,0.17044259238043785
651,1,train,2,0.012414496672130343,0.11142036022258384,0.029050677297364092,0.17044259238043785
651,-1,train,18,0.029050677297364092,0.17044259238043785,0.029050677297364092,0.17044259238043785
652,0,train,16,0.0463512448790372,0.2152933925577773,0.026591907757689864,0.1630702540553913
652,1,train,2,0.006832570636342532,0.08265936508552756,0.026591907757689864,0.1630702540553913
652,-1,train,18,0.026591907757689864,0.1630702540553913,0.026591907757689864,0.1630702540553913
653,0,train,16,0.04580435970743879,0.2140195311354522,0.02837053905789961,0.1684355635188116
653,1,train,2,0.01093671840836043,0.10457876652724697,0.02837053905789961,0.1684355635188116
653,-1,train,18,0.02837053905789961,0.1684355635188116,0.02837053905789961,0.1684355635188116
654,0,train,16,0.03199682126598266,0.1788765531476461,0.07657444565891229,0.2767208804172759
654,1,train,2,0.12115207005184192,0.34806905931415666,0.07657444565891229,0.2767208804172759
654,-1,train,18,0.07657444565891229,0.2767208804172759,0.07657444565891229,0.2767208804172759
655,0,train,16,0.044161367650750384,0.2101460626582149,0.03392971892674057,0.18420021424184221
655,1,train,2,0.023698070202730764,0.15394177536565817,0.03392971892674057,0.18420021424184221
655,-1,train,18,0.03392971892674057,0.18420021424184221,0.03392971892674057,0.18420021424184221
656,0,train,16,0.04631025289537754,0.215198171217549,0.026291128012268218,0.16214539158504696
656,1,train,2,0.006272003129158899,0.07919597924868976,0.026291128012268218,0.16214539158504696
656,-1,train,18,0.026291128012268218,0.16214539158504696,0.026291128012268218,0.16214539158504696
657,0,train,16,0.045641798307872725,0.2136394118786904,0.028525216937036513,0.16889409976975664
657,1,train,2,0.011408635566200304,0.10681121460876804,0.028525216937036513,0.16889409976975664
657,-1,train,18,0.028525216937036513,0.16889409976975664,0.028525216937036513,0.16889409976975664
658,0,train,16,0.044474425633853634,0.21088960532433465,0.03250125646935757,0.18028104855851482
658,1,train,2,0.020528087304861508,0.1432762621820569,0.03250125646935757,0.18028104855851482
658,-1,train,18,0.03250125646935757,0.18028104855851482,0.03250125646935757,0.18028104855851482
659,0,train,16,0.04613037854865161,0.21477983738854914,0.026589942808055714,0.16306422908797538
659,1,train,2,0.007049507067459821,0.08396134269686152,0.026589942808055714,0.16306422908797538
659,-1,train,18,0.026589942808055714,0.16306422908797538,0.026589942808055714,0.16306422908797538
660,0,train,16,0.04399744939164694,0.20975568977180795,0.03398329773093528,0.18434559319640728
660,1,train,2,0.02396914607022362,0.15481972119282356,0.03398329773093528,0.18434559319640728
660,-1,train,18,0.03398329773093528,0.18434559319640728,0.03398329773093528,0.18434559319640728
661,0,train,16,0.04610887609346232,0.21472977458531997,0.026475444444024356,0.16271276669033796
661,1,train,2,0.006842012794586394,0.08271646023970317,0.026475444444024356,0.16271276669033796
661,-1,train,18,0.026475444444024356,0.16271276669033796,0.026475444444024356,0.16271276669033796
662,0,train,16,0.045487558139226426,0.2132781239115405,0.028534249928546425,0.16892083923704151
662,1,train,2,0.011580941717866427,0.10761478391869041,0.028534249928546425,0.16892083923704151
662,-1,train,18,0.028534249928546425,0.16892083923704151,0.028534249928546425,0.16892083923704151
663,0,train,16,0.044436325248488465,0.2107992534343717,0.032088151633067157,0.1791316600522285
663,1,train,2,0.01973997801764585,0.14049903208793235,0.032088151633067157,0.1791316600522285
663,-1,train,18,0.032088151633067157,0.1791316600522285,0.032088151633067157,0.1791316600522285
664,0,train,16,0.03593600223058616,0.18956793566050711,0.06180813103308974,0.24861241126116318
664,1,train,2,0.08768025983559333,0.2961085271240822,0.06180813103308974,0.24861241126116318
664,-1,train,18,0.06180813103308974,0.24861241126116318,0.06180813103308974,0.24861241126116318
665,0,train,16,0.03639312748742522,0.19076982855636584,0.06020597954029646,0.24536906801855946
665,1,train,2,0.0840188315931677,0.2898600206878618,0.06020597954029646,0.24536906801855946
665,-1,train,18,0.06020597954029646,0.24536906801855946,0.06020597954029646,0.24536906801855946
666,0,train,16,0.0458759966888172,0.21418682659962354,0.026908797954134953,0.16403901351244146
666,1,train,2,0.007941599219452705,0.0891156508109137,0.026908797954134953,0.16403901351244146
666,-1,train,18,0.026908797954134953,0.16403901351244146,0.026908797954134953,0.16403901351244146
667,0,train,16,0.0437478085393835,0.20915976797506614,0.03425956926952757,0.1850934068775211
667,1,train,2,0.024771329999671642,0.15738910381494534,0.03425956926952757,0.1850934068775211
667,-1,train,18,0.03425956926952757,0.1850934068775211,0.03425956926952757,0.1850934068775211
668,0,train,16,0.03586913012179359,0.18939147320244804,0.06171410514896167,0.24842323794074028
668,1,train,2,0.08755908017612975,0.29590383602807474,0.06171410514896167,0.24842323794074028
668,-1,train,18,0.06171410514896167,0.24842323794074028,0.06171410514896167,0.24842323794074028
669,0,train,16,0.03270253937165982,0.18083843444262565,0.07265073699184112,0.2695380065813375
669,1,train,2,0.11259893461202242,0.3355576472262589,0.07265073699184112,0.2695380065813375
669,-1,train,18,0.07265073699184112,0.2695380065813375,0.07265073699184112,0.2695380065813375
670,0,train,16,0.04593085312452698,0.2143148457865833,0.026201973750291995,0.16187023738257753
670,1,train,2,0.006473094376057012,0.08045554285477796,0.026201973750291995,0.16187023738257753
670,-1,train,18,0.026201973750291995,0.16187023738257753,0.026201973750291995,0.16187023738257753
671,0,train,16,0.045899120631662425,0.2142408005765065,0.02612548034034096,0.1616337846501806
671,1,train,2,0.006351840049019492,0.07969843191066868,0.02612548034034096,0.1616337846501806
671,-1,train,18,0.02612548034034096,0.1616337846501806,0.02612548034034096,0.1616337846501806
672,0,train,16,0.045971201820813254,0.21440895928298626,0.025711467509588377,0.16034795760965706
672,1,train,2,0.005451733198363499,0.07383585306857028,0.025711467509588377,0.16034795760965706
672,-1,train,18,0.025711467509588377,0.16034795760965706,0.025711467509588377,0.16034795760965706
673,0,train,16,0.03262840871186862,0.18063335437252062,0.07224767180137165,0.26878927024971
673,1,train,2,0.1118669348908747,0.33446514749802364,0.07224767180137165,0.26878927024971
673,-1,train,18,0.07224767180137165,0.26878927024971,0.07224767180137165,0.26878927024971
674,0,train,16,0.04585960005323956,0.2141485466988734,0.025794719843239125,0.16060734679098315
674,1,train,2,0.005729839633238691,0.07569570419276572,0.025794719843239125,0.16060734679098315
674,-1,train,18,0.025794719843239125,0.16060734679098315,0.025794719843239125,0.16060734679098315
675,0,train,16,0.04566531988828078,0.2136944545098931,0.026317491594630243,0.16222666733502925
675,1,train,2,0.006969663300979709,0.0834845093474215,0.026317491594630243,0.16222666733502925
675,-1,train,18,0.026317491594630243,0.16222666733502925,0.026317491594630243,0.16222666733502925
676,0,train,16,0.04577647889068629,0.2139543850700104,0.0257690312435169,0.16052735356791034
676,1,train,2,0.005761583596347508,0.0759050959840478,0.0257690312435169,0.16052735356791034
676,-1,train,18,0.0257690312435169,0.16052735356791034,0.0257690312435169,0.16052735356791034
677,0,train,16,0.04520692372124926,0.21261919885384117,0.02764559449479265,0.16626964393656662
677,1,train,2,0.010084265268336041,0.10042044248227569,0.02764559449479265,0.16626964393656662
677,-1,train,18,0.02764559449479265,0.16626964393656662,0.02764559449479265,0.16626964393656662
678,0,train,16,0.045512966050473724,0.21333768080316642,0.026422500143236816,0.16254999275065138
678,1,train,2,0.007332034235999908,0.08562729842754534,0.026422500143236816,0.16254999275065138
678,-1,train,18,0.026422500143236816,0.16254999275065138,0.026422500143236816,0.16254999275065138
679,0,train,16,0.035492491949963956,0.18839451146454336,0.061392874284543,0.24777585492646978
679,1,train,2,0.08729325661912204,0.29545432239031816,0.061392874284543,0.24777585492646978
679,-1,train,18,0.061392874284543,0.24777585492646978,0.061392874284543,0.24777585492646978
680,0,train,16,0.045594607709432994,0.21352893881025353,0.025912625724023374,0.16097399083088973
680,1,train,2,0.0062306437386137545,0.07893442682767611,0.025912625724023374,0.16097399083088973
680,-1,train,18,0.025912625724023374,0.16097399083088973,0.025912625724023374,0.16097399083088973
681,0,train,16,0.045662557073709364,0.21368799000811758,0.025559109471083828,0.15987216602987472
681,1,train,2,0.005455661868458293,0.07386245235881553,0.025559109471083828,0.15987216602987472
681,-1,train,18,0.025559109471083828,0.15987216602987472,0.025559109471083828,0.15987216602987472
682,0,train,16,0.04446148407253627,0.21085891983156954,0.029657879368851524,0.17221463169211704
682,1,train,2,0.014854274665166778,0.12187811397115882,0.029657879368851524,0.17221463169211704
682,-1,train,18,0.029657879368851524,0.17221463169211704,0.029657879368851524,0.17221463169211704
683,0,train,16,0.04499985314394715,0.21213168821264575,0.027627341095733837,0.16621474391802263
683,1,train,2,0.01025482904752052,0.1012661298140722,0.027627341095733837,0.16621474391802263
683,-1,train,18,0.027627341095733837,0.16621474391802263,0.027627341095733837,0.16621474391802263
684,0,train,16,0.033340266169827895,0.18259317120261617,0.0684993330661432,0.2617237724513064
684,1,train,2,0.10365839996245849,0.32196024593489564,0.0684993330661432,0.2617237724513064
684,-1,train,18,0.0684993330661432,0.2617237724513064,0.0684993330661432,0.2617237724513064
685,0,train,16,0.03574567529191079,0.18906526728066897,0.05998126347612089,0.2449107255228339
685,1,train,2,0.084216851660331,0.2902013984465461,0.05998126347612089,0.2449107255228339
685,-1,train,18,0.05998126347612089,0.2449107255228339,0.05998126347612089,0.2449107255228339
686,0,train,16,0.042592340423923104,0.20637911818767687,0.035898694561863675,0.18946950826416284
686,1,train,2,0.029205048699804247,0.17089484690827939,0.035898694561863675,0.18946950826416284
686,-1,train,18,0.035898694561863675,0.18946950826416284,0.035898694561863675,0.18946950826416284
687,0,train,16,0.04434414533408386,0.21058049609136137,0.029639402909208922,0.1721609796359469
687,1,train,2,0.014934660484333983,0.12220744856322786,0.029639402909208922,0.1721609796359469
687,-1,train,18,0.029639402909208922,0.1721609796359469,0.029639402909208922,0.1721609796359469
688,0,train,16,0.0447686749058316,0.21158609336587222,0.027984792659826382,0.1672865585151012
688,1,train,2,0.011200910413821165,0.10583435365617898,0.027984792659826382,0.1672865585151012
688,-1,train,18,0.027984792659826382,0.1672865585151012,0.027984792659826382,0.1672865585151012
689,0,train,16,0.044807905728800126,0.21167877959020864,0.027728364815909873,0.1665183617980608
689,1,train,2,0.010648823903019619,0.10319313883693827,0.027728364815909873,0.1665183617980608
689,-1,train,18,0.027728364815909873,0.1665183617980608,0.027728364815909873,0.1665183617980608
690,0,train,16,0.03314400828179549,0.18205495950892273,0.06841209563406915,0.2615570599966079
690,1,train,2,0.10368018298634281,0.3219940729056093,0.06841209563406915,0.2615570599966079
690,-1,train,18,0.06841209563406915,0.2615570599966079,0.06841209563406915,0.2615570599966079
691,0,train,16,0.03298539452613637,0.18161881655306636,0.06881224565087357,0.2623208829866078
691,1,train,2,0.10463909677561078,0.323479669802618,0.06881224565087357,0.2623208829866078
691,-1,train,18,0.06881224565087357,0.2623208829866078,0.06881224565087357,0.2623208829866078
692,0,train,16,0.04483051035147316,0.21173216654885757,0.027252526627065884,0.16508339294752178
692,1,train,2,0.009674542902658609,0.0983592542807163,0.027252526627065884,0.16508339294752178
692,-1,train,18,0.027252526627065884,0.16508339294752178,0.027252526627065884,0.16508339294752178
693,0,train,16,0.04534232199217618,0.2129373663596321,0.02528362441494865,0.1590082526630258
693,1,train,2,0.005224926837721118,0.07228365539816811,0.02528362441494865,0.1590082526630258
693,-1,train,18,0.02528362441494865,0.1590082526630258,0.02528362441494865,0.1590082526630258
694,0,train,16,0.04476655351743452,0.21158108024451175,0.02717862738986343,0.16485941704938614
694,1,train,2,0.009590701262292344,0.09793212579277724,0.02717862738986343,0.16485941704938614
694,-1,train,18,0.02717862738986343,0.16485941704938614,0.02717862738986343,0.16485941704938614
695,0,train,16,0.04524307894908895,0.21270420529244116,0.025383941656475516,0.159323387035537
695,1,train,2,0.005524804363862079,0.07432902773386774,0.025383941656475516,0.159323387035537
695,-1,train,18,0.025383941656475516,0.159323387035537,0.025383941656475516,0.159323387035537
696,0,train,16,0.044660176737949454,0.21132954535026438,0.02731119347054701,0.16526098592997382
696,1,train,2,0.009962210203144561,0.09981087216904058,0.02731119347054701,0.16526098592997382
696,-1,train,18,0.02731119347054701,0.16526098592997382,0.02731119347054701,0.16526098592997382
697,0,train,16,0.04403657093139328,0.20984892406536965,0.029391853675648113,0.17144052518482353
697,1,train,2,0.014747136419902948,0.12143778826997365,0.029391853675648113,0.17144052518482353
697,-1,train,18,0.029391853675648113,0.17144052518482353,0.029391853675648113,0.17144052518482353
698,0,train,16,0.04508177986709259,0.21232470385495086,0.02567537743828188,0.16023538135593487
698,1,train,2,0.00626897500947117,0.0791768590528266,0.02567537743828188,0.16023538135593487
698,-1,train,18,0.02567537743828188,0.16023538135593487,0.02567537743828188,0.16023538135593487
699,0,train,16,0.04498909779968322,0.21210633606680215,0.0259425416107544,0.16106688551888748
699,1,train,2,0.0068959854218255835,0.08304207019231628,0.0259425416107544,0.16106688551888748
699,-1,train,18,0.0259425416107544,0.16106688551888748,0.0259425416107544,0.16106688551888748
700,0,train,16,0.04511990607971954,0.21241446767986294,0.025436681258158594,0.15948881232913673
700,1,train,2,0.005753456436597649,0.07585154208450642,0.025436681258158594,0.15948881232913673
700,-1,train,18,0.025436681258158594,0.15948881232913673,0.025436681258158594,0.15948881232913673
701,0,train,16,0.045102190907491624,0.2123727640435365,0.025443233148868358,0.15950935128972332
701,1,train,2,0.005784275390245094,0.07605442387031207,0.025443233148868358,0.15950935128972332
701,-1,train,18,0.025443233148868358,0.15950935128972332,0.025443233148868358,0.15950935128972332
702,0,train,16,0.035453631429627944,0.18829134719797389,0.059186760118361624,0.24328329190135853
702,1,train,2,0.0829198888070953,0.28795813724757857,0.059186760118361624,0.24328329190135853
702,-1,train,18,0.059186760118361624,0.24328329190135853,0.059186760118361624,0.24328329190135853
703,0,train,16,0.0442463690305121,0.21034820900238752,0.028312829154981484,0.16826416479744427
703,1,train,2,0.012379289279450863,0.11126225451360791,0.028312829154981484,0.16826416479744427
703,-1,train,18,0.028312829154981484,0.16826416479744427,0.028312829154981484,0.16826416479744427
704,0,train,16,0.032749739072313176,0.18096888979134831,0.06844526443711514,0.2616204587510601
704,1,train,2,0.1041407898019171,0.3227085214274905,0.06844526443711514,0.2616204587510601
704,-1,train,18,0.06844526443711514,0.2616204587510601,0.06844526443711514,0.2616204587510601
705,0,train,16,0.04267808913049957,0.20658675933006831,0.033557051105544994,0.18318583762274035
705,1,train,2,0.024436013080590412,0.15632022607644352,0.033557051105544994,0.18318583762274035
705,-1,train,18,0.033557051105544994,0.18318583762274035,0.033557051105544994,0.18318583762274035
706,0,train,16,0.045064914464752394,0.21228498407742455,0.02505244496120369,0.15827964165110966
706,1,train,2,0.0050399754576549854,0.07099278454642405,0.02505244496120369,0.15827964165110966
706,-1,train,18,0.02505244496120369,0.15827964165110966,0.02505244496120369,0.15827964165110966
707,0,train,16,0.02201377696479126,0.14837040461221118,0.10554579136881231,0.32487811771310837
707,1,train,2,0.18907780577283337,0.43483077831822503,0.10554579136881231,0.32487811771310837
707,-1,train,18,0.10554579136881231,0.32487811771310837,0.10554579136881231,0.32487811771310837
708,0,train,16,0.01941222600216756,0.13932776464928862,0.11436168420064655,0.33817404424444897
708,1,train,2,0.20931114239912554,0.45750534685304556,0.11436168420064655,0.33817404424444897
708,-1,train,18,0.11436168420064655,0.33817404424444897,0.11436168420064655,0.33817404424444897
709,0,train,16,0.03525495567903198,0.1877630306504238,0.0587229368210576,0.2423281593646467
709,1,train,2,0.08219091796308323,0.286689584678417,0.0587229368210576,0.2423281593646467
709,-1,train,18,0.0587229368210576,0.2423281593646467,0.0587229368210576,0.2423281593646467
710,0,train,16,0.03511820346270759,0.18739851510272856,0.05898999308649429,0.24287855625084379
710,1,train,2,0.082861782710281,0.28785722626031296,0.05898999308649429,0.24287855625084379
710,-1,train,18,0.05898999308649429,0.24287855625084379,0.05898999308649429,0.24287855625084379
711,0,train,16,0.044746406932866085,0.2115334652788208,0.025203707950921445,0.15875675718192736
711,1,train,2,0.0056610089689768,0.07523967682663715,0.025203707950921445,0.15875675718192736
711,-1,train,18,0.025203707950921445,0.15875675718192736,0.025203707950921445,0.15875675718192736
712,0,train,16,0.035282788543579816,0.1878371330264062,0.05808116216718494,0.24100033644620694
712,1,train,2,0.08087953579079006,0.28439327662726144,0.05808116216718494,0.24100033644620694
712,-1,train,18,0.05808116216718494,0.24100033644620694,0.05808116216718494,0.24100033644620694
713,0,train,16,0.023247702079300984,0.15247197145475946,0.09999028479624414,0.31621240455782906
713,1,train,2,0.1767328675131873,0.42039608408403056,0.09999028479624414,0.31621240455782906
713,-1,train,18,0.09999028479624414,0.31621240455782906,0.09999028479624414,0.31621240455782906
714,0,train,16,0.04419820244242775,0.21023368531809491,0.026704667012182347,0.1634156265850434
714,1,train,2,0.009211131581936944,0.09597464030636918,0.026704667012182347,0.1634156265850434
714,-1,train,18,0.026704667012182347,0.1634156265850434,0.026704667012182347,0.1634156265850434
715,0,train,16,0.044102616780912686,0.21000623033832277,0.027009960207651455,0.16434707240365268
715,1,train,2,0.009917303634390223,0.09958565978287347,0.027009960207651455,0.16434707240365268
715,-1,train,18,0.027009960207651455,0.16434707240365268,0.027009960207651455,0.16434707240365268
716,0,train,16,0.044584660716669555,0.21115080089042892,0.025341081783140693,0.15918882430353173
716,1,train,2,0.006097502849611832,0.07808650875542991,0.025341081783140693,0.15918882430353173
716,-1,train,18,0.025341081783140693,0.15918882430353173,0.025341081783140693,0.15918882430353173
717,0,train,16,0.04441057568569053,0.21073816855446603,0.025938893107115016,0.1610555590692697
717,1,train,2,0.0074672105285395005,0.08641302291055152,0.025938893107115016,0.1610555590692697
717,-1,train,18,0.025938893107115016,0.1610555590692697,0.025938893107115016,0.1610555590692697
718,0,train,16,0.03190975524310873,0.17863301834517809,0.06960092077504745,0.2638198642540919
718,1,train,2,0.10729208630698617,0.32755470734975883,0.06960092077504745,0.2638198642540919
718,-1,train,18,0.06960092077504745,0.2638198642540919,0.06960092077504745,0.2638198642540919
719,0,train,16,0.04243449431663925,0.20599634539631825,0.0327449457876644,0.18095564591265012
719,1,train,2,0.023055397258689558,0.1518400383913596,0.0327449457876644,0.18095564591265012
719,-1,train,18,0.0327449457876644,0.18095564591265012,0.0327449457876644,0.18095564591265012
720,0,train,16,0.03242968565295379,0.18008244126775322,0.0676901171099542,0.26017324441601253
720,1,train,2,0.10295054856695462,0.3208590789847696,0.0676901171099542,0.26017324441601253
720,-1,train,18,0.0676901171099542,0.26017324441601253,0.0676901171099542,0.26017324441601253
721,0,train,16,0.044724574997109856,0.21148185500678268,0.024693267222593407,0.15714091517677187
721,1,train,2,0.004661959448076957,0.06827854310159932,0.024693267222593407,0.15714091517677187
721,-1,train,18,0.024693267222593407,0.15714091517677187,0.024693267222593407,0.15714091517677187
722,0,train,16,0.04356366888711366,0.2087191148101047,0.028810949238288454,0.16973788392191194
722,1,train,2,0.014058229589463244,0.11856740525736086,0.028810949238288454,0.16973788392191194
722,-1,train,18,0.028810949238288454,0.16973788392191194,0.028810949238288454,0.16973788392191194
723,0,train,16,0.023877465873501848,0.15452335057686864,0.09759092202811928,0.31239545775846245
723,1,train,2,0.17130437818273672,0.4138893308394609,0.09759092202811928,0.31239545775846245
723,-1,train,18,0.09759092202811928,0.31239545775846245,0.09759092202811928,0.31239545775846245
724,0,train,16,0.04437135294816288,0.2106450876430848,0.025762824378970296,0.16050801967182293
724,1,train,2,0.0071542958097777125,0.08458307046789985,0.025762824378970296,0.16050801967182293
724,-1,train,18,0.025762824378970296,0.16050801967182293,0.025762824378970296,0.16050801967182293
725,0,train,16,0.03542102127848374,0.18820473234880078,0.05698768942938236,0.23872094468098595
725,1,train,2,0.07855435758028098,0.28027550299710635,0.05698768942938236,0.23872094468098595
725,-1,train,18,0.05698768942938236,0.23872094468098595,0.05698768942938236,0.23872094468098595
726,0,train,16,0.03207813177453181,0.17910369000813972,0.06859489888755624,0.2619062788242318
726,1,train,2,0.10511166600058068,0.3242092935135893,0.06859489888755624,0.2619062788242318
726,-1,train,18,0.06859489888755624,0.2619062788242318,0.06859489888755624,0.2619062788242318
727,0,train,16,0.03199128860430349,0.17886108745141713,0.06884068472983493,0.2623750840492194
727,1,train,2,0.10569008085536635,0.325100108974707,0.06884068472983493,0.2623750840492194
727,-1,train,18,0.06884068472983493,0.2623750840492194,0.06884068472983493,0.2623750840492194
728,0,train,16,0.04439383161659828,0.21069843762258486,0.025473664061349013,0.15960471190208958
728,1,train,2,0.006553496506099747,0.08095366888597297,0.025473664061349013,0.15960471190208958
728,-1,train,18,0.025473664061349013,0.15960471190208958,0.025473664061349013,0.15960471190208958
729,0,train,16,0.04444016667398204,0.21080836481027512,0.025278708890879437,0.15899279509109662
729,1,train,2,0.0061172511077768315,0.07821285768834195,0.025278708890879437,0.15899279509109662
729,-1,train,18,0.025278708890879437,0.15899279509109662,0.025278708890879437,0.15899279509109662
730,0,train,16,0.0442994906289311,0.21047444174752217,0.025692578010709635,0.16028904519869608
730,1,train,2,0.007085665392488172,0.084176394508723,0.025692578010709635,0.16028904519869608
730,-1,train,18,0.025692578010709635,0.16028904519869608,0.025692578010709635,0.16028904519869608
731,0,train,16,0.044125752978076804,0.21006130766534994,0.02617772826609833,0.16179532831975815
731,1,train,2,0.008229703554119857,0.09071771356311764,0.02617772826609833,0.16179532831975815
731,-1,train,18,0.02617772826609833,0.16179532831975815,0.02617772826609833,0.16179532831975815
732,0,train,16,0.044351111696445206,0.21059703629549303,0.02524209711498058,0.15887761678405357
732,1,train,2,0.006133082533515953,0.0783139996010672,0.02524209711498058,0.15887761678405357
732,-1,train,18,0.02524209711498058,0.15887761678405357,0.02524209711498058,0.15887761678405357
733,0,train,16,0.03210732125058813,0.17918515912482297,0.06796239893951656,0.26069598949641815
733,1,train,2,0.10381747662844498,0.32220719518416246,0.06796239893951656,0.26069598949641815
733,-1,train,18,0.06796239893951656,0.26069598949641815,0.06796239893951656,0.26069598949641815
734,0,train,16,0.044369585171936385,0.2106408915000513,0.024892011314335643,0.1577720232307859
734,1,train,2,0.005414437456734904,0.07358286116165165,0.024892011314335643,0.1577720232307859
734,-1,train,18,0.024892011314335643,0.1577720232307859,0.024892011314335643,0.1577720232307859
735,0,train,16,0.0431654498390459,0.2077629655136976,0.02898317491028198,0.17024445632760551
735,1,train,2,0.014800899981518062,0.12165894945098804,0.02898317491028198,0.17024445632760551
735,-1,train,18,0.02898317491028198,0.17024445632760551,0.02898317491028198,0.17024445632760551
736,0,train,16,0.03001720125238516,0.1732547293795617,0.07487281134762155,0.2736289665726594
736,1,train,2,0.11972842144285793,0.3460179495963438,0.07487281134762155,0.2736289665726594
736,-1,train,18,0.07487281134762155,0.2736289665726594,0.07487281134762155,0.2736289665726594
737,0,train,16,0.04402872308495175,0.2098302244314478,0.02553461634950005,0.15979554546200608
737,1,train,2,0.007040509614048347,0.08390774466071858,0.02553461634950005,0.15979554546200608
737,-1,train,18,0.02553461634950005,0.15979554546200608,0.02553461634950005,0.15979554546200608
738,0,train,16,0.0442499383426466,0.2103566931253831,0.02457884857847304,0.15677642864433747
738,1,train,2,0.004907758814299477,0.07005539818100727,0.02457884857847304,0.15677642864433747
738,-1,train,18,0.02457884857847304,0.15677642864433747,0.02457884857847304,0.15677642864433747
739,0,train,16,0.031596781949903265,0.17775483664278524,0.06868236717368487,0.2620732095687861
739,1,train,2,0.10576795239746647,0.3252198524036724,0.06868236717368487,0.2620732095687861
739,-1,train,18,0.06868236717368487,0.2620732095687861,0.06868236717368487,0.2620732095687861
740,0,train,16,0.04344336511077855,0.20843072017046468,0.02702764826009582,0.16440087670111683
740,1,train,2,0.010611931409413093,0.10301422915992282,0.02702764826009582,0.16440087670111683
740,-1,train,18,0.02702764826009582,0.16440087670111683,0.02702764826009582,0.16440087670111683
741,0,train,16,0.04194092345150387,0.20479483258008213,0.032131391409523244,0.17925231214554316
741,1,train,2,0.022321859367542617,0.14940501787939592,0.032131391409523244,0.17925231214554316
741,-1,train,18,0.032131391409523244,0.17925231214554316,0.032131391409523244,0.17925231214554316
742,0,train,16,0.04410808463695861,0.21001924825348417,0.024389205267260423,0.15617043659816163
742,1,train,2,0.004670325897562238,0.06833978268594537,0.024389205267260423,0.15617043659816163
742,-1,train,18,0.024389205267260423,0.15617043659816163,0.024389205267260423,0.15617043659816163
743,0,train,16,0.0437679352912846,0.2092078757869421,0.025413945375864326,0.15941751903684967
743,1,train,2,0.007059955460444048,0.08402354110869197,0.025413945375864326,0.15941751903684967
743,-1,train,18,0.025413945375864326,0.15941751903684967,0.025413945375864326,0.15941751903684967
744,0,train,16,0.04412841177487936,0.21006763619101196,0.02398620432120126,0.15487480208607615
744,1,train,2,0.0038439968675231598,0.06199997473808485,0.02398620432120126,0.15487480208607615
744,-1,train,18,0.02398620432120126,0.15487480208607615,0.02398620432120126,0.15487480208607615
745,0,train,16,0.04302527388514461,0.20742534532969836,0.027641880154009514,0.16625847393143459
745,1,train,2,0.012258486422874415,0.110718049219061,0.027641880154009514,0.16625847393143459
745,-1,train,18,0.027641880154009514,0.16625847393143459,0.027641880154009514,0.16625847393143459
746,0,train,16,0.04344500847509157,0.2084346623647122,0.02600010724498415,0.1612454875182067
746,1,train,2,0.008555206014876726,0.0924943566650243,0.02600010724498415,0.1612454875182067
746,-1,train,18,0.02600010724498415,0.1612454875182067,0.02600010724498415,0.1612454875182067
747,0,train,16,0.04183058279316882,0.20452526199266638,0.031310724735572365,0.1769483674283896
747,1,train,2,0.020790866677975917,0.14419038344486054,0.031310724735572365,0.1769483674283896
747,-1,train,18,0.031310724735572365,0.1769483674283896,0.031310724735572365,0.1769483674283896
748,0,train,16,0.043357407546401806,0.20822441630702632,0.02581744975764797,0.1606780935835622
748,1,train,2,0.00827749196889414,0.09098072306205386,0.02581744975764797,0.1606780935835622
748,-1,train,18,0.02581744975764797,0.1606780935835622,0.02581744975764797,0.1606780935835622
749,0,train,16,0.0435716088105753,0.20873813453840986,0.024722310321963585,0.1572332990239777
749,1,train,2,0.0058730118333518684,0.0766355781171635,0.024722310321963585,0.1572332990239777
749,-1,train,18,0.024722310321963585,0.1572332990239777,0.024722310321963585,0.1572332990239777
750,0,train,16,0.03446954919849003,0.18565976731238792,0.0564226816362447,0.2375345903994715
750,1,train,2,0.07837581407399936,0.2799568075150154,0.0564226816362447,0.2375345903994715
750,-1,train,18,0.0564226816362447,0.2375345903994715,0.0564226816362447,0.2375345903994715
751,0,train,16,0.04233226632828478,0.2057480651872206,0.028620775146682962,0.16917675711126207
751,1,train,2,0.014909283965081144,0.12210357883813702,0.028620775146682962,0.16917675711126207
751,-1,train,18,0.028620775146682962,0.16917675711126207,0.028620775146682962,0.16917675711126207
752,0,train,16,0.04151690380313403,0.20375697240372911,0.031359153973715574,0.17708516023008697
752,1,train,2,0.021201404144297113,0.14560701955708424,0.031359153973715574,0.17708516023008697
752,-1,train,18,0.031359153973715574,0.17708516023008697,0.031359153973715574,0.17708516023008697
753,0,train,16,0.0342572120660901,0.1850870391629033,0.056611034207638765,0.23793073405434356
753,1,train,2,0.07896485634918743,0.28100686174751577,0.056611034207638765,0.23793073405434356
753,-1,train,18,0.056611034207638765,0.23793073405434356,0.056611034207638765,0.23793073405434356
754,0,train,16,0.0294699164144466,0.17166804133107189,0.07317826884992884,0.27051482186735876
754,1,train,2,0.1168866212854111,0.34188685450805373,0.07317826884992884,0.27051482186735876
754,-1,train,18,0.07317826884992884,0.27051482186735876,0.07317826884992884,0.27051482186735876
755,0,train,16,0.030246465702566845,0.17391511062172502,0.07036273988687623,0.26525975926792256
755,1,train,2,0.11047901407118561,0.3323838354541111,0.07036273988687623,0.26525975926792256
755,-1,train,18,0.07036273988687623,0.26525975926792256,0.07036273988687623,0.26525975926792256
756,0,train,16,0.041384202433001546,0.2034310753867303,0.031189012123851338,0.17660411128807657
756,1,train,2,0.02099382181470113,0.14489244912934948,0.031189012123851338,0.17660411128807657
756,-1,train,18,0.031189012123851338,0.17660411128807657,0.031189012123851338,0.17660411128807657
757,0,train,16,0.04270979800157081,0.20666348976432874,0.026405499121803407,0.16249768958912433
757,1,train,2,0.010101200242035997,0.10050472746112989,0.026405499121803407,0.16249768958912433
757,-1,train,18,0.026405499121803407,0.16249768958912433,0.026405499121803407,0.16249768958912433
758,0,train,16,0.04335464412522831,0.20821778052132894,0.024017478052563723,0.154975733753913
758,1,train,2,0.004680311979899136,0.06841280567188526,0.024017478052563723,0.154975733753913
758,-1,train,18,0.024017478052563723,0.154975733753913,0.024017478052563723,0.154975733753913
759,0,train,16,0.041863911119056456,0.20460672305439148,0.02912406691607506,0.17065774789348143
759,1,train,2,0.016384222713093664,0.12800086997006568,0.02912406691607506,0.17065774789348143
759,-1,train,18,0.02912406691607506,0.17065774789348143,0.02912406691607506,0.17065774789348143
760,0,train,16,0.03400484264659695,0.18440402014760132,0.05649575761643447,0.2376883623916713
760,1,train,2,0.07898667258627198,0.2810456770460488,0.05649575761643447,0.2376883623916713
760,-1,train,18,0.05649575761643447,0.2376883623916713,0.05649575761643447,0.2376883623916713
761,0,train,16,0.04313333875636423,0.20768567296846507,0.024364465588902158,0.15609120919802677
761,1,train,2,0.005595592421440089,0.07480369256554177,0.024364465588902158,0.15609120919802677
761,-1,train,18,0.024364465588902158,0.15609120919802677,0.024364465588902158,0.15609120919802677
762,0,train,16,0.042516529792274424,0.20619536801847518,0.026384244083725597,0.16243227537569496
762,1,train,2,0.010251958375176767,0.10125195492027186,0.026384244083725597,0.16243227537569496
762,-1,train,18,0.026384244083725597,0.16243227537569496,0.026384244083725597,0.16243227537569496
763,0,train,16,0.04252802696264736,0.2062232454468879,0.026197110233494962,0.16185521379768697
763,1,train,2,0.009866193504342561,0.09932871439992849,0.026197110233494962,0.16185521379768697
763,-1,train,18,0.026197110233494962,0.16185521379768697,0.026197110233494962,0.16185521379768697
764,0,train,16,0.03045053014959056,0.17450080271904356,0.0683888105966738,0.2615125438610427
764,1,train,2,0.10632709104375704,0.32607835108108146,0.0683888105966738,0.2615125438610427
764,-1,train,18,0.0683888105966738,0.2615125438610427,0.0683888105966738,0.2615125438610427
765,0,train,16,0.042944928750371966,0.20723158241535475,0.02449707013155387,0.15651539902371867
765,1,train,2,0.0060492115127357745,0.07777667717726038,0.02449707013155387,0.15651539902371867
765,-1,train,18,0.02449707013155387,0.15651539902371867,0.02449707013155387,0.15651539902371867
766,0,train,16,0.02835615121821532,0.16839284788320233,0.07544973828310922,0.27468115749557565
766,1,train,2,0.12254332534800312,0.3500618878827044,0.07544973828310922,0.27468115749557565
766,-1,train,18,0.07544973828310922,0.27468115749557565,0.07544973828310922,0.27468115749557565
767,0,train,16,0.03124407237376548,0.17675992864268045,0.06515887763633846,0.25526237019258924
767,1,train,2,0.09907368289891144,0.3147597224851227,0.06515887763633846,0.25526237019258924
767,-1,train,18,0.06515887763633846,0.25526237019258924,0.06515887763633846,0.25526237019258924
768,0,train,16,0.042855466108245546,0.20701561802976495,0.024421243746667952,0.15627297829973022
768,1,train,2,0.005987021385090356,0.07737584497173751,0.024421243746667952,0.15627297829973022
768,-1,train,18,0.024421243746667952,0.15627297829973022,0.024421243746667952,0.15627297829973022
769,0,train,16,0.04087942394428701,0.20218660673814923,0.031172860736234192,0.17655837770050503
769,1,train,2,0.021466297528181376,0.1465138134381239,0.031172860736234192,0.17655837770050503
769,-1,train,18,0.031172860736234192,0.17655837770050503,0.031172860736234192,0.17655837770050503
770,0,train,16,0.030215211524505264,0.1738252327037282,0.06834989254304338,0.2614381237368479
770,1,train,2,0.10648457356158152,0.3263197412992072,0.06834989254304338,0.2614381237368479
770,-1,train,18,0.06834989254304338,0.2614381237368479,0.06834989254304338,0.2614381237368479
771,0,train,16,0.03072487196027838,0.17528511619723558,0.0664124844909596,0.25770619800648875
771,1,train,2,0.10210009702164083,0.3195310579922409,0.0664124844909596,0.25770619800648875
771,-1,train,18,0.0664124844909596,0.25770619800648875,0.0664124844909596,0.25770619800648875
772,0,train,16,0.04238143154782041,0.205867509694513,0.025544137485417454,0.1598253343041004
772,1,train,2,0.008706843423014496,0.09331046791766985,0.025544137485417454,0.1598253343041004
772,-1,train,18,0.025544137485417454,0.1598253343041004,0.025544137485417454,0.1598253343041004
773,0,train,16,0.030445944891310694,0.17448766400898,0.06716561246254278,0.259163293046185
773,1,train,2,0.10388528003377487,0.3223123950979467,0.06716561246254278,0.259163293046185
773,-1,train,18,0.06716561246254278,0.259163293046185,0.06716561246254278,0.259163293046185
774,0,train,16,0.04125304229655015,0.20310844959417654,0.02949432527166141,0.1717391198057723
774,1,train,2,0.017735608246772668,0.13317510370475658,0.02949432527166141,0.1717391198057723
774,-1,train,18,0.02949432527166141,0.1717391198057723,0.02949432527166141,0.1717391198057723
775,0,train,16,0.0425687686678617,0.20632200238428694,0.024613557654090994,0.15688708568295542
775,1,train,2,0.006658346640320288,0.08159869263854837,0.024613557654090994,0.15688708568295542
775,-1,train,18,0.024613557654090994,0.15688708568295542,0.024613557654090994,0.15688708568295542
776,0,train,16,0.04245059643949696,0.2060354252052228,0.024860908592976707,0.1576734238639369
776,1,train,2,0.007271220746456452,0.08527145329157028,0.024860908592976707,0.1576734238639369
776,-1,train,18,0.024860908592976707,0.1576734238639369,0.024860908592976707,0.1576734238639369
777,0,train,16,0.04280464838097906,0.20689284274952352,0.023466395740712458,0.15318745294805466
777,1,train,2,0.0041281431004458555,0.06425062723776209,0.023466395740712458,0.15318745294805466
777,-1,train,18,0.023466395740712458,0.15318745294805466,0.023466395740712458,0.15318745294805466
778,0,train,16,0.04072569017571105,0.20180607071074708,0.030593434308852953,0.1749097890595405
778,1,train,2,0.02046117844199485,0.143042575626961,0.030593434308852953,0.1749097890595405
778,-1,train,18,0.030593434308852953,0.1749097890595405,0.030593434308852953,0.1749097890595405
779,0,train,16,0.041177126525189255,0.2029214787182206,0.028858366108979357,0.1698775032456604
779,1,train,2,0.01653960569276946,0.12860639833526735,0.028858366108979357,0.1698775032456604
779,-1,train,18,0.028858366108979357,0.1698775032456604,0.028858366108979357,0.1698775032456604
780,0,train,16,0.0427100827133142,0.20666417859250355,0.023347194961839093,0.15279788925845506
780,1,train,2,0.003984307210363984,0.06312136888854665,0.023347194961839093,0.15279788925845506
780,-1,train,18,0.023347194961839093,0.15279788925845506,0.023347194961839093,0.15279788925845506
781,0,train,16,0.04188801068163177,0.20466560698278488,0.026003044439812974,0.16125459509673817
781,1,train,2,0.010118078197994176,0.10058865839643243,0.026003044439812974,0.16125459509673817
781,-1,train,18,0.026003044439812974,0.16125459509673817,0.026003044439812974,0.16125459509673817
782,0,train,16,0.041335901378251536,0.2033123247081975,0.02772026967424454,0.1664940529696017
782,1,train,2,0.01410463797023755,0.11876294864240089,0.02772026967424454,0.1664940529696017
782,-1,train,18,0.02772026967424454,0.1664940529696017,0.02772026967424454,0.1664940529696017
783,0,train,16,0.03343850268209584,0.1828619771360242,0.05543597621920057,0.2354484576700399
783,1,train,2,0.0774334497563053,0.27826866470428413,0.05543597621920057,0.2354484576700399
783,-1,train,18,0.05543597621920057,0.2354484576700399,0.05543597621920057,0.2354484576700399
784,0,train,16,0.042391895222986066,0.20589292174085555,0.023887105771940996,0.1545545397972541
784,1,train,2,0.005382316320895924,0.07336427141937636,0.023887105771940996,0.1545545397972541
784,-1,train,18,0.023887105771940996,0.1545545397972541,0.023887105771940996,0.1545545397972541
785,0,train,16,0.0424288626547903,0.20598267561809733,0.023661157576692408,0.15382183712559283
785,1,train,2,0.004893452498594512,0.06995321649927552,0.023661157576692408,0.15382183712559283
785,-1,train,18,0.023661157576692408,0.15382183712559283,0.023661157576692408,0.15382183712559283
786,0,train,16,0.04241883948783155,0.2059583440597432,0.023620585912381302,0.15368990179052527
786,1,train,2,0.004822332336931051,0.06944301503341463,0.023620585912381302,0.15368990179052527
786,-1,train,18,0.023620585912381302,0.15368990179052527,0.023620585912381302,0.15368990179052527
787,0,train,16,0.04239473699555294,0.20589982271860494,0.02364586720869505,0.15377212754168113
787,1,train,2,0.004896997421837154,0.06997854972659232,0.02364586720869505,0.15377212754168113
787,-1,train,18,0.02364586720869505,0.15377212754168113,0.02364586720869505,0.15377212754168113
788,0,train,16,0.03307761682961711,0.18187252906807314,0.05622193077552701,0.23711164200757204
788,1,train,2,0.0793662447214369,0.2817201532042692,0.05622193077552701,0.23711164200757204
788,-1,train,18,0.05622193077552701,0.23711164200757204,0.05622193077552701,0.23711164200757204
789,0,train,16,0.029800026533403894,0.1726268418682445,0.06759202660919697,0.2599846661039781
789,1,train,2,0.10538402668499006,0.32462906013631937,0.06759202660919697,0.2599846661039781
789,-1,train,18,0.06759202660919697,0.2599846661039781,0.06759202660919697,0.2599846661039781
790,0,train,16,0.04244759375293073,0.20602813825526534,0.02318448038610204,0.1522645079659145
790,1,train,2,0.003921367019273349,0.0626208193756146,0.02318448038610204,0.1522645079659145
790,-1,train,18,0.02318448038610204,0.1522645079659145,0.02318448038610204,0.1522645079659145
791,0,train,16,0.04183433684615899,0.20453443926673814,0.025157025302272606,0.15860966333194396
791,1,train,2,0.008479713758386222,0.09208536126000821,0.025157025302272606,0.15860966333194396
791,-1,train,18,0.025157025302272606,0.15860966333194396,0.025157025302272606,0.15860966333194396
792,0,train,16,0.03253481221212778,0.1803740896363105,0.05751974498187247,0.2398327437650507
792,1,train,2,0.08250467775161716,0.28723627513184535,0.05751974498187247,0.2398327437650507
792,-1,train,18,0.05751974498187247,0.2398327437650507,0.05751974498187247,0.2398327437650507
793,0,train,16,0.039265943243405724,0.19815636059285538,0.033875335305082716,0.18405253409035888
793,1,train,2,0.02848472736675971,0.16877419046394418,0.033875335305082716,0.18405253409035888
793,-1,train,18,0.033875335305082716,0.18405253409035888,0.033875335305082716,0.18405253409035888
794,0,train,16,0.03049234439698459,0.17462057266251474,0.06434646358582716,0.2536660473650882
794,1,train,2,0.09820058277466971,0.3133697221728189,0.06434646358582716,0.2536660473650882
794,-1,train,18,0.06434646358582716,0.2536660473650882,0.06434646358582716,0.2536660473650882
795,0,train,16,0.03297870858513347,0.18160040909957628,0.05547878388491281,0.23553934678714045
795,1,train,2,0.07797885918469216,0.2792469501797507,0.05547878388491281,0.23553934678714045
795,-1,train,18,0.05547878388491281,0.23553934678714045,0.05547878388491281,0.23553934678714045
796,0,train,16,0.04207408142037737,0.2051196758489477,0.023533085500721612,0.15340497221642332
796,1,train,2,0.004992089581065852,0.07065472086892603,0.023533085500721612,0.15340497221642332
796,-1,train,18,0.023533085500721612,0.15340497221642332,0.023533085500721612,0.15340497221642332
797,0,train,16,0.04204317042030751,0.20504431330887357,0.02348418034336935,0.15324549045035338
797,1,train,2,0.00492519026643119,0.07017969981719208,0.02348418034336935,0.15324549045035338
797,-1,train,18,0.02348418034336935,0.15324549045035338,0.02348418034336935,0.15324549045035338
798,0,train,16,0.04189525413661509,0.20468330204639335,0.023863655052390745,0.1544786556531055
798,1,train,2,0.005832055968166406,0.07636789880680499,0.023863655052390745,0.1544786556531055
798,-1,train,18,0.023863655052390745,0.1544786556531055,0.023863655052390745,0.1544786556531055
799,0,train,16,0.041922939196393026,0.20475091989144523,0.023633756777925473,0.15373274465098669
799,1,train,2,0.005344574359457922,0.07310659586834777,0.023633756777925473,0.15373274465098669
799,-1,train,18,0.023633756777925473,0.15373274465098669,0.023633756777925473,0.15373274465098669
800,0,train,16,0.04156930894758925,0.2038855290293778,0.024745223343543843,0.15730614528219755
800,1,train,2,0.007921137739498438,0.08900077381404298,0.024745223343543843,0.15730614528219755
800,-1,train,18,0.024745223343543843,0.15730614528219755,0.024745223343543843,0.15730614528219755
801,0,train,16,0.030467778958944314,0.17455021901717657,0.06347530429890054,0.2519430576517252
801,1,train,2,0.09648282963885677,0.31061685343660406,0.06347530429890054,0.2519430576517252
801,-1,train,18,0.06347530429890054,0.2519430576517252,0.06347530429890054,0.2519430576517252
802,0,train,16,0.04188993309569454,0.2046703034045109,0.02339621165611703,0.15295820231722465
802,1,train,2,0.004902490216539521,0.07001778500166599,0.02339621165611703,0.15295820231722465
802,-1,train,18,0.02339621165611703,0.15295820231722465,0.02339621165611703,0.15295820231722465
803,0,train,16,0.032828745317117304,0.18118704511393,0.05496695476203277,0.23445032472153407
803,1,train,2,0.07710516420694823,0.27767816660109995,0.05496695476203277,0.23445032472153407
803,-1,train,18,0.05496695476203277,0.23445032472153407,0.05496695476203277,0.23445032472153407
804,0,train,16,0.04184529928125441,0.20456123601810391,0.023320560021336912,0.15271070696364716
804,1,train,2,0.004795820761419415,0.0692518646782844,0.023320560021336912,0.15271070696364716
804,-1,train,18,0.023320560021336912,0.15271070696364716,0.023320560021336912,0.15271070696364716
805,0,train,16,0.03991495093631005,0.19978726419947307,0.029948524325929052,0.17305641948777586
805,1,train,2,0.01998209771554806,0.14135804793342352,0.029948524325929052,0.17305641948777586
805,-1,train,18,0.029948524325929052,0.17305641948777586,0.029948524325929052,0.17305641948777586
806,0,train,16,0.029389684186614074,0.1714341978329122,0.06666454005129457,0.258194771541359
806,1,train,2,0.10393939591597508,0.3223963335957391,0.06666454005129457,0.258194771541359
806,-1,train,18,0.06666454005129457,0.258194771541359,0.06666454005129457,0.258194771541359
807,0,train,16,0.032801213537874255,0.1811110530527451,0.054612524882016907,0.23369322814753726
807,1,train,2,0.07642383622615956,0.27644861407892707,0.054612524882016907,0.23369322814753726
807,-1,train,18,0.054612524882016907,0.23369322814753726,0.054612524882016907,0.23369322814753726
808,0,train,16,0.041405600663149786,0.20348366190716588,0.02442326584117324,0.156279447916779
808,1,train,2,0.007440931019196698,0.08626083131524237,0.02442326584117324,0.156279447916779
808,-1,train,18,0.02442326584117324,0.156279447916779,0.02442326584117324,0.156279447916779
809,0,train,16,0.04164053965188083,0.20406013734162004,0.02354525975943169,0.15344464721661583
809,1,train,2,0.005449979866982546,0.0738239789430409,0.02354525975943169,0.15344464721661583
809,-1,train,18,0.02354525975943169,0.15344464721661583,0.02354525975943169,0.15344464721661583
810,0,train,16,0.030313285535203176,0.17410710937581836,0.06306692453005654,0.25113128942857066
810,1,train,2,0.0958205635249099,0.309548967895081,0.06306692453005654,0.25113128942857066
810,-1,train,18,0.06306692453005654,0.25113128942857066,0.06306692453005654,0.25113128942857066
811,0,train,16,0.041630125714986685,0.2040346189130332,0.02341885558913161,0.1530322044183237
811,1,train,2,0.005207585463276537,0.07216360206694603,0.02341885558913161,0.1530322044183237
811,-1,train,18,0.02341885558913161,0.1530322044183237,0.02341885558913161,0.1530322044183237
812,0,train,16,0.04156097050288802,0.20386507916484378,0.023580607251571285,0.15355978396563108
812,1,train,2,0.005600244000254549,0.07483477801299707,0.023580607251571285,0.15355978396563108
812,-1,train,18,0.023580607251571285,0.15355978396563108,0.023580607251571285,0.15355978396563108
813,0,train,16,0.03981890556078937,0.19954675031377828,0.029572563566201648,0.1719667513393262
813,1,train,2,0.019326221571613927,0.13901878136285734,0.029572563566201648,0.1719667513393262
813,-1,train,18,0.029572563566201648,0.1719667513393262,0.029572563566201648,0.1719667513393262
814,0,train,16,0.040777215450957284,0.2019336907278161,0.026149310966427565,0.16170748580825678
814,1,train,2,0.011521406481897842,0.10733781478070924,0.026149310966427565,0.16170748580825678
814,-1,train,18,0.026149310966427565,0.16170748580825678,0.026149310966427565,0.16170748580825678
815,0,train,16,0.04169782665940619,0.2042004570499444,0.022776108612711773,0.1509175556809471
815,1,train,2,0.00385439056601736,0.06208373833796866,0.022776108612711773,0.1509175556809471
815,-1,train,18,0.022776108612711773,0.1509175556809471,0.022776108612711773,0.1509175556809471
816,0,train,16,0.04142715817328405,0.20353662612238627,0.02355447713116146,0.15347467912056847
816,1,train,2,0.005681796089038867,0.07537768959737932,0.02355447713116146,0.15347467912056847
816,-1,train,18,0.02355447713116146,0.15347467912056847,0.02355447713116146,0.15347467912056847
817,0,train,16,0.041429529925365,0.20354245239105526,0.023387918076825994,0.15293108930765514
817,1,train,2,0.005346306228286988,0.07311843972820391,0.023387918076825994,0.15293108930765514
817,-1,train,18,0.023387918076825994,0.15293108930765514,0.023387918076825994,0.15293108930765514
818,0,train,16,0.04148402867526833,0.2036762840275429,0.023045034142423246,0.15180590944499903
818,1,train,2,0.004606039609578162,0.06786780981863318,0.023045034142423246,0.15180590944499903
818,-1,train,18,0.023045034142423246,0.15180590944499903,0.023045034142423246,0.15180590944499903
819,0,train,16,0.0319291540845244,0.17868730812378478,0.05634192154715547,0.23736453304391428
819,1,train,2,0.08075468900978654,0.28417369514046603,0.05634192154715547,0.23736453304391428
819,-1,train,18,0.05634192154715547,0.23736453304391428,0.05634192154715547,0.23736453304391428
820,0,train,16,0.03999642067415775,0.19999105148520457,0.02789885236527534,0.1670294954948836
820,1,train,2,0.01580128405639293,0.12570315849807803,0.02789885236527534,0.1670294954948836
820,-1,train,18,0.02789885236527534,0.1670294954948836,0.02789885236527534,0.1670294954948836
821,0,train,16,0.03257105318769412,0.1804745222675326,0.05382912063467846,0.23201103558813416
821,1,train,2,0.0750871880816628,0.2740204154468473,0.05382912063467846,0.23201103558813416
821,-1,train,18,0.05382912063467846,0.23201103558813416,0.05382912063467846,0.23201103558813416
822,0,train,16,0.02915048915344607,0.17073514328762568,0.0655803877795503,0.2560866802072109
822,1,train,2,0.10201028640565454,0.3193904920401585,0.0655803877795503,0.2560866802072109
822,-1,train,18,0.0655803877795503,0.2560866802072109,0.0655803877795503,0.2560866802072109
823,0,train,16,0.039683397443174936,0.19920692117287225,0.02848595015191954,0.16877781297291283
823,1,train,2,0.01728850286066414,0.13148575154998407,0.02848595015191954,0.16877781297291283
823,-1,train,18,0.02848595015191954,0.16877781297291283,0.02848595015191954,0.16877781297291283
824,0,train,16,0.04128145378172961,0.20317837921818752,0.02275252232869251,0.1508393924964315
824,1,train,2,0.004223590875655414,0.0649891596780218,0.02275252232869251,0.1508393924964315
824,-1,train,18,0.02275252232869251,0.1508393924964315,0.02275252232869251,0.1508393924964315
825,0,train,16,0.040118230247820505,0.20029535752937586,0.026581886065236884,0.16303952301585306
825,1,train,2,0.013045541882653264,0.11421708227166925,0.026581886065236884,0.16303952301585306
825,-1,train,18,0.026581886065236884,0.16303952301585306,0.026581886065236884,0.16303952301585306
826,0,train,16,0.04115783055875909,0.20287392774518634,0.022869732894396342,0.15122742110608228
826,1,train,2,0.004581635230033594,0.06768777755277236,0.022869732894396342,0.15122742110608228
826,-1,train,18,0.022869732894396342,0.15122742110608228,0.022869732894396342,0.15122742110608228
827,0,train,16,0.04116228632952554,0.20288490907291637,0.02276550915281187,0.15088243487169695
827,1,train,2,0.004368731976098201,0.06609638398655558,0.02276550915281187,0.15088243487169695
827,-1,train,18,0.02276550915281187,0.15088243487169695,0.02276550915281187,0.15088243487169695
828,0,train,16,0.04115366069266118,0.2028636504962414,0.022739420746364574,0.15079595732765708
828,1,train,2,0.004325180800067969,0.0657661067729265,0.022739420746364574,0.15079595732765708
828,-1,train,18,0.022739420746364574,0.15079595732765708,0.022739420746364574,0.15079595732765708
829,0,train,16,0.038683697152571285,0.19668171534886328,0.03137179920583858,0.1771208604479963
829,1,train,2,0.024059901259105877,0.15511254384834863,0.03137179920583858,0.1771208604479963
829,-1,train,18,0.03137179920583858,0.1771208604479963,0.03137179920583858,0.1771208604479963
830,0,train,16,0.040347986406785115,0.2008680821006292,0.02542224700160889,0.1594435542805318
830,1,train,2,0.010496507596432659,0.1024524650578631,0.02542224700160889,0.1594435542805318
830,-1,train,18,0.02542224700160889,0.1594435542805318,0.02542224700160889,0.1594435542805318
831,0,train,16,0.029156813981434986,0.17075366462080685,0.06452023795613528,0.2540083422963413
831,1,train,2,0.09988366193083556,0.31604376584713006,0.06452023795613528,0.2540083422963413
831,-1,train,18,0.06452023795613528,0.2540083422963413,0.06452023795613528,0.2540083422963413
832,0,train,16,0.02871391058181172,0.16945179427144383,0.06600212002705971,0.25690877763723785
832,1,train,2,0.1032903294723077,0.3213881290158485,0.06600212002705971,0.25690877763723785
832,-1,train,18,0.06600212002705971,0.25690877763723785,0.06600212002705971,0.25690877763723785
833,0,train,16,0.028559355287098853,0.16899513391544402,0.06636608881172854,0.25761616566459594
833,1,train,2,0.10417282233635823,0.3227581483655498,0.06636608881172854,0.25761616566459594
833,-1,train,18,0.06636608881172854,0.25761616566459594,0.06636608881172854,0.25761616566459594
834,0,train,16,0.04110402993757299,0.2027412881915595,0.02229000385010293,0.14929837189367784
834,1,train,2,0.0034759777626328704,0.05895742330387981,0.02229000385010293,0.14929837189367784
834,-1,train,18,0.02229000385010293,0.14929837189367784,0.02229000385010293,0.14929837189367784
835,0,train,16,0.029356143118552492,0.17133634500173187,0.0631547413909143,0.2513060711381926
835,1,train,2,0.09695333966327611,0.3113733123812574,0.0631547413909143,0.2513060711381926
835,-1,train,18,0.0631547413909143,0.2513060711381926,0.0631547413909143,0.2513060711381926
836,0,train,16,0.040858347926218376,0.2021344798054463,0.022729599567766174,0.1507633893482306
836,1,train,2,0.004600851209313972,0.0678295747392977,0.022729599567766174,0.1507633893482306
836,-1,train,18,0.022729599567766174,0.1507633893482306,0.022729599567766174,0.1507633893482306
837,0,train,16,0.040000415855803766,0.2000010396368073,0.02559457063523946,0.15998303233543068
837,1,train,2,0.011188725414675152,0.10577677162153869,0.02559457063523946,0.15998303233543068
837,-1,train,18,0.02559457063523946,0.15998303233543068,0.02559457063523946,0.15998303233543068
838,0,train,16,0.026559862168704533,0.16297196743214623,0.07243056767457742,0.2691292768811625
838,1,train,2,0.11830127318045032,0.3439495212679476,0.07243056767457742,0.2691292768811625
838,-1,train,18,0.07243056767457742,0.2691292768811625,0.07243056767457742,0.2691292768811625
839,0,train,16,0.04063315649166729,0.20157667645753882,0.023031066274391342,0.15175989679224003
839,1,train,2,0.005428976057115395,0.0736815856039716,0.023031066274391342,0.15175989679224003
839,-1,train,18,0.023031066274391342,0.15175989679224003,0.023031066274391342,0.15175989679224003
840,0,train,16,0.0403448716898073,0.2008603288103634,0.023873924124779185,0.1545118899139454
840,1,train,2,0.007402976559751073,0.08604055183313897,0.023873924124779185,0.1545118899139454
840,-1,train,18,0.023873924124779185,0.1545118899139454,0.023873924124779185,0.1545118899139454
841,0,train,16,0.04078027868288833,0.2019412753324301,0.02219025905782236,0.14896395220932598
841,1,train,2,0.0036002394327563866,0.06000199523979504,0.02219025905782236,0.14896395220932598
841,-1,train,18,0.02219025905782236,0.14896395220932598,0.02219025905782236,0.14896395220932598
842,0,train,16,0.04021274038924873,0.20053114568377833,0.02404339319112378,0.155059321522841
842,1,train,2,0.007874045992998834,0.08873582136318361,0.02404339319112378,0.155059321522841
842,-1,train,18,0.02404339319112378,0.155059321522841,0.02404339319112378,0.155059321522841
843,0,train,16,0.0404748323952163,0.2011835788408594,0.02299952860244992,0.151655954721369
843,1,train,2,0.005524224809683544,0.07432512905931307,0.02299952860244992,0.151655954721369
843,-1,train,18,0.02299952860244992,0.151655954721369,0.02299952860244992,0.151655954721369
844,0,train,16,0.040150833489149815,0.2003767289111932,0.024005999830696817,0.15493869700851629
844,1,train,2,0.00786116617224382,0.08866321769620038,0.024005999830696817,0.15493869700851629
844,-1,train,18,0.024005999830696817,0.15493869700851629,0.024005999830696817,0.15493869700851629
845,0,train,16,0.04056472518944528,0.20140686480218414,0.022445107782032236,0.14981691420541352
845,1,train,2,0.004325490374619193,0.06576846033334818,0.022445107782032236,0.14981691420541352
845,-1,train,18,0.022445107782032236,0.14981691420541352,0.022445107782032236,0.14981691420541352
846,0,train,16,0.031634079846953,0.17785971957403116,0.05362852845267915,0.23157834193352184
846,1,train,2,0.0756229770584053,0.27499632189977613,0.05362852845267915,0.23157834193352184
846,-1,train,18,0.05362852845267915,0.23157834193352184,0.05362852845267915,0.23157834193352184
847,0,train,16,0.04056143943863571,0.2013987076389412,0.022254304213609438,0.14917876596087473
847,1,train,2,0.00394716898858317,0.06282649909539104,0.022254304213609438,0.14917876596087473
847,-1,train,18,0.022254304213609438,0.14917876596087473,0.022254304213609438,0.14917876596087473
848,0,train,16,0.026308095360184934,0.16219770454659627,0.07201144755852484,0.26834948771802203
848,1,train,2,0.11771479975686475,0.34309590460520617,0.07201144755852484,0.26834948771802203
848,-1,train,18,0.07201144755852484,0.26834948771802203,0.07201144755852484,0.26834948771802203
849,0,train,16,0.03963273059060167,0.19907970913832898,0.02530482355115949,0.15907489918638795
849,1,train,2,0.010976916511717314,0.1047707808108602,0.02530482355115949,0.15907489918638795
849,-1,train,18,0.02530482355115949,0.15907489918638795,0.02530482355115949,0.15907489918638795
850,0,train,16,0.04036446348968318,0.2009090926008158,0.022517245144753267,0.150057472805433
850,1,train,2,0.004670026799823356,0.06833759433740227,0.022517245144753267,0.150057472805433
850,-1,train,18,0.022517245144753267,0.150057472805433,0.022517245144753267,0.150057472805433
851,0,train,16,0.04000637113458322,0.20001592720226863,0.023641132826126267,0.1537567326204816
851,1,train,2,0.0072758945176693126,0.0852988541404239,0.023641132826126267,0.1537567326204816
851,-1,train,18,0.023641132826126267,0.1537567326204816,0.023641132826126267,0.1537567326204816
852,0,train,16,0.03853078290850391,0.19629259514435055,0.02867511607332516,0.16933728494730615
852,1,train,2,0.01881944923814641,0.13718399774808435,0.02867511607332516,0.16933728494730615
852,-1,train,18,0.02867511607332516,0.16933728494730615,0.02867511607332516,0.16933728494730615
853,0,train,16,0.040279405710483565,0.20069729871247288,0.022428343276362214,0.1497609537775525
853,1,train,2,0.004577280842240863,0.06765560466244362,0.022428343276362214,0.1497609537775525
853,-1,train,18,0.022428343276362214,0.1497609537775525,0.022428343276362214,0.1497609537775525
854,0,train,16,0.03982377075028655,0.19955894054210288,0.023882219650511283,0.15453873187816472
854,1,train,2,0.007940668550736016,0.08911042896729886,0.023882219650511283,0.15453873187816472
854,-1,train,18,0.023882219650511283,0.15453873187816472,0.023882219650511283,0.15453873187816472
855,0,train,16,0.040308732850679624,0.2007703485345374,0.022060992650452207,0.14852943361654689
855,1,train,2,0.0038132524502247924,0.06175153803934597,0.022060992650452207,0.14852943361654689
855,-1,train,18,0.022060992650452207,0.14852943361654689,0.022060992650452207,0.14852943361654689
856,0,train,16,0.03752406805473348,0.19371130079252857,0.031698781913563505,0.17804151738727544
856,1,train,2,0.025873495772393524,0.1608524036885788,0.031698781913563505,0.17804151738727544
856,-1,train,18,0.031698781913563505,0.17804151738727544,0.031698781913563505,0.17804151738727544
857,0,train,16,0.028799744077922056,0.1697048734654431,0.06211192659375567,0.2492226446247525
857,1,train,2,0.09542410910958928,0.30890792982633075,0.06211192659375567,0.2492226446247525
857,-1,train,18,0.06211192659375567,0.2492226446247525,0.06211192659375567,0.2492226446247525
858,0,train,16,0.03979337251025096,0.19948276243889085,0.023496788727666834,0.15328662279425048
858,1,train,2,0.007200204945082708,0.08485402138427328,0.023496788727666834,0.15328662279425048
858,-1,train,18,0.023496788727666834,0.15328662279425048,0.023496788727666834,0.15328662279425048
859,0,train,16,0.0398162007217506,0.1995399727416805,0.023287799513865656,0.1526034059707242
859,1,train,2,0.006759398305980713,0.08221555999919183,0.023287799513865656,0.1526034059707242
859,-1,train,18,0.023287799513865656,0.1526034059707242,0.023287799513865656,0.1526034059707242
860,0,train,16,0.0400469072310934,0.2001172337183717,0.022333825660683555,0.14944505900391472
860,1,train,2,0.0046207440902737065,0.06797605527149768,0.022333825660683555,0.14944505900391472
860,-1,train,18,0.022333825660683555,0.14944505900391472,0.022333825660683555,0.14944505900391472
861,0,train,16,0.031197833130904233,0.1766290834797719,0.05319113479635361,0.23063203332658194
861,1,train,2,0.07518443646180299,0.2741978053555553,0.05319113479635361,0.23063203332658194
861,-1,train,18,0.05319113479635361,0.23063203332658194,0.05319113479635361,0.23063203332658194
862,0,train,16,0.04004696379255621,0.200117375039141,0.022089893671188614,0.14862669232405265
862,1,train,2,0.004132823549821013,0.06428704029445603,0.022089893671188614,0.14862669232405265
862,-1,train,18,0.022089893671188614,0.14862669232405265,0.022089893671188614,0.14862669232405265
863,0,train,16,0.04000081030671042,0.20000202575651682,0.02211312722274871,0.14870483254672226
863,1,train,2,0.004225444138787001,0.06500341636242668,0.02211312722274871,0.14870483254672226
863,-1,train,18,0.02211312722274871,0.14870483254672226,0.02211312722274871,0.14870483254672226
864,0,train,16,0.03999191884036847,0.19997979608042527,0.022016087998358226,0.14837819246222886
864,1,train,2,0.004040257156347984,0.06356301720613948,0.022016087998358226,0.14837819246222886
864,-1,train,18,0.022016087998358226,0.14837819246222886,0.022016087998358226,0.14837819246222886
865,0,train,16,0.039122777780411525,0.19779478704053735,0.02494868324275934,0.15795152181210328
865,1,train,2,0.010774588705107158,0.10380071630343964,0.02494868324275934,0.15795152181210328
865,-1,train,18,0.02494868324275934,0.15795152181210328,0.02494868324275934,0.15795152181210328
866,0,train,16,0.039514366327687137,0.1987822082775195,0.023475914531651303,0.15321851889263027
866,1,train,2,0.0074374627356154676,0.08624072550492295,0.023475914531651303,0.15321851889263027
866,-1,train,18,0.023475914531651303,0.15321851889263027,0.023475914531651303,0.15321851889263027
867,0,train,16,0.030294096284182327,0.17405199304857824,0.05564983623824179,0.23590217514521097
867,1,train,2,0.08100557619230125,0.28461478561786147,0.05564983623824179,0.23590217514521097
867,-1,train,18,0.05564983623824179,0.23590217514521097,0.05564983623824179,0.23590217514521097
868,0,train,16,0.03992794002147659,0.19981976884551886,0.02185131295298976,0.14782189605396678
868,1,train,2,0.0037746858845029317,0.06143847234838226,0.02185131295298976,0.14782189605396678
868,-1,train,18,0.02185131295298976,0.14782189605396678,0.02185131295298976,0.14782189605396678
869,0,train,16,0.039482433393376384,0.19870187063381256,0.023305172395336908,0.15266031702881044
869,1,train,2,0.007127911397297432,0.08442695894853391,0.023305172395336908,0.15266031702881044
869,-1,train,18,0.023305172395336908,0.15266031702881044,0.023305172395336908,0.15266031702881044
870,0,train,16,0.03976376058520857,0.19940852686183852,0.02220166790968669,0.14900224129081646
870,1,train,2,0.004639575234164802,0.06811442750375872,0.02220166790968669,0.14900224129081646
870,-1,train,18,0.02220166790968669,0.14900224129081646,0.02220166790968669,0.14900224129081646
871,0,train,16,0.030602107604335606,0.1749345809276588,0.05414516119133131,0.23269112830387692
871,1,train,2,0.077688214778327,0.2787260568700512,0.05414516119133131,0.23269112830387692
871,-1,train,18,0.05414516119133131,0.23269112830387692,0.05414516119133131,0.23269112830387692
872,0,train,16,0.028112133847581718,0.1676667344692492,0.06273080663012513,0.25046118787174415
872,1,train,2,0.09734947941266855,0.3120087809864789,0.06273080663012513,0.25046118787174415
872,-1,train,18,0.06273080663012513,0.25046118787174415,0.06273080663012513,0.25046118787174415
873,0,train,16,0.03982066663682349,0.19955116295532704,0.02162805826499268,0.14706480974384278
873,1,train,2,0.0034354498931618684,0.0586127110204081,0.02162805826499268,0.14706480974384278
873,-1,train,18,0.02162805826499268,0.14706480974384278,0.02162805826499268,0.14706480974384278
874,0,train,16,0.03905946901649747,0.19763468576264004,0.02414975399025981,0.15540191115382015
874,1,train,2,0.009240038964022153,0.09612512139925834,0.02414975399025981,0.15540191115382015
874,-1,train,18,0.02414975399025981,0.15540191115382015,0.02414975399025981,0.15540191115382015
875,0,train,16,0.03963981836539813,0.19909750969160345,0.021977213456926874,0.1482471364206637
875,1,train,2,0.004314608548455615,0.06568567993448507,0.021977213456926874,0.1482471364206637
875,-1,train,18,0.021977213456926874,0.1482471364206637,0.021977213456926874,0.1482471364206637
876,0,train,16,0.027442090048465574,0.165656542425784,0.0645932808408825,0.2541520821100675
876,1,train,2,0.10174447163329944,0.3189740924170793,0.0645932808408825,0.2541520821100675
876,-1,train,18,0.0645932808408825,0.2541520821100675,0.0645932808408825,0.2541520821100675
877,0,train,16,0.039274755566967044,0.19817859512814961,0.023053815374735297,0.15183482925447409
877,1,train,2,0.006832875182503551,0.08266120724078224,0.023053815374735297,0.15183482925447409
877,-1,train,18,0.023053815374735297,0.15183482925447409,0.023053815374735297,0.15183482925447409
878,0,train,16,0.03892449073965304,0.19729290595369373,0.024124926554675,0.15532200924104414
878,1,train,2,0.009325362369696957,0.09656791584008095,0.024124926554675,0.15532200924104414
878,-1,train,18,0.024124926554675,0.15532200924104414,0.024124926554675,0.15532200924104414
879,0,train,16,0.02822553883331763,0.1680045797986401,0.0615531024509682,0.24809897712600146
879,1,train,2,0.09488066606861877,0.30802705411800885,0.0615531024509682,0.24809897712600146
879,-1,train,18,0.0615531024509682,0.24809897712600146,0.0615531024509682,0.24809897712600146
880,0,train,16,0.027643411950255558,0.16626308053881222,0.06346120335689022,0.25191507171443756
880,1,train,2,0.09927899476352489,0.31508569431747435,0.06346120335689022,0.25191507171443756
880,-1,train,18,0.06346120335689022,0.25191507171443756,0.06346120335689022,0.25191507171443756
881,0,train,16,0.02773754197523042,0.1665459155165038,0.0630117591751697,0.2510214317048839
881,1,train,2,0.09828597637510897,0.31350594312565905,0.0630117591751697,0.2510214317048839
881,-1,train,18,0.0630117591751697,0.2510214317048839,0.0630117591751697,0.2510214317048839
882,0,train,16,0.03944845083927085,0.19861634081633578,0.021850832798449165,0.14782027194687866
882,1,train,2,0.004253214757627479,0.06521667545672256,0.021850832798449165,0.14782027194687866
882,-1,train,18,0.021850832798449165,0.14782027194687866,0.021850832798449165,0.14782027194687866
883,0,train,16,0.03058173906674876,0.17487635365236995,0.05263675798609912,0.22942702104612508
883,1,train,2,0.07469177690544948,0.27329796359550407,0.05263675798609912,0.22942702104612508
883,-1,train,18,0.05263675798609912,0.22942702104612508,0.05263675798609912,0.22942702104612508
884,0,train,16,0.03943180750408851,0.19857443819406492,0.02149622989741259,0.1466159264793992
884,1,train,2,0.003560652290736671,0.059671201519130405,0.02149622989741259,0.1466159264793992
884,-1,train,18,0.02149622989741259,0.1466159264793992,0.02149622989741259,0.1466159264793992
885,0,train,16,0.03936968629917813,0.1984179586105505,0.021503435947697568,0.1466404990024842
885,1,train,2,0.0036371855962170066,0.06030908386152957,0.021503435947697568,0.1466404990024842
885,-1,train,18,0.021503435947697568,0.1466404990024842,0.021503435947697568,0.1466404990024842
886,0,train,16,0.026921994708409325,0.16407923301993255,0.06485833961297496,0.25467300526945325
886,1,train,2,0.10279468451754059,0.3206161014633242,0.06485833961297496,0.25467300526945325
886,-1,train,18,0.06485833961297496,0.25467300526945325,0.06485833961297496,0.25467300526945325
887,0,train,16,0.03816684698371812,0.19536337165323012,0.02537331998945251,0.15929004987585543
887,1,train,2,0.012579792995186901,0.11215967633328344,0.02537331998945251,0.15929004987585543
887,-1,train,18,0.02537331998945251,0.15929004987585543,0.02537331998945251,0.15929004987585543
888,0,train,16,0.03910262671165835,0.1977438411472235,0.02189711402267993,0.14797673473448428
888,1,train,2,0.004691601333701508,0.06849526504585195,0.02189711402267993,0.14797673473448428
888,-1,train,18,0.02189711402267993,0.14797673473448428,0.02189711402267993,0.14797673473448428
889,0,train,16,0.03911611068700696,0.19777793276047498,0.021702233849771685,0.14731678061161832
889,1,train,2,0.004288357012536411,0.06548554811969134,0.021702233849771685,0.14731678061161832
889,-1,train,18,0.021702233849771685,0.14731678061161832,0.021702233849771685,0.14731678061161832
890,0,train,16,0.03728047677126296,0.19308152881946777,0.027992297633818313,0.16730898850276488
890,1,train,2,0.018704118496373663,0.13676300119686488,0.027992297633818313,0.16730898850276488
890,-1,train,18,0.027992297633818313,0.16730898850276488,0.027992297633818313,0.16730898850276488
891,0,train,16,0.03921948645684268,0.19803910335295571,0.02107502172877614,0.1451723862474408
891,1,train,2,0.002930557000709602,0.05413461924415468,0.02107502172877614,0.1451723862474408
891,-1,train,18,0.02107502172877614,0.1451723862474408,0.02107502172877614,0.1451723862474408
892,0,train,16,0.027601223138394703,0.16613615843155488,0.06159029863629966,0.24817392819613357
892,1,train,2,0.09557937413420461,0.30915914046685505,0.06159029863629966,0.24817392819613357
892,-1,train,18,0.06159029863629966,0.24817392819613357,0.06159029863629966,0.24817392819613357
893,0,train,16,0.03870418380213044,0.19673378917240028,0.022607906639283464,0.1503592585751987
893,1,train,2,0.006511629476436487,0.08069466820327405,0.022607906639283464,0.1503592585751987
893,-1,train,18,0.022607906639283464,0.1503592585751987,0.022607906639283464,0.1503592585751987
894,0,train,16,0.03904212205892191,0.19759079446907923,0.021266280199924475,0.1458296273050318
894,1,train,2,0.003490438340927044,0.0590799317952132,0.021266280199924475,0.1458296273050318
894,-1,train,18,0.021266280199924475,0.1458296273050318,0.021266280199924475,0.1458296273050318
895,0,train,16,0.037127314637091506,0.19268449506146443,0.0278381172432348,0.1668475868666814
895,1,train,2,0.018548919849378093,0.13619441930335505,0.0278381172432348,0.1668475868666814
895,-1,train,18,0.0278381172432348,0.1668475868666814,0.0278381172432348,0.1668475868666814
896,0,train,16,0.027001206849979458,0.1643204395380546,0.06313690013071213,0.25127057155726
896,1,train,2,0.09927259341144481,0.3150755360408751,0.06313690013071213,0.25127057155726
896,-1,train,18,0.06313690013071213,0.25127057155726,0.06313690013071213,0.25127057155726
897,0,train,16,0.030247015583225168,0.17391669150264205,0.05159783820460799,0.22715157539539096
897,1,train,2,0.07294866082599082,0.27009009760817004,0.05159783820460799,0.22715157539539096
897,-1,train,18,0.05159783820460799,0.22715157539539096,0.05159783820460799,0.22715157539539096
898,0,train,16,0.027368435191039542,0.16543408110495111,0.06144620133196938,0.24788344303718507
898,1,train,2,0.09552396747289922,0.3090695188350013,0.06144620133196938,0.24788344303718507
898,-1,train,18,0.06144620133196938,0.24788344303718507,0.06144620133196938,0.24788344303718507
899,0,train,16,0.03771781846256972,0.19421075784458933,0.02526194454398253,0.15894006588642945
899,1,train,2,0.012806070625395344,0.11316391043700878,0.02526194454398253,0.15894006588642945
899,-1,train,18,0.02526194454398253,0.15894006588642945,0.02526194454398253,0.15894006588642945
900,0,train,16,0.038804869845119196,0.19698951709448703,0.021098587901375244,0.1452535297380936
900,1,train,2,0.003392305957631291,0.058243505712064506,0.021098587901375244,0.1452535297380936
900,-1,train,18,0.021098587901375244,0.1452535297380936,0.021098587901375244,0.1452535297380936
901,0,train,16,0.03863595342033205,0.19656030479303813,0.0215284063164069,0.1467256157472406
901,1,train,2,0.004420859212481755,0.06648954212868183,0.0215284063164069,0.1467256157472406
901,-1,train,18,0.0215284063164069,0.1467256157472406,0.0215284063164069,0.1467256157472406
902,0,train,16,0.026806631449203533,0.16372730819629183,0.06277402281658932,0.25054744623841074
902,1,train,2,0.09874141418397511,0.3142314659355029,0.06277402281658932,0.25054744623841074
902,-1,train,18,0.06277402281658932,0.25054744623841074,0.06277402281658932,0.25054744623841074
903,0,train,16,0.029996927251994838,0.1731962102703025,0.05143951189230802,0.22680280397805494
903,1,train,2,0.0728820965326212,0.2699668433949273,0.05143951189230802,0.22680280397805494
903,-1,train,18,0.05143951189230802,0.22680280397805494,0.05143951189230802,0.22680280397805494
904,0,train,16,0.038605505378137506,0.19648283736280253,0.02117057105465357,0.14550110327641358
904,1,train,2,0.0037356367311696323,0.06111985545769584,0.02117057105465357,0.14550110327641358
904,-1,train,18,0.02117057105465357,0.14550110327641358,0.02117057105465357,0.14550110327641358
905,0,train,16,0.03845980735915853,0.19611172162611426,0.02151283912547309,0.1466725575064166
905,1,train,2,0.004565870891787652,0.06757122828384617,0.02151283912547309,0.1466725575064166
905,-1,train,18,0.02151283912547309,0.1466725575064166,0.02151283912547309,0.1466725575064166
906,0,train,16,0.026778869522813425,0.16364250524485816,0.06221424229287161,0.24942782982833253
906,1,train,2,0.0976496150629298,0.31248938392036585,0.06221424229287161,0.24942782982833253
906,-1,train,18,0.06221424229287161,0.24942782982833253,0.06221424229287161,0.24942782982833253
907,0,train,16,0.03831759177750117,0.1957487976399885,0.021715138886466773,0.14736057439650121
907,1,train,2,0.005112685995432374,0.07150304885410394,0.021715138886466773,0.14736057439650121
907,-1,train,18,0.021715138886466773,0.14736057439650121,0.021715138886466773,0.14736057439650121
908,0,train,16,0.038445838366074604,0.1960761035059464,0.021103849110812742,0.14527163904497237
908,1,train,2,0.0037618598555508795,0.061334002441964276,0.021103849110812742,0.14527163904497237
908,-1,train,18,0.021103849110812742,0.14527163904497237,0.021103849110812742,0.14527163904497237
909,0,train,16,0.03852661861131117,0.1962819874856355,0.02067933512960363,0.1438031123780137
909,1,train,2,0.002832051647896091,0.05321702404208724,0.02067933512960363,0.1438031123780137
909,-1,train,18,0.02067933512960363,0.1438031123780137,0.02067933512960363,0.1438031123780137
910,0,train,16,0.0363358817332165,0.19061973070282232,0.028210226675301674,0.1679590029599535
910,1,train,2,0.020084571617386842,0.14172004663203736,0.028210226675301674,0.1679590029599535
910,-1,train,18,0.028210226675301674,0.1679590029599535,0.028210226675301674,0.1679590029599535
911,0,train,16,0.038236536163807865,0.19554164815662126,0.02145172491726711,0.14646407381083973
911,1,train,2,0.004666913670726361,0.06831481296707444,0.02145172491726711,0.14646407381083973
911,-1,train,18,0.02145172491726711,0.14646407381083973,0.02145172491726711,0.14646407381083973
912,0,train,16,0.027161269241453075,0.16480676333649985,0.060067044490914726,0.24508579006322403
912,1,train,2,0.09297281974037637,0.30491444659178807,0.060067044490914726,0.24508579006322403
912,-1,train,18,0.060067044490914726,0.24508579006322403,0.060067044490914726,0.24508579006322403
913,0,train,16,0.02666688741049376,0.1632999920713218,0.06164361093426111,0.24828131410611856
913,1,train,2,0.09662033445802845,0.3108381161602104,0.06164361093426111,0.24828131410611856
913,-1,train,18,0.06164361093426111,0.24828131410611856,0.06164361093426111,0.24828131410611856
914,0,train,16,0.03812374051779101,0.19525301666758188,0.021479774581702287,0.14655979865468663
914,1,train,2,0.004835808645613564,0.0695399787576439,0.021479774581702287,0.14655979865468663
914,-1,train,18,0.021479774581702287,0.14655979865468663,0.021479774581702287,0.14655979865468663
915,0,train,16,0.03652026114450163,0.19110275022746698,0.026936580308344595,0.16412367382052045
915,1,train,2,0.01735289947218756,0.13173040450931425,0.026936580308344595,0.16412367382052045
915,-1,train,18,0.026936580308344595,0.16412367382052045,0.026936580308344595,0.16412367382052045
916,0,train,16,0.037127700245328354,0.19268549567969134,0.024791707855706342,0.15745382769468116
916,1,train,2,0.01245571546608433,0.11160517669931055,0.024791707855706342,0.15745382769468116
916,-1,train,18,0.024791707855706342,0.15745382769468116,0.024791707855706342,0.15745382769468116
917,0,train,16,0.038223694689350676,0.1955088097486931,0.020743240252951777,0.14402513757310484
917,1,train,2,0.0032627858165528768,0.05712080020931847,0.020743240252951777,0.14402513757310484
917,-1,train,18,0.020743240252951777,0.14402513757310484,0.020743240252951777,0.14402513757310484
918,0,train,16,0.0380838436598971,0.19515082285221627,0.02107334746255711,0.14516661965671415
918,1,train,2,0.004062851265217115,0.06374049941141907,0.02107334746255711,0.14516661965671415
918,-1,train,18,0.02107334746255711,0.14516661965671415,0.02107334746255711,0.14516661965671415
919,0,train,16,0.0379257344175521,0.19474530653536198,0.02147907067899452,0.1465573972169079
919,1,train,2,0.0050324069404369415,0.0709394596852622,0.02147907067899452,0.1465573972169079
919,-1,train,18,0.02147907067899452,0.1465573972169079,0.02147907067899452,0.1465573972169079
920,0,train,16,0.037038928320171784,0.19245500336486912,0.0244194768674594,0.15626732501537038
920,1,train,2,0.011800025414747013,0.10862792189279427,0.0244194768674594,0.15626732501537038
920,-1,train,18,0.0244194768674594,0.15626732501537038,0.0244194768674594,0.15626732501537038
921,0,train,16,0.029581184763934475,0.1719918159795241,0.050454425339396564,0.22462062536507318
921,1,train,2,0.07132766591485866,0.26707239826470025,0.050454425339396564,0.22462062536507318
921,-1,train,18,0.050454425339396564,0.22462062536507318,0.050454425339396564,0.22462062536507318
922,0,train,16,0.015682559102355494,0.12523002476385403,0.09898541378405876,0.3146194745785117
922,1,train,2,0.18228826846576202,0.4269523023310239,0.09898541378405876,0.3146194745785117
922,-1,train,18,0.09898541378405876,0.3146194745785117,0.09898541378405876,0.3146194745785117
923,0,train,16,0.03781348010998066,0.1944568849642014,0.021312234008981825,0.14598710220078287
923,1,train,2,0.00481098790798299,0.0693612853685901,0.021312234008981825,0.14598710220078287
923,-1,train,18,0.021312234008981825,0.14598710220078287,0.021312234008981825,0.14598710220078287
924,0,train,16,0.037988660144521916,0.19490679861031507,0.020525127101552007,0.14326593140573235
924,1,train,2,0.0030615940585820975,0.05533167319521521,0.020525127101552007,0.14326593140573235
924,-1,train,18,0.020525127101552007,0.14326593140573235,0.020525127101552007,0.14326593140573235
925,0,train,16,0.027077183844247076,0.16455146260136091,0.05854412206247425,0.24195892639552327
925,1,train,2,0.09001106028070142,0.3000184332348621,0.05854412206247425,0.24195892639552327
925,-1,train,18,0.05854412206247425,0.24195892639552327,0.05854412206247425,0.24195892639552327
926,0,train,16,0.037912639830641325,0.194711683857547,0.02049118222009524,0.1431474142976227
926,1,train,2,0.0030697246095491557,0.05540509551971872,0.02049118222009524,0.1431474142976227
926,-1,train,18,0.02049118222009524,0.1431474142976227,0.02049118222009524,0.1431474142976227
927,0,train,16,0.03781907975836357,0.19447128260584792,0.02067136274690679,0.14377538992089983
927,1,train,2,0.0035236457354500075,0.05936030437464086,0.02067136274690679,0.14377538992089983
927,-1,train,18,0.02067136274690679,0.14377538992089983,0.02067136274690679,0.14377538992089983
928,0,train,16,0.037435383522304286,0.19348225635004437,0.021873322256577142,0.1478963226607651
928,1,train,2,0.006311260990849996,0.07944344523527411,0.021873322256577142,0.1478963226607651
928,-1,train,18,0.021873322256577142,0.1478963226607651,0.021873322256577142,0.1478963226607651
929,0,train,16,0.03781178495429596,0.19445252622245862,0.02043439454154782,0.14294892284150942
929,1,train,2,0.003057004128799673,0.05529018112467776,0.02043439454154782,0.14294892284150942
929,-1,train,18,0.02043439454154782,0.14294892284150942,0.02043439454154782,0.14294892284150942
930,0,train,16,0.02937858259238189,0.17140181618752437,0.04982091723983665,0.22320599732049462
930,1,train,2,0.0702632518872914,0.2650721635466301,0.04982091723983665,0.22320599732049462
930,-1,train,18,0.04982091723983665,0.22320599732049462,0.04982091723983665,0.22320599732049462
931,0,train,16,0.0361410575606884,0.1901080155087849,0.02603207247778256,0.16134457684651987
931,1,train,2,0.01592308739487672,0.12618671639628604,0.02603207247778256,0.16134457684651987
931,-1,train,18,0.02603207247778256,0.16134457684651987,0.02603207247778256,0.16134457684651987
932,0,train,16,0.02696611429371032,0.1642136239588857,0.05800690649023653,0.24084622996890886
932,1,train,2,0.08904769868676274,0.29840861027584764,0.05800690649023653,0.24084622996890886
932,-1,train,18,0.05800690649023653,0.24084622996890886,0.05800690649023653,0.24084622996890886
933,0,train,16,0.03757601317784544,0.19384533313403612,0.020803422186803363,0.14423391482866768
933,1,train,2,0.004030831195761287,0.06348882733017902,0.020803422186803363,0.14423391482866768
933,-1,train,18,0.020803422186803363,0.14423391482866768,0.020803422186803363,0.14423391482866768
934,0,train,16,0.026194972875833823,0.16184861097900663,0.06048190360614043,0.24593068862210027
934,1,train,2,0.09476883433644705,0.3078454715217475,0.06048190360614043,0.24593068862210027
934,-1,train,18,0.06048190360614043,0.24593068862210027,0.06048190360614043,0.24593068862210027
935,0,train,16,0.035901179088937654,0.18947606468611716,0.026422727889380413,0.16255069329098665
935,1,train,2,0.016944276689823172,0.13017018356683366,0.026422727889380413,0.16255069329098665
935,-1,train,18,0.026422727889380413,0.16255069329098665,0.026422727889380413,0.16255069329098665
936,0,train,16,0.02693505955125222,0.16411904079433387,0.05769324665240058,0.24019418530097805
936,1,train,2,0.08845143375354894,0.2974078575854191,0.05769324665240058,0.24019418530097805
936,-1,train,18,0.05769324665240058,0.24019418530097805,0.05769324665240058,0.24019418530097805
937,0,train,16,0.02699033966471609,0.16428736915757125,0.05741058017137779,0.2396050503878785
937,1,train,2,0.08783082067803949,0.29636265061245404,0.05741058017137779,0.2396050503878785
937,-1,train,18,0.05741058017137779,0.2396050503878785,0.05741058017137779,0.2396050503878785
938,0,train,16,0.03741503992267995,0.19342967694405103,0.02093065149777672,0.14467429453008132
938,1,train,2,0.004446263072873489,0.06668030498485658,0.02093065149777672,0.14467429453008132
938,-1,train,18,0.02093065149777672,0.14467429453008132,0.02093065149777672,0.14467429453008132
939,0,train,16,0.03729341735287008,0.1931150365789005,0.021291575107876895,0.14591632913377753
939,1,train,2,0.005289732862883709,0.07273054972213333,0.021291575107876895,0.14591632913377753
939,-1,train,18,0.021291575107876895,0.14591632913377753,0.021291575107876895,0.14591632913377753
940,0,train,16,0.028821997645318682,0.1697704262977468,0.05083375835524405,0.2254634301948856
940,1,train,2,0.07284551906516942,0.2698990905230498,0.05083375835524405,0.2254634301948856
940,-1,train,18,0.05083375835524405,0.2254634301948856,0.05083375835524405,0.2254634301948856
941,0,train,16,0.02624818328562446,0.1620129108609078,0.05971320186966233,0.24436284879183728
941,1,train,2,0.0931782204537002,0.3052510777273361,0.05971320186966233,0.24436284879183728
941,-1,train,18,0.05971320186966233,0.24436284879183728,0.05971320186966233,0.24436284879183728
942,0,train,16,0.036110189734901474,0.19002681319987838,0.02511163779132993,0.15846651946493281
942,1,train,2,0.014113085847758392,0.11879850945091185,0.02511163779132993,0.15846651946493281
942,-1,train,18,0.02511163779132993,0.15846651946493281,0.02511163779132993,0.15846651946493281
943,0,train,16,0.025821269580264473,0.16068997971331153,0.06080008215143495,0.24657672670273437
943,1,train,2,0.09577889472260544,0.30948165490478663,0.06080008215143495,0.24657672670273437
943,-1,train,18,0.06080008215143495,0.24657672670273437,0.06080008215143495,0.24657672670273437
944,0,train,16,0.029127000805127905,0.17066634350430054,0.049019431006547994,0.22140332203141846
944,1,train,2,0.06891186120796808,0.26251068779759823,0.049019431006547994,0.22140332203141846
944,-1,train,18,0.049019431006547994,0.22140332203141846,0.049019431006547994,0.22140332203141846
945,0,train,16,0.03653402845843009,0.19113876754449916,0.02272452751079949,0.15074656716091245
945,1,train,2,0.008915026563168891,0.0944194183585606,0.02272452751079949,0.15074656716091245
945,-1,train,18,0.02272452751079949,0.15074656716091245,0.02272452751079949,0.15074656716091245
946,0,train,16,0.03696955267151638,0.19227468026632208,0.020956094685528,0.1447622004721122
946,1,train,2,0.0049426366995396235,0.07030388822490277,0.020956094685528,0.1447622004721122
946,-1,train,18,0.020956094685528,0.1447622004721122,0.020956094685528,0.1447622004721122
947,0,train,16,0.037023199645933,0.1924141357747216,0.02050693979261489,0.1432024433891227
947,1,train,2,0.003990679939296775,0.06317182868412767,0.02050693979261489,0.1432024433891227
947,-1,train,18,0.02050693979261489,0.1432024433891227,0.02050693979261489,0.1432024433891227
948,0,train,16,0.03602368531766659,0.1897990656396037,0.023697077444172765,0.15393855087070543
948,1,train,2,0.01137046957067894,0.10663240394307416,0.023697077444172765,0.15393855087070543
948,-1,train,18,0.023697077444172765,0.15393855087070543,0.023697077444172765,0.15393855087070543
949,0,train,16,0.0369365494298078,0.1921888379428103,0.020411290656652217,0.1428680883075441
949,1,train,2,0.003886031883496634,0.06233804523320116,0.020411290656652217,0.1428680883075441
949,-1,train,18,0.020411290656652217,0.1428680883075441,0.020411290656652217,0.1428680883075441
950,0,train,16,0.026453877788179026,0.16264648101996868,0.05701744294378212,0.23878325515785676
950,1,train,2,0.08758100809938522,0.2959408861569912,0.05701744294378212,0.23878325515785676
950,-1,train,18,0.05701744294378212,0.23878325515785676,0.05701744294378212,0.23878325515785676
951,0,train,16,0.028676197978311557,0.16934047944396388,0.04906079679124533,0.22149671959477263
951,1,train,2,0.0694453956041791,0.2635249430398935,0.04906079679124533,0.22149671959477263
951,-1,train,18,0.04906079679124533,0.22149671959477263,0.04906079679124533,0.22149671959477263
952,0,train,16,0.03648506206519424,0.19101063338252727,0.021572297628187402,0.14687510894698053
952,1,train,2,0.006659533191180567,0.08160596296338012,0.021572297628187402,0.14687510894698053
952,-1,train,18,0.021572297628187402,0.14687510894698053,0.021572297628187402,0.14687510894698053
953,0,train,16,0.026368625398948346,0.16238419072972696,0.05683190421852373,0.23839442992344373
953,1,train,2,0.0872951830380991,0.2954575824684469,0.05683190421852373,0.23839442992344373
953,-1,train,18,0.05683190421852373,0.23839442992344373,0.05683190421852373,0.23839442992344373
954,0,train,16,0.028695018841624332,0.16939604139891914,0.04851230042181641,0.22025508035415758
954,1,train,2,0.06832958200200849,0.2613992769730025,0.04851230042181641,0.22025508035415758
954,-1,train,18,0.04851230042181641,0.22025508035415758,0.04851230042181641,0.22025508035415758
955,0,train,16,0.03660497507978337,0.1913242668345638,0.020698423164381058,0.14386946571243342
955,1,train,2,0.004791871248978742,0.06922334323751449,0.020698423164381058,0.14386946571243342
955,-1,train,18,0.020698423164381058,0.14386946571243342,0.020698423164381058,0.14386946571243342
956,0,train,16,0.036455124919288505,0.19093225217151896,0.02103579214550923,0.14503720952055452
956,1,train,2,0.005616459371729954,0.07494304084923399,0.02103579214550923,0.14503720952055452
956,-1,train,18,0.02103579214550923,0.14503720952055452,0.02103579214550923,0.14503720952055452
957,0,train,16,0.03657873563871932,0.19125568132403106,0.020463051237355794,0.1430491217636648
957,1,train,2,0.004347366835992267,0.06593456480475371,0.020463051237355794,0.1430491217636648
957,-1,train,18,0.020463051237355794,0.1430491217636648,0.020463051237355794,0.1430491217636648
958,0,train,16,0.03622426134260968,0.1903267226182642,0.02157175921898533,0.1468732760545135
958,1,train,2,0.006919257095360981,0.08318207195881203,0.02157175921898533,0.1468732760545135
958,-1,train,18,0.02157175921898533,0.1468732760545135,0.02157175921898533,0.1468732760545135
959,0,train,16,0.03655006256509093,0.1911807065712723,0.020283196059529746,0.14241908600861664
959,1,train,2,0.004016329553968563,0.06337451817543517,0.020283196059529746,0.14241908600861664
959,-1,train,18,0.020283196059529746,0.14241908600861664,0.020283196059529746,0.14241908600861664
960,0,train,16,0.03644953696202848,0.19091761825988843,0.02050850792967399,0.14320791852992623
960,1,train,2,0.0045674788973194946,0.0675831258327069,0.02050850792967399,0.14320791852992623
960,-1,train,18,0.02050850792967399,0.14320791852992623,0.02050850792967399,0.14320791852992623
961,0,train,16,0.036497757730659476,0.19104386336823143,0.02022277106384339,0.14220678979515497
961,1,train,2,0.003947784397027305,0.06283139658663736,0.02022277106384339,0.14220678979515497
961,-1,train,18,0.02022277106384339,0.14220678979515497,0.02022277106384339,0.14220678979515497
962,0,train,16,0.036366048467068084,0.1906988423327947,0.020571243351202122,0.1434267874255089
962,1,train,2,0.00477643823533616,0.06911178072757321,0.020571243351202122,0.1434267874255089
962,-1,train,18,0.020571243351202122,0.1434267874255089,0.020571243351202122,0.1434267874255089
963,0,train,16,0.036402197685706725,0.19079359969796347,0.020340598458042876,0.14262046998254801
963,1,train,2,0.004278999230379029,0.06541405988301773,0.020340598458042876,0.14262046998254801
963,-1,train,18,0.020340598458042876,0.14262046998254801,0.020340598458042876,0.14262046998254801
964,0,train,16,0.03574972919822572,0.18907598789435354,0.022506908175762622,0.15002302548529883
964,1,train,2,0.009264087153299521,0.09625012806900322,0.022506908175762622,0.15002302548529883
964,-1,train,18,0.022506908175762622,0.15002302548529883,0.022506908175762622,0.15002302548529883
965,0,train,16,0.028035884020068423,0.16743919499349136,0.04945236327726647,0.22237887327097075
965,1,train,2,0.07086884253446452,0.26621202552564094,0.04945236327726647,0.22237887327097075
965,-1,train,18,0.04945236327726647,0.22237887327097075,0.04945236327726647,0.22237887327097075
966,0,train,16,0.02837296903409154,0.16844277673468677,0.0482176193861011,0.21958510738686515
966,1,train,2,0.06806226973811065,0.26088746565925824,0.0482176193861011,0.21958510738686515
966,-1,train,18,0.0482176193861011,0.21958510738686515,0.0482176193861011,0.21958510738686515
967,0,train,16,0.0258680658574979,0.16083552423982053,0.056840998796084445,0.23841350380396753
967,1,train,2,0.08781393173467099,0.2963341555316751,0.056840998796084445,0.23841350380396753
967,-1,train,18,0.056840998796084445,0.23841350380396753,0.056840998796084445,0.23841350380396753
968,0,train,16,0.03629495444576318,0.19051234722653326,0.020208117709396144,0.14215525916896687
968,1,train,2,0.004121280973029106,0.06419720377889605,0.020208117709396144,0.14215525916896687
968,-1,train,18,0.020208117709396144,0.14215525916896687,0.020208117709396144,0.14215525916896687
969,0,train,16,0.034691360068055635,0.1862561678658069,0.02565020498382957,0.1601568137290124
969,1,train,2,0.016609049899603507,0.12887610290353874,0.02565020498382957,0.1601568137290124
969,-1,train,18,0.02565020498382957,0.1601568137290124,0.02565020498382957,0.1601568137290124
970,0,train,16,0.03592828883320827,0.18954758989026546,0.021176021107061096,0.14551983063163967
970,1,train,2,0.006423753380913923,0.08014832113596593,0.021176021107061096,0.14551983063163967
970,-1,train,18,0.021176021107061096,0.14551983063163967,0.021176021107061096,0.14551983063163967
971,0,train,16,0.025532166511192545,0.15978787973808448,0.05739261248307109,0.23956755306817135
971,1,train,2,0.08925305845494964,0.2987525036798012,0.05739261248307109,0.23956755306817135
971,-1,train,18,0.05739261248307109,0.23956755306817135,0.05739261248307109,0.23956755306817135
972,0,train,16,0.03587030040202654,0.1893945627572939,0.02106634612645156,0.14514250282550442
972,1,train,2,0.006262391850876585,0.07913527564162891,0.02106634612645156,0.14514250282550442
972,-1,train,18,0.02106634612645156,0.14514250282550442,0.02106634612645156,0.14514250282550442
973,0,train,16,0.0361470402190909,0.1901237497502374,0.019939251941228045,0.1412064160767068
973,1,train,2,0.0037314636633651926,0.06108570752119675,0.019939251941228045,0.1412064160767068
973,-1,train,18,0.019939251941228045,0.1412064160767068,0.019939251941228045,0.1412064160767068
974,0,train,16,0.03580637910117706,0.1892257358320402,0.020974734321024344,0.1448265663510129
974,1,train,2,0.006143089540871631,0.07837786384478485,0.020974734321024344,0.1448265663510129
974,-1,train,18,0.020974734321024344,0.1448265663510129,0.020974734321024344,0.1448265663510129
975,0,train,16,0.03541140080818887,0.1881791720892322,0.022283513474511785,0.14927663405406683
975,1,train,2,0.0091556261408347,0.09568503613854519,0.022283513474511785,0.14927663405406683
975,-1,train,18,0.022283513474511785,0.14927663405406683,0.022283513474511785,0.14927663405406683
976,0,train,16,0.024233321891057702,0.15567055563290608,0.06125822264311502,0.24750398510552313
976,1,train,2,0.09828312339517234,0.31350139297166185,0.06125822264311502,0.24750398510552313
976,-1,train,18,0.06125822264311502,0.24750398510552313,0.06125822264311502,0.24750398510552313
977,0,train,16,0.03590010114407363,0.18947322012377799,0.02028010897909935,0.14240824758102794
977,1,train,2,0.004660116814125063,0.06826504826135453,0.02028010897909935,0.14240824758102794
977,-1,train,18,0.02028010897909935,0.14240824758102794,0.02028010897909935,0.14240824758102794
978,0,train,16,0.03573785734884315,0.18904459090077966,0.02070412149045568,0.14388926815595274
978,1,train,2,0.005670385632068213,0.07530196300275453,0.02070412149045568,0.14388926815595274
978,-1,train,18,0.02070412149045568,0.14388926815595274,0.02070412149045568,0.14388926815595274
979,0,train,16,0.0359924153763589,0.18971667131899322,0.019671389187957224,0.14025472964558885
979,1,train,2,0.003350362999555545,0.057882320267552724,0.019671389187957224,0.14025472964558885
979,-1,train,18,0.019671389187957224,0.14025472964558885,0.019671389187957224,0.14025472964558885
980,0,train,16,0.03553499447802402,0.1885072796419916,0.021130344225052732,0.1453628020679731
980,1,train,2,0.006725693972081441,0.0820103284475891,0.021130344225052732,0.1453628020679731
980,-1,train,18,0.021130344225052732,0.1453628020679731,0.021130344225052732,0.1453628020679731
981,0,train,16,0.023305235886657942,0.1526605249783255,0.0638657217145785,0.2527166826993788
981,1,train,2,0.10442620754249905,0.32315044103714147,0.0638657217145785,0.2527166826993788
981,-1,train,18,0.0638657217145785,0.2527166826993788,0.0638657217145785,0.2527166826993788
982,0,train,16,0.035021761556458905,0.18714102050715364,0.02268374668591975,0.1506112435574441
982,1,train,2,0.010345731815380595,0.10171397060080092,0.02268374668591975,0.1506112435574441
982,-1,train,18,0.02268374668591975,0.1506112435574441,0.02268374668591975,0.1506112435574441
983,0,train,16,0.02783407504580069,0.16683547298401707,0.047703202983055804,0.21841062928130536
983,1,train,2,0.06757233092031092,0.2599467847854844,0.047703202983055804,0.21841062928130536
983,-1,train,18,0.047703202983055804,0.21841062928130536,0.047703202983055804,0.21841062928130536
984,0,train,16,0.035840534505570294,0.18931596474035225,0.01953411633138059,0.1397645031164229
984,1,train,2,0.0032276981571908872,0.0568128344407396,0.01953411633138059,0.1397645031164229
984,-1,train,18,0.01953411633138059,0.1397645031164229,0.01953411633138059,0.1397645031164229
985,0,train,16,0.025446286683419327,0.15951892265000828,0.055754030419959036,0.23612291379694397
985,1,train,2,0.08606177415649875,0.29336287112806003,0.055754030419959036,0.23612291379694397
985,-1,train,18,0.055754030419959036,0.23612291379694397,0.055754030419959036,0.23612291379694397
986,0,train,16,0.03542200922722157,0.18820735699547342,0.020719180275526647,0.14394158633114562
986,1,train,2,0.00601635132383172,0.07756514245349982,0.020719180275526647,0.14394158633114562
986,-1,train,18,0.020719180275526647,0.14394158633114562,0.020719180275526647,0.14394158633114562
987,0,train,16,0.03506837450525722,0.1872655187301101,0.021782148732111768,0.14758776620069758
987,1,train,2,0.008495922958966319,0.0921733310614644,0.021782148732111768,0.14758776620069758
987,-1,train,18,0.021782148732111768,0.14758776620069758,0.021782148732111768,0.14758776620069758
988,0,train,16,0.027657937320473537,0.16630675668917827,0.047601628919350186,0.21817797533057773
988,1,train,2,0.06754532051822684,0.2598948258781364,0.047601628919350186,0.21817797533057773
988,-1,train,18,0.047601628919350186,0.21817797533057773,0.047601628919350186,0.21817797533057773
989,0,train,16,0.035088378231031433,0.18731892117731042,0.021437231586102536,0.1464145880235386
989,1,train,2,0.007786084941173636,0.08823879498935622,0.021437231586102536,0.1464145880235386
989,-1,train,18,0.021437231586102536,0.1464145880235386,0.021437231586102536,0.1464145880235386
990,0,train,16,0.03530406461968823,0.18789375886305598,0.02053713288381346,0.14330782561958527
990,1,train,2,0.005770201147938689,0.0759618400773618,0.02053713288381346,0.14330782561958527
990,-1,train,18,0.02053713288381346,0.14330782561958527,0.02053713288381346,0.14330782561958527
991,0,train,16,0.03527109279626411,0.18780599776435286,0.02054616125163482,0.14333932207051497
991,1,train,2,0.005821229707005535,0.07629698360358379,0.02054616125163482,0.14333932207051497
991,-1,train,18,0.02054616125163482,0.14333932207051497,0.02054616125163482,0.14333932207051497
992,0,train,16,0.03512877604398078,0.18742672179809575,0.02097497349526265,0.14482739207505826
992,1,train,2,0.006821170946544525,0.08259038047221072,0.02097497349526265,0.14482739207505826
992,-1,train,18,0.02097497349526265,0.14482739207505826,0.02097497349526265,0.14482739207505826
993,0,train,16,0.02494144783502931,0.15792861626389726,0.056749156052067685,0.23822081364160372
993,1,train,2,0.08855686426910606,0.29758505384025263,0.056749156052067685,0.23822081364160372
993,-1,train,18,0.056749156052067685,0.23822081364160372,0.056749156052067685,0.23822081364160372
994,0,train,16,0.03549787788260561,0.188408805215164,0.01968267953353992,0.1402949733010414
994,1,train,2,0.0038674811844742244,0.06218907608635318,0.01968267953353992,0.1402949733010414
994,-1,train,18,0.01968267953353992,0.1402949733010414,0.01968267953353992,0.1402949733010414
995,0,train,16,0.03518723213150322,0.1875826008229527,0.020669099216152228,0.14376751794530024
995,1,train,2,0.006150966300801237,0.07842809637369275,0.020669099216152228,0.14376751794530024
995,-1,train,18,0.020669099216152228,0.14376751794530024,0.020669099216152228,0.14376751794530024
996,0,train,16,0.03511663672255233,0.18739433481979206,0.02079930440605763,0.14421963946029553
996,1,train,2,0.006481972089562927,0.08051069549794566,0.02079930440605763,0.14421963946029553
996,-1,train,18,0.02079930440605763,0.14421963946029553,0.02079930440605763,0.14421963946029553
997,0,train,16,0.03396605331059573,0.1842988152718181,0.02474590090333264,0.15730829890165565
997,1,train,2,0.015525748496069542,0.12460236151883135,0.02474590090333264,0.15730829890165565
997,-1,train,18,0.02474590090333264,0.15730829890165565,0.02474590090333264,0.15730829890165565
998,0,train,16,0.03547865344902899,0.1883577804313615,0.019350161628060497,0.13910485839128875
998,1,train,2,0.0032216698070920043,0.05675975517117744,0.019350161628060497,0.13910485839128875
998,-1,train,18,0.019350161628060497,0.13910485839128875,0.019350161628060497,0.13910485839128875
999,0,train,16,0.03543629132356947,0.18824529562135006,0.019382299249051247,0.13922032627835365
999,1,train,2,0.0033283071745330234,0.05769148268620788,0.019382299249051247,0.13922032627835365
999,-1,train,18,0.019382299249051247,0.13922032627835365,0.019382299249051247,0.13922032627835365
1000,0,train,16,0.03540972284434587,0.18817471361568713,0.019360719277647286,0.13914280174571478
1000,1,train,2,0.0033117157109487025,0.05754750829487496,0.019360719277647286,0.13914280174571478
1000,-1,train,18,0.019360719277647286,0.13914280174571478,0.019360719277647286,0.13914280174571478
