epoch,batch_idx,phase,batch_size,batch_MSE,batch_RMSE,epoch_MSE,epoch_RMSE
1,0,train,16,0.2550421186748416,0.5050169488985905,0.23725998384752633,0.4870934036173415
1,1,train,2,0.21947784902021109,0.46848463050585887,0.23725998384752633,0.4870934036173415
1,-1,train,18,0.23725998384752633,0.4870934036173415,0.23725998384752633,0.4870934036173415
2,0,train,16,0.24343304992703246,0.49338934922334154,0.2707907386818849,0.5203755746399757
2,1,train,2,0.29814842743673736,0.5460296946474041,0.2707907386818849,0.5203755746399757
2,-1,train,18,0.2707907386818849,0.5203755746399757,0.2707907386818849,0.5203755746399757
3,0,train,16,0.25178165173312683,0.5017784887110316,0.23446851294905816,0.48421948840278844
3,1,train,2,0.21715537416498948,0.4659993285027238,0.23446851294905816,0.48421948840278844
3,-1,train,18,0.23446851294905816,0.48421948840278844,0.23446851294905816,0.48421948840278844
4,0,train,16,0.24027579470304755,0.49017934952734143,0.2678602612947064,0.5175521821949033
4,1,train,2,0.29544472788636533,0.5435482755803438,0.2678602612947064,0.5175521821949033
4,-1,train,18,0.2678602612947064,0.5175521821949033,0.2678602612947064,0.5175521821949033
5,0,train,16,0.24823039786689066,0.4982272552429169,0.23306538686254308,0.48276846092360165
5,1,train,2,0.2179003758581955,0.4667980032714316,0.23306538686254308,0.48276846092360165
5,-1,train,18,0.23306538686254308,0.48276846092360165,0.23306538686254308,0.48276846092360165
6,0,train,16,0.2473090605947555,0.4973017802046917,0.2294446313361306,0.47900379052376046
6,1,train,2,0.21158020207750572,0.45997848001564784,0.2294446313361306,0.47900379052376046
6,-1,train,18,0.2294446313361306,0.47900379052376046,0.2294446313361306,0.47900379052376046
7,0,train,16,0.24472029691236913,0.4946921233579216,0.231609449208924,0.4812581939135416
7,1,train,2,0.21849860150547892,0.4674383397898368,0.231609449208924,0.4812581939135416
7,-1,train,18,0.231609449208924,0.4812581939135416,0.231609449208924,0.4812581939135416
8,0,train,16,0.23246542633524014,0.4821466854964785,0.26770224801176823,0.5173995052295356
8,1,train,2,0.3029390696882963,0.5503990095269943,0.26770224801176823,0.5173995052295356
8,-1,train,18,0.26770224801176823,0.5173995052295356,0.26770224801176823,0.5173995052295356
9,0,train,16,0.23134538596086754,0.48098376891623645,0.26482709583598496,0.51461354027657
9,1,train,2,0.29830880571110235,0.5461765334679827,0.26482709583598496,0.51461354027657
9,-1,train,18,0.26482709583598496,0.51461354027657,0.26482709583598496,0.51461354027657
10,0,train,16,0.2414784986114648,0.49140461802008417,0.22257664939186567,0.4717802977995856
10,1,train,2,0.20367480017226652,0.4513034457792966,0.22257664939186567,0.4717802977995856
10,-1,train,18,0.22257664939186567,0.4717802977995856,0.22257664939186567,0.4717802977995856
11,0,train,16,0.22870290244902763,0.4782289226395949,0.2606608070954526,0.5105495148322566
11,1,train,2,0.2926187117418776,0.5409424292305768,0.2606608070954526,0.5105495148322566
11,-1,train,18,0.2606608070954526,0.5105495148322566,0.2606608070954526,0.5105495148322566
12,0,train,16,0.2361635999081863,0.4859666654290048,0.22789434130509983,0.4773828037383624
12,1,train,2,0.21962508270201336,0.4686417423811214,0.22789434130509983,0.4773828037383624
12,-1,train,18,0.22789434130509983,0.4773828037383624,0.22789434130509983,0.4773828037383624
13,0,train,16,0.22611079282245009,0.4755110859090985,0.2564985500978701,0.5064568590688353
13,1,train,2,0.2868863073732901,0.5356176876964484,0.2564985500978701,0.5064568590688353
13,-1,train,18,0.2564985500978701,0.5064568590688353,0.2564985500978701,0.5064568590688353
14,0,train,16,0.23432606280177143,0.4840723735163694,0.22110578428401417,0.47021886848999817
14,1,train,2,0.2078855057662569,0.455944630153988,0.22110578428401417,0.47021886848999817
14,-1,train,18,0.22110578428401417,0.47021886848999817,0.22110578428401417,0.47021886848999817
15,0,train,16,0.23145432000331007,0.48109699646049553,0.22457683617273738,0.4738953852621245
15,1,train,2,0.21769935234216473,0.46658263184795545,0.22457683617273738,0.4738953852621245
15,-1,train,18,0.22457683617273738,0.4738953852621245,0.22457683617273738,0.4738953852621245
16,0,train,16,0.23033226450178587,0.4799294370027597,0.2219121519226842,0.47107552677111575
16,1,train,2,0.21349203934358255,0.4620519877065594,0.2219121519226842,0.47107552677111575
16,-1,train,18,0.2219121519226842,0.47107552677111575,0.2219121519226842,0.47107552677111575
17,0,train,16,0.22967943237406185,0.47924882094175447,0.21761258968566316,0.4664896458504338
17,1,train,2,0.20554574699726444,0.4533715330689218,0.21761258968566316,0.4664896458504338
17,-1,train,18,0.21761258968566316,0.4664896458504338,0.21761258968566316,0.4664896458504338
18,0,train,16,0.2199238650486564,0.4689604088285667,0.24529770624736078,0.49527538425340784
18,1,train,2,0.27067154744606514,0.5202610377935918,0.24529770624736078,0.49527538425340784
18,-1,train,18,0.24529770624736078,0.49527538425340784,0.24529770624736078,0.49527538425340784
19,0,train,16,0.22749522088212518,0.4769645908053607,0.21221348533267861,0.4606663492514714
19,1,train,2,0.19693174978323205,0.4437699288857144,0.21221348533267861,0.4606663492514714
19,-1,train,18,0.21221348533267861,0.4606663492514714,0.21221348533267861,0.4606663492514714
20,0,train,16,0.2259620677396168,0.4753546757313078,0.2111475229740148,0.45950791394057056
20,1,train,2,0.19633297820841275,0.4430947733932468,0.2111475229740148,0.45950791394057056
20,-1,train,18,0.2111475229740148,0.45950791394057056,0.2111475229740148,0.45950791394057056
21,0,train,16,0.2162391258481023,0.46501518883591564,0.2387969947453461,0.48866859398302454
21,1,train,2,0.2613548636425899,0.5112287781831045,0.2387969947453461,0.48866859398302454
21,-1,train,18,0.2387969947453461,0.48866859398302454,0.2387969947453461,0.48866859398302454
22,0,train,16,0.21082295393508543,0.4591546078774397,0.2513653103401568,0.5013634513405986
22,1,train,2,0.29190766674522817,0.5402848015123396,0.2513653103401568,0.5013634513405986
22,-1,train,18,0.2513653103401568,0.5013634513405986,0.2513653103401568,0.5013634513405986
23,0,train,16,0.21499931671109224,0.4636801879648215,0.23041052713502957,0.4800109656404003
23,1,train,2,0.24582173755896694,0.49580413225281506,0.23041052713502957,0.4800109656404003
23,-1,train,18,0.23041052713502957,0.4800109656404003,0.23041052713502957,0.4800109656404003
24,0,train,16,0.2210055277345669,0.47011225014305563,0.2030767990810784,0.4506404321419444
24,1,train,2,0.1851480704275899,0.43028835729960196,0.2030767990810784,0.4506404321419444
24,-1,train,18,0.2030767990810784,0.4506404321419444,0.2030767990810784,0.4506404321419444
25,0,train,16,0.21789651434936394,0.46679386708628035,0.20772338683062103,0.4557668119012408
25,1,train,2,0.19755025931187808,0.4444662634125093,0.20772338683062103,0.4557668119012408
25,-1,train,18,0.20772338683062103,0.4557668119012408,0.20772338683062103,0.4557668119012408
26,0,train,16,0.21733095689826612,0.4661876841983989,0.20344004816419814,0.451043288570175
26,1,train,2,0.18954913943013016,0.4353724146407649,0.20344004816419814,0.451043288570175
26,-1,train,18,0.20344004816419814,0.451043288570175,0.20344004816419814,0.451043288570175
27,0,train,16,0.20378322153199316,0.45142355004141416,0.2447266479676239,0.49469854251617107
27,1,train,2,0.28567007440325465,0.5344811263302519,0.2447266479676239,0.49469854251617107
27,-1,train,18,0.2447266479676239,0.49469854251617107,0.2447266479676239,0.49469854251617107
28,0,train,16,0.21407664397073725,0.46268417302814374,0.20245260752777788,0.4499473386161739
28,1,train,2,0.1908285710848185,0.43683929663529414,0.20245260752777788,0.4499473386161739
28,-1,train,18,0.20245260752777788,0.4499473386161739,0.20245260752777788,0.4499473386161739
29,0,train,16,0.21347830548683838,0.4620371256585756,0.19845876016875466,0.44548710437986266
29,1,train,2,0.18343921485067094,0.42829804441611796,0.19845876016875466,0.44548710437986266
29,-1,train,18,0.19845876016875466,0.44548710437986266,0.19845876016875466,0.44548710437986266
30,0,train,16,0.21295425442420832,0.4614696679351833,0.19419841655827474,0.4406794941431638
30,1,train,2,0.17544257869234117,0.4188586619521449,0.19419841655827474,0.4406794941431638
30,-1,train,18,0.19419841655827474,0.4406794941431638,0.19419841655827474,0.4406794941431638
31,0,train,16,0.2118095712209236,0.46022773843057696,0.19212938790963835,0.4383256642151339
31,1,train,2,0.17244920459835308,0.41527003816595426,0.19212938790963835,0.4383256642151339
31,-1,train,18,0.19212938790963835,0.4383256642151339,0.19212938790963835,0.4383256642151339
32,0,train,16,0.2094385515540013,0.457644569020546,0.19437735706473425,0.44088247534318514
32,1,train,2,0.17931616257546718,0.4234573916883104,0.19437735706473425,0.44088247534318514
32,-1,train,18,0.19437735706473425,0.44088247534318514,0.19437735706473425,0.44088247534318514
33,0,train,16,0.19555718438477146,0.4422184803745446,0.23705313705817116,0.48688102967580404
33,1,train,2,0.2785490897315709,0.527777500213462,0.23705313705817116,0.48688102967580404
33,-1,train,18,0.23705313705817116,0.48688102967580404,0.23705313705817116,0.48688102967580404
34,0,train,16,0.2078149536579858,0.45586725442609477,0.18819114949663637,0.43381003849223726
34,1,train,2,0.16856734533528694,0.41056953775857136,0.18819114949663637,0.43381003849223726
34,-1,train,18,0.18819114949663637,0.43381003849223726,0.18819114949663637,0.43381003849223726
35,0,train,16,0.20403759450175993,0.4517052075211885,0.19550370968211173,0.442158014381863
35,1,train,2,0.18696982486246355,0.43240007500284217,0.19550370968211173,0.442158014381863
35,-1,train,18,0.19550370968211173,0.442158014381863,0.19550370968211173,0.442158014381863
36,0,train,16,0.2045938052317998,0.45232046740314524,0.1877648955260045,0.4333184689417294
36,1,train,2,0.1709359858202092,0.4134440540390068,0.1877648955260045,0.4333184689417294
36,-1,train,18,0.1877648955260045,0.4333184689417294,0.1877648955260045,0.4333184689417294
37,0,train,16,0.20292892192135586,0.4504763278146321,0.18778878701441215,0.4333460361124954
37,1,train,2,0.17264865210746844,0.41551011071629584,0.18778878701441215,0.4333460361124954
37,-1,train,18,0.18778878701441215,0.4333460361124954,0.18778878701441215,0.4333460361124954
38,0,train,16,0.194272595654466,0.4407636505594194,0.21239988536534715,0.4608686205040946
38,1,train,2,0.23052717507622833,0.4801324557621869,0.21239988536534715,0.4608686205040946
38,-1,train,18,0.21239988536534715,0.4608686205040946,0.21239988536534715,0.4608686205040946
39,0,train,16,0.2003071689081418,0.44755688901875007,0.1855043060627868,0.4307021082636894
39,1,train,2,0.17070144321743183,0.41316031176461254,0.1855043060627868,0.4307021082636894
39,-1,train,18,0.1855043060627868,0.4307021082636894,0.1855043060627868,0.4307021082636894
40,0,train,16,0.19730822253621766,0.4441939019574871,0.19034371932724142,0.4362839893088462
40,1,train,2,0.1833792161182652,0.4282279954863591,0.19034371932724142,0.4362839893088462
40,-1,train,18,0.19034371932724142,0.4362839893088462,0.19034371932724142,0.4362839893088462
41,0,train,16,0.1987362733029229,0.44579846713837284,0.1797481310250977,0.4239671343690425
41,1,train,2,0.16075998874727251,0.40094886051374745,0.1797481310250977,0.4239671343690425
41,-1,train,18,0.1797481310250977,0.4239671343690425,0.1797481310250977,0.4239671343690425
42,0,train,16,0.19587759114643083,0.4425806041236227,0.184114795453393,0.4290860000668782
42,1,train,2,0.17235199976035515,0.41515298356190955,0.184114795453393,0.4290860000668782
42,-1,train,18,0.184114795453393,0.4290860000668782,0.184114795453393,0.4290860000668782
43,0,train,16,0.1963586506508183,0.44312374191733206,0.17691803765661174,0.4206162593821258
43,1,train,2,0.1574774246624052,0.3968342533884962,0.17691803765661174,0.4206162593821258
43,-1,train,18,0.17691803765661174,0.4206162593821258,0.17691803765661174,0.4206162593821258
44,0,train,16,0.18418237193726242,0.42916473752774986,0.21406068932208583,0.4626669313038115
44,1,train,2,0.24393900670690924,0.493901818894109,0.21406068932208583,0.4626669313038115
44,-1,train,18,0.21406068932208583,0.4626669313038115,0.21406068932208583,0.4626669313038115
45,0,train,16,0.19313994598875714,0.4394769004040567,0.17720615292032416,0.42095861188521155
45,1,train,2,0.16127235985189117,0.40158730041161805,0.17720615292032416,0.42095861188521155
45,-1,train,18,0.17720615292032416,0.42095861188521155,0.17720615292032416,0.42095861188521155
46,0,train,16,0.19066844978678174,0.4366559856303149,0.18044481883940983,0.4247879692733892
46,1,train,2,0.17022118789203788,0.41257870508793576,0.18044481883940983,0.4247879692733892
46,-1,train,18,0.18044481883940983,0.4247879692733892,0.18044481883940983,0.4247879692733892
47,0,train,16,0.18129019589220005,0.42578186421241576,0.20788338928267402,0.4559423091605713
47,1,train,2,0.234476582673148,0.4842278210441321,0.20788338928267402,0.4559423091605713
47,-1,train,18,0.20788338928267402,0.4559423091605713,0.20788338928267402,0.4559423091605713
48,0,train,16,0.18801842221601367,0.43361091108967,0.17891909507299508,0.42298829188642456
48,1,train,2,0.16981976792997652,0.4120919411126315,0.17891909507299508,0.42298829188642456
48,-1,train,18,0.17891909507299508,0.42298829188642456,0.17891909507299508,0.42298829188642456
49,0,train,16,0.1891255029819076,0.4348856205738557,0.1697093428322124,0.4119579381832718
49,1,train,2,0.1502931826825172,0.3876766470688133,0.1697093428322124,0.4119579381832718
49,-1,train,18,0.1697093428322124,0.4119579381832718,0.1697093428322124,0.4119579381832718
50,0,train,16,0.1864999683242984,0.4318564209599047,0.17352927974893523,0.4165684574579972
50,1,train,2,0.16055859117357202,0.4006976306063863,0.17352927974893523,0.4165684574579972
50,-1,train,18,0.17352927974893523,0.4165684574579972,0.17352927974893523,0.4165684574579972
51,0,train,16,0.18541823944975838,0.4306021823560099,0.17199129071293198,0.4147183269556965
51,1,train,2,0.15856434197610558,0.39820138369436336,0.17199129071293198,0.4147183269556965
51,-1,train,18,0.17199129071293198,0.4147183269556965,0.17199129071293198,0.4147183269556965
52,0,train,16,0.18529735311827317,0.4304617905439148,0.16713459243138407,0.4088209784629258
52,1,train,2,0.14897183174449496,0.38596869269993256,0.16713459243138407,0.4088209784629258
52,-1,train,18,0.16713459243138407,0.4088209784629258,0.16713459243138407,0.4088209784629258
53,0,train,16,0.18365928363201645,0.4285548782034997,0.16756676960263855,0.4093492025186302
53,1,train,2,0.1514742555732607,0.3891969367470159,0.16756676960263855,0.4093492025186302
53,-1,train,18,0.16756676960263855,0.4093492025186302,0.16756676960263855,0.4093492025186302
54,0,train,16,0.1707924070731634,0.41327038010624884,0.2073672807424159,0.4553759773444531
54,1,train,2,0.2439421544116684,0.49390500545314214,0.2073672807424159,0.4553759773444531
54,-1,train,18,0.2073672807424159,0.4553759773444531,0.2073672807424159,0.4553759773444531
55,0,train,16,0.18193720418898082,0.4265409759788394,0.16312925517868448,0.4038926282797007
55,1,train,2,0.14432130616838817,0.379896441373683,0.16312925517868448,0.4038926282797007
55,-1,train,18,0.16312925517868448,0.4038926282797007,0.16312925517868448,0.4038926282797007
56,0,train,16,0.16881387958513022,0.41086966252709656,0.20388384563573686,0.4515349882741501
56,1,train,2,0.23895381168634353,0.48882902091257174,0.20388384563573686,0.4515349882741501
56,-1,train,18,0.20388384563573686,0.4515349882741501,0.20388384563573686,0.4515349882741501
57,0,train,16,0.1780665447600216,0.42197931792923404,0.16642395243757807,0.4079509191527555
57,1,train,2,0.15478136011513458,0.39342262278005136,0.16642395243757807,0.4079509191527555
57,-1,train,18,0.16642395243757807,0.4079509191527555,0.16642395243757807,0.4079509191527555
58,0,train,16,0.17853744063639862,0.42253691038345825,0.1598156133399064,0.3997694502333894
58,1,train,2,0.1410937860434142,0.37562452801090374,0.1598156133399064,0.3997694502333894
58,-1,train,18,0.1598156133399064,0.3997694502333894,0.1598156133399064,0.3997694502333894
59,0,train,16,0.1647602093484852,0.4059066510276534,0.20313908859879581,0.4507095390590217
59,1,train,2,0.2415179678491064,0.4914447759912668,0.20313908859879581,0.4507095390590217
59,-1,train,18,0.20313908859879581,0.4507095390590217,0.20313908859879581,0.4507095390590217
60,0,train,16,0.16453053653760813,0.4056236390271259,0.19910359305359737,0.44621025655356394
60,1,train,2,0.23367664956958664,0.4834011269841917,0.19910359305359737,0.44621025655356394
60,-1,train,18,0.19910359305359737,0.44621025655356394,0.19910359305359737,0.44621025655356394
61,0,train,16,0.17520242202599862,0.41857188394109635,0.1569207609275419,0.39613225181439327
61,1,train,2,0.13863909982908518,0.3723427182436702,0.1569207609275419,0.39613225181439327
61,-1,train,18,0.1569207609275419,0.39613225181439327,0.1569207609275419,0.39613225181439327
62,0,train,16,0.1738102908791522,0.41690561387339486,0.15700480651894516,0.3962383203565061
62,1,train,2,0.1401993221587381,0.37443199937870975,0.15700480651894516,0.3962383203565061
62,-1,train,18,0.15700480651894516,0.3962383203565061,0.15700480651894516,0.3962383203565061
63,0,train,16,0.17312242870709413,0.41607983453550607,0.15467064880504672,0.3932818948350492
63,1,train,2,0.1362188689029993,0.36907840481799975,0.15467064880504672,0.3932818948350492
63,-1,train,18,0.15467064880504672,0.3932818948350492,0.15467064880504672,0.3932818948350492
64,0,train,16,0.1719449140788055,0.4146624097730653,0.15403011437469366,0.39246670479760914
64,1,train,2,0.1361153146705818,0.3689380905661298,0.15403011437469366,0.39246670479760914
64,-1,train,18,0.15403011437469366,0.39246670479760914,0.15403011437469366,0.39246670479760914
65,0,train,16,0.17010092908160854,0.41243293889020133,0.1557351034634134,0.39463287174716377
65,1,train,2,0.14136927784521824,0.375991060858125,0.1557351034634134,0.39463287174716377
65,-1,train,18,0.1557351034634134,0.39463287174716377,0.1557351034634134,0.39463287174716377
66,0,train,16,0.15885785337211783,0.39856975973111386,0.19040745926393404,0.43635703187176217
66,1,train,2,0.22195706515575023,0.47112319530644026,0.19040745926393404,0.43635703187176217
66,-1,train,18,0.19040745926393404,0.43635703187176217,0.19040745926393404,0.43635703187176217
67,0,train,16,0.16726071041035423,0.40897519534851284,0.1562340759620966,0.39526456451609293
67,1,train,2,0.14520744151383896,0.3810609419946355,0.1562340759620966,0.39526456451609293
67,-1,train,18,0.1562340759620966,0.39526456451609293,0.1562340759620966,0.39526456451609293
68,0,train,16,0.16742752128045024,0.4091790821638494,0.1509746487675157,0.3885545634367401
68,1,train,2,0.1345217762545812,0.36677210397545396,0.1509746487675157,0.3885545634367401
68,-1,train,18,0.1509746487675157,0.3885545634367401,0.1509746487675157,0.3885545634367401
69,0,train,16,0.1665065434392186,0.40805213323694145,0.14949029344426149,0.3866397463327606
69,1,train,2,0.13247404344930436,0.3639698386532933,0.14949029344426149,0.3866397463327606
69,-1,train,18,0.14949029344426149,0.3866397463327606,0.14949029344426149,0.3866397463327606
70,0,train,16,0.15495876260159466,0.39364801866844784,0.18525841247273028,0.4304165569221638
70,1,train,2,0.21555806234386593,0.46428230888530087,0.18525841247273028,0.4304165569221638
70,-1,train,18,0.18525841247273028,0.4304165569221638,0.18525841247273028,0.4304165569221638
71,0,train,16,0.1648082271517038,0.40596579554403817,0.14607156555866013,0.38219309983130273
71,1,train,2,0.12733490396561645,0.3568401658524674,0.14607156555866013,0.38219309983130273
71,-1,train,18,0.14607156555866013,0.38219309983130273,0.14607156555866013,0.38219309983130273
72,0,train,16,0.1635917018762139,0.40446471029771425,0.1456733379598451,0.38167176730778124
72,1,train,2,0.1277549740434763,0.3574282781810587,0.1456733379598451,0.38167176730778124
72,-1,train,18,0.1456733379598451,0.38167176730778124,0.1456733379598451,0.38167176730778124
73,0,train,16,0.1612697337890009,0.4015840307943045,0.14917780004565023,0.3862354204959072
73,1,train,2,0.13708586630229955,0.37025108548429614,0.14917780004565023,0.3862354204959072
73,-1,train,18,0.14917780004565023,0.3862354204959072,0.14917780004565023,0.3862354204959072
74,0,train,16,0.16068024081704252,0.4008493991726101,0.14658135476946194,0.3828594451877372
74,1,train,2,0.13248246872188135,0.36398141260493144,0.14658135476946194,0.3828594451877372
74,-1,train,18,0.14658135476946194,0.3828594451877372,0.14658135476946194,0.3828594451877372
75,0,train,16,0.15900372761027726,0.398752714862579,0.14782251715263137,0.38447693968901614
75,1,train,2,0.13664130669498548,0.3696502491477389,0.14782251715263137,0.38447693968901614
75,-1,train,18,0.14782251715263137,0.38447693968901614,0.14782251715263137,0.38447693968901614
76,0,train,16,0.1593412819759025,0.39917575324147947,0.14201183992524674,0.3768445832505049
76,1,train,2,0.12468239787459101,0.35310394769046555,0.14201183992524674,0.3768445832505049
76,-1,train,18,0.14201183992524674,0.3768445832505049,0.14201183992524674,0.3768445832505049
77,0,train,16,0.15598436504884933,0.394948560003514,0.14908585979715672,0.38611638115619584
77,1,train,2,0.1421873545454641,0.37707738535407304,0.14908585979715672,0.38611638115619584
77,-1,train,18,0.14908585979715672,0.38611638115619584,0.14908585979715672,0.38611638115619584
78,0,train,16,0.15670108856275972,0.3958548832119666,0.14194976057333647,0.3767622069334137
78,1,train,2,0.12719843258391322,0.3566488925875324,0.14194976057333647,0.3767622069334137
78,-1,train,18,0.14194976057333647,0.3767622069334137,0.14194976057333647,0.3767622069334137
79,0,train,16,0.15630613652294714,0.3953557088533655,0.13867472188259927,0.37239055020582795
79,1,train,2,0.12104330724225143,0.3479127868334986,0.13867472188259927,0.37239055020582795
79,-1,train,18,0.13867472188259927,0.37239055020582795,0.13867472188259927,0.37239055020582795
80,0,train,16,0.15538108490824637,0.3941840749044111,0.13726578489490582,0.3704939741681446
80,1,train,2,0.11915048488156525,0.3451818142393444,0.13726578489490582,0.3704939741681446
80,-1,train,18,0.13726578489490582,0.3704939741681446,0.13726578489490582,0.3704939741681446
81,0,train,16,0.1528406083826673,0.3909483449033482,0.14154976343653491,0.37623099744244215
81,1,train,2,0.13025891849040255,0.36091400428689735,0.14154976343653491,0.37623099744244215
81,-1,train,18,0.14154976343653491,0.37623099744244215,0.14154976343653491,0.37623099744244215
82,0,train,16,0.15347801085835988,0.391762697124624,0.1346865307890845,0.36699663593701304
82,1,train,2,0.11589505071980907,0.34043362160604684,0.1346865307890845,0.36699663593701304
82,-1,train,18,0.1346865307890845,0.36699663593701304,0.1346865307890845,0.36699663593701304
83,0,train,16,0.15237814236499897,0.3903564299009291,0.13394390344831386,0.36598347428308
83,1,train,2,0.11550966453162874,0.33986712775970074,0.13394390344831386,0.36598347428308
83,-1,train,18,0.13394390344831386,0.36598347428308,0.13394390344831386,0.36598347428308
84,0,train,16,0.151482738061188,0.3892078340182633,0.13250359380649462,0.36401043090342156
84,1,train,2,0.11352444955180126,0.3369338949286659,0.13250359380649462,0.36401043090342156
84,-1,train,18,0.13250359380649462,0.36401043090342156,0.13250359380649462,0.36401043090342156
85,0,train,16,0.14945200428083277,0.3865902278651554,0.13502060831435625,0.3674515047109703
85,1,train,2,0.12058921234787971,0.3472595748829393,0.13502060831435625,0.3674515047109703
85,-1,train,18,0.13502060831435625,0.3674515047109703,0.13502060831435625,0.3674515047109703
86,0,train,16,0.14921816864290122,0.3862876760173708,0.13128360765871894,0.3623307986615531
86,1,train,2,0.11334904667453669,0.33667350159247267,0.13128360765871894,0.3623307986615531
86,-1,train,18,0.13128360765871894,0.3623307986615531,0.13128360765871894,0.3623307986615531
87,0,train,16,0.13973951925316724,0.37381749457879476,0.15993503764375724,0.399918788810625
87,1,train,2,0.18013055603434724,0.4244179025846427,0.15993503764375724,0.399918788810625
87,-1,train,18,0.15993503764375724,0.399918788810625,0.15993503764375724,0.399918788810625
88,0,train,16,0.14722913424889597,0.38370448817924446,0.1291373103742861,0.3593568009295025
88,1,train,2,0.11104548649967623,0.33323488187714717,0.1291373103742861,0.3593568009295025
88,-1,train,18,0.1291373103742861,0.3593568009295025,0.1291373103742861,0.3593568009295025
89,0,train,16,0.1461797819381572,0.38233464653122556,0.12827638650381942,0.35815692999552506
89,1,train,2,0.11037299106948165,0.33222430836632294,0.12827638650381942,0.35815692999552506
89,-1,train,18,0.12827638650381942,0.35815692999552506,0.12827638650381942,0.35815692999552506
90,0,train,16,0.14374292963074842,0.3791344479610741,0.13225454864198355,0.3636681848086021
90,1,train,2,0.12076616765321871,0.3475142697116461,0.13225454864198355,0.3636681848086021
90,-1,train,18,0.13225454864198355,0.3636681848086021,0.13225454864198355,0.3636681848086021
91,0,train,16,0.1442389042749584,0.3797879727887106,0.12601219528362956,0.35498196473008253
91,1,train,2,0.1077854862923007,0.32830700006594543,0.12601219528362956,0.35498196473008253
91,-1,train,18,0.12601219528362956,0.35498196473008253,0.12601219528362956,0.35498196473008253
92,0,train,16,0.1434286456833241,0.37871974556830823,0.1243117702994964,0.3525787434027985
92,1,train,2,0.10519489491566869,0.324337624884423,0.1243117702994964,0.3525787434027985
92,-1,train,18,0.1243117702994964,0.3525787434027985,0.1243117702994964,0.3525787434027985
93,0,train,16,0.14207416166530498,0.3769272630963499,0.12451369913080282,0.35286498711377245
93,1,train,2,0.10695323659630067,0.3270370569160331,0.12451369913080282,0.35286498711377245
93,-1,train,18,0.12451369913080282,0.35286498711377245,0.12451369913080282,0.35286498711377245
94,0,train,16,0.13004608207151042,0.36061902621951386,0.16215688035232256,0.40268707497549827
94,1,train,2,0.19426767863313468,0.44075807268061995,0.16215688035232256,0.40268707497549827
94,-1,train,18,0.16215688035232256,0.40268707497549827,0.16215688035232256,0.40268707497549827
95,0,train,16,0.1394538423930013,0.3734351916906082,0.12468401108733493,0.3531062320142975
95,1,train,2,0.10991417978166858,0.3315330749437657,0.12468401108733493,0.3531062320142975
95,-1,train,18,0.12468401108733493,0.3531062320142975,0.12468401108733493,0.3531062320142975
96,0,train,16,0.13946237201748027,0.37344661200428675,0.12020314333551324,0.34670324967544397
96,1,train,2,0.1009439146535462,0.31771672076481305,0.12020314333551324,0.34670324967544397
96,-1,train,18,0.12020314333551324,0.34670324967544397,0.12020314333551324,0.34670324967544397
97,0,train,16,0.13838908625307025,0.37200683629883774,0.11948133485581602,0.34566072217684213
97,1,train,2,0.1005735834585618,0.3171333843330938,0.11948133485581602,0.34566072217684213
97,-1,train,18,0.11948133485581602,0.34566072217684213,0.11948133485581602,0.34566072217684213
98,0,train,16,0.12861427569891487,0.35862832528805483,0.14926804767752178,0.386352232655024
98,1,train,2,0.16992181965612868,0.41221574406629435,0.14926804767752178,0.386352232655024
98,-1,train,18,0.14926804767752178,0.386352232655024,0.14926804767752178,0.386352232655024
99,0,train,16,0.13562095107014216,0.36826749934000713,0.12026929503709304,0.3467986375940555
99,1,train,2,0.10491763900404391,0.323909924213575,0.12026929503709304,0.3467986375940555
99,-1,train,18,0.12026929503709304,0.3467986375940555,0.12026929503709304,0.3467986375940555
100,0,train,16,0.13528650056989372,0.3678131326773063,0.11702972154546679,0.34209607063727987
100,1,train,2,0.09877294252103984,0.314281629308873,0.11702972154546679,0.34209607063727987
100,-1,train,18,0.11702972154546679,0.34209607063727987,0.11702972154546679,0.34209607063727987
101,0,train,16,0.13134090450118704,0.36240985706957124,0.12640448855102715,0.35553408915465073
101,1,train,2,0.12146807260086727,0.3485227002662341,0.12640448855102715,0.35553408915465073
101,-1,train,18,0.12640448855102715,0.35553408915465073,0.12640448855102715,0.35553408915465073
102,0,train,16,0.12189521171146322,0.3491349477085662,0.15507644258089703,0.39379746390866593
102,1,train,2,0.18825767345033084,0.4338867057773617,0.15507644258089703,0.39379746390866593
102,-1,train,18,0.15507644258089703,0.39379746390866593,0.15507644258089703,0.39379746390866593
103,0,train,16,0.11815223392846183,0.34373279437444115,0.16376606795338056,0.40468020454845643
103,1,train,2,0.20937990197829928,0.45758048688542136,0.16376606795338056,0.40468020454845643
103,-1,train,18,0.16376606795338056,0.40468020454845643,0.16376606795338056,0.40468020454845643
104,0,train,16,0.13033636368749418,0.36102127871843537,0.11669121753437972,0.34160096243186977
104,1,train,2,0.10304607138126527,0.3210078992505718,0.11669121753437972,0.34160096243186977
104,-1,train,18,0.11669121753437972,0.34160096243186977,0.11669121753437972,0.34160096243186977
105,0,train,16,0.1298976529481534,0.3604131697762353,0.11387011946720518,0.3374464690394688
105,1,train,2,0.09784258598625699,0.31279799549590626,0.11387011946720518,0.3374464690394688
105,-1,train,18,0.11387011946720518,0.3374464690394688,0.11387011946720518,0.3374464690394688
106,0,train,16,0.11586172736364833,0.34038467557110785,0.15859451367820937,0.3982392668713237
106,1,train,2,0.20132729999277038,0.44869510805531454,0.15859451367820937,0.3982392668713237
106,-1,train,18,0.15859451367820937,0.3982392668713237,0.15859451367820937,0.3982392668713237
107,0,train,16,0.11610351673096615,0.3407396612238824,0.15338788178086465,0.39164765003873653
107,1,train,2,0.19067224683076317,0.4366603334753034,0.15338788178086465,0.39164765003873653
107,-1,train,18,0.15338788178086465,0.39164765003873653,0.15338788178086465,0.39164765003873653
108,0,train,16,0.12761406427751118,0.35723110765652977,0.10872777555749621,0.3297389506223009
108,1,train,2,0.08984148683748124,0.29973569496721814,0.10872777555749621,0.3297389506223009
108,-1,train,18,0.10872777555749621,0.3297389506223009,0.10872777555749621,0.3297389506223009
109,0,train,16,0.11781155217854358,0.3432368747360102,0.13870128850046204,0.3724262188681968
109,1,train,2,0.15959102482238047,0.3994884539287468,0.13870128850046204,0.3724262188681968
109,-1,train,18,0.13870128850046204,0.3724262188681968,0.13870128850046204,0.3724262188681968
110,0,train,16,0.11321285060490964,0.3364711735125457,0.15048957594113252,0.38792985956372644
110,1,train,2,0.1877663012773554,0.4333200910151241,0.15048957594113252,0.38792985956372644
110,-1,train,18,0.15048957594113252,0.38792985956372644,0.15048957594113252,0.38792985956372644
111,0,train,16,0.12392466530280297,0.35202935289944637,0.10872260879427578,0.3297311159024513
111,1,train,2,0.09352055228574858,0.30581130176262056,0.10872260879427578,0.3297311159024513
111,-1,train,18,0.10872260879427578,0.3297311159024513,0.10872260879427578,0.3297311159024513
112,0,train,16,0.12356105151754974,0.3515125197166521,0.10575169519271724,0.32519485726671205
112,1,train,2,0.08794233886788472,0.2965507357399147,0.10575169519271724,0.32519485726671205
112,-1,train,18,0.10575169519271724,0.32519485726671205,0.10575169519271724,0.32519485726671205
113,0,train,16,0.11393948675973309,0.3375492360526581,0.1351751234451668,0.36766169700577567
113,1,train,2,0.1564107601306005,0.3954880025115813,0.1351751234451668,0.36766169700577567
113,-1,train,18,0.1351751234451668,0.36766169700577567,0.1351751234451668,0.36766169700577567
114,0,train,16,0.12147731703786166,0.3485359623308069,0.10455708419055103,0.32335287874171004
114,1,train,2,0.0876368513432404,0.2960352197682573,0.10455708419055103,0.32335287874171004
114,-1,train,18,0.10455708419055103,0.32335287874171004,0.10455708419055103,0.32335287874171004
115,0,train,16,0.10942876616040884,0.3308001906898012,0.14252299144840025,0.37752217345263345
115,1,train,2,0.17561721673639166,0.41906707904152013,0.14252299144840025,0.37752217345263345
115,-1,train,18,0.14252299144840025,0.37752217345263345,0.14252299144840025,0.37752217345263345
116,0,train,16,0.10855573629281359,0.3294779754290317,0.14139836631175878,0.3760297412595961
116,1,train,2,0.17424099633070397,0.4174218445777652,0.14139836631175878,0.3760297412595961
116,-1,train,18,0.14139836631175878,0.3760297412595961,0.14139836631175878,0.3760297412595961
117,0,train,16,0.11904658096985446,0.34503127535029987,0.10053911413813713,0.3170790345294642
117,1,train,2,0.0820316473064198,0.2864116745288498,0.10053911413813713,0.3170790345294642
117,-1,train,18,0.10053911413813713,0.3170790345294642,0.10053911413813713,0.3170790345294642
118,0,train,16,0.11726636492588613,0.34244176866423015,0.10259579169321395,0.3203057784262
118,1,train,2,0.08792521846054176,0.2965218684356042,0.10259579169321395,0.3203057784262
118,-1,train,18,0.10259579169321395,0.3203057784262,0.10259579169321395,0.3203057784262
119,0,train,16,0.10781174052174451,0.32834698189833345,0.13156324424673838,0.3627164791496774
119,1,train,2,0.15531474797173223,0.39409992130388993,0.13156324424673838,0.3627164791496774
119,-1,train,18,0.13156324424673838,0.3627164791496774,0.13156324424673838,0.3627164791496774
120,0,train,16,0.1162069641041747,0.34089142568298003,0.09803563471278759,0.31310642713426945
120,1,train,2,0.07986430532140046,0.2826027341010707,0.09803563471278759,0.31310642713426945
120,-1,train,18,0.09803563471278759,0.31310642713426945,0.09803563471278759,0.31310642713426945
121,0,train,16,0.11533940582635646,0.3396165570556837,0.09691911103379172,0.3113183435549401
121,1,train,2,0.07849881624122698,0.2801764020063556,0.09691911103379172,0.3113183435549401
121,-1,train,18,0.09691911103379172,0.3113183435549401,0.09691911103379172,0.3113183435549401
122,0,train,16,0.11401021808777259,0.33765399166568816,0.09745305294459136,0.31217471541524844
122,1,train,2,0.08089588780141013,0.28442202411453676,0.09745305294459136,0.31217471541524844
122,-1,train,18,0.09745305294459136,0.31217471541524844,0.09745305294459136,0.31217471541524844
123,0,train,16,0.11221897621302304,0.33499100915251895,0.09955705264504608,0.3155266274738886
123,1,train,2,0.08689512907706913,0.2947797976067375,0.09955705264504608,0.3155266274738886
123,-1,train,18,0.09955705264504608,0.3155266274738886,0.09955705264504608,0.3155266274738886
124,0,train,16,0.11083176710217639,0.33291405362672266,0.10037839210403993,0.31682549156284745
124,1,train,2,0.08992501710590348,0.2998750024692013,0.10037839210403993,0.31682549156284745
124,-1,train,18,0.10037839210403993,0.31682549156284745,0.10037839210403993,0.31682549156284745
125,0,train,16,0.11159089333509017,0.33405223144755397,0.09358625818075489,0.30591871172054
125,1,train,2,0.07558162302641962,0.2749211214629018,0.09358625818075489,0.30591871172054
125,-1,train,18,0.09358625818075489,0.30591871172054,0.09358625818075489,0.30591871172054
126,0,train,16,0.11008852341447939,0.33179590626540195,0.09471740376805078,0.3077619270930873
126,1,train,2,0.07934628412162217,0.28168472468634537,0.09471740376805078,0.3077619270930873
126,-1,train,18,0.09471740376805078,0.3077619270930873,0.09471740376805078,0.3077619270930873
127,0,train,16,0.09691177593542195,0.3113065626282587,0.1368315946749082,0.36990754882119964
127,1,train,2,0.1767514134143945,0.42041814115757953,0.1368315946749082,0.36990754882119964
127,-1,train,18,0.1368315946749082,0.36990754882119964,0.1368315946749082,0.36990754882119964
128,0,train,16,0.10717643932296897,0.32737812896247204,0.09682464638338231,0.31116658943945497
128,1,train,2,0.08647285344379564,0.29406266924551244,0.09682464638338231,0.31116658943945497
128,-1,train,18,0.09682464638338231,0.31116658943945497,0.09682464638338231,0.31116658943945497
129,0,train,16,0.10766693699120322,0.3281264039835917,0.09107650456858112,0.30178884102726716
129,1,train,2,0.07448607214595901,0.2729213662320321,0.09107650456858112,0.30178884102726716
129,-1,train,18,0.09107650456858112,0.30178884102726716,0.09107650456858112,0.30178884102726716
130,0,train,16,0.10659074897196467,0.32648238692457004,0.09083194154633445,0.3013833796783334
130,1,train,2,0.07507313412070422,0.27399477024334645,0.09083194154633445,0.3013833796783334
130,-1,train,18,0.09083194154633445,0.3013833796783334,0.09083194154633445,0.3013833796783334
131,0,train,16,0.1057856937894848,0.3252471272578511,0.08967357388891936,0.29945546227931685
131,1,train,2,0.07356145398835394,0.2712221487791031,0.08967357388891936,0.29945546227931685
131,-1,train,18,0.08967357388891936,0.29945546227931685,0.08967357388891936,0.29945546227931685
132,0,train,16,0.1054179921893863,0.3246813702530318,0.0869848300927759,0.29493190755287213
132,1,train,2,0.0685516679961655,0.261823734592885,0.0869848300927759,0.29493190755287213
132,-1,train,18,0.0869848300927759,0.29493190755287213,0.0869848300927759,0.29493190755287213
133,0,train,16,0.10449077135317038,0.3232503230519196,0.08626498869668131,0.2937090204550778
133,1,train,2,0.06803920604019223,0.2608432595260844,0.08626498869668131,0.2937090204550778
133,-1,train,18,0.08626498869668131,0.2937090204550778,0.08626498869668131,0.2937090204550778
134,0,train,16,0.09108105647998446,0.3017963824832638,0.12931125907172797,0.35959874731668345
134,1,train,2,0.16754146166347145,0.40931828894330075,0.12931125907172797,0.35959874731668345
134,-1,train,18,0.12931125907172797,0.35959874731668345,0.12931125907172797,0.35959874731668345
135,0,train,16,0.10259627089297392,0.32030652646016117,0.08512671430928265,0.29176482705988166
135,1,train,2,0.06765715772559137,0.2601098954780294,0.08512671430928265,0.29176482705988166
135,-1,train,18,0.08512671430928265,0.29176482705988166,0.08512671430928265,0.29176482705988166
136,0,train,16,0.10193171768194453,0.3192674704412345,0.08363723559226213,0.2892010297219948
136,1,train,2,0.06534275350257972,0.25562228678771287,0.08363723559226213,0.2892010297219948
136,-1,train,18,0.08363723559226213,0.2892010297219948,0.08363723559226213,0.2892010297219948
137,0,train,16,0.10103396008278949,0.3178583962754319,0.082998775246031,0.2880950802183734
137,1,train,2,0.06496359040927249,0.25487956059533784,0.082998775246031,0.2880950802183734
137,-1,train,18,0.082998775246031,0.2880950802183734,0.082998775246031,0.2880950802183734
138,0,train,16,0.10018895906818841,0.3165263955315392,0.08221609719941447,0.2867334950775972
138,1,train,2,0.06424323533064054,0.25346249294647233,0.08221609719941447,0.2867334950775972
138,-1,train,18,0.08221609719941447,0.2867334950775972,0.08221609719941447,0.2867334950775972
139,0,train,16,0.09907603886159824,0.31476346494089535,0.08236822623379814,0.28699865197209223
139,1,train,2,0.06566041360599802,0.2562428801079125,0.08236822623379814,0.28699865197209223
139,-1,train,18,0.08236822623379814,0.28699865197209223,0.08236822623379814,0.28699865197209223
140,0,train,16,0.09857605496695675,0.31396823878691416,0.08045722523240331,0.2836498285428766
140,1,train,2,0.06233839549784988,0.24967658179703173,0.08045722523240331,0.2836498285428766
140,-1,train,18,0.08045722523240331,0.2836498285428766,0.08045722523240331,0.2836498285428766
141,0,train,16,0.09743741335287888,0.31214966498921454,0.08071073749820323,0.28409635249014237
141,1,train,2,0.06398406164352759,0.2529507099091196,0.08071073749820323,0.28409635249014237
141,-1,train,18,0.08071073749820323,0.28409635249014237,0.08071073749820323,0.28409635249014237
142,0,train,16,0.08427042246864742,0.2902936831359708,0.1231892993984571,0.3509833320806803
142,1,train,2,0.16210817632826677,0.402626596647895,0.1231892993984571,0.3509833320806803
142,-1,train,18,0.1231892993984571,0.3509833320806803,0.1231892993984571,0.3509833320806803
143,0,train,16,0.08328124265786155,0.2885848967944469,0.1229683075593642,0.35066837262485506
143,1,train,2,0.16265537246086686,0.4033055571906577,0.1229683075593642,0.35066837262485506
143,-1,train,18,0.1229683075593642,0.35066837262485506,0.1229683075593642,0.35066837262485506
144,0,train,16,0.09531366008016431,0.3087291046859112,0.0772461740704326,0.2779319594261023
144,1,train,2,0.0591786880607009,0.2432667015041329,0.0772461740704326,0.2779319594261023
144,-1,train,18,0.0772461740704326,0.2779319594261023,0.0772461740704326,0.2779319594261023
145,0,train,16,0.09450423611522574,0.30741541294350505,0.07649243951219589,0.2765726658804082
145,1,train,2,0.05848064290916605,0.24182771327779215,0.07649243951219589,0.2765726658804082
145,-1,train,18,0.07649243951219589,0.2765726658804082,0.07649243951219589,0.2765726658804082
146,0,train,16,0.09350802952961584,0.3057908264314282,0.07642562815467648,0.27645185503931147
146,1,train,2,0.059343226779737114,0.24360465262333786,0.07642562815467648,0.27645185503931147
146,-1,train,18,0.07642562815467648,0.27645185503931147,0.07642562815467648,0.27645185503931147
147,0,train,16,0.09285051412037255,0.3047138233168501,0.07524646444176111,0.2743108901260778
147,1,train,2,0.057642414763149685,0.24008834782877259,0.07524646444176111,0.2743108901260778
147,-1,train,18,0.07524646444176111,0.2743108901260778,0.07524646444176111,0.2743108901260778
148,0,train,16,0.08125552285118418,0.28505354383200393,0.11240874238050097,0.33527413019870916
148,1,train,2,0.14356196190981776,0.3788957137654341,0.11240874238050097,0.33527413019870916
148,-1,train,18,0.11240874238050097,0.33527413019870916,0.11240874238050097,0.33527413019870916
149,0,train,16,0.09102943389341589,0.3017108448389217,0.07475857770184897,0.27342014867571296
149,1,train,2,0.058487721510282066,0.24184234846337824,0.07475857770184897,0.27342014867571296
149,-1,train,18,0.07475857770184897,0.27342014867571296,0.07475857770184897,0.27342014867571296
150,0,train,16,0.09069749703541696,0.30116025142009856,0.07254815420907856,0.26934764563492763
150,1,train,2,0.054398811382740164,0.23323552770266404,0.07254815420907856,0.26934764563492763
150,-1,train,18,0.07254815420907856,0.26934764563492763,0.07254815420907856,0.26934764563492763
151,0,train,16,0.07835545086013221,0.27992043666037,0.11241961176963754,0.3352903395113518
151,1,train,2,0.14648377267914287,0.38273198544038994,0.11241961176963754,0.3352903395113518
151,-1,train,18,0.11241961176963754,0.3352903395113518,0.11241961176963754,0.3352903395113518
152,0,train,16,0.08928998894674962,0.2988143051240178,0.0708549056243698,0.26618584790399696
152,1,train,2,0.05241982230198997,0.22895375581542657,0.0708549056243698,0.26618584790399696
152,-1,train,18,0.0708549056243698,0.26618584790399696,0.0708549056243698,0.26618584790399696
153,0,train,16,0.08858606375036007,0.29763411052895145,0.070064339468529,0.26469669334642054
153,1,train,2,0.051542615186697914,0.22702998741729674,0.070064339468529,0.26469669334642054
153,-1,train,18,0.070064339468529,0.26469669334642054,0.070064339468529,0.26469669334642054
154,0,train,16,0.08766610660562932,0.29608462743889513,0.07006179402640526,0.26469188507849134
154,1,train,2,0.05245748144718121,0.22903598286553406,0.07006179402640526,0.26469188507849134
154,-1,train,18,0.07006179402640526,0.26469188507849134,0.07006179402640526,0.26469188507849134
155,0,train,16,0.06533207425554902,0.25560139720969643,0.1450906154239861,0.38090762059059163
155,1,train,2,0.2248491565924232,0.4741826194541753,0.1450906154239861,0.38090762059059163
155,-1,train,18,0.1450906154239861,0.38090762059059163,0.1450906154239861,0.38090762059059163
156,0,train,16,0.08445690430979177,0.2906147007805899,0.07498907949249753,0.2738413399990906
156,1,train,2,0.06552125467520328,0.2559711989173846,0.07498907949249753,0.2738413399990906
156,-1,train,18,0.07498907949249753,0.2738413399990906,0.07498907949249753,0.2738413399990906
157,0,train,16,0.07407068181932845,0.27215929493465485,0.10823803928563708,0.32899550040332937
157,1,train,2,0.1424053967519457,0.37736639589654203,0.10823803928563708,0.32899550040332937
157,-1,train,18,0.10823803928563708,0.32899550040332937,0.10823803928563708,0.32899550040332937
158,0,train,16,0.06066670296009802,0.24630611636761687,0.1520786302997646,0.38997260198604283
158,1,train,2,0.24349055763943114,0.49344762400829445,0.1520786302997646,0.38997260198604283
158,-1,train,18,0.1520786302997646,0.38997260198604283,0.1520786302997646,0.38997260198604283
159,0,train,16,0.08243324347531993,0.2871119006159792,0.0729156885877122,0.2700290513772772
159,1,train,2,0.06339813370010448,0.2517898602011298,0.0729156885877122,0.2700290513772772
159,-1,train,18,0.0729156885877122,0.2700290513772772,0.0729156885877122,0.2700290513772772
160,0,train,16,0.07276078312289755,0.2697420677664082,0.1037831564553698,0.32215393285721317
160,1,train,2,0.13480552978784205,0.36715872560493784,0.1037831564553698,0.32215393285721317
160,-1,train,18,0.1037831564553698,0.32215393285721317,0.1037831564553698,0.32215393285721317
161,0,train,16,0.08300156771665061,0.2880999266168782,0.06508904980230147,0.25512555693677863
161,1,train,2,0.047176531887952323,0.21720159273806516,0.06508904980230147,0.25512555693677863
161,-1,train,18,0.06508904980230147,0.25512555693677863,0.06508904980230147,0.25512555693677863
162,0,train,16,0.08242971353009133,0.287105753216635,0.06422478838278413,0.2534261004371573
162,1,train,2,0.04601986323547693,0.2145224073039386,0.06422478838278413,0.2534261004371573
162,-1,train,18,0.06422478838278413,0.2534261004371573,0.06422478838278413,0.2534261004371573
163,0,train,16,0.08171669695312403,0.2858613246893046,0.06390356559155375,0.2527915457280044
163,1,train,2,0.04609043422998347,0.21468682826383054,0.06390356559155375,0.2527915457280044
163,-1,train,18,0.06390356559155375,0.2527915457280044,0.06390356559155375,0.2527915457280044
164,0,train,16,0.081227378116385,0.2850041721034711,0.06283397415302071,0.2506670583722973
164,1,train,2,0.04444057018965641,0.21080932187561444,0.06283397415302071,0.2506670583722973
164,-1,train,18,0.06283397415302071,0.2506670583722973,0.06283397415302071,0.2506670583722973
165,0,train,16,0.0785717762673837,0.2803065754979424,0.06939777803781647,0.26343458018608046
165,1,train,2,0.060223779808249236,0.24540533777456683,0.06939777803781647,0.26343458018608046
165,-1,train,18,0.06939777803781647,0.26343458018608046,0.06939777803781647,0.26343458018608046
166,0,train,16,0.06742362609796294,0.25966059789263934,0.1057226583802576,0.3251502089500445
166,1,train,2,0.14402169066255227,0.37950189810138274,0.1057226583802576,0.3251502089500445
166,-1,train,18,0.1057226583802576,0.3251502089500445,0.1057226583802576,0.3251502089500445
167,0,train,16,0.07928873201650916,0.281582549204508,0.061564600906874205,0.2481221491662407
167,1,train,2,0.043840469797239254,0.2093811591266971,0.061564600906874205,0.2481221491662407
167,-1,train,18,0.061564600906874205,0.2481221491662407,0.061564600906874205,0.2481221491662407
168,0,train,16,0.07886300995310355,0.2808255863576244,0.06044430767958053,0.24585424071913126
168,1,train,2,0.042025605406057515,0.2050014765948224,0.06044430767958053,0.24585424071913126
168,-1,train,18,0.06044430767958053,0.24585424071913126,0.06044430767958053,0.24585424071913126
169,0,train,16,0.06646365218517399,0.2578054541416337,0.10132034172781246,0.3183085637047996
169,1,train,2,0.13617703127045094,0.36902172194933314,0.10132034172781246,0.3183085637047996
169,-1,train,18,0.10132034172781246,0.3183085637047996,0.10132034172781246,0.3183085637047996
170,0,train,16,0.07726230774996681,0.277960982423733,0.061001270871363714,0.2469843534950417
170,1,train,2,0.04474023399276062,0.2115188738452449,0.061001270871363714,0.2469843534950417
170,-1,train,18,0.061001270871363714,0.2469843534950417,0.061001270871363714,0.2469843534950417
171,0,train,16,0.07689820977603426,0.2773052646020884,0.05985510910406283,0.2446530382073005
171,1,train,2,0.04281200843209141,0.20691062909404004,0.05985510910406283,0.2446530382073005
171,-1,train,18,0.05985510910406283,0.2446530382073005,0.05985510910406283,0.2446530382073005
172,0,train,16,0.06486012713149843,0.25467651468382085,0.09960309072134163,0.3155995733858676
172,1,train,2,0.13434605431118482,0.36653247374712217,0.09960309072134163,0.3155995733858676
172,-1,train,18,0.09960309072134163,0.3155995733858676,0.09960309072134163,0.3155995733858676
173,0,train,16,0.07594741057332562,0.2755855775858483,0.05845171865923794,0.2417679024586141
173,1,train,2,0.04095602674515027,0.20237595396971023,0.05845171865923794,0.2417679024586141
173,-1,train,18,0.05845171865923794,0.2417679024586141,0.05845171865923794,0.2417679024586141
174,0,train,16,0.07510050970107016,0.2740447220821269,0.059111705120264715,0.2431289886464893
174,1,train,2,0.04312290053945927,0.20766054160446387,0.059111705120264715,0.2431289886464893
174,-1,train,18,0.059111705120264715,0.2431289886464893,0.059111705120264715,0.2431289886464893
175,0,train,16,0.0746948046988987,0.273303502902723,0.058284632904691484,0.2414221052527947
175,1,train,2,0.04187446111048426,0.20463250257592086,0.058284632904691484,0.2414221052527947
175,-1,train,18,0.058284632904691484,0.2414221052527947,0.058284632904691484,0.2414221052527947
176,0,train,16,0.07411790575223917,0.2722460390019278,0.0580872089084188,0.24101288120849226
176,1,train,2,0.04205651206459843,0.20507684429159337,0.0580872089084188,0.24101288120849226
176,-1,train,18,0.0580872089084188,0.24101288120849226,0.0580872089084188,0.24101288120849226
177,0,train,16,0.06231221399649385,0.2496241454597168,0.09725168360204109,0.3118520219624062
177,1,train,2,0.13219115320758834,0.3635810132660785,0.09725168360204109,0.3118520219624062
177,-1,train,18,0.09725168360204109,0.3118520219624062,0.09725168360204109,0.3118520219624062
178,0,train,16,0.06475719327240091,0.25447434698295407,0.08653515630325398,0.29416858483402675
178,1,train,2,0.10831311933410703,0.3291095856004608,0.08653515630325398,0.29416858483402675
178,-1,train,18,0.08653515630325398,0.29416858483402675,0.08653515630325398,0.29416858483402675
179,0,train,16,0.07306980657872818,0.27031427372362005,0.05537870915408516,0.23532681350429482
179,1,train,2,0.037687611729442135,0.19413297434862048,0.05537870915408516,0.23532681350429482
179,-1,train,18,0.05537870915408516,0.23532681350429482,0.05537870915408516,0.23532681350429482
180,0,train,16,0.061246627329986966,0.24748055949909878,0.09471735011736623,0.30776183993043427
180,1,train,2,0.12818807290474551,0.35803361979672454,0.09471735011736623,0.30776183993043427
180,-1,train,18,0.09471735011736623,0.30776183993043427,0.09471735011736623,0.30776183993043427
181,0,train,16,0.06081420345787884,0.2466053597509163,0.09422607265188998,0.3069626567709662
181,1,train,2,0.12763794184590113,0.3572645264309082,0.09422607265188998,0.3069626567709662
181,-1,train,18,0.09422607265188998,0.3069626567709662,0.09422607265188998,0.3069626567709662
182,0,train,16,0.05927630156697698,0.24346724947511314,0.09765845717943206,0.3125035314671373
182,1,train,2,0.13604061279188712,0.3688368376286283,0.09765845717943206,0.3125035314671373
182,-1,train,18,0.09765845717943206,0.3125035314671373,0.09765845717943206,0.3125035314671373
183,0,train,16,0.04732401651172774,0.21754083872167024,0.137572721994103,0.3709079697096074
183,1,train,2,0.22782142747647827,0.47730642932656825,0.137572721994103,0.3709079697096074
183,-1,train,18,0.137572721994103,0.3709079697096074,0.137572721994103,0.3709079697096074
184,0,train,16,0.0709820163750772,0.2664245040815075,0.052998878434210035,0.23021485276630185
184,1,train,2,0.03501574049334287,0.1871249328479315,0.052998878434210035,0.23021485276630185
184,-1,train,18,0.052998878434210035,0.23021485276630185,0.052998878434210035,0.23021485276630185
185,0,train,16,0.050231851474203656,0.224124633796028,0.12379647057233151,0.35184722618251735
185,1,train,2,0.19736108967045937,0.4442534070442897,0.12379647057233151,0.35184722618251735
185,-1,train,18,0.12379647057233151,0.35184722618251735,0.12379647057233151,0.35184722618251735
186,0,train,16,0.06993513688509143,0.2644525229319838,0.053243202526191614,0.23074488624060904
186,1,train,2,0.0365512681672918,0.19118385958885703,0.053243202526191614,0.23074488624060904
186,-1,train,18,0.053243202526191614,0.23074488624060904,0.053243202526191614,0.23074488624060904
187,0,train,16,0.06959614111007816,0.26381080552183256,0.05271850652050791,0.22960510996166422
187,1,train,2,0.03584087193093767,0.18931685590812475,0.05271850652050791,0.22960510996166422
187,-1,train,18,0.05271850652050791,0.22960510996166422,0.05271850652050791,0.22960510996166422
188,0,train,16,0.06974795501946583,0.26409838132685676,0.05060597473585039,0.22495771766234293
188,1,train,2,0.031463994452234946,0.17738093035113708,0.05060597473585039,0.22495771766234293
188,-1,train,18,0.05060597473585039,0.22495771766234293,0.05060597473585039,0.22495771766234293
189,0,train,16,0.06928201337182345,0.2632147666295025,0.05067192139114158,0.2251042456088769
189,1,train,2,0.03206182941045971,0.17905817325790999,0.05067192139114158,0.2251042456088769
189,-1,train,18,0.05067192139114158,0.2251042456088769,0.05067192139114158,0.2251042456088769
190,0,train,16,0.06905067312574832,0.26277494767528414,0.04992521429131557,0.2234395092442596
190,1,train,2,0.03079975545688282,0.17549859103959445,0.04992521429131557,0.2234395092442596
190,-1,train,18,0.04992521429131557,0.2234395092442596,0.04992521429131557,0.2234395092442596
191,0,train,16,0.06874796852368051,0.2621983381405773,0.049451424242166746,0.22237676192032013
191,1,train,2,0.030154879960652987,0.17365160511971373,0.049451424242166746,0.22237676192032013
191,-1,train,18,0.049451424242166746,0.22237676192032013,0.049451424242166746,0.22237676192032013
192,0,train,16,0.06796037304360024,0.2606921039149445,0.05070108422152546,0.22516901256950403
192,1,train,2,0.03344179539945067,0.18287098020038792,0.05070108422152546,0.22516901256950403
192,-1,train,18,0.05070108422152546,0.22516901256950403,0.05070108422152546,0.22516901256950403
193,0,train,16,0.0667755484131087,0.258409652321868,0.05349683916572868,0.2312938372843701
193,1,train,2,0.04021812991834865,0.20054458336825917,0.05349683916572868,0.2312938372843701
193,-1,train,18,0.05349683916572868,0.2312938372843701,0.05349683916572868,0.2312938372843701
194,0,train,16,0.06749317698577208,0.25979448990648757,0.04947134212069344,0.22242154149428386
194,1,train,2,0.031449507255614816,0.17734008925117528,0.04947134212069344,0.22242154149428386
194,-1,train,18,0.04947134212069344,0.22242154149428386,0.04947134212069344,0.22242154149428386
195,0,train,16,0.054922164486336286,0.2343547833655978,0.09218873653087598,0.3036259813172713
195,1,train,2,0.12945530857541568,0.35979898356640155,0.09218873653087598,0.3036259813172713
195,-1,train,18,0.09218873653087598,0.3036259813172713,0.09218873653087598,0.3036259813172713
196,0,train,16,0.06714487380430263,0.259123279163225,0.04807207259220231,0.2192534437408049
196,1,train,2,0.02899927138010199,0.1702917243441442,0.04807207259220231,0.2192534437408049
196,-1,train,18,0.04807207259220231,0.2192534437408049,0.04807207259220231,0.2192534437408049
197,0,train,16,0.055363791173770494,0.23529511506567766,0.08805396737999178,0.2967388875425528
197,1,train,2,0.12074414358621308,0.3474825802629724,0.08805396737999178,0.2967388875425528
197,-1,train,18,0.08805396737999178,0.2967388875425528,0.08805396737999178,0.2967388875425528
198,0,train,16,0.06613634441084908,0.257169874617633,0.0490752149349235,0.22152926428560968
198,1,train,2,0.03201408545899792,0.17892480392331836,0.0490752149349235,0.22152926428560968
198,-1,train,18,0.0490752149349235,0.22152926428560968,0.0490752149349235,0.22152926428560968
199,0,train,16,0.06370505659717304,0.2523986065674156,0.05642317827128464,0.2375356357923683
199,1,train,2,0.049141299945396226,0.22167837049517533,0.05642317827128464,0.2375356357923683
199,-1,train,18,0.05642317827128464,0.2375356357923683,0.05642317827128464,0.2375356357923683
200,0,train,16,0.06588414598389876,0.2566790719632178,0.047567453230622905,0.2180996406017738
200,1,train,2,0.029250760477347048,0.17102853702627246,0.047567453230622905,0.2180996406017738
200,-1,train,18,0.047567453230622905,0.2180996406017738,0.047567453230622905,0.2180996406017738
201,0,train,16,0.06584896871848743,0.2566105389856142,0.04654520494930776,0.21574337753291006
201,1,train,2,0.027241441180128084,0.16504981423839316,0.04654520494930776,0.21574337753291006
201,-1,train,18,0.04654520494930776,0.21574337753291006,0.04654520494930776,0.21574337753291006
202,0,train,16,0.0638095112159899,0.2526054457370029,0.052558273715475085,0.22925591315269292
202,1,train,2,0.041307036214960256,0.2032413250669269,0.052558273715475085,0.22925591315269292
202,-1,train,18,0.052558273715475085,0.22925591315269292,0.052558273715475085,0.22925591315269292
203,0,train,16,0.06527367291966218,0.25548712867708656,0.04629165513320043,0.21515495609722876
203,1,train,2,0.027309637346738674,0.16525627778314103,0.04629165513320043,0.21515495609722876
203,-1,train,18,0.04629165513320043,0.21515495609722876,0.04629165513320043,0.21515495609722876
204,0,train,16,0.061452003730745816,0.2478951466462097,0.058682831620197204,0.24224539545716284
204,1,train,2,0.055913659509648585,0.2364606933713267,0.058682831620197204,0.24224539545716284
204,-1,train,18,0.058682831620197204,0.24224539545716284,0.058682831620197204,0.24224539545716284
205,0,train,16,0.06439638550483398,0.25376442915592795,0.04722909245827216,0.21732255395672156
205,1,train,2,0.03006179941171034,0.17338338851144403,0.04722909245827216,0.21732255395672156
205,-1,train,18,0.04722909245827216,0.21732255395672156,0.04722909245827216,0.21732255395672156
206,0,train,16,0.06278076744584754,0.2505609056613732,0.05190892410626006,0.2278353003953954
206,1,train,2,0.041037080766672576,0.20257611104637332,0.05190892410626006,0.2278353003953954
206,-1,train,18,0.05190892410626006,0.2278353003953954,0.05190892410626006,0.2278353003953954
207,0,train,16,0.06383033526964116,0.25264666091132326,0.04724556687101473,0.21736045378820576
207,1,train,2,0.030660798472388295,0.1751022514772106,0.04724556687101473,0.21736045378820576
207,-1,train,18,0.04724556687101473,0.21736045378820576,0.04724556687101473,0.21736045378820576
208,0,train,16,0.05329642266893068,0.23086017991184768,0.0832483142200175,0.2885278395926769
208,1,train,2,0.11320020577110432,0.3364523826206382,0.0832483142200175,0.2885278395926769
208,-1,train,18,0.0832483142200175,0.2885278395926769,0.0832483142200175,0.2885278395926769
209,0,train,16,0.05130901261926642,0.22651492802741813,0.08923076637252725,0.2987151927380448
209,1,train,2,0.1271525201257881,0.3565845203115078,0.08923076637252725,0.2987151927380448
209,-1,train,18,0.08923076637252725,0.2987151927380448,0.08923076637252725,0.2987151927380448
210,0,train,16,0.06375926331799281,0.2525059668958197,0.044772106335964644,0.21159420203768498
210,1,train,2,0.025784949353936475,0.16057692659263495,0.044772106335964644,0.21159420203768498
210,-1,train,18,0.044772106335964644,0.21159420203768498,0.044772106335964644,0.21159420203768498
211,0,train,16,0.06384477515209035,0.25267523652326984,0.043625412884727516,0.20886697413599767
211,1,train,2,0.023406050617364692,0.1529903611910394,0.043625412884727516,0.20886697413599767
211,-1,train,18,0.043625412884727516,0.20886697413599767,0.043625412884727516,0.20886697413599767
212,0,train,16,0.04976810557215276,0.2230876634243874,0.0921249041973943,0.30352084639674143
212,1,train,2,0.13448170282263586,0.3667174700264985,0.0921249041973943,0.30352084639674143
212,-1,train,18,0.0921249041973943,0.30352084639674143,0.0921249041973943,0.30352084639674143
213,0,train,16,0.06298710321532978,0.2509723156352704,0.04492732941794468,0.21196067894292253
213,1,train,2,0.026867555620559584,0.16391325639056648,0.04492732941794468,0.21196067894292253
213,-1,train,18,0.04492732941794468,0.21196067894292253,0.04492732941794468,0.21196067894292253
214,0,train,16,0.05146051172701471,0.2268490946136103,0.08454192701891458,0.2907609447964334
214,1,train,2,0.11762334231081446,0.3429625960812847,0.08454192701891458,0.2907609447964334
214,-1,train,18,0.08454192701891458,0.2907609447964334,0.08454192701891458,0.2907609447964334
215,0,train,16,0.06320248776322612,0.25140104964622983,0.04260063814806379,0.20639922031844932
215,1,train,2,0.021998788532901447,0.1483198858309345,0.04260063814806379,0.20639922031844932
215,-1,train,18,0.04260063814806379,0.20639922031844932,0.04260063814806379,0.20639922031844932
216,0,train,16,0.060703244488123295,0.24638028429264242,0.05056563435425071,0.22486803764486119
216,1,train,2,0.040428024220378125,0.20106721319095794,0.05056563435425071,0.22486803764486119
216,-1,train,18,0.05056563435425071,0.22486803764486119,0.05056563435425071,0.22486803764486119
217,0,train,16,0.06197380325762888,0.24894538207733213,0.04531086311220546,0.21286348468491598
217,1,train,2,0.028647922966782036,0.16925697317033067,0.04531086311220546,0.21286348468491598
217,-1,train,18,0.04531086311220546,0.21286348468491598,0.04531086311220546,0.21286348468491598
218,0,train,16,0.05329564322298743,0.23085849177144738,0.0749025585072734,0.273683317919221
218,1,train,2,0.09650947379155936,0.31065973957299226,0.0749025585072734,0.273683317919221
218,-1,train,18,0.0749025585072734,0.273683317919221,0.0749025585072734,0.273683317919221
219,0,train,16,0.062051004963301695,0.24910039133510348,0.04345241833784603,0.20845243663206728
219,1,train,2,0.024853831712390362,0.1576509806895928,0.04345241833784603,0.20845243663206728
219,-1,train,18,0.04345241833784603,0.20845243663206728,0.04345241833784603,0.20845243663206728
220,0,train,16,0.061210947191240074,0.24740846224662583,0.04565198940859609,0.21366326171945446
220,1,train,2,0.03009303162595211,0.17347343204638602,0.04565198940859609,0.21366326171945446
220,-1,train,18,0.04565198940859609,0.21366326171945446,0.04565198940859609,0.21366326171945446
221,0,train,16,0.061967567315131825,0.24893285704207838,0.04218916125830503,0.20540000306305994
221,1,train,2,0.022410755201478238,0.14970222176533732,0.04218916125830503,0.20540000306305994
221,-1,train,18,0.04218916125830503,0.20540000306305994,0.04218916125830503,0.20540000306305994
222,0,train,16,0.061898808697698794,0.24879471195686373,0.04164911715469102,0.2040811533549608
222,1,train,2,0.021399425611683252,0.1462854251512544,0.04164911715469102,0.2040811533549608
222,-1,train,18,0.04164911715469102,0.2040811533549608,0.04164911715469102,0.2040811533549608
223,0,train,16,0.05914635036917126,0.2432002269101969,0.0505396218278923,0.22481019066735455
223,1,train,2,0.04193289328661335,0.20477522625213565,0.0505396218278923,0.22481019066735455
223,-1,train,18,0.0505396218278923,0.22481019066735455,0.0505396218278923,0.22481019066735455
224,0,train,16,0.06049642129569786,0.24596020266640264,0.04504069482157517,0.21222793129457576
224,1,train,2,0.029584968347452483,0.1720028149404901,0.04504069482157517,0.21222793129457576
224,-1,train,18,0.04504069482157517,0.21222793129457576,0.04504069482157517,0.21222793129457576
225,0,train,16,0.047065334334392826,0.2169454639636257,0.09135734935428716,0.30225378302725536
225,1,train,2,0.13564936437418149,0.3683060743107307,0.09135734935428716,0.30225378302725536
225,-1,train,18,0.09135734935428716,0.30225378302725536,0.09135734935428716,0.30225378302725536
226,0,train,16,0.06135740740659383,0.2477042740983567,0.04057488769771513,0.20143209202536505
226,1,train,2,0.019792367988836435,0.14068535101010493,0.04057488769771513,0.20143209202536505
226,-1,train,18,0.04057488769771513,0.20143209202536505,0.04057488769771513,0.20143209202536505
227,0,train,16,0.060355681300697205,0.24567393288808076,0.04343482422589619,0.2084102306171561
227,1,train,2,0.026513967151095174,0.1628311000733434,0.04343482422589619,0.2084102306171561
227,-1,train,18,0.04343482422589619,0.2084102306171561,0.04343482422589619,0.2084102306171561
228,0,train,16,0.051641234349802015,0.2272470777585534,0.0733042919032986,0.27074765355086383
228,1,train,2,0.09496734945679519,0.30816772942148757,0.0733042919032986,0.27074765355086383
228,-1,train,18,0.0733042919032986,0.27074765355086383,0.0733042919032986,0.27074765355086383
229,0,train,16,0.06034257231686759,0.2456472517999491,0.04215599256779881,0.2053192454880906
229,1,train,2,0.02396941281873003,0.15482058267145887,0.04215599256779881,0.2053192454880906
229,-1,train,18,0.04215599256779881,0.2053192454880906,0.04215599256779881,0.2053192454880906
230,0,train,16,0.06066780320070335,0.24630834983959304,0.04036676564526002,0.2009148218655359
230,1,train,2,0.020065728089816687,0.1416535495136521,0.04036676564526002,0.2009148218655359
230,-1,train,18,0.04036676564526002,0.2009148218655359,0.04036676564526002,0.2009148218655359
231,0,train,16,0.05998574124944961,0.24491986699622717,0.04211552818602802,0.20522068167226232
231,1,train,2,0.02424531512260643,0.15570907206263362,0.04211552818602802,0.20522068167226232
231,-1,train,18,0.04211552818602802,0.20522068167226232,0.04211552818602802,0.20522068167226232
232,0,train,16,0.05036610291839928,0.22442393570740016,0.0751647299729938,0.27416186819649774
232,1,train,2,0.09996335702758831,0.31616982308181835,0.0751647299729938,0.27416186819649774
232,-1,train,18,0.0751647299729938,0.27416186819649774,0.0751647299729938,0.27416186819649774
233,0,train,16,0.059274791205339426,0.24346414767956992,0.043371307268153914,0.2082577904140777
233,1,train,2,0.027467823330968404,0.16573419481497595,0.043371307268153914,0.2082577904140777
233,-1,train,18,0.043371307268153914,0.2082577904140777,0.043371307268153914,0.2082577904140777
234,0,train,16,0.03747652372898466,0.19358854234944967,0.11910412343686508,0.34511465259659013
234,1,train,2,0.2007317231447455,0.4480309399413678,0.11910412343686508,0.34511465259659013
234,-1,train,18,0.11910412343686508,0.34511465259659013,0.11910412343686508,0.34511465259659013
235,0,train,16,0.06001059308451854,0.24497059636723453,0.03962052914197631,0.1990490621479446
235,1,train,2,0.019230465199434072,0.13867395285140635,0.03962052914197631,0.1990490621479446
235,-1,train,18,0.03962052914197631,0.1990490621479446,0.03962052914197631,0.1990490621479446
236,0,train,16,0.058883147424857576,0.24265849959327115,0.043089527862233926,0.20758017213171862
236,1,train,2,0.027295908299610278,0.16521473390593916,0.043089527862233926,0.20758017213171862
236,-1,train,18,0.043089527862233926,0.20758017213171862,0.043089527862233926,0.20758017213171862
237,0,train,16,0.05980313560579339,0.24454679635152327,0.03929167131758154,0.19822126858029523
237,1,train,2,0.018780207029369687,0.137040895463251,0.03929167131758154,0.19822126858029523
237,-1,train,18,0.03929167131758154,0.19822126858029523,0.03929167131758154,0.19822126858029523
238,0,train,16,0.0585593227852937,0.24199033614029652,0.043098389326276715,0.20760151571285965
238,1,train,2,0.02763745586725972,0.16624516795161212,0.043098389326276715,0.20760151571285965
238,-1,train,18,0.043098389326276715,0.20760151571285965,0.043098389326276715,0.20760151571285965
239,0,train,16,0.05972874660765905,0.24439465339417524,0.038424058731241634,0.19602055690983441
239,1,train,2,0.017119370854824213,0.13084101365712592,0.038424058731241634,0.19602055690983441
239,-1,train,18,0.038424058731241634,0.19602055690983441,0.038424058731241634,0.19602055690983441
240,0,train,16,0.05577467591347438,0.2361666274338404,0.0516934907658094,0.22736202577785367
240,1,train,2,0.04761230561814441,0.2182024418244315,0.0516934907658094,0.22736202577785367
240,-1,train,18,0.0516934907658094,0.22736202577785367,0.0516934907658094,0.22736202577785367
241,0,train,16,0.04613477022005608,0.21479006080369753,0.08496386388041459,0.2914856152203992
241,1,train,2,0.12379295754077309,0.3518422338787274,0.08496386388041459,0.2914856152203992
241,-1,train,18,0.08496386388041459,0.2914856152203992,0.08496386388041459,0.2914856152203992
242,0,train,16,0.059382966776170276,0.243686205551669,0.03795642632564778,0.1948240907219838
242,1,train,2,0.016529885875125286,0.128568603769059,0.03795642632564778,0.1948240907219838
242,-1,train,18,0.03795642632564778,0.1948240907219838,0.03795642632564778,0.1948240907219838
243,0,train,16,0.04937452041842742,0.22220378128741963,0.07252414853792097,0.26930307933241493
243,1,train,2,0.09567377665741453,0.3093117790473142,0.07252414853792097,0.26930307933241493
243,-1,train,18,0.07252414853792097,0.26930307933241493,0.07252414853792097,0.26930307933241493
244,0,train,16,0.05806162336383416,0.24095979615660815,0.04155011721503749,0.20383845862603428
244,1,train,2,0.025038611066240828,0.158235934813306,0.04155011721503749,0.20383845862603428
244,-1,train,18,0.04155011721503749,0.20383845862603428,0.04155011721503749,0.20383845862603428
245,0,train,16,0.05869200889775679,0.24226433682603138,0.03884837181668518,0.19709990313717857
245,1,train,2,0.019004734735613565,0.13785766114225775,0.03884837181668518,0.19709990313717857
245,-1,train,18,0.03884837181668518,0.19709990313717857,0.03884837181668518,0.19709990313717857
246,0,train,16,0.04537674743356248,0.21301818568742548,0.08502009385224948,0.2915820533782034
246,1,train,2,0.1246634402709365,0.3530771024449709,0.08502009385224948,0.2915820533782034
246,-1,train,18,0.08502009385224948,0.2915820533782034,0.08502009385224948,0.2915820533782034
247,0,train,16,0.04899728621023005,0.2213533063006515,0.07182899287955524,0.26800931491191726
247,1,train,2,0.09466069954888043,0.3076697897891186,0.07182899287955524,0.26800931491191726
247,-1,train,18,0.07182899287955524,0.26800931491191726,0.07182899287955524,0.26800931491191726
248,0,train,16,0.03259470741086704,0.18054004378770666,0.128791966776935,0.35887597687353634
248,1,train,2,0.22498922614300296,0.47433029224687195,0.128791966776935,0.35887597687353634
248,-1,train,18,0.128791966776935,0.35887597687353634,0.128791966776935,0.35887597687353634
249,0,train,16,0.058549398785034956,0.2419698303198871,0.037480496253716716,0.19359880230444793
249,1,train,2,0.01641159372239848,0.12810774263251415,0.037480496253716716,0.19359880230444793
249,-1,train,18,0.037480496253716716,0.19359880230444793,0.037480496253716716,0.19359880230444793
250,0,train,16,0.05625242282082301,0.23717593221240432,0.045115623884037455,0.21240438762896932
250,1,train,2,0.0339788249472519,0.18433346127942127,0.045115623884037455,0.21240438762896932
250,-1,train,18,0.045115623884037455,0.21240438762896932,0.045115623884037455,0.21240438762896932
251,0,train,16,0.048414479856096634,0.2200329063028906,0.07214483981155437,0.26859791475652667
251,1,train,2,0.09587519976701209,0.30963720669036543,0.07214483981155437,0.26859791475652667
251,-1,train,18,0.07214483981155437,0.26859791475652667,0.07214483981155437,0.26859791475652667
252,0,train,16,0.05583354157403862,0.2362912219572251,0.04577980040627009,0.21396214713418374
252,1,train,2,0.035726059238501556,0.1890133837549647,0.04577980040627009,0.21396214713418374
252,-1,train,18,0.04577980040627009,0.21396214713418374,0.04577980040627009,0.21396214713418374
253,0,train,16,0.054544179456047726,0.23354695342917176,0.05010413367706078,0.22383952661909554
253,1,train,2,0.04566408789807382,0.21369157189293597,0.05010413367706078,0.22383952661909554
253,-1,train,18,0.05010413367706078,0.22383952661909554,0.05010413367706078,0.22383952661909554
254,0,train,16,0.045721307685730975,0.2138254140314733,0.08046711321222952,0.28366725791361525
254,1,train,2,0.11521291873872808,0.33943028553552507,0.08046711321222952,0.28366725791361525
254,-1,train,18,0.08046711321222952,0.28366725791361525,0.08046711321222952,0.28366725791361525
255,0,train,16,0.05798713640130081,0.2408051835017278,0.03709569369076797,0.19260242389639848
255,1,train,2,0.016204250980235126,0.12729591894571926,0.03709569369076797,0.19260242389639848
255,-1,train,18,0.03709569369076797,0.19260242389639848,0.03709569369076797,0.19260242389639848
256,0,train,16,0.045526773651321614,0.21337003925415962,0.0803632473008159,0.28348412177900884
256,1,train,2,0.1151997209503102,0.3394108438902773,0.0803632473008159,0.28348412177900884
256,-1,train,18,0.0803632473008159,0.28348412177900884,0.0803632473008159,0.28348412177900884
257,0,train,16,0.0454271488436976,0.21313645592365843,0.08031655154481368,0.2834017493679488
257,1,train,2,0.11520595424592975,0.33942002628885903,0.08031655154481368,0.2834017493679488
257,-1,train,18,0.08031655154481368,0.2834017493679488,0.08031655154481368,0.2834017493679488
258,0,train,16,0.057725023738221456,0.2402603249357277,0.036906049716450506,0.1921094732605618
258,1,train,2,0.016087075694679563,0.1268348362819914,0.036906049716450506,0.1921094732605618
258,-1,train,18,0.036906049716450506,0.1921094732605618,0.036906049716450506,0.1921094732605618
259,0,train,16,0.057761665554571864,0.2403365672438796,0.03642208782629373,0.19084571733809938
259,1,train,2,0.015082510098015594,0.12281087125338536,0.03642208782629373,0.19084571733809938
259,-1,train,18,0.03642208782629373,0.19084571733809938,0.03642208782629373,0.19084571733809938
260,0,train,16,0.05635122629197272,0.23738413235086442,0.0410126556757928,0.20251581586580542
260,1,train,2,0.025674085059612873,0.16023134855455992,0.0410126556757928,0.20251581586580542
260,-1,train,18,0.0410126556757928,0.20251581586580542,0.0410126556757928,0.20251581586580542
261,0,train,16,0.04774683458270185,0.21851049078408535,0.07074869249769834,0.2659862637387471
261,1,train,2,0.09375055041269484,0.30618711666674486,0.07074869249769834,0.2659862637387471
261,-1,train,18,0.07074869249769834,0.2659862637387471,0.07074869249769834,0.2659862637387471
262,0,train,16,0.05769432704656078,0.24019643429193693,0.035510902060697014,0.18844336565848374
262,1,train,2,0.013327477074833255,0.11544469270968352,0.035510902060697014,0.18844336565848374
262,-1,train,18,0.035510902060697014,0.18844336565848374,0.035510902060697014,0.18844336565848374
263,0,train,16,0.054785593570900994,0.23406322558424464,0.04535978249745619,0.2129783615709732
263,1,train,2,0.03593397142401138,0.18956257917640648,0.04535978249745619,0.2129783615709732
263,-1,train,18,0.04535978249745619,0.2129783615709732,0.04535978249745619,0.2129783615709732
264,0,train,16,0.053835930469509886,0.2320257107941055,0.048239499660248604,0.21963492358968917
264,1,train,2,0.04264306885098732,0.20650198268052372,0.048239499660248604,0.21963492358968917
264,-1,train,18,0.048239499660248604,0.21963492358968917,0.048239499660248604,0.21963492358968917
265,0,train,16,0.054951147138038614,0.23441661020081025,0.04400593060221746,0.20977590567607488
265,1,train,2,0.03306071406639631,0.18182605442124158,0.04400593060221746,0.20977590567607488
265,-1,train,18,0.04400593060221746,0.20977590567607488,0.04400593060221746,0.20977590567607488
266,0,train,16,0.041066818292286776,0.2026494961560151,0.09226765497216903,0.30375591347687214
266,1,train,2,0.14346849165205128,0.3787723480562583,0.09226765497216903,0.30375591347687214
266,-1,train,18,0.09226765497216903,0.30375591347687214,0.09226765497216903,0.30375591347687214
267,0,train,16,0.057070406904304795,0.23889413325635436,0.03584548619519937,0.1893290421335284
267,1,train,2,0.014620565486093955,0.12091553037593622,0.03584548619519937,0.1893290421335284
267,-1,train,18,0.03584548619519937,0.1893290421335284,0.03584548619519937,0.1893290421335284
268,0,train,16,0.05601191807555307,0.236668371514981,0.039232733461179635,0.19807254595521218
268,1,train,2,0.0224535488468062,0.14984508282491688,0.039232733461179635,0.19807254595521218
268,-1,train,18,0.039232733461179635,0.19807254595521218,0.039232733461179635,0.19807254595521218
269,0,train,16,0.05713320195831987,0.23902552574635177,0.03496965359757853,0.1870017475789425
269,1,train,2,0.0128061052368372,0.11316406336305355,0.03496965359757853,0.1870017475789425
269,-1,train,18,0.03496965359757853,0.1870017475789425,0.03496965359757853,0.1870017475789425
270,0,train,16,0.05700522430613451,0.2387576685807903,0.035068721674283626,0.18726644567109085
270,1,train,2,0.013132219042432747,0.11459589452695391,0.035068721674283626,0.18726644567109085
270,-1,train,18,0.035068721674283626,0.18726644567109085,0.035068721674283626,0.18726644567109085
271,0,train,16,0.055854538680325416,0.2363356483485414,0.0387366807788927,0.19681636308725123
271,1,train,2,0.021618822877459993,0.14703340735173076,0.0387366807788927,0.19681636308725123
271,-1,train,18,0.0387366807788927,0.19681636308725123,0.0387366807788927,0.19681636308725123
272,0,train,16,0.056920484175819276,0.2385801420399847,0.03464635707890998,0.1861353192677574
272,1,train,2,0.012372229982000679,0.11123052630461064,0.03464635707890998,0.1861353192677574
272,-1,train,18,0.03464635707890998,0.1861353192677574,0.03464635707890998,0.1861353192677574
273,0,train,16,0.04287439419353821,0.20706132954643705,0.08350042256303528,0.28896439670491464
273,1,train,2,0.12412645093253234,0.3523158397411793,0.08350042256303528,0.28896439670491464
273,-1,train,18,0.08350042256303528,0.28896439670491464,0.08350042256303528,0.28896439670491464
274,0,train,16,0.05676243346958128,0.2382486798905322,0.03448843975204415,0.18571063446136882
274,1,train,2,0.01221444603450702,0.11051898495058222,0.03448843975204415,0.18571063446136882
274,-1,train,18,0.03448843975204415,0.18571063446136882,0.03448843975204415,0.18571063446136882
275,0,train,16,0.04649721404733939,0.21563212665866696,0.07011348433871864,0.26478950949521896
275,1,train,2,0.09372975463009789,0.3061531555122336,0.07011348433871864,0.26478950949521896
275,-1,train,18,0.07011348433871864,0.26478950949521896,0.07011348433871864,0.26478950949521896
276,0,train,16,0.05322153050920135,0.23069792047004098,0.046238366274129084,0.21503108211170097
276,1,train,2,0.03925520203905682,0.19812925588881825,0.046238366274129084,0.21503108211170097
276,-1,train,18,0.046238366274129084,0.21503108211170097,0.046238366274129084,0.21503108211170097
277,0,train,16,0.045498051263892995,0.21330272212021345,0.07297284488197063,0.2701348642474174
277,1,train,2,0.10044763850004827,0.31693475432657786,0.07297284488197063,0.2701348642474174
277,-1,train,18,0.07297284488197063,0.2701348642474174,0.07297284488197063,0.2701348642474174
278,0,train,16,0.05563955955759431,0.23588039248227968,0.03720806619814217,0.19289392473103492
278,1,train,2,0.018776572838690025,0.13702763531014475,0.03720806619814217,0.19289392473103492
278,-1,train,18,0.03720806619814217,0.19289392473103492,0.03720806619814217,0.19289392473103492
279,0,train,16,0.0424791249181334,0.2061046455520433,0.08302422720179252,0.2881392496724327
279,1,train,2,0.12356932948545163,0.3515242943033264,0.08302422720179252,0.2881392496724327
279,-1,train,18,0.08302422720179252,0.2881392496724327,0.08302422720179252,0.2881392496724327
280,0,train,16,0.05558593122850325,0.23576668812303245,0.03692298822523937,0.19215355376687512
280,1,train,2,0.0182600452219755,0.13512973478097076,0.03692298822523937,0.19215355376687512
280,-1,train,18,0.03692298822523937,0.19215355376687512,0.03692298822523937,0.19215355376687512
281,0,train,16,0.05364080186681177,0.23160483990368547,0.04366695564123897,0.20896639835446984
281,1,train,2,0.03369310941566618,0.18355682884509142,0.04366695564123897,0.20896639835446984
281,-1,train,18,0.04366695564123897,0.20896639835446984,0.04366695564123897,0.20896639835446984
282,0,train,16,0.05270653047281766,0.22957902881756787,0.04655755492438263,0.21577199754459017
282,1,train,2,0.040408579375947586,0.20101885328482894,0.04655755492438263,0.21577199754459017
282,-1,train,18,0.04655755492438263,0.21577199754459017,0.04655755492438263,0.21577199754459017
283,0,train,16,0.04207760688446763,0.20512826934498235,0.0834760605961315,0.28892223970496195
283,1,train,2,0.12487451430779535,0.35337588246482715,0.0834760605961315,0.28892223970496195
283,-1,train,18,0.0834760605961315,0.28892223970496195,0.0834760605961315,0.28892223970496195
284,0,train,16,0.05625518614536338,0.237181757615048,0.0336022609709127,0.18330919499826706
284,1,train,2,0.010949335796462022,0.1046390739468867,0.0336022609709127,0.18330919499826706
284,-1,train,18,0.0336022609709127,0.18330919499826706,0.0336022609709127,0.18330919499826706
285,0,train,16,0.04591025323143625,0.21426678051307033,0.06958142766522067,0.2637829176903248
285,1,train,2,0.09325260209900509,0.3053728902489628,0.06958142766522067,0.2637829176903248
285,-1,train,18,0.06958142766522067,0.2637829176903248,0.06958142766522067,0.2637829176903248
286,0,train,16,0.05340712110307065,0.23109980766558558,0.043059190386258044,0.20750708514712948
286,1,train,2,0.032711259669445436,0.18086254357783824,0.043059190386258044,0.20750708514712948
286,-1,train,18,0.043059190386258044,0.20750708514712948,0.043059190386258044,0.20750708514712948
287,0,train,16,0.05591325052658271,0.23645982856836953,0.03404162549858316,0.1845037276007809
287,1,train,2,0.012170000470583604,0.11031772509702874,0.03404162549858316,0.1845037276007809
287,-1,train,18,0.03404162549858316,0.1845037276007809,0.03404162549858316,0.1845037276007809
288,0,train,16,0.041912636000932646,0.2047257580299378,0.08283099566170543,0.2878037450446144
288,1,train,2,0.12374935532247822,0.3517802656808341,0.08283099566170543,0.2878037450446144
288,-1,train,18,0.08283099566170543,0.2878037450446144,0.08283099566170543,0.2878037450446144
289,0,train,16,0.055953552587133436,0.23654503289465503,0.033421978479194835,0.18281678937995502
289,1,train,2,0.01089040437125623,0.10435710024361654,0.033421978479194835,0.18281678937995502
289,-1,train,18,0.033421978479194835,0.18281678937995502,0.033421978479194835,0.18281678937995502
290,0,train,16,0.05331328544052847,0.23089669863497067,0.04249437281095707,0.20614163289097392
290,1,train,2,0.03167546018138567,0.17797601012885325,0.04249437281095707,0.20614163289097392
290,-1,train,18,0.04249437281095707,0.20614163289097392,0.04249437281095707,0.20614163289097392
291,0,train,16,0.055841718702898537,0.23630852439744643,0.03335633638848132,0.18263717143145125
291,1,train,2,0.010870954074064099,0.10426386753839557,0.03335633638848132,0.18263717143145125
291,-1,train,18,0.03335633638848132,0.18263717143145125,0.03335633638848132,0.18263717143145125
292,0,train,16,0.053190928247152415,0.23063158553665716,0.04239644937457916,0.2059039809585506
292,1,train,2,0.0316019705020059,0.1777694307298246,0.04239644937457916,0.2059039809585506
292,-1,train,18,0.04239644937457916,0.2059039809585506,0.04239644937457916,0.2059039809585506
293,0,train,16,0.039123529399667366,0.1977966870290485,0.09138327132793611,0.30229666112601394
293,1,train,2,0.14364301325620485,0.37900265600151783,0.09138327132793611,0.30229666112601394
293,-1,train,18,0.09138327132793611,0.30229666112601394,0.09138327132793611,0.30229666112601394
294,0,train,16,0.05319664390892187,0.23064397652859236,0.04180250935794475,0.20445661974596163
294,1,train,2,0.03040837480696763,0.17437997249388368,0.04180250935794475,0.20445661974596163
294,-1,train,18,0.04180250935794475,0.20445661974596163,0.04180250935794475,0.20445661974596163
295,0,train,16,0.05290591393208453,0.23001285601479873,0.042718547089579895,0.20668465615420004
295,1,train,2,0.03253118024707526,0.1803640214873112,0.042718547089579895,0.20668465615420004
295,-1,train,18,0.042718547089579895,0.20668465615420004,0.042718547089579895,0.20668465615420004
296,0,train,16,0.05467968221633964,0.2338368709513956,0.03629443093470287,0.19051097326585384
296,1,train,2,0.0179091796530661,0.1338251831796471,0.03629443093470287,0.19051097326585384
296,-1,train,18,0.03629443093470287,0.19051097326585384,0.03629443093470287,0.19051097326585384
297,0,train,16,0.05292061517520884,0.2300448112329614,0.04225350268492982,0.20555656808997813
297,1,train,2,0.03158639019465081,0.1777256036553282,0.04225350268492982,0.20555656808997813
297,-1,train,18,0.04225350268492982,0.20555656808997813,0.04225350268492982,0.20555656808997813
298,0,train,16,0.05456607198376665,0.23359381837661428,0.036272574874383,0.1904536029440845
298,1,train,2,0.017979077764999345,0.13408608341285588,0.036272574874383,0.1904536029440845
298,-1,train,18,0.036272574874383,0.1904536029440845,0.036272574874383,0.1904536029440845
299,0,train,16,0.04124531146137435,0.20308941740370015,0.08269410904810778,0.2875658342851386
299,1,train,2,0.12414290663484122,0.35233919258981283,0.08269410904810778,0.2875658342851386
299,-1,train,18,0.08269410904810778,0.2875658342851386,0.08269410904810778,0.2875658342851386
300,0,train,16,0.05179534142981044,0.22758589901356024,0.045568280219573584,0.2134672813795444
300,1,train,2,0.039341219009336736,0.1983462099696809,0.045568280219573584,0.2134672813795444
300,-1,train,18,0.045568280219573584,0.2134672813795444,0.045568280219573584,0.2134672813795444
301,0,train,16,0.04114190777090656,0.20283468088792547,0.08265566295131047,0.28749897904394456
301,1,train,2,0.12416941813171437,0.35237681270440363,0.08265566295131047,0.28749897904394456
301,-1,train,18,0.08265566295131047,0.28749897904394456,0.08265566295131047,0.28749897904394456
302,0,train,16,0.05218787701037654,0.2284466611933222,0.04385961097672495,0.20942686307330527
302,1,train,2,0.03553134494307336,0.18849759930320958,0.04385961097672495,0.20942686307330527
302,-1,train,18,0.04385961097672495,0.20942686307330527,0.04385961097672495,0.20942686307330527
303,0,train,16,0.04094288003874684,0.20234347046234735,0.08301025593622663,0.28811500470511187
303,1,train,2,0.12507763183370643,0.3536631615445782,0.08301025593622663,0.28811500470511187
303,-1,train,18,0.08301025593622663,0.28811500470511187,0.08301025593622663,0.28811500470511187
304,0,train,16,0.040989078188979296,0.20245759602687002,0.08267421456155467,0.2875312410183538
304,1,train,2,0.12435935093413006,0.35264621213637054,0.08267421456155467,0.2875312410183538
304,-1,train,18,0.08267421456155467,0.2875312410183538,0.08267421456155467,0.2875312410183538
305,0,train,16,0.05516115268717451,0.23486411536710863,0.03291062586146359,0.18141286024277217
305,1,train,2,0.010660099035752664,0.10324775559668435,0.03291062586146359,0.18141286024277217
305,-1,train,18,0.03291062586146359,0.18141286024277217,0.03291062586146359,0.18141286024277217
306,0,train,16,0.05519354952367017,0.234933074563098,0.03262101507824136,0.18061288735370287
306,1,train,2,0.010048480632812556,0.10024211007761437,0.03262101507824136,0.18061288735370287
306,-1,train,18,0.03262101507824136,0.18061288735370287,0.03262101507824136,0.18061288735370287
307,0,train,16,0.05513051774076113,0.23479888786099717,0.03265364050554582,0.180703183440541
307,1,train,2,0.010176763270330503,0.10087994483707108,0.03265364050554582,0.180703183440541
307,-1,train,18,0.03265364050554582,0.180703183440541,0.03265364050554582,0.180703183440541
308,0,train,16,0.04192415189897519,0.20475388127939162,0.07868680524563319,0.2805116846864551
308,1,train,2,0.1154494585922912,0.33977854345483793,0.07868680524563319,0.2805116846864551
308,-1,train,18,0.07868680524563319,0.2805116846864551,0.07868680524563319,0.2805116846864551
309,0,train,16,0.05491982781023798,0.2343497979735378,0.03300732927225583,0.18167919328380955
309,1,train,2,0.011094830734273685,0.10533200242221585,0.03300732927225583,0.18167919328380955
309,-1,train,18,0.03300732927225583,0.18167919328380955,0.03300732927225583,0.18167919328380955
310,0,train,16,0.055118762234957354,0.2347738533886543,0.03211423434426795,0.1792044484499979
310,1,train,2,0.009109706453578548,0.09544478222290911,0.03211423434426795,0.1792044484499979
310,-1,train,18,0.03211423434426795,0.1792044484499979,0.03211423434426795,0.1792044484499979
311,0,train,16,0.05266556806954984,0.2294897994891055,0.04059055996637339,0.20147099038415775
311,1,train,2,0.02851555186319694,0.1688654845230278,0.04059055996637339,0.20147099038415775
311,-1,train,18,0.04059055996637339,0.20147099038415775,0.04059055996637339,0.20147099038415775
312,0,train,16,0.05484617055591882,0.23419259287159108,0.032687284034093225,0.18079625005539585
312,1,train,2,0.010528397512267635,0.1026079797689616,0.032687284034093225,0.18079625005539585
312,-1,train,18,0.032687284034093225,0.18079625005539585,0.032687284034093225,0.18079625005539585
313,0,train,16,0.04171734710697707,0.20424824872438213,0.07849864518779384,0.2801760967459463
313,1,train,2,0.11527994326861062,0.3395290021023397,0.07849864518779384,0.2801760967459463
313,-1,train,18,0.07849864518779384,0.2801760967459463,0.07849864518779384,0.2801760967459463
314,0,train,16,0.053824825410713276,0.23200177889557932,0.035884425303883936,0.18943184870523735
314,1,train,2,0.0179440251970546,0.1339553104473824,0.035884425303883936,0.18943184870523735
314,-1,train,18,0.035884425303883936,0.18943184870523735,0.035884425303883936,0.18943184870523735
315,0,train,16,0.053873946489339054,0.23210761833541582,0.03554373099373563,0.18853045110468397
315,1,train,2,0.017213515498132204,0.13120028772122494,0.03554373099373563,0.18853045110468397
315,-1,train,18,0.03554373099373563,0.18853045110468397,0.03554373099373563,0.18853045110468397
316,0,train,16,0.044334116537976656,0.21055668248235831,0.06876986751377696,0.26224009516810537
316,1,train,2,0.09320561848957727,0.3052959522980566,0.06876986751377696,0.26224009516810537
316,-1,train,18,0.06876986751377696,0.26224009516810537,0.06876986751377696,0.26224009516810537
317,0,train,16,0.05458903309609091,0.23364296072445861,0.03272150354761746,0.18089086087367007
317,1,train,2,0.010853973999144003,0.10418240733993434,0.03272150354761746,0.18089086087367007
317,-1,train,18,0.03272150354761746,0.18089086087367007,0.03272150354761746,0.18089086087367007
318,0,train,16,0.041480867021704795,0.20366852241253383,0.07844910409872313,0.2800876721648476
318,1,train,2,0.11541734117574146,0.3397312778884827,0.07844910409872313,0.2800876721648476
318,-1,train,18,0.07844910409872313,0.2800876721648476,0.07844910409872313,0.2800876721648476
319,0,train,16,0.05221992290654032,0.2285167891130547,0.04080791754976202,0.20200969667261526
319,1,train,2,0.029395912192983726,0.17145236129311175,0.04080791754976202,0.20200969667261526
319,-1,train,18,0.04080791754976202,0.20200969667261526,0.04080791754976202,0.20200969667261526
320,0,train,16,0.05469814889604282,0.2338763538625545,0.03190273292103873,0.17861336154117566
320,1,train,2,0.009107316946034637,0.09543226365351834,0.03190273292103873,0.17861336154117566
320,-1,train,18,0.03190273292103873,0.17861336154117566,0.03190273292103873,0.17861336154117566
321,0,train,16,0.0545589244187812,0.23357851874429977,0.032224756846893444,0.17951255345210107
321,1,train,2,0.009890589275005695,0.0994514417945044,0.032224756846893444,0.17951255345210107
321,-1,train,18,0.032224756846893444,0.17951255345210107,0.032224756846893444,0.17951255345210107
322,0,train,16,0.05455540878391736,0.23357099302763895,0.03206833964260055,0.17907635143312628
322,1,train,2,0.009581270501283745,0.09788396447469701,0.03206833964260055,0.17907635143312628
322,-1,train,18,0.03206833964260055,0.17907635143312628,0.03206833964260055,0.17907635143312628
323,0,train,16,0.05432540279257116,0.23307810448982796,0.032702171117038485,0.18083741625293834
323,1,train,2,0.011078939441505809,0.1052565410865558,0.032702171117038485,0.18083741625293834
323,-1,train,18,0.032702171117038485,0.18083741625293834,0.032702171117038485,0.18083741625293834
324,0,train,16,0.052168875796028726,0.22840506954975567,0.04008436221667755,0.20021079445593723
324,1,train,2,0.02799984863732637,0.1673315530237091,0.04008436221667755,0.20021079445593723
324,-1,train,18,0.04008436221667755,0.20021079445593723,0.04008436221667755,0.20021079445593723
325,0,train,16,0.04006450878992668,0.20016120700557008,0.08228358727960416,0.28685115875590284
325,1,train,2,0.12450266576928166,0.35284935279702817,0.08228358727960416,0.28685115875590284
325,-1,train,18,0.08228358727960416,0.28685115875590284,0.08228358727960416,0.28685115875590284
326,0,train,16,0.050755531363480114,0.22528988295855656,0.04474614183481343,0.21153283866769582
326,1,train,2,0.03873675230614675,0.19681654479780594,0.04474614183481343,0.21153283866769582
326,-1,train,18,0.04474614183481343,0.21153283866769582,0.04474614183481343,0.21153283866769582
327,0,train,16,0.03826706949130511,0.19561970629592793,0.0883197531402791,0.29718639460829815
327,1,train,2,0.13837243678925307,0.3719844577253908,0.0883197531402791,0.29718639460829815
327,-1,train,18,0.0883197531402791,0.29718639460829815,0.0883197531402791,0.29718639460829815
328,0,train,16,0.054222467328337264,0.23285718225628615,0.032304597446115954,0.17973479753825067
328,1,train,2,0.010386727563894643,0.10191529602515337,0.032304597446115954,0.17973479753825067
328,-1,train,18,0.032304597446115954,0.17973479753825067,0.032304597446115954,0.17973479753825067
329,0,train,16,0.03819758083545469,0.19544201399764252,0.08829313355703011,0.2971416052272554
329,1,train,2,0.13838868627860554,0.3720062987082417,0.08829313355703011,0.2971416052272554
329,-1,train,18,0.08829313355703011,0.2971416052272554,0.08829313355703011,0.2971416052272554
330,0,train,16,0.04094503490664695,0.20234879516974386,0.07852728874336125,0.28022720914172705
330,1,train,2,0.11610954258007555,0.3407485034157532,0.07852728874336125,0.28022720914172705
330,-1,train,18,0.07852728874336125,0.28022720914172705,0.07852728874336125,0.28022720914172705
331,0,train,16,0.052078863909351916,0.22820794006640505,0.03958526912861694,0.19896047127159944
331,1,train,2,0.027091674347881966,0.16459548702161297,0.03958526912861694,0.19896047127159944
331,-1,train,18,0.03958526912861694,0.19896047127159944,0.03958526912861694,0.19896047127159944
332,0,train,16,0.04089975941501193,0.2022368893525905,0.0785342950268851,0.28023970993933944
332,1,train,2,0.11616883063875827,0.3408354891127951,0.0785342950268851,0.28023970993933944
332,-1,train,18,0.0785342950268851,0.28023970993933944,0.0785342950268851,0.28023970993933944
333,0,train,16,0.04080951197580344,0.2020136430437396,0.0787390502105002,0.2806047936342147
333,1,train,2,0.11666858844519697,0.34156783871611357,0.0787390502105002,0.2806047936342147
333,-1,train,18,0.0787390502105002,0.2806047936342147,0.0787390502105002,0.2806047936342147
334,0,train,16,0.05337518813307137,0.23103070820363117,0.03467519791915823,0.1862127759289309
334,1,train,2,0.015975207705245083,0.12639306826422517,0.03467519791915823,0.1862127759289309
334,-1,train,18,0.03467519791915823,0.1862127759289309,0.03467519791915823,0.1862127759289309
335,0,train,16,0.051949997555243474,0.22792542103776725,0.03964577776302919,0.1991124751567043
335,1,train,2,0.027341557970814896,0.16535282873544951,0.03964577776302919,0.1991124751567043
335,-1,train,18,0.03964577776302919,0.1991124751567043,0.03964577776302919,0.1991124751567043
336,0,train,16,0.054156651582043955,0.23271581721499712,0.031766475753891,0.1782315228961785
336,1,train,2,0.009376299925738041,0.0968312962101512,0.031766475753891,0.1782315228961785
336,-1,train,18,0.031766475753891,0.1782315228961785,0.031766475753891,0.1782315228961785
337,0,train,16,0.05322763755596922,0.2307111561151069,0.034913662723749364,0.1868519807862613
337,1,train,2,0.016599687891529505,0.1288397760457907,0.034913662723749364,0.1868519807862613
337,-1,train,18,0.034913662723749364,0.1868519807862613,0.034913662723749364,0.1868519807862613
338,0,train,16,0.054246956366640495,0.23290976013606748,0.031220280474867208,0.17669261579043763
338,1,train,2,0.00819360458309392,0.09051853171088184,0.031220280474867208,0.17669261579043763
338,-1,train,18,0.031220280474867208,0.17669261579043763,0.031220280474867208,0.17669261579043763
339,0,train,16,0.043432814201144095,0.2084054082818968,0.06896363007146314,0.2626092726303912
339,1,train,2,0.09449444594178219,0.30739948916968324,0.06896363007146314,0.2626092726303912
339,-1,train,18,0.06896363007146314,0.2626092726303912,0.06896363007146314,0.2626092726303912
340,0,train,16,0.051359371257154195,0.22662606041043512,0.04109076484242654,0.20270857121105298
340,1,train,2,0.030822158427698882,0.17556240607743698,0.04109076484242654,0.20270857121105298
340,-1,train,18,0.04109076484242654,0.20270857121105298,0.04109076484242654,0.20270857121105298
341,0,train,16,0.05395783145694398,0.23228825079401666,0.03188698353513007,0.17856926817100996
341,1,train,2,0.00981613561331617,0.09907641300186523,0.03188698353513007,0.17856926817100996
341,-1,train,18,0.03188698353513007,0.17856926817100996,0.03188698353513007,0.17856926817100996
342,0,train,16,0.05401804821253976,0.23241783109851913,0.031564969723093105,0.17766533067284992
342,1,train,2,0.009111891233646443,0.09545622679347034,0.031564969723093105,0.17766533067284992
342,-1,train,18,0.031564969723093105,0.17766533067284992,0.031564969723093105,0.17766533067284992
343,0,train,16,0.053924150664541884,0.23221574163811953,0.03177612377957333,0.17825858683264975
343,1,train,2,0.009628096894604782,0.09812286631873725,0.03177612377957333,0.17825858683264975
343,-1,train,18,0.03177612377957333,0.17825858683264975,0.03177612377957333,0.17825858683264975
344,0,train,16,0.051230562579188496,0.22634169430131182,0.041090655329593384,0.20270830108703833
344,1,train,2,0.03095074807999827,0.1759282469644891,0.041090655329593384,0.20270830108703833
344,-1,train,18,0.041090655329593384,0.20270830108703833,0.041090655329593384,0.20270830108703833
345,0,train,16,0.0539864333473866,0.2323498081500964,0.03131906970015549,0.17697194608229713
345,1,train,2,0.008651706052924374,0.09301454753383674,0.03131906970015549,0.17697194608229713
345,-1,train,18,0.03131906970015549,0.17697194608229713,0.03131906970015549,0.17697194608229713
346,0,train,16,0.05309315838294618,0.23041952691329393,0.03433509053338518,0.18529730309258466
346,1,train,2,0.015577022683824177,0.12480794319202676,0.03433509053338518,0.18529730309258466
346,-1,train,18,0.03433509053338518,0.18529730309258466,0.03433509053338518,0.18529730309258466
347,0,train,16,0.054082684137558366,0.23255684065956514,0.030753314883680438,0.1753662307392174
347,1,train,2,0.007423945629802508,0.08616232140444284,0.030753314883680438,0.1753662307392174
347,-1,train,18,0.030753314883680438,0.1753662307392174,0.030753314883680438,0.1753662307392174
348,0,train,16,0.05294320422953427,0.23009390306901717,0.03465572646392763,0.18616048577484867
348,1,train,2,0.016368248698320993,0.12793845668258233,0.03465572646392763,0.18616048577484867
348,-1,train,18,0.03465572646392763,0.18616048577484867,0.03465572646392763,0.18616048577484867
349,0,train,16,0.052926973491256565,0.23005863055155432,0.034574626945425804,0.18594253667578542
349,1,train,2,0.01622228039959504,0.1273667162157957,0.034574626945425804,0.18594253667578542
349,-1,train,18,0.034574626945425804,0.18594253667578542,0.034574626945425804,0.18594253667578542
350,0,train,16,0.05118781728375581,0.2262472481241613,0.04056947699677178,0.20141866099438696
350,1,train,2,0.029951136709787763,0.17306396710403862,0.04056947699677178,0.20141866099438696
350,-1,train,18,0.04056947699677178,0.20141866099438696,0.04056947699677178,0.20141866099438696
351,0,train,16,0.05393232297436816,0.23223333734493884,0.030816228103753722,0.175545515760881
351,1,train,2,0.0077001332331392836,0.0877504030369051,0.030816228103753722,0.175545515760881
351,-1,train,18,0.030816228103753722,0.175545515760881,0.030816228103753722,0.175545515760881
352,0,train,16,0.05385045809051233,0.23205701474101645,0.03098663488294985,0.17603021014288953
352,1,train,2,0.00812281167538737,0.09012664242823744,0.03098663488294985,0.17603021014288953
352,-1,train,18,0.03098663488294985,0.17603021014288953,0.03098663488294985,0.17603021014288953
353,0,train,16,0.0537935829255762,0.23193443669618402,0.031073468621076225,0.17627668201176305
353,1,train,2,0.00835335431657625,0.09139668657329023,0.031073468621076225,0.17627668201176305
353,-1,train,18,0.031073468621076225,0.17627668201176305,0.031073468621076225,0.17627668201176305
354,0,train,16,0.05274900798714414,0.22967152193326917,0.034617525806050445,0.18605785607184247
354,1,train,2,0.016486043624956755,0.12839798917801148,0.034617525806050445,0.18605785607184247
354,-1,train,18,0.034617525806050445,0.18605785607184247,0.034617525806050445,0.18605785607184247
355,0,train,16,0.05266115455298662,0.2294801833557456,0.03478916718426103,0.1865185438080113
355,1,train,2,0.016917179815535442,0.13006605942956617,0.03478916718426103,0.1865185438080113
355,-1,train,18,0.03478916718426103,0.1865185438080113,0.03478916718426103,0.1865185438080113
356,0,train,16,0.05157792002167057,0.227107727789414,0.03840815179904876,0.1959799780565575
356,1,train,2,0.025238383576426954,0.15886592956460788,0.03840815179904876,0.1959799780565575
356,-1,train,18,0.03840815179904876,0.1959799780565575,0.03840815179904876,0.1959799780565575
357,0,train,16,0.053725306301729045,0.23178720047001958,0.03089117429344853,0.17575885267447705
357,1,train,2,0.008057042285168011,0.08976102876620795,0.03089117429344853,0.17575885267447705
357,-1,train,18,0.03089117429344853,0.17575885267447705,0.03089117429344853,0.17575885267447705
358,0,train,16,0.05379387868642786,0.2319350742911211,0.030562948403772872,0.17482261982870773
358,1,train,2,0.007332018121117885,0.08562720432851866,0.030562948403772872,0.17482261982870773
358,-1,train,18,0.030562948403772872,0.17482261982870773,0.030562948403772872,0.17482261982870773
359,0,train,16,0.039023709075919885,0.19754419524734176,0.08224042360660944,0.2867759118311882
359,1,train,2,0.125457138137299,0.35419929155392027,0.08224042360660944,0.2867759118311882
359,-1,train,18,0.08224042360660944,0.2867759118311882,0.08224042360660944,0.2867759118311882
360,0,train,16,0.053722467464025106,0.23178107658742356,0.030649210622061055,0.1750691595400545
360,1,train,2,0.0075759537800970025,0.08703995507867064,0.030649210622061055,0.1750691595400545
360,-1,train,18,0.030649210622061055,0.1750691595400545,0.030649210622061055,0.1750691595400545
361,0,train,16,0.038874624252216015,0.1971664886643164,0.08257749574716573,0.2873630034419284
361,1,train,2,0.12628036724211544,0.3553594901534437,0.08257749574716573,0.2873630034419284
361,-1,train,18,0.08257749574716573,0.2873630034419284,0.08257749574716573,0.2873630034419284
362,0,train,16,0.03792348173886023,0.1947395227961192,0.08582362427062089,0.29295669350711356
362,1,train,2,0.13372376680238154,0.3656826039099776,0.08582362427062089,0.29295669350711356
362,-1,train,18,0.08582362427062089,0.29295669350711356,0.08582362427062089,0.29295669350711356
363,0,train,16,0.038909073458858356,0.19725383002329347,0.08231275717805414,0.28690199925768056
363,1,train,2,0.12571644089724993,0.35456514337600914,0.08231275717805414,0.28690199925768056
363,-1,train,18,0.08231275717805414,0.28690199925768056,0.08231275717805414,0.28690199925768056
364,0,train,16,0.050888619829620105,0.2255850611845122,0.040310189521410605,0.20077397620560938
364,1,train,2,0.029731759213201103,0.1724289975995949,0.040310189521410605,0.20077397620560938
364,-1,train,18,0.040310189521410605,0.20077397620560938,0.040310189521410605,0.20077397620560938
365,0,train,16,0.039828381729177985,0.19957049313257205,0.07901636518885531,0.28109849730807046
365,1,train,2,0.11820434864853265,0.3438085930405647,0.07901636518885531,0.28109849730807046
365,-1,train,18,0.07901636518885531,0.28109849730807046,0.07901636518885531,0.28109849730807046
366,0,train,16,0.04270088646902071,0.20664192814871987,0.06892546510918222,0.26253659765674997
366,1,train,2,0.09515004374934374,0.3084640072185793,0.06892546510918222,0.26253659765674997
366,-1,train,18,0.06892546510918222,0.26253659765674997,0.06892546510918222,0.26253659765674997
367,0,train,16,0.027728562120786542,0.16651895423880894,0.12128222750455314,0.34825597985469414
367,1,train,2,0.21483589288831975,0.46350392974420374,0.12128222750455314,0.34825597985469414
367,-1,train,18,0.12128222750455314,0.34825597985469414,0.12128222750455314,0.34825597985469414
368,0,train,16,0.05375410999209327,0.23184932605486105,0.030140068721602905,0.1736089534603642
368,1,train,2,0.006526027451112538,0.08078383161940599,0.030140068721602905,0.1736089534603642
368,-1,train,18,0.030140068721602905,0.1736089534603642,0.030140068721602905,0.1736089534603642
369,0,train,16,0.052509791536571385,0.22915015063615252,0.034415263093967544,0.18551351189055623
369,1,train,2,0.016320734651363696,0.12775263070232135,0.034415263093967544,0.18551351189055623
369,-1,train,18,0.034415263093967544,0.18551351189055623,0.034415263093967544,0.18551351189055623
370,0,train,16,0.053521875947447485,0.23134795427547547,0.03080221418358207,0.17550559587540812
370,1,train,2,0.008082552419716657,0.08990301674424866,0.03080221418358207,0.17550559587540812
370,-1,train,18,0.03080221418358207,0.17550559587540812,0.03080221418358207,0.17550559587540812
371,0,train,16,0.03793181386081499,0.1947609146128016,0.08528936651379376,0.2920434325811724
371,1,train,2,0.13264691916677254,0.3642072475483877,0.08528936651379376,0.2920434325811724
371,-1,train,18,0.08528936651379376,0.2920434325811724,0.08528936651379376,0.2920434325811724
372,0,train,16,0.053581568513496325,0.23147692868512043,0.03043984035936769,0.174470170399893
372,1,train,2,0.00729811220523906,0.08542898925563301,0.03043984035936769,0.174470170399893
372,-1,train,18,0.03043984035936769,0.174470170399893,0.03043984035936769,0.174470170399893
373,0,train,16,0.02494255303798647,0.15793211528370812,0.13059733236781745,0.36138252914026914
373,1,train,2,0.23625211169764843,0.4860577246558771,0.13059733236781745,0.36138252914026914
373,-1,train,18,0.13059733236781745,0.36138252914026914,0.13059733236781745,0.36138252914026914
374,0,train,16,0.03981909055000898,0.19954721383674837,0.07842125260513665,0.28003794850901303
374,1,train,2,0.11702341466026431,0.3420868525100962,0.07842125260513665,0.28003794850901303
374,-1,train,18,0.07842125260513665,0.28003794850901303,0.07842125260513665,0.28003794850901303
375,0,train,16,0.039668062172159055,0.19916842664478487,0.07887415865628153,0.2808454355268775
375,1,train,2,0.11808025514040399,0.34362807676382323,0.07887415865628153,0.2808454355268775
375,-1,train,18,0.07887415865628153,0.2808454355268775,0.07887415865628153,0.2808454355268775
376,0,train,16,0.03880746191052552,0.1969960961809282,0.08180028442100891,0.28600749014843807
376,1,train,2,0.1247931069314923,0.3532606784394384,0.08180028442100891,0.28600749014843807
376,-1,train,18,0.08180028442100891,0.28600749014843807,0.08180028442100891,0.28600749014843807
377,0,train,16,0.051382208418244056,0.22667643992758502,0.037911464127866376,0.19470866474778767
377,1,train,2,0.024440719837488696,0.15633528020727983,0.037911464127866376,0.19470866474778767
377,-1,train,18,0.037911464127866376,0.19470866474778767,0.037911464127866376,0.19470866474778767
378,0,train,16,0.052573775815700705,0.22928972025736502,0.0335697698416376,0.18322054972529037
378,1,train,2,0.014565763867574494,0.12068870646242959,0.0335697698416376,0.18322054972529037
378,-1,train,18,0.0335697698416376,0.18322054972529037,0.0335697698416376,0.18322054972529037
379,0,train,16,0.053350971161476,0.23097829153726981,0.030788442215943075,0.17546635636481164
379,1,train,2,0.008225913270410144,0.09069682061908313,0.030788442215943075,0.17546635636481164
379,-1,train,18,0.030788442215943075,0.17546635636481164,0.030788442215943075,0.17546635636481164
380,0,train,16,0.05057701041973702,0.2248933312033441,0.04044567420423083,0.20111109915723405
380,1,train,2,0.030314337988724637,0.17411013178079165,0.04044567420423083,0.20111109915723405
380,-1,train,18,0.04044567420423083,0.20111109915723405,0.04044567420423083,0.20111109915723405
381,0,train,16,0.05355207887674625,0.2314132210500218,0.029966299754065725,0.17310776919036802
381,1,train,2,0.006380520631385199,0.07987816116677449,0.029966299754065725,0.17310776919036802
381,-1,train,18,0.029966299754065725,0.17310776919036802,0.029966299754065725,0.17310776919036802
382,0,train,16,0.038643271736482666,0.19657891986803333,0.0820878794452704,0.2865098243433729
382,1,train,2,0.12553248715405815,0.3543056408724791,0.0820878794452704,0.2865098243433729
382,-1,train,18,0.0820878794452704,0.2865098243433729,0.0820878794452704,0.2865098243433729
383,0,train,16,0.05058762841757962,0.2249169367068199,0.040207083620094175,0.20051704072246374
383,1,train,2,0.029826538822608734,0.17270361554584993,0.040207083620094175,0.20051704072246374
383,-1,train,18,0.040207083620094175,0.20051704072246374,0.040207083620094175,0.20051704072246374
384,0,train,16,0.05241260736436267,0.22893799895247333,0.0337566864923249,0.18372992813454453
384,1,train,2,0.015100765620287115,0.12288517249972478,0.0337566864923249,0.18372992813454453
384,-1,train,18,0.0337566864923249,0.18372992813454453,0.0337566864923249,0.18372992813454453
385,0,train,16,0.0397889295323302,0.1994716258828062,0.07787119211832545,0.27905410249327184
385,1,train,2,0.1159534547043207,0.3405193896158054,0.07787119211832545,0.27905410249327184
385,-1,train,18,0.07787119211832545,0.27905410249327184,0.07787119211832545,0.27905410249327184
386,0,train,16,0.027823062690419,0.16680246608014823,0.1196673314521447,0.34592966257917906
386,1,train,2,0.2115116002138704,0.45990390323835084,0.1196673314521447,0.34592966257917906
386,-1,train,18,0.1196673314521447,0.34592966257917906,0.1196673314521447,0.34592966257917906
387,0,train,16,0.0533384925131398,0.23095127735767085,0.03036832310015165,0.1742650943251449
387,1,train,2,0.007398153687163495,0.086012520525581,0.03036832310015165,0.1742650943251449
387,-1,train,18,0.03036832310015165,0.1742650943251449,0.03036832310015165,0.1742650943251449
388,0,train,16,0.05092665262581331,0.22566934356667345,0.03891817090376594,0.19727688892459233
388,1,train,2,0.02690968918171857,0.16404173000099265,0.03891817090376594,0.19727688892459233
388,-1,train,18,0.03891817090376594,0.19727688892459233,0.03891817090376594,0.19727688892459233
389,0,train,16,0.05055546420083086,0.2248454229038938,0.04004027774011207,0.2001006690146539
389,1,train,2,0.029525091279393283,0.1718286683862541,0.04004027774011207,0.2001006690146539
389,-1,train,18,0.04004027774011207,0.2001006690146539,0.04004027774011207,0.2001006690146539
390,0,train,16,0.039762750155768745,0.19940599327946176,0.07775470999738525,0.27884531553781794
390,1,train,2,0.11574666983900175,0.3402156225675149,0.07775470999738525,0.27884531553781794
390,-1,train,18,0.07775470999738525,0.27884531553781794,0.07775470999738525,0.27884531553781794
391,0,train,16,0.038686324157765496,0.196688393551235,0.08147252378272375,0.2854339219201596
391,1,train,2,0.124258723407682,0.35250350836223177,0.08147252378272375,0.2854339219201596
391,-1,train,18,0.08147252378272375,0.2854339219201596,0.08147252378272375,0.2854339219201596
392,0,train,16,0.05345217333889464,0.23119726066477223,0.029757536453387065,0.17250372881009576
392,1,train,2,0.006062899567879488,0.07786462333999625,0.029757536453387065,0.17250372881009576
392,-1,train,18,0.029757536453387065,0.17250372881009576,0.029757536453387065,0.17250372881009576
393,0,train,16,0.05233925035202166,0.22877773132895093,0.0335999685244771,0.18330294194168598
393,1,train,2,0.014860686696932548,0.12190441623227827,0.0335999685244771,0.18330294194168598
393,-1,train,18,0.0335999685244771,0.18330294194168598,0.0335999685244771,0.18330294194168598
394,0,train,16,0.042412682755581445,0.2059433969700933,0.06829221057982318,0.2613277837885271
394,1,train,2,0.09417173840406491,0.3068741409830175,0.06829221057982318,0.2613277837885271
394,-1,train,18,0.06829221057982318,0.2613277837885271,0.06829221057982318,0.2613277837885271
395,0,train,16,0.05341531938032997,0.23111754450999597,0.029744466083524337,0.17246584033809229
395,1,train,2,0.006073612786718703,0.07793338685517717,0.029744466083524337,0.17246584033809229
395,-1,train,18,0.029744466083524337,0.17246584033809229,0.029744466083524337,0.17246584033809229
396,0,train,16,0.050960158139823256,0.22574356721692704,0.03836148990093593,0.19586089426155476
396,1,train,2,0.0257628216620486,0.1605080112083151,0.03836148990093593,0.19586089426155476
396,-1,train,18,0.03836148990093593,0.19586089426155476,0.03836148990093593,0.19586089426155476
397,0,train,16,0.050378963092457076,0.2244525853993602,0.04029168173057107,0.20072787980390536
397,1,train,2,0.030204400368685068,0.1737941321468739,0.04029168173057107,0.20072787980390536
397,-1,train,18,0.04029168173057107,0.20072787980390536,0.04029168173057107,0.20072787980390536
398,0,train,16,0.05316693887191428,0.23057957167085352,0.030451671533639525,0.17450407311475433
398,1,train,2,0.00773640419536477,0.08795683143090575,0.030451671533639525,0.17450407311475433
398,-1,train,18,0.030451671533639525,0.17450407311475433,0.030451671533639525,0.17450407311475433
399,0,train,16,0.053232509020541205,0.23072171337033107,0.03015543070705869,0.1736531908922456
399,1,train,2,0.007078352393576173,0.08413294475754532,0.03015543070705869,0.1736531908922456
399,-1,train,18,0.03015543070705869,0.1736531908922456,0.03015543070705869,0.1736531908922456
400,0,train,16,0.04243524029161523,0.2059981560393569,0.0679089013892577,0.2605933640545317
400,1,train,2,0.09338256248690018,0.30558560582412936,0.0679089013892577,0.2605933640545317
400,-1,train,18,0.0679089013892577,0.2605933640545317,0.0679089013892577,0.2605933640545317
401,0,train,16,0.05041205736825831,0.22452629549399844,0.03990985131333662,0.19977450115902334
401,1,train,2,0.029407645258414918,0.17148657457193237,0.03990985131333662,0.19977450115902334
401,-1,train,18,0.03990985131333662,0.19977450115902334,0.03990985131333662,0.19977450115902334
402,0,train,16,0.03848427181620173,0.19617408548582999,0.08160840042521435,0.28567184044846694
402,1,train,2,0.12473252903422696,0.35317492696145203,0.08160840042521435,0.28567184044846694
402,-1,train,18,0.08160840042521435,0.28567184044846694,0.08160840042521435,0.28567184044846694
403,0,train,16,0.03755235481656632,0.1937842997163762,0.08481346960893998,0.2912275220664077
403,1,train,2,0.13207458440131364,0.36342067140066986,0.08481346960893998,0.2912275220664077
403,-1,train,18,0.08481346960893998,0.2912275220664077,0.08481346960893998,0.2912275220664077
404,0,train,16,0.03756433439917291,0.1938152068315923,0.08471859618014677,0.29106459107927707
404,1,train,2,0.13187285796112064,0.3631430268656148,0.08471859618014677,0.29106459107927707
404,-1,train,18,0.08471859618014677,0.29106459107927707,0.08471859618014677,0.29106459107927707
405,0,train,16,0.05084013312612563,0.22547756679130107,0.03842158832358029,0.19601425540909082
405,1,train,2,0.02600304352103494,0.1612545922478952,0.03842158832358029,0.19601425540909082
405,-1,train,18,0.03842158832358029,0.19601425540909082,0.03842158832358029,0.19601425540909082
406,0,train,16,0.05318313104818582,0.2306146809034191,0.03007167516645086,0.17341186570258352
406,1,train,2,0.006960219284715902,0.08342792868527842,0.03007167516645086,0.17341186570258352
406,-1,train,18,0.03007167516645086,0.17341186570258352,0.03007167516645086,0.17341186570258352
407,0,train,16,0.041400951962171195,0.20347223879972226,0.0712566876713496,0.26693948316303756
407,1,train,2,0.10111242338052799,0.3179817972471506,0.0712566876713496,0.26693948316303756
407,-1,train,18,0.0712566876713496,0.26693948316303756,0.0712566876713496,0.26693948316303756
408,0,train,16,0.04923734116947672,0.22189488765962304,0.043786440341227306,0.20925209757903815
408,1,train,2,0.0383355395129779,0.19579463606794212,0.043786440341227306,0.20925209757903815
408,-1,train,18,0.043786440341227306,0.20925209757903815,0.043786440341227306,0.20925209757903815
409,0,train,16,0.05220653336458549,0.22848749060853527,0.03335404439178195,0.18263089659688458
409,1,train,2,0.014501555418978416,0.12042240414050209,0.03335404439178195,0.18263089659688458
409,-1,train,18,0.03335404439178195,0.18263089659688458,0.03335404439178195,0.18263089659688458
410,0,train,16,0.0532407021981436,0.2307394682280073,0.029688285418719054,0.17230288859656143
410,1,train,2,0.006135868639294506,0.07833178562559713,0.029688285418719054,0.17230288859656143
410,-1,train,18,0.029688285418719054,0.17230288859656143,0.029688285418719054,0.17230288859656143
411,0,train,16,0.037465527704454,0.19356013976140335,0.08485729532695808,0.29130275544003714
411,1,train,2,0.13224906294946218,0.36366064256317615,0.08485729532695808,0.29130275544003714
411,-1,train,18,0.08485729532695808,0.29130275544003714,0.08485729532695808,0.29130275544003714
412,0,train,16,0.050736787567344996,0.22524827983215542,0.038354973862914254,0.19584425920336357
412,1,train,2,0.02597316015848351,0.16116190666061106,0.038354973862914254,0.19584425920336357
412,-1,train,18,0.038354973862914254,0.19584425920336357,0.038354973862914254,0.19584425920336357
413,0,train,16,0.037538345847316655,0.19374815056489353,0.08454561300793222,0.29076728324887624
413,1,train,2,0.13155288016854777,0.3627021921198544,0.08454561300793222,0.29076728324887624
413,-1,train,18,0.08454561300793222,0.29076728324887624,0.08454561300793222,0.29076728324887624
414,0,train,16,0.052085991388714815,0.22822355572708708,0.03348737444201578,0.18299555853084462
414,1,train,2,0.014888757495316738,0.12201949637380388,0.03348737444201578,0.18299555853084462
414,-1,train,18,0.03348737444201578,0.18299555853084462,0.03348737444201578,0.18299555853084462
415,0,train,16,0.05083851345920746,0.2254739751261938,0.03773677547732209,0.1942595569780856
415,1,train,2,0.02463503749543673,0.15695552712611535,0.03773677547732209,0.1942595569780856
415,-1,train,18,0.03773677547732209,0.1942595569780856,0.03773677547732209,0.1942595569780856
416,0,train,16,0.05288672971461692,0.2299711497440862,0.030588604344758012,0.17489598149974175
416,1,train,2,0.008290478974899103,0.09105206738399245,0.030588604344758012,0.17489598149974175
416,-1,train,18,0.030588604344758012,0.17489598149974175,0.030588604344758012,0.17489598149974175
417,0,train,16,0.05294106868719491,0.23008926243350625,0.030348946492606155,0.1742094902483965
417,1,train,2,0.007756824298017395,0.08807283518780008,0.030348946492606155,0.1742094902483965
417,-1,train,18,0.030348946492606155,0.1742094902483965,0.030348946492606155,0.1742094902483965
418,0,train,16,0.05193393126497521,0.22789017369113398,0.03385247009859792,0.18399040762658775
418,1,train,2,0.01577100893222063,0.12558267767578707,0.03385247009859792,0.18399040762658775
418,-1,train,18,0.03385247009859792,0.18399040762658775,0.03385247009859792,0.18399040762658775
419,0,train,16,0.03941919725328173,0.19854268370625427,0.07764433649375449,0.2786473335486175
419,1,train,2,0.11586947573422726,0.34039605716610066,0.07764433649375449,0.2786473335486175
419,-1,train,18,0.07764433649375449,0.2786473335486175,0.07764433649375449,0.2786473335486175
420,0,train,16,0.038238274414886766,0.19554609281416688,0.0817151436708467,0.2858586078305964
420,1,train,2,0.12519201292680665,0.3538248336773532,0.0817151436708467,0.2858586078305964
420,-1,train,18,0.0817151436708467,0.2858586078305964,0.0817151436708467,0.2858586078305964
421,0,train,16,0.03920797471821771,0.19801003691282346,0.07826487726166756,0.2797586053397957
421,1,train,2,0.11732177980511742,0.34252267049805246,0.07826487726166756,0.2797586053397957
421,-1,train,18,0.07826487726166756,0.2797586053397957,0.07826487726166756,0.2797586053397957
422,0,train,16,0.03938506175462582,0.19845669994894558,0.07758784295536575,0.27854594406554506
422,1,train,2,0.11579062415610566,0.3402802141707708,0.07758784295536575,0.27854594406554506
422,-1,train,18,0.07758784295536575,0.27854594406554506,0.07758784295536575,0.27854594406554506
423,0,train,16,0.052090253915255215,0.22823289402550023,0.03311421565465378,0.1819731179450794
423,1,train,2,0.014138177394052338,0.11890406802987162,0.03311421565465378,0.1819731179450794
423,-1,train,18,0.03311421565465378,0.1819731179450794,0.03311421565465378,0.1819731179450794
424,0,train,16,0.052110434097063195,0.2282770993706184,0.032978829223432024,0.18160074125242998
424,1,train,2,0.013847224349800846,0.11767422976081401,0.032978829223432024,0.18160074125242998
424,-1,train,18,0.032978829223432024,0.18160074125242998,0.032978829223432024,0.18160074125242998
425,0,train,16,0.05304422872320569,0.2303133272809146,0.02966025863932333,0.17222153941747045
425,1,train,2,0.006276288555440967,0.07922303046110371,0.02966025863932333,0.17222153941747045
425,-1,train,18,0.02966025863932333,0.17222153941747045,0.02966025863932333,0.17222153941747045
426,0,train,16,0.041050505002244705,0.20260924214419418,0.0716120840126016,0.2676043422902581
426,1,train,2,0.10217366302295852,0.3196461528361612,0.0716120840126016,0.2676043422902581
426,-1,train,18,0.0716120840126016,0.2676043422902581,0.0716120840126016,0.2676043422902581
427,0,train,16,0.052955086387708274,0.23011972185735902,0.02987755390799239,0.17285124792142054
427,1,train,2,0.006800021428276508,0.08246224244026176,0.02987755390799239,0.17285124792142054
427,-1,train,18,0.02987755390799239,0.17285124792142054,0.02987755390799239,0.17285124792142054
428,0,train,16,0.039253439098220475,0.19812480687238657,0.07777743090862632,0.2788860536287649
428,1,train,2,0.11630142271903217,0.34102994402109643,0.07777743090862632,0.2788860536287649
428,-1,train,18,0.07777743090862632,0.2788860536287649,0.07777743090862632,0.2788860536287649
429,0,train,16,0.039343510491387755,0.1983519863560427,0.07739581459295364,0.27820103269569946
429,1,train,2,0.11544811869451951,0.33977657172695047,0.07739581459295364,0.27820103269569946
429,-1,train,18,0.07739581459295364,0.27820103269569946,0.07739581459295364,0.27820103269569946
430,0,train,16,0.049104171685472375,0.22159461113816006,0.04323864970626545,0.20793905286469266
430,1,train,2,0.037373127727058524,0.1933213069660417,0.04323864970626545,0.20793905286469266
430,-1,train,18,0.04323864970626545,0.20793905286469266,0.04323864970626545,0.20793905286469266
431,0,train,16,0.03828792928172147,0.19567301623300407,0.0810083580739949,0.2846196726756513
431,1,train,2,0.12372878686626831,0.35175102965914445,0.0810083580739949,0.2846196726756513
431,-1,train,18,0.0810083580739949,0.2846196726756513,0.0810083580739949,0.2846196726756513
432,0,train,16,0.05289251276851063,0.22998372283383586,0.02987837959293865,0.17285363633125758
432,1,train,2,0.006864246417366668,0.08285074783830662,0.02987837959293865,0.17285363633125758
432,-1,train,18,0.02987837959293865,0.17285363633125758,0.02987837959293865,0.17285363633125758
433,0,train,16,0.03924474299687871,0.19810285963831695,0.07759261032505749,0.27855450153436306
433,1,train,2,0.11594047765323627,0.3405003342924002,0.07759261032505749,0.27855450153436306
433,-1,train,18,0.07759261032505749,0.27855450153436306,0.07759261032505749,0.27855450153436306
434,0,train,16,0.04194622941893998,0.20480778651931175,0.06810755468445287,0.26097424141944137
434,1,train,2,0.09426887994996574,0.3070323760614925,0.06810755468445287,0.26097424141944137
434,-1,train,18,0.06810755468445287,0.26097424141944137,0.06810755468445287,0.26097424141944137
435,0,train,16,0.05181652625252706,0.22763243673195405,0.033608651329956184,0.18332662471653205
435,1,train,2,0.015400776407385307,0.12409986465498384,0.033608651329956184,0.18332662471653205
435,-1,train,18,0.033608651329956184,0.18332662471653205,0.033608651329956184,0.18332662471653205
436,0,train,16,0.0529811368793623,0.2301763169384772,0.02946881188511693,0.1716648242509715
436,1,train,2,0.005956486890871551,0.07717827991651247,0.02946881188511693,0.1716648242509715
436,-1,train,18,0.02946881188511693,0.1716648242509715,0.02946881188511693,0.1716648242509715
437,0,train,16,0.0393812154449905,0.19844700916111208,0.07702987131021485,0.27754255765596536
437,1,train,2,0.11467852717543922,0.33864218162455667,0.07702987131021485,0.27754255765596536
437,-1,train,18,0.07702987131021485,0.27754255765596536,0.07702987131021485,0.27754255765596536
438,0,train,16,0.04214049569452612,0.20528150353727956,0.06733476855716244,0.2594894382381727
438,1,train,2,0.09252904141979876,0.3041858665681211,0.06733476855716244,0.2594894382381727
438,-1,train,18,0.06733476855716244,0.2594894382381727,0.06733476855716244,0.2594894382381727
439,0,train,16,0.04216305893413645,0.2053364530085597,0.06723274797183781,0.2592927842648881
439,1,train,2,0.09230243700953918,0.3038131613500955,0.06723274797183781,0.2592927842648881
439,-1,train,18,0.06723274797183781,0.2592927842648881,0.06723274797183781,0.2592927842648881
440,0,train,16,0.0529682923337874,0.23014841371121245,0.029433793679619163,0.17156279806420494
440,1,train,2,0.005899295025450923,0.07680686834815571,0.029433793679619163,0.17156279806420494
440,-1,train,18,0.029433793679619163,0.17156279806420494,0.029433793679619163,0.17156279806420494
441,0,train,16,0.02490101573778955,0.15780055683612004,0.127632732741686,0.35725723609422666
441,1,train,2,0.23036444974558243,0.4799629670563995,0.127632732741686,0.35725723609422666
441,-1,train,18,0.127632732741686,0.35725723609422666,0.127632732741686,0.35725723609422666
442,0,train,16,0.042002636021965516,0.20494544645335624,0.0677933562718094,0.26037157347108647
442,1,train,2,0.09358407652165326,0.305915145950071,0.0677933562718094,0.26037157347108647
442,-1,train,18,0.0677933562718094,0.26037157347108647,0.0677933562718094,0.26037157347108647
443,0,train,16,0.05297063942745066,0.230153512741932,0.029481196269349096,0.1717008918711522
443,1,train,2,0.005991753111247537,0.07740641518147923,0.029481196269349096,0.1717008918711522
443,-1,train,18,0.029481196269349096,0.1717008918711522,0.029481196269349096,0.1717008918711522
444,0,train,16,0.04211919727565048,0.20522962085344912,0.06746964709594197,0.25974920037594335
444,1,train,2,0.09282009691623345,0.304663908128668,0.06746964709594197,0.25974920037594335
444,-1,train,18,0.06746964709594197,0.25974920037594335,0.06746964709594197,0.25974920037594335
445,0,train,16,0.05201908200494341,0.22807692124575737,0.032868788771551596,0.1812975145211638
445,1,train,2,0.013718495538159792,0.11712598148216215,0.032868788771551596,0.1812975145211638
445,-1,train,18,0.032868788771551596,0.1812975145211638,0.032868788771551596,0.1812975145211638
446,0,train,16,0.038574187695422396,0.1964031254726421,0.07994769621028944,0.2827502364460363
446,1,train,2,0.12132120472515646,0.3483119359498845,0.07994769621028944,0.2827502364460363
446,-1,train,18,0.07994769621028944,0.2827502364460363,0.07994769621028944,0.2827502364460363
447,0,train,16,0.03857638567580128,0.1964087209769497,0.07998950139127806,0.28282415277213874
447,1,train,2,0.12140261710675482,0.3484287834073913,0.07998950139127806,0.28282415277213874
447,-1,train,18,0.07998950139127806,0.28282415277213874,0.07998950139127806,0.28282415277213874
448,0,train,16,0.038464798092439835,0.19612444542289936,0.08045222716620334,0.2836410181306705
448,1,train,2,0.12243965623996686,0.34991378400967127,0.08045222716620334,0.2836410181306705
448,-1,train,18,0.08045222716620334,0.2836410181306705,0.08045222716620334,0.2836410181306705
449,0,train,16,0.051898715401751026,0.22781289560020745,0.03354945087199456,0.18316509184884155
449,1,train,2,0.015200186342238095,0.1232890357746304,0.03354945087199456,0.18316509184884155
449,-1,train,18,0.03354945087199456,0.18316509184884155,0.03354945087199456,0.18316509184884155
450,0,train,16,0.025437659947600205,0.15949188050681515,0.12618440516205365,0.35522444336229686
450,1,train,2,0.2269311503765071,0.476372911043971,0.12618440516205365,0.35522444336229686
450,-1,train,18,0.12618440516205365,0.35522444336229686,0.12618440516205365,0.35522444336229686
451,0,train,16,0.038774832849122996,0.1969132622479324,0.07961062763544294,0.28215355329225067
451,1,train,2,0.12044642242176289,0.34705391860885665,0.07961062763544294,0.28215355329225067
451,-1,train,18,0.07961062763544294,0.28215355329225067,0.07961062763544294,0.28215355329225067
452,0,train,16,0.05309173436023749,0.23041643682740492,0.02970412268304509,0.17234884009776535
452,1,train,2,0.00631651100585269,0.07947648083460093,0.02970412268304509,0.17234884009776535
452,-1,train,18,0.02970412268304509,0.17234884009776535,0.02970412268304509,0.17234884009776535
453,0,train,16,0.0532100841942069,0.23067311112092562,0.029400704680239788,0.17146633687181803
453,1,train,2,0.00559132516627268,0.07477516410060683,0.029400704680239788,0.17146633687181803
453,-1,train,18,0.029400704680239788,0.17146633687181803,0.029400704680239788,0.17146633687181803
454,0,train,16,0.05152435010465413,0.22698975770869956,0.03544893516684601,0.18827887605051719
454,1,train,2,0.019373520229037884,0.13918879347504196,0.03544893516684601,0.18827887605051719
454,-1,train,18,0.03544893516684601,0.18827887605051719,0.03544893516684601,0.18827887605051719
455,0,train,16,0.05316496757299546,0.23057529697041584,0.029670639414612364,0.17225167463514648
455,1,train,2,0.006176311256229267,0.07858951110822147,0.029670639414612364,0.17225167463514648
455,-1,train,18,0.029670639414612364,0.17225167463514648,0.029670639414612364,0.17225167463514648
456,0,train,16,0.052983451636103865,0.23018134510881602,0.030241063238301225,0.1738995780279562
456,1,train,2,0.007498674840498586,0.08659488922851385,0.030241063238301225,0.1738995780279562
456,-1,train,18,0.030241063238301225,0.1738995780279562,0.030241063238301225,0.1738995780279562
457,0,train,16,0.052921513380832466,0.23004676346524083,0.03038858405457303,0.17432321719889474
457,1,train,2,0.00785565472831359,0.08863213146660522,0.03038858405457303,0.17432321719889474
457,-1,train,18,0.03038858405457303,0.17432321719889474,0.03038858405457303,0.17432321719889474
458,0,train,16,0.03553930374977825,0.18851870928313255,0.09116224069983736,0.30193085417001914
458,1,train,2,0.14678517764989646,0.3831255377156376,0.09116224069983736,0.30193085417001914
458,-1,train,18,0.09116224069983736,0.30193085417001914,0.09116224069983736,0.30193085417001914
459,0,train,16,0.03889204610336199,0.19721066427392306,0.07932211663070743,0.2816418232981519
459,1,train,2,0.11975218715805287,0.3460522896298374,0.07932211663070743,0.2816418232981519
459,-1,train,18,0.07932211663070743,0.2816418232981519,0.07932211663070743,0.2816418232981519
460,0,train,16,0.05302118526439996,0.23026329552145292,0.029630622772001083,0.17213547795849954
460,1,train,2,0.006240060279602209,0.07899405217864323,0.029630622772001083,0.17213547795849954
460,-1,train,18,0.029630622772001083,0.17213547795849954,0.029630622772001083,0.17213547795849954
461,0,train,16,0.05294591796448591,0.23009980000966082,0.029748706939257706,0.17247813467004364
461,1,train,2,0.006551495914029504,0.08094131154132297,0.029748706939257706,0.17247813467004364
461,-1,train,18,0.029748706939257706,0.17247813467004364,0.029748706939257706,0.17247813467004364
462,0,train,16,0.040982071769482306,0.20244029186276705,0.07148447562508753,0.2673658086313348
462,1,train,2,0.10198687948069274,0.31935384682306983,0.07148447562508753,0.2673658086313348
462,-1,train,18,0.07148447562508753,0.2673658086313348,0.07148447562508753,0.2673658086313348
463,0,train,16,0.052586285607974924,0.22931699807902362,0.030760383222176307,0.1753863826589063
463,1,train,2,0.008934480836377694,0.09452238272693772,0.030760383222176307,0.1753863826589063
463,-1,train,18,0.030760383222176307,0.1753863826589063,0.030760383222176307,0.1753863826589063
464,0,train,16,0.05194942490456882,0.22792416481051064,0.03287101303128345,0.18130364869820864
464,1,train,2,0.013792601157998083,0.11744190545967008,0.03287101303128345,0.18130364869820864
464,-1,train,18,0.03287101303128345,0.18130364869820864,0.03287101303128345,0.18130364869820864
465,0,train,16,0.03932089461854557,0.1982949687171754,0.07696444753628799,0.27742467002104915
465,1,train,2,0.11460800045403041,0.3385380339844113,0.07696444753628799,0.27742467002104915
465,-1,train,18,0.07696444753628799,0.27742467002104915,0.07696444753628799,0.27742467002104915
466,0,train,16,0.05285532590790574,0.2299028618958575,0.029491110122718198,0.17172975898986814
466,1,train,2,0.00612689433753066,0.07827448075542028,0.029491110122718198,0.17172975898986814
466,-1,train,18,0.029491110122718198,0.17172975898986814,0.029491110122718198,0.17172975898986814
467,0,train,16,0.05282369453500314,0.22983405869235993,0.02953161256388817,0.1718476434632962
467,1,train,2,0.0062395305927732,0.07899069940678587,0.02953161256388817,0.1718476434632962
467,-1,train,18,0.02953161256388817,0.1718476434632962,0.02953161256388817,0.1718476434632962
468,0,train,16,0.05283580848714958,0.22986041087396844,0.029426422937534898,0.17154131554099408
468,1,train,2,0.00601703738792021,0.07756956483002989,0.029426422937534898,0.17154131554099408
468,-1,train,18,0.029426422937534898,0.17154131554099408,0.029426422937534898,0.17154131554099408
469,0,train,16,0.051839086532318855,0.22768198552436875,0.0328650476788409,0.18128719667654664
469,1,train,2,0.013891008825362951,0.11786012398331741,0.0328650476788409,0.18128719667654664
469,-1,train,18,0.0328650476788409,0.18128719667654664,0.0328650476788409,0.18128719667654664
470,0,train,16,0.039321938030192224,0.19829759965817093,0.07663450777583103,0.27682938387358924
470,1,train,2,0.11394707752146985,0.33756047979802056,0.07663450777583103,0.27682938387358924
470,-1,train,18,0.07663450777583103,0.27682938387358924,0.07663450777583103,0.27682938387358924
471,0,train,16,0.05281230418707272,0.22980927785246774,0.02937315982740126,0.17138599659074036
471,1,train,2,0.005934015467729798,0.07703256108769718,0.02937315982740126,0.17138599659074036
471,-1,train,18,0.02937315982740126,0.17138599659074036,0.02937315982740126,0.17138599659074036
472,0,train,16,0.0486939379446647,0.22066702958227516,0.043791673495745434,0.2092646016309147
472,1,train,2,0.03888940904682616,0.1972039782733253,0.043791673495745434,0.2092646016309147
472,-1,train,18,0.043791673495745434,0.2092646016309147,0.043791673495745434,0.2092646016309147
473,0,train,16,0.05284067243280157,0.2298709908466085,0.029227397313416427,0.17096022143591305
473,1,train,2,0.0056141221940312815,0.0749274461998491,0.029227397313416427,0.17096022143591305
473,-1,train,18,0.029227397313416427,0.17096022143591305,0.029227397313416427,0.17096022143591305
474,0,train,16,0.05254720787695544,0.2292317776333714,0.030186741094450152,0.17374331956783304
474,1,train,2,0.00782627431194487,0.08846623260852059,0.030186741094450152,0.17374331956783304
474,-1,train,18,0.030186741094450152,0.17374331956783304,0.030186741094450152,0.17374331956783304
475,0,train,16,0.042126313465381926,0.20524695726217704,0.06662460293564963,0.2581174208294543
475,1,train,2,0.09112289240591734,0.30186568603588804,0.06662460293564963,0.2581174208294543
475,-1,train,18,0.06662460293564963,0.2581174208294543,0.06662460293564963,0.2581174208294543
476,0,train,16,0.03941192836076183,0.19852437724562147,0.07606918014709861,0.27580641788598503
476,1,train,2,0.11272643193343539,0.3357475717461489,0.07606918014709861,0.27580641788598503
476,-1,train,18,0.07606918014709861,0.27580641788598503,0.07606918014709861,0.27580641788598503
477,0,train,16,0.05255146190873301,0.22924105633313813,0.03005762653362633,0.1733713544205799
477,1,train,2,0.007563791158519652,0.08697005897732651,0.03005762653362633,0.1733713544205799
477,-1,train,18,0.03005762653362633,0.1733713544205799,0.03005762653362633,0.1733713544205799
478,0,train,16,0.051808727298216097,0.2276153055007859,0.032642870127766246,0.18067337968767355
478,1,train,2,0.013477012957316395,0.11609053775961413,0.032642870127766246,0.18067337968767355
478,-1,train,18,0.032642870127766246,0.18067337968767355,0.032642870127766246,0.18067337968767355
479,0,train,16,0.05255940822723752,0.22925838747412824,0.03000137639449148,0.17320905401996595
479,1,train,2,0.007443344561745442,0.08627481997515522,0.03000137639449148,0.17320905401996595
479,-1,train,18,0.03000137639449148,0.17320905401996595,0.03000137639449148,0.17320905401996595
480,0,train,16,0.04706578109863276,0.21694649363064794,0.04926508096614243,0.22195738547329852
480,1,train,2,0.05146438083365211,0.226857622383847,0.04926508096614243,0.22195738547329852
480,-1,train,18,0.04926508096614243,0.22195738547329852,0.04926508096614243,0.22195738547329852
481,0,train,16,0.04902050560932341,0.22140574881724145,0.04234241530285758,0.2057727273057768
481,1,train,2,0.03566432499639175,0.18885000660945647,0.04234241530285758,0.2057727273057768
481,-1,train,18,0.04234241530285758,0.2057727273057768,0.04234241530285758,0.2057727273057768
482,0,train,16,0.05137848947152779,0.22666823657391388,0.03390426515842668,0.18413110861130086
482,1,train,2,0.016430040845325566,0.1281797208817587,0.03390426515842668,0.18413110861130086
482,-1,train,18,0.03390426515842668,0.18413110861130086,0.03390426515842668,0.18413110861130086
483,0,train,16,0.03828369978199222,0.19566220836429354,0.07969719990128518,0.28230692499704146
483,1,train,2,0.12111070002057815,0.3480096263332067,0.07969719990128518,0.28230692499704146
483,-1,train,18,0.07969719990128518,0.28230692499704146,0.07969719990128518,0.28230692499704146
484,0,train,16,0.04974240308353002,0.2230300497321606,0.039388201621244956,0.19846461050082695
484,1,train,2,0.029034000158959898,0.1703936623204041,0.039388201621244956,0.19846461050082695
484,-1,train,18,0.039388201621244956,0.19846461050082695,0.039388201621244956,0.19846461050082695
485,0,train,16,0.03817065006492189,0.1953731047634804,0.07989058805031574,0.28264923146952964
485,1,train,2,0.12161052603570957,0.34872700789544475,0.07989058805031574,0.28264923146952964
485,-1,train,18,0.07989058805031574,0.28264923146952964,0.07989058805031574,0.28264923146952964
486,0,train,16,0.051381735775002144,0.22667539737475292,0.033401842557320066,0.18276170976799289
486,1,train,2,0.015421949339637985,0.12418514138027135,0.033401842557320066,0.18276170976799289
486,-1,train,18,0.033401842557320066,0.18276170976799289,0.033401842557320066,0.18276170976799289
487,0,train,16,0.04962763439432201,0.22277260692087347,0.039512996328534084,0.198778762267336
487,1,train,2,0.029398358262746165,0.17145949452493486,0.039512996328534084,0.198778762267336
487,-1,train,18,0.039512996328534084,0.198778762267336,0.039512996328534084,0.198778762267336
488,0,train,16,0.05038853375614909,0.22447390439903941,0.0366980132143662,0.19156725506820366
488,1,train,2,0.023007492672583316,0.1516822094795013,0.0366980132143662,0.19156725506820366
488,-1,train,18,0.0366980132143662,0.19156725506820366,0.0366980132143662,0.19156725506820366
489,0,train,16,0.05142813926493789,0.2267777309722846,0.03296991746296908,0.18157620290932697
489,1,train,2,0.01451169566100027,0.12046449958805402,0.03296991746296908,0.18157620290932697
489,-1,train,18,0.03296991746296908,0.18157620290932697,0.03296991746296908,0.18157620290932697
490,0,train,16,0.038956806106529,0.1973747858935609,0.07665923630493499,0.27687404411561406
490,1,train,2,0.11436166650334098,0.33817401807847536,0.07665923630493499,0.27687404411561406
490,-1,train,18,0.07665923630493499,0.27687404411561406,0.07665923630493499,0.27687404411561406
491,0,train,16,0.03895072413851649,0.19735937813672927,0.07660513917154231,0.27677633419702324
491,1,train,2,0.11425955420456813,0.33802300839523947,0.07660513917154231,0.27677633419702324
491,-1,train,18,0.07660513917154231,0.27677633419702324,0.07660513917154231,0.27677633419702324
492,0,train,16,0.052461753680710675,0.22904530923097,0.029256167107109435,0.17104434251710704
492,1,train,2,0.006050580533508195,0.07778547765173262,0.029256167107109435,0.17104434251710704
492,-1,train,18,0.029256167107109435,0.17104434251710704,0.029256167107109435,0.17104434251710704
493,0,train,16,0.049600136997551704,0.22271088208157164,0.039236087642393946,0.19808101282655524
493,1,train,2,0.028872038287236196,0.1699177397661474,0.039236087642393946,0.19808101282655524
493,-1,train,18,0.039236087642393946,0.19808101282655524,0.039236087642393946,0.19808101282655524
494,0,train,16,0.0523948855021496,0.2288992911787837,0.029412273740509906,0.17150006921430064
494,1,train,2,0.006429661978870208,0.08018517306129735,0.029412273740509906,0.17150006921430064
494,-1,train,18,0.029412273740509906,0.17150006921430064,0.029412273740509906,0.17150006921430064
495,0,train,16,0.05243782181269778,0.2289930606212725,0.02922027099763638,0.17093937813633342
495,1,train,2,0.00600272018257498,0.07747722363749865,0.02922027099763638,0.17093937813633342
495,-1,train,18,0.02922027099763638,0.17093937813633342,0.02922027099763638,0.17093937813633342
496,0,train,16,0.052233215196590056,0.2285458710994142,0.029892989136532867,0.17289589103426625
496,1,train,2,0.007552763076475674,0.08690663424892069,0.029892989136532867,0.17289589103426625
496,-1,train,18,0.029892989136532867,0.17289589103426625,0.029892989136532867,0.17289589103426625
497,0,train,16,0.03778684369871087,0.1943883836516752,0.08043040658136999,0.283602550378818
497,1,train,2,0.12307396946402911,0.3508189981515099,0.08043040658136999,0.283602550378818
497,-1,train,18,0.08043040658136999,0.283602550378818,0.08043040658136999,0.283602550378818
498,0,train,16,0.05238902868501436,0.2288864973846521,0.029266280258482217,0.17107390291474098
498,1,train,2,0.00614353183195007,0.07838068532457515,0.029266280258482217,0.17107390291474098
498,-1,train,18,0.029266280258482217,0.17107390291474098,0.029266280258482217,0.17107390291474098
499,0,train,16,0.050065516533173496,0.22375324921254997,0.037451222811090604,0.19352318416947
499,1,train,2,0.024836929089007705,0.15759736383901765,0.037451222811090604,0.19352318416947
499,-1,train,18,0.037451222811090604,0.19352318416947,0.037451222811090604,0.19352318416947
500,0,train,16,0.052354520687028505,0.22881110263059462,0.029327222146889844,0.17125192596549052
500,1,train,2,0.006299923606751181,0.079372058098245,0.029327222146889844,0.17125192596549052
500,-1,train,18,0.029327222146889844,0.17125192596549052,0.029327222146889844,0.17125192596549052
501,0,train,16,0.05126752182117751,0.22642332437533355,0.033058037485563775,0.1818186939936699
501,1,train,2,0.014848553149950034,0.1218546394272702,0.033058037485563775,0.1818186939936699
501,-1,train,18,0.033058037485563775,0.1818186939936699,0.033058037485563775,0.1818186939936699
502,0,train,16,0.0414201493994121,0.2035194079182919,0.06753605072521579,0.25987699152717575
502,1,train,2,0.09365195205101948,0.30602606433279417,0.06753605072521579,0.25987699152717575
502,-1,train,18,0.06753605072521579,0.25987699152717575,0.06753605072521579,0.25987699152717575
503,0,train,16,0.03772543363357835,0.19423036228555604,0.08042124655766164,0.28358640051607137
503,1,train,2,0.12311705948174492,0.35088040623800143,0.08042124655766164,0.28358640051607137
503,-1,train,18,0.08042124655766164,0.28358640051607137,0.08042124655766164,0.28358640051607137
504,0,train,16,0.03876845348721859,0.1968970631757076,0.07670959128928499,0.2769649640104051
504,1,train,2,0.11465072909135139,0.3386011356911719,0.07670959128928499,0.2769649640104051
504,-1,train,18,0.07670959128928499,0.2769649640104051,0.07670959128928499,0.2769649640104051
505,0,train,16,0.04950619907130908,0.2224998855534741,0.03908471137543869,0.1976985366041911
505,1,train,2,0.028663223679568306,0.16930216678934829,0.03908471137543869,0.1976985366041911
505,-1,train,18,0.03908471137543869,0.1976985366041911,0.03908471137543869,0.1976985366041911
506,0,train,16,0.05125592912777488,0.22639772332727837,0.032971245824291034,0.18157986073430896
506,1,train,2,0.01468656252080719,0.12118812862985874,0.032971245824291034,0.18157986073430896
506,-1,train,18,0.032971245824291034,0.18157986073430896,0.032971245824291034,0.18157986073430896
507,0,train,16,0.05217772543324413,0.22842444140950444,0.02968086855086069,0.17228136449094164
507,1,train,2,0.007184011668477247,0.08475854923532639,0.02968086855086069,0.17228136449094164
507,-1,train,18,0.02968086855086069,0.17228136449094164,0.02968086855086069,0.17228136449094164
508,0,train,16,0.05129953538057486,0.22649400738336292,0.03271912997273755,0.18088429996198552
508,1,train,2,0.014138724564900246,0.11890636889965249,0.03271912997273755,0.18088429996198552
508,-1,train,18,0.03271912997273755,0.18088429996198552,0.03271912997273755,0.18088429996198552
509,0,train,16,0.03482769410528352,0.1866217942933877,0.09034890821805099,0.3005809511896105
509,1,train,2,0.14587012233081845,0.3819294729800496,0.09034890821805099,0.3005809511896105
509,-1,train,18,0.09034890821805099,0.3005809511896105,0.09034890821805099,0.3005809511896105
510,0,train,16,0.05226679932006473,0.22861933277845234,0.029262182294296203,0.1710619253203243
510,1,train,2,0.006257565268527676,0.07910477399327853,0.029262182294296203,0.1710619253203243
510,-1,train,18,0.029262182294296203,0.1710619253203243,0.029262182294296203,0.1710619253203243
511,0,train,16,0.0493222761532875,0.2220861908207881,0.03953897440737781,0.19884409573175113
511,1,train,2,0.029755672661468124,0.17249832654686284,0.03953897440737781,0.19884409573175113
511,-1,train,18,0.03953897440737781,0.19884409573175113,0.03953897440737781,0.19884409573175113
512,0,train,16,0.036676485992380034,0.19151105971295765,0.08376196100682917,0.28941658730423375
512,1,train,2,0.1308474360212783,0.36172840090498604,0.08376196100682917,0.28941658730423375
512,-1,train,18,0.08376196100682917,0.28941658730423375,0.08376196100682917,0.28941658730423375
513,0,train,16,0.052335814220278734,0.22877022144562156,0.02896397703792808,0.17018806373517525
513,1,train,2,0.005592139855577428,0.07478061149507556,0.02896397703792808,0.17018806373517525
513,-1,train,18,0.02896397703792808,0.17018806373517525,0.02896397703792808,0.17018806373517525
514,0,train,16,0.049459752546077124,0.22239548679340848,0.039005800541214934,0.1974988621263802
514,1,train,2,0.028551848536352748,0.1689729224945605,0.039005800541214934,0.1974988621263802
514,-1,train,18,0.039005800541214934,0.1974988621263802,0.039005800541214934,0.1974988621263802
515,0,train,16,0.037789565970901225,0.19439538567286319,0.07983432084191272,0.28254967853797447
515,1,train,2,0.12187907571292422,0.3491118384027162,0.07983432084191272,0.28254967853797447
515,-1,train,18,0.07983432084191272,0.28254967853797447,0.07983432084191272,0.28254967853797447
516,0,train,16,0.0521500697385439,0.22836389762513667,0.029611321770227784,0.17207940542153144
516,1,train,2,0.00707257380191167,0.08409859571902298,0.029611321770227784,0.17207940542153144
516,-1,train,18,0.029611321770227784,0.17207940542153144,0.029611321770227784,0.17207940542153144
517,0,train,16,0.03783002593826036,0.19449942400495782,0.07971084347433888,0.28233108839505944
517,1,train,2,0.12159166101041738,0.3486999584319123,0.07971084347433888,0.28233108839505944
517,-1,train,18,0.07971084347433888,0.28233108839505944,0.07971084347433888,0.28233108839505944
518,0,train,16,0.047001523263201964,0.21679834700292797,0.04775622284164824,0.2185319721268452
518,1,train,2,0.04851092242009451,0.22025195213685284,0.04775622284164824,0.2185319721268452
518,-1,train,18,0.04775622284164824,0.2185319721268452,0.04775622284164824,0.2185319721268452
519,0,train,16,0.037841566443358635,0.1945290889387976,0.07970464200061608,0.28232010555505266
519,1,train,2,0.12156771755787352,0.3486656242847487,0.07970464200061608,0.28232010555505266
519,-1,train,18,0.07970464200061608,0.28232010555505266,0.07970464200061608,0.28232010555505266
520,0,train,16,0.04162948568487759,0.20403305047192133,0.06639126117819057,0.2576650173737028
520,1,train,2,0.09115303667150354,0.3019156118379829,0.06639126117819057,0.2576650173737028
520,-1,train,18,0.06639126117819057,0.2576650173737028,0.06639126117819057,0.2576650173737028
521,0,train,16,0.040406477939495006,0.20101362625328414,0.07065356909052149,0.26580739096293293
521,1,train,2,0.10090066024154798,0.317648642750993,0.07065356909052149,0.26580739096293293
521,-1,train,18,0.07065356909052149,0.26580739096293293,0.07065356909052149,0.26580739096293293
522,0,train,16,0.03885099718177783,0.1971065630104128,0.07606752796005123,0.27580342267646213
522,1,train,2,0.11328405873832462,0.33657697297694716,0.07606752796005123,0.27580342267646213
522,-1,train,18,0.07606752796005123,0.27580342267646213,0.07606752796005123,0.27580342267646213
523,0,train,16,0.04144684500189806,0.20358498226022975,0.06695162141264357,0.25875011384083213
523,1,train,2,0.0924563978233891,0.3040664365289091,0.06695162141264357,0.25875011384083213
523,-1,train,18,0.06695162141264357,0.25875011384083213,0.06695162141264357,0.25875011384083213
524,0,train,16,0.05114060255816451,0.22614288084784917,0.03303797529499729,0.1817635147519911
524,1,train,2,0.014935348031830062,0.12221026156518143,0.03303797529499729,0.1817635147519911
524,-1,train,18,0.03303797529499729,0.1817635147519911,0.03303797529499729,0.1817635147519911
525,0,train,16,0.049547472605315376,0.22259261579242778,0.03860006742079225,0.19646899862520867
525,1,train,2,0.027652662236269127,0.1662908964323337,0.03860006742079225,0.19646899862520867
525,-1,train,18,0.03860006742079225,0.19646899862520867,0.03860006742079225,0.19646899862520867
526,0,train,16,0.03876552571286749,0.19688962825112827,0.07632607545606812,0.2762717420513146
526,1,train,2,0.11388662519926876,0.3374709249687575,0.07632607545606812,0.2762717420513146
526,-1,train,18,0.07632607545606812,0.2762717420513146,0.07632607545606812,0.2762717420513146
527,0,train,16,0.03794451745553708,0.19479352518894738,0.0791993948051955,0.28142387035430294
527,1,train,2,0.12045427215485394,0.3470652275219371,0.0791993948051955,0.28142387035430294
527,-1,train,18,0.0791993948051955,0.28142387035430294,0.0791993948051955,0.28142387035430294
528,0,train,16,0.05102499871736763,0.2258871371224303,0.033531015944026805,0.18311476167700627
528,1,train,2,0.016037033170685982,0.12663740825951067,0.033531015944026805,0.18311476167700627
528,-1,train,18,0.033531015944026805,0.18311476167700627,0.033531015944026805,0.18311476167700627
529,0,train,16,0.050757735442717625,0.2252947745570625,0.03444426625990399,0.1855916653837235
529,1,train,2,0.01813079707709035,0.13465064826093615,0.03444426625990399,0.1855916653837235
529,-1,train,18,0.03444426625990399,0.1855916653837235,0.03444426625990399,0.1855916653837235
530,0,train,16,0.05228327680074905,0.22865536687501792,0.029048301037920825,0.17043562138802096
530,1,train,2,0.005813325275092604,0.07624516558505598,0.029048301037920825,0.17043562138802096
530,-1,train,18,0.029048301037920825,0.17043562138802096,0.029048301037920825,0.17043562138802096
531,0,train,16,0.05224690576787873,0.2285758206107521,0.02909669678716984,0.17057753892927943
531,1,train,2,0.005946487806460952,0.07711347357278721,0.02909669678716984,0.17057753892927943
531,-1,train,18,0.02909669678716984,0.17057753892927943,0.02909669678716984,0.17057753892927943
532,0,train,16,0.052235644287191615,0.22855118526752735,0.02906736888222928,0.17049155076492584
532,1,train,2,0.005899093477266944,0.0768055562916313,0.02906736888222928,0.17049155076492584
532,-1,train,18,0.02906736888222928,0.17049155076492584,0.02906736888222928,0.17049155076492584
533,0,train,16,0.03886288849645759,0.19713672538737573,0.07583915288462621,0.27538909361960257
533,1,train,2,0.11281541727279483,0.3358800638215892,0.07583915288462621,0.27538909361960257
533,-1,train,18,0.07583915288462621,0.27538909361960257,0.07583915288462621,0.27538909361960257
534,0,train,16,0.04162340824780527,0.20401815666211004,0.06611370733003943,0.2571258589291233
534,1,train,2,0.09060400641227359,0.30100499399889297,0.06611370733003943,0.2571258589291233
534,-1,train,18,0.06611370733003943,0.2571258589291233,0.06611370733003943,0.2571258589291233
535,0,train,16,0.050998127949746674,0.225827650985761,0.03330936834795455,0.1825085432190903
535,1,train,2,0.015620608746162428,0.12498243375035721,0.03330936834795455,0.1825085432190903
535,-1,train,18,0.03330936834795455,0.1825085432190903,0.03330936834795455,0.1825085432190903
536,0,train,16,0.052226145362241794,0.22853040358394722,0.02896163225639493,0.17018117480025496
536,1,train,2,0.005697119150548069,0.07547926304984746,0.02896163225639493,0.17018117480025496
536,-1,train,18,0.02896163225639493,0.17018117480025496,0.02896163225639493,0.17018117480025496
537,0,train,16,0.05222942204871395,0.22853757250989157,0.028893828735142815,0.16998184825193194
537,1,train,2,0.005558235421571685,0.07455357417033528,0.028893828735142815,0.16998184825193194
537,-1,train,18,0.028893828735142815,0.16998184825193194,0.028893828735142815,0.16998184825193194
538,0,train,16,0.03869762249832531,0.19671711287614332,0.07622424585836726,0.2760873880827722
538,1,train,2,0.1137508692184092,0.337269727693443,0.07622424585836726,0.2760873880827722
538,-1,train,18,0.07622424585836726,0.2760873880827722,0.07622424585836726,0.2760873880827722
539,0,train,16,0.05119172788524597,0.2262558902774599,0.03244186674806261,0.18011625897753542
539,1,train,2,0.013692005610879248,0.11701284378596756,0.03244186674806261,0.18011625897753542
539,-1,train,18,0.03244186674806261,0.18011625897753542,0.03244186674806261,0.18011625897753542
540,0,train,16,0.05219829992879358,0.22846947264086198,0.028893831763855307,0.16998185716086087
540,1,train,2,0.005589363598917031,0.0747620465137026,0.028893831763855307,0.16998185716086087
540,-1,train,18,0.028893831763855307,0.16998185716086087,0.028893831763855307,0.16998185716086087
541,0,train,16,0.051219839534175894,0.22631800532475513,0.03229804729574898,0.17971657490545767
541,1,train,2,0.013376255057322059,0.11565576102089363,0.03229804729574898,0.17971657490545767
541,-1,train,18,0.03229804729574898,0.17971657490545767,0.03229804729574898,0.17971657490545767
542,0,train,16,0.04928777485361583,0.22200850175976555,0.03910243786338062,0.19774336363929035
542,1,train,2,0.02891710087314541,0.17005028924746177,0.03910243786338062,0.19774336363929035
542,-1,train,18,0.03910243786338062,0.19774336363929035,0.03910243786338062,0.19774336363929035
543,0,train,16,0.05092417913976734,0.22566386316769316,0.03319474806102421,0.182194259133004
543,1,train,2,0.015465316982281088,0.1243596276219943,0.03319474806102421,0.182194259133004
543,-1,train,18,0.03319474806102421,0.182194259133004,0.03319474806102421,0.182194259133004
544,0,train,16,0.04933844625203334,0.22212259284465716,0.0387128996755281,0.1967559393653165
544,1,train,2,0.028087353099022865,0.16759281935400117,0.0387128996755281,0.1967559393653165
544,-1,train,18,0.0387128996755281,0.1967559393653165,0.0387128996755281,0.1967559393653165
545,0,train,16,0.05093007800164904,0.22567693280804985,0.03294387053829859,0.1815044642379316
545,1,train,2,0.014957663074948151,0.12230152523557566,0.03294387053829859,0.1815044642379316
545,-1,train,18,0.03294387053829859,0.1815044642379316,0.03294387053829859,0.1815044642379316
546,0,train,16,0.051115789177101176,0.22608801201545645,0.032280611336674446,0.17966805875467806
546,1,train,2,0.01344543349624772,0.11595444578043448,0.032280611336674446,0.17966805875467806
546,-1,train,18,0.032280611336674446,0.17966805875467806,0.032280611336674446,0.17966805875467806
547,0,train,16,0.036565723242239695,0.19122165997145746,0.08316096600033414,0.28837643107635225
547,1,train,2,0.12975620875842858,0.36021689127306145,0.08316096600033414,0.28837643107635225
547,-1,train,18,0.08316096600033414,0.28837643107635225,0.08316096600033414,0.28837643107635225
548,0,train,16,0.05101980472405254,0.22587563995272386,0.032456829794892825,0.18015779137992569
548,1,train,2,0.013893854865733113,0.11787219717021107,0.032456829794892825,0.18015779137992569
548,-1,train,18,0.032456829794892825,0.18015779137992569,0.032456829794892825,0.18015779137992569
549,0,train,16,0.03856066250726252,0.1963686902417555,0.07602661176817882,0.275729236331911
549,1,train,2,0.11349256102909513,0.33688656997436855,0.07602661176817882,0.275729236331911
549,-1,train,18,0.07602661176817882,0.275729236331911,0.07602661176817882,0.275729236331911
550,0,train,16,0.027786558839327912,0.16669300776975593,0.11368225746102478,0.3371679959026728
550,1,train,2,0.19957795608272166,0.446741486860938,0.11368225746102478,0.3371679959026728
550,-1,train,18,0.11368225746102478,0.3371679959026728,0.11368225746102478,0.3371679959026728
551,0,train,16,0.050948864236819935,0.22571855093638168,0.032655763087336476,0.18070905646186214
551,1,train,2,0.014362661937853016,0.11984432376150744,0.032655763087336476,0.18070905646186214
551,-1,train,18,0.032655763087336476,0.18070905646186214,0.032655763087336476,0.18070905646186214
552,0,train,16,0.05200348623224492,0.22804272896158062,0.028906494504583848,0.17001910041105336
552,1,train,2,0.00580950277692278,0.0762200943119515,0.028906494504583848,0.17001910041105336
552,-1,train,18,0.028906494504583848,0.17001910041105336,0.028906494504583848,0.17001910041105336
553,0,train,16,0.038510658637994986,0.1962413275484932,0.07608992779245073,0.27584402801665064
553,1,train,2,0.11366919694690647,0.33714862738398693,0.07608992779245073,0.27584402801665064
553,-1,train,18,0.07608992779245073,0.27584402801665064,0.07608992779245073,0.27584402801665064
554,0,train,16,0.04920818250454014,0.22182917415105738,0.038623436309749584,0.1965284618312309
554,1,train,2,0.02803869011495902,0.16744757422835072,0.038623436309749584,0.1965284618312309
554,-1,train,18,0.038623436309749584,0.1965284618312309,0.038623436309749584,0.1965284618312309
555,0,train,16,0.04924063973141635,0.2219023202479333,0.03849835878064049,0.19620998644472837
555,1,train,2,0.027756077829864646,0.16660155410398983,0.03849835878064049,0.19620998644472837
555,-1,train,18,0.03849835878064049,0.19620998644472837,0.03849835878064049,0.19620998644472837
556,0,train,16,0.05171241564670028,0.22740364035498703,0.02986925734140796,0.17282724710359754
556,1,train,2,0.008026099036115638,0.08958849834725235,0.02986925734140796,0.17282724710359754
556,-1,train,18,0.02986925734140796,0.17282724710359754,0.02986925734140796,0.17282724710359754
557,0,train,16,0.051866867055196164,0.22774298464540277,0.02931437946492518,0.17121442539962917
557,1,train,2,0.006761891874654194,0.08223072342290437,0.02931437946492518,0.17121442539962917
557,-1,train,18,0.02931437946492518,0.17121442539962917,0.02931437946492518,0.17121442539962917
558,0,train,16,0.0506116906884294,0.224970421807911,0.03372244258430297,0.18363671360679207
558,1,train,2,0.016833194480176544,0.12974280126533627,0.03372244258430297,0.18363671360679207
558,-1,train,18,0.03372244258430297,0.18363671360679207,0.03372244258430297,0.18363671360679207
559,0,train,16,0.038426790261455956,0.1960275242445712,0.07633195962895764,0.2762823910946147
559,1,train,2,0.11423712899645933,0.33798983564074725,0.07633195962895764,0.2762823910946147
559,-1,train,18,0.07633195962895764,0.2762823910946147,0.07633195962895764,0.2762823910946147
560,0,train,16,0.051985886763418455,0.22800413760153226,0.02881322032975038,0.16974457378588095
560,1,train,2,0.005640553896082305,0.07510362105839043,0.02881322032975038,0.16974457378588095
560,-1,train,18,0.02881322032975038,0.16974457378588095,0.02881322032975038,0.16974457378588095
561,0,train,16,0.05097590199785107,0.22577843563514002,0.03231296814888246,0.17975808229084572
561,1,train,2,0.013650034299913844,0.11683336124546723,0.03231296814888246,0.17975808229084572
561,-1,train,18,0.03231296814888246,0.17975808229084572,0.03231296814888246,0.17975808229084572
562,0,train,16,0.04920518963946072,0.2218224281705092,0.03848280261334125,0.19617034080956594
562,1,train,2,0.02776041558722178,0.16661457195342125,0.03848280261334125,0.19617034080956594
562,-1,train,18,0.03848280261334125,0.19617034080956594,0.03848280261334125,0.19617034080956594
563,0,train,16,0.051760662785440614,0.22750969822282438,0.029517502842159465,0.17180658556108805
563,1,train,2,0.007274342898878317,0.0852897584641809,0.029517502842159465,0.17180658556108805
563,-1,train,18,0.029517502842159465,0.17180658556108805,0.029517502842159465,0.17180658556108805
564,0,train,16,0.038424895145003794,0.19602269038303652,0.07618362831679994,0.27601381906853856
564,1,train,2,0.11394236148859607,0.33755349426216297,0.07618362831679994,0.27601381906853856
564,-1,train,18,0.07618362831679994,0.27601381906853856,0.07618362831679994,0.27601381906853856
565,0,train,16,0.05100058249931214,0.22583308548419592,0.0321451384137139,0.17929065344772968
565,1,train,2,0.013289694328115654,0.11528093653382442,0.0321451384137139,0.17929065344772968
565,-1,train,18,0.0321451384137139,0.17929065344772968,0.0321451384137139,0.17929065344772968
566,0,train,16,0.04844471363309634,0.22010159843376045,0.04116590529230123,0.20289382763480318
566,1,train,2,0.033887096951506115,0.18408448319048,0.04116590529230123,0.20289382763480318
566,-1,train,18,0.04116590529230123,0.20289382763480318,0.04116590529230123,0.20289382763480318
567,0,train,16,0.049064161457221624,0.2215043147598295,0.03890404399150624,0.19724108089215653
567,1,train,2,0.02874392652579085,0.16954033893380907,0.03890404399150624,0.19724108089215653
567,-1,train,18,0.03890404399150624,0.19724108089215653,0.03890404399150624,0.19724108089215653
568,0,train,16,0.05076966173366656,0.22532124119502484,0.032828113177908964,0.18118530066732502
568,1,train,2,0.014886564622151368,0.12201051029379137,0.032828113177908964,0.18118530066732502
568,-1,train,18,0.032828113177908964,0.18118530066732502,0.032828113177908964,0.18118530066732502
569,0,train,16,0.038499231149833724,0.19621220948206491,0.07575651933251619,0.27523902218347635
569,1,train,2,0.11301380751519866,0.33617526309233203,0.07575651933251619,0.27523902218347635
569,-1,train,18,0.07575651933251619,0.27523902218347635,0.07575651933251619,0.27523902218347635
570,0,train,16,0.049332194330643876,0.2221085192662449,0.03770178064444156,0.19416946372805782
570,1,train,2,0.02607136695823925,0.16146630285678573,0.03770178064444156,0.19416946372805782
570,-1,train,18,0.03770178064444156,0.19416946372805782,0.03770178064444156,0.19416946372805782
571,0,train,16,0.03827451515905825,0.1956387363459963,0.07640032328837815,0.27640608402923794
571,1,train,2,0.11452613141769805,0.3384170968164848,0.07640032328837815,0.27640608402923794
571,-1,train,18,0.07640032328837815,0.27640608402923794,0.07640032328837815,0.27640608402923794
572,0,train,16,0.0507794458670782,0.22534295166940146,0.032460604648441006,0.18016826759571455
572,1,train,2,0.014141763429803816,0.11891914660728026,0.032460604648441006,0.18016826759571455
572,-1,train,18,0.032460604648441006,0.18016826759571455,0.032460604648441006,0.18016826759571455
573,0,train,16,0.051861963698086,0.22773221927976287,0.028660173795760163,0.1692931593294902
573,1,train,2,0.00545838389343432,0.07388087637159105,0.028660173795760163,0.1692931593294902
573,-1,train,18,0.028660173795760163,0.1692931593294902,0.028660173795760163,0.1692931593294902
574,0,train,16,0.05158658736450651,0.227126808995562,0.029555301266610934,0.17191655320710375
574,1,train,2,0.007524015168715354,0.08674108120559343,0.029555301266610934,0.17191655320710375
574,-1,train,18,0.029555301266610934,0.17191655320710375,0.029555301266610934,0.17191655320710375
575,0,train,16,0.047956267121182616,0.21898919407400588,0.04224837868937833,0.20554410400052425
575,1,train,2,0.03654049025757404,0.19115567022082824,0.04224837868937833,0.20554410400052425
575,-1,train,18,0.04224837868937833,0.20554410400052425,0.04224837868937833,0.20554410400052425
576,0,train,16,0.05169302207483273,0.2273609950603505,0.029098666606755162,0.1705833128027333
576,1,train,2,0.006504311138677596,0.08064930959826994,0.029098666606755162,0.1705833128027333
576,-1,train,18,0.029098666606755162,0.1705833128027333,0.029098666606755162,0.1705833128027333
577,0,train,16,0.051687039330265395,0.22734783775146267,0.02908010040145777,0.17052888436114796
577,1,train,2,0.006473161472650149,0.08045595983300521,0.02908010040145777,0.17052888436114796
577,-1,train,18,0.02908010040145777,0.17052888436114796,0.02908010040145777,0.17052888436114796
578,0,train,16,0.051606744409826,0.2271711786513113,0.029324023568347443,0.1712425869004187
578,1,train,2,0.007041302726868881,0.08391247062784458,0.029324023568347443,0.1712425869004187
578,-1,train,18,0.029324023568347443,0.1712425869004187,0.029324023568347443,0.1712425869004187
579,0,train,16,0.03726166170998933,0.19303279957040806,0.07951906419775948,0.28199124844179024
579,1,train,2,0.12177646668552962,0.34896485021493157,0.07951906419775948,0.28199124844179024
579,-1,train,18,0.07951906419775948,0.28199124844179024,0.07951906419775948,0.28199124844179024
580,0,train,16,0.049781505319765905,0.2231176938742553,0.03564022310421955,0.18878618356283267
580,1,train,2,0.02149894088867319,0.14662517140202494,0.03564022310421955,0.18878618356283267
580,-1,train,18,0.03564022310421955,0.18878618356283267,0.03564022310421955,0.18878618356283267
581,0,train,16,0.04001198307082375,0.20002995543373936,0.06979559342672095,0.2641885565779126
581,1,train,2,0.09957920378261814,0.3155617273729787,0.06979559342672095,0.2641885565779126
581,-1,train,18,0.06979559342672095,0.2641885565779126,0.06979559342672095,0.2641885565779126
582,0,train,16,0.037171556753527964,0.19279926543824788,0.07976932514016839,0.2824346387045477
582,1,train,2,0.12236709352680883,0.349810082082848,0.07976932514016839,0.2824346387045477
582,-1,train,18,0.07976932514016839,0.2824346387045477,0.07976932514016839,0.2824346387045477
583,0,train,16,0.051752567520221546,0.22749190649388287,0.028688303694425255,0.1693762193887479
583,1,train,2,0.005624039868628965,0.07499359885102838,0.028688303694425255,0.1693762193887479
583,-1,train,18,0.028688303694425255,0.1693762193887479,0.028688303694425255,0.1693762193887479
584,0,train,16,0.03813003263520711,0.19526912873059865,0.07634329729125265,0.2763029085826869
584,1,train,2,0.1145565619472982,0.33846205392524903,0.07634329729125265,0.2763029085826869
584,-1,train,18,0.07634329729125265,0.2763029085826869,0.07634329729125265,0.2763029085826869
585,0,train,16,0.05151528926909758,0.2269697981430516,0.029457915871447984,0.17163308501407293
585,1,train,2,0.0074005424737983855,0.08602640567754988,0.029457915871447984,0.17163308501407293
585,-1,train,18,0.029457915871447984,0.17163308501407293,0.029457915871447984,0.17163308501407293
586,0,train,16,0.027271257103679718,0.16514011355112881,0.11427219698721422,0.33804170894612134
586,1,train,2,0.20127313687074871,0.44863474772998657,0.11427219698721422,0.33804170894612134
586,-1,train,18,0.11427219698721422,0.33804170894612134,0.11427219698721422,0.33804170894612134
587,0,train,16,0.051580665210288965,0.22711377151174467,0.029154641668590324,0.17074730354705553
587,1,train,2,0.006728618126891686,0.08202815447693362,0.029154641668590324,0.17074730354705553
587,-1,train,18,0.029154641668590324,0.17074730354705553,0.029154641668590324,0.17074730354705553
588,0,train,16,0.035259314857250396,0.1877746384825448,0.08618765313545065,0.29357733757129595
588,1,train,2,0.1371159914136509,0.37029176525228175,0.08618765313545065,0.29357733757129595
588,-1,train,18,0.08618765313545065,0.29357733757129595,0.08618765313545065,0.29357733757129595
589,0,train,16,0.05157648953822429,0.2271045784175746,0.029087308916050988,0.17055001880988166
589,1,train,2,0.006598128293877686,0.0812288636746673,0.029087308916050988,0.17055001880988166
589,-1,train,18,0.029087308916050988,0.17055001880988166,0.029087308916050988,0.17055001880988166
590,0,train,16,0.05160473744203285,0.22716676130550625,0.02893964050915145,0.17011654978029458
590,1,train,2,0.006274543576270048,0.07921201661534724,0.02893964050915145,0.17011654978029458
590,-1,train,18,0.02893964050915145,0.17011654978029458,0.02893964050915145,0.17011654978029458
591,0,train,16,0.03814228561160967,0.19530050079712974,0.07599720114404641,0.27567589873626314
591,1,train,2,0.11385211667648316,0.33741979295305596,0.07599720114404641,0.27567589873626314
591,-1,train,18,0.07599720114404641,0.27567589873626314,0.07599720114404641,0.27567589873626314
592,0,train,16,0.02365668985529875,0.15380731405007614,0.12662967873896552,0.355850641054594
592,1,train,2,0.2296026676226323,0.47916872563078683,0.12662967873896552,0.355850641054594
592,-1,train,18,0.12662967873896552,0.355850641054594,0.12662967873896552,0.355850641054594
593,0,train,16,0.03821406249215674,0.19548417453123088,0.07565514492811895,0.27505480349944617
593,1,train,2,0.11309622736408118,0.33629782539303044,0.07565514492811895,0.27505480349944617
593,-1,train,18,0.07565514492811895,0.27505480349944617,0.07565514492811895,0.27505480349944617
594,0,train,16,0.04946608280582743,0.22240971832594778,0.03650342710972443,0.19105870069097725
594,1,train,2,0.023540771413621424,0.15343002122668634,0.03650342710972443,0.19105870069097725
594,-1,train,18,0.03650342710972443,0.19105870069097725,0.03650342710972443,0.19105870069097725
595,0,train,16,0.04940594185115926,0.2222744741331295,0.036555982592462025,0.19119618874983368
595,1,train,2,0.023706023333764786,0.1539676048192112,0.036555982592462025,0.19119618874983368
595,-1,train,18,0.036555982592462025,0.19119618874983368,0.036555982592462025,0.19119618874983368
596,0,train,16,0.051549760545343715,0.22704572346852014,0.028998942269408398,0.17029075802699453
596,1,train,2,0.006448123993473082,0.08030021166518231,0.028998942269408398,0.17029075802699453
596,-1,train,18,0.028998942269408398,0.17029075802699453,0.028998942269408398,0.17029075802699453
597,0,train,16,0.050624560464737935,0.22499902325285312,0.03213659592662739,0.17926682885193063
597,1,train,2,0.013648631388516847,0.11682735719221267,0.03213659592662739,0.17926682885193063
597,-1,train,18,0.03213659592662739,0.17926682885193063,0.03213659592662739,0.17926682885193063
598,0,train,16,0.05143904658776227,0.226801778184745,0.029271203105658544,0.17108829038148268
598,1,train,2,0.007103359623554814,0.08428143107206244,0.029271203105658544,0.17108829038148268
598,-1,train,18,0.029271203105658544,0.17108829038148268,0.029271203105658544,0.17108829038148268
599,0,train,16,0.05059245177105369,0.22492765897295444,0.032211165701522534,0.1794746937635569
599,1,train,2,0.013829879631991374,0.11760050863831914,0.032211165701522534,0.1794746937635569
599,-1,train,18,0.032211165701522534,0.1794746937635569,0.032211165701522534,0.1794746937635569
600,0,train,16,0.05140618007213389,0.22672931013023856,0.02930153239050806,0.17117690378818068
600,1,train,2,0.007196884708882229,0.08483445472732308,0.02930153239050806,0.17117690378818068
600,-1,train,18,0.02930153239050806,0.17117690378818068,0.02930153239050806,0.17117690378818068
601,0,train,16,0.05063889333524259,0.2250308719603659,0.03193297525797694,0.17869800015102838
601,1,train,2,0.01322705718071129,0.11500894391616372,0.03193297525797694,0.17869800015102838
601,-1,train,18,0.03193297525797694,0.17869800015102838,0.03193297525797694,0.17869800015102838
602,0,train,16,0.050675826305618864,0.2251129190109241,0.031754258566937574,0.17819724623836805
602,1,train,2,0.01283269082825628,0.11328146727623314,0.031754258566937574,0.17819724623836805
602,-1,train,18,0.031754258566937574,0.17819724623836805,0.031754258566937574,0.17819724623836805
603,0,train,16,0.040835279704237726,0.20207741017797543,0.06625342061415876,0.2573973982272524
603,1,train,2,0.09167156152407978,0.3027731188928102,0.06625342061415876,0.2573973982272524
603,-1,train,18,0.06625342061415876,0.2573973982272524,0.06625342061415876,0.2573973982272524
604,0,train,16,0.050710001901447664,0.2251888138905831,0.03159923245085045,0.17776172943254814
604,1,train,2,0.012488463000253245,0.11175179193307481,0.03159923245085045,0.17776172943254814
604,-1,train,18,0.03159923245085045,0.17776172943254814,0.03159923245085045,0.17776172943254814
605,0,train,16,0.03990598406159238,0.1997648218821131,0.06940940842542931,0.2634566537884919
605,1,train,2,0.09891283278926624,0.31450410615644786,0.06940940842542931,0.2634566537884919
605,-1,train,18,0.06940940842542931,0.2634566537884919,0.06940940842542931,0.2634566537884919
606,0,train,16,0.03700535447775438,0.1923677584153706,0.0795815013866829,0.2821019343901826
606,1,train,2,0.12215764829561142,0.3495105839536357,0.0795815013866829,0.2821019343901826
606,-1,train,18,0.0795815013866829,0.2821019343901826,0.0795815013866829,0.2821019343901826
607,0,train,16,0.03781628132473568,0.19446408749364413,0.0766971469328978,0.2769424975205102
607,1,train,2,0.1155780125410599,0.33996766396388334,0.0766971469328978,0.2769424975205102
607,-1,train,18,0.0766971469328978,0.2769424975205102,0.0766971469328978,0.2769424975205102
608,0,train,16,0.048955082114274635,0.22125795378759752,0.03772300243005065,0.19422410362787276
608,1,train,2,0.02649092274582667,0.16276032300848592,0.03772300243005065,0.19422410362787276
608,-1,train,18,0.03772300243005065,0.19422410362787276,0.03772300243005065,0.19422410362787276
609,0,train,16,0.051255788687479244,0.2263974131642834,0.02961159974495709,0.17208021311283028
609,1,train,2,0.007967410802434936,0.08926035403489578,0.02961159974495709,0.17208021311283028
609,-1,train,18,0.02961159974495709,0.17208021311283028,0.02961159974495709,0.17208021311283028
610,0,train,16,0.03507798125933096,0.1872911670616929,0.0863139802053233,0.29379241005397555
610,1,train,2,0.13754997915131564,0.37087731010580255,0.0863139802053233,0.29379241005397555
610,-1,train,18,0.0863139802053233,0.29379241005397555,0.0863139802053233,0.29379241005397555
611,0,train,16,0.05155475911128504,0.22705673104157262,0.02859984122930319,0.16911487583682042
611,1,train,2,0.005644923347321338,0.07513270491151865,0.02859984122930319,0.16911487583682042
611,-1,train,18,0.02859984122930319,0.16911487583682042,0.02859984122930319,0.16911487583682042
612,0,train,16,0.05149492540551491,0.2269249334152484,0.028782753040065043,0.1696548055318948
612,1,train,2,0.006070580674615175,0.07791393119728444,0.028782753040065043,0.1696548055318948
612,-1,train,18,0.028782753040065043,0.1696548055318948,0.028782753040065043,0.1696548055318948
613,0,train,16,0.04865039068490752,0.22056833563525732,0.03870197217715071,0.19672816823513278
613,1,train,2,0.028753553669393896,0.1695687284536683,0.03870197217715071,0.19672816823513278
613,-1,train,18,0.03870197217715071,0.19672816823513278,0.03870197217715071,0.19672816823513278
614,0,train,16,0.036825754076333886,0.19190037539393687,0.08003647392943465,0.28290718253419206
614,1,train,2,0.12324719378253542,0.3510657969420197,0.08003647392943465,0.28290718253419206
614,-1,train,18,0.08003647392943465,0.28290718253419206,0.08003647392943465,0.28290718253419206
615,0,train,16,0.051507262878161965,0.22695211582658129,0.02859410662764677,0.16909792023453976
615,1,train,2,0.005680950377131575,0.07537207955955291,0.02859410662764677,0.16909792023453976
615,-1,train,18,0.02859410662764677,0.16909792023453976,0.02859410662764677,0.16909792023453976
616,0,train,16,0.03779076136458363,0.19439846029375757,0.0765240315507715,0.2766297734351303
616,1,train,2,0.11525730173695936,0.33949565790589925,0.0765240315507715,0.2766297734351303
616,-1,train,18,0.0765240315507715,0.2766297734351303,0.0765240315507715,0.2766297734351303
617,0,train,16,0.05146377355297299,0.22685628391775484,0.028605188298712173,0.1691306840839715
617,1,train,2,0.0057466030444513535,0.07580635226978906,0.028605188298712173,0.1691306840839715
617,-1,train,18,0.028605188298712173,0.1691306840839715,0.028605188298712173,0.1691306840839715
618,0,train,16,0.04969621619304577,0.22292648158764308,0.034812977166013136,0.18658236027559824
618,1,train,2,0.019929738138980503,0.14117272448663906,0.034812977166013136,0.18658236027559824
618,-1,train,18,0.034812977166013136,0.18658236027559824,0.034812977166013136,0.18658236027559824
619,0,train,16,0.051459068206440875,0.2268459129154433,0.028509588049808247,0.16884782512608282
619,1,train,2,0.005560107893175621,0.07456613100581001,0.028509588049808247,0.16884782512608282
619,-1,train,18,0.028509588049808247,0.16884782512608282,0.028509588049808247,0.16884782512608282
620,0,train,16,0.05038938104746597,0.22447579167354767,0.03222281155738395,0.17950713511552668
620,1,train,2,0.014056242067301921,0.11855902355916197,0.03222281155738395,0.17950713511552668
620,-1,train,18,0.03222281155738395,0.17950713511552668,0.03222281155738395,0.17950713511552668
621,0,train,16,0.051184803036958014,0.2262405866261799,0.029393705621744017,0.17144592623257054
621,1,train,2,0.007602608206530021,0.0871929366779788,0.029393705621744017,0.17144592623257054
621,-1,train,18,0.029393705621744017,0.17144592623257054,0.029393705621744017,0.17144592623257054
622,0,train,16,0.048544159377761624,0.2203273913469717,0.03860444882528089,0.19648014867991345
622,1,train,2,0.028664738272800156,0.1693066397776536,0.03860444882528089,0.19648014867991345
622,-1,train,18,0.03860444882528089,0.19648014867991345,0.03860444882528089,0.19648014867991345
623,0,train,16,0.03882556165161498,0.19704203016517816,0.07261755694003598,0.2694764496946551
623,1,train,2,0.10640955222845698,0.32620477039500356,0.07261755694003598,0.2694764496946551
623,-1,train,18,0.07261755694003598,0.2694764496946551,0.07261755694003598,0.2694764496946551
624,0,train,16,0.051324305650465196,0.22654868273831388,0.02879487545743765,0.1696905284847615
624,1,train,2,0.006265445264410106,0.07915456565739026,0.02879487545743765,0.1696905284847615
624,-1,train,18,0.02879487545743765,0.1696905284847615,0.02879487545743765,0.1696905284847615
625,0,train,16,0.04059922454556316,0.20149249252903484,0.06632164337380476,0.25752988831163803
625,1,train,2,0.09204406220204638,0.3033876434564308,0.06632164337380476,0.25752988831163803
625,-1,train,18,0.06632164337380476,0.25752988831163803,0.06632164337380476,0.25752988831163803
626,0,train,16,0.04047552982162332,0.20118531214187413,0.06670385018329608,0.2582708852799635
626,1,train,2,0.09293217054496884,0.3048477825816826,0.06670385018329608,0.2582708852799635
626,-1,train,18,0.06670385018329608,0.2582708852799635,0.06670385018329608,0.2582708852799635
627,0,train,16,0.04852049576770866,0.22027368378385254,0.03849756036021862,0.19620795182718415
627,1,train,2,0.028474624952728584,0.16874425902154,0.03849756036021862,0.19620795182718415
627,-1,train,18,0.03849756036021862,0.19620795182718415,0.03849756036021862,0.19620795182718415
628,0,train,16,0.04853205694551945,0.22029992497846987,0.03840290941449244,0.19596660280387687
628,1,train,2,0.02827376188346542,0.168148035621786,0.03840290941449244,0.19596660280387687
628,-1,train,18,0.03840290941449244,0.19596660280387687,0.03840290941449244,0.19596660280387687
629,0,train,16,0.037745098321321745,0.1942809777649931,0.07609112046948491,0.27584618987668635
629,1,train,2,0.11443714261764808,0.33828559327533897,0.07609112046948491,0.27584618987668635
629,-1,train,18,0.07609112046948491,0.27584618987668635,0.07609112046948491,0.27584618987668635
630,0,train,16,0.04951370124852629,0.22251674374870375,0.0349891524775338,0.18705387586878225
630,1,train,2,0.020464603706541313,0.14305454801068476,0.0349891524775338,0.18705387586878225
630,-1,train,18,0.0349891524775338,0.18705387586878225,0.0349891524775338,0.18705387586878225
631,0,train,16,0.05120752866966327,0.22629080553496483,0.02891474513357165,0.1700433625096012
631,1,train,2,0.006621961597480025,0.0813754360816581,0.02891474513357165,0.1700433625096012
631,-1,train,18,0.02891474513357165,0.1700433625096012,0.02891474513357165,0.1700433625096012
632,0,train,16,0.05019049329772405,0.22403234877518036,0.03243632632304131,0.1801008781850919
632,1,train,2,0.014682159348358575,0.12116996058577627,0.03243632632304131,0.1801008781850919
632,-1,train,18,0.03243632632304131,0.1801008781850919,0.03243632632304131,0.1801008781850919
633,0,train,16,0.04057556164322205,0.20143376490355844,0.0660537829678969,0.2570093052165561
633,1,train,2,0.09153200429257177,0.30254256608380214,0.0660537829678969,0.2570093052165561
633,-1,train,18,0.0660537829678969,0.2570093052165561,0.0660537829678969,0.2570093052165561
634,0,train,16,0.05125559196926838,0.22639697871055695,0.02863706263632601,0.16922488775687225
634,1,train,2,0.0060185333033836415,0.0775792066431698,0.02863706263632601,0.16922488775687225
634,-1,train,18,0.02863706263632601,0.16922488775687225,0.02863706263632601,0.16922488775687225
635,0,train,16,0.05044647656825794,0.22460293089863706,0.03144661807086817,0.17733194317682352
635,1,train,2,0.012446759573478395,0.11156504637868617,0.03144661807086817,0.17733194317682352
635,-1,train,18,0.03144661807086817,0.17733194317682352,0.03144661807086817,0.17733194317682352
636,0,train,16,0.05129523008113286,0.22648450296020886,0.028421714314289248,0.16858740852830395
636,1,train,2,0.005548198547445637,0.07448623058959043,0.028421714314289248,0.16858740852830395
636,-1,train,18,0.028421714314289248,0.16858740852830395,0.028421714314289248,0.16858740852830395
637,0,train,16,0.04844847139951303,0.22011013470422716,0.03835355013269625,0.19584062431655044
637,1,train,2,0.02825862886587947,0.16810303050772007,0.03835355013269625,0.19584062431655044
637,-1,train,18,0.03835355013269625,0.19584062431655044,0.03835355013269625,0.19584062431655044
638,0,train,16,0.05022746842853024,0.2241148554391927,0.03210700834389478,0.17918428598483402
638,1,train,2,0.013986548259259324,0.11826473802135327,0.03210700834389478,0.17918428598483402
638,-1,train,18,0.03210700834389478,0.17918428598483402,0.03210700834389478,0.17918428598483402
639,0,train,16,0.04753656982809114,0.2180288279748601,0.04147533257229308,0.20365493505509039
639,1,train,2,0.03541409531649501,0.1881863313753021,0.04147533257229308,0.20365493505509039
639,-1,train,18,0.04147533257229308,0.20365493505509039,0.04147533257229308,0.20365493505509039
640,0,train,16,0.04846133363361516,0.22013935048876465,0.03822780934178878,0.1955193323990975
640,1,train,2,0.027994285049962396,0.16731492775590107,0.03822780934178878,0.1955193323990975
640,-1,train,18,0.03822780934178878,0.1955193323990975,0.03822780934178878,0.1955193323990975
641,0,train,16,0.037622007851150205,0.19396393440830748,0.07613441382937004,0.2759246524494867
641,1,train,2,0.11464681980758988,0.3385953629446066,0.07613441382937004,0.2759246524494867
641,-1,train,18,0.07613441382937004,0.2759246524494867,0.07613441382937004,0.2759246524494867
642,0,train,16,0.05118067811718324,0.2262314702184098,0.028637799382117232,0.16922706456745396
642,1,train,2,0.006094920647051223,0.07806997276194749,0.028637799382117232,0.16922706456745396
642,-1,train,18,0.028637799382117232,0.16922706456745396,0.028637799382117232,0.16922706456745396
643,0,train,16,0.03753659388391932,0.19374362927311783,0.0763556885954455,0.2763253310781433
643,1,train,2,0.1151747833069717,0.33937410523929445,0.0763556885954455,0.2763253310781433
643,-1,train,18,0.0763556885954455,0.2763253310781433,0.0763556885954455,0.2763253310781433
644,0,train,16,0.049308892662379956,0.22205605747734053,0.03516308278931055,0.1875182198862568
644,1,train,2,0.021017272916241152,0.1449733524349946,0.03516308278931055,0.1875182198862568
644,-1,train,18,0.03516308278931055,0.1875182198862568,0.03516308278931055,0.1875182198862568
645,0,train,16,0.04842161685688571,0.22004912373578248,0.03820164301322389,0.195452406005206
645,1,train,2,0.027981669169562063,0.16727722250671806,0.03820164301322389,0.195452406005206
645,-1,train,18,0.03820164301322389,0.195452406005206,0.03820164301322389,0.195452406005206
646,0,train,16,0.047499750729543724,0.21794437531063682,0.04137556351823908,0.20340984125218495
646,1,train,2,0.03525137630693443,0.1877534987874645,0.04137556351823908,0.20340984125218495
646,-1,train,18,0.04137556351823908,0.20340984125218495,0.04137556351823908,0.20340984125218495
647,0,train,16,0.0511725167612914,0.22621343187638393,0.02850332122877282,0.1688292665054635
647,1,train,2,0.005834125696254247,0.0763814486394062,0.02850332122877282,0.1688292665054635
647,-1,train,18,0.02850332122877282,0.1688292665054635,0.02850332122877282,0.1688292665054635
648,0,train,16,0.05039889314877377,0.2244969780392907,0.03116626565377384,0.17653969993679564
648,1,train,2,0.011933638158773904,0.10924119259132016,0.03116626565377384,0.17653969993679564
648,-1,train,18,0.03116626565377384,0.17653969993679564,0.03116626565377384,0.17653969993679564
649,0,train,16,0.03662614164476747,0.19137957478468665,0.0793882902282531,0.28175927709350246
649,1,train,2,0.12215043881173873,0.34950027011683227,0.0793882902282531,0.28175927709350246
649,-1,train,18,0.0793882902282531,0.28175927709350246,0.0793882902282531,0.28175927709350246
650,0,train,16,0.05016420019401093,0.22397365959864773,0.031957454731815306,0.17876648100752923
650,1,train,2,0.013750709269619677,0.11726341829240557,0.031957454731815306,0.17876648100752923
650,-1,train,18,0.031957454731815306,0.17876648100752923,0.031957454731815306,0.17876648100752923
651,0,train,16,0.050189776205631365,0.22403074834859468,0.03183151043189981,0.17841387398938405
651,1,train,2,0.013473244658168246,0.1160743066236807,0.03183151043189981,0.17841387398938405
651,-1,train,18,0.03183151043189981,0.17841387398938405,0.03183151043189981,0.17841387398938405
652,0,train,16,0.03762746304442994,0.19397799628934706,0.07575816949504875,0.27524201985715907
652,1,train,2,0.11388887594566757,0.33747425967867173,0.07575816949504875,0.27524201985715907
652,-1,train,18,0.07575816949504875,0.27524201985715907,0.07575816949504875,0.27524201985715907
653,0,train,16,0.03762551029245835,0.19397296278723578,0.07570228687716504,0.27514048571078203
653,1,train,2,0.11377906346187175,0.33731152287147226,0.07570228687716504,0.27514048571078203
653,-1,train,18,0.07570228687716504,0.27514048571078203,0.07570228687716504,0.27514048571078203
654,0,train,16,0.04934895882781354,0.22214625548906633,0.03474141601796967,0.18639049336800864
654,1,train,2,0.02013387320812581,0.14189388009398365,0.03474141601796967,0.18639049336800864
654,-1,train,18,0.03474141601796967,0.18639049336800864,0.03474141601796967,0.18639049336800864
655,0,train,16,0.05103519981729574,0.22590971607546176,0.02870502272412298,0.16942556691397842
655,1,train,2,0.00637484563095022,0.07984263041101677,0.02870502272412298,0.16942556691397842
655,-1,train,18,0.02870502272412298,0.16942556691397842,0.02870502272412298,0.16942556691397842
656,0,train,16,0.03754822155531541,0.1937736348302199,0.07588153904154976,0.27546603972459066
656,1,train,2,0.1142148565277841,0.33795688560493053,0.07588153904154976,0.27546603972459066
656,-1,train,18,0.07588153904154976,0.27546603972459066,0.07588153904154976,0.27546603972459066
657,0,train,16,0.05087635303225169,0.22555787069453304,0.02919640962862883,0.1708695690537927
657,1,train,2,0.007516466225005969,0.08669755604978706,0.02919640962862883,0.1708695690537927
657,-1,train,18,0.02919640962862883,0.1708695690537927,0.02919640962862883,0.1708695690537927
658,0,train,16,0.0347303967104991,0.18636093128791534,0.0856579484994014,0.2926737919585582
658,1,train,2,0.1365855002883037,0.3695747560214357,0.0856579484994014,0.2926737919585582
658,-1,train,18,0.0856579484994014,0.2926737919585582,0.0856579484994014,0.2926737919585582
659,0,train,16,0.05099777488352455,0.22582686926830595,0.028691739706431737,0.1693863622209053
659,1,train,2,0.006385704529338924,0.07991060335987286,0.028691739706431737,0.1693863622209053
659,-1,train,18,0.028691739706431737,0.1693863622209053,0.028691739706431737,0.1693863622209053
660,0,train,16,0.04925773409302491,0.2219408346677666,0.034791173323869926,0.1865239215861331
660,1,train,2,0.020324612554714943,0.1425644154574168,0.034791173323869926,0.1865239215861331
660,-1,train,18,0.034791173323869926,0.1865239215861331,0.034791173323869926,0.1865239215861331
661,0,train,16,0.036617585595719974,0.1913572198682871,0.07895236576828789,0.28098463617836456
661,1,train,2,0.12128714594085581,0.3482630413076527,0.07895236576828789,0.28098463617836456
661,-1,train,18,0.07895236576828789,0.28098463617836456,0.07895236576828789,0.28098463617836456
662,0,train,16,0.037482140932331647,0.19360304990451893,0.07587061308246928,0.27544620723921626
662,1,train,2,0.11425908523260693,0.3380223146962445,0.07587061308246928,0.27544620723921626
662,-1,train,18,0.07587061308246928,0.27544620723921626,0.07587061308246928,0.27544620723921626
663,0,train,16,0.03473288894889205,0.18636761775826843,0.08543073886240471,0.2922853723031734
663,1,train,2,0.13612858877591738,0.36895607973838485,0.08543073886240471,0.2922853723031734
663,-1,train,18,0.08543073886240471,0.2922853723031734,0.08543073886240471,0.2922853723031734
664,0,train,16,0.05017227521871428,0.22399168560175237,0.03142321876476477,0.1772659548947986
664,1,train,2,0.012674162310815255,0.112579582122227,0.03142321876476477,0.1772659548947986
664,-1,train,18,0.03142321876476477,0.1772659548947986,0.03142321876476477,0.1772659548947986
665,0,train,16,0.051099860285133004,0.2260527820778435,0.02809831068329874,0.16762550725739428
665,1,train,2,0.005096761081464473,0.07139160371825579,0.02809831068329874,0.16762550725739428
665,-1,train,18,0.02809831068329874,0.16762550725739428,0.02809831068329874,0.16762550725739428
666,0,train,16,0.050875291415604616,0.2255555173690163,0.028840390078707905,0.1698245862020806
666,1,train,2,0.006805488741811192,0.08249538618499334,0.028840390078707905,0.1698245862020806
666,-1,train,18,0.028840390078707905,0.1698245862020806,0.028840390078707905,0.1698245862020806
667,0,train,16,0.04732000611003775,0.21753162094288211,0.04124867270646679,0.20309769251881418
667,1,train,2,0.035177339302895835,0.18755622970964156,0.04124867270646679,0.20309769251881418
667,-1,train,18,0.04124867270646679,0.20309769251881418,0.04124867270646679,0.20309769251881418
668,0,train,16,0.04820095878864664,0.21954716757145068,0.038135936950426226,0.19528424654955204
668,1,train,2,0.028070915112205812,0.16754377073530907,0.038135936950426226,0.19528424654955204
668,-1,train,18,0.038135936950426226,0.19528424654955204,0.038135936950426226,0.19528424654955204
669,0,train,16,0.05084167567265134,0.22548098738619038,0.028848774273002975,0.16984926927426852
669,1,train,2,0.006855872873354612,0.08280019851035753,0.028848774273002975,0.16984926927426852
669,-1,train,18,0.028848774273002975,0.16984926927426852,0.028848774273002975,0.16984926927426852
670,0,train,16,0.051055467734529805,0.22595457006781208,0.02809943640958902,0.1676288650847133
670,1,train,2,0.005143405084648238,0.0717175367999225,0.02809943640958902,0.1676288650847133
670,-1,train,18,0.02809943640958902,0.1676288650847133,0.02809943640958902,0.1676288650847133
671,0,train,16,0.04805622210631758,0.2192172942683072,0.03859906498595825,0.1964664474813912
671,1,train,2,0.02914190786559891,0.1707100110292273,0.03859906498595825,0.1964664474813912
671,-1,train,18,0.03859906498595825,0.1964664474813912,0.03859906498595825,0.1964664474813912
672,0,train,16,0.04022401143828926,0.20055924670353462,0.06601112364463421,0.2569263000251905
672,1,train,2,0.09179823585097915,0.30298223685717807,0.06601112364463421,0.2569263000251905
672,-1,train,18,0.06601112364463421,0.2569263000251905,0.06601112364463421,0.2569263000251905
673,0,train,16,0.05088482533722218,0.22557665069156024,0.028651485805559245,0.1692674977825313
673,1,train,2,0.00641814627389631,0.08011333393322431,0.028651485805559245,0.1692674977825313
673,-1,train,18,0.028651485805559245,0.1692674977825313,0.028651485805559245,0.1692674977825313
674,0,train,16,0.05104831753466815,0.225938747307026,0.028043245177395516,0.16746117513440395
674,1,train,2,0.0050381728201228815,0.07098008749024533,0.028043245177395516,0.16746117513440395
674,-1,train,18,0.028043245177395516,0.16746117513440395,0.028043245177395516,0.16746117513440395
675,0,train,16,0.04980829249683934,0.22317771505425746,0.03234579473449076,0.1798493667892405
675,1,train,2,0.014883296972142182,0.1219971187042636,0.03234579473449076,0.1798493667892405
675,-1,train,18,0.03234579473449076,0.1798493667892405,0.03234579473449076,0.1798493667892405
676,0,train,16,0.04013442002774559,0.20033576821862237,0.06617182653664652,0.2572388511415928
676,1,train,2,0.09220923304554744,0.30365973234123,0.06617182653664652,0.2572388511415928
676,-1,train,18,0.06617182653664652,0.2572388511415928,0.06617182653664652,0.2572388511415928
677,0,train,16,0.0393726561898971,0.19842544239561896,0.06879770171733367,0.26229315987523133
677,1,train,2,0.09822274724477023,0.3134050849057338,0.06879770171733367,0.26229315987523133
677,-1,train,18,0.06879770171733367,0.26229315987523133,0.06879770171733367,0.26229315987523133
678,0,train,16,0.050853613754211414,0.2255074583117184,0.02855777331791945,0.16899045333367044
678,1,train,2,0.006261932881627484,0.07913237568547708,0.02855777331791945,0.16899045333367044
678,-1,train,18,0.02855777331791945,0.16899045333367044,0.02855777331791945,0.16899045333367044
679,0,train,16,0.04799346594426457,0.21907411062073165,0.0385145692170882,0.19625129099470454
679,1,train,2,0.029035672489911835,0.17039856950664767,0.0385145692170882,0.19625129099470454
679,-1,train,18,0.0385145692170882,0.19625129099470454,0.0385145692170882,0.19625129099470454
680,0,train,16,0.05082744309674163,0.22544942469818288,0.028555354614472978,0.16898329685052596
680,1,train,2,0.006283266132204329,0.07926705578110195,0.028555354614472978,0.16898329685052596
680,-1,train,18,0.028555354614472978,0.16898329685052596,0.028555354614472978,0.16898329685052596
681,0,train,16,0.04000554110675957,0.20001385228718427,0.06638715984205064,0.25765705859155236
681,1,train,2,0.0927687785773417,0.30457967525319496,0.06638715984205064,0.25765705859155236
681,-1,train,18,0.06638715984205064,0.25765705859155236,0.06638715984205064,0.25765705859155236
682,0,train,16,0.0364344897973727,0.1908782067114334,0.07882974575735328,0.28076635438982583
682,1,train,2,0.12122500171733386,0.3481738096372756,0.07882974575735328,0.28076635438982583
682,-1,train,18,0.07882974575735328,0.28076635438982583,0.07882974575735328,0.28076635438982583
683,0,train,16,0.04896392313587553,0.22127793187725597,0.03504704737710445,0.18720856651634415
683,1,train,2,0.021130171618333367,0.14536220835668867,0.03504704737710445,0.18720856651634415
683,-1,train,18,0.03504704737710445,0.18720856651634415,0.03504704737710445,0.18720856651634415
684,0,train,16,0.047202527893613615,0.2172614275328541,0.041060488749680935,0.2026338785832244
684,1,train,2,0.03491844960574826,0.18686478963611167,0.041060488749680935,0.2026338785832244
684,-1,train,18,0.041060488749680935,0.2026338785832244,0.041060488749680935,0.2026338785832244
685,0,train,16,0.05005010482511256,0.2237188074908155,0.031053861169015685,0.17622105767761037
685,1,train,2,0.012057617512918813,0.1098071833393372,0.031053861169015685,0.17622105767761037
685,-1,train,18,0.031053861169015685,0.17622105767761037,0.031053861169015685,0.17622105767761037
686,0,train,16,0.05092125265591911,0.2256573789086435,0.028008733035687256,0.16735809820766742
686,1,train,2,0.005096213415455403,0.07138776796801678,0.028008733035687256,0.16735809820766742
686,-1,train,18,0.028008733035687256,0.16735809820766742,0.028008733035687256,0.16735809820766742
687,0,train,16,0.050913812613709496,0.22564089304403467,0.02801012043153783,0.1673622431480226
687,1,train,2,0.005106428249366163,0.07145927686008419,0.02801012043153783,0.1673622431480226
687,-1,train,18,0.02801012043153783,0.1673622431480226,0.02801012043153783,0.1673622431480226
688,0,train,16,0.04805395599533187,0.21921212556638345,0.038003557160245505,0.1949450106061848
688,1,train,2,0.027953158325159138,0.16719198044511327,0.038003557160245505,0.1949450106061848
688,-1,train,18,0.038003557160245505,0.1949450106061848,0.038003557160245505,0.1949450106061848
689,0,train,16,0.05087020068275546,0.22554423220901806,0.028106089749612453,0.16764870935862422
689,1,train,2,0.005341978816469442,0.07308884194232004,0.028106089749612453,0.16764870935862422
689,-1,train,18,0.028106089749612453,0.16764870935862422,0.028106089749612453,0.16764870935862422
690,0,train,16,0.05005798317712016,0.22373641450850185,0.03092020635763816,0.17584142389561727
690,1,train,2,0.01178242953815616,0.10854690017755533,0.03092020635763816,0.17584142389561727
690,-1,train,18,0.03092020635763816,0.17584142389561727,0.03092020635763816,0.17584142389561727
691,0,train,16,0.050895113204891464,0.22559945302436232,0.02795588809546596,0.16720014382609233
691,1,train,2,0.005016662986040453,0.0708284052202254,0.02795588809546596,0.16720014382609233
691,-1,train,18,0.02795588809546596,0.16720014382609233,0.02795588809546596,0.16720014382609233
692,0,train,16,0.03630527745988541,0.19053943806961698,0.0790152054046765,0.2810964343506984
692,1,train,2,0.12172513334946759,0.3488912915930514,0.0790152054046765,0.2810964343506984
692,-1,train,18,0.0790152054046765,0.2810964343506984,0.0790152054046765,0.2810964343506984
693,0,train,16,0.04793831474736696,0.2189482010599013,0.03824374726049256,0.1955600860617845
693,1,train,2,0.028549179773618157,0.16896502529700683,0.03824374726049256,0.1955600860617845
693,-1,train,18,0.03824374726049256,0.1955600860617845,0.03824374726049256,0.1955600860617845
694,0,train,16,0.05007167490150294,0.22376701030648583,0.030761745047125547,0.1753902649725051
694,1,train,2,0.011451815192748153,0.10701315429772246,0.030761745047125547,0.1753902649725051
694,-1,train,18,0.030761745047125547,0.1753902649725051,0.030761745047125547,0.1753902649725051
695,0,train,16,0.047896968418155876,0.2188537603473056,0.03830983681533851,0.19572898818350468
695,1,train,2,0.028722705212521148,0.1694777425283956,0.03830983681533851,0.19572898818350468
695,-1,train,18,0.03830983681533851,0.19572898818350468,0.03830983681533851,0.19572898818350468
696,0,train,16,0.0399380853665442,0.199845153472743,0.06612876032142598,0.25715512890359776
696,1,train,2,0.09231943527630776,0.3038411349312462,0.06612876032142598,0.25715512890359776
696,-1,train,18,0.06612876032142598,0.25715512890359776,0.06612876032142598,0.25715512890359776
697,0,train,16,0.049822354650041076,0.22320921721568998,0.031487690622791165,0.17744771236280046
697,1,train,2,0.013153026595541257,0.11468664523623165,0.031487690622791165,0.17744771236280046
697,-1,train,18,0.031487690622791165,0.17744771236280046,0.031487690622791165,0.17744771236280046
698,0,train,16,0.03819765165993478,0.195442195188078,0.07218698587757212,0.2686763589852522
698,1,train,2,0.10617632009520947,0.3258470808450023,0.07218698587757212,0.2686763589852522
698,-1,train,18,0.07218698587757212,0.2686763589852522,0.07218698587757212,0.2686763589852522
699,0,train,16,0.0507413668254203,0.22525844451522856,0.028203299402408365,0.16793837977784698
699,1,train,2,0.00566523197939643,0.07526773531465146,0.028203299402408365,0.16793837977784698
699,-1,train,18,0.028203299402408365,0.16793837977784698,0.028203299402408365,0.16793837977784698
700,0,train,16,0.03339342747000647,0.18273868629823972,0.08888268724132695,0.29813199633941834
700,1,train,2,0.14437194701264744,0.37996308638162135,0.08888268724132695,0.29813199633941834
700,-1,train,18,0.08888268724132695,0.29813199633941834,0.08888268724132695,0.29813199633941834
701,0,train,16,0.05085349123592148,0.22550718666136005,0.027729346305887345,0.16652130886432326
701,1,train,2,0.004605201375853215,0.06786163404938916,0.027729346305887345,0.16652130886432326
701,-1,train,18,0.027729346305887345,0.16652130886432326,0.027729346305887345,0.16652130886432326
702,0,train,16,0.04970807102962039,0.22295306911908702,0.031675643122103275,0.17797652407579848
702,1,train,2,0.01364321521458616,0.11680417464537027,0.031675643122103275,0.17797652407579848
702,-1,train,18,0.031675643122103275,0.17797652407579848,0.031675643122103275,0.17797652407579848
703,0,train,16,0.037208679838231076,0.19289551533986235,0.07536167859859264,0.27452081633018766
703,1,train,2,0.1135146773589542,0.33691939296952644,0.07536167859859264,0.27452081633018766
703,-1,train,18,0.07536167859859264,0.27452081633018766,0.07536167859859264,0.27452081633018766
704,0,train,16,0.050628422124569805,0.2250076045927555,0.028378165101641383,0.16845819986465896
704,1,train,2,0.0061279080787129585,0.07828095604112764,0.028378165101641383,0.16845819986465896
704,-1,train,18,0.028378165101641383,0.16845819986465896,0.028378165101641383,0.16845819986465896
705,0,train,16,0.050754786355339435,0.22528822950908783,0.027890149094866496,0.16700344036835438
705,1,train,2,0.005025511834393558,0.07089084450331762,0.027890149094866496,0.16700344036835438
705,-1,train,18,0.027890149094866496,0.16700344036835438,0.027890149094866496,0.16700344036835438
706,0,train,16,0.04003583919291882,0.2000895779217869,0.06535673559233296,0.25564963444592087
706,1,train,2,0.09067763199174708,0.30112726876147744,0.06535673559233296,0.25564963444592087
706,-1,train,18,0.06535673559233296,0.25564963444592087,0.06535673559233296,0.25564963444592087
707,0,train,16,0.03716180431729016,0.1927739720950164,0.07538258560233033,0.27455889277590395
707,1,train,2,0.1136033668873705,0.3370509855902672,0.07538258560233033,0.27455889277590395
707,-1,train,18,0.07538258560233033,0.27455889277590395,0.07538258560233033,0.27455889277590395
708,0,train,16,0.0486592395303166,0.22058839391571944,0.035267965824385246,0.1877976725744631
708,1,train,2,0.02187669211845389,0.1479077148713139,0.035267965824385246,0.1877976725744631
708,-1,train,18,0.035267965824385246,0.1877976725744631,0.035267965824385246,0.1877976725744631
709,0,train,16,0.05076262543686042,0.22530562673146984,0.027759726552548863,0.16661250419025836
709,1,train,2,0.004756827668237306,0.06896975908495916,0.027759726552548863,0.16661250419025836
709,-1,train,18,0.027759726552548863,0.16661250419025836,0.027759726552548863,0.16661250419025836
710,0,train,16,0.048648295056368536,0.2205635850641908,0.03509753522767742,0.18734336184577616
710,1,train,2,0.0215467753989863,0.14678819911350605,0.03509753522767742,0.18734336184577616
710,-1,train,18,0.03509753522767742,0.18734336184577616,0.03509753522767742,0.18734336184577616
711,0,train,16,0.03730065203207491,0.19313376719795766,0.07481295778887102,0.2735195747818993
711,1,train,2,0.11232526354566714,0.3351496136737549,0.07481295778887102,0.2735195747818993
711,-1,train,18,0.07481295778887102,0.2735195747818993,0.07481295778887102,0.2735195747818993
712,0,train,16,0.03717705653410071,0.19281352788147596,0.07517478883350112,0.2741802123303232
712,1,train,2,0.11317252113290152,0.33641123811921253,0.07517478883350112,0.2741802123303232
712,-1,train,18,0.07517478883350112,0.2741802123303232,0.07517478883350112,0.2741802123303232
713,0,train,16,0.037166253038050774,0.19278551044632677,0.07512407551223013,0.27408771499691503
713,1,train,2,0.11308189798640948,0.3362765201235577,0.07512407551223013,0.27408771499691503
713,-1,train,18,0.07512407551223013,0.27408771499691503,0.07512407551223013,0.27408771499691503
714,0,train,16,0.04590876611085974,0.21426331023033257,0.04452683563933338,0.21101382807610827
714,1,train,2,0.043144905167807016,0.2077135170560814,0.04452683563933338,0.21101382807610827
714,-1,train,18,0.04452683563933338,0.21101382807610827,0.04452683563933338,0.21101382807610827
715,0,train,16,0.04967391457926974,0.22287645586573235,0.03128936875673605,0.17688801190791886
715,1,train,2,0.012904822934202347,0.113599396715838,0.03128936875673605,0.17688801190791886
715,-1,train,18,0.03128936875673605,0.17688801190791886,0.03128936875673605,0.17688801190791886
716,0,train,16,0.037215186862801265,0.19291238131027585,0.07483082522232376,0.27355223490646857
716,1,train,2,0.11244646358184625,0.33533037974786334,0.07483082522232376,0.27355223490646857
716,-1,train,18,0.07483082522232376,0.27355223490646857,0.07483082522232376,0.27355223490646857
717,0,train,16,0.050524690579209094,0.22477697964695828,0.028230710314231747,0.16801996998640295
717,1,train,2,0.0059367300492544,0.07705017877496716,0.028230710314231747,0.16801996998640295
717,-1,train,18,0.028230710314231747,0.16801996998640295,0.028230710314231747,0.16801996998640295
718,0,train,16,0.04963459788157942,0.2227882355098209,0.03129026259295596,0.17689053844950545
718,1,train,2,0.0129459273043325,0.11378017096283737,0.03129026259295596,0.17689053844950545
718,-1,train,18,0.03129026259295596,0.17689053844950545,0.03129026259295596,0.17689053844950545
719,0,train,16,0.0506009946425533,0.2249466484359198,0.027871762319722652,0.16694838220157346
719,1,train,2,0.0051425299968920046,0.0717114356075236,0.027871762319722652,0.16694838220157346
719,-1,train,18,0.027871762319722652,0.16694838220157346,0.027871762319722652,0.16694838220157346
720,0,train,16,0.050575407767972404,0.22488976803752633,0.027919961973706508,0.1670926748056494
720,1,train,2,0.005264516179440613,0.07255698573838781,0.027919961973706508,0.1670926748056494
720,-1,train,18,0.027919961973706508,0.1670926748056494,0.027919961973706508,0.1670926748056494
721,0,train,16,0.047638194927454185,0.21826175782178192,0.03821431187852447,0.1954848123986221
721,1,train,2,0.02879042882959475,0.16967742581025547,0.03821431187852447,0.1954848123986221
721,-1,train,18,0.03821431187852447,0.1954848123986221,0.03821431187852447,0.1954848123986221
722,0,train,16,0.034287692917613716,0.18516936279420987,0.0848237098270354,0.29124510266618286
722,1,train,2,0.13535972673645708,0.36791266183220317,0.0848237098270354,0.29124510266618286
722,-1,train,18,0.0848237098270354,0.29124510266618286,0.0848237098270354,0.29124510266618286
723,0,train,16,0.05023105646008944,0.22412286019076555,0.02901659984425311,0.17034259550756267
723,1,train,2,0.007802143228416776,0.08832974147147028,0.02901659984425311,0.17034259550756267
723,-1,train,18,0.02901659984425311,0.17034259550756267,0.02901659984425311,0.17034259550756267
724,0,train,16,0.037175825308550736,0.19281033506674566,0.07472175288026779,0.2733527992910769
724,1,train,2,0.11226768045198485,0.3350636961116272,0.07472175288026779,0.2733527992910769
724,-1,train,18,0.07472175288026779,0.2733527992910769,0.07472175288026779,0.2733527992910769
725,0,train,16,0.04862069923142675,0.22050101866301378,0.03457361320653039,0.18593981070908508
725,1,train,2,0.020526527181634037,0.14327081762045624,0.03457361320653039,0.18593981070908508
725,-1,train,18,0.03457361320653039,0.18593981070908508,0.03457361320653039,0.18593981070908508
726,0,train,16,0.037167684819621606,0.19278922381611896,0.07471533205873358,0.2733410544699306
726,1,train,2,0.11226297929784557,0.33505668072409117,0.07471533205873358,0.2733410544699306
726,-1,train,18,0.07471533205873358,0.2733410544699306,0.07471533205873358,0.2733410544699306
727,0,train,16,0.050399607314282044,0.2244985686241274,0.02836394404340369,0.1684159851184076
727,1,train,2,0.006328280772525336,0.0795504919690968,0.02836394404340369,0.1684159851184076
727,-1,train,18,0.02836394404340369,0.1684159851184076,0.02836394404340369,0.1684159851184076
728,0,train,16,0.05044739819398335,0.22460498256713574,0.028178661800612567,0.16786501065026196
728,1,train,2,0.005909925407241783,0.07687603922706855,0.028178661800612567,0.16786501065026196
728,-1,train,18,0.028178661800612567,0.16786501065026196,0.028178661800612567,0.16786501065026196
729,0,train,16,0.048061127659704245,0.21922848277471668,0.036499670260391706,0.19104886877548297
729,1,train,2,0.02493821286107916,0.1579183740451983,0.036499670260391706,0.19104886877548297
729,-1,train,18,0.036499670260391706,0.19104886877548297,0.036499670260391706,0.19104886877548297
730,0,train,16,0.050529835913632484,0.22478842477679425,0.027865900423647103,0.16693082526497946
730,1,train,2,0.005201964933661722,0.07212464858605358,0.027865900423647103,0.16693082526497946
730,-1,train,18,0.027865900423647103,0.16693082526497946,0.027865900423647103,0.16693082526497946
731,0,train,16,0.049764206211834,0.22307892372842847,0.030518634701003224,0.1746958348129778
731,1,train,2,0.01127306319017245,0.10617468243499695,0.030518634701003224,0.1746958348129778
731,-1,train,18,0.030518634701003224,0.1746958348129778,0.030518634701003224,0.1746958348129778
732,0,train,16,0.049699782270652054,0.22293447977074352,0.030758833337058235,0.175381964115636
732,1,train,2,0.011817884403464412,0.10871009338356954,0.030758833337058235,0.175381964115636
732,-1,train,18,0.030758833337058235,0.175381964115636,0.030758833337058235,0.175381964115636
733,0,train,16,0.0503192951118409,0.22431962712130407,0.028666787533135424,0.16931269158906967
733,1,train,2,0.007014279954429948,0.08375129822534065,0.028666787533135424,0.16931269158906967
733,-1,train,18,0.028666787533135424,0.16931269158906967,0.028666787533135424,0.16931269158906967
734,0,train,16,0.05028854746119245,0.22425108129325141,0.028813213420712556,0.1697445534346023
734,1,train,2,0.007337879380232665,0.08566142294074192,0.028813213420712556,0.1697445534346023
734,-1,train,18,0.028813213420712556,0.1697445534346023,0.028813213420712556,0.1697445534346023
735,0,train,16,0.0498325861521036,0.2232321351241877,0.03042940851683777,0.1744402720613499
735,1,train,2,0.011026230881571938,0.10500586117723114,0.03042940851683777,0.1744402720613499
735,-1,train,18,0.03042940851683777,0.1744402720613499,0.03042940851683777,0.1744402720613499
736,0,train,16,0.05056197585080378,0.22485990271901252,0.027929551566366336,0.16712136777314365
736,1,train,2,0.005297127281928894,0.07278136630985224,0.027929551566366336,0.16712136777314365
736,-1,train,18,0.027929551566366336,0.16712136777314365,0.027929551566366336,0.16712136777314365
737,0,train,16,0.0505451060948798,0.22482238788625966,0.02801091092652457,0.16736460476016
737,1,train,2,0.005476715758169338,0.07400483604582432,0.02801091092652457,0.16736460476016
737,-1,train,18,0.02801091092652457,0.16736460476016,0.02801091092652457,0.16736460476016
738,0,train,16,0.05055848578686247,0.2248521420553126,0.027959462770078172,0.1672108332916207
738,1,train,2,0.005360439753293873,0.07321502409542643,0.027959462770078172,0.1672108332916207
738,-1,train,18,0.027959462770078172,0.1672108332916207,0.027959462770078172,0.1672108332916207
739,0,train,16,0.035959559033492065,0.18963005835967056,0.07906566500101753,0.2811861749820171
739,1,train,2,0.122171770968543,0.349530786867971,0.07906566500101753,0.2811861749820171
739,-1,train,18,0.07906566500101753,0.2811861749820171,0.07906566500101753,0.2811861749820171
740,0,train,16,0.03859132273768527,0.19644674275152865,0.06977647032532402,0.2641523619529533
740,1,train,2,0.10096161791296276,0.3177445796751894,0.06977647032532402,0.2641523619529533
740,-1,train,18,0.06977647032532402,0.2641523619529533,0.06977647032532402,0.2641523619529533
741,0,train,16,0.03483401236579177,0.186638721507065,0.08279753616547494,0.28774561015847827
741,1,train,2,0.13076105996515813,0.36160898767198546,0.08279753616547494,0.28774561015847827
741,-1,train,18,0.08279753616547494,0.28774561015847827,0.08279753616547494,0.28774561015847827
742,0,train,16,0.049374280417190476,0.22220324123916482,0.03178637820225051,0.17828734728592074
742,1,train,2,0.014198475987310546,0.1191573580913514,0.03178637820225051,0.17828734728592074
742,-1,train,18,0.03178637820225051,0.17828734728592074,0.03178637820225051,0.17828734728592074
743,0,train,16,0.03547375966766157,0.18834478932973317,0.08038723326654004,0.28352642428271135
743,1,train,2,0.12530070686541853,0.3539783988683752,0.08038723326654004,0.28352642428271135
743,-1,train,18,0.08038723326654004,0.28352642428271135,0.08038723326654004,0.28352642428271135
744,0,train,16,0.04979017977774975,0.22313713222534198,0.03013716593449368,0.17360059312828882
744,1,train,2,0.010484152091237611,0.10239214858199631,0.03013716593449368,0.17360059312828882
744,-1,train,18,0.03013716593449368,0.17360059312828882,0.03013716593449368,0.17360059312828882
745,0,train,16,0.04939846152025109,0.2222576467081641,0.031413171267974244,0.177237612452815
745,1,train,2,0.013427881015697394,0.11587873409602555,0.031413171267974244,0.177237612452815
745,-1,train,18,0.031413171267974244,0.177237612452815,0.031413171267974244,0.177237612452815
746,0,train,16,0.03674547599140048,0.19169109523240896,0.075623101534852,0.27499654822352226
746,1,train,2,0.1145007270783035,0.3383795606686425,0.075623101534852,0.27499654822352226
746,-1,train,18,0.075623101534852,0.27499654822352226,0.075623101534852,0.27499654822352226
747,0,train,16,0.03955586259121251,0.19888655709024808,0.06568877420925132,0.25629821343359244
747,1,train,2,0.09182168582729014,0.30302093298531396,0.06568877420925132,0.25629821343359244
747,-1,train,18,0.06568877420925132,0.25629821343359244,0.06568877420925132,0.25629821343359244
748,0,train,16,0.05029048423168492,0.2242553995597094,0.02807411444508598,0.16755331821568314
748,1,train,2,0.005857744658487039,0.07653590437492092,0.02807411444508598,0.16755331821568314
748,-1,train,18,0.02807411444508598,0.16755331821568314,0.02807411444508598,0.16755331821568314
749,0,train,16,0.04752663670429749,0.21800604740304222,0.03762148242557253,0.1939625799621477
749,1,train,2,0.027716328146847567,0.16648221570740693,0.03762148242557253,0.1939625799621477
749,-1,train,18,0.03762148242557253,0.1939625799621477,0.03762148242557253,0.1939625799621477
750,0,train,16,0.0502937972553036,0.22426278615789913,0.02786671999581533,0.16693328007265457
750,1,train,2,0.005439642736327061,0.07375393370069872,0.02786671999581533,0.16693328007265457
750,-1,train,18,0.02786671999581533,0.16693328007265457,0.02786671999581533,0.16693328007265457
751,0,train,16,0.04921561292802104,0.22184592159429264,0.03155875214370653,0.17764783180131
751,1,train,2,0.01390189135939201,0.11790628210316875,0.03155875214370653,0.17764783180131
751,-1,train,18,0.03155875214370653,0.17764783180131,0.03155875214370653,0.17764783180131
752,0,train,16,0.05023353401272087,0.22412838734243565,0.027940629379074763,0.16715450750450841
752,1,train,2,0.005647724745428656,0.07515134559958761,0.027940629379074763,0.16715450750450841
752,-1,train,18,0.027940629379074763,0.16715450750450841,0.027940629379074763,0.16715450750450841
753,0,train,16,0.04936522558437283,0.22218286519075414,0.03096375467249344,0.17596520869903073
753,1,train,2,0.012562283760614051,0.11208159420981685,0.03096375467249344,0.17596520869903073
753,-1,train,18,0.03096375467249344,0.17596520869903073,0.03096375467249344,0.17596520869903073
754,0,train,16,0.04833661396682866,0.2198558936367835,0.03451765476869501,0.18578927517134838
754,1,train,2,0.020698695570561365,0.14387041242229537,0.03451765476869501,0.18578927517134838
754,-1,train,18,0.03451765476869501,0.18578927517134838,0.03451765476869501,0.18578927517134838
755,0,train,16,0.035903284945711045,0.1894816216568537,0.07801628901673373,0.2793139613709521
755,1,train,2,0.12012929308775641,0.3465967297707184,0.07801628901673373,0.2793139613709521
755,-1,train,18,0.07801628901673373,0.2793139613709521,0.07801628901673373,0.2793139613709521
756,0,train,16,0.05002981843308378,0.22367346385542425,0.02850414521259849,0.16883170677511522
756,1,train,2,0.0069784719921131945,0.08353724912943444,0.02850414521259849,0.16883170677511522
756,-1,train,18,0.02850414521259849,0.16883170677511522,0.02850414521259849,0.16883170677511522
757,0,train,16,0.0502949230693764,0.22426529617704208,0.027545533226259477,0.16596847057878034
757,1,train,2,0.0047961433831425525,0.06925419397511282,0.027545533226259477,0.16596847057878034
757,-1,train,18,0.027545533226259477,0.16596847057878034,0.027545533226259477,0.16596847057878034
758,0,train,16,0.04774227791644768,0.21850006388202198,0.03645781786279146,0.19093930413299265
758,1,train,2,0.02517335780913524,0.15866114145919674,0.03645781786279146,0.19093930413299265
758,-1,train,18,0.03645781786279146,0.19093930413299265,0.03645781786279146,0.19093930413299265
759,0,train,16,0.047386304085806255,0.2176839545896901,0.037729506413360356,0.19424084640816502
759,1,train,2,0.02807270874091446,0.16754912336659497,0.037729506413360356,0.19424084640816502
759,-1,train,18,0.037729506413360356,0.19424084640816502,0.037729506413360356,0.19424084640816502
760,0,train,16,0.03581413045734263,0.1892462164941287,0.07823797203973114,0.27971051471071146
760,1,train,2,0.12066181362211965,0.3473640937433224,0.07823797203973114,0.27971051471071146
760,-1,train,18,0.07823797203973114,0.27971051471071146,0.07823797203973114,0.27971051471071146
761,0,train,16,0.05029706078391757,0.22427006216594664,0.027504389045295854,0.1658444724592769
761,1,train,2,0.004711717306674145,0.06864195005005427,0.027504389045295854,0.1658444724592769
761,-1,train,18,0.027504389045295854,0.1658444724592769,0.027504389045295854,0.1658444724592769
762,0,train,16,0.03938542046097186,0.1984576036864596,0.0656715673028092,0.2562646430992953
762,1,train,2,0.09195771414464653,0.3032453035821767,0.0656715673028092,0.2562646430992953
762,-1,train,18,0.0656715673028092,0.2562646430992953,0.0656715673028092,0.2562646430992953
763,0,train,16,0.0474191643383816,0.21775941848375147,0.03750588528015705,0.1936643624422342
763,1,train,2,0.0275926062219325,0.16611022311083837,0.03750588528015705,0.1936643624422342
763,-1,train,18,0.03750588528015705,0.1936643624422342,0.03750588528015705,0.1936643624422342
764,0,train,16,0.035612582504413876,0.188712963265415,0.07876652848368551,0.28065375195013076
764,1,train,2,0.12192047446295713,0.3491711248986049,0.07876652848368551,0.28065375195013076
764,-1,train,18,0.07876652848368551,0.28065375195013076,0.07876652848368551,0.28065375195013076
765,0,train,16,0.050124453189635806,0.2238849105894272,0.027933681529459985,0.1671337234954693
765,1,train,2,0.005742909869284165,0.07578198908239453,0.027933681529459985,0.1671337234954693
765,-1,train,18,0.027933681529459985,0.1671337234954693,0.027933681529459985,0.1671337234954693
766,0,train,16,0.049132812040174174,0.22165922502836236,0.031321321495694374,0.17697830798065162
766,1,train,2,0.013509830951214571,0.11623179836522608,0.031321321495694374,0.17697830798065162
766,-1,train,18,0.031321321495694374,0.17697830798065162,0.031321321495694374,0.17697830798065162
767,0,train,16,0.036720416001526694,0.1916257185284029,0.07469093559147633,0.27329642440302127
767,1,train,2,0.11266145518142597,0.3356507935063255,0.07469093559147633,0.27329642440302127
767,-1,train,18,0.07469093559147633,0.27329642440302127,0.07469093559147633,0.27329642440302127
768,0,train,16,0.036753578445536436,0.191712228210765,0.07449445424989257,0.27293672206189584
768,1,train,2,0.11223533005424868,0.33501541763663456,0.07449445424989257,0.27293672206189584
768,-1,train,18,0.07449445424989257,0.27293672206189584,0.07449445424989257,0.27293672206189584
769,0,train,16,0.036763401917873265,0.19173784685834266,0.07437926824051216,0.27272562813295004
769,1,train,2,0.11199513456315105,0.33465674139803464,0.07437926824051216,0.27272562813295004
769,-1,train,18,0.07437926824051216,0.27272562813295004,0.07437926824051216,0.27272562813295004
770,0,train,16,0.04911180921953411,0.22161184359039593,0.031122845955544924,0.17641668275858982
770,1,train,2,0.013133882691555734,0.11460315306114284,0.031122845955544924,0.17641668275858982
770,-1,train,18,0.031122845955544924,0.17641668275858982,0.031122845955544924,0.17641668275858982
771,0,train,16,0.050095330416236504,0.2238198615320734,0.02764169549928299,0.16625791860625164
771,1,train,2,0.005188060582329474,0.07202819296865273,0.02764169549928299,0.16625791860625164
771,-1,train,18,0.02764169549928299,0.16625791860625164,0.02764169549928299,0.16625791860625164
772,0,train,16,0.03954483535863401,0.19885883273979563,0.0644981931124509,0.2539649446527038
772,1,train,2,0.0894515508662678,0.299084521274953,0.0644981931124509,0.2539649446527038
772,-1,train,18,0.0644981931124509,0.2539649446527038,0.0644981931124509,0.2539649446527038
773,0,train,16,0.0480105253021751,0.2191130422913595,0.03504951785207601,0.18721516458897236
773,1,train,2,0.02208851040197692,0.14862203874922764,0.03504951785207601,0.18721516458897236
773,-1,train,18,0.03504951785207601,0.18721516458897236,0.03504951785207601,0.18721516458897236
774,0,train,16,0.0395533700208024,0.19888029067960053,0.06445794725969181,0.25388569723340426
774,1,train,2,0.08936252449858123,0.29893565277260126,0.06445794725969181,0.25388569723340426
774,-1,train,18,0.06445794725969181,0.25388569723340426,0.06445794725969181,0.25388569723340426
775,0,train,16,0.03668636958344209,0.1915368622052739,0.0744338808369728,0.2728257334581414
775,1,train,2,0.11218139209050353,0.33493490724393526,0.0744338808369728,0.2728257334581414
775,-1,train,18,0.0744338808369728,0.2728257334581414,0.0744338808369728,0.2728257334581414
776,0,train,16,0.047060452923885554,0.21693421335484533,0.038205757161855744,0.1954629304033267
776,1,train,2,0.02935106139982594,0.1713215147021119,0.038205757161855744,0.1954629304033267
776,-1,train,18,0.038205757161855744,0.1954629304033267,0.038205757161855744,0.1954629304033267
777,0,train,16,0.0491439930611117,0.22168444478833355,0.030776268567500577,0.17543166352600256
777,1,train,2,0.012408544073889454,0.11139364467459288,0.030776268567500577,0.17543166352600256
777,-1,train,18,0.030776268567500577,0.17543166352600256,0.030776268567500577,0.17543166352600256
778,0,train,16,0.04984769111318706,0.22326596496821244,0.028224460273466912,0.16800136985592384
778,1,train,2,0.0066012294337467635,0.08124795033566548,0.028224460273466912,0.16800136985592384
778,-1,train,18,0.028224460273466912,0.16800136985592384,0.028224460273466912,0.16800136985592384
779,0,train,16,0.05001725826046557,0.22364538506409107,0.027580465499131342,0.16607367491306785
779,1,train,2,0.005143672737797119,0.07171940279866473,0.027580465499131342,0.16607367491306785
779,-1,train,18,0.027580465499131342,0.16607367491306785,0.027580465499131342,0.16607367491306785
780,0,train,16,0.04914248840753492,0.22168105107910085,0.030572016160363442,0.17484855206824976
780,1,train,2,0.012001543913191965,0.10955155824173367,0.030572016160363442,0.17484855206824976
780,-1,train,18,0.030572016160363442,0.17484855206824976,0.030572016160363442,0.17484855206824976
781,0,train,16,0.049146975203144774,0.22169117078301692,0.03050444974036107,0.1746552310707042
781,1,train,2,0.011861924277577365,0.10891246153483708,0.03050444974036107,0.1746552310707042
781,-1,train,18,0.03050444974036107,0.1746552310707042,0.03050444974036107,0.1746552310707042
782,0,train,16,0.04969952504909238,0.22293390287054227,0.02856213035421931,0.1690033442101644
782,1,train,2,0.007424735659346249,0.08616690582437232,0.02856213035421931,0.1690033442101644
782,-1,train,18,0.02856213035421931,0.1690033442101644,0.02856213035421931,0.1690033442101644
783,0,train,16,0.04725088324170594,0.21737268283228678,0.03715285439249571,0.19275075717749
783,1,train,2,0.027054825543285477,0.16448351146326332,0.03715285439249571,0.19275075717749
783,-1,train,18,0.03715285439249571,0.19275075717749,0.03715285439249571,0.19275075717749
784,0,train,16,0.05003170471221061,0.22367768040689848,0.027374222317783886,0.16545157091361776
784,1,train,2,0.004716739923357156,0.0686785259259192,0.027374222317783886,0.16545157091361776
784,-1,train,18,0.027374222317783886,0.16545157091361776,0.027374222317783886,0.16545157091361776
785,0,train,16,0.04982481044408857,0.22321471825148217,0.02806813410561167,0.1675354711862884
785,1,train,2,0.006311457767134772,0.07944468369333955,0.02806813410561167,0.1675354711862884
785,-1,train,18,0.02806813410561167,0.1675354711862884,0.02806813410561167,0.1675354711862884
786,0,train,16,0.05001277698147042,0.22363536612412274,0.02738367837417267,0.16548014495453123
786,1,train,2,0.004754579766874921,0.06895346087670234,0.02738367837417267,0.16548014495453123
786,-1,train,18,0.02738367837417267,0.16548014495453123,0.02738367837417267,0.16548014495453123
787,0,train,16,0.04988930770718755,0.223359145116531,0.027783103473075842,0.16668264298683244
787,1,train,2,0.005676899238964135,0.07534520050384189,0.027783103473075842,0.16668264298683244
787,-1,train,18,0.027783103473075842,0.16668264298683244,0.027783103473075842,0.16668264298683244
788,0,train,16,0.04833463069658922,0.21985138320372064,0.03321714355585234,0.1822557092544767
788,1,train,2,0.018099656415115455,0.13453496354151012,0.03321714355585234,0.1822557092544767
788,-1,train,18,0.03321714355585234,0.1822557092544767,0.03321714355585234,0.1822557092544767
789,0,train,16,0.04899784488157845,0.22135456824194627,0.03088841465950905,0.1757510018734148
789,1,train,2,0.012778984437439656,0.113044170293915,0.03088841465950905,0.1757510018734148
789,-1,train,18,0.03088841465950905,0.1757510018734148,0.03088841465950905,0.1757510018734148
790,0,train,16,0.047075963793488815,0.21696996057862206,0.037609780127559,0.1939324112353554
790,1,train,2,0.028143596461629193,0.1677605330869844,0.037609780127559,0.1939324112353554
790,-1,train,18,0.037609780127559,0.1939324112353554,0.037609780127559,0.1939324112353554
791,0,train,16,0.03927558369546899,0.19818068446614315,0.06490719060779487,0.25476889646853457
791,1,train,2,0.09053879752012076,0.3008966558805876,0.06490719060779487,0.25476889646853457
791,-1,train,18,0.06490719060779487,0.25476889646853457,0.06490719060779487,0.25476889646853457
792,0,train,16,0.0498712728912808,0.223318769679758,0.027771234145748388,0.16664703461432606
792,1,train,2,0.005671195400215973,0.07530733961717126,0.027771234145748388,0.16664703461432606
792,-1,train,18,0.027771234145748388,0.16664703461432606,0.027771234145748388,0.16664703461432606
793,0,train,16,0.039151068080149766,0.19786628838725853,0.06525719651403379,0.2554548815623491
793,1,train,2,0.09136332494791782,0.30226366792573306,0.06525719651403379,0.2554548815623491
793,-1,train,18,0.06525719651403379,0.2554548815623491,0.06525719651403379,0.2554548815623491
794,0,train,16,0.03651260359359425,0.19108271401043644,0.07443446358205108,0.27282680143646276
794,1,train,2,0.11235632357050793,0.33519594802220976,0.07443446358205108,0.27282680143646276
794,-1,train,18,0.07443446358205108,0.27282680143646276,0.07443446358205108,0.27282680143646276
795,0,train,16,0.03924473057319427,0.19810282828166353,0.06479883807782287,0.25455615898623013
795,1,train,2,0.09035294558245147,0.3005876670498167,0.06479883807782287,0.25455615898623013
795,-1,train,18,0.06479883807782287,0.25455615898623013,0.06479883807782287,0.25455615898623013
796,0,train,16,0.039215350910694106,0.19802866184139634,0.06482733353678839,0.25461212370346464
796,1,train,2,0.09043931616288267,0.3007313022664629,0.06482733353678839,0.25461212370346464
796,-1,train,18,0.06482733353678839,0.25461212370346464,0.06482733353678839,0.25461212370346464
797,0,train,16,0.036530810366411676,0.19113034915055138,0.07413960831345637,0.2722858944445275
797,1,train,2,0.11174840626050106,0.3342879092346911,0.07413960831345637,0.2722858944445275
797,-1,train,18,0.07413960831345637,0.2722858944445275,0.07413960831345637,0.2722858944445275
798,0,train,16,0.04893976053696397,0.22122332728933441,0.030773362277335282,0.17542338007613262
798,1,train,2,0.012606964017706593,0.11228073751853695,0.030773362277335282,0.17542338007613262
798,-1,train,18,0.030773362277335282,0.17542338007613262,0.030773362277335282,0.17542338007613262
799,0,train,16,0.04975444427616012,0.2230570426508881,0.02779988748870358,0.16673298260603264
799,1,train,2,0.005845330701247045,0.0764547624497457,0.02779988748870358,0.16673298260603264
799,-1,train,18,0.02779988748870358,0.16673298260603264,0.02779988748870358,0.16673298260603264
800,0,train,16,0.04980989299954143,0.2231813007389764,0.027553315588268443,0.16599191422556836
800,1,train,2,0.005296738176995453,0.07277869315256666,0.027553315588268443,0.16599191422556836
800,-1,train,18,0.027553315588268443,0.16599191422556836,0.027553315588268443,0.16599191422556836
801,0,train,16,0.0497771142714114,0.22310785345077255,0.027628003239312738,0.16621673573774914
801,1,train,2,0.005478892207214081,0.0740195393609963,0.027628003239312738,0.16621673573774914
801,-1,train,18,0.027628003239312738,0.16621673573774914,0.027628003239312738,0.16621673573774914
802,0,train,16,0.04969742970718754,0.22292920335206767,0.02787409374067723,0.16695536451602036
802,1,train,2,0.006050757774166924,0.07778661693483606,0.02787409374067723,0.16695536451602036
802,-1,train,18,0.02787409374067723,0.16695536451602036,0.02787409374067723,0.16695536451602036
803,0,train,16,0.03545085072879994,0.18828396301544098,0.07771960292033962,0.27878235762031217
803,1,train,2,0.1199883551118793,0.3463933531577638,0.07771960292033962,0.27878235762031217
803,-1,train,18,0.07771960292033962,0.27878235762031217,0.07771960292033962,0.27878235762031217
804,0,train,16,0.04990093953779385,0.22338518200138935,0.027110531467386977,0.16465276027867548
804,1,train,2,0.004320123396980105,0.06572764560654903,0.027110531467386977,0.16465276027867548
804,-1,train,18,0.027110531467386977,0.16465276027867548,0.027110531467386977,0.16465276027867548
805,0,train,16,0.04792045618812039,0.2189074146485687,0.03407307790978281,0.18458894308647744
805,1,train,2,0.020225699631445233,0.14221708628517613,0.03407307790978281,0.18458894308647744
805,-1,train,18,0.03407307790978281,0.18458894308647744,0.03407307790978281,0.18458894308647744
806,0,train,16,0.04978272732903272,0.22312043234323636,0.02746373665564836,0.16572186535170416
806,1,train,2,0.005144745982264007,0.07172688465466771,0.02746373665564836,0.16572186535170416
806,-1,train,18,0.02746373665564836,0.16572186535170416,0.02746373665564836,0.16572186535170416
807,0,train,16,0.04891797418710781,0.22117408118291756,0.030417853284677873,0.1744071480320628
807,1,train,2,0.011917732382247932,0.10916836713191204,0.030417853284677873,0.1744071480320628
807,-1,train,18,0.030417853284677873,0.1744071480320628,0.030417853284677873,0.1744071480320628
808,0,train,16,0.04705659777569181,0.21692532764915168,0.036814413314597116,0.1918708245528671
808,1,train,2,0.026572228853502432,0.16300990415769967,0.036814413314597116,0.1918708245528671
808,-1,train,18,0.036814413314597116,0.1918708245528671,0.036814413314597116,0.1918708245528671
809,0,train,16,0.048669051006329254,0.22061063212440432,0.031262139172589715,0.17681102672794397
809,1,train,2,0.013855227338850182,0.117708229698905,0.031262139172589715,0.17681102672794397
809,-1,train,18,0.031262139172589715,0.17681102672794397,0.031262139172589715,0.17681102672794397
810,0,train,16,0.03830941053448358,0.19572789922359965,0.0674753004983501,0.2597600825730353
810,1,train,2,0.09664119046221663,0.31087166236602626,0.0674753004983501,0.2597600825730353
810,-1,train,18,0.0674753004983501,0.2597600825730353,0.0674753004983501,0.2597600825730353
811,0,train,16,0.048796527506177544,0.22089936058345108,0.030820792284650587,0.1755585152724031
811,1,train,2,0.012845057063123628,0.11333603603057427,0.030820792284650587,0.1755585152724031
811,-1,train,18,0.030820792284650587,0.1755585152724031,0.030820792284650587,0.1755585152724031
812,0,train,16,0.03751256841303756,0.19368161609465562,0.07024531338598722,0.26503832437213154
812,1,train,2,0.10297805835893689,0.3209019450843776,0.07024531338598722,0.26503832437213154
812,-1,train,18,0.07024531338598722,0.26503832437213154,0.07024531338598722,0.26503832437213154
813,0,train,16,0.04972669880953943,0.222994840320442,0.02758524735176238,0.16608807107002713
813,1,train,2,0.005443795893985329,0.0737820838278869,0.02758524735176238,0.16608807107002713
813,-1,train,18,0.02758524735176238,0.16608807107002713,0.02758524735176238,0.16608807107002713
814,0,train,16,0.03535342294787607,0.18802505936144806,0.07794309160611466,0.2791828999170878
814,1,train,2,0.12053276026435325,0.3471782831116504,0.07794309160611466,0.2791828999170878
814,-1,train,18,0.07794309160611466,0.2791828999170878,0.07794309160611466,0.2791828999170878
815,0,train,16,0.04907264339953037,0.22152346015609808,0.029888797606000335,0.1728837690646532
815,1,train,2,0.010704951812470293,0.10346473704828275,0.029888797606000335,0.1728837690646532
815,-1,train,18,0.029888797606000335,0.1728837690646532,0.029888797606000335,0.1728837690646532
816,0,train,16,0.03622426311392548,0.19032672727161964,0.0748803918223606,0.2736428179623222
816,1,train,2,0.11353652053079573,0.3369518074306706,0.0748803918223606,0.2736428179623222
816,-1,train,18,0.0748803918223606,0.2736428179623222,0.0748803918223606,0.2736428179623222
817,0,train,16,0.034681990088967905,0.1862310126938258,0.08023919102769689,0.28326523088387834
817,1,train,2,0.12579639196642586,0.35467787070301676,0.08023919102769689,0.28326523088387834
817,-1,train,18,0.08023919102769689,0.28326523088387834,0.08023919102769689,0.28326523088387834
818,0,train,16,0.049183518418018705,0.2217735746612267,0.02946827312871044,0.1716632550335407
818,1,train,2,0.009753027839402175,0.09875741916130745,0.02946827312871044,0.1716632550335407
818,-1,train,18,0.02946827312871044,0.1716632550335407,0.02946827312871044,0.1716632550335407
819,0,train,16,0.04972549452966118,0.22299214006251694,0.027549114789746594,0.16597926011928898
819,1,train,2,0.005372735049832012,0.07329894303352547,0.027549114789746594,0.16597926011928898
819,-1,train,18,0.027549114789746594,0.16597926011928898,0.027549114789746594,0.16597926011928898
820,0,train,16,0.03629331797642907,0.19050805226139148,0.07453398665969284,0.2730091329235944
820,1,train,2,0.11277465534295661,0.3358193790461721,0.07453398665969284,0.2730091329235944
820,-1,train,18,0.07453398665969284,0.2730091329235944,0.07453398665969284,0.2730091329235944
821,0,train,16,0.03888223057627358,0.19718577681028007,0.06540440985091713,0.2557428588463755
821,1,train,2,0.09192658912556066,0.3031939793689193,0.06540440985091713,0.2557428588463755
821,-1,train,18,0.06540440985091713,0.2557428588463755,0.06540440985091713,0.2557428588463755
822,0,train,16,0.036281419038505604,0.19047682021313145,0.07440711222030555,0.2727766709605232
822,1,train,2,0.1125328054021055,0.3354590964664776,0.07440711222030555,0.2727766709605232
822,-1,train,18,0.07440711222030555,0.2727766709605232,0.07440711222030555,0.2727766709605232
823,0,train,16,0.049653304021568354,0.2228302134396688,0.02754172513978384,0.16595699786325324
823,1,train,2,0.0054301462579993244,0.07368952610784876,0.02754172513978384,0.16595699786325324
823,-1,train,18,0.02754172513978384,0.16595699786325324,0.02754172513978384,0.16595699786325324
824,0,train,16,0.038998547777547,0.19748049973996673,0.06467789575623795,0.25431849275315777
824,1,train,2,0.09035724373492889,0.30059481654700715,0.06467789575623795,0.25431849275315777
824,-1,train,18,0.06467789575623795,0.25431849275315777,0.06467789575623795,0.25431849275315777
825,0,train,16,0.04966291078706578,0.22285176864244488,0.027271676761781778,0.16514138415848942
825,1,train,2,0.00488044273649778,0.06986016559168594,0.027271676761781778,0.16514138415848942
825,-1,train,18,0.027271676761781778,0.16514138415848942,0.027271676761781778,0.16514138415848942
826,0,train,16,0.048956916290107774,0.2212620986299004,0.02967785532679345,0.172272619202221
826,1,train,2,0.010398794363479121,0.10197447898116038,0.02967785532679345,0.172272619202221
826,-1,train,18,0.02967785532679345,0.172272619202221,0.02967785532679345,0.172272619202221
827,0,train,16,0.046814067093433026,0.21636558666625574,0.03703807295335705,0.19245278110060413
827,1,train,2,0.02726207881328107,0.16511232180937033,0.03703807295335705,0.19245278110060413
827,-1,train,18,0.03703807295335705,0.19245278110060413,0.03703807295335705,0.19245278110060413
828,0,train,16,0.04961107887432037,0.22273544593153638,0.02718408602496456,0.16487597164221524
828,1,train,2,0.00475709317560875,0.06897168386815528,0.02718408602496456,0.16487597164221524
828,-1,train,18,0.02718408602496456,0.16487597164221524,0.02718408602496456,0.16487597164221524
829,0,train,16,0.021915779994275124,0.14803979192864034,0.12403084967901973,0.35218013810977433
829,1,train,2,0.22614591936376433,0.4755480200397898,0.12403084967901973,0.35218013810977433
829,-1,train,18,0.12403084967901973,0.35218013810977433,0.12403084967901973,0.35218013810977433
830,0,train,16,0.049458885172334384,0.22239353671438922,0.02758454353375204,0.1660859522468774
830,1,train,2,0.005710201895169691,0.07556587784952737,0.02758454353375204,0.1660859522468774
830,-1,train,18,0.02758454353375204,0.1660859522468774,0.02758454353375204,0.1660859522468774
831,0,train,16,0.047732469871757166,0.21847761869756172,0.03364841346190118,0.18343503880638828
831,1,train,2,0.019564357052045196,0.1398726458320039,0.03364841346190118,0.18343503880638828
831,-1,train,18,0.03364841346190118,0.18343503880638828,0.03364841346190118,0.18343503880638828
832,0,train,16,0.04705557228275596,0.21692296393594654,0.03584795163106891,0.1893355530033092
832,1,train,2,0.02464033097938185,0.1569723892262007,0.03584795163106891,0.1893355530033092
832,-1,train,18,0.03584795163106891,0.1893355530033092,0.03584795163106891,0.1893355530033092
833,0,train,16,0.049389495532928415,0.22223747553670695,0.02765329890765125,0.16629281075155128
833,1,train,2,0.00591710228237408,0.0769227032960626,0.02765329890765125,0.16629281075155128
833,-1,train,18,0.02765329890765125,0.16629281075155128,0.02765329890765125,0.16629281075155128
834,0,train,16,0.03545766169171391,0.1883020490905872,0.07640837452366538,0.2764206477882312
834,1,train,2,0.11735908735561684,0.3425771261418614,0.07640837452366538,0.2764206477882312
834,-1,train,18,0.07640837452366538,0.2764206477882312,0.07640837452366538,0.2764206477882312
835,0,train,16,0.03604153909797236,0.18984609318596038,0.07440827665658402,0.27277880536541693
835,1,train,2,0.11277501421519569,0.33581991336904915,0.07440827665658402,0.27277880536541693
835,-1,train,18,0.07440827665658402,0.27277880536541693,0.07440827665658402,0.27277880536541693
836,0,train,16,0.049393492123504655,0.22224646706641854,0.027659718715300034,0.16631211235294932
836,1,train,2,0.005925945307095416,0.07698016177623568,0.027659718715300034,0.16631211235294932
836,-1,train,18,0.027659718715300034,0.16631211235294932,0.027659718715300034,0.16631211235294932
837,0,train,16,0.04881841100208976,0.22094888775934074,0.029635172726125644,0.1721486936521031
837,1,train,2,0.010451934450161527,0.10223470276849014,0.029635172726125644,0.1721486936521031
837,-1,train,18,0.029635172726125644,0.1721486936521031,0.029635172726125644,0.1721486936521031
838,0,train,16,0.03517275368021555,0.18754400465015017,0.07742449507572541,0.2782525742481557
838,1,train,2,0.11967623647123526,0.34594253348097465,0.07742449507572541,0.2782525742481557
838,-1,train,18,0.07742449507572541,0.2782525742481557,0.07742449507572541,0.2782525742481557
839,0,train,16,0.03238379727360886,0.1799549867983904,0.08713632785491812,0.29518863097165193
839,1,train,2,0.1418888584362274,0.37668137521813766,0.08713632785491812,0.29518863097165193
839,-1,train,18,0.08713632785491812,0.29518863097165193,0.08713632785491812,0.29518863097165193
840,0,train,16,0.04929721811892082,0.22202976854224035,0.027890425519721526,0.16700426796858076
840,1,train,2,0.006483632920522229,0.08052100918718189,0.027890425519721526,0.16700426796858076
840,-1,train,18,0.027890425519721526,0.16700426796858076,0.027890425519721526,0.16700426796858076
841,0,train,16,0.03871320940084949,0.19675672644372158,0.06482431557533054,0.254606197048168
841,1,train,2,0.09093542174981159,0.30155500617600695,0.06482431557533054,0.254606197048168
841,-1,train,18,0.06482431557533054,0.254606197048168,0.06482431557533054,0.254606197048168
842,0,train,16,0.04941292392025167,0.2222901795407338,0.02731850608596032,0.16528310889489078
842,1,train,2,0.00522408825166897,0.0722778545037757,0.02731850608596032,0.16528310889489078
842,-1,train,18,0.02731850608596032,0.16528310889489078,0.02731850608596032,0.16528310889489078
843,0,train,16,0.049183894939647914,0.22177442354709867,0.028033530910227054,0.16743216808674208
843,1,train,2,0.006883166880806193,0.08296485328623315,0.028033530910227054,0.16743216808674208
843,-1,train,18,0.028033530910227054,0.16743216808674208,0.028033530910227054,0.16743216808674208
844,0,train,16,0.04513584823131923,0.2124519904150564,0.0421619711275137,0.2053338041519557
844,1,train,2,0.03918809402370818,0.1979598293182437,0.0421619711275137,0.2053338041519557
844,-1,train,18,0.0421619711275137,0.2053338041519557,0.0421619711275137,0.2053338041519557
845,0,train,16,0.04832288197779909,0.2198246618962465,0.03091328324245632,0.17582173711591043
845,1,train,2,0.013503684507113551,0.1162053548986171,0.03091328324245632,0.17582173711591043
845,-1,train,18,0.03091328324245632,0.17582173711591043,0.03091328324245632,0.17582173711591043
846,0,train,16,0.04839608211672159,0.21999109553961857,0.030617459360534595,0.17497845398944006
846,1,train,2,0.012838836604347596,0.11330859016132712,0.030617459360534595,0.17497845398944006
846,-1,train,18,0.030617459360534595,0.17497845398944006,0.030617459360534595,0.17497845398944006
847,0,train,16,0.049243221476101925,0.22190813747157162,0.02760411205577238,0.16614485263098697
847,1,train,2,0.005965002635442837,0.07723342952014262,0.02760411205577238,0.16614485263098697
847,-1,train,18,0.02760411205577238,0.16614485263098697,0.02760411205577238,0.16614485263098697
848,0,train,16,0.036076880303600005,0.18993914894934116,0.07364099666814151,0.2713687466679638
848,1,train,2,0.11120511303268303,0.33347430640558057,0.07364099666814151,0.2713687466679638
848,-1,train,18,0.07364099666814151,0.2713687466679638,0.07364099666814151,0.2713687466679638
849,0,train,16,0.048624701094200376,0.2205100929531353,0.029687278384921363,0.17229996629402272
849,1,train,2,0.010749855675642347,0.10368151077044714,0.029687278384921363,0.17229996629402272
849,-1,train,18,0.029687278384921363,0.17229996629402272,0.029687278384921363,0.17229996629402272
850,0,train,16,0.04913489832726139,0.2216639310471178,0.027820489260666093,0.16679475189785226
850,1,train,2,0.006506080194070796,0.0806602764319017,0.027820489260666093,0.16679475189785226
850,-1,train,18,0.027820489260666093,0.16679475189785226,0.027820489260666093,0.16679475189785226
851,0,train,16,0.03494209025673222,0.18692803496728955,0.07746371236550538,0.27832303599505626
851,1,train,2,0.11998533447427855,0.3463889930039327,0.07746371236550538,0.27832303599505626
851,-1,train,18,0.07746371236550538,0.27832303599505626,0.07746371236550538,0.27832303599505626
852,0,train,16,0.03329052311874551,0.18245690756654162,0.08317867594903669,0.28840713574569665
852,1,train,2,0.13306682877932788,0.36478326274560335,0.08317867594903669,0.28840713574569665
852,-1,train,18,0.08317867594903669,0.28840713574569665,0.08317867594903669,0.28840713574569665
853,0,train,16,0.036034914311907154,0.1898286446032504,0.07347866339504353,0.27106948075178716
853,1,train,2,0.11092241247817988,0.33305016510757035,0.07347866339504353,0.27106948075178716
853,-1,train,18,0.07347866339504353,0.27106948075178716,0.07347866339504353,0.27106948075178716
854,0,train,16,0.03863399523500951,0.19655532359875047,0.06430092215483477,0.2535762649674349
854,1,train,2,0.08996784907466002,0.29994641033801356,0.06430092215483477,0.2535762649674349
854,-1,train,18,0.06430092215483477,0.2535762649674349,0.06430092215483477,0.2535762649674349
855,0,train,16,0.04908289633537324,0.2215466008210761,0.027711425977488206,0.1664674922544585
855,1,train,2,0.006339955619603174,0.07962383826218863,0.027711425977488206,0.1664674922544585
855,-1,train,18,0.027711425977488206,0.1664674922544585,0.027711425977488206,0.1664674922544585
856,0,train,16,0.046581218469278055,0.2158268251846328,0.036460501496181796,0.1909463314551547
856,1,train,2,0.026339784523085545,0.16229536198883054,0.036460501496181796,0.1909463314551547
856,-1,train,18,0.036460501496181796,0.1909463314551547,0.036460501496181796,0.1909463314551547
857,0,train,16,0.04829509656325319,0.2197614537703398,0.030332826163746718,0.17416321702284532
857,1,train,2,0.012370555764240244,0.11122300015842157,0.030332826163746718,0.17416321702284532
857,-1,train,18,0.030332826163746718,0.17416321702284532,0.030332826163746718,0.17416321702284532
858,0,train,16,0.03604971107379816,0.18986761459974727,0.07313029590978504,0.2704261376231688
858,1,train,2,0.1102108807457719,0.3319802414990565,0.07313029590978504,0.2704261376231688
858,-1,train,18,0.07313029590978504,0.2704261376231688,0.07313029590978504,0.2704261376231688
859,0,train,16,0.04824253884333275,0.21964184219618255,0.03040523525243216,0.174370970211306
859,1,train,2,0.012567931661531574,0.1121067868665032,0.03040523525243216,0.174370970211306
859,-1,train,18,0.03040523525243216,0.174370970211306,0.03040523525243216,0.174370970211306
860,0,train,16,0.04813155937606264,0.21938905938096057,0.030745440992749833,0.1753437794526793
860,1,train,2,0.013359322609437025,0.11558253591887066,0.030745440992749833,0.1753437794526793
860,-1,train,18,0.030745440992749833,0.1753437794526793,0.030745440992749833,0.1753437794526793
861,0,train,16,0.04919325590968696,0.22179552725356516,0.026986012631679875,0.16427419953139286
861,1,train,2,0.004778769353672785,0.06912864351101347,0.026986012631679875,0.16427419953139286
861,-1,train,18,0.026986012631679875,0.16427419953139286,0.026986012631679875,0.16427419953139286
862,0,train,16,0.03595821791849678,0.18962652219164064,0.07325242120909001,0.2706518450132753
862,1,train,2,0.11054662449968322,0.3324855252483681,0.07325242120909001,0.2706518450132753
862,-1,train,18,0.07325242120909001,0.2706518450132753,0.07325242120909001,0.2706518450132753
863,0,train,16,0.047301987476697074,0.21749020087511317,0.03360805284291543,0.18332499241215158
863,1,train,2,0.019914118209133795,0.141117391589888,0.03360805284291543,0.18332499241215158
863,-1,train,18,0.03360805284291543,0.18332499241215158,0.03360805284291543,0.18332499241215158
864,0,train,16,0.04808112117941713,0.2192740777643749,0.03072967678270612,0.17529882139565606
864,1,train,2,0.01337823238599511,0.115664309041273,0.03072967678270612,0.17529882139565606
864,-1,train,18,0.03072967678270612,0.17529882139565606,0.03072967678270612,0.17529882139565606
865,0,train,16,0.048223661004551104,0.21959886385077473,0.03021280117818527,0.17381829931910298
865,1,train,2,0.012201941351819432,0.11046239790905968,0.03021280117818527,0.17381829931910298
865,-1,train,18,0.03021280117818527,0.17381829931910298,0.03021280117818527,0.17381829931910298
866,0,train,16,0.035070207447788035,0.18727041263314403,0.07620562347798743,0.27605366050459723
866,1,train,2,0.11734103950818683,0.34255078383823157,0.07620562347798743,0.27605366050459723
866,-1,train,18,0.07620562347798743,0.27605366050459723,0.07620562347798743,0.27605366050459723
867,0,train,16,0.0341961276490822,0.18492195015487534,0.07918804630643932,0.28140370698773554
867,1,train,2,0.12417996496379644,0.352391777662017,0.07918804630643932,0.28140370698773554
867,-1,train,18,0.07918804630643932,0.28140370698773554,0.07918804630643932,0.28140370698773554
868,0,train,16,0.04900954386561291,0.22138099255720423,0.027310622015844627,0.16525925697474447
868,1,train,2,0.005611700166076342,0.07491128196791416,0.027310622015844627,0.16525925697474447
868,-1,train,18,0.027310622015844627,0.16525925697474447,0.027310622015844627,0.16525925697474447
869,0,train,16,0.04823254191325643,0.2196190836727456,0.02996681294925345,0.17310925148371895
869,1,train,2,0.011701083985250466,0.1081715488714591,0.02996681294925345,0.17310925148371895
869,-1,train,18,0.02996681294925345,0.17310925148371895,0.02996681294925345,0.17310925148371895
870,0,train,16,0.04889512190968599,0.2211224138564112,0.027602478353934878,0.16613993605974114
870,1,train,2,0.006309834798183762,0.07943446857746178,0.027602478353934878,0.16613993605974114
870,-1,train,18,0.027602478353934878,0.16613993605974114,0.027602478353934878,0.16613993605974114
871,0,train,16,0.0463973633027734,0.21540047191864134,0.03631778835285843,0.19057226543455486
871,1,train,2,0.026238213402943456,0.16198213914794266,0.03631778835285843,0.19057226543455486
871,-1,train,18,0.03631778835285843,0.19057226543455486,0.03631778835285843,0.19057226543455486
872,0,train,16,0.048233681169283796,0.21962167736652,0.02983363195337472,0.17272414988464907
872,1,train,2,0.011433582737465645,0.10692793244735281,0.02983363195337472,0.17272414988464907
872,-1,train,18,0.02983363195337472,0.17272414988464907,0.02983363195337472,0.17272414988464907
873,0,train,16,0.046581161184356214,0.2158266924742077,0.03554199236852207,0.18852584005520853
873,1,train,2,0.02450282355268793,0.15653377767334414,0.03554199236852207,0.18852584005520853
873,-1,train,18,0.03554199236852207,0.18852584005520853,0.03554199236852207,0.18852584005520853
874,0,train,16,0.034905113205753194,0.1868291016029173,0.0765097095408252,0.27660388562134336
874,1,train,2,0.11811430587589722,0.3436776191082236,0.0765097095408252,0.27660388562134336
874,-1,train,18,0.0765097095408252,0.27660388562134336,0.0765097095408252,0.27660388562134336
875,0,train,16,0.04900398787019185,0.2213684437091065,0.027110504214734262,0.16465267752069584
875,1,train,2,0.005217020559276678,0.07222894543932286,0.027110504214734262,0.16465267752069584
875,-1,train,18,0.027110504214734262,0.16465267752069584,0.027110504214734262,0.16465267752069584
876,0,train,16,0.034740193099409664,0.18638721281088375,0.07705495988334293,0.27758775168105476
876,1,train,2,0.11936972666727622,0.34549924264356385,0.07705495988334293,0.27758775168105476
876,-1,train,18,0.07705495988334293,0.27758775168105476,0.07705495988334293,0.27758775168105476
877,0,train,16,0.038521771590261294,0.19626964001154457,0.06378759538287422,0.25256206243787727
877,1,train,2,0.08905341917548715,0.29841819511465306,0.06378759538287422,0.25256206243787727
877,-1,train,18,0.06378759538287422,0.25256206243787727,0.06378759538287422,0.25256206243787727
878,0,train,16,0.04899513502905543,0.22134844708977613,0.027080928255028242,0.1645628398364231
878,1,train,2,0.005166721481001058,0.07187991013489832,0.027080928255028242,0.1645628398364231
878,-1,train,18,0.027080928255028242,0.1645628398364231,0.027080928255028242,0.1645628398364231
879,0,train,16,0.03390314731022936,0.18412807311822213,0.07982615426695042,0.28253522659475655
879,1,train,2,0.12574916122367147,0.3546112818618035,0.07982615426695042,0.28253522659475655
879,-1,train,18,0.07982615426695042,0.28253522659475655,0.07982615426695042,0.28253522659475655
880,0,train,16,0.048816409557237775,0.22094435850964328,0.02758131845040314,0.16607624288381267
880,1,train,2,0.006346227343568503,0.07966321198375385,0.02758131845040314,0.16607624288381267
880,-1,train,18,0.02758131845040314,0.16607624288381267,0.02758131845040314,0.16607624288381267
881,0,train,16,0.04881478520342779,0.22094068254494867,0.02749069928327934,0.16580319443026223
881,1,train,2,0.0061666133631308965,0.07852778720383567,0.02749069928327934,0.16580319443026223
881,-1,train,18,0.02749069928327934,0.16580319443026223,0.02749069928327934,0.16580319443026223
882,0,train,16,0.04798492330898241,0.21905461261745302,0.03031198533211962,0.17410337541851284
882,1,train,2,0.012639047355256833,0.11242351780324628,0.03031198533211962,0.17410337541851284
882,-1,train,18,0.03031198533211962,0.17410337541851284,0.03031198533211962,0.17410337541851284
883,0,train,16,0.03472190403492396,0.1863381443369123,0.07665512503897648,0.2768666195823839
883,1,train,2,0.118588346043029,0.34436658671106435,0.07665512503897648,0.2768666195823839
883,-1,train,18,0.07665512503897648,0.2768666195823839,0.07665512503897648,0.2768666195823839
884,0,train,16,0.04805561825379355,0.2192159169718147,0.02997522440729585,0.1731335450087471
884,1,train,2,0.011894830560798157,0.1090634244868469,0.02997522440729585,0.1731335450087471
884,-1,train,18,0.02997522440729585,0.1731335450087471,0.02997522440729585,0.1731335450087471
885,0,train,16,0.04890997892878908,0.22115600586190076,0.02687338314215698,0.16393103166318748
885,1,train,2,0.0048367873555248825,0.06954701543218718,0.02687338314215698,0.16393103166318748
885,-1,train,18,0.02687338314215698,0.16393103166318748,0.02687338314215698,0.16393103166318748
886,0,train,16,0.048708335770134566,0.22069965058906316,0.02752556909130297,0.1659083153169333
886,1,train,2,0.006342802412471369,0.07964171276706303,0.02752556909130297,0.1659083153169333
886,-1,train,18,0.02752556909130297,0.1659083153169333,0.02752556909130297,0.1659083153169333
887,0,train,16,0.047222787570694424,0.217308047643649,0.03271845008786127,0.18088242061588314
887,1,train,2,0.018214112605028112,0.1349596702908988,0.03271845008786127,0.18088242061588314
887,-1,train,18,0.03271845008786127,0.18088242061588314,0.03271845008786127,0.18088242061588314
888,0,train,16,0.025316991519842007,0.1591131406259144,0.109396573768232,0.3307515287466288
888,1,train,2,0.193476156016622,0.4398592456873244,0.109396573768232,0.3307515287466288
888,-1,train,18,0.109396573768232,0.3307515287466288,0.109396573768232,0.3307515287466288
889,0,train,16,0.03573985111686296,0.1890498641016781,0.07278399882069261,0.2697850974770338
889,1,train,2,0.10982814652452226,0.331403298904103,0.07278399882069261,0.2697850974770338
889,-1,train,18,0.07278399882069261,0.2697850974770338,0.07278399882069261,0.2697850974770338
890,0,train,16,0.04869666913331543,0.22067321797924513,0.02740819920296343,0.16555421831823985
890,1,train,2,0.006119729272611424,0.07822869852305753,0.02740819920296343,0.16555421831823985
890,-1,train,18,0.02740819920296343,0.16555421831823985,0.02740819920296343,0.16555421831823985
891,0,train,16,0.0347908142991537,0.1865229591743432,0.07597308352527202,0.275632152560749
891,1,train,2,0.11715535275139033,0.3422796411582061,0.07597308352527202,0.275632152560749
891,-1,train,18,0.07597308352527202,0.275632152560749,0.07597308352527202,0.275632152560749
892,0,train,16,0.04884733520430535,0.22101433257665745,0.026743767535085828,0.16353521802683918
892,1,train,2,0.004640199865866305,0.06811901251388121,0.026743767535085828,0.16353521802683918
892,-1,train,18,0.026743767535085828,0.16353521802683918,0.026743767535085828,0.16353521802683918
893,0,train,16,0.04879718027704005,0.22090083810850528,0.02685820537906198,0.1638847319888646
893,1,train,2,0.004919230481083904,0.07013722607206464,0.02685820537906198,0.1638847319888646
893,-1,train,18,0.02685820537906198,0.1638847319888646,0.02685820537906198,0.1638847319888646
894,0,train,16,0.04870232470940668,0.22068603197621428,0.027139663272094997,0.1647412008942966
894,1,train,2,0.005577001834783319,0.07467932668940795,0.027139663272094997,0.1647412008942966
894,-1,train,18,0.027139663272094997,0.1647412008942966,0.027139663272094997,0.1647412008942966
895,0,train,16,0.0469599056853983,0.21670234351616574,0.033261233362180564,0.1823766250432894
895,1,train,2,0.019562561038962836,0.13986622551196137,0.033261233362180564,0.1823766250432894
895,-1,train,18,0.033261233362180564,0.1823766250432894,0.033261233362180564,0.1823766250432894
896,0,train,16,0.046147553099374225,0.2148198154253332,0.03600826476122596,0.18975843791838604
896,1,train,2,0.0258689764230777,0.16083835495017257,0.03600826476122596,0.18975843791838604
896,-1,train,18,0.03600826476122596,0.18975843791838604,0.03600826476122596,0.18975843791838604
897,0,train,16,0.048644462967171224,0.2205548978535077,0.027206564974699636,0.16494412682693385
897,1,train,2,0.005768666982228047,0.07595174114020065,0.027206564974699636,0.16494412682693385
897,-1,train,18,0.027206564974699636,0.16494412682693385,0.027206564974699636,0.16494412682693385
898,0,train,16,0.04856672935159696,0.22037860456858546,0.027432435148205193,0.16562739854325187
898,1,train,2,0.006298140944813423,0.07936082752097172,0.027432435148205193,0.16562739854325187
898,-1,train,18,0.027432435148205193,0.16562739854325187,0.027432435148205193,0.16562739854325187
899,0,train,16,0.03835645295041774,0.19584803534990525,0.06315051265571858,0.2512976574815583
899,1,train,2,0.08794457236101942,0.29655450150186463,0.06315051265571858,0.2512976574815583
899,-1,train,18,0.06315051265571858,0.2512976574815583,0.06315051265571858,0.2512976574815583
900,0,train,16,0.04592194914092902,0.21429407164205225,0.03661005001365397,0.1913375290256827
900,1,train,2,0.02729815088637893,0.16522152065145426,0.03661005001365397,0.1913375290256827
900,-1,train,18,0.03661005001365397,0.1913375290256827,0.03661005001365397,0.1913375290256827
901,0,train,16,0.0476973450234391,0.21839721844254129,0.030353005559915602,0.17422113981924123
901,1,train,2,0.013008666096392101,0.1140555395252335,0.030353005559915602,0.17422113981924123
901,-1,train,18,0.030353005559915602,0.17422113981924123,0.030353005559915602,0.17422113981924123
902,0,train,16,0.03474061486972364,0.1863883442432054,0.0756559889665799,0.27505633780478483
902,1,train,2,0.11657136306343618,0.34142548683927537,0.0756559889665799,0.27505633780478483
902,-1,train,18,0.0756559889665799,0.27505633780478483,0.0756559889665799,0.27505633780478483
903,0,train,16,0.04872776768339946,0.22074366963380732,0.026664823834386692,0.1632936735895996
903,1,train,2,0.0046018799853739245,0.06783715785153388,0.026664823834386692,0.1632936735895996
903,-1,train,18,0.026664823834386692,0.1632936735895996,0.026664823834386692,0.1632936735895996
904,0,train,16,0.04683312220695986,0.21640961671552367,0.033337142588225024,0.18258461761119152
904,1,train,2,0.01984116296949019,0.14085866309705694,0.033337142588225024,0.18258461761119152
904,-1,train,18,0.033337142588225024,0.18258461761119152,0.033337142588225024,0.18258461761119152
905,0,train,16,0.03285304598042664,0.18125409231359893,0.0821203079153355,0.28656641100334057
905,1,train,2,0.13138756985024438,0.3624742333604478,0.0821203079153355,0.28656641100334057
905,-1,train,18,0.0821203079153355,0.28656641100334057,0.0821203079153355,0.28656641100334057
906,0,train,16,0.03382792289987655,0.1839236877073656,0.0785836236556734,0.2803277076132029
906,1,train,2,0.12333932441147025,0.3511969880444168,0.0785836236556734,0.2803277076132029
906,-1,train,18,0.0785836236556734,0.2803277076132029,0.0785836236556734,0.2803277076132029
907,0,train,16,0.03453958102794722,0.18584827421299133,0.07613969999488718,0.2759342312850785
907,1,train,2,0.11773981896182713,0.34313236361763827,0.07613969999488718,0.2759342312850785
907,-1,train,18,0.07613969999488718,0.2759342312850785,0.07613969999488718,0.2759342312850785
908,0,train,16,0.04775048001350155,0.21851883217128348,0.02985296399229327,0.17278010299885016
908,1,train,2,0.011955447971084995,0.10934097114570089,0.02985296399229327,0.17278010299885016
908,-1,train,18,0.02985296399229327,0.17278010299885016,0.02985296399229327,0.17278010299885016
909,0,train,16,0.03463178815419769,0.18609617984847968,0.0757138604629232,0.2751615170457584
909,1,train,2,0.11679593277164868,0.34175419934749696,0.0757138604629232,0.2751615170457584
909,-1,train,18,0.0757138604629232,0.2751615170457584,0.0757138604629232,0.2751615170457584
910,0,train,16,0.025232395751089376,0.15884708291652502,0.10852932362957632,0.329437890397532
910,1,train,2,0.19182625150806326,0.4379797386958251,0.10852932362957632,0.329437890397532
910,-1,train,18,0.10852932362957632,0.329437890397532,0.10852932362957632,0.329437890397532
911,0,train,16,0.04778773810056964,0.21860406698085386,0.029601819985151656,0.17205179448396246
911,1,train,2,0.011415901869733677,0.10684522389762528,0.029601819985151656,0.17205179448396246
911,-1,train,18,0.029601819985151656,0.17205179448396246,0.029601819985151656,0.17205179448396246
912,0,train,16,0.04842931279016117,0.22006660989382548,0.027281319018559843,0.16517057552288134
912,1,train,2,0.0061333252469585155,0.07831554920294255,0.027281319018559843,0.16517057552288134
912,-1,train,18,0.027281319018559843,0.16517057552288134,0.027281319018559843,0.16517057552288134
913,0,train,16,0.0476291565500608,0.2182410514776283,0.03002689047156748,0.17328268947464856
913,1,train,2,0.012424624393074155,0.11146579920798197,0.03002689047156748,0.17328268947464856
913,-1,train,18,0.03002689047156748,0.17328268947464856,0.03002689047156748,0.17328268947464856
914,0,train,16,0.04852343050644249,0.2202803452567716,0.026842657236463636,0.16383728890720706
914,1,train,2,0.005161883966484781,0.07184625227863163,0.026842657236463636,0.16383728890720706
914,-1,train,18,0.026842657236463636,0.16383728890720706,0.026842657236463636,0.16383728890720706
915,0,train,16,0.033043185270202204,0.18177784592794086,0.08097080794663543,0.2845536995834625
915,1,train,2,0.12889843062306866,0.35902427581302726,0.08097080794663543,0.2845536995834625
915,-1,train,18,0.08097080794663543,0.2845536995834625,0.08097080794663543,0.2845536995834625
916,0,train,16,0.033053217673304776,0.18180543906414015,0.08085475962339925,0.28434971359823674
916,1,train,2,0.12865630157349373,0.35868691302233724,0.08085475962339925,0.28434971359823674
916,-1,train,18,0.08085475962339925,0.28434971359823674,0.08085475962339925,0.28434971359823674
917,0,train,16,0.04761225310100321,0.21820232148399157,0.029964191051217424,0.1731016783604868
917,1,train,2,0.012316129001431636,0.11097805639599045,0.029964191051217424,0.1731016783604868
917,-1,train,18,0.029964191051217424,0.1731016783604868,0.029964191051217424,0.1731016783604868
918,0,train,16,0.048303105502293435,0.21977967490715203,0.02752971200724132,0.16592080040561918
918,1,train,2,0.006756318512189208,0.08219682787181758,0.02752971200724132,0.16592080040561918
918,-1,train,18,0.02752971200724132,0.16592080040561918,0.02752971200724132,0.16592080040561918
919,0,train,16,0.047606323677699444,0.2181887340760275,0.029951866423930218,0.17306607531209062
919,1,train,2,0.012297409170160988,0.11089368408597934,0.029951866423930218,0.17306607531209062
919,-1,train,18,0.029951866423930218,0.17306607531209062,0.029951866423930218,0.17306607531209062
920,0,train,16,0.04694477241933362,0.21666742353047358,0.032226056009785876,0.1795161720007027
920,1,train,2,0.017507339600238137,0.1323153037265083,0.032226056009785876,0.1795161720007027
920,-1,train,18,0.032226056009785876,0.1795161720007027,0.032226056009785876,0.1795161720007027
921,0,train,16,0.0481860817805088,0.21951328383610136,0.027853235002312828,0.16689288481631812
921,1,train,2,0.00752038822411685,0.0867201719562228,0.027853235002312828,0.16689288481631812
921,-1,train,18,0.027853235002312828,0.16689288481631812,0.027853235002312828,0.16689288481631812
922,0,train,16,0.04621069329119978,0.21496672600939842,0.03473386107095,0.18637022581665239
922,1,train,2,0.023257028850700218,0.15250255358747347,0.03473386107095,0.18637022581665239
922,-1,train,18,0.03473386107095,0.18637022581665239,0.03473386107095,0.18637022581665239
923,0,train,16,0.037513154923237646,0.19368313019785086,0.06523588954665982,0.25541317418383064
923,1,train,2,0.09295862417008201,0.30489116774692243,0.06523588954665982,0.25541317418383064
923,-1,train,18,0.06523588954665982,0.25541317418383064,0.06523588954665982,0.25541317418383064
924,0,train,16,0.03547544272647417,0.188349257302688,0.07245384168865782,0.26917251287725835
924,1,train,2,0.10943224065084148,0.3308054422932632,0.07245384168865782,0.26917251287725835
924,-1,train,18,0.07245384168865782,0.26917251287725835,0.07245384168865782,0.26917251287725835
925,0,train,16,0.034496036063273214,0.18573108534457342,0.07586994632194374,0.27544499690853663
925,1,train,2,0.11724385658061427,0.3424089026012821,0.07586994632194374,0.27544499690853663
925,-1,train,18,0.07586994632194374,0.27544499690853663,0.07586994632194374,0.27544499690853663
926,0,train,16,0.04845261471483039,0.22011954641701037,0.026991856903336196,0.16429198672892173
926,1,train,2,0.005531099091842001,0.07437135935184996,0.026991856903336196,0.16429198672892173
926,-1,train,18,0.026991856903336196,0.16429198672892173,0.026991856903336196,0.16429198672892173
927,0,train,16,0.047202968622934126,0.21726244181389043,0.03132217142226557,0.17698070918115785
927,1,train,2,0.015441374221597023,0.12426332613284187,0.03132217142226557,0.17698070918115785
927,-1,train,18,0.03132217142226557,0.17698070918115785,0.03132217142226557,0.17698070918115785
928,0,train,16,0.048344348589997053,0.2198734831442779,0.027258517553738836,0.16510153710289566
928,1,train,2,0.00617268651748062,0.07856644651173057,0.027258517553738836,0.16510153710289566
928,-1,train,18,0.027258517553738836,0.16510153710289566,0.027258517553738836,0.16510153710289566
929,0,train,16,0.035433079659673516,0.1882367648990853,0.07245342249308857,0.26917173420158474
929,1,train,2,0.10947376532650363,0.33086819932792516,0.07245342249308857,0.26917173420158474
929,-1,train,18,0.07245342249308857,0.26917173420158474,0.07245342249308857,0.26917173420158474
930,0,train,16,0.04574374232542624,0.21387786777838008,0.0362936005729929,0.1905087939518617
930,1,train,2,0.02684345882055956,0.16383973516995062,0.0362936005729929,0.1905087939518617
930,-1,train,18,0.0362936005729929,0.1905087939518617,0.0362936005729929,0.1905087939518617
931,0,train,16,0.0484317503027184,0.22007214794861799,0.02680197555407126,0.16371308913483754
931,1,train,2,0.005172200805424116,0.07191801447081334,0.02680197555407126,0.16371308913483754
931,-1,train,18,0.02680197555407126,0.16371308913483754,0.02680197555407126,0.16371308913483754
932,0,train,16,0.047442241284807965,0.2178123992907841,0.030152258538478964,0.17364405702032812
932,1,train,2,0.012862275792149967,0.11341197376004866,0.030152258538478964,0.17364405702032812
932,-1,train,18,0.030152258538478964,0.17364405702032812,0.030152258538478964,0.17364405702032812
933,0,train,16,0.037894306688240786,0.19466460050106899,0.06345508144504208,0.2519029206758867
933,1,train,2,0.08901585620184338,0.2983552516746494,0.06345508144504208,0.2519029206758867
933,-1,train,18,0.06345508144504208,0.2519029206758867,0.06345508144504208,0.2519029206758867
934,0,train,16,0.04732057809720597,0.2175329356608005,0.030343921344742057,0.17419506693572598
934,1,train,2,0.013367264592278143,0.11561688714144722,0.030343921344742057,0.17419506693572598
934,-1,train,18,0.030343921344742057,0.17419506693572598,0.030343921344742057,0.17419506693572598
935,0,train,16,0.0456676271188425,0.2136998528751073,0.03599743333404946,0.189729895730877
935,1,train,2,0.02632723954925641,0.16225670879583504,0.03599743333404946,0.189729895730877
935,-1,train,18,0.03599743333404946,0.189729895730877,0.03599743333404946,0.189729895730877
936,0,train,16,0.04815364644669502,0.21943939128309445,0.027195119110812238,0.16490942699194683
936,1,train,2,0.006236591774929452,0.07897209491288332,0.027195119110812238,0.16490942699194683
936,-1,train,18,0.027195119110812238,0.16490942699194683,0.027195119110812238,0.16490942699194683
937,0,train,16,0.04825491580775829,0.21967001572303466,0.026719111747434115,0.16345981691973754
937,1,train,2,0.005183307687109934,0.0719951921110704,0.026719111747434115,0.16345981691973754
937,-1,train,18,0.026719111747434115,0.16345981691973754,0.026719111747434115,0.16345981691973754
938,0,train,16,0.045655827573978916,0.21367224334007193,0.035712314318754504,0.18897702061032315
938,1,train,2,0.025768801063530095,0.16052663661688704,0.035712314318754504,0.18897702061032315
938,-1,train,18,0.035712314318754504,0.18897702061032315,0.035712314318754504,0.18897702061032315
939,0,train,16,0.021398871358510266,0.14628353071521846,0.12051685981032483,0.3471553828047677
939,1,train,2,0.2196348482621394,0.4686521612690369,0.12051685981032483,0.3471553828047677
939,-1,train,18,0.12051685981032483,0.3471553828047677,0.12051685981032483,0.3471553828047677
940,0,train,16,0.04809842381198387,0.21931352856580433,0.02700246836349514,0.16432427807081684
940,1,train,2,0.005906512915006409,0.07685384125082109,0.02700246836349514,0.16432427807081684
940,-1,train,18,0.02700246836349514,0.16432427807081684,0.02700246836349514,0.16432427807081684
941,0,train,16,0.03176835320871671,0.17823678971726548,0.08401585209432492,0.2898548810945314
941,1,train,2,0.13626335097993314,0.3691386609120388,0.08401585209432492,0.2898548810945314
941,-1,train,18,0.08401585209432492,0.2898548810945314,0.08401585209432492,0.2898548810945314
942,0,train,16,0.037960220917854906,0.19483382898730628,0.062272212168905404,0.24954400848128053
942,1,train,2,0.0865842034199559,0.2942519386851273,0.062272212168905404,0.24954400848128053
942,-1,train,18,0.062272212168905404,0.24954400848128053,0.062272212168905404,0.24954400848128053
943,0,train,16,0.04816359258662524,0.2194620527258078,0.026585871948740226,0.16305174623026958
943,1,train,2,0.005008151310855209,0.07076829311814162,0.026585871948740226,0.16305174623026958
943,-1,train,18,0.026585871948740226,0.16305174623026958,0.026585871948740226,0.16305174623026958
944,0,train,16,0.04799694027377253,0.21908204005297313,0.027139315504747283,0.16474014539494397
944,1,train,2,0.006281690735722038,0.07925711788679954,0.027139315504747283,0.16474014539494397
944,-1,train,18,0.027139315504747283,0.16474014539494397,0.027139315504747283,0.16474014539494397
945,0,train,16,0.03431804523530768,0.18525130292472353,0.07495752249317963,0.2737837148063771
945,1,train,2,0.11559699975105157,0.3399955878405653,0.07495752249317963,0.2737837148063771
945,-1,train,18,0.07495752249317963,0.2737837148063771,0.07495752249317963,0.2737837148063771
946,0,train,16,0.03528159310703295,0.18783395089022897,0.0715673408531548,0.2675207297634238
946,1,train,2,0.10785308859927667,0.3284099398606514,0.0715673408531548,0.2675207297634238
946,-1,train,18,0.0715673408531548,0.2675207297634238,0.0715673408531548,0.2675207297634238
947,0,train,16,0.03445226403487073,0.18561321083066995,0.07451223876780368,0.27296930004636727
947,1,train,2,0.11457221350073662,0.3384851747133641,0.07451223876780368,0.27296930004636727
947,-1,train,18,0.07451223876780368,0.27296930004636727,0.07451223876780368,0.27296930004636727
948,0,train,16,0.04796961590865812,0.2190196701409673,0.027200470197808073,0.16492565051503685
948,1,train,2,0.006431324486958022,0.08019553907143478,0.027200470197808073,0.16492565051503685
948,-1,train,18,0.027200470197808073,0.16492565051503685,0.027200470197808073,0.16492565051503685
949,0,train,16,0.037898486381120554,0.194675335831534,0.06238704018351279,0.2497739781953132
949,1,train,2,0.08687559398590503,0.2947466606866056,0.06238704018351279,0.2497739781953132
949,-1,train,18,0.06238704018351279,0.2497739781953132,0.06238704018351279,0.2497739781953132
950,0,train,16,0.038143395419404945,0.19530334205897487,0.06149318538830592,0.24797819538884042
950,1,train,2,0.0848429753572069,0.29127817521607574,0.06149318538830592,0.24797819538884042
950,-1,train,18,0.06149318538830592,0.24797819538884042,0.06149318538830592,0.24797819538884042
951,0,train,16,0.046860603354170846,0.21647310076351484,0.031053814499100826,0.17622092525889435
951,1,train,2,0.015247025644030804,0.12347884694971363,0.031053814499100826,0.17622092525889435
951,-1,train,18,0.031053814499100826,0.17622092525889435,0.031053814499100826,0.17622092525889435
952,0,train,16,0.0480559902434819,0.219216765425188,0.026787507592537226,0.16366889622813868
952,1,train,2,0.005519024941592553,0.07429014027172484,0.026787507592537226,0.16366889622813868
952,-1,train,18,0.026787507592537226,0.16366889622813868,0.026787507592537226,0.16366889622813868
953,0,train,16,0.04567644476764069,0.2137204827985392,0.035047150141570046,0.18720884098132237
953,1,train,2,0.02441785551549941,0.15626213717820261,0.035047150141570046,0.18720884098132237
953,-1,train,18,0.035047150141570046,0.18720884098132237,0.035047150141570046,0.18720884098132237
954,0,train,16,0.04789877513375974,0.21885788798615355,0.027212455251457716,0.1649619812303966
954,1,train,2,0.006526135369155696,0.08078449955997559,0.027212455251457716,0.1649619812303966
954,-1,train,18,0.027212455251457716,0.1649619812303966,0.027212455251457716,0.1649619812303966
955,0,train,16,0.0380875536559754,0.1951603280791857,0.06150645720370941,0.24800495399025685
955,1,train,2,0.08492536075144341,0.2914195613740495,0.06150645720370941,0.24800495399025685
955,-1,train,18,0.06150645720370941,0.24800495399025685,0.06150645720370941,0.24800495399025685
956,0,train,16,0.047873384555742714,0.21879987329919257,0.027211786306049465,0.1649599536434509
956,1,train,2,0.006550188056356214,0.08093323208890285,0.027211786306049465,0.1649599536434509
956,-1,train,18,0.027211786306049465,0.1649599536434509,0.027211786306049465,0.1649599536434509
957,0,train,16,0.04540255296916756,0.21307874828139844,0.03582026737648636,0.18926242991277048
957,1,train,2,0.026237981783805153,0.16198142419365608,0.03582026737648636,0.18926242991277048
957,-1,train,18,0.03582026737648636,0.18926242991277048,0.03582026737648636,0.18926242991277048
958,0,train,16,0.04790194920129024,0.21886513930110077,0.02703267243254957,0.1644161562394328
958,1,train,2,0.006163395663808897,0.07850729688257581,0.02703267243254957,0.1644161562394328
958,-1,train,18,0.02703267243254957,0.1644161562394328,0.02703267243254957,0.1644161562394328
959,0,train,16,0.047860761083961,0.2187710243244315,0.027135394617589566,0.16472824474749181
959,1,train,2,0.006410028151218131,0.08006265141261643,0.027135394617589566,0.16472824474749181
959,-1,train,18,0.027135394617589566,0.16472824474749181,0.027135394617589566,0.16472824474749181
960,0,train,16,0.02451088202809399,0.1565595159295467,0.10886505115877755,0.32994704296110544
960,1,train,2,0.19321922028946112,0.4395670828092808,0.10886505115877755,0.32994704296110544
960,-1,train,18,0.10886505115877755,0.32994704296110544,0.10886505115877755,0.32994704296110544
961,0,train,16,0.03520623196805191,0.18763323790856434,0.07133755904174463,0.26709091905518734
961,1,train,2,0.10746888611543734,0.32782447455221725,0.07133755904174463,0.26709091905518734
961,-1,train,18,0.07133755904174463,0.26709091905518734,0.07133755904174463,0.26709091905518734
962,0,train,16,0.04808845821394264,0.21929080740866144,0.02626259256828309,0.16205737431009762
962,1,train,2,0.004436726922623537,0.06660876010423507,0.02626259256828309,0.16205737431009762
962,-1,train,18,0.02626259256828309,0.16205737431009762,0.02626259256828309,0.16205737431009762
963,0,train,16,0.033757232167354156,0.18373141312076754,0.07638330095816577,0.276375290064372
963,1,train,2,0.11900936974897738,0.34497734671855973,0.07638330095816577,0.276375290064372
963,-1,train,18,0.07638330095816577,0.276375290064372,0.07638330095816577,0.276375290064372
964,0,train,16,0.03543113119823757,0.18823158926768263,0.07052266243648418,0.2655610333548282
964,1,train,2,0.1056141936747308,0.3249833744589572,0.07052266243648418,0.2655610333548282
964,-1,train,18,0.07052266243648418,0.2655610333548282,0.07052266243648418,0.2655610333548282
965,0,train,16,0.044478041876142,0.21089817893035967,0.03913315707489841,0.19782102283351588
965,1,train,2,0.03378827227365481,0.18381586513044734,0.03913315707489841,0.19782102283351588
965,-1,train,18,0.03913315707489841,0.19782102283351588,0.03913315707489841,0.19782102283351588
966,0,train,16,0.035355345097667815,0.18803017071115957,0.0708053208286063,0.26609269217437426
966,1,train,2,0.1062552965595448,0.3259682447103472,0.0708053208286063,0.26609269217437426
966,-1,train,18,0.0708053208286063,0.26609269217437426,0.0708053208286063,0.26609269217437426
967,0,train,16,0.03222195661840822,0.17950475374877464,0.08149537477860891,0.28547394763552225
967,1,train,2,0.13076879293880958,0.36161967996613453,0.08149537477860891,0.28547394763552225
967,-1,train,18,0.08149537477860891,0.28547394763552225,0.08149537477860891,0.28547394763552225
968,0,train,16,0.04796178566328235,0.21900179374444026,0.026379267755193257,0.16241695648913404
968,1,train,2,0.004796749847104158,0.06925857237269736,0.026379267755193257,0.16241695648913404
968,-1,train,18,0.026379267755193257,0.16241695648913404,0.026379267755193257,0.16241695648913404
969,0,train,16,0.047148862078521814,0.2171378872479923,0.02906801344447257,0.1704934410599791
969,1,train,2,0.010987164810423325,0.10481967759167801,0.02906801344447257,0.1704934410599791
969,-1,train,18,0.02906801344447257,0.1704934410599791,0.02906801344447257,0.1704934410599791
970,0,train,16,0.04762497519912405,0.21823147160555018,0.027278546080446716,0.16516218114461528
970,1,train,2,0.00693211696176938,0.08325933558328087,0.027278546080446716,0.16516218114461528
970,-1,train,18,0.027278546080446716,0.16516218114461528,0.027278546080446716,0.16516218114461528
971,0,train,16,0.04778393007472832,0.21859535693771798,0.02663570283179178,0.16320448165351276
971,1,train,2,0.005487475588855236,0.07407749718271558,0.02663570283179178,0.16320448165351276
971,-1,train,18,0.02663570283179178,0.16320448165351276,0.02663570283179178,0.16320448165351276
972,0,train,16,0.037901157307348735,0.19468219566089945,0.061168733644664956,0.24732313608852885
972,1,train,2,0.08443630998198118,0.2905792662630649,0.061168733644664956,0.24732313608852885
972,-1,train,18,0.061168733644664956,0.24732313608852885,0.061168733644664956,0.24732313608852885
973,0,train,16,0.047586998941541295,0.21814444513106745,0.027178763761255043,0.16485983064790236
973,1,train,2,0.00677052858096879,0.08228322174640945,0.027178763761255043,0.16485983064790236
973,-1,train,18,0.027178763761255043,0.16485983064790236,0.027178763761255043,0.16485983064790236
974,0,train,16,0.04664410983989399,0.21597247472743833,0.03041234470036181,0.17439135500466132
974,1,train,2,0.014180579560829631,0.11908223864552443,0.03041234470036181,0.17439135500466132
974,-1,train,18,0.03041234470036181,0.17439135500466132,0.03041234470036181,0.17439135500466132
975,0,train,16,0.04770652995745996,0.2184182454774783,0.02663247070035997,0.1631945792615673
975,1,train,2,0.0055584114432599765,0.07455475466568162,0.02663247070035997,0.1631945792615673
975,-1,train,18,0.02663247070035997,0.1631945792615673,0.02663247070035997,0.1631945792615673
976,0,train,16,0.046965169443077645,0.216714488309106,0.0291596749566828,0.17076204190827304
976,1,train,2,0.01135418047028795,0.10655599687623381,0.0291596749566828,0.17076204190827304
976,-1,train,18,0.0291596749566828,0.17076204190827304,0.0291596749566828,0.17076204190827304
977,0,train,16,0.0458006874078746,0.2140109516073292,0.033149978075773745,0.18207135435255525
977,1,train,2,0.02049926874367289,0.14317565695212608,0.033149978075773745,0.18207135435255525
977,-1,train,18,0.033149978075773745,0.18207135435255525,0.033149978075773745,0.18207135435255525
978,0,train,16,0.03405081536083369,0.1845286301928069,0.07427043643308759,0.2725260289093275
978,1,train,2,0.1144900575053415,0.3383637946136399,0.07427043643308759,0.2725260289093275
978,-1,train,18,0.07427043643308759,0.2725260289093275,0.07427043643308759,0.2725260289093275
979,0,train,16,0.035094489739107296,0.18733523357635448,0.07053070035177969,0.2655761667615897
979,1,train,2,0.10596691096445207,0.32552559187328434,0.07053070035177969,0.2655761667615897
979,-1,train,18,0.07053070035177969,0.2655761667615897,0.07053070035177969,0.2655761667615897
980,0,train,16,0.04767998751978013,0.21835747644580464,0.026395531640305437,0.16246701708440836
980,1,train,2,0.0051110757608307435,0.07149178806569845,0.026395531640305437,0.16246701708440836
980,-1,train,18,0.026395531640305437,0.16246701708440836,0.026395531640305437,0.16246701708440836
981,0,train,16,0.0467394004398685,0.21619297037570048,0.02962767318892834,0.17212691012426948
981,1,train,2,0.01251594593798817,0.11187468854923427,0.02962767318892834,0.17212691012426948
981,-1,train,18,0.02962767318892834,0.17212691012426948,0.02962767318892834,0.17212691012426948
982,0,train,16,0.037664697532279336,0.1940739486182505,0.061337441931731324,0.24766396978917082
982,1,train,2,0.0850101863311833,0.29156506363277357,0.061337441931731324,0.24766396978917082
982,-1,train,18,0.061337441931731324,0.24766396978917082,0.061337441931731324,0.24766396978917082
983,0,train,16,0.045909862658938275,0.21426586909477272,0.03247260641410413,0.18020157161940661
983,1,train,2,0.019035350169269973,0.13796865647410636,0.03247260641410413,0.18020157161940661
983,-1,train,18,0.03247260641410413,0.18020157161940661,0.03247260641410413,0.18020157161940661
984,0,train,16,0.04763806422945727,0.21826145841503322,0.02632431416635501,0.16224769387068344
984,1,train,2,0.005010564103252747,0.07078533819409742,0.02632431416635501,0.16224769387068344
984,-1,train,18,0.02632431416635501,0.16224769387068344,0.02632431416635501,0.16224769387068344
985,0,train,16,0.03324315912489702,0.18232706635301577,0.07667846064262535,0.2769087586961188
985,1,train,2,0.12011376216035367,0.346574324150468,0.07667846064262535,0.2769087586961188
985,-1,train,18,0.07667846064262535,0.2769087586961188,0.07667846064262535,0.2769087586961188
986,0,train,16,0.04763796775328055,0.21826123740435577,0.026211784465347592,0.1619005388049947
986,1,train,2,0.004785601177414635,0.06917803970491383,0.026211784465347592,0.1619005388049947
986,-1,train,18,0.026211784465347592,0.1619005388049947,0.026211784465347592,0.1619005388049947
987,0,train,16,0.0466037721372944,0.21587906831671846,0.029788394243798068,0.17259314657250463
987,1,train,2,0.012973016350301732,0.11389914991035592,0.029788394243798068,0.17259314657250463
987,-1,train,18,0.029788394243798068,0.17259314657250463,0.029788394243798068,0.17259314657250463
988,0,train,16,0.03757162205196017,0.19383400643839607,0.061349240659296166,0.24768778867618033
988,1,train,2,0.08512685926663216,0.2917650754744854,0.061349240659296166,0.24768778867618033
988,-1,train,18,0.061349240659296166,0.24768778867618033,0.061349240659296166,0.24768778867618033
989,0,train,16,0.034773849195700125,0.18647747637637133,0.07106747157703211,0.2665848299829383
989,1,train,2,0.10736109395836409,0.3276600280143492,0.07106747157703211,0.2665848299829383
989,-1,train,18,0.07106747157703211,0.2665848299829383,0.07106747157703211,0.2665848299829383
990,0,train,16,0.04673748840481339,0.21618854827398556,0.029163975341252046,0.17077463319021371
990,1,train,2,0.0115904622776907,0.10765900927321735,0.029163975341252046,0.17077463319021371
990,-1,train,18,0.029163975341252046,0.17077463319021371,0.029163975341252046,0.17077463319021371
991,0,train,16,0.046758072185396404,0.21623614911803346,0.029019585729322395,0.17035135963449893
991,1,train,2,0.011281099273248388,0.10621251938094863,0.029019585729322395,0.17035135963449893
991,-1,train,18,0.029019585729322395,0.17035135963449893,0.029019585729322395,0.17035135963449893
992,0,train,16,0.0475035186806998,0.2179530194346933,0.02635210514215912,0.1623333149484699
992,1,train,2,0.005200691603618442,0.07211582075812797,0.02635210514215912,0.1623333149484699
992,-1,train,18,0.02635210514215912,0.1623333149484699,0.02635210514215912,0.1623333149484699
993,0,train,16,0.04747809673362094,0.2178946918436081,0.026381284089623043,0.16242316364860968
993,1,train,2,0.005284471445625145,0.07269437010955625,0.026381284089623043,0.16242316364860968
993,-1,train,18,0.026381284089623043,0.16242316364860968,0.026381284089623043,0.16242316364860968
994,0,train,16,0.037511495280871734,0.19367884572371794,0.06122160615364653,0.24743000253333575
994,1,train,2,0.08493171702642133,0.2914304668809034,0.06122160615364653,0.24743000253333575
994,-1,train,18,0.06122160615364653,0.24743000253333575,0.06122160615364653,0.24743000253333575
995,0,train,16,0.04734481020898169,0.21758862610205912,0.02674357757504846,0.16353463723336553
995,1,train,2,0.006142344941115237,0.07837311363672644,0.02674357757504846,0.16353463723336553
995,-1,train,18,0.02674357757504846,0.16353463723336553,0.02674357757504846,0.16353463723336553
996,0,train,16,0.045020975991394,0.21218146948165384,0.03482295000379333,0.18660908339036802
996,1,train,2,0.024624924016192658,0.1569233061600241,0.03482295000379333,0.18660908339036802
996,-1,train,18,0.03482295000379333,0.18660908339036802,0.03482295000379333,0.18660908339036802
997,0,train,16,0.047302926466854356,0.2174923595597196,0.026792605384427102,0.1636844689774418
997,1,train,2,0.006282284301999846,0.07926086235967816,0.026792605384427102,0.1636844689774418
997,-1,train,18,0.026792605384427102,0.1636844689774418,0.026792605384427102,0.1636844689774418
998,0,train,16,0.047457924809781935,0.21784839868537462,0.0262003286914313,0.1618651558904241
998,1,train,2,0.004942732573080666,0.07030457007251141,0.0262003286914313,0.1618651558904241
998,-1,train,18,0.0262003286914313,0.1618651558904241,0.0262003286914313,0.1618651558904241
999,0,train,16,0.03393134528271265,0.1842046288308539,0.07353628392458297,0.2711757436139578
999,1,train,2,0.11314122256645331,0.33636471658967637,0.07353628392458297,0.2711757436139578
999,-1,train,18,0.07353628392458297,0.2711757436139578,0.07353628392458297,0.2711757436139578
1000,0,train,16,0.046532969911450825,0.21571502013408994,0.029369773066855245,0.1713761158004675
1000,1,train,2,0.012206576222259662,0.11048337532072262,0.029369773066855245,0.1713761158004675
1000,-1,train,18,0.029369773066855245,0.1713761158004675,0.029369773066855245,0.1713761158004675
