epoch,batch_idx,phase,batch_size,batch_MSE,batch_RMSE,epoch_MSE,epoch_RMSE
1,0,train,16,0.24820867136479713,0.4982054509585349,0.2578117888566676,0.5077517000037199
1,1,train,16,0.2715956962424814,0.5211484397390838,0.2578117888566676,0.5077517000037199
1,2,train,16,0.26937072603955636,0.5190093698957239,0.2578117888566676,0.5077517000037199
1,3,train,16,0.2606304224074,0.5105197571175869,0.2578117888566676,0.5077517000037199
1,4,train,16,0.2524762085491454,0.5024701071199613,0.2578117888566676,0.5077517000037199
1,5,train,16,0.2470859572909835,0.4970774157925338,0.2578117888566676,0.5077517000037199
1,6,train,16,0.25814541905106847,0.5080801305415008,0.2578117888566676,0.5077517000037199
1,7,train,8,0.25498120990790824,0.5049566416118401,0.2578117888566676,0.5077517000037199
1,-1,train,120,0.2578117888566676,0.5077517000037199,0.2578117888566676,0.5077517000037199
2,0,train,16,0.258678079872059,0.5086040501923466,0.25109552952211706,0.5010943319596791
2,1,train,16,0.26427748117094907,0.5140792557290647,0.25109552952211706,0.5010943319596791
2,2,train,16,0.24946450555574415,0.4994642184939219,0.25109552952211706,0.5010943319596791
2,3,train,16,0.2570175078214644,0.5069689416734169,0.25109552952211706,0.5010943319596791
2,4,train,16,0.23638189339952026,0.48619121073865607,0.25109552952211706,0.5010943319596791
2,5,train,16,0.2401436810375918,0.4900445704602713,0.25109552952211706,0.5010943319596791
2,6,train,16,0.2486753337597271,0.4986735743547347,0.25109552952211706,0.5010943319596791
2,7,train,8,0.25412575355988054,0.5041088707411133,0.25109552952211706,0.5010943319596791
2,-1,train,120,0.25109552952211706,0.5010943319596791,0.25109552952211706,0.5010943319596791
3,0,train,16,0.24759232074275186,0.4975864957399385,0.24350481897596113,0.4934620745061986
3,1,train,16,0.24050898359987366,0.4904171526362773,0.24350481897596113,0.4934620745061986
3,2,train,16,0.24553202834156762,0.4955118851668117,0.24350481897596113,0.4934620745061986
3,3,train,16,0.24687044931500862,0.4968605934414689,0.24350481897596113,0.4934620745061986
3,4,train,16,0.25626709970967215,0.5062283078904933,0.24350481897596113,0.4934620745061986
3,5,train,16,0.23858655797890202,0.48845323008339503,0.24350481897596113,0.4934620745061986
3,6,train,16,0.23537449773750713,0.48515409689861133,0.24350481897596113,0.4934620745061986
3,7,train,8,0.23730661438240613,0.48714126737775576,0.24350481897596113,0.4934620745061986
3,-1,train,120,0.24350481897596113,0.4934620745061986,0.24350481897596113,0.4934620745061986
4,0,train,16,0.24269497136931145,0.4926408137470052,0.23713222047114796,0.4869622372126487
4,1,train,16,0.2438793150795031,0.49384138655999976,0.23713222047114796,0.4869622372126487
4,2,train,16,0.23483539840107776,0.4845981824161929,0.23713222047114796,0.4869622372126487
4,3,train,16,0.23220907914725233,0.48188077275115715,0.23713222047114796,0.4869622372126487
4,4,train,16,0.2255228103932771,0.4748924198102946,0.23713222047114796,0.4869622372126487
4,5,train,16,0.24197006358324474,0.4919045268985078,0.23713222047114796,0.4869622372126487
4,6,train,16,0.23445847010537216,0.48420911815595974,0.23713222047114796,0.4869622372126487
4,7,train,8,0.24148765569014516,0.4914139351810703,0.23713222047114796,0.4869622372126487
4,-1,train,120,0.23713222047114796,0.4869622372126487,0.23713222047114796,0.4869622372126487
5,0,train,16,0.22977337497795086,0.4793468211826911,0.23003257113264933,0.4796171088823347
5,1,train,16,0.22390700202670494,0.4731881254075433,0.23003257113264933,0.4796171088823347
5,2,train,16,0.23882325239951255,0.4886954597696939,0.23003257113264933,0.4796171088823347
5,3,train,16,0.2262433526941125,0.4756504522168695,0.23003257113264933,0.4796171088823347
5,4,train,16,0.2276111817757947,0.4770861366417963,0.23003257113264933,0.4796171088823347
5,5,train,16,0.2344661039952937,0.48421700093583425,0.23003257113264933,0.4796171088823347
5,6,train,16,0.22825539238395293,0.47776081084989896,0.23003257113264933,0.4796171088823347
5,7,train,8,0.23118090880787254,0.4808127585743462,0.23003257113264933,0.4796171088823347
5,-1,train,120,0.23003257113264933,0.4796171088823347,0.23003257113264933,0.4796171088823347
6,0,train,16,0.22137724179240417,0.47050743011391877,0.22308041114525431,0.4723138904851882
6,1,train,16,0.23920175719054626,0.4890825668438267,0.22308041114525431,0.4723138904851882
6,2,train,16,0.2328187368463169,0.48251293956361097,0.22308041114525431,0.4723138904851882
6,3,train,16,0.20889483085441526,0.45705014041614217,0.22308041114525431,0.4723138904851882
6,4,train,16,0.21645373810474483,0.4652458899385838,0.22308041114525431,0.4723138904851882
6,5,train,16,0.22347790018375044,0.4727344922720897,0.22308041114525431,0.4723138904851882
6,6,train,16,0.21971590441843158,0.4687386312417951,0.22308041114525431,0.4723138904851882
6,7,train,8,0.22270317977142523,0.4719143775849865,0.22308041114525431,0.4723138904851882
6,-1,train,120,0.22308041114525431,0.4723138904851882,0.22308041114525431,0.4723138904851882
7,0,train,16,0.2230893703336309,0.4723233747483083,0.2162201709693189,0.4649948074648994
7,1,train,16,0.22028582839109676,0.4693461711691028,0.2162201709693189,0.4649948074648994
7,2,train,16,0.2160948209594749,0.4648600014622412,0.2162201709693189,0.4649948074648994
7,3,train,16,0.21203425210986665,0.4604717712410465,0.2162201709693189,0.4649948074648994
7,4,train,16,0.22371857350198052,0.4729889782034889,0.2162201709693189,0.4649948074648994
7,5,train,16,0.21413778566934116,0.4627502411337472,0.2162201709693189,0.4649948074648994
7,6,train,16,0.20664347450555084,0.4545805478741373,0.2162201709693189,0.4649948074648994
7,7,train,8,0.2137572622836097,0.4623389041424155,0.2162201709693189,0.4649948074648994
7,-1,train,120,0.2162201709693189,0.4649948074648994,0.2162201709693189,0.4649948074648994
8,0,train,16,0.20061832538086524,0.4479043707990192,0.2102702177976325,0.45855230650126766
8,1,train,16,0.21506281236992503,0.4637486521489039,0.2102702177976325,0.45855230650126766
8,2,train,16,0.21585068164301596,0.4645973327980004,0.2102702177976325,0.45855230650126766
8,3,train,16,0.22175220922319716,0.47090573284171977,0.2102702177976325,0.45855230650126766
8,4,train,16,0.20659439924734527,0.45452656605235436,0.2102702177976325,0.45855230650126766
8,5,train,16,0.19742717095947382,0.44432777423820113,0.2102702177976325,0.45855230650126766
8,6,train,16,0.20665727541651005,0.4545957274507868,0.2102702177976325,0.45855230650126766
8,7,train,8,0.21819886814072725,0.4671176170310078,0.2102702177976325,0.45855230650126766
8,-1,train,120,0.2102702177976325,0.45855230650126766,0.2102702177976325,0.45855230650126766
9,0,train,16,0.20568403504127292,0.45352401815259236,0.20300627925944983,0.45056218134620424
9,1,train,16,0.20240360720143866,0.4498928841418129,0.20300627925944983,0.45056218134620424
9,2,train,16,0.21082016818330068,0.459151574301233,0.20300627925944983,0.45056218134620424
9,3,train,16,0.20264057422187404,0.4501561664821154,0.20300627925944983,0.45056218134620424
9,4,train,16,0.2031753442683013,0.4507497579237301,0.20300627925944983,0.45056218134620424
9,5,train,16,0.20127405893526654,0.44863577536267274,0.20300627925944983,0.45056218134620424
9,6,train,16,0.19760228929441498,0.44452479041602955,0.20300627925944983,0.45056218134620424
9,7,train,8,0.20045015692972976,0.44771660336615815,0.20300627925944983,0.45056218134620424
9,-1,train,120,0.20300627925944983,0.45056218134620424,0.20300627925944983,0.45056218134620424
10,0,train,16,0.19921261180299196,0.44633240057494367,0.19668993096062787,0.44349738551724055
10,1,train,16,0.1940121441881749,0.4404680966746342,0.19668993096062787,0.44349738551724055
10,2,train,16,0.19335386873996632,0.43972021643309317,0.19668993096062787,0.44349738551724055
10,3,train,16,0.19820640552665336,0.4452037797757936,0.19668993096062787,0.44349738551724055
10,4,train,16,0.21391750986414407,0.4625121726659138,0.19668993096062787,0.44349738551724055
10,5,train,16,0.180063443965686,0.42433883155526314,0.19668993096062787,0.44349738551724055
10,6,train,16,0.19853486520044808,0.44557251396427955,0.19668993096062787,0.44349738551724055
10,7,train,8,0.1962185983969583,0.4429656853492811,0.19668993096062787,0.44349738551724055
10,-1,train,120,0.19668993096062787,0.44349738551724055,0.19668993096062787,0.44349738551724055
11,0,train,16,0.194500148198743,0.4410217094415455,0.19058186080187528,0.43655682425301207
11,1,train,16,0.1999626469442267,0.4471718315639154,0.19058186080187528,0.43655682425301207
11,2,train,16,0.19797053931010405,0.4449388040057914,0.19058186080187528,0.43655682425301207
11,3,train,16,0.191290274337615,0.43736743630226405,0.19058186080187528,0.43655682425301207
11,4,train,16,0.1839427378422877,0.4288854600499855,0.19058186080187528,0.43655682425301207
11,5,train,16,0.1781158779493628,0.4220377683920751,0.19058186080187528,0.43655682425301207
11,6,train,16,0.1860365871551975,0.4313195881886162,0.19058186080187528,0.43655682425301207
11,7,train,8,0.19283607467746552,0.4391310449939352,0.19058186080187528,0.43655682425301207
11,-1,train,120,0.19058186080187528,0.43655682425301207,0.19058186080187528,0.43655682425301207
12,0,train,16,0.1851812388689788,0.43032689768242327,0.1841540682109628,0.42913176089746935
12,1,train,16,0.19337734672020163,0.439746912121281,0.1841540682109628,0.42913176089746935
12,2,train,16,0.1849559580984572,0.4300650626340824,0.1841540682109628,0.42913176089746935
12,3,train,16,0.1887016259634899,0.4343980040970376,0.1841540682109628,0.42913176089746935
12,4,train,16,0.18477651952676002,0.4298563940745328,0.1841540682109628,0.42913176089746935
12,5,train,16,0.1764526752739672,0.42006270397878365,0.1841540682109628,0.42913176089746935
12,6,train,16,0.1790947108375634,0.4231958303641039,0.1841540682109628,0.42913176089746935
12,7,train,8,0.1806924703982845,0.42507936952795594,0.1841540682109628,0.42913176089746935
12,-1,train,120,0.1841540682109628,0.42913176089746935,0.1841540682109628,0.42913176089746935
13,0,train,16,0.16762920445404475,0.40942545652907897,0.17815938579930113,0.4220893102168084
13,1,train,16,0.17273265716813663,0.41561118508545536,0.17815938579930113,0.4220893102168084
13,2,train,16,0.19212723455278355,0.4383232078646801,0.17815938579930113,0.4220893102168084
13,3,train,16,0.18745282474470576,0.4329582251727131,0.17815938579930113,0.4220893102168084
13,4,train,16,0.17474665543656046,0.4180270989260869,0.17815938579930113,0.4220893102168084
13,5,train,16,0.17584808924066897,0.41934244865106246,0.17815938579930113,0.4220893102168084
13,6,train,16,0.18257653082901704,0.42728975043758893,0.17815938579930113,0.4220893102168084
13,7,train,8,0.1721618899684921,0.4149239568505199,0.17815938579930113,0.4220893102168084
13,-1,train,120,0.17815938579930113,0.4220893102168084,0.17815938579930113,0.4220893102168084
14,0,train,16,0.1773454779525772,0.4211240647986971,0.17345500405982522,0.4164792960758376
14,1,train,16,0.1730931727403545,0.4160446763754519,0.17345500405982522,0.4164792960758376
14,2,train,16,0.16981324935134157,0.41208403190531606,0.17345500405982522,0.4164792960758376
14,3,train,16,0.16688212693457322,0.408512089092322,0.17345500405982522,0.4164792960758376
14,4,train,16,0.17107663081630547,0.41361410857985187,0.17345500405982522,0.4164792960758376
14,5,train,16,0.1737861049068541,0.41687660633196255,0.17345500405982522,0.4164792960758376
14,6,train,16,0.1738444610866702,0.41694659260709904,0.17345500405982522,0.4164792960758376
14,7,train,8,0.18179880868992565,0.4263787150995294,0.17345500405982522,0.4164792960758376
14,-1,train,120,0.17345500405982522,0.4164792960758376,0.17345500405982522,0.4164792960758376
15,0,train,16,0.16753310546624348,0.40930808135955915,0.1672573143816624,0.4089710434513211
15,1,train,16,0.17399702068736722,0.41712950109931957,0.1672573143816624,0.4089710434513211
15,2,train,16,0.17029365377936212,0.41266651642623264,0.1672573143816624,0.4089710434513211
15,3,train,16,0.17297303475031992,0.4159002701974596,0.1672573143816624,0.4089710434513211
15,4,train,16,0.16558260046817444,0.40691841991752403,0.1672573143816624,0.4089710434513211
15,5,train,16,0.1666845901101927,0.40827024151925734,0.1672573143816624,0.4089710434513211
15,6,train,16,0.15493257311219577,0.3936147521526547,0.1672573143816624,0.4089710434513211
15,7,train,8,0.16606193667944363,0.4075069774610536,0.1672573143816624,0.4089710434513211
15,-1,train,120,0.1672573143816624,0.4089710434513211,0.1672573143816624,0.4089710434513211
16,0,train,16,0.16966879274571403,0.4119087189484025,0.1611457412821142,0.4014296218294238
16,1,train,16,0.1589360778205679,0.39866787909307155,0.1611457412821142,0.4014296218294238
16,2,train,16,0.17151378231258724,0.41414222473998863,0.1611457412821142,0.4014296218294238
16,3,train,16,0.16143360278477967,0.4017880072684844,0.1611457412821142,0.4014296218294238
16,4,train,16,0.15934769334217813,0.39918378391685466,0.1611457412821142,0.4014296218294238
16,5,train,16,0.16079133878188526,0.40098795341242516,0.1611457412821142,0.4014296218294238
16,6,train,16,0.15726091675386591,0.3965613656848911,0.1611457412821142,0.4014296218294238
16,7,train,8,0.1502137257153354,0.38757415511787596,0.1611457412821142,0.4014296218294238
16,-1,train,120,0.1611457412821142,0.4014296218294238,0.1611457412821142,0.4014296218294238
17,0,train,16,0.16885955228658395,0.4109252392912657,0.155562709872558,0.39441438852120747
17,1,train,16,0.16337345411809465,0.40419482198327905,0.155562709872558,0.39441438852120747
17,2,train,16,0.15588627147111336,0.3948243552152189,0.155562709872558,0.39441438852120747
17,3,train,16,0.15510896741462693,0.3938387581417387,0.155562709872558,0.39441438852120747
17,4,train,16,0.15541673538977216,0.39422929291184355,0.155562709872558,0.39441438852120747
17,5,train,16,0.15585247053611945,0.3947815478668164,0.155562709872558,0.39441438852120747
17,6,train,16,0.14800174142518036,0.3847099445363745,0.155562709872558,0.39441438852120747
17,7,train,8,0.142002486338973,0.3768321726431715,0.155562709872558,0.39441438852120747
17,-1,train,120,0.155562709872558,0.39441438852120747,0.155562709872558,0.39441438852120747
18,0,train,16,0.1494174234903965,0.3865454998967088,0.15145488622219563,0.38917205221109546
18,1,train,16,0.16099243090208676,0.4012386209004397,0.15145488622219563,0.38917205221109546
18,2,train,16,0.14376041937209413,0.37915751261460473,0.15145488622219563,0.38917205221109546
18,3,train,16,0.14662105431915398,0.3829112877928176,0.15145488622219563,0.38917205221109546
18,4,train,16,0.15388327127448545,0.39227958304567095,0.15145488622219563,0.38917205221109546
18,5,train,16,0.14154467252698827,0.37622423171160607,0.15145488622219563,0.38917205221109546
18,6,train,16,0.15860425892344981,0.3982515020981714,0.15145488622219563,0.38917205221109546
18,7,train,8,0.15681555896891014,0.3959994431421718,0.15145488622219563,0.38917205221109546
18,-1,train,120,0.15145488622219563,0.38917205221109546,0.15145488622219563,0.38917205221109546
19,0,train,16,0.13710817502877568,0.3702812107422893,0.1456249378794707,0.3816083566688113
19,1,train,16,0.1423600576464637,0.3773063180579722,0.1456249378794707,0.3816083566688113
19,2,train,16,0.14700879150747298,0.383417255098767,0.1456249378794707,0.3816083566688113
19,3,train,16,0.16604297189806372,0.4074837075246858,0.1456249378794707,0.3816083566688113
19,4,train,16,0.1517779555446888,0.3895869037130083,0.1456249378794707,0.3816083566688113
19,5,train,16,0.13359928018031075,0.36551235297908985,0.1456249378794707,0.3816083566688113
19,6,train,16,0.14440688488097894,0.38000905894594006,0.1456249378794707,0.3816083566688113
19,7,train,8,0.14269538634901097,0.37775042865496655,0.1456249378794707,0.3816083566688113
19,-1,train,120,0.1456249378794707,0.3816083566688113,0.1456249378794707,0.3816083566688113
20,0,train,16,0.14833695843213207,0.38514537311531094,0.14002074600592115,0.37419346066696724
20,1,train,16,0.14107339381577028,0.3755973825997331,0.14002074600592115,0.37419346066696724
20,2,train,16,0.13436807423496797,0.36656251067855805,0.14002074600592115,0.37419346066696724
20,3,train,16,0.12967006132244038,0.3600972942448199,0.14002074600592115,0.37419346066696724
20,4,train,16,0.1455991695714813,0.3815745924081965,0.14002074600592115,0.37419346066696724
20,5,train,16,0.15486666876627703,0.39353102643410093,0.14002074600592115,0.37419346066696724
20,6,train,16,0.13547334719558765,0.36806704171331023,0.14002074600592115,0.37419346066696724
20,7,train,8,0.13077829470871252,0.3616328175217406,0.14002074600592115,0.37419346066696724
20,-1,train,120,0.14002074600592115,0.37419346066696724,0.14002074600592115,0.37419346066696724
21,0,train,16,0.13803438265896448,0.37152978704131445,0.13487559383003264,0.3672541270428865
21,1,train,16,0.14161253310629013,0.3763144072531507,0.13487559383003264,0.3672541270428865
21,2,train,16,0.13506007276808168,0.3675052010082057,0.13487559383003264,0.3672541270428865
21,3,train,16,0.1334300940671874,0.36528084273225636,0.13487559383003264,0.3672541270428865
21,4,train,16,0.14133197383897045,0.37594145001445434,0.13487559383003264,0.3672541270428865
21,5,train,16,0.1290733700984195,0.3592678250253138,0.13487559383003264,0.3672541270428865
21,6,train,16,0.13474561218438721,0.36707712021370553,0.13487559383003264,0.3672541270428865
21,7,train,8,0.12571671191796036,0.3545655255632735,0.13487559383003264,0.3672541270428865
21,-1,train,120,0.13487559383003264,0.3672541270428865,0.13487559383003264,0.3672541270428865
22,0,train,16,0.127974216295191,0.3577348407622481,0.12985471402914045,0.3603535958321222
22,1,train,16,0.14090294170936582,0.37537040601166977,0.12985471402914045,0.3603535958321222
22,2,train,16,0.1375472489775801,0.37087362939090196,0.12985471402914045,0.3603535958321222
22,3,train,16,0.13310379050408336,0.3648339218111213,0.12985471402914045,0.3603535958321222
22,4,train,16,0.1188506805987924,0.3447472706183363,0.12985471402914045,0.3603535958321222
22,5,train,16,0.12954696814467695,0.3599263371089659,0.12985471402914045,0.3603535958321222
22,6,train,16,0.12938015180744042,0.3596945256845598,0.12985471402914045,0.3603535958321222
22,7,train,8,0.12153171419599351,0.34861399024708334,0.12985471402914045,0.3603535958321222
22,-1,train,120,0.12985471402914045,0.3603535958321222,0.12985471402914045,0.3603535958321222
23,0,train,16,0.12112664561956414,0.34803253528882055,0.1259462167734222,0.3548890203618903
23,1,train,16,0.1263383904012844,0.35544112086432034,0.1259462167734222,0.3548890203618903
23,2,train,16,0.11628899501364828,0.3410117226924146,0.1259462167734222,0.3548890203618903
23,3,train,16,0.12273599596034979,0.3503369748689821,0.1259462167734222,0.3548890203618903
23,4,train,16,0.11749423826624661,0.34277432556457116,0.1259462167734222,0.3548890203618903
23,5,train,16,0.1269816407325956,0.3563448340197955,0.1259462167734222,0.3548890203618903
23,6,train,16,0.1438121609880551,0.3792257388259071,0.1259462167734222,0.3548890203618903
23,7,train,8,0.1327916672056335,0.3644059099488282,0.1259462167734222,0.3548890203618903
23,-1,train,120,0.1259462167734222,0.3548890203618903,0.1259462167734222,0.3548890203618903
24,0,train,16,0.11227200426178689,0.33507014827015985,0.1208472344597823,0.3476308882417992
24,1,train,16,0.1349927573945711,0.36741360534766687,0.1208472344597823,0.3476308882417992
24,2,train,16,0.1240247382317314,0.3521714614101083,0.1208472344597823,0.3476308882417992
24,3,train,16,0.13120208950492981,0.36221828985423943,0.1208472344597823,0.3476308882417992
24,4,train,16,0.11022114237659705,0.3319956963224027,0.1208472344597823,0.3476308882417992
24,5,train,16,0.11508974108605192,0.33924878936563935,0.1208472344597823,0.3476308882417992
24,6,train,16,0.11411688010800818,0.3378119004831064,0.1208472344597823,0.3476308882417992
24,7,train,8,0.12485852271458198,0.3533532548521125,0.1208472344597823,0.3476308882417992
24,-1,train,120,0.1208472344597823,0.3476308882417992,0.1208472344597823,0.3476308882417992
25,0,train,16,0.1110534331665751,0.33324680518584887,0.11514537034301721,0.3393307683411824
25,1,train,16,0.12651381989523172,0.3556878124074983,0.11514537034301721,0.3393307683411824
25,2,train,16,0.11777443224403657,0.343182797127182,0.11514537034301721,0.3393307683411824
25,3,train,16,0.12974383453725177,0.360199714793407,0.11514537034301721,0.3393307683411824
25,4,train,16,0.11341923118446717,0.3367777177671753,0.11514537034301721,0.3393307683411824
25,5,train,16,0.1059063349040286,0.3254325351037118,0.11514537034301721,0.3393307683411824
25,6,train,16,0.11178037150385478,0.3343357167636368,0.11514537034301721,0.3393307683411824
25,7,train,8,0.10497150530869208,0.3239930636737337,0.11514537034301721,0.3393307683411824
25,-1,train,120,0.11514537034301721,0.3393307683411824,0.11514537034301721,0.3393307683411824
26,0,train,16,0.11141795923904378,0.3337932881875305,0.11058809552376157,0.33254788455764017
26,1,train,16,0.11310179919292454,0.33630610936009553,0.11058809552376157,0.33254788455764017
26,2,train,16,0.12075781900326202,0.34750225755131725,0.11058809552376157,0.33254788455764017
26,3,train,16,0.09790037223644203,0.31289035177908897,0.11058809552376157,0.33254788455764017
26,4,train,16,0.10777131679578031,0.3282854197124513,0.11058809552376157,0.33254788455764017
26,5,train,16,0.10634867387674948,0.32611144395244623,0.11058809552376157,0.33254788455764017
26,6,train,16,0.1253342730062915,0.3540258083901391,0.11058809552376157,0.33254788455764017
26,7,train,8,0.1020725508395989,0.3194879510084831,0.11058809552376157,0.33254788455764017
26,-1,train,120,0.11058809552376157,0.33254788455764017,0.11058809552376157,0.33254788455764017
27,0,train,16,0.09813617564611718,0.3132669399188449,0.10602391570028336,0.32561313809532216
27,1,train,16,0.11494967072098801,0.33904228456195257,0.10602391570028336,0.32561313809532216
27,2,train,16,0.10214604087911497,0.319602942538261,0.10602391570028336,0.32561313809532216
27,3,train,16,0.10016183133674714,0.31648354038835436,0.10602391570028336,0.32561313809532216
27,4,train,16,0.12066574169678512,0.3473697478146091,0.10602391570028336,0.32561313809532216
27,5,train,16,0.1090813496013614,0.33027465782491,0.10602391570028336,0.32561313809532216
27,6,train,16,0.10610810705420466,0.3257423937012262,0.10602391570028336,0.32561313809532216
27,7,train,8,0.0969424086669483,0.3113557590071979,0.10602391570028336,0.32561313809532216
27,-1,train,120,0.10602391570028336,0.32561313809532216,0.10602391570028336,0.32561313809532216
28,0,train,16,0.09771138986373853,0.3125882113319991,0.10227891744510144,0.3198107525476613
28,1,train,16,0.09173413360759271,0.3028764329022526,0.10227891744510144,0.3198107525476613
28,2,train,16,0.11275199609951851,0.3357856401032041,0.10227891744510144,0.3198107525476613
28,3,train,16,0.11919329403139287,0.34524381823776784,0.10227891744510144,0.3198107525476613
28,4,train,16,0.10054605981467965,0.3170899869353803,0.10227891744510144,0.3198107525476613
28,5,train,16,0.09993726868168482,0.31612856353339036,0.10227891744510144,0.3198107525476613
28,6,train,16,0.09382354434376164,0.30630629171429313,0.10227891744510144,0.3198107525476613
28,7,train,8,0.10253365311844279,0.32020876489946803,0.10227891744510144,0.3198107525476613
28,-1,train,120,0.10227891744510144,0.3198107525476613,0.10227891744510144,0.3198107525476613
29,0,train,16,0.10289159976584976,0.32076720494129346,0.09807246325015444,0.3131652331440296
29,1,train,16,0.11074514099500721,0.3327839253855378,0.09807246325015444,0.3131652331440296
29,2,train,16,0.09520270582993495,0.30854935720227156,0.09807246325015444,0.3131652331440296
29,3,train,16,0.09200310277473893,0.30332013249162826,0.09807246325015444,0.3131652331440296
29,4,train,16,0.0876895867336657,0.2961242758263255,0.09807246325015444,0.3131652331440296
29,5,train,16,0.09237066988427863,0.3039254347439165,0.09807246325015444,0.3131652331440296
29,6,train,16,0.1049896031931973,0.3240209919020638,0.09807246325015444,0.3131652331440296
29,7,train,8,0.09868729682456304,0.31414534347108036,0.09807246325015444,0.3131652331440296
29,-1,train,120,0.09807246325015444,0.3131652331440296,0.09807246325015444,0.3131652331440296
30,0,train,16,0.08848619643374767,0.2974662946179746,0.09293726690248177,0.30485614132321787
30,1,train,16,0.08445120018238476,0.2906048867145643,0.09293726690248177,0.30485614132321787
30,2,train,16,0.10913698703482648,0.3303588761253835,0.09293726690248177,0.30485614132321787
30,3,train,16,0.10564583691171173,0.3250320552064238,0.09293726690248177,0.30485614132321787
30,4,train,16,0.09151547105821915,0.3025152410345951,0.09293726690248177,0.30485614132321787
30,5,train,16,0.0870168100213227,0.2949861183535976,0.09293726690248177,0.30485614132321787
30,6,train,16,0.09992585056220105,0.31611050372014066,0.09293726690248177,0.30485614132321787
30,7,train,8,0.07731978301544062,0.2780643504936234,0.09293726690248177,0.30485614132321787
30,-1,train,120,0.09293726690248177,0.30485614132321787,0.09293726690248177,0.30485614132321787
31,0,train,16,0.11573601451735085,0.34019996254754475,0.090460052168213,0.30076577625822554
31,1,train,16,0.08882732912664906,0.29803914025954553,0.090460052168213,0.30076577625822554
31,2,train,16,0.08332544609528546,0.2886614731745223,0.090460052168213,0.30076577625822554
31,3,train,16,0.08151910454046171,0.28551550665500064,0.090460052168213,0.30076577625822554
31,4,train,16,0.08704688672046326,0.29503709380425924,0.090460052168213,0.30076577625822554
31,5,train,16,0.08488182537224753,0.2913448564369166,0.090460052168213,0.30076577625822554
31,6,train,16,0.08583974527244509,0.2929842065239099,0.090460052168213,0.30076577625822554
31,7,train,8,0.0965040657008011,0.3106510352482365,0.090460052168213,0.30076577625822554
31,-1,train,120,0.090460052168213,0.30076577625822554,0.090460052168213,0.30076577625822554
32,0,train,16,0.0978142455583206,0.31275269072914563,0.08707573763027066,0.29508598345273984
32,1,train,16,0.08880382376903029,0.2979997043103068,0.08707573763027066,0.29508598345273984
32,2,train,16,0.08307157444966422,0.28822139832022226,0.08707573763027066,0.29508598345273984
32,3,train,16,0.08274732733659954,0.28765835175881743,0.08707573763027066,0.29508598345273984
32,4,train,16,0.07929729795406025,0.2815977591424695,0.08707573763027066,0.29508598345273984
32,5,train,16,0.08461396613529627,0.29088479873533485,0.08707573763027066,0.29508598345273984
32,6,train,16,0.08187975778201044,0.2861463922226007,0.08707573763027066,0.29508598345273984
32,7,train,8,0.09837790805718372,0.3136525275797785,0.08707573763027066,0.29508598345273984
32,-1,train,120,0.08707573763027066,0.29508598345273984,0.08707573763027066,0.29508598345273984
33,0,train,16,0.10472664579915762,0.32361496535104434,0.08312124363047775,0.28830755042224915
33,1,train,16,0.08933127674703141,0.2988833831898846,0.08312124363047775,0.28830755042224915
33,2,train,16,0.0785484329123026,0.28026493343317604,0.08312124363047775,0.28830755042224915
33,3,train,16,0.0800420357085333,0.2829170120521799,0.08312124363047775,0.28830755042224915
33,4,train,16,0.07398680975955052,0.27200516495013566,0.08312124363047775,0.28830755042224915
33,5,train,16,0.0777519938805014,0.27884044520209295,0.08312124363047775,0.28830755042224915
33,6,train,16,0.07274964150051347,0.2697214146123987,0.08312124363047775,0.28830755042224915
33,7,train,8,0.08783311273623173,0.2963665175694308,0.08312124363047775,0.28830755042224915
33,-1,train,120,0.08312124363047775,0.28830755042224915,0.08312124363047775,0.28830755042224915
34,0,train,16,0.06897917073683357,0.2626388599138246,0.08104848626613584,0.2846901583584087
34,1,train,16,0.08132975681878522,0.2851837246737359,0.08104848626613584,0.2846901583584087
34,2,train,16,0.07481460819756529,0.2735225917498686,0.08104848626613584,0.2846901583584087
34,3,train,16,0.08033080086618358,0.28342688804378385,0.08104848626613584,0.2846901583584087
34,4,train,16,0.07870016540477605,0.28053549758413115,0.08104848626613584,0.2846901583584087
34,5,train,16,0.0806737604580882,0.2840312666909899,0.08104848626613584,0.2846901583584087
34,6,train,16,0.07995225163749536,0.2827582918987441,0.08104848626613584,0.2846901583584087
34,7,train,8,0.10360737600935939,0.3218809966577079,0.08104848626613584,0.2846901583584087
34,-1,train,120,0.08104848626613584,0.2846901583584087,0.08104848626613584,0.2846901583584087
35,0,train,16,0.0669985984879766,0.25884087484007734,0.07614236538665047,0.2759390610019728
35,1,train,16,0.09489909429562256,0.30805696599106885,0.07614236538665047,0.2759390610019728
35,2,train,16,0.06877092092817187,0.2622421036526589,0.07614236538665047,0.2759390610019728
35,3,train,16,0.0870985145269385,0.29512457459001695,0.07614236538665047,0.2759390610019728
35,4,train,16,0.07444305639985407,0.2728425487343462,0.07614236538665047,0.2759390610019728
35,5,train,16,0.06930047551964133,0.2632498347950884,0.07614236538665047,0.2759390610019728
35,6,train,16,0.07487458639541533,0.2736322100839288,0.07614236538665047,0.2759390610019728
35,7,train,8,0.07275367653958342,0.2697288945211162,0.07614236538665047,0.2759390610019728
35,-1,train,120,0.07614236538665047,0.2759390610019728,0.07614236538665047,0.2759390610019728
36,0,train,16,0.07284088322604473,0.26989050228943723,0.07283799401085414,0.2698851496671392
36,1,train,16,0.08276203070942265,0.28768390763027163,0.07283799401085414,0.2698851496671392
36,2,train,16,0.08682668790157069,0.2946636860924174,0.07283799401085414,0.2698851496671392
36,3,train,16,0.06426593194660717,0.25350726211808444,0.07283799401085414,0.2698851496671392
36,4,train,16,0.08065319467440193,0.28399506100353566,0.07283799401085414,0.2698851496671392
36,5,train,16,0.06664187743859393,0.2581508811501404,0.07283799401085414,0.2698851496671392
36,6,train,16,0.06453148033177765,0.2540304712662984,0.07283799401085414,0.2698851496671392
36,7,train,8,0.06418186585841437,0.2533414017850505,0.07283799401085414,0.2698851496671392
36,-1,train,120,0.07283799401085414,0.2698851496671392,0.07283799401085414,0.2698851496671392
37,0,train,16,0.05864673459996541,0.24217087892635938,0.07096195458104229,0.2663868513666587
37,1,train,16,0.07221397185886091,0.268726574530434,0.07096195458104229,0.2663868513666587
37,2,train,16,0.07934770989759396,0.281687255475987,0.07096195458104229,0.2663868513666587
37,3,train,16,0.07239293073764538,0.26905934426747824,0.07096195458104229,0.2663868513666587
37,4,train,16,0.07021651466567087,0.2649839894515721,0.07096195458104229,0.2663868513666587
37,5,train,16,0.07905135442123858,0.2811607270250214,0.07096195458104229,0.2663868513666587
37,6,train,16,0.05972090844137484,0.2443786169888332,0.07096195458104229,0.2663868513666587
37,7,train,8,0.07610551202598835,0.2758722748410727,0.07096195458104229,0.2663868513666587
37,-1,train,120,0.07096195458104229,0.2663868513666587,0.07096195458104229,0.2663868513666587
38,0,train,16,0.06006154313504423,0.24507456647935588,0.06765639412962547,0.26010842764052355
38,1,train,16,0.07994878024947376,0.2827521533949366,0.06765639412962547,0.26010842764052355
38,2,train,16,0.06378979254521391,0.25256641214780307,0.06765639412962547,0.26010842764052355
38,3,train,16,0.06283832618583325,0.25067573912493657,0.06765639412962547,0.26010842764052355
38,4,train,16,0.07720538537215375,0.2778585708092406,0.06765639412962547,0.26010842764052355
38,5,train,16,0.065568048717568,0.256062587500728,0.06765639412962547,0.26010842764052355
38,6,train,16,0.06845816512341255,0.26164511293623,0.06765639412962547,0.26010842764052355
38,7,train,8,0.06338111170830434,0.2517560559515984,0.06765639412962547,0.26010842764052355
38,-1,train,120,0.06765639412962547,0.26010842764052355,0.06765639412962547,0.26010842764052355
39,0,train,16,0.08000648897658316,0.28285418324038125,0.06475387598038558,0.25446782896937203
39,1,train,16,0.0682379481260129,0.2612239424823324,0.06475387598038558,0.25446782896937203
39,2,train,16,0.05746251556162589,0.23971340296617938,0.06475387598038558,0.25446782896937203
39,3,train,16,0.056253051119186326,0.2371772567494327,0.06475387598038558,0.25446782896937203
39,4,train,16,0.060907765340121565,0.2467949864566166,0.06475387598038558,0.25446782896937203
39,5,train,16,0.0781458143021216,0.27954572846337966,0.06475387598038558,0.25446782896937203
39,6,train,16,0.060893017248119775,0.24676510541022564,0.06475387598038558,0.25446782896937203
39,7,train,8,0.056124407169313405,0.23690590361853248,0.06475387598038558,0.25446782896937203
39,-1,train,120,0.06475387598038558,0.25446782896937203,0.06475387598038558,0.25446782896937203
40,0,train,16,0.07366679533167775,0.2714162768362976,0.06203315002987714,0.24906454992607266
40,1,train,16,0.06858669959812588,0.26189062525819035,0.06203315002987714,0.24906454992607266
40,2,train,16,0.05802875614842097,0.24089158588132747,0.06203315002987714,0.24906454992607266
40,3,train,16,0.0776220420298179,0.27860732587248654,0.06203315002987714,0.24906454992607266
40,4,train,16,0.07304687927192395,0.27027186178350854,0.06203315002987714,0.24906454992607266
40,5,train,16,0.04891678818092001,0.22117140000669167,0.06203315002987714,0.24906454992607266
40,6,train,16,0.04740734544372563,0.2177322792874902,0.06203315002987714,0.24906454992607266
40,7,train,8,0.04898989423440505,0.22133660843702527,0.06203315002987714,0.24906454992607266
40,-1,train,120,0.06203315002987714,0.24906454992607266,0.06203315002987714,0.24906454992607266
41,0,train,16,0.054693118461516296,0.23386559914086616,0.06271239310872417,0.2504244259426867
41,1,train,16,0.05624438523727726,0.23715898725807813,0.06271239310872417,0.2504244259426867
41,2,train,16,0.06374786540184581,0.2524833962894309,0.06271239310872417,0.2504244259426867
41,3,train,16,0.05036006231480962,0.2244104772839486,0.06271239310872417,0.2504244259426867
41,4,train,16,0.05290306376783697,0.23000666026842997,0.06271239310872417,0.2504244259426867
41,5,train,16,0.05703165622459836,0.2388130151909614,0.06271239310872417,0.2504244259426867
41,6,train,16,0.07222423051197069,0.26874566138259925,0.06271239310872417,0.2504244259426867
41,7,train,8,0.09449476294993833,0.30740000479820806,0.06271239310872417,0.2504244259426867
41,-1,train,120,0.06271239310872417,0.2504244259426867,0.06271239310872417,0.2504244259426867
42,0,train,16,0.06056208629542682,0.24609365350497525,0.0572706923089472,0.23931295892397303
42,1,train,16,0.049831252174376325,0.22322914723300882,0.0572706923089472,0.23931295892397303
42,2,train,16,0.06069115418117084,0.24635574720548095,0.0572706923089472,0.23931295892397303
42,3,train,16,0.05848078237613248,0.2418280016378014,0.0572706923089472,0.23931295892397303
42,4,train,16,0.059837906058473056,0.24461787763463458,0.0572706923089472,0.23931295892397303
42,5,train,16,0.07359571442962812,0.2712853007990446,0.0572706923089472,0.23931295892397303
42,6,train,16,0.05430426312486678,0.23303275118503575,0.0572706923089472,0.23931295892397303
42,7,train,8,0.04086237983150323,0.20214445288333596,0.0572706923089472,0.23931295892397303
42,-1,train,120,0.0572706923089472,0.23931295892397303,0.0572706923089472,0.23931295892397303
43,0,train,16,0.042976558937596845,0.20730788440770131,0.05542163153697345,0.2354179932311323
43,1,train,16,0.049655005945430694,0.2228340322873297,0.05542163153697345,0.2354179932311323
43,2,train,16,0.056873107445583736,0.23848083244903298,0.05542163153697345,0.2354179932311323
43,3,train,16,0.059501549681460375,0.24392939486962284,0.05542163153697345,0.2354179932311323
43,4,train,16,0.04868858629858293,0.22065490318273676,0.05542163153697345,0.2354179932311323
43,5,train,16,0.07048934359150724,0.26549829301053374,0.05542163153697345,0.2354179932311323
43,6,train,16,0.07301505680976961,0.27021298416206724,0.05542163153697345,0.2354179932311323
43,7,train,8,0.042173843585856206,0.20536271225774216,0.05542163153697345,0.2354179932311323
43,-1,train,120,0.05542163153697345,0.2354179932311323,0.05542163153697345,0.2354179932311323
44,0,train,16,0.05344199667164447,0.23117525099293063,0.05453937606783731,0.2335366696427722
44,1,train,16,0.04514725783421274,0.21247884090942498,0.05453937606783731,0.2335366696427722
44,2,train,16,0.06352240477470511,0.25203651476463707,0.05453937606783731,0.2335366696427722
44,3,train,16,0.06786424773215269,0.26050767307730627,0.05453937606783731,0.2335366696427722
44,4,train,16,0.044545663208480656,0.21105843553025938,0.05453937606783731,0.2335366696427722
44,5,train,16,0.05399635162563428,0.23237115058809318,0.05453937606783731,0.2335366696427722
44,6,train,16,0.04937389057155038,0.2222023640098151,0.05453937606783731,0.2335366696427722
44,7,train,8,0.05842319612431816,0.2417089078298898,0.05453937606783731,0.2335366696427722
44,-1,train,120,0.05453937606783731,0.2335366696427722,0.05453937606783731,0.2335366696427722
45,0,train,16,0.06862444119254793,0.2619626713723693,0.05126120148959612,0.22640936705356543
45,1,train,16,0.059653343500217705,0.2442403396251686,0.05126120148959612,0.22640936705356543
45,2,train,16,0.045004236077745764,0.21214201865200058,0.05126120148959612,0.22640936705356543
45,3,train,16,0.05012680835820369,0.22389017030277075,0.05126120148959612,0.22640936705356543
45,4,train,16,0.04519547481638486,0.21259227365166605,0.05126120148959612,0.22640936705356543
45,5,train,16,0.050500552414793475,0.22472327964586464,0.05126120148959612,0.22640936705356543
45,6,train,16,0.057000126098333034,0.2387469918100185,0.05126120148959612,0.22640936705356543
45,7,train,8,0.03398462945854254,0.18434920520181947,0.05126120148959612,0.22640936705356543
45,-1,train,120,0.05126120148959612,0.22640936705356543,0.05126120148959612,0.22640936705356543
46,0,train,16,0.04112841725218587,0.20280142320059263,0.04971393966004864,0.22296622986463363
46,1,train,16,0.05543405706830303,0.23544438211242805,0.04971393966004864,0.22296622986463363
46,2,train,16,0.046968381225443466,0.2167218983523434,0.04971393966004864,0.22296622986463363
46,3,train,16,0.062107903179446054,0.24921457256638516,0.04971393966004864,0.22296622986463363
46,4,train,16,0.055480655673175575,0.2355433201625034,0.04971393966004864,0.22296622986463363
46,5,train,16,0.042475177965544356,0.20609507021164858,0.04971393966004864,0.22296622986463363
46,6,train,16,0.05899394015455135,0.2428866817150569,0.04971393966004864,0.22296622986463363
46,7,train,8,0.03512298476173939,0.18741127170407704,0.04971393966004864,0.22296622986463363
46,-1,train,120,0.04971393966004864,0.22296622986463363,0.04971393966004864,0.22296622986463363
47,0,train,16,0.05125691556556624,0.22639990186739534,0.04810248296106551,0.21932278258554333
47,1,train,16,0.04790832495704337,0.21887970430591178,0.04810248296106551,0.21932278258554333
47,2,train,16,0.05342002888338435,0.23112773283053756,0.04810248296106551,0.21932278258554333
47,3,train,16,0.05342495813982244,0.23113839607434858,0.04810248296106551,0.21932278258554333
47,4,train,16,0.04427060652174781,0.21040581389721105,0.04810248296106551,0.21932278258554333
47,5,train,16,0.04190122664627387,0.2046978911622537,0.04810248296106551,0.21932278258554333
47,6,train,16,0.05768187027913076,0.24017050251671365,0.04810248296106551,0.21932278258554333
47,7,train,8,0.03495593269555526,0.18696505741863975,0.04810248296106551,0.21932278258554333
47,-1,train,120,0.04810248296106551,0.21932278258554333,0.04810248296106551,0.21932278258554333
48,0,train,16,0.04290170100403552,0.20712725799381287,0.04660752636968197,0.2158877633625444
48,1,train,16,0.056102521625158,0.23685970874160509,0.04660752636968197,0.2158877633625444
48,2,train,16,0.0421581356949524,0.20532446443361882,0.04660752636968197,0.2158877633625444
48,3,train,16,0.03444784602305094,0.18560130932472146,0.04660752636968197,0.2158877633625444
48,4,train,16,0.034365496418123344,0.18537933115135394,0.04660752636968197,0.2158877633625444
48,5,train,16,0.05745267113446959,0.23969286834294756,0.04660752636968197,0.2158877633625444
48,6,train,16,0.07181113735340049,0.26797600145050393,0.04660752636968197,0.2158877633625444
48,7,train,8,0.03362070170426545,0.18335948763089802,0.04660752636968197,0.2158877633625444
48,-1,train,120,0.04660752636968197,0.2158877633625444,0.04660752636968197,0.2158877633625444
49,0,train,16,0.031090286662945787,0.17632437909417345,0.0458841525723302,0.21420586493448354
49,1,train,16,0.0550505539308823,0.23462854457819554,0.0458841525723302,0.21420586493448354
49,2,train,16,0.04193559716707443,0.20478182821499183,0.0458841525723302,0.21420586493448354
49,3,train,16,0.07197782483611699,0.2682868331396772,0.0458841525723302,0.21420586493448354
49,4,train,16,0.03540899799656838,0.18817278760907055,0.0458841525723302,0.21420586493448354
49,5,train,16,0.04254219548100816,0.20625759496563553,0.0458841525723302,0.21420586493448354
49,6,train,16,0.04414990758130336,0.21011879397451186,0.0458841525723302,0.21420586493448354
49,7,train,8,0.04491785692274218,0.2119383328299583,0.0458841525723302,0.21420586493448354
49,-1,train,120,0.0458841525723302,0.21420586493448354,0.0458841525723302,0.21420586493448354
50,0,train,16,0.05341633488162427,0.23111974143639108,0.045072650797512784,0.21230320486868018
50,1,train,16,0.050773962819102195,0.22533078533370046,0.045072650797512784,0.21230320486868018
50,2,train,16,0.050593398512203194,0.2249297635089745,0.045072650797512784,0.21230320486868018
50,3,train,16,0.03602998059717587,0.18981564897862313,0.045072650797512784,0.21230320486868018
50,4,train,16,0.038108093056165276,0.19521294285002025,0.045072650797512784,0.21230320486868018
50,5,train,16,0.049101190999551264,0.22158788549817263,0.045072650797512784,0.21230320486868018
50,6,train,16,0.03003806473147782,0.17331492933812084,0.045072650797512784,0.21230320486868018
50,7,train,8,0.052520180782802406,0.22917281859505592,0.045072650797512784,0.21230320486868018
50,-1,train,120,0.045072650797512784,0.21230320486868018,0.045072650797512784,0.21230320486868018
51,0,train,16,0.06369471998460384,0.2523781289743702,0.042405478388223644,0.2059259050926416
51,1,train,16,0.05119084199526384,0.2262539325520417,0.042405478388223644,0.2059259050926416
51,2,train,16,0.04152954226401354,0.20378798361045125,0.042405478388223644,0.2059259050926416
51,3,train,16,0.04470717737302457,0.2114407183421031,0.042405478388223644,0.2059259050926416
51,4,train,16,0.027364319863513776,0.16542164266961495,0.042405478388223644,0.2059259050926416
51,5,train,16,0.03694057092663593,0.19219930001598842,0.042405478388223644,0.2059259050926416
51,6,train,16,0.04534505130474886,0.21294377498473363,0.042405478388223644,0.2059259050926416
51,7,train,8,0.028471603393984784,0.1687353057127784,0.042405478388223644,0.2059259050926416
51,-1,train,120,0.042405478388223644,0.2059259050926416,0.042405478388223644,0.2059259050926416
52,0,train,16,0.03706322978719625,0.19251812846377936,0.044418708380108536,0.2107574634030988
52,1,train,16,0.0356248753306478,0.18874553062429797,0.044418708380108536,0.2107574634030988
52,2,train,16,0.03884048523118287,0.19707989555300376,0.044418708380108536,0.2107574634030988
52,3,train,16,0.05676551483561818,0.23825514650394897,0.044418708380108536,0.2107574634030988
52,4,train,16,0.039907858313842595,0.19976951297393353,0.044418708380108536,0.2107574634030988
52,5,train,16,0.04118703625453528,0.20294589489451437,0.044418708380108536,0.2107574634030988
52,6,train,16,0.027456994595373835,0.16570152261030627,0.044418708380108536,0.2107574634030988
52,7,train,8,0.0785036726924715,0.2801850686465492,0.044418708380108536,0.2107574634030988
52,-1,train,120,0.044418708380108536,0.2107574634030988,0.044418708380108536,0.2107574634030988
53,0,train,16,0.026031519320067593,0.16134286262511768,0.04116171102231816,0.20288349125130453
53,1,train,16,0.06628658313669053,0.25746180908377564,0.04116171102231816,0.20288349125130453
53,2,train,16,0.04874599057613429,0.22078494191437578,0.04116171102231816,0.20288349125130453
53,3,train,16,0.04379143572808051,0.20926403352721773,0.04116171102231816,0.20288349125130453
53,4,train,16,0.042413988107303915,0.2059465661459397,0.04116171102231816,0.20288349125130453
53,5,train,16,0.03258059863712063,0.18050096575121316,0.04116171102231816,0.20288349125130453
53,6,train,16,0.025972281884320752,0.16115918181822825,0.04116171102231816,0.20288349125130453
53,7,train,8,0.04347129078882698,0.20849769972070908,0.04116171102231816,0.20288349125130453
53,-1,train,120,0.04116171102231816,0.20288349125130453,0.04116171102231816,0.20288349125130453
54,0,train,16,0.045090943649425466,0.21234628240076506,0.0396205029336118,0.19904899631400255
54,1,train,16,0.05238416085915911,0.22887586342635413,0.0396205029336118,0.19904899631400255
54,2,train,16,0.03282205610792664,0.18116858477099898,0.0396205029336118,0.19904899631400255
54,3,train,16,0.03142826907190595,0.17728019932272737,0.0396205029336118,0.19904899631400255
54,4,train,16,0.031447290729930785,0.1773338397766506,0.0396205029336118,0.19904899631400255
54,5,train,16,0.03758770086998585,0.19387547774276626,0.0396205029336118,0.19904899631400255
54,6,train,16,0.05196062112217138,0.22794872476539846,0.0396205029336118,0.19904899631400255
54,7,train,8,0.03424298105838926,0.18504859107377516,0.0396205029336118,0.19904899631400255
54,-1,train,120,0.0396205029336118,0.19904899631400255,0.0396205029336118,0.19904899631400255
55,0,train,16,0.03111148407019019,0.1763844779740842,0.03939737133096519,0.198487710780706
55,1,train,16,0.05365388769553292,0.23163308851615505,0.03939737133096519,0.198487710780706
55,2,train,16,0.037791856138523074,0.19440127607226007,0.03939737133096519,0.198487710780706
55,3,train,16,0.03109795608323368,0.17634612579592918,0.03939737133096519,0.198487710780706
55,4,train,16,0.041356545551630784,0.20336308797722064,0.03939737133096519,0.198487710780706
55,5,train,16,0.033718185342001876,0.18362512176170742,0.03939737133096519,0.198487710780706
55,6,train,16,0.040890942047794664,0.20221508857598797,0.03939737133096519,0.198487710780706
55,7,train,8,0.04555811371881434,0.21344346726666136,0.03939737133096519,0.198487710780706
55,-1,train,120,0.03939737133096519,0.198487710780706,0.03939737133096519,0.198487710780706
56,0,train,16,0.05414280440385281,0.23268606405165912,0.03828180820093467,0.19565737451201443
56,1,train,16,0.023063575209003557,0.15186696549613268,0.03828180820093467,0.19565737451201443
56,2,train,16,0.0377875087591899,0.19439009429286747,0.03828180820093467,0.19565737451201443
56,3,train,16,0.03490204861648655,0.1868208998385527,0.03828180820093467,0.19565737451201443
56,4,train,16,0.04074299053915285,0.20184892999258838,0.03828180820093467,0.19565737451201443
56,5,train,16,0.04559758358416049,0.21353590701369288,0.03828180820093467,0.19565737451201443
56,6,train,16,0.028797737922481848,0.1696989626440947,0.03828180820093467,0.19565737451201443
56,7,train,8,0.04122021657314942,0.2030276251477848,0.03828180820093467,0.19565737451201443
56,-1,train,120,0.03828180820093467,0.19565737451201443,0.03828180820093467,0.19565737451201443
57,0,train,16,0.045835176685423175,0.21409151474409996,0.037072884100256186,0.19254320060769786
57,1,train,16,0.05680661090744281,0.23834137472844033,0.037072884100256186,0.19254320060769786
57,2,train,16,0.021213290338263687,0.14564782984398938,0.037072884100256186,0.19254320060769786
57,3,train,16,0.042904891102877735,0.2071349586691675,0.037072884100256186,0.19254320060769786
57,4,train,16,0.041021312526028926,0.20253718800760745,0.037072884100256186,0.19254320060769786
57,5,train,16,0.02277117611751915,0.150901213108176,0.037072884100256186,0.19254320060769786
57,6,train,16,0.03117851791942062,0.1765743976895309,0.037072884100256186,0.19254320060769786
57,7,train,8,0.03485209720507337,0.1866871640072594,0.037072884100256186,0.19254320060769786
57,-1,train,120,0.037072884100256186,0.19254320060769786,0.037072884100256186,0.19254320060769786
58,0,train,16,0.01994340243604024,0.14122111186377284,0.03572189457350071,0.18900236658174605
58,1,train,16,0.030660536841004633,0.1751015043938933,0.03572189457350071,0.18900236658174605
58,2,train,16,0.0433965023168697,0.20831827168270597,0.03572189457350071,0.18900236658174605
58,3,train,16,0.0319259250260613,0.17867827239499856,0.03572189457350071,0.18900236658174605
58,4,train,16,0.05989622763015923,0.24473705814640992,0.03572189457350071,0.18900236658174605
58,5,train,16,0.03644299331935479,0.1909004801443799,0.03572189457350071,0.18900236658174605
58,6,train,16,0.03941776173086572,0.19853906852522935,0.03572189457350071,0.18900236658174605
58,7,train,8,0.02409180728765012,0.15521535776993886,0.03572189457350071,0.18900236658174605
58,-1,train,120,0.03572189457350071,0.18900236658174605,0.03572189457350071,0.18900236658174605
59,0,train,16,0.04191136278799984,0.20472264844906593,0.03612377478964733,0.19006255493822904
59,1,train,16,0.039566053911789814,0.19891217637889796,0.03612377478964733,0.19006255493822904
59,2,train,16,0.03148008028005015,0.17742626716484272,0.03612377478964733,0.19006255493822904
59,3,train,16,0.01812866086137769,0.13464271558973284,0.03612377478964733,0.19006255493822904
59,4,train,16,0.04989802858006386,0.2233786663494611,0.03612377478964733,0.19006255493822904
59,5,train,16,0.03078076533649251,0.17544447935598462,0.03612377478964733,0.19006255493822904
59,6,train,16,0.035127900381386544,0.18742438577033285,0.03612377478964733,0.19006255493822904
59,7,train,8,0.04209734617801824,0.20517637821644635,0.03612377478964733,0.19006255493822904
59,-1,train,120,0.03612377478964733,0.19006255493822904,0.03612377478964733,0.19006255493822904
60,0,train,16,0.030431216878803104,0.17444545531140415,0.034913557525207195,0.18685169928370252
60,1,train,16,0.041636735398885585,0.20405081572707712,0.034913557525207195,0.18685169928370252
60,2,train,16,0.024948914770881844,0.15795225471920887,0.034913557525207195,0.18685169928370252
60,3,train,16,0.042058448369123126,0.20508156516157938,0.034913557525207195,0.18685169928370252
60,4,train,16,0.029694268332648023,0.17232024934014,0.034913557525207195,0.18685169928370252
60,5,train,16,0.04747438003252332,0.21788616301299016,0.034913557525207195,0.18685169928370252
60,6,train,16,0.030055627718416113,0.17336558977610325,0.034913557525207195,0.18685169928370252
60,7,train,8,0.03300886870037647,0.181683429900408,0.034913557525207195,0.18685169928370252
60,-1,train,120,0.034913557525207195,0.18685169928370252,0.034913557525207195,0.18685169928370252
61,0,train,16,0.038533328488843666,0.19629907918491024,0.03602913324013919,0.1898134169128705
61,1,train,16,0.019824358640881758,0.14079900085185887,0.03602913324013919,0.1898134169128705
61,2,train,16,0.033214022460990825,0.18224714664704855,0.03602913324013919,0.1898134169128705
61,3,train,16,0.032358545776624746,0.1798848125235278,0.03602913324013919,0.1898134169128705
61,4,train,16,0.024401078695115312,0.15620844629889677,0.03602913324013919,0.1898134169128705
61,5,train,16,0.037359718180843014,0.19328662183618145,0.03602913324013919,0.1898134169128705
61,6,train,16,0.04323961853094192,0.20794138243972007,0.03602913324013919,0.1898134169128705
61,7,train,8,0.05930239514687226,0.2435208310327317,0.03602913324013919,0.1898134169128705
61,-1,train,120,0.03602913324013919,0.1898134169128705,0.03602913324013919,0.1898134169128705
62,0,train,16,0.04102659662568809,0.20255023235160233,0.033675854212344626,0.18350982047929923
62,1,train,16,0.03422248464129542,0.184993201608317,0.033675854212344626,0.18350982047929923
62,2,train,16,0.030310837221549647,0.1741000781778964,0.033675854212344626,0.18350982047929923
62,3,train,16,0.040248241955557554,0.20061964498911256,0.033675854212344626,0.18350982047929923
62,4,train,16,0.025578971115589544,0.15993427123537202,0.033675854212344626,0.18350982047929923
62,5,train,16,0.028541123616764773,0.1689411838977245,0.033675854212344626,0.18350982047929923
62,6,train,16,0.03820346418175682,0.19545706480390218,0.033675854212344626,0.18350982047929923
62,7,train,8,0.031275114340555146,0.1768477151126221,0.033675854212344626,0.18350982047929923
62,-1,train,120,0.033675854212344626,0.18350982047929923,0.033675854212344626,0.18350982047929923
63,0,train,16,0.048936716531361425,0.22121644724423503,0.032191772607381514,0.17942065825144415
63,1,train,16,0.0470028926178279,0.2168015051096922,0.032191772607381514,0.17942065825144415
63,2,train,16,0.02653117540787202,0.1628839323195263,0.032191772607381514,0.17942065825144415
63,3,train,16,0.016717654332676888,0.12929676845411445,0.032191772607381514,0.17942065825144415
63,4,train,16,0.04743639043018534,0.2177989679272731,0.032191772607381514,0.17942065825144415
63,5,train,16,0.029925598504249022,0.1729901688080829,0.032191772607381514,0.17942065825144415
63,6,train,16,0.02544308591496531,0.15950888976782865,0.032191772607381514,0.17942065825144415
63,7,train,8,0.015540667119914206,0.12466221207693294,0.032191772607381514,0.17942065825144415
63,-1,train,120,0.032191772607381514,0.17942065825144415,0.032191772607381514,0.17942065825144415
64,0,train,16,0.032251760289167666,0.1795877509441211,0.03463143185451363,0.1860952225461837
64,1,train,16,0.017742212803752357,0.1331998979119442,0.03463143185451363,0.1860952225461837
64,2,train,16,0.049157580400832485,0.22171508834725814,0.03463143185451363,0.1860952225461837
64,3,train,16,0.03216225915539056,0.17933839286497066,0.03463143185451363,0.1860952225461837
64,4,train,16,0.038429640055586224,0.1960347929720289,0.03463143185451363,0.1860952225461837
64,5,train,16,0.026833182750045738,0.16380837203893378,0.03463143185451363,0.1860952225461837
64,6,train,16,0.018581870067804696,0.13631533320872122,0.03463143185451363,0.1860952225461837
64,7,train,8,0.06189294931352931,0.24878293613817107,0.03463143185451363,0.1860952225461837
64,-1,train,120,0.03463143185451363,0.1860952225461837,0.03463143185451363,0.1860952225461837
65,0,train,16,0.0331197193617811,0.18198823962493044,0.031095078670378282,0.17633796718341255
65,1,train,16,0.06613765319705503,0.257172419199756,0.031095078670378282,0.17633796718341255
65,2,train,16,0.03334800606909252,0.1826143643558538,0.031095078670378282,0.17633796718341255
65,3,train,16,0.025662574865656113,0.16019542710594492,0.031095078670378282,0.17633796718341255
65,4,train,16,0.03041184904758138,0.17438993390554794,0.031095078670378282,0.17633796718341255
65,5,train,16,0.03295155873699599,0.1815256420922289,0.031095078670378282,0.17633796718341255
65,6,train,16,0.014892245463577558,0.12203378820465076,0.031095078670378282,0.17633796718341255
65,7,train,8,0.012237022621286554,0.11062107674980638,0.031095078670378282,0.17633796718341255
65,-1,train,120,0.031095078670378282,0.17633796718341255,0.031095078670378282,0.17633796718341255
66,0,train,16,0.015552643364718377,0.12471023760990264,0.03242840504267183,0.18007888561036753
66,1,train,16,0.03657148773975954,0.19123673219274465,0.03242840504267183,0.18007888561036753
66,2,train,16,0.013534548739308063,0.11633807948951222,0.03242840504267183,0.18007888561036753
66,3,train,16,0.04365263946089849,0.20893214080389472,0.03242840504267183,0.18007888561036753
66,4,train,16,0.04814377623141367,0.21941690051455395,0.03242840504267183,0.18007888561036753
66,5,train,16,0.024137350124305963,0.15536199704015768,0.03242840504267183,0.18007888561036753
66,6,train,16,0.0385651465349104,0.19638010727899707,0.03242840504267183,0.18007888561036753
66,7,train,8,0.03926964814606017,0.19816570880467732,0.03242840504267183,0.18007888561036753
66,-1,train,120,0.03242840504267183,0.18007888561036753,0.03242840504267183,0.18007888561036753
67,0,train,16,0.03613681005188559,0.19009684387670825,0.030459868766464584,0.17452755875925322
67,1,train,16,0.03980598805894053,0.19951438058180299,0.030459868766464584,0.17452755875925322
67,2,train,16,0.014944911820468195,0.12224938372224294,0.030459868766464584,0.17452755875925322
67,3,train,16,0.027995354061137033,0.16731812233328772,0.030459868766464584,0.17452755875925322
67,4,train,16,0.03217578232481243,0.17937609184284406,0.030459868766464584,0.17452755875925322
67,5,train,16,0.03647503891568461,0.1909843944297141,0.030459868766464584,0.17452755875925322
67,6,train,16,0.04176700697266308,0.2043697799887818,0.030459868766464584,0.17452755875925322
67,7,train,8,0.01437805792612524,0.1199085398381835,0.030459868766464584,0.17452755875925322
67,-1,train,120,0.030459868766464584,0.17452755875925322,0.030459868766464584,0.17452755875925322
68,0,train,16,0.03218541986389795,0.17940295388844063,0.031572097501013585,0.177685389103926
68,1,train,16,0.03016713091626222,0.17368687606224661,0.031572097501013585,0.177685389103926
68,2,train,16,0.015449101899380207,0.12429441620354555,0.031572097501013585,0.177685389103926
68,3,train,16,0.06483395923492503,0.25462513472735765,0.031572097501013585,0.177685389103926
68,4,train,16,0.03347680791214759,0.18296668525211793,0.031572097501013585,0.177685389103926
68,5,train,16,0.02603985932423044,0.16136870614908716,0.031572097501013585,0.177685389103926
68,6,train,16,0.012857365758672157,0.11339032480186374,0.031572097501013585,0.177685389103926
68,7,train,8,0.03756713509859303,0.19382243187668716,0.031572097501013585,0.177685389103926
68,-1,train,120,0.031572097501013585,0.177685389103926,0.031572097501013585,0.177685389103926
69,0,train,16,0.038675702161123836,0.19666138960437515,0.030379970922640602,0.17429851095933263
69,1,train,16,0.0217752531682885,0.1475644034592642,0.030379970922640602,0.17429851095933263
69,2,train,16,0.0365653430997934,0.1912206659851215,0.030379970922640602,0.17429851095933263
69,3,train,16,0.01127759889322127,0.10619603991308371,0.030379970922640602,0.17429851095933263
69,4,train,16,0.0441458893211427,0.21010923187985506,0.030379970922640602,0.17429851095933263
69,5,train,16,0.024423307023768204,0.15627957967619507,0.030379970922640602,0.17429851095933263
69,6,train,16,0.042942299340048944,0.20722523818311547,0.030379970922640602,0.17429851095933263
69,7,train,8,0.023234374373737928,0.152428259760905,0.030379970922640602,0.17429851095933263
69,-1,train,120,0.030379970922640602,0.17429851095933263,0.030379970922640602,0.17429851095933263
70,0,train,16,0.028765081047875694,0.1696027153316706,0.03177530970403872,0.17825630340618734
70,1,train,16,0.03424819277087033,0.18506267254870803,0.03177530970403872,0.17825630340618734
70,2,train,16,0.010653000776557382,0.103213374988697,0.03177530970403872,0.17825630340618734
70,3,train,16,0.020053369216681126,0.1416099192030033,0.03177530970403872,0.17825630340618734
70,4,train,16,0.04648181352616308,0.21559641352806191,0.03177530970403872,0.17825630340618734
70,5,train,16,0.049844107315587485,0.22325793897549867,0.03177530970403872,0.17825630340618734
70,6,train,16,0.014011607526971382,0.1183706362531324,0.03177530970403872,0.17825630340618734
70,7,train,8,0.05014530545160327,0.2239314749015941,0.03177530970403872,0.17825630340618734
70,-1,train,120,0.03177530970403872,0.17825630340618734,0.03177530970403872,0.17825630340618734
71,0,train,16,0.05362808955105025,0.23157739430058852,0.03125039849067375,0.17677782239487438
71,1,train,16,0.010484795497111194,0.10239529040493607,0.03125039849067375,0.17677782239487438
71,2,train,16,0.03119804841555951,0.17662969290456096,0.03125039849067375,0.17677782239487438
71,3,train,16,0.01142174762897352,0.10687257659930129,0.03125039849067375,0.17677782239487438
71,4,train,16,0.009648957625839925,0.09822910783387949,0.03125039849067375,0.17677782239487438
71,5,train,16,0.03089222561965089,0.1757618434690843,0.03125039849067375,0.17677782239487438
71,6,train,16,0.0565856853303177,0.23787745864271734,0.03125039849067375,0.17677782239487438
71,7,train,8,0.04614363825688698,0.21481070331081498,0.03125039849067375,0.17677782239487438
71,-1,train,120,0.03125039849067375,0.17677782239487438,0.03125039849067375,0.17677782239487438
72,0,train,16,0.037402835665102066,0.19339812735676132,0.030341693428208694,0.17418867192848303
72,1,train,16,0.02571580695684166,0.16036148838434264,0.030341693428208694,0.17418867192848303
72,2,train,16,0.04366880061796937,0.20897081283750937,0.030341693428208694,0.17418867192848303
72,3,train,16,0.023577964585113746,0.1535511790417571,0.030341693428208694,0.17418867192848303
72,4,train,16,0.023594986272470964,0.15360659579741673,0.030341693428208694,0.17418867192848303
72,5,train,16,0.02311457708773784,0.15203478907058687,0.030341693428208694,0.17418867192848303
72,6,train,16,0.029886244666898064,0.172876385509699,0.030341693428208694,0.17418867192848303
72,7,train,8,0.035772331573535834,0.18913574906277195,0.030341693428208694,0.17418867192848303
72,-1,train,120,0.030341693428208694,0.17418867192848303,0.030341693428208694,0.17418867192848303
73,0,train,16,0.01020868295315651,0.10103802726279107,0.030289613966569234,0.1740391161968172
73,1,train,16,0.03607621220515177,0.18993739022412562,0.030289613966569234,0.1740391161968172
73,2,train,16,0.041897522997033275,0.20468884433948342,0.030289613966569234,0.1740391161968172
73,3,train,16,0.04803568629505632,0.2191704503236153,0.030289613966569234,0.1740391161968172
73,4,train,16,0.022483994296659253,0.14994663816391235,0.030289613966569234,0.1740391161968172
73,5,train,16,0.0219817122173451,0.14826230882238783,0.030289613966569234,0.1740391161968172
73,6,train,16,0.02316445386632151,0.1521987314872286,0.030289613966569234,0.1740391161968172
73,7,train,8,0.03846864690183012,0.19613425733876813,0.030289613966569234,0.1740391161968172
73,-1,train,120,0.030289613966569234,0.1740391161968172,0.030289613966569234,0.1740391161968172
74,0,train,16,0.02338867510618108,0.1529335643545297,0.028438054579987073,0.1686358638605296
74,1,train,16,0.032539267306329424,0.18038643880937785,0.028438054579987073,0.1686358638605296
74,2,train,16,0.03923706225596648,0.19808347295008355,0.028438054579987073,0.1686358638605296
74,3,train,16,0.03619838615899079,0.1902587347771208,0.028438054579987073,0.1686358638605296
74,4,train,16,0.028404355697455218,0.16853591812268154,0.028438054579987073,0.1686358638605296
74,5,train,16,0.015668385834387854,0.12517342303535464,0.028438054579987073,0.1686358638605296
74,6,train,16,0.03976142798940656,0.199402677989556,0.028438054579987073,0.1686358638605296
74,7,train,8,0.012306876291179176,0.11093636144735942,0.028438054579987073,0.1686358638605296
74,-1,train,120,0.028438054579987073,0.1686358638605296,0.028438054579987073,0.1686358638605296
75,0,train,16,0.032791376697648186,0.18108389408682427,0.03244266132081568,0.1801184646859274
75,1,train,16,0.018761959418826708,0.13697430203810754,0.03244266132081568,0.1801184646859274
75,2,train,16,0.030993198022615485,0.17604885123912478,0.03244266132081568,0.1801184646859274
75,3,train,16,0.03376088834046451,0.18374136262819132,0.03244266132081568,0.1801184646859274
75,4,train,16,0.0098774685816167,0.09938545457770316,0.03244266132081568,0.1801184646859274
75,5,train,16,0.027344844161794828,0.16536276534273012,0.03244266132081568,0.1801184646859274
75,6,train,16,0.026738848343144783,0.1635201771743927,0.03244266132081568,0.1801184646859274
75,7,train,8,0.07927270700041422,0.2815540924945227,0.03244266132081568,0.1801184646859274
75,-1,train,120,0.03244266132081568,0.1801184646859274,0.03244266132081568,0.1801184646859274
76,0,train,16,0.044582174025613,0.2111449123839194,0.028756511966319957,0.16957745123193696
76,1,train,16,0.03635717236992801,0.1906755683613609,0.028756511966319957,0.16957745123193696
76,2,train,16,0.022462326723279927,0.14987436980111019,0.028756511966319957,0.16957745123193696
76,3,train,16,0.02716458650968494,0.1648168271436049,0.028756511966319957,0.16957745123193696
76,4,train,16,0.025018903198730014,0.1581736488759427,0.028756511966319957,0.16957745123193696
76,5,train,16,0.020899221286013302,0.1445656296842832,0.028756511966319957,0.16957745123193696
76,6,train,16,0.029853269133479347,0.17278098602994296,0.028756511966319957,0.16957745123193696
76,7,train,8,0.023714442483831106,0.15399494304629327,0.028756511966319957,0.16957745123193696
76,-1,train,120,0.028756511966319957,0.16957745123193696,0.028756511966319957,0.16957745123193696
77,0,train,16,0.03570475583920869,0.18895702114292734,0.02914087743266331,0.17070699292256106
77,1,train,16,0.0488973167222715,0.22112737669106353,0.02914087743266331,0.17070699292256106
77,2,train,16,0.010548275256829142,0.10270479665930478,0.02914087743266331,0.17070699292256106
77,3,train,16,0.01922392321239548,0.13865036318883367,0.02914087743266331,0.17070699292256106
77,4,train,16,0.025120062818729444,0.15849310022436133,0.02914087743266331,0.17070699292256106
77,5,train,16,0.028686052398991947,0.16936957341562842,0.02914087743266331,0.17070699292256106
77,6,train,16,0.03223626142156845,0.17954459452060495,0.02914087743266331,0.17070699292256106
77,7,train,8,0.03271037179131182,0.18086008899508985,0.02914087743266331,0.17070699292256106
77,-1,train,120,0.02914087743266331,0.17070699292256106,0.02914087743266331,0.17070699292256106
78,0,train,16,0.03628774521052773,0.19049342563597235,0.028934921419375786,0.17010267904820248
78,1,train,16,0.024335918943301022,0.15599974020267157,0.028934921419375786,0.17010267904820248
78,2,train,16,0.019491175496341905,0.1396108000705601,0.028934921419375786,0.17010267904820248
78,3,train,16,0.016290919353684208,0.1276358858381302,0.028934921419375786,0.17010267904820248
78,4,train,16,0.027702952085632615,0.16644203821640918,0.028934921419375786,0.17010267904820248
78,5,train,16,0.03888909400296993,0.197203179495083,0.028934921419375786,0.17010267904820248
78,6,train,16,0.03628386198030272,0.19048323280620455,0.028934921419375786,0.17010267904820248
78,7,train,8,0.03219770428224613,0.17943718756781196,0.028934921419375786,0.17010267904820248
78,-1,train,120,0.028934921419375786,0.17010267904820248,0.028934921419375786,0.17010267904820248
79,0,train,16,0.020056193573285086,0.14161989116393603,0.03231158961870363,0.17975424784606242
79,1,train,16,0.024352000549306686,0.15605127538506913,0.03231158961870363,0.17975424784606242
79,2,train,16,0.01917955502412133,0.1384902705034593,0.03231158961870363,0.17975424784606242
79,3,train,16,0.013611798119385005,0.11666961095068847,0.03231158961870363,0.17975424784606242
79,4,train,16,0.04001548371914573,0.2000387055525648,0.03231158961870363,0.17975424784606242
79,5,train,16,0.03361057956632966,0.18333188366001604,0.03231158961870363,0.17975424784606242
79,6,train,16,0.019262301717318124,0.13878869448668404,0.03231158961870363,0.17975424784606242
79,7,train,8,0.08840480468073746,0.2973294547816234,0.03231158961870363,0.17975424784606242
79,-1,train,120,0.03231158961870363,0.17975424784606242,0.03231158961870363,0.17975424784606242
80,0,train,16,0.03602607858947986,0.18980537028619568,0.028929043120734577,0.17008539949312104
80,1,train,16,0.024816457549769428,0.15753240158700504,0.028929043120734577,0.17008539949312104
80,2,train,16,0.009542093418141575,0.09768363945995039,0.028929043120734577,0.17008539949312104
80,3,train,16,0.031214174327618353,0.1766753359346413,0.028929043120734577,0.17008539949312104
80,4,train,16,0.022051867224663284,0.14849871118855976,0.028929043120734577,0.17008539949312104
80,5,train,16,0.04403590677480491,0.20984734159575363,0.028929043120734577,0.17008539949312104
80,6,train,16,0.026816701985330336,0.16375805929886425,0.028929043120734577,0.17008539949312104
80,7,train,8,0.036929065096068844,0.19216936565454143,0.028929043120734577,0.17008539949312104
80,-1,train,120,0.028929043120734577,0.17008539949312104,0.028929043120734577,0.17008539949312104
81,0,train,16,0.04912315631511498,0.22163744339599972,0.027037239948050795,0.16443004575822143
81,1,train,16,0.022037948011992596,0.148451837347985,0.027037239948050795,0.16443004575822143
81,2,train,16,0.03046490382298799,0.17454198298113835,0.027037239948050795,0.16443004575822143
81,3,train,16,0.01845945634952069,0.13586558191654238,0.027037239948050795,0.16443004575822143
81,4,train,16,0.04334229536783809,0.2081881249443351,0.027037239948050795,0.16443004575822143
81,5,train,16,0.021029205060073365,0.14501449948220133,0.027037239948050795,0.16443004575822143
81,6,train,16,0.022823134675767954,0.15107327584906588,0.027037239948050795,0.16443004575822143
81,7,train,8,0.009017819981110713,0.09496220290784493,0.027037239948050795,0.16443004575822143
81,-1,train,120,0.027037239948050795,0.16443004575822143,0.027037239948050795,0.16443004575822143
82,0,train,16,0.03252126479902308,0.18033653206996933,0.026745950413547402,0.1635418919223677
82,1,train,16,0.01663460502333311,0.12897521088694955,0.026745950413547402,0.1635418919223677
82,2,train,16,0.03191762621316529,0.1786550481043435,0.026745950413547402,0.1635418919223677
82,3,train,16,0.056637372842328906,0.23798607699260246,0.026745950413547402,0.1635418919223677
82,4,train,16,0.028206997550343817,0.16794938984808436,0.026745950413547402,0.1635418919223677
82,5,train,16,0.025478202195582157,0.1596189280617501,0.026745950413547402,0.1635418919223677
82,6,train,16,0.016165443594085057,0.12714339776050135,0.026745950413547402,0.1635418919223677
82,7,train,8,0.0064060910905178025,0.08003806026208908,0.026745950413547402,0.1635418919223677
82,-1,train,120,0.026745950413547402,0.1635418919223677,0.026745950413547402,0.1635418919223677
83,0,train,16,0.032228369213831286,0.1795226147699261,0.026796286870740958,0.16369571427114687
83,1,train,16,0.020356082747948312,0.14267474460446147,0.026796286870740958,0.16369571427114687
83,2,train,16,0.010643251492600743,0.10316613539626626,0.026796286870740958,0.16369571427114687
83,3,train,16,0.044660458156608955,0.2113302111781677,0.026796286870740958,0.16369571427114687
83,4,train,16,0.024982795800450045,0.15805946918944794,0.026796286870740958,0.16369571427114687
83,5,train,16,0.046556097627639986,0.21576862058149232,0.026796286870740958,0.16369571427114687
83,6,train,16,0.02556500512802249,0.15989060362642482,0.026796286870740958,0.16369571427114687
83,7,train,8,0.00937823479882584,0.09684128664379589,0.026796286870740958,0.16369571427114687
83,-1,train,120,0.026796286870740958,0.16369571427114687,0.026796286870740958,0.16369571427114687
84,0,train,16,0.01239628088007382,0.11133858666281794,0.027925498218260437,0.1671092403736563
84,1,train,16,0.02927869543695057,0.1711101850766066,0.027925498218260437,0.1671092403736563
84,2,train,16,0.007077610184476913,0.08412853371167783,0.027925498218260437,0.1671092403736563
84,3,train,16,0.04287494183678041,0.20706265196017462,0.027925498218260437,0.1671092403736563
84,4,train,16,0.01804599328291152,0.1343353761408793,0.027925498218260437,0.1671092403736563
84,5,train,16,0.04943345712223587,0.22233636032425255,0.027925498218260437,0.1671092403736563
84,6,train,16,0.0346553055998729,0.18615935539175274,0.027925498218260437,0.1671092403736563
84,7,train,8,0.029641701402781485,0.17216765492618374,0.027925498218260437,0.1671092403736563
84,-1,train,120,0.027925498218260437,0.1671092403736563,0.027925498218260437,0.1671092403736563
85,0,train,16,0.06301914798463445,0.2510361487607601,0.027920758517746353,0.16709505832832505
85,1,train,16,0.008438748769189153,0.09186266254136743,0.027920758517746353,0.16709505832832505
85,2,train,16,0.015716040740195055,0.12536363404191447,0.027920758517746353,0.16709505832832505
85,3,train,16,0.01829014925841608,0.13524107829508045,0.027920758517746353,0.16709505832832505
85,4,train,16,0.017789746881904246,0.13337820992165192,0.027920758517746353,0.16709505832832505
85,5,train,16,0.03717413275431777,0.1928059458479374,0.027920758517746353,0.16709505832832505
85,6,train,16,0.03196043687479605,0.17877482170259895,0.027920758517746353,0.16709505832832505
85,7,train,8,0.030977664878518017,0.17600472970496564,0.027920758517746353,0.16709505832832505
85,-1,train,120,0.027920758517746353,0.16709505832832505,0.027920758517746353,0.16709505832832505
86,0,train,16,0.03140288568778885,0.17720859371878345,0.029062278328663517,0.17047662106184389
86,1,train,16,0.020684207888570484,0.14382005384705737,0.029062278328663517,0.17047662106184389
86,2,train,16,0.01940569161250657,0.13930431297166132,0.029062278328663517,0.17047662106184389
86,3,train,16,0.027344964360017536,0.16536312878032253,0.029062278328663517,0.17047662106184389
86,4,train,16,0.02984620285840008,0.17276053617189338,0.029062278328663517,0.17047662106184389
86,5,train,16,0.018859800821829864,0.1373309900271234,0.029062278328663517,0.17047662106184389
86,6,train,16,0.03320503248719962,0.1822224807404389,0.029062278328663517,0.17047662106184389
86,7,train,8,0.05174944091299512,0.22748503448138102,0.029062278328663517,0.17047662106184389
86,-1,train,120,0.029062278328663517,0.17047662106184389,0.029062278328663517,0.17047662106184389
87,0,train,16,0.012968846971404466,0.11388084549828591,0.0291027470817459,0.17059527274149744
87,1,train,16,0.047988373539277464,0.21906248775013368,0.0291027470817459,0.17059527274149744
87,2,train,16,0.0144961134119196,0.12039980652774987,0.0291027470817459,0.17059527274149744
87,3,train,16,0.018856777888392115,0.13731998357264727,0.0291027470817459,0.17059527274149744
87,4,train,16,0.010745783064410675,0.10366186890274878,0.0291027470817459,0.17059527274149744
87,5,train,16,0.046531996381443945,0.215712763603464,0.0291027470817459,0.17059527274149744
87,6,train,16,0.027023559976342797,0.16438844234417088,0.0291027470817459,0.17059527274149744
87,7,train,8,0.05421052542077616,0.23283153871581952,0.0291027470817459,0.17059527274149744
87,-1,train,120,0.0291027470817459,0.17059527274149744,0.0291027470817459,0.17059527274149744
88,0,train,16,0.016631106466279577,0.1289616472687891,0.0258994328819795,0.16093300743470712
88,1,train,16,0.03822426749716111,0.19551027465880433,0.0258994328819795,0.16093300743470712
88,2,train,16,0.019749859244275754,0.14053419243826662,0.0258994328819795,0.16093300743470712
88,3,train,16,0.048015982868801196,0.21912549570691495,0.0258994328819795,0.16093300743470712
88,4,train,16,0.04207240653411393,0.2051155931032888,0.0258994328819795,0.16093300743470712
88,5,train,16,0.030819854336168358,0.17555584392485588,0.0258994328819795,0.16093300743470712
88,6,train,16,0.0066670340567799675,0.08165190785756306,0.0258994328819795,0.16093300743470712
88,7,train,8,0.005014952052256097,0.07081632617028433,0.0258994328819795,0.16093300743470712
88,-1,train,120,0.0258994328819795,0.16093300743470712,0.0258994328819795,0.16093300743470712
89,0,train,16,0.038634439855882476,0.1965564546278816,0.02602454988713936,0.1613212629728002
89,1,train,16,0.02170438064821383,0.147324066765121,0.02602454988713936,0.1613212629728002
89,2,train,16,0.05559117361014926,0.2357778055927853,0.02602454988713936,0.1613212629728002
89,3,train,16,0.0133675225925662,0.11561800289127208,0.02602454988713936,0.1613212629728002
89,4,train,16,0.008593504436079065,0.09270115660594028,0.02602454988713936,0.1613212629728002
89,5,train,16,0.03810415128264516,0.1952028465024144,0.02602454988713936,0.1613212629728002
89,6,train,16,0.023277675324596937,0.15257023079420487,0.02602454988713936,0.1613212629728002
89,7,train,8,0.008923551346981938,0.09446455074249778,0.02602454988713936,0.1613212629728002
89,-1,train,120,0.02602454988713936,0.1613212629728002,0.02602454988713936,0.1613212629728002
90,0,train,16,0.027222088825229064,0.16499117802242963,0.02567541389284891,0.16023549510907037
90,1,train,16,0.02885908186318692,0.1698796099100387,0.02567541389284891,0.16023549510907037
90,2,train,16,0.0066294704984551835,0.08142156040297424,0.02567541389284891,0.16023549510907037
90,3,train,16,0.026455893830525566,0.16265267852244417,0.02567541389284891,0.16023549510907037
90,4,train,16,0.018677351944096234,0.13666510872968357,0.02567541389284891,0.16023549510907037
90,5,train,16,0.04173480866798302,0.20429099017818436,0.02567541389284891,0.16023549510907037
90,6,train,16,0.05077632279350416,0.22533602196165653,0.02567541389284891,0.16023549510907037
90,7,train,8,0.005048292719811146,0.07105133862082505,0.02567541389284891,0.16023549510907037
90,-1,train,120,0.02567541389284891,0.16023549510907037,0.02567541389284891,0.16023549510907037
91,0,train,16,0.02018979832944174,0.14209081015126115,0.027123412655466344,0.16469187185610085
91,1,train,16,0.020864178564156184,0.14444437879044025,0.027123412655466344,0.16469187185610085
91,2,train,16,0.04090302538502351,0.20224496380632945,0.027123412655466344,0.16469187185610085
91,3,train,16,0.040174545820977,0.20043588955318606,0.027123412655466344,0.16469187185610085
91,4,train,16,0.03435767583425668,0.18535823648885064,0.027123412655466344,0.16469187185610085
91,5,train,16,0.023395168328190573,0.15295479177910895,0.027123412655466344,0.16469187185610085
91,6,train,16,0.00744297134282462,0.08627265698252616,0.027123412655466344,0.16469187185610085
91,7,train,8,0.02965993763886044,0.17222060747442636,0.027123412655466344,0.16469187185610085
91,-1,train,120,0.027123412655466344,0.16469187185610085,0.027123412655466344,0.16469187185610085
92,0,train,16,0.04150482408720984,0.20372732778694624,0.027221335250786703,0.16498889432560818
92,1,train,16,0.018417570717700123,0.1357113507327229,0.027221335250786703,0.16498889432560818
92,2,train,16,0.02495473562231504,0.15797067962857866,0.027221335250786703,0.16498889432560818
92,3,train,16,0.0287951292207078,0.16969127620684513,0.027221335250786703,0.16498889432560818
92,4,train,16,0.0211841377813126,0.14554771651012804,0.027221335250786703,0.16498889432560818
92,5,train,16,0.019651482296635818,0.14018374476605988,0.027221335250786703,0.16498889432560818
92,6,train,16,0.030034718262132575,0.1733052747671939,0.027221335250786703,0.16498889432560818
92,7,train,8,0.03322808401827981,0.1822857208293612,0.027221335250786703,0.16498889432560818
92,-1,train,120,0.027221335250786703,0.16498889432560818,0.027221335250786703,0.16498889432560818
93,0,train,16,0.0355363115187569,0.18851077295146,0.026635260146309576,0.16320312541832518
93,1,train,16,0.03766521919902507,0.19407529260321899,0.026635260146309576,0.16320312541832518
93,2,train,16,0.01939465865288348,0.13926470713315517,0.026635260146309576,0.16320312541832518
93,3,train,16,0.011174895517316919,0.10571137837204148,0.026635260146309576,0.16320312541832518
93,4,train,16,0.03161564987606434,0.1778079016131295,0.026635260146309576,0.16320312541832518
93,5,train,16,0.021472719263372145,0.14653572691795044,0.026635260146309576,0.16320312541832518
93,6,train,16,0.030679279376399454,0.1751550152761817,0.026635260146309576,0.16320312541832518
93,7,train,8,0.025543347766658304,0.15982286371686094,0.026635260146309576,0.16320312541832518
93,-1,train,120,0.026635260146309576,0.16320312541832518,0.026635260146309576,0.16320312541832518
94,0,train,16,0.05313888149055784,0.23051872264646497,0.02595223142480639,0.16109696280441288
94,1,train,16,0.03850379679112891,0.1962238435846391,0.02595223142480639,0.16109696280441288
94,2,train,16,0.034359888130571926,0.18536420401623374,0.02595223142480639,0.16109696280441288
94,3,train,16,0.004968782052856783,0.07048958825852782,0.02595223142480639,0.16109696280441288
94,4,train,16,0.027675420512772792,0.16635931147000096,0.02595223142480639,0.16109696280441288
94,5,train,16,0.016601132132681617,0.12884538071922336,0.02595223142480639,0.16109696280441288
94,6,train,16,0.016702715402227078,0.129238985612806,0.02595223142480639,0.16109696280441288
94,7,train,8,0.015667234885654194,0.12516882553437256,0.02595223142480639,0.16109696280441288
94,-1,train,120,0.02595223142480639,0.16109696280441288,0.02595223142480639,0.16109696280441288
95,0,train,16,0.010146914599769885,0.10073189464995624,0.02734172524195,0.16535333453532167
95,1,train,16,0.02205237027687508,0.14850040497209116,0.02734172524195,0.16535333453532167
95,2,train,16,0.04960661966805995,0.2227254356108883,0.02734172524195,0.16535333453532167
95,3,train,16,0.03144808958851057,0.17733609217672125,0.02734172524195,0.16535333453532167
95,4,train,16,0.0344700759885404,0.18566118600434608,0.02734172524195,0.16535333453532167
95,5,train,16,0.024826997778818118,0.15756585219779734,0.02734172524195,0.16535333453532167
95,6,train,16,0.006720764852572554,0.0819802711179498,0.02734172524195,0.16535333453532167
95,7,train,8,0.03946196918245344,0.1986503691978785,0.02734172524195,0.16535333453532167
95,-1,train,120,0.02734172524195,0.16535333453532167,0.02734172524195,0.16535333453532167
96,0,train,16,0.009792033928890321,0.09895470645143828,0.026751240016620444,0.16355806313545182
96,1,train,16,0.027757491617332885,0.1666057970700086,0.026751240016620444,0.16355806313545182
96,2,train,16,0.03306621637665047,0.18184118448979172,0.026751240016620444,0.16355806313545182
96,3,train,16,0.0416301372483779,0.20403464717635067,0.026751240016620444,0.16355806313545182
96,4,train,16,0.04222802052159772,0.20549457540674332,0.026751240016620444,0.16355806313545182
96,5,train,16,0.0111256145437998,0.10547802872541655,0.026751240016620444,0.16355806313545182
96,6,train,16,0.016280415166454572,0.12759473016725484,0.026751240016620444,0.16355806313545182
96,7,train,8,0.03212999072985988,0.1792484050971162,0.026751240016620444,0.16355806313545182
96,-1,train,120,0.026751240016620444,0.16355806313545182,0.026751240016620444,0.16355806313545182
97,0,train,16,0.03148672285422858,0.17744498542993142,0.026359930327404274,0.1623574153754742
97,1,train,16,0.011467996538707784,0.10708873208096072,0.026359930327404274,0.1623574153754742
97,2,train,16,0.02885235894433309,0.1698598214538479,0.026359930327404274,0.1623574153754742
97,3,train,16,0.019935923488999873,0.14119462981643413,0.026359930327404274,0.1623574153754742
97,4,train,16,0.025078068851267964,0.15836056596030454,0.026359930327404274,0.1623574153754742
97,5,train,16,0.049181681769839586,0.22176943380420933,0.026359930327404274,0.1623574153754742
97,6,train,16,0.017635131793588298,0.13279733353342715,0.026359930327404274,0.1623574153754742
97,7,train,8,0.02724155837826899,0.16505016927670504,0.026359930327404274,0.1623574153754742
97,-1,train,120,0.026359930327404274,0.1623574153754742,0.026359930327404274,0.1623574153754742
98,0,train,16,0.014067278073586112,0.11860555667246839,0.026306262621501496,0.1621920547422145
98,1,train,16,0.020170722768906038,0.1420236697487642,0.026306262621501496,0.1621920547422145
98,2,train,16,0.035049297784586285,0.1872145768485624,0.026306262621501496,0.1621920547422145
98,3,train,16,0.033545465211304255,0.18315421155764958,0.026306262621501496,0.1621920547422145
98,4,train,16,0.030710850481004314,0.17524511542694796,0.026306262621501496,0.1621920547422145
98,5,train,16,0.006836690315828289,0.08268428094764016,0.026306262621501496,0.1621920547422145
98,6,train,16,0.04178450722407719,0.2044125906691591,0.026306262621501496,0.1621920547422145
98,7,train,8,0.028285289112719502,0.1681823091550342,0.026306262621501496,0.1621920547422145
98,-1,train,120,0.026306262621501496,0.1621920547422145,0.026306262621501496,0.1621920547422145
99,0,train,16,0.019822639076205677,0.14079289426745115,0.02926345646447251,0.17106564957487083
99,1,train,16,0.019408405450165644,0.1393140533118093,0.02926345646447251,0.17106564957487083
99,2,train,16,0.04945766993274986,0.22239080451482218,0.02926345646447251,0.17106564957487083
99,3,train,16,0.01582313190285457,0.12579003101539712,0.02926345646447251,0.17106564957487083
99,4,train,16,0.016590773588506157,0.1288051768699774,0.02926345646447251,0.17106564957487083
99,5,train,16,0.021832655525242765,0.14775877478255822,0.02926345646447251,0.17106564957487083
99,6,train,16,0.014195200149948703,0.11914361145251852,0.02926345646447251,0.17106564957487083
99,7,train,8,0.07697717609010667,0.27744760963127196,0.02926345646447251,0.17106564957487083
99,-1,train,120,0.02926345646447251,0.17106564957487083,0.02926345646447251,0.17106564957487083
100,0,train,16,0.03761412977480745,0.1939436252492137,0.025724365865823405,0.1603881724623839
100,1,train,16,0.007354456242921063,0.08575812639581781,0.025724365865823405,0.1603881724623839
100,2,train,16,0.04570572836673149,0.21378898092916646,0.025724365865823405,0.1603881724623839
100,3,train,16,0.03763485916434971,0.19399705967965006,0.025724365865823405,0.1603881724623839
100,4,train,16,0.01734413118094099,0.13169711910645954,0.025724365865823405,0.1603881724623839
100,5,train,16,0.011673224851965097,0.10804269920714261,0.025724365865823405,0.1603881724623839
100,6,train,16,0.026758979005816093,0.16358171965661716,0.025724365865823405,0.1603881724623839
100,7,train,8,0.02170941833905534,0.14734116308437145,0.025724365865823405,0.1603881724623839
100,-1,train,120,0.025724365865823405,0.1603881724623839,0.025724365865823405,0.1603881724623839
101,0,train,16,0.011099326047561055,0.10535333904324559,0.025860811087688732,0.16081296927701053
101,1,train,16,0.03375128342866095,0.1837152237259094,0.025860811087688732,0.16081296927701053
101,2,train,16,0.02104826582273247,0.14508020479284026,0.025860811087688732,0.16081296927701053
101,3,train,16,0.017855888150857476,0.13362592619270214,0.025860811087688732,0.16081296927701053
101,4,train,16,0.04132905370222852,0.20329548372314749,0.025860811087688732,0.16081296927701053
101,5,train,16,0.035716575964637794,0.18898829584034507,0.025860811087688732,0.16081296927701053
101,6,train,16,0.020387847695346784,0.14278602065799995,0.025860811087688732,0.16081296927701053
101,7,train,8,0.025698247889484792,0.16030673064311676,0.025860811087688732,0.16081296927701053
101,-1,train,120,0.025860811087688732,0.16081296927701053,0.025860811087688732,0.16081296927701053
102,0,train,16,0.02660387801383552,0.16310695268392308,0.02588481272033155,0.1608875778931722
102,1,train,16,0.013336311023089482,0.11548294689299145,0.02588481272033155,0.1608875778931722
102,2,train,16,0.0284356729181397,0.16862880216066203,0.02588481272033155,0.1608875778931722
102,3,train,16,0.031542071251157905,0.17760087626799004,0.02588481272033155,0.1608875778931722
102,4,train,16,0.034617675674197865,0.18605825881749474,0.02588481272033155,0.1608875778931722
102,5,train,16,0.024003237229148926,0.15492978160814957,0.02588481272033155,0.1608875778931722
102,6,train,16,0.021129046639629057,0.14535833873441542,0.02588481272033155,0.1608875778931722
102,7,train,8,0.027410609013453935,0.16556149616820312,0.02588481272033155,0.1608875778931722
102,-1,train,120,0.02588481272033155,0.1608875778931722,0.02588481272033155,0.1608875778931722
103,0,train,16,0.045280345471390634,0.21279178901308818,0.02435741504955315,0.1560686228860662
103,1,train,16,0.012786579885563015,0.11307776034907578,0.02435741504955315,0.1560686228860662
103,2,train,16,0.025188147539378668,0.15870774253129136,0.02435741504955315,0.1560686228860662
103,3,train,16,0.015444751940832096,0.12427691636354717,0.02435741504955315,0.1560686228860662
103,4,train,16,0.006561518313509549,0.08100319940292204,0.02435741504955315,0.1560686228860662
103,5,train,16,0.03475916012089466,0.1864380865619862,0.02435741504955315,0.1560686228860662
103,6,train,16,0.049983850570079,0.22357068361052843,0.02435741504955315,0.1560686228860662
103,7,train,8,0.004854966554777547,0.06967759004714175,0.02435741504955315,0.1560686228860662
103,-1,train,120,0.02435741504955315,0.1560686228860662,0.02435741504955315,0.1560686228860662
104,0,train,16,0.04411465133135887,0.21003488122537853,0.02474793128820356,0.15731475229044337
104,1,train,16,0.02392096797083886,0.15466404873414785,0.02474793128820356,0.15731475229044337
104,2,train,16,0.03016547534277948,0.17368211002512457,0.02474793128820356,0.15731475229044337
104,3,train,16,0.018011016428741068,0.13420512817601668,0.02474793128820356,0.15731475229044337
104,4,train,16,0.023722186675509873,0.15402008529899558,0.02474793128820356,0.15731475229044337
104,5,train,16,0.015228339904238686,0.12340316002533601,0.02474793128820356,0.15731475229044337
104,6,train,16,0.030262160658489162,0.17396022723165536,0.02474793128820356,0.15731475229044337
104,7,train,8,0.012558651993672457,0.11206539159648021,0.02474793128820356,0.15731475229044337
104,-1,train,120,0.02474793128820356,0.15731475229044337,0.02474793128820356,0.15731475229044337
105,0,train,16,0.03435717009455323,0.1853568722614655,0.025809832507773488,0.16065438838629179
105,1,train,16,0.015622186032651472,0.12498874362378186,0.025809832507773488,0.16065438838629179
105,2,train,16,0.03249297307526544,0.18025807353698597,0.025809832507773488,0.16065438838629179
105,3,train,16,0.00624547347935447,0.07902830808864929,0.025809832507773488,0.16065438838629179
105,4,train,16,0.007727617508452428,0.08790686838041967,0.025809832507773488,0.16065438838629179
105,5,train,16,0.04229973557904964,0.2056689951816988,0.025809832507773488,0.16065438838629179
105,6,train,16,0.037258972723049594,0.193025834341027,0.025809832507773488,0.16065438838629179
105,7,train,8,0.030474531569811607,0.17456956083410305,0.025809832507773488,0.16065438838629179
105,-1,train,120,0.025809832507773488,0.16065438838629179,0.025809832507773488,0.16065438838629179
106,0,train,16,0.0066181178202849595,0.08135181510135443,0.02526669792559417,0.15895501856057948
106,1,train,16,0.02103563265709001,0.1450366597005392,0.02526669792559417,0.15895501856057948
106,2,train,16,0.021338666244165697,0.1460776034995293,0.02526669792559417,0.15895501856057948
106,3,train,16,0.0449594298444652,0.2120363880197576,0.02526669792559417,0.15895501856057948
106,4,train,16,0.0321576585735809,0.17932556586717047,0.02526669792559417,0.15895501856057948
106,5,train,16,0.033166203031936195,0.18211590548860962,0.02526669792559417,0.15895501856057948
106,6,train,16,0.019274566499264005,0.13883287254560428,0.02526669792559417,0.15895501856057948
106,7,train,8,0.023583308733966347,0.1535685799047655,0.02526669792559417,0.15895501856057948
106,-1,train,120,0.02526669792559417,0.15895501856057948,0.02526669792559417,0.15895501856057948
107,0,train,16,0.022649358132381815,0.15049703695548897,0.02504019433018086,0.1582409375925865
107,1,train,16,0.026409167510716737,0.16250897670810907,0.02504019433018086,0.1582409375925865
107,2,train,16,0.012041531509549338,0.1097339123040336,0.02504019433018086,0.1582409375925865
107,3,train,16,0.023135914392814934,0.1521049453266229,0.02504019433018086,0.1582409375925865
107,4,train,16,0.019084325549350096,0.13814602979944843,0.02504019433018086,0.1582409375925865
107,5,train,16,0.027434397906603663,0.16563332365983502,0.02504019433018086,0.1582409375925865
107,6,train,16,0.04812796503189216,0.2193808675155884,0.02504019433018086,0.1582409375925865
107,7,train,8,0.021438894608138147,0.14642026706756872,0.02504019433018086,0.1582409375925865
107,-1,train,120,0.02504019433018086,0.1582409375925865,0.02504019433018086,0.1582409375925865
108,0,train,16,0.006523548484960183,0.08076848695475349,0.024136599751737778,0.15535958210467024
108,1,train,16,0.02678864268818936,0.16367236384982456,0.024136599751737778,0.15535958210467024
108,2,train,16,0.026553676732388266,0.16295298933247057,0.024136599751737778,0.15535958210467024
108,3,train,16,0.033230649855249886,0.18229275864731953,0.024136599751737778,0.15535958210467024
108,4,train,16,0.031150812736654293,0.1764959283854851,0.024136599751737778,0.15535958210467024
108,5,train,16,0.024479896964586606,0.15646052845553923,0.024136599751737778,0.15535958210467024
108,6,train,16,0.03590143095149011,0.18947672931389253,0.024136599751737778,0.15535958210467024
108,7,train,8,0.008464139600383516,0.09200075869460815,0.024136599751737778,0.15535958210467024
108,-1,train,120,0.024136599751737778,0.15535958210467024,0.024136599751737778,0.15535958210467024
109,0,train,16,0.011148556304975441,0.1055867240943455,0.024819421874827774,0.1575418099262154
109,1,train,16,0.03854745846393824,0.19633506682184473,0.024819421874827774,0.1575418099262154
109,2,train,16,0.036024944378651814,0.18980238243671183,0.024819421874827774,0.1575418099262154
109,3,train,16,0.04083161247638735,0.2020683361548448,0.024819421874827774,0.1575418099262154
109,4,train,16,0.01611001273610351,0.12692522497952688,0.024819421874827774,0.1575418099262154
109,5,train,16,0.01903326105757879,0.13796108530153997,0.024819421874827774,0.1575418099262154
109,6,train,16,0.016042873052796742,0.12666046365301503,0.024819421874827774,0.1575418099262154
109,7,train,8,0.02081665652819028,0.14427978558408755,0.024819421874827774,0.1575418099262154
109,-1,train,120,0.024819421874827774,0.1575418099262154,0.024819421874827774,0.1575418099262154
110,0,train,16,0.011946852047364245,0.10930165619680356,0.02531364493220539,0.1591026239010702
110,1,train,16,0.017606531437893126,0.13268960561360157,0.02531364493220539,0.1591026239010702
110,2,train,16,0.04151237967851471,0.20374587033487257,0.02531364493220539,0.1591026239010702
110,3,train,16,0.00524743346617621,0.07243917079989395,0.02531364493220539,0.1591026239010702
110,4,train,16,0.021081818731880773,0.145195794470366,0.02531364493220539,0.1591026239010702
110,5,train,16,0.026264683807874167,0.16206382633973002,0.02531364493220539,0.1591026239010702
110,6,train,16,0.04901451874524232,0.2213922282855528,0.02531364493220539,0.1591026239010702
110,7,train,8,0.029834941542697557,0.17272794082804774,0.02531364493220539,0.1591026239010702
110,-1,train,120,0.02531364493220539,0.1591026239010702,0.02531364493220539,0.1591026239010702
111,0,train,16,0.040849487735499235,0.20211256204278652,0.023601032486332323,0.15362627537739865
111,1,train,16,0.02183056436726082,0.14775169835660373,0.023601032486332323,0.15362627537739865
111,2,train,16,0.016718746544360754,0.12930099204708662,0.023601032486332323,0.15362627537739865
111,3,train,16,0.012295237187540867,0.11088389056820142,0.023601032486332323,0.15362627537739865
111,4,train,16,0.02620361097765784,0.16187529452531613,0.023601032486332323,0.15362627537739865
111,5,train,16,0.048616828710272876,0.22049224183692467,0.023601032486332323,0.15362627537739865
111,6,train,16,0.018292387314936938,0.13524935236420518,0.023601032486332323,0.15362627537739865
111,7,train,8,0.004001397053129257,0.06325659691391292,0.023601032486332323,0.15362627537739865
111,-1,train,120,0.023601032486332323,0.15362627537739865,0.023601032486332323,0.15362627537739865
112,0,train,16,0.018922440381207457,0.1375588615146529,0.024879020406602597,0.15773084798669726
112,1,train,16,0.015785629420299388,0.12564087479916475,0.024879020406602597,0.15773084798669726
112,2,train,16,0.02454794295118756,0.15667783171587343,0.024879020406602597,0.15773084798669726
112,3,train,16,0.04413601552288143,0.21008573374430123,0.024879020406602597,0.15773084798669726
112,4,train,16,0.03099629350408109,0.17605764256084167,0.024879020406602597,0.15773084798669726
112,5,train,16,0.016439609825595995,0.1282170418688405,0.024879020406602597,0.15773084798669726
112,6,train,16,0.022150045939517103,0.14882891499811823,0.024879020406602597,0.15773084798669726
112,7,train,8,0.026054185708050726,0.16141309026237843,0.024879020406602597,0.15773084798669726
112,-1,train,120,0.024879020406602597,0.15773084798669726,0.024879020406602597,0.15773084798669726
113,0,train,16,0.03229485025590473,0.1797076800136954,0.024948945689653054,0.15795235259296728
113,1,train,16,0.022781425874185458,0.15093517109734714,0.024948945689653054,0.15795235259296728
113,2,train,16,0.0031346952262604985,0.05598834902245733,0.024948945689653054,0.15795235259296728
113,3,train,16,0.02239918952310796,0.14966358783320666,0.024948945689653054,0.15795235259296728
113,4,train,16,0.021503502213513905,0.14664072494881464,0.024948945689653054,0.15795235259296728
113,5,train,16,0.03344878487776125,0.18289008961056705,0.024948945689653054,0.15795235259296728
113,6,train,16,0.03535890241271795,0.18803962989943887,0.024948945689653054,0.15795235259296728
113,7,train,8,0.028670215133772697,0.16932281338842883,0.024948945689653054,0.15795235259296728
113,-1,train,120,0.024948945689653054,0.15795235259296728,0.024948945689653054,0.15795235259296728
114,0,train,16,0.016344694204257628,0.12784636953882433,0.02344162461594293,0.1531065792705948
114,1,train,16,0.016207186440168442,0.1273074484866005,0.02344162461594293,0.1531065792705948
114,2,train,16,0.03469429424350906,0.1862640444194989,0.02344162461594293,0.1531065792705948
114,3,train,16,0.01962781099504208,0.14009928977351055,0.02344162461594293,0.1531065792705948
114,4,train,16,0.03985322454523435,0.19963272413418184,0.02344162461594293,0.1531065792705948
114,5,train,16,0.0236442212341515,0.15376677545605064,0.02344162461594293,0.1531065792705948
114,6,train,16,0.03133486640988128,0.1770165710036246,0.02344162461594293,0.1531065792705948
114,7,train,8,0.0058266988552990884,0.07633281637211539,0.02344162461594293,0.1531065792705948
114,-1,train,120,0.02344162461594293,0.1531065792705948,0.02344162461594293,0.1531065792705948
115,0,train,16,0.016334643426965275,0.12780705546629761,0.0245160553710587,0.15657603702693046
115,1,train,16,0.03251050159863532,0.1803066876148395,0.0245160553710587,0.15657603702693046
115,2,train,16,0.058183520701461,0.24121260477317724,0.0245160553710587,0.15657603702693046
115,3,train,16,0.01693502666386923,0.1301346482066526,0.0245160553710587,0.15657603702693046
115,4,train,16,0.0144308727505312,0.12012856758711143,0.0245160553710587,0.15657603702693046
115,5,train,16,0.014580359864963338,0.12074916092860993,0.0245160553710587,0.15657603702693046
115,6,train,16,0.018691459052072312,0.13671671094665902,0.0245160553710587,0.15657603702693046
115,7,train,8,0.024462058909971898,0.15640351309984024,0.0245160553710587,0.15657603702693046
115,-1,train,120,0.0245160553710587,0.15657603702693046,0.0245160553710587,0.15657603702693046
116,0,train,16,0.04943486076116651,0.22233951686815934,0.024608620108055892,0.15687134890749135
116,1,train,16,0.023524430584856988,0.15337676025023148,0.024608620108055892,0.15687134890749135
116,2,train,16,0.013369703819511308,0.11562743541007604,0.024608620108055892,0.15687134890749135
116,3,train,16,0.0264592868007628,0.16266310829675792,0.024608620108055892,0.15687134890749135
116,4,train,16,0.01888806614186625,0.13743386097271026,0.024608620108055892,0.15687134890749135
116,5,train,16,0.02492609354905744,0.15787999730509703,0.024608620108055892,0.15687134890749135
116,6,train,16,0.012987106903351175,0.1139609885151545,0.024608620108055892,0.15687134890749135
116,7,train,8,0.02727941230387464,0.1651648034657343,0.024608620108055892,0.15687134890749135
116,-1,train,120,0.024608620108055892,0.15687134890749135,0.024608620108055892,0.15687134890749135
117,0,train,16,0.009370376922931458,0.09680070724396314,0.023801827408453102,0.15427840875654994
117,1,train,16,0.05126497149922453,0.22641769254902439,0.023801827408453102,0.15427840875654994
117,2,train,16,0.02193387138465681,0.14810088245738717,0.023801827408453102,0.15427840875654994
117,3,train,16,0.039824813316376106,0.19956155270085496,0.023801827408453102,0.15427840875654994
117,4,train,16,0.023654727433676755,0.15380093443694273,0.023801827408453102,0.15427840875654994
117,5,train,16,0.023968947399271086,0.154819079571192,0.023801827408453102,0.15427840875654994
117,6,train,16,0.004625049730637918,0.068007718169616,0.023801827408453102,0.15427840875654994
117,7,train,8,0.015771861580850147,0.12558607239996858,0.023801827408453102,0.15427840875654994
117,-1,train,120,0.023801827408453102,0.15427840875654994,0.023801827408453102,0.15427840875654994
118,0,train,16,0.015903775918594484,0.1261101737315213,0.023443746605846583,0.1531135088940443
118,1,train,16,0.022216981343861318,0.1490536190230258,0.023443746605846583,0.1531135088940443
118,2,train,16,0.019816626303602345,0.14077153939487322,0.023443746605846583,0.1531135088940443
118,3,train,16,0.03316746445582411,0.18211936870037768,0.023443746605846583,0.1531135088940443
118,4,train,16,0.035463171144153746,0.18831667781732384,0.023443746605846583,0.1531135088940443
118,5,train,16,0.040432151092510034,0.20107747534845874,0.023443746605846583,0.1531135088940443
118,6,train,16,0.00907002641655848,0.09523668629555777,0.023443746605846583,0.1531135088940443
118,7,train,8,0.011479776171668144,0.1071437173690933,0.023443746605846583,0.1531135088940443
118,-1,train,120,0.023443746605846583,0.1531135088940443,0.023443746605846583,0.1531135088940443
119,0,train,16,0.04071647380004761,0.2017832346852622,0.02439742605144418,0.15619675429228413
119,1,train,16,0.02559532443709714,0.15998538819872626,0.02439742605144418,0.15619675429228413
119,2,train,16,0.006946833152491919,0.08334766434935006,0.02439742605144418,0.15619675429228413
119,3,train,16,0.024688071382276067,0.15712438188351313,0.02439742605144418,0.15619675429228413
119,4,train,16,0.031078151425965463,0.17628996405344652,0.02439742605144418,0.15619675429228413
119,5,train,16,0.02034163959652479,0.14262411996757346,0.02439742605144418,0.15619675429228413
119,6,train,16,0.017693080228233786,0.13301533831943513,0.02439742605144418,0.15619675429228413
119,7,train,8,0.02811983438891662,0.16768969672856057,0.02439742605144418,0.15619675429228413
119,-1,train,120,0.02439742605144418,0.15619675429228413,0.02439742605144418,0.15619675429228413
120,0,train,16,0.012486066969700994,0.111741071096088,0.024534682498947018,0.15663550842304888
120,1,train,16,0.028392506634552995,0.16850076152514265,0.024534682498947018,0.15663550842304888
120,2,train,16,0.022532490793880082,0.15010826357626045,0.024534682498947018,0.15663550842304888
120,3,train,16,0.026908143630618664,0.16403701908599372,0.024534682498947018,0.15663550842304888
120,4,train,16,0.026378088320171567,0.16241332556219507,0.024534682498947018,0.15663550842304888
120,5,train,16,0.009414731937044866,0.09702954156876588,0.024534682498947018,0.15663550842304888
120,6,train,16,0.038355170397429854,0.19584476096497924,0.024534682498947018,0.15663550842304888
120,7,train,8,0.03181026130817714,0.17835431396009782,0.024534682498947018,0.15663550842304888
120,-1,train,120,0.024534682498947018,0.15663550842304888,0.024534682498947018,0.15663550842304888
121,0,train,16,0.026648487307407726,0.16324364400309044,0.024448942579904008,0.1563615764179423
121,1,train,16,0.04689883475353701,0.21656138795624905,0.024448942579904008,0.1563615764179423
121,2,train,16,0.0066209906969031465,0.08136947030000347,0.024448942579904008,0.1563615764179423
121,3,train,16,0.016644499844061224,0.12901356457388977,0.024448942579904008,0.1563615764179423
121,4,train,16,0.00705263375250956,0.0839799604221719,0.024448942579904008,0.1563615764179423
121,5,train,16,0.03967867408289541,0.199195065407995,0.024448942579904008,0.1563615764179423
121,6,train,16,0.020281012162193947,0.14241141865101248,0.024448942579904008,0.1563615764179423
121,7,train,8,0.03176640803972407,0.17823133293482396,0.024448942579904008,0.1563615764179423
121,-1,train,120,0.024448942579904008,0.1563615764179423,0.024448942579904008,0.1563615764179423
122,0,train,16,0.004780534204072224,0.0691414073046841,0.024396566871464954,0.15619400395490524
122,1,train,16,0.015294533691718497,0.12367107055297329,0.024396566871464954,0.15619400395490524
122,2,train,16,0.026011873958955888,0.16128197034683042,0.024396566871464954,0.15619400395490524
122,3,train,16,0.022596724064377655,0.15032206778905635,0.024396566871464954,0.15619400395490524
122,4,train,16,0.02201261793282507,0.14836649868762514,0.024396566871464954,0.15619400395490524
122,5,train,16,0.03250561518753298,0.18029313682870177,0.024396566871464954,0.15619400395490524
122,6,train,16,0.03978170556502553,0.19945351730422187,0.024396566871464954,0.15619400395490524
122,7,train,8,0.0321889303672118,0.1794127374720418,0.024396566871464954,0.15619400395490524
122,-1,train,120,0.024396566871464954,0.15619400395490524,0.024396566871464954,0.15619400395490524
123,0,train,16,0.015211405581022058,0.12333452712449201,0.02425815951883678,0.1557503114566285
123,1,train,16,0.01334486302903179,0.1155199680965667,0.02425815951883678,0.1557503114566285
123,2,train,16,0.016390230091125307,0.1280243339804012,0.02425815951883678,0.1557503114566285
123,3,train,16,0.040779728055383165,0.20193991199211503,0.02425815951883678,0.1557503114566285
123,4,train,16,0.017670799411722588,0.1329315591262007,0.02425815951883678,0.1557503114566285
123,5,train,16,0.0155856779658456,0.12484261278043488,0.02425815951883678,0.1557503114566285
123,6,train,16,0.04368608248206495,0.2090121586943328,0.02425815951883678,0.1557503114566285
123,7,train,8,0.03139648953449878,0.17719054583836796,0.02425815951883678,0.1557503114566285
123,-1,train,120,0.02425815951883678,0.1557503114566285,0.02425815951883678,0.1557503114566285
124,0,train,16,0.022035096053041617,0.14844223136641949,0.02372269640844266,0.15402174005134034
124,1,train,16,0.024623485150640226,0.1569187214791155,0.02372269640844266,0.15402174005134034
124,2,train,16,0.024044768486424957,0.15506375619861967,0.02372269640844266,0.15402174005134034
124,3,train,16,0.028957901265495734,0.17017021262693344,0.02372269640844266,0.15402174005134034
124,4,train,16,0.008160141427036686,0.09033350113350355,0.02372269640844266,0.15402174005134034
124,5,train,16,0.042493138886950804,0.20613863996580264,0.02372269640844266,0.15402174005134034
124,6,train,16,0.015331127306046322,0.12381892951421572,0.02372269640844266,0.15402174005134034
124,7,train,8,0.02413591269190493,0.15535737089660384,0.02372269640844266,0.15402174005134034
124,-1,train,120,0.02372269640844266,0.15402174005134034,0.02372269640844266,0.15402174005134034
125,0,train,16,0.014907436185772078,0.12209601216162663,0.02241730310641331,0.14972408993349504
125,1,train,16,0.01526482291220621,0.12355089199275823,0.02241730310641331,0.14972408993349504
125,2,train,16,0.047774333205686394,0.2185734046165873,0.02241730310641331,0.14972408993349504
125,3,train,16,0.02147905620336509,0.1465573478313697,0.02241730310641331,0.14972408993349504
125,4,train,16,0.018207853036828238,0.13493647778428278,0.02241730310641331,0.14972408993349504
125,5,train,16,0.029803729021228333,0.1726375654984405,0.02241730310641331,0.14972408993349504
125,6,train,16,0.02711712844697456,0.16467279206649335,0.02241730310641331,0.14972408993349504
125,7,train,8,0.0047840658392455946,0.06916694180926025,0.02241730310641331,0.14972408993349504
125,-1,train,120,0.02241730310641331,0.14972408993349504,0.02241730310641331,0.14972408993349504
126,0,train,16,0.03587516368267774,0.18940740134080755,0.022634908725809616,0.15044902367848592
126,1,train,16,0.025013113748372524,0.15815534688518287,0.022634908725809616,0.15044902367848592
126,2,train,16,0.017037593506095718,0.13052813300624397,0.022634908725809616,0.15044902367848592
126,3,train,16,0.03934325330420606,0.19835133804490973,0.022634908725809616,0.15044902367848592
126,4,train,16,0.02287384064188995,0.15124100185429198,0.022634908725809616,0.15044902367848592
126,5,train,16,0.02377626311355843,0.15419553532303856,0.022634908725809616,0.15044902367848592
126,6,train,16,0.007528580035924197,0.08676739039480326,0.022634908725809616,0.15044902367848592
126,7,train,8,0.009631461773752327,0.0981400110747514,0.022634908725809616,0.15044902367848592
126,-1,train,120,0.022634908725809616,0.15044902367848592,0.022634908725809616,0.15044902367848592
127,0,train,16,0.02644517027863168,0.16261971060923605,0.022206699572519206,0.1490191248548964
127,1,train,16,0.027096488004010665,0.16461010905776918,0.022206699572519206,0.1490191248548964
127,2,train,16,0.039571455271418775,0.19892575316287928,0.022206699572519206,0.1490191248548964
127,3,train,16,0.02755419408460962,0.16599456040668809,0.022206699572519206,0.1490191248548964
127,4,train,16,0.01789327507594076,0.1337657470204565,0.022206699572519206,0.1490191248548964
127,5,train,16,0.013333298073728152,0.11546990115925515,0.022206699572519206,0.1490191248548964
127,6,train,16,0.021504737751855952,0.1466449376959735,0.022206699572519206,0.1490191248548964
127,7,train,8,0.004254978039958019,0.0652301927021377,0.022206699572519206,0.1490191248548964
127,-1,train,120,0.022206699572519206,0.1490191248548964,0.022206699572519206,0.1490191248548964
128,0,train,16,0.026400671263911008,0.16248283375147976,0.02306079338778349,0.15185780647626743
128,1,train,16,0.017376936537137885,0.1318216087640334,0.02306079338778349,0.15185780647626743
128,2,train,16,0.015341739570635404,0.12386177606766102,0.02306079338778349,0.15185780647626743
128,3,train,16,0.05155794692773684,0.2270637508008199,0.02306079338778349,0.15185780647626743
128,4,train,16,0.0213807115787484,0.14622144705462464,0.02306079338778349,0.15185780647626743
128,5,train,16,0.024264289359583503,0.15576998863575583,0.02306079338778349,0.15185780647626743
128,6,train,16,0.008945062070176932,0.09457833827138713,0.02306079338778349,0.15185780647626743
128,7,train,8,0.01921898979433794,0.13863257118851233,0.02306079338778349,0.15185780647626743
128,-1,train,120,0.02306079338778349,0.15185780647626743,0.02306079338778349,0.15185780647626743
129,0,train,16,0.024250395552848792,0.1557253850624515,0.025106051973974995,0.15844889388687758
129,1,train,16,0.05147528055643695,0.22688164437970065,0.025106051973974995,0.15844889388687758
129,2,train,16,0.005149475289862613,0.07175984455015641,0.025106051973974995,0.15844889388687758
129,3,train,16,0.01970567099966169,0.14037688912232557,0.025106051973974995,0.15844889388687758
129,4,train,16,0.003984025426787583,0.06311913677156543,0.025106051973974995,0.15844889388687758
129,5,train,16,0.007724694436401354,0.08789024084846596,0.025106051973974995,0.15844889388687758
129,6,train,16,0.035502508080098846,0.18842109245012578,0.025106051973974995,0.15844889388687758
129,7,train,8,0.053056365449702145,0.23033967406789074,0.025106051973974995,0.15844889388687758
129,-1,train,120,0.025106051973974995,0.15844889388687758,0.025106051973974995,0.15844889388687758
130,0,train,16,0.015774330888349054,0.1255959031511341,0.02330453503927632,0.15265822951703692
130,1,train,16,0.02501790591018117,0.15817049633285332,0.02330453503927632,0.15265822951703692
130,2,train,16,0.021472977719652713,0.14653660880357752,0.02330453503927632,0.15265822951703692
130,3,train,16,0.013361924492705169,0.11559379089166151,0.02330453503927632,0.15265822951703692
130,4,train,16,0.02608755881801894,0.1615164351328339,0.02330453503927632,0.15265822951703692
130,5,train,16,0.030086516063848406,0.1734546513179984,0.02330453503927632,0.15265822951703692
130,6,train,16,0.028750281096769147,0.16955907848525584,0.02330453503927632,0.15265822951703692
130,7,train,8,0.02588478532468596,0.16088749275405456,0.02330453503927632,0.15265822951703692
130,-1,train,120,0.02330453503927632,0.15265822951703692,0.02330453503927632,0.15265822951703692
131,0,train,16,0.024405618933810436,0.15622297825163375,0.023262539890144457,0.15252062119642856
131,1,train,16,0.03542320553305141,0.18821053512768993,0.023262539890144457,0.15252062119642856
131,2,train,16,0.014730836218562865,0.1213706563324219,0.023262539890144457,0.15252062119642856
131,3,train,16,0.004683095454600223,0.06843314587683531,0.023262539890144457,0.15252062119642856
131,4,train,16,0.04664426572508249,0.2159728356184696,0.023262539890144457,0.15252062119642856
131,5,train,16,0.017848173257900564,0.133597055573469,0.023262539890144457,0.15252062119642856
131,6,train,16,0.015892774365578368,0.1260665473691509,0.023262539890144457,0.15252062119642856
131,7,train,8,0.02647234963256931,0.16270325636744123,0.023262539890144457,0.15252062119642856
131,-1,train,120,0.023262539890144457,0.15252062119642856,0.023262539890144457,0.15252062119642856
132,0,train,16,0.031622419440464025,0.17782693676848854,0.022059603215283535,0.1485247562370783
132,1,train,16,0.04459484660620557,0.21117491945353165,0.022059603215283535,0.1485247562370783
132,2,train,16,0.0076037511167504155,0.08719949034685016,0.022059603215283535,0.1485247562370783
132,3,train,16,0.017226185395571844,0.13124856340384014,0.022059603215283535,0.1485247562370783
132,4,train,16,0.031334265585272796,0.1770148739097164,0.022059603215283535,0.1485247562370783
132,5,train,16,0.014764901229410099,0.12151090991927474,0.022059603215283535,0.1485247562370783
132,6,train,16,0.020819090891512522,0.1442882215966103,0.022059603215283535,0.1485247562370783
132,7,train,8,0.008511365457080998,0.09225706182770509,0.022059603215283535,0.1485247562370783
132,-1,train,120,0.022059603215283535,0.1485247562370783,0.022059603215283535,0.1485247562370783
133,0,train,16,0.027463117109343148,0.16571999610591098,0.024886436478591043,0.1577543548641084
133,1,train,16,0.019631234501432608,0.1401115073840568,0.024886436478591043,0.1577543548641084
133,2,train,16,0.007608828382882888,0.08722859842324011,0.024886436478591043,0.1577543548641084
133,3,train,16,0.015397708134125132,0.12408750192555708,0.024886436478591043,0.1577543548641084
133,4,train,16,0.017491207333592395,0.13225432822252886,0.024886436478591043,0.1577543548641084
133,5,train,16,0.02050617652159423,0.14319977835735023,0.024886436478591043,0.1577543548641084
133,6,train,16,0.03593241814789913,0.18955848213123866,0.024886436478591043,0.1577543548641084
133,7,train,8,0.055060801697858784,0.23465038184042825,0.024886436478591043,0.1577543548641084
133,-1,train,120,0.024886436478591043,0.1577543548641084,0.024886436478591043,0.1577543548641084
134,0,train,16,0.036877443517842015,0.1920350059698544,0.022019913393600824,0.14839108259461153
134,1,train,16,0.005615093285782606,0.07493392613351182,0.022019913393600824,0.14839108259461153
134,2,train,16,0.022058952728478527,0.1485225663947352,0.022019913393600824,0.14839108259461153
134,3,train,16,0.027290084435435236,0.1651971078301168,0.022019913393600824,0.14839108259461153
134,4,train,16,0.02598669974845223,0.1612039073609949,0.022019913393600824,0.14839108259461153
134,5,train,16,0.01139547709594763,0.10674959998026985,0.022019913393600824,0.14839108259461153
134,6,train,16,0.036485250090777264,0.1910111255680602,0.022019913393600824,0.14839108259461153
134,7,train,8,0.010450306246091057,0.10222673938892435,0.022019913393600824,0.14839108259461153
134,-1,train,120,0.022019913393600824,0.14839108259461153,0.022019913393600824,0.14839108259461153
135,0,train,16,0.018754999200540686,0.1369488926590525,0.021532986521557298,0.14674122297962933
135,1,train,16,0.025342205648285154,0.15919235423940797,0.021532986521557298,0.14674122297962933
135,2,train,16,0.03537974428110733,0.18809504055425633,0.021532986521557298,0.14674122297962933
135,3,train,16,0.010528751593422455,0.10260970516195071,0.021532986521557298,0.14674122297962933
135,4,train,16,0.034599554607807545,0.1860095551518995,0.021532986521557298,0.14674122297962933
135,5,train,16,0.016815365640199333,0.1296740746649049,0.021532986521557298,0.14674122297962933
135,6,train,16,0.02677036128832888,0.16361650677217407,0.021532986521557298,0.14674122297962933
135,7,train,8,0.0040729099127670195,0.06381935374764476,0.021532986521557298,0.14674122297962933
135,-1,train,120,0.021532986521557298,0.14674122297962933,0.021532986521557298,0.14674122297962933
136,0,train,16,0.013223365883665485,0.11499289492688444,0.021705102065805938,0.14732651514851608
136,1,train,16,0.012977763298272604,0.11391998638637825,0.021705102065805938,0.14732651514851608
136,2,train,16,0.02577953453880628,0.16056006520553695,0.021705102065805938,0.14732651514851608
136,3,train,16,0.03892362134587328,0.19729070263414158,0.021705102065805938,0.14732651514851608
136,4,train,16,0.014340784552681184,0.11975301479579203,0.021705102065805938,0.14732651514851608
136,5,train,16,0.023324944773621892,0.15272506268986075,0.021705102065805938,0.14732651514851608
136,6,train,16,0.036804948931102484,0.19184615954222925,0.021705102065805938,0.14732651514851608
136,7,train,8,0.008265853202424284,0.09091673774627136,0.021705102065805938,0.14732651514851608
136,-1,train,120,0.021705102065805938,0.14732651514851608,0.021705102065805938,0.14732651514851608
137,0,train,16,0.030004720804211876,0.17321870800872485,0.021735913781199007,0.1474310475483336
137,1,train,16,0.005593821413513592,0.07479185392483323,0.021735913781199007,0.1474310475483336
137,2,train,16,0.006587680521178869,0.08116452748078355,0.021735913781199007,0.1474310475483336
137,3,train,16,0.04241539208608421,0.20594997471736726,0.021735913781199007,0.1474310475483336
137,4,train,16,0.028658352869523486,0.16928778121743898,0.021735913781199007,0.1474310475483336
137,5,train,16,0.008588896693182451,0.09267630060151544,0.021735913781199007,0.1474310475483336
137,6,train,16,0.042072756422722346,0.20511644600743828,0.021735913781199007,0.1474310475483336
137,7,train,8,0.009965689439175232,0.09982829979106743,0.021735913781199007,0.1474310475483336
137,-1,train,120,0.021735913781199007,0.1474310475483336,0.021735913781199007,0.1474310475483336
138,0,train,16,0.01434114314228473,0.11975451199134307,0.02304994459805637,0.15182208205019576
138,1,train,16,0.02037666104190717,0.14274684249365088,0.02304994459805637,0.15182208205019576
138,2,train,16,0.010120124115663678,0.10059882760581099,0.02304994459805637,0.15182208205019576
138,3,train,16,0.030470768990109264,0.17455878376669925,0.02304994459805637,0.15182208205019576
138,4,train,16,0.01530066076138662,0.12369583970929103,0.02304994459805637,0.15182208205019576
138,5,train,16,0.03900739281946356,0.1975028931926405,0.02304994459805637,0.15182208205019576
138,6,train,16,0.022440878775634006,0.14980279962548765,0.02304994459805637,0.15182208205019576
138,7,train,8,0.03234192713800195,0.17983861414613367,0.02304994459805637,0.15182208205019576
138,-1,train,120,0.02304994459805637,0.15182208205019576,0.02304994459805637,0.15182208205019576
139,0,train,16,0.01877217744433818,0.13701159602142507,0.02326913354283234,0.15254223527545524
139,1,train,16,0.00716867358389191,0.08466801984156656,0.02326913354283234,0.15254223527545524
139,2,train,16,0.016444706529157083,0.12823691562556033,0.02326913354283234,0.15254223527545524
139,3,train,16,0.028324005933624764,0.16829737351968618,0.02326913354283234,0.15254223527545524
139,4,train,16,0.01587588828236871,0.1259995566752864,0.02326913354283234,0.15254223527545524
139,5,train,16,0.05059536200744098,0.22493412815186803,0.02326913354283234,0.15254223527545524
139,6,train,16,0.011921820990709101,0.10918709168536865,0.02326913354283234,0.15254223527545524
139,7,train,8,0.037050433571127965,0.192484891799663,0.02326913354283234,0.15254223527545524
139,-1,train,120,0.02326913354283234,0.15254223527545524,0.02326913354283234,0.15254223527545524
140,0,train,16,0.008202491300186649,0.09056760624078926,0.022198894489294258,0.14899293436030533
140,1,train,16,0.03999189004314428,0.19997972408007839,0.022198894489294258,0.14899293436030533
140,2,train,16,0.026256847102782938,0.16203964670037682,0.022198894489294258,0.14899293436030533
140,3,train,16,0.005283679661053411,0.07268892392279178,0.022198894489294258,0.14899293436030533
140,4,train,16,0.030442673969943844,0.17447829082709357,0.022198894489294258,0.14899293436030533
140,5,train,16,0.02066183927651103,0.1437422668407279,0.022198894489294258,0.14899293436030533
140,6,train,16,0.025440542847291213,0.15950091801394503,0.022198894489294258,0.14899293436030533
140,7,train,8,0.02131119171344071,0.14598353233649577,0.022198894489294258,0.14899293436030533
140,-1,train,120,0.022198894489294258,0.14899293436030533,0.022198894489294258,0.14899293436030533
141,0,train,16,0.014579772571117266,0.12074672902864601,0.022328159343282594,0.14942609994001246
141,1,train,16,0.011566511669804661,0.10754771810598615,0.022328159343282594,0.14942609994001246
141,2,train,16,0.052284295014438896,0.22865759338897734,0.022328159343282594,0.14942609994001246
141,3,train,16,0.010814805113009668,0.10399425519234064,0.022328159343282594,0.14942609994001246
141,4,train,16,0.01530818207061532,0.12372623840808916,0.022328159343282594,0.14942609994001246
141,5,train,16,0.017165022198386358,0.131015351002798,0.022328159343282594,0.14942609994001246
141,6,train,16,0.03246340030885795,0.1801760258992798,0.022328159343282594,0.14942609994001246
141,7,train,8,0.024443285800030638,0.15634348659292027,0.022328159343282594,0.14942609994001246
141,-1,train,120,0.022328159343282594,0.14942609994001246,0.022328159343282594,0.14942609994001246
142,0,train,16,0.01695691613861023,0.1302187242243228,0.022407772311040276,0.14969225868775005
142,1,train,16,0.03383599231740675,0.18394562326243794,0.022407772311040276,0.14969225868775005
142,2,train,16,0.031166562886587257,0.17654054176473816,0.022407772311040276,0.14969225868775005
142,3,train,16,0.01674942341436022,0.1294195634916152,0.022407772311040276,0.14969225868775005
142,4,train,16,0.020797032940738418,0.1442117642244849,0.022407772311040276,0.14969225868775005
142,5,train,16,0.009767085973318849,0.09882856860907603,0.022407772311040276,0.14969225868775005
142,6,train,16,0.02280344827823805,0.15100810666397368,0.022407772311040276,0.14969225868775005
142,7,train,8,0.027185716539062422,0.16488091623672652,0.022407772311040276,0.14969225868775005
142,-1,train,120,0.022407772311040276,0.14969225868775005,0.022407772311040276,0.14969225868775005
143,0,train,16,0.01541270195133961,0.12414790353179392,0.02151459134184147,0.14667853060977082
143,1,train,16,0.018014226980275688,0.1342170890023908,0.02151459134184147,0.14667853060977082
143,2,train,16,0.019159239247242107,0.13841690376266227,0.02151459134184147,0.14667853060977082
143,3,train,16,0.029447194554253864,0.1716018489243454,0.02151459134184147,0.14667853060977082
143,4,train,16,0.03424938175118048,0.18506588489286857,0.02151459134184147,0.14667853060977082
143,5,train,16,0.023076026538490762,0.15190795416465447,0.02151459134184147,0.14667853060977082
143,6,train,16,0.018583076577316913,0.13631975857269155,0.02151459134184147,0.14667853060977082
143,7,train,8,0.014174883134632355,0.11905831820848284,0.02151459134184147,0.14667853060977082
143,-1,train,120,0.02151459134184147,0.14667853060977082,0.02151459134184147,0.14667853060977082
144,0,train,16,0.014579071451178344,0.12074382572694284,0.021762000304060277,0.14751949126830757
144,1,train,16,0.035649721136017304,0.18881133741387804,0.021762000304060277,0.14751949126830757
144,2,train,16,0.025296224885277642,0.15904786979170027,0.021762000304060277,0.14751949126830757
144,3,train,16,0.02451695705957034,0.15657891639544047,0.021762000304060277,0.14751949126830757
144,4,train,16,0.0370200358918517,0.19240591438895974,0.021762000304060277,0.14751949126830757
144,5,train,16,0.006212491153089418,0.07881935773075938,0.021762000304060277,0.14751949126830757
144,6,train,16,0.011370185456127807,0.10663107171986881,0.021762000304060277,0.14751949126830757
144,7,train,8,0.019451315399369666,0.13946797266530286,0.021762000304060277,0.14751949126830757
144,-1,train,120,0.021762000304060277,0.14751949126830757,0.021762000304060277,0.14751949126830757
145,0,train,16,0.014455163542195486,0.12022962838749643,0.02080266327642454,0.14423128397273782
145,1,train,16,0.028768803894057043,0.16961369017286618,0.02080266327642454,0.14423128397273782
145,2,train,16,0.0378845576613006,0.19463955831562246,0.02080266327642454,0.14423128397273782
145,3,train,16,0.014626694238410645,0.12094087083534104,0.02080266327642454,0.14423128397273782
145,4,train,16,0.02398463039409014,0.15486972071418653,0.02080266327642454,0.14423128397273782
145,5,train,16,0.010562125382082331,0.10277220140720121,0.02080266327642454,0.14423128397273782
145,6,train,16,0.030791584857770525,0.17547531124853583,0.02080266327642454,0.14423128397273782
145,7,train,8,0.005347746241489548,0.07312828619275545,0.02080266327642454,0.14423128397273782
145,-1,train,120,0.02080266327642454,0.14423128397273782,0.02080266327642454,0.14423128397273782
146,0,train,16,0.014707707721362992,0.12127533847144271,0.021789645602658926,0.14761316202378066
146,1,train,16,0.027840381765776367,0.16685437292973884,0.021789645602658926,0.14761316202378066
146,2,train,16,0.02014367614413163,0.1419284190855786,0.021789645602658926,0.14761316202378066
146,3,train,16,0.03000859288743108,0.17322988451024,0.021789645602658926,0.14761316202378066
146,4,train,16,0.031220212862417294,0.17669242446244632,0.021789645602658926,0.14761316202378066
146,5,train,16,0.02272054076442385,0.15073334324038545,0.021789645602658926,0.14761316202378066
146,6,train,16,0.005240268553302297,0.07238969922096856,0.021789645602658926,0.14761316202378066
146,7,train,8,0.02243578412242593,0.14978579412756715,0.021789645602658926,0.14761316202378066
146,-1,train,120,0.021789645602658926,0.14761316202378066,0.021789645602658926,0.14761316202378066
147,0,train,16,0.04406586793266855,0.2099187174424152,0.021137730384669335,0.14538820579630707
147,1,train,16,0.02960367699665841,0.17205719106349032,0.021137730384669335,0.14538820579630707
147,2,train,16,0.02819577075233017,0.16791596336361284,0.021137730384669335,0.14538820579630707
147,3,train,16,0.017114917593977128,0.13082399471800701,0.021137730384669335,0.14538820579630707
147,4,train,16,0.014464852068111728,0.12026991339529487,0.021137730384669335,0.14538820579630707
147,5,train,16,0.00438828797716492,0.06624415428673627,0.021137730384669335,0.14538820579630707
147,6,train,16,0.018294390523980332,0.13525675777564805,0.021137730384669335,0.14538820579630707
147,7,train,8,0.012974079232463468,0.11390381570633824,0.021137730384669335,0.14538820579630707
147,-1,train,120,0.021137730384669335,0.14538820579630707,0.021137730384669335,0.14538820579630707
148,0,train,16,0.03460104157560468,0.18601355212888301,0.020399591036883897,0.1428271369064153
148,1,train,16,0.014479907243735882,0.12033248623599482,0.020399591036883897,0.1428271369064153
148,2,train,16,0.02096712224990339,0.14480028401181883,0.020399591036883897,0.1428271369064153
148,3,train,16,0.01391409407676153,0.1179580182809186,0.020399591036883897,0.1428271369064153
148,4,train,16,0.040155474956853315,0.20038831042965882,0.020399591036883897,0.1428271369064153
148,5,train,16,0.021481021210055927,0.1465640515612745,0.020399591036883897,0.1428271369064153
148,6,train,16,0.014860381871363326,0.12190316596119777,0.020399591036883897,0.1428271369064153
148,7,train,8,0.002737685110793122,0.05232289279840252,0.020399591036883897,0.1428271369064153
148,-1,train,120,0.020399591036883897,0.1428271369064153,0.020399591036883897,0.1428271369064153
149,0,train,16,0.0037678401676794924,0.061382735094483144,0.021326048926346722,0.14603441007634715
149,1,train,16,0.0066098938963234976,0.08130125396525872,0.021326048926346722,0.14603441007634715
149,2,train,16,0.034998371105551075,0.18707851588451058,0.021326048926346722,0.14603441007634715
149,3,train,16,0.02316307691121579,0.15219420787669874,0.021326048926346722,0.14603441007634715
149,4,train,16,0.04699315538661536,0.21677904738838427,0.021326048926346722,0.14603441007634715
149,5,train,16,0.006912797286197994,0.08314323355630326,0.021326048926346722,0.14603441007634715
149,6,train,16,0.029518981845400322,0.1718108897753583,0.021326048926346722,0.14603441007634715
149,7,train,8,0.01864427481179024,0.13654403982521626,0.021326048926346722,0.14603441007634715
149,-1,train,120,0.021326048926346722,0.14603441007634715,0.021326048926346722,0.14603441007634715
150,0,train,16,0.01372243037273523,0.11714277772332031,0.02029489098090449,0.14246013821734307
150,1,train,16,0.010295126561380947,0.10146490310142195,0.02029489098090449,0.14246013821734307
150,2,train,16,0.04665087505904424,0.21598813638495112,0.02029489098090449,0.14246013821734307
150,3,train,16,0.0047850907176297895,0.06917435014244651,0.02029489098090449,0.14246013821734307
150,4,train,16,0.02903607689333535,0.17039975614224145,0.02029489098090449,0.14246013821734307
150,5,train,16,0.01556231378270126,0.12474900313309625,0.02029489098090449,0.14246013821734307
150,6,train,16,0.03883061437308018,0.1970548511787522,0.02029489098090449,0.14246013821734307
150,7,train,8,0.0034766000873288952,0.05896270081440381,0.02029489098090449,0.14246013821734307
150,-1,train,120,0.02029489098090449,0.14246013821734307,0.02029489098090449,0.14246013821734307
151,0,train,16,0.03350632193512517,0.18304732157320733,0.022339852474845857,0.14946522162311157
151,1,train,16,0.019299639698020465,0.13892314313324639,0.022339852474845857,0.14946522162311157
151,2,train,16,0.016021962100906072,0.12657788946299459,0.022339852474845857,0.14946522162311157
151,3,train,16,0.015164066068714399,0.12314246249249038,0.022339852474845857,0.14946522162311157
151,4,train,16,0.0241313146069833,0.1553425717792238,0.022339852474845857,0.14946522162311157
151,5,train,16,0.014549128143709983,0.12061976680341403,0.022339852474845857,0.14946522162311157
151,6,train,16,0.018655654942744467,0.136585705484668,0.022339852474845857,0.14946522162311157
151,7,train,8,0.037390732302563,0.1933668335122727,0.022339852474845857,0.14946522162311157
151,-1,train,120,0.022339852474845857,0.14946522162311157,0.022339852474845857,0.14946522162311157
152,0,train,16,0.019839430342976395,0.1408525127322065,0.020909224703672808,0.14460022373313539
152,1,train,16,0.020012155761124018,0.14146432681465676,0.020909224703672808,0.14460022373313539
152,2,train,16,0.011412098717557035,0.1068274249317891,0.020909224703672808,0.14460022373313539
152,3,train,16,0.005218723344121311,0.07224073189081981,0.020909224703672808,0.14460022373313539
152,4,train,16,0.06449189030845995,0.2539525355424906,0.020909224703672808,0.14460022373313539
152,5,train,16,0.005066527851868114,0.07117954658374914,0.020909224703672808,0.14460022373313539
152,6,train,16,0.025579583916066233,0.15993618701240264,0.020909224703672808,0.14460022373313539
152,7,train,8,0.015653387387209398,0.12511349802163393,0.020909224703672808,0.14460022373313539
152,-1,train,120,0.020909224703672808,0.14460022373313539,0.020909224703672808,0.14460022373313539
153,0,train,16,0.010605541421464531,0.10298320941524658,0.02152352771040795,0.14670898987590347
153,1,train,16,0.014477689750666106,0.1203232718582158,0.02152352771040795,0.14670898987590347
153,2,train,16,0.025340674737181816,0.1591875457979732,0.02152352771040795,0.14670898987590347
153,3,train,16,0.012589226982145285,0.11220172450611125,0.02152352771040795,0.14670898987590347
153,4,train,16,0.038262451585757876,0.19560790266693695,0.02152352771040795,0.14670898987590347
153,5,train,16,0.035179536196216436,0.1875620862440393,0.02152352771040795,0.14670898987590347
153,6,train,16,0.008863801266668078,0.09414776294032735,0.02152352771040795,0.14670898987590347
153,7,train,8,0.02686929974316347,0.1639185765652065,0.02152352771040795,0.14670898987590347
153,-1,train,120,0.02152352771040795,0.14670898987590347,0.02152352771040795,0.14670898987590347
154,0,train,16,0.023264571743469225,0.15252728196447096,0.01998562211124725,0.14137051358486058
154,1,train,16,0.017103620435134675,0.1307808106533014,0.01998562211124725,0.14137051358486058
154,2,train,16,0.007479627746222441,0.08648484113544085,0.01998562211124725,0.14137051358486058
154,3,train,16,0.03189569714187457,0.1785936648984912,0.01998562211124725,0.14137051358486058
154,4,train,16,0.02177789583598056,0.14757335747342934,0.01998562211124725,0.14137051358486058
154,5,train,16,0.014251556149054281,0.11937988167632888,0.01998562211124725,0.14137051358486058
154,6,train,16,0.04069836355968963,0.2017383542108184,0.01998562211124725,0.14137051358486058
154,7,train,8,0.003413644278552623,0.05842640052709582,0.01998562211124725,0.14137051358486058
154,-1,train,120,0.01998562211124725,0.14137051358486058,0.01998562211124725,0.14137051358486058
155,0,train,16,0.03567268692625931,0.18887214438942368,0.01994828710206198,0.14123840519512382
155,1,train,16,0.02321385949662138,0.15236095135112993,0.01994828710206198,0.14123840519512382
155,2,train,16,0.020215486733842988,0.14218117573660372,0.01994828710206198,0.14123840519512382
155,3,train,16,0.015101890162024744,0.12288974799398339,0.01994828710206198,0.14123840519512382
155,4,train,16,0.033444090291789394,0.18287725471416447,0.01994828710206198,0.14123840519512382
155,5,train,16,0.015005053717002587,0.12249511711493885,0.01994828710206198,0.14123840519512382
155,6,train,16,0.012968762017467711,0.11388047250282952,0.01994828710206198,0.14123840519512382
155,7,train,8,0.003964467471487714,0.06296401727564493,0.01994828710206198,0.14123840519512382
155,-1,train,120,0.01994828710206198,0.14123840519512382,0.01994828710206198,0.14123840519512382
156,0,train,16,0.024669126157355788,0.15706408296410668,0.020237540416790992,0.14225870945847566
156,1,train,16,0.03157852621165798,0.17770347833303088,0.020237540416790992,0.14225870945847566
156,2,train,16,0.019960136586343692,0.14128034748804835,0.020237540416790992,0.14225870945847566
156,3,train,16,0.012360117058004449,0.11117606333201607,0.020237540416790992,0.14225870945847566
156,4,train,16,0.0227037986082124,0.15067779732997294,0.020237540416790992,0.14225870945847566
156,5,train,16,0.025205303383588416,0.15876178187330986,0.020237540416790992,0.14225870945847566
156,6,train,16,0.015416913142047217,0.12416486275129215,0.020237540416790992,0.14225870945847566
156,7,train,8,0.010006402187117982,0.10003200581372934,0.020237540416790992,0.14225870945847566
156,-1,train,120,0.020237540416790992,0.14225870945847566,0.020237540416790992,0.14225870945847566
157,0,train,16,0.016368939769583445,0.12794115744975673,0.019792139441059346,0.1406845387420357
157,1,train,16,0.01631388892201227,0.1277258349826388,0.019792139441059346,0.1406845387420357
157,2,train,16,0.03513619837123065,0.1874465213633762,0.019792139441059346,0.1406845387420357
157,3,train,16,0.0180132240250438,0.13421335263320042,0.019792139441059346,0.1406845387420357
157,4,train,16,0.021083387539880417,0.14520119675774168,0.019792139441059346,0.1406845387420357
157,5,train,16,0.020443258225253398,0.1429799224550545,0.019792139441059346,0.1406845387420357
157,6,train,16,0.02705626208535501,0.16448787823227282,0.019792139441059346,0.1406845387420357
157,7,train,8,0.0039219565901157825,0.06262552666537649,0.019792139441059346,0.1406845387420357
157,-1,train,120,0.019792139441059346,0.1406845387420357,0.019792139441059346,0.1406845387420357
158,0,train,16,0.022656683240871205,0.15052137137586544,0.019831545554959217,0.14082452043220037
158,1,train,16,0.016878470591755203,0.12991716819479712,0.019831545554959217,0.14082452043220037
158,2,train,16,0.03317373295347848,0.1821365777472457,0.019831545554959217,0.14082452043220037
158,3,train,16,0.003595324986453527,0.05996102889755584,0.019831545554959217,0.14082452043220037
158,4,train,16,0.027897100013310704,0.1670242497762247,0.019831545554959217,0.14082452043220037
158,5,train,16,0.027092944155525926,0.1645993443350426,0.019831545554959217,0.14082452043220037
158,6,train,16,0.021625200594040623,0.1470550937371454,0.019831545554959217,0.14082452043220037
158,7,train,8,0.00573290790423806,0.07571596862114398,0.019831545554959217,0.14082452043220037
158,-1,train,120,0.019831545554959217,0.14082452043220037,0.019831545554959217,0.14082452043220037
159,0,train,16,0.006996319460712402,0.08364400433212414,0.02093247852374359,0.1446806086652375
159,1,train,16,0.013032098195801058,0.11415821562989262,0.02093247852374359,0.1446806086652375
159,2,train,16,0.023531059871147807,0.15339836984514474,0.02093247852374359,0.1446806086652375
159,3,train,16,0.03416701162371274,0.1848432082163495,0.02093247852374359,0.1446806086652375
159,4,train,16,0.029291640495378895,0.1711480075705788,0.02093247852374359,0.1446806086652375
159,5,train,16,0.03111755135884489,0.1764016761792384,0.02093247852374359,0.1446806086652375
159,6,train,16,0.004881474725144287,0.06986755130347912,0.02093247852374359,0.1446806086652375
159,7,train,8,0.024442672459206637,0.15634152506358198,0.02093247852374359,0.1446806086652375
159,-1,train,120,0.02093247852374359,0.1446806086652375,0.02093247852374359,0.1446806086652375
160,0,train,16,0.03755694789394267,0.1937961503589343,0.023189027962211214,0.1522794403792292
160,1,train,16,0.011018762358940764,0.10497029274485598,0.023189027962211214,0.1522794403792292
160,2,train,16,0.01952392980921654,0.1397280566286404,0.023189027962211214,0.1522794403792292
160,3,train,16,0.01448155074405989,0.12033931503901744,0.023189027962211214,0.1522794403792292
160,4,train,16,0.014345715076400683,0.11977359924624743,0.023189027962211214,0.1522794403792292
160,5,train,16,0.0034862800552014628,0.05904472927536769,0.023189027962211214,0.1522794403792292
160,6,train,16,0.023398739053226352,0.1529664638187938,0.023189027962211214,0.1522794403792292
160,7,train,8,0.06170029870670135,0.2483954482407062,0.023189027962211214,0.1522794403792292
160,-1,train,120,0.023189027962211214,0.1522794403792292,0.023189027962211214,0.1522794403792292
161,0,train,16,0.025270522552601548,0.158967048637765,0.019545884164694733,0.1398065955693605
161,1,train,16,0.009096162970671727,0.09537380652292184,0.019545884164694733,0.1398065955693605
161,2,train,16,0.02445433580461755,0.15637882147086782,0.019545884164694733,0.1398065955693605
161,3,train,16,0.016236231577223127,0.12742147219846084,0.019545884164694733,0.1398065955693605
161,4,train,16,0.03002704287293879,0.17328312922191472,0.019545884164694733,0.1398065955693605
161,5,train,16,0.03262395055143639,0.180621013593204,0.019545884164694733,0.1398065955693605
161,6,train,16,0.013809414531053759,0.11751346531803816,0.019545884164694733,0.1398065955693605
161,7,train,8,0.004849412457014986,0.06963772294536191,0.019545884164694733,0.1398065955693605
161,-1,train,120,0.019545884164694733,0.1398065955693605,0.019545884164694733,0.1398065955693605
162,0,train,16,0.027988202466861845,0.16729674971995673,0.0226008231080748,0.15033570137553753
162,1,train,16,0.0055308258948341075,0.07436952262072218,0.0226008231080748,0.15033570137553753
162,2,train,16,0.022232909171527294,0.14910703930910604,0.0226008231080748,0.15033570137553753
162,3,train,16,0.02154003105598081,0.14676522427326172,0.0226008231080748,0.15033570137553753
162,4,train,16,0.014609267604766298,0.12086880327349278,0.0226008231080748,0.15033570137553753
162,5,train,16,0.020873971536542982,0.1444782735796043,0.0226008231080748,0.15033570137553753
162,6,train,16,0.013199141834449337,0.1148875181838712,0.0226008231080748,0.15033570137553753
162,7,train,8,0.05483223529963575,0.23416283927992448,0.0226008231080748,0.15033570137553753
162,-1,train,120,0.0226008231080748,0.15033570137553753,0.0226008231080748,0.15033570137553753
163,0,train,16,0.015404353540798724,0.12411427613614287,0.020925956112925026,0.14465806618687058
163,1,train,16,0.018196114419489897,0.1348929739441232,0.020925956112925026,0.14465806618687058
163,2,train,16,0.013419718218109316,0.1158435074490984,0.020925956112925026,0.14465806618687058
163,3,train,16,0.03354672706976592,0.18315765632308664,0.020925956112925026,0.14465806618687058
163,4,train,16,0.015018494354757328,0.12254996676767126,0.020925956112925026,0.14465806618687058
163,5,train,16,0.025727385905020484,0.16039758696757406,0.020925956112925026,0.14465806618687058
163,6,train,16,0.016837476229686055,0.12975930112976894,0.020925956112925026,0.14465806618687058
163,7,train,8,0.02925737916577248,0.17104788559281428,0.020925956112925026,0.14465806618687058
163,-1,train,120,0.020925956112925026,0.14465806618687058,0.020925956112925026,0.14465806618687058
164,0,train,16,0.016032625217500627,0.12662000322816544,0.021197984606074746,0.14559527672996384
164,1,train,16,0.00814956295625084,0.09027492983243376,0.021197984606074746,0.14559527672996384
164,2,train,16,0.028223681696161664,0.16799905266447684,0.021197984606074746,0.14559527672996384
164,3,train,16,0.012767554491821004,0.11299360376508488,0.021197984606074746,0.14559527672996384
164,4,train,16,0.05009481883600399,0.2238187186899344,0.021197984606074746,0.14559527672996384
164,5,train,16,0.0145054429922486,0.1204385444625125,0.021197984606074746,0.14559527672996384
164,6,train,16,0.004916667533998149,0.07011895274459073,0.021197984606074746,0.14559527672996384
164,7,train,8,0.0348935231246131,0.18679808115880928,0.021197984606074746,0.14559527672996384
164,-1,train,120,0.021197984606074746,0.14559527672996384,0.021197984606074746,0.14559527672996384
165,0,train,16,0.016472985563978176,0.1283471291614198,0.020157220643014027,0.14197612701793927
165,1,train,16,0.014218635610438846,0.11924192052478376,0.020157220643014027,0.14197612701793927
165,2,train,16,0.008341252776863607,0.09133045919551487,0.020157220643014027,0.14197612701793927
165,3,train,16,0.023707413883342576,0.15397212047426825,0.020157220643014027,0.14197612701793927
165,4,train,16,0.024850364005175006,0.15763998225442366,0.020157220643014027,0.14197612701793927
165,5,train,16,0.02659345418232153,0.16307499557664115,0.020157220643014027,0.14197612701793927
165,6,train,16,0.02759411859083254,0.1661147753537672,0.020157220643014027,0.14197612701793927
165,7,train,8,0.019479540531159925,0.13956912456256193,0.020157220643014027,0.14197612701793927
165,-1,train,120,0.020157220643014027,0.14197612701793927,0.020157220643014027,0.14197612701793927
166,0,train,16,0.013521141262773368,0.11628044230554581,0.01910138338208052,0.13820775442094602
166,1,train,16,0.00863841184721334,0.09294305701456855,0.01910138338208052,0.13820775442094602
166,2,train,16,0.011227480716266405,0.10595980707922417,0.01910138338208052,0.13820775442094602
166,3,train,16,0.03434949521476306,0.18533616812366405,0.01910138338208052,0.13820775442094602
166,4,train,16,0.026021962062420124,0.16131324205538777,0.01910138338208052,0.13820775442094602
166,5,train,16,0.025811021513586774,0.16065808885203003,0.01910138338208052,0.13820775442094602
166,6,train,16,0.0295818707960959,0.17199381034239547,0.01910138338208052,0.13820775442094602
166,7,train,8,0.003659683643525165,0.0604953191869021,0.01910138338208052,0.13820775442094602
166,-1,train,120,0.01910138338208052,0.13820775442094602,0.01910138338208052,0.13820775442094602
167,0,train,16,0.006473547390913476,0.08045835811718678,0.020109094782910265,0.1418065399863852
167,1,train,16,0.04004785668295211,0.200119605943426,0.020109094782910265,0.1418065399863852
167,2,train,16,0.026403751695735618,0.16249231272812759,0.020109094782910265,0.1418065399863852
167,3,train,16,0.009385948898534186,0.0968811070257467,0.020109094782910265,0.1418065399863852
167,4,train,16,0.015022810595787727,0.1225675756298856,0.020109094782910265,0.1418065399863852
167,5,train,16,0.00823894949207101,0.09076865919507135,0.020109094782910265,0.1418065399863852
167,6,train,16,0.034271561006797784,0.18512579778841678,0.020109094782910265,0.1418065399863852
167,7,train,8,0.0210283325004902,0.1450114909256856,0.020109094782910265,0.1418065399863852
167,-1,train,120,0.020109094782910265,0.1418065399863852,0.020109094782910265,0.1418065399863852
168,0,train,16,0.00491088903107746,0.07007773563035168,0.020135182269290598,0.14189849283657172
168,1,train,16,0.0579781924063536,0.24078661176725255,0.020135182269290598,0.14189849283657172
168,2,train,16,0.016615916003363762,0.1289027385409781,0.020135182269290598,0.14189849283657172
168,3,train,16,0.019535876456855707,0.13977079972889797,0.020135182269290598,0.14189849283657172
168,4,train,16,0.014103146995399695,0.11875667137217889,0.020135182269290598,0.14189849283657172
168,5,train,16,0.013031381432526528,0.11415507624510847,0.020135182269290598,0.14189849283657172
168,6,train,16,0.012330120829580866,0.11104107721731118,0.020135182269290598,0.14189849283657172
168,7,train,8,0.022575934999167165,0.1502529034633513,0.020135182269290598,0.14189849283657172
168,-1,train,120,0.020135182269290598,0.14189849283657172,0.020135182269290598,0.14189849283657172
169,0,train,16,0.03975243761391937,0.19938013344844407,0.020147859911224055,0.1419431573244165
169,1,train,16,0.016706608249935216,0.12925404539098656,0.020147859911224055,0.1419431573244165
169,2,train,16,0.005439377354069493,0.07375213457297011,0.020147859911224055,0.1419431573244165
169,3,train,16,0.014468613736769007,0.12028555082290228,0.020147859911224055,0.1419431573244165
169,4,train,16,0.015367988792152851,0.12396769253379225,0.020147859911224055,0.1419431573244165
169,5,train,16,0.02108290939262253,0.14519955024938103,0.020147859911224055,0.1419431573244165
169,6,train,16,0.02437437373477655,0.15612294429319654,0.020147859911224055,0.1419431573244165
169,7,train,8,0.02399057041554741,0.15488889700539354,0.020147859911224055,0.1419431573244165
169,-1,train,120,0.020147859911224055,0.1419431573244165,0.020147859911224055,0.1419431573244165
170,0,train,16,0.0244510206284533,0.15636822128697794,0.02005657168015853,0.14162122609326092
170,1,train,16,0.02462825159998177,0.1569339083817827,0.02005657168015853,0.14162122609326092
170,2,train,16,0.007079853437522872,0.08414186495153808,0.02005657168015853,0.14162122609326092
170,3,train,16,0.03301928953712849,0.18171210619308908,0.02005657168015853,0.14162122609326092
170,4,train,16,0.02481367250589337,0.15752356174837265,0.02005657168015853,0.14162122609326092
170,5,train,16,0.009209332074135605,0.09596526493547342,0.02005657168015853,0.14162122609326092
170,6,train,16,0.013505202181233567,0.1162118848536309,0.02005657168015853,0.14162122609326092
170,7,train,8,0.023745951476919273,0.15409721437105628,0.02005657168015853,0.14162122609326092
170,-1,train,120,0.02005657168015853,0.14162122609326092,0.02005657168015853,0.14162122609326092
171,0,train,16,0.031152275461397837,0.17650007212859103,0.01877988667189401,0.13703972661930558
171,1,train,16,0.012160285821793144,0.11027368598987314,0.01877988667189401,0.13703972661930558
171,2,train,16,0.021900996912572655,0.1479898540865983,0.01877988667189401,0.13703972661930558
171,3,train,16,0.026952799709895885,0.1641730785174472,0.01877988667189401,0.13703972661930558
171,4,train,16,0.02430484854242653,0.15590012361260824,0.01877988667189401,0.13703972661930558
171,5,train,16,0.01685982840121531,0.1298454019255796,0.01877988667189401,0.13703972661930558
171,6,train,16,0.01258094794264326,0.11216482489017339,0.01877988667189401,0.13703972661930558
171,7,train,8,0.004327110583207447,0.06578077669963656,0.01877988667189401,0.13703972661930558
171,-1,train,120,0.01877988667189401,0.13703972661930558,0.01877988667189401,0.13703972661930558
172,0,train,16,0.026531615970358375,0.16288528469557456,0.018676770330804955,0.13666298083535627
172,1,train,16,0.018727589516806344,0.13684878339541914,0.018676770330804955,0.13666298083535627
172,2,train,16,0.01344076679010291,0.11593432101885494,0.018676770330804955,0.13666298083535627
172,3,train,16,0.013654119134820727,0.11685084139543338,0.018676770330804955,0.13666298083535627
172,4,train,16,0.012500427486601398,0.11180531063684497,0.018676770330804955,0.13666298083535627
172,5,train,16,0.044878464807857295,0.2118453794819639,0.018676770330804955,0.13666298083535627
172,6,train,16,0.015685948378833053,0.12524355623677033,0.018676770330804955,0.13666298083535627
172,7,train,8,0.003995230561059553,0.0632078362314322,0.018676770330804955,0.13666298083535627
172,-1,train,120,0.018676770330804955,0.13666298083535627,0.018676770330804955,0.13666298083535627
173,0,train,16,0.01118276201288273,0.10574857924758484,0.01887805878363852,0.13739744824282044
173,1,train,16,0.01358962041311057,0.11657452729095912,0.01887805878363852,0.13739744824282044
173,2,train,16,0.02394208931571883,0.15473231503379903,0.01887805878363852,0.13739744824282044
173,3,train,16,0.03926970936655795,0.1981658632725575,0.01887805878363852,0.13739744824282044
173,4,train,16,0.023274763313187095,0.1525606873122532,0.01887805878363852,0.13739744824282044
173,5,train,16,0.01431075383305323,0.11962756301560785,0.01887805878363852,0.13739744824282044
173,6,train,16,0.017157024517563894,0.13098482552404264,0.01887805878363852,0.13739744824282044
173,7,train,8,0.008297747497033856,0.09109197273653621,0.01887805878363852,0.13739744824282044
173,-1,train,120,0.01887805878363852,0.13739744824282044,0.01887805878363852,0.13739744824282044
174,0,train,16,0.015332122151006128,0.1238229467869592,0.018768707117818494,0.1369989310827588
174,1,train,16,0.0204629119915899,0.14304863505671733,0.018768707117818494,0.1369989310827588
174,2,train,16,0.03202315294590573,0.17895014094966713,0.018768707117818494,0.1369989310827588
174,3,train,16,0.03878008183806921,0.1969265899721752,0.018768707117818494,0.1369989310827588
174,4,train,16,0.013567734918693087,0.11648062035674898,0.018768707117818494,0.1369989310827588
174,5,train,16,0.00923649755688946,0.09610669881381557,0.018768707117818494,0.1369989310827588
174,6,train,16,0.013419552135531415,0.11584279060662954,0.018768707117818494,0.1369989310827588
174,7,train,8,0.007327603404862997,0.08560142174557031,0.018768707117818494,0.1369989310827588
174,-1,train,120,0.018768707117818494,0.1369989310827588,0.018768707117818494,0.1369989310827588
175,0,train,16,0.013312187244682893,0.11537845225466882,0.018511179217367325,0.13605579450125352
175,1,train,16,0.026804732476485526,0.16372150889997786,0.018511179217367325,0.13605579450125352
175,2,train,16,0.03103526491991689,0.17616828579490942,0.018511179217367325,0.13605579450125352
175,3,train,16,0.013828048316649624,0.11759272220953822,0.018511179217367325,0.13605579450125352
175,4,train,16,0.01447122272727063,0.1202963953211842,0.018511179217367325,0.13605579450125352
175,5,train,16,0.017516183804668684,0.1323487204496843,0.018511179217367325,0.13605579450125352
175,6,train,16,0.026411370951886236,0.16251575601118262,0.018511179217367325,0.13605579450125352
175,7,train,8,0.004710423297378146,0.06863252361219238,0.018511179217367325,0.13605579450125352
175,-1,train,120,0.018511179217367325,0.13605579450125352,0.018511179217367325,0.13605579450125352
176,0,train,16,0.03512408788118195,0.18741421472551636,0.019185964338090035,0.1385134085137249
176,1,train,16,0.022504428799789773,0.15001476193958305,0.019185964338090035,0.1385134085137249
176,2,train,16,0.009095688111821288,0.0953713170288703,0.019185964338090035,0.1385134085137249
176,3,train,16,0.014506391352198824,0.12044248150963523,0.019185964338090035,0.1385134085137249
176,4,train,16,0.030902795496253677,0.175791909643913,0.019185964338090035,0.1385134085137249
176,5,train,16,0.010567207951890341,0.10279692579007575,0.019185964338090035,0.1385134085137249
176,6,train,16,0.014284715905614564,0.11951868433686243,0.019185964338090035,0.1385134085137249
176,7,train,8,0.01650239920596986,0.12846166434376388,0.019185964338090035,0.1385134085137249
176,-1,train,120,0.019185964338090035,0.1385134085137249,0.019185964338090035,0.1385134085137249
177,0,train,16,0.013767583512246578,0.11733534638908506,0.02078688024881188,0.144176559290378
177,1,train,16,0.019253935999340555,0.1387585528871664,0.02078688024881188,0.144176559290378
177,2,train,16,0.023164831157270693,0.15219997095029517,0.02078688024881188,0.144176559290378
177,3,train,16,0.01874610999805543,0.1369164343607276,0.02078688024881188,0.144176559290378
177,4,train,16,0.027699109423734204,0.16643049427233642,0.02078688024881188,0.144176559290378
177,5,train,16,0.003304434485370757,0.05748421074843732,0.02078688024881188,0.144176559290378
177,6,train,16,0.017118675468007768,0.1308383562569011,0.02078688024881188,0.144176559290378
177,7,train,8,0.04324036194646906,0.20794316999235407,0.02078688024881188,0.144176559290378
177,-1,train,120,0.02078688024881188,0.144176559290378,0.02078688024881188,0.144176559290378
178,0,train,16,0.0045053077490672475,0.06712158929187574,0.020650661082621122,0.14370337881421272
178,1,train,16,0.02364447590983577,0.15376760357707267,0.020650661082621122,0.14370337881421272
178,2,train,16,0.03134467543924067,0.17704427536421694,0.020650661082621122,0.14370337881421272
178,3,train,16,0.004725664740565399,0.06874347053041037,0.020650661082621122,0.14370337881421272
178,4,train,16,0.033595032263329966,0.18328947668464213,0.020650661082621122,0.14370337881421272
178,5,train,16,0.018116541043750888,0.13459770073723729,0.020650661082621122,0.14370337881421272
178,6,train,16,0.006935666726059016,0.08328065037005304,0.020650661082621122,0.14370337881421272
178,7,train,8,0.042337924789120025,0.20576181567317106,0.020650661082621122,0.14370337881421272
178,-1,train,120,0.020650661082621122,0.14370337881421272,0.020650661082621122,0.14370337881421272
179,0,train,16,0.023201479967942775,0.15232032027258469,0.019354559439198664,0.13912066503290826
179,1,train,16,0.020731877561328535,0.14398568526533648,0.019354559439198664,0.13912066503290826
179,2,train,16,0.017850053577255116,0.13360409266656137,0.019354559439198664,0.13912066503290826
179,3,train,16,0.0033446221421576717,0.057832708238138665,0.019354559439198664,0.13912066503290826
179,4,train,16,0.03351141429055813,0.18306123098722496,0.019354559439198664,0.13912066503290826
179,5,train,16,0.028239648759990056,0.16804656723655517,0.019354559439198664,0.13912066503290826
179,6,train,16,0.005259577644738337,0.07252294564300554,0.019354559439198664,0.13912066503290826
179,7,train,8,0.02269780156961869,0.15065789580907696,0.019354559439198664,0.13912066503290826
179,-1,train,120,0.019354559439198664,0.13912066503290826,0.019354559439198664,0.13912066503290826
180,0,train,16,0.01045210366063909,0.10223553032404678,0.020549109955311694,0.1433496074473582
180,1,train,16,0.029737319432782832,0.1724451200607974,0.020549109955311694,0.1433496074473582
180,2,train,16,0.011948456915850867,0.10930899741490116,0.020549109955311694,0.1433496074473582
180,3,train,16,0.012918293779562978,0.11365867225849059,0.020549109955311694,0.1433496074473582
180,4,train,16,0.021018309401690746,0.14497692713563337,0.020549109955311694,0.1433496074473582
180,5,train,16,0.021827154531285732,0.14774015883058245,0.020549109955311694,0.1433496074473582
180,6,train,16,0.013543538886726653,0.11637671110117631,0.020549109955311694,0.1433496074473582
180,7,train,8,0.04294770303395466,0.20723827598673625,0.020549109955311694,0.1433496074473582
180,-1,train,120,0.020549109955311694,0.1433496074473582,0.020549109955311694,0.1433496074473582
181,0,train,16,0.004458262030710632,0.06677021814185298,0.02059170521175941,0.14349810177057887
181,1,train,16,0.004941326778185559,0.07029457147024626,0.02059170521175941,0.14349810177057887
181,2,train,16,0.047587147530037746,0.2181447857044439,0.02059170521175941,0.14349810177057887
181,3,train,16,0.00837865814677179,0.09153501049746916,0.02059170521175941,0.14349810177057887
181,4,train,16,0.02373512735820522,0.15406208929585896,0.02059170521175941,0.14349810177057887
181,5,train,16,0.010945983207575142,0.10462305294520488,0.02059170521175941,0.14349810177057887
181,6,train,16,0.020048070895794308,0.14159121051744106,0.02059170521175941,0.14349810177057887
181,7,train,8,0.04463906574679488,0.21127959141099,0.02059170521175941,0.14349810177057887
181,-1,train,120,0.02059170521175941,0.14349810177057887,0.02059170521175941,0.14349810177057887
182,0,train,16,0.023352512132833042,0.1528152876280153,0.020358763606219302,0.14268413929452461
182,1,train,16,0.0060956172300425104,0.0780744339079222,0.020358763606219302,0.14268413929452461
182,2,train,16,0.020684066899878322,0.14381956368963966,0.020358763606219302,0.14268413929452461
182,3,train,16,0.022115124571155432,0.14871154821047164,0.020358763606219302,0.14268413929452461
182,4,train,16,0.01727247258783214,0.13142477920024115,0.020358763606219302,0.14268413929452461
182,5,train,16,0.02514814547746061,0.1585816681633177,0.020358763606219302,0.14268413929452461
182,6,train,16,0.006023954691640408,0.07761413976615607,0.020358763606219302,0.14268413929452461
182,7,train,8,0.042178215258911946,0.20537335576678867,0.020358763606219302,0.14268413929452461
182,-1,train,120,0.020358763606219302,0.14268413929452461,0.020358763606219302,0.14268413929452461
183,0,train,16,0.04341490985627585,0.2083624482872954,0.019065341766698093,0.13807730359004733
183,1,train,16,0.005912357397169667,0.07689185520697017,0.019065341766698093,0.13807730359004733
183,2,train,16,0.004340678771110601,0.06588382784197197,0.019065341766698093,0.13807730359004733
183,3,train,16,0.012155009454080743,0.11024975942867514,0.019065341766698093,0.13807730359004733
183,4,train,16,0.01743254707303255,0.13203237130731443,0.019065341766698093,0.13807730359004733
183,5,train,16,0.019635067554990088,0.14012518529868243,0.019065341766698093,0.13807730359004733
183,6,train,16,0.027324873070835653,0.16530236861834635,0.019065341766698093,0.13807730359004733
183,7,train,8,0.022307290956089597,0.14935625516224488,0.019065341766698093,0.13807730359004733
183,-1,train,120,0.019065341766698093,0.13807730359004733,0.019065341766698093,0.13807730359004733
184,0,train,16,0.027251901261492396,0.1650814988467587,0.019092653123570953,0.13817616698827245
184,1,train,16,0.022635488437952694,0.15045095027268088,0.019092653123570953,0.13817616698827245
184,2,train,16,0.012454869329103491,0.1116013858744751,0.019092653123570953,0.13817616698827245
184,3,train,16,0.004661646944961198,0.06827625462019134,0.019092653123570953,0.13817616698827245
184,4,train,16,0.029983568125052467,0.1731576395226398,0.019092653123570953,0.13817616698827245
184,5,train,16,0.013732940789199715,0.11718763070051257,0.019092653123570953,0.13817616698827245
184,6,train,16,0.017839413592056742,0.13356426764691498,0.019092653123570953,0.13817616698827245
184,7,train,8,0.024181396508748933,0.1555036864796103,0.019092653123570953,0.13817616698827245
184,-1,train,120,0.019092653123570953,0.13817616698827245,0.019092653123570953,0.13817616698827245
185,0,train,16,0.047348181797958466,0.2175963735864145,0.01897227150621991,0.1377398689785202
185,1,train,16,0.01954469876236915,0.13980235606873423,0.01897227150621991,0.1377398689785202
185,2,train,16,0.011909811885915325,0.10913208458521868,0.01897227150621991,0.1377398689785202
185,3,train,16,0.0033015753647671524,0.05745933661962303,0.01897227150621991,0.1377398689785202
185,4,train,16,0.01271811158828191,0.11277460524551576,0.01897227150621991,0.1377398689785202
185,5,train,16,0.02163877500143035,0.14710124065224722,0.01897227150621991,0.1377398689785202
185,6,train,16,0.01228020558230473,0.11081608900473221,0.01897227150621991,0.1377398689785202
185,7,train,8,0.023036812066732186,0.1517788261475631,0.01897227150621991,0.1377398689785202
185,-1,train,120,0.01897227150621991,0.1377398689785202,0.01897227150621991,0.1377398689785202
186,0,train,16,0.011890287215464668,0.10904259358372154,0.019894025031825233,0.1410461804935718
186,1,train,16,0.02100673083754392,0.14493698919718154,0.019894025031825233,0.1410461804935718
186,2,train,16,0.029180654224738246,0.1708234592341996,0.019894025031825233,0.1410461804935718
186,3,train,16,0.0034069040047484075,0.058368690277822814,0.019894025031825233,0.1410461804935718
186,4,train,16,0.01868084127463141,0.1366778741224468,0.019894025031825233,0.1410461804935718
186,5,train,16,0.03040104191458485,0.1743589456110149,0.019894025031825233,0.1410461804935718
186,6,train,16,0.005360274503906151,0.07321389556570632,0.019894025031825233,0.1410461804935718
186,7,train,8,0.0392254662789842,0.1980542003568321,0.019894025031825233,0.1410461804935718
186,-1,train,120,0.019894025031825233,0.1410461804935718,0.019894025031825233,0.1410461804935718
187,0,train,16,0.0031237545954997765,0.05589055909095718,0.019190592862721737,0.13853011536385054
187,1,train,16,0.03994171248582332,0.19985422809093462,0.019190592862721737,0.13853011536385054
187,2,train,16,0.02476630474646057,0.15737313857981156,0.019190592862721737,0.13853011536385054
187,3,train,16,0.00470620494306636,0.0686017852760871,0.019190592862721737,0.13853011536385054
187,4,train,16,0.01329125562116483,0.11528770802286266,0.019190592862721737,0.13853011536385054
187,5,train,16,0.015775513664342263,0.1256006117196181,0.019190592862721737,0.13853011536385054
187,6,train,16,0.022838085127497614,0.15112274854401508,0.019190592862721737,0.13853011536385054
187,7,train,8,0.029081911717919164,0.1705341951572152,0.019190592862721737,0.13853011536385054
187,-1,train,120,0.019190592862721737,0.13853011536385054,0.019190592862721737,0.13853011536385054
188,0,train,16,0.003940930411826822,0.06277683021487165,0.01851593451438316,0.13607326891929641
188,1,train,16,0.008298368712006735,0.09109538249552902,0.01851593451438316,0.13607326891929641
188,2,train,16,0.029459612456168082,0.17163802741865825,0.01851593451438316,0.13607326891929641
188,3,train,16,0.024819843635197802,0.15754314848700277,0.01851593451438316,0.13607326891929641
188,4,train,16,0.024943192984033892,0.15793414128691077,0.01851593451438316,0.13607326891929641
188,5,train,16,0.02351072222884589,0.15333206523374648,0.01851593451438316,0.13607326891929641
188,6,train,16,0.013692302398175482,0.1170141119616582,0.01851593451438316,0.13607326891929641
188,7,train,8,0.019462503288810537,0.13950807607020654,0.01851593451438316,0.13607326891929641
188,-1,train,120,0.01851593451438316,0.13607326891929641,0.01851593451438316,0.13607326891929641
189,0,train,16,0.01442155829136418,0.12008979261937369,0.019414768669615022,0.13933688911991332
189,1,train,16,0.018968265575281845,0.1377253265571799,0.019414768669615022,0.13933688911991332
189,2,train,16,0.026999472842628113,0.1643151631549204,0.019414768669615022,0.13933688911991332
189,3,train,16,0.003991526381127276,0.06317852784868666,0.019414768669615022,0.13933688911991332
189,4,train,16,0.015254100572620378,0.12350749196959826,0.019414768669615022,0.13933688911991332
189,5,train,16,0.0052001774678582715,0.07211225601697864,0.019414768669615022,0.13933688911991332
189,6,train,16,0.035553921016013144,0.1885574740391193,0.019414768669615022,0.13933688911991332
189,7,train,8,0.034929127210026986,0.18689335785422387,0.019414768669615022,0.13933688911991332
189,-1,train,120,0.019414768669615022,0.13933688911991332,0.019414768669615022,0.13933688911991332
190,0,train,16,0.018217229697692867,0.1349712180344123,0.018655935884004153,0.1365867339239216
190,1,train,16,0.021330116694181923,0.14604833684154683,0.018655935884004153,0.1365867339239216
190,2,train,16,0.014762421419523974,0.12150070542809195,0.018655935884004153,0.1365867339239216
190,3,train,16,0.014305867467432875,0.11960713802876848,0.018655935884004153,0.1365867339239216
190,4,train,16,0.00385815730892137,0.062114066916612136,0.018655935884004153,0.1365867339239216
190,5,train,16,0.02333061276278809,0.15274361774813405,0.018655935884004153,0.1365867339239216
190,6,train,16,0.029579167472034575,0.17198595137985712,0.018655935884004153,0.1365867339239216
190,7,train,8,0.023863914249457552,0.15447949459218707,0.018655935884004153,0.1365867339239216
190,-1,train,120,0.018655935884004153,0.1365867339239216,0.018655935884004153,0.1365867339239216
191,0,train,16,0.005503267621720044,0.07418401190094834,0.01846239702985232,0.1358764035064673
191,1,train,16,0.021730920829116162,0.14741411339867075,0.01846239702985232,0.1358764035064673
191,2,train,16,0.030536206039616032,0.17474611881130875,0.01846239702985232,0.1358764035064673
191,3,train,16,0.011434526718417732,0.10693234645521313,0.01846239702985232,0.1358764035064673
191,4,train,16,0.014733568716125536,0.1213819126399215,0.01846239702985232,0.1358764035064673
191,5,train,16,0.020470767302234006,0.1430760892051289,0.01846239702985232,0.1358764035064673
191,6,train,16,0.02143180620534337,0.14639605939144457,0.01846239702985232,0.1358764035064673
191,7,train,8,0.021858112806245705,0.14784489442062484,0.01846239702985232,0.1358764035064673
191,-1,train,120,0.01846239702985232,0.1358764035064673,0.01846239702985232,0.1358764035064673
192,0,train,16,0.00990885141657046,0.09954321381475716,0.01897835933127619,0.1377619661999501
192,1,train,16,0.0286271324149563,0.16919554490280264,0.01897835933127619,0.1377619661999501
192,2,train,16,0.005375839139449284,0.07332011415327505,0.01897835933127619,0.1377619661999501
192,3,train,16,0.013075193389277434,0.11434681188943326,0.01897835933127619,0.1377619661999501
192,4,train,16,0.02838895382580786,0.16849021878378537,0.01897835933127619,0.1377619661999501
192,5,train,16,0.014564832954066853,0.12068484972881581,0.01897835933127619,0.1377619661999501
192,6,train,16,0.02079246185326373,0.1441959148286238,0.01897835933127619,0.1377619661999501
192,7,train,8,0.0310936096568176,0.1763338017987975,0.01897835933127619,0.1377619661999501
192,-1,train,120,0.01897835933127619,0.1377619661999501,0.01897835933127619,0.1377619661999501
193,0,train,16,0.009402057491973202,0.09696420727244255,0.018035919502058677,0.13429787601469606
193,1,train,16,0.022986157890127645,0.15161186592786083,0.018035919502058677,0.13429787601469606
193,2,train,16,0.033171401714042606,0.18213017793337435,0.018035919502058677,0.13429787601469606
193,3,train,16,0.021596549600792055,0.14695764560169047,0.018035919502058677,0.13429787601469606
193,4,train,16,0.0033038629277160974,0.057479239101749575,0.018035919502058677,0.13429787601469606
193,5,train,16,0.019313448310744268,0.13897283299531699,0.018035919502058677,0.13429787601469606
193,6,train,16,0.017290386740945657,0.13149291517395778,0.018035919502058677,0.13429787601469606
193,7,train,8,0.017223491340127888,0.13123829982184274,0.018035919502058677,0.13429787601469606
193,-1,train,120,0.018035919502058677,0.13429787601469606,0.018035919502058677,0.13429787601469606
194,0,train,16,0.0035987948300705173,0.05998995607658433,0.017106703260325734,0.1307925963513445
194,1,train,16,0.028830897552605612,0.1697966358695178,0.017106703260325734,0.1307925963513445
194,2,train,16,0.020831474726008086,0.14433112874916515,0.017106703260325734,0.1307925963513445
194,3,train,16,0.030173298535095518,0.17370463014869672,0.017106703260325734,0.1307925963513445
194,4,train,16,0.013449918868695255,0.1159737852650126,0.017106703260325734,0.1307925963513445
194,5,train,16,0.014419281456770957,0.12008031252778682,0.017106703260325734,0.1307925963513445
194,6,train,16,0.022202441851180903,0.1490048383482258,0.017106703260325734,0.1307925963513445
194,7,train,8,0.0033475182621790236,0.05785774159245263,0.017106703260325734,0.1307925963513445
194,-1,train,120,0.017106703260325734,0.1307925963513445,0.017106703260325734,0.1307925963513445
195,0,train,16,0.012593491053933795,0.11222072470775528,0.01704005963292119,0.130537579389696
195,1,train,16,0.024408485558515946,0.15623215276797522,0.01704005963292119,0.130537579389696
195,2,train,16,0.013989060221019617,0.1182753576237232,0.01704005963292119,0.130537579389696
195,3,train,16,0.015423879199028611,0.1241929112269642,0.01704005963292119,0.130537579389696
195,4,train,16,0.029412632837210972,0.17150111613984023,0.01704005963292119,0.130537579389696
195,5,train,16,0.024746567480611537,0.15731041758450562,0.01704005963292119,0.130537579389696
195,6,train,16,0.012415755672824817,0.1114260098577743,0.01704005963292119,0.130537579389696
195,7,train,8,0.003330605040224216,0.057711394370819145,0.01704005963292119,0.130537579389696
195,-1,train,120,0.01704005963292119,0.130537579389696,0.01704005963292119,0.130537579389696
196,0,train,16,0.031139740623472356,0.17646455911449288,0.019146473033481985,0.1383707809961409
196,1,train,16,0.018852625106473796,0.13730486191855623,0.019146473033481985,0.1383707809961409
196,2,train,16,0.018277837128909437,0.1351955514390523,0.019146473033481985,0.1383707809961409
196,3,train,16,0.004883879929406705,0.06988476178257107,0.019146473033481985,0.1383707809961409
196,4,train,16,0.008526893620718453,0.09234118052482572,0.019146473033481985,0.1383707809961409
196,5,train,16,0.01647332468203707,0.12834845025179334,0.019146473033481985,0.1383707809961409
196,6,train,16,0.016903084716132305,0.1300118637514758,0.019146473033481985,0.1383707809961409
196,7,train,8,0.03811439846070576,0.19522909224986362,0.019146473033481985,0.1383707809961409
196,-1,train,120,0.019146473033481985,0.1383707809961409,0.019146473033481985,0.1383707809961409
197,0,train,16,0.011734003888142799,0.10832360725226427,0.018057324794740485,0.1343775457237573
197,1,train,16,0.02930099975683436,0.17117534798222073,0.018057324794740485,0.1343775457237573
197,2,train,16,0.015359552220352044,0.12393366056222194,0.018057324794740485,0.1343775457237573
197,3,train,16,0.009069461541480184,0.09523372061134745,0.018057324794740485,0.1343775457237573
197,4,train,16,0.01283736474262423,0.11330209504958075,0.018057324794740485,0.1343775457237573
197,5,train,16,0.02158742796967447,0.14692660742586575,0.018057324794740485,0.1343775457237573
197,6,train,16,0.022782755197924897,0.15093957465795674,0.018057324794740485,0.1343775457237573
197,7,train,8,0.021787033040890906,0.1476043124061452,0.018057324794740485,0.1343775457237573
197,-1,train,120,0.018057324794740485,0.1343775457237573,0.018057324794740485,0.1343775457237573
198,0,train,16,0.012473873667558064,0.11168649724813678,0.017291330847330005,0.13149650507648486
198,1,train,16,0.022092782233271466,0.14863640951419496,0.017291330847330005,0.13149650507648486
198,2,train,16,0.026304028014016528,0.16218516582602902,0.017291330847330005,0.13149650507648486
198,3,train,16,0.012572098327285158,0.11212536879442207,0.017291330847330005,0.13149650507648486
198,4,train,16,0.021608047971616796,0.14699676177255333,0.017291330847330005,0.13149650507648486
198,5,train,16,0.014839716960065977,0.12181837693905619,0.017291330847330005,0.13149650507648486
198,6,train,16,0.017868027084238656,0.13367133980116552,0.017291330847330005,0.13149650507648486
198,7,train,8,0.01057207252058739,0.10282058412879878,0.017291330847330005,0.13149650507648486
198,-1,train,120,0.017291330847330005,0.13149650507648486,0.017291330847330005,0.13149650507648486
199,0,train,16,0.040696374554097726,0.20173342448413878,0.016888645908951564,0.12995632308183994
199,1,train,16,0.008261599476836832,0.0908933412128569,0.016888645908951564,0.12995632308183994
199,2,train,16,0.01421276600168495,0.11921730579779494,0.016888645908951564,0.12995632308183994
199,3,train,16,0.012558946421348947,0.11206670523107631,0.016888645908951564,0.12995632308183994
199,4,train,16,0.018239541534226845,0.13505384679536842,0.016888645908951564,0.12995632308183994
199,5,train,16,0.011696159645635947,0.10814878476264052,0.016888645908951564,0.12995632308183994
199,6,train,16,0.02444189164825856,0.15633902791132662,0.016888645908951564,0.12995632308183994
199,7,train,8,0.0050018879895227285,0.07072402696059331,0.016888645908951564,0.12995632308183994
199,-1,train,120,0.016888645908951564,0.12995632308183994,0.016888645908951564,0.12995632308183994
200,0,train,16,0.012680459328401391,0.11260754561041365,0.016856869338828497,0.1298340068657996
200,1,train,16,0.013849879706645984,0.11768551188080029,0.016856869338828497,0.1298340068657996
200,2,train,16,0.01951338579166024,0.13969032103785944,0.016856869338828497,0.1298340068657996
200,3,train,16,0.024064765794672514,0.15512822372048393,0.016856869338828497,0.1298340068657996
200,4,train,16,0.01886064927211516,0.1373340790631195,0.016856869338828497,0.1298340068657996
200,5,train,16,0.013379619325183473,0.11567030442245525,0.016856869338828497,0.1298340068657996
200,6,train,16,0.02690000361912747,0.1640122057016717,0.016856869338828497,0.1298340068657996
200,7,train,8,0.0056061918728217515,0.0748745074963552,0.016856869338828497,0.1298340068657996
200,-1,train,120,0.016856869338828497,0.1298340068657996,0.016856869338828497,0.1298340068657996
201,0,train,16,0.015598348015250885,0.1248933465611795,0.016645340370075434,0.12901682204300116
201,1,train,16,0.02026194427275581,0.14234445641736743,0.016645340370075434,0.12901682204300116
201,2,train,16,0.01974028272002786,0.14050011644133203,0.016645340370075434,0.12901682204300116
201,3,train,16,0.022528074598410313,0.15009355282093337,0.016645340370075434,0.12901682204300116
201,4,train,16,0.0033230539909711934,0.057645936465384906,0.016645340370075434,0.12901682204300116
201,5,train,16,0.03237705587911206,0.17993625504359054,0.016645340370075434,0.12901682204300116
201,6,train,16,0.016085375473392432,0.12682813360367814,0.016645340370075434,0.12901682204300116
201,7,train,8,0.0032485880106828983,0.056996385944048225,0.016645340370075434,0.12901682204300116
201,-1,train,120,0.016645340370075434,0.12901682204300116,0.016645340370075434,0.12901682204300116
202,0,train,16,0.009006234205677654,0.0949011812659761,0.019471425791689437,0.13954005085167998
202,1,train,16,0.010965729551177219,0.10471737941324362,0.019471425791689437,0.13954005085167998
202,2,train,16,0.021910147021388188,0.14802076550737125,0.019471425791689437,0.13954005085167998
202,3,train,16,0.013873323590593015,0.11778507371731367,0.019471425791689437,0.13954005085167998
202,4,train,16,0.012953609295849882,0.11381392399812021,0.019471425791689437,0.13954005085167998
202,5,train,16,0.00861187800335652,0.09280020475923811,0.019471425791689437,0.13954005085167998
202,6,train,16,0.02931086109131652,0.17120415033321043,0.019471425791689437,0.13954005085167998
202,7,train,8,0.04913962357415652,0.2216745893740564,0.019471425791689437,0.13954005085167998
202,-1,train,120,0.019471425791689437,0.13954005085167998,0.019471425791689437,0.13954005085167998
203,0,train,16,0.014837749809993455,0.12181030256096344,0.018694848772591602,0.13672910726173707
203,1,train,16,0.02568603936421433,0.16026864747733516,0.018694848772591602,0.13672910726173707
203,2,train,16,0.0033178645151397206,0.05760090724233188,0.018694848772591602,0.13672910726173707
203,3,train,16,0.004391213341067063,0.06626623077455865,0.018694848772591602,0.13672910726173707
203,4,train,16,0.02425036263255705,0.15572527936259112,0.018694848772591602,0.13672910726173707
203,5,train,16,0.024808689011000005,0.15750774270174786,0.018694848772591602,0.13672910726173707
203,6,train,16,0.014045664853674866,0.11851440778941127,0.018694848772591602,0.13672910726173707
203,7,train,8,0.038221206653086336,0.19550244666777533,0.018694848772591602,0.13672910726173707
203,-1,train,120,0.018694848772591602,0.13672910726173707,0.018694848772591602,0.13672910726173707
204,0,train,16,0.010946359106636327,0.10462484937449767,0.017336111445655895,0.1316666679370899
204,1,train,16,0.02095400859734487,0.14475499506871903,0.017336111445655895,0.1316666679370899
204,2,train,16,0.013673140681273312,0.1169322054922138,0.017336111445655895,0.1316666679370899
204,3,train,16,0.00925463137543677,0.09620099466968504,0.017336111445655895,0.1316666679370899
204,4,train,16,0.029650800397188294,0.17219407770648879,0.017336111445655895,0.1316666679370899
204,5,train,16,0.021335456102218882,0.14606661528980153,0.017336111445655895,0.1316666679370899
204,6,train,16,0.015400326739244633,0.12409805292285868,0.017336111445655895,0.1316666679370899
204,7,train,8,0.017474168565904075,0.13218989585404808,0.017336111445655895,0.1316666679370899
204,-1,train,120,0.017336111445655895,0.1316666679370899,0.017336111445655895,0.1316666679370899
205,0,train,16,0.011254555648093648,0.10608749053537674,0.017344651573242557,0.13169909480798475
205,1,train,16,0.023857782437527415,0.15445964663149858,0.017344651573242557,0.13169909480798475
205,2,train,16,0.015471950027727494,0.12438629356857409,0.017344651573242557,0.13169909480798475
205,3,train,16,0.012454631769798304,0.11160032154881232,0.017344651573242557,0.13169909480798475
205,4,train,16,0.021135308952073825,0.14537987808522135,0.017344651573242557,0.13169909480798475
205,5,train,16,0.005629176265226211,0.07502783660233188,0.017344651573242557,0.13169909480798475
205,6,train,16,0.03042389261358199,0.17442446105286377,0.017344651573242557,0.13169909480798475
205,7,train,8,0.018529914871911572,0.1361246299238737,0.017344651573242557,0.13169909480798475
205,-1,train,120,0.017344651573242557,0.13169909480798475,0.017344651573242557,0.13169909480798475
206,0,train,16,0.025000806184293345,0.15811643236644743,0.016361041155375254,0.12791028557303458
206,1,train,16,0.014669880545487105,0.12111928230255951,0.016361041155375254,0.12791028557303458
206,2,train,16,0.018680619777955113,0.13667706383279937,0.016361041155375254,0.12791028557303458
206,3,train,16,0.013611164894392003,0.11666689716621421,0.016361041155375254,0.12791028557303458
206,4,train,16,0.025652329102990902,0.16016344496479495,0.016361041155375254,0.12791028557303458
206,5,train,16,0.018510539222560202,0.13605344252373844,0.016361041155375254,0.12791028557303458
206,6,train,16,0.011029658866487293,0.1050221827353026,0.016361041155375254,0.12791028557303458
206,7,train,8,0.0037333306488360695,0.06110098729837407,0.016361041155375254,0.12791028557303458
206,-1,train,120,0.016361041155375254,0.12791028557303458,0.016361041155375254,0.12791028557303458
207,0,train,16,0.02083796022417848,0.1443535944276362,0.01841225055322627,0.13569174828716102
207,1,train,16,0.004285945794022693,0.06546713522083193,0.01841225055322627,0.13569174828716102
207,2,train,16,0.040992264781855484,0.20246546565243043,0.01841225055322627,0.13569174828716102
207,3,train,16,0.0034370215242538193,0.05862611640091658,0.01841225055322627,0.13569174828716102
207,4,train,16,0.013104953320543466,0.11447686805876314,0.01841225055322627,0.13569174828716102
207,5,train,16,0.003686205353361287,0.06071412811991363,0.01841225055322627,0.13569174828716102
207,6,train,16,0.023468683597266875,0.15319492027239962,0.01841225055322627,0.13569174828716102
207,7,train,8,0.03748496983032805,0.1936103556897927,0.01841225055322627,0.13569174828716102
207,-1,train,120,0.01841225055322627,0.13569174828716102,0.01841225055322627,0.13569174828716102
208,0,train,16,0.02620021203854194,0.1618647955503047,0.016237755175041033,0.1274274506338451
208,1,train,16,0.013904429582782676,0.11791704534452462,0.016237755175041033,0.1274274506338451
208,2,train,16,0.025108004936448068,0.15845505651902708,0.016237755175041033,0.1274274506338451
208,3,train,16,0.01058263559488539,0.1028719378396528,0.016237755175041033,0.1274274506338451
208,4,train,16,0.011965823152230173,0.10938840501730598,0.016237755175041033,0.1274274506338451
208,5,train,16,0.018837776667067575,0.13725078020567888,0.016237755175041033,0.1274274506338451
208,6,train,16,0.019474781144286808,0.13955207323535831,0.016237755175041033,0.1274274506338451
208,7,train,8,0.0038283782840856594,0.061873890164476156,0.016237755175041033,0.1274274506338451
208,-1,train,120,0.016237755175041033,0.1274274506338451,0.016237755175041033,0.1274274506338451
209,0,train,16,0.014069305665900181,0.11861410399231695,0.016142703503347525,0.12705393934604123
209,1,train,16,0.02471181758513763,0.15719992870589233,0.016142703503347525,0.12705393934604123
209,2,train,16,0.020197917329870262,0.14211937703870736,0.016142703503347525,0.12705393934604123
209,3,train,16,0.020033825220100977,0.14154089592800018,0.016142703503347525,0.12705393934604123
209,4,train,16,0.016780515193540915,0.12953962788869247,0.016142703503347525,0.12705393934604123
209,5,train,16,0.02094314293524429,0.14471745898558436,0.016142703503347525,0.12705393934604123
209,6,train,16,0.009004387468979367,0.09489145097941841,0.016142703503347525,0.12705393934604123
209,7,train,8,0.0034007166280065814,0.058315663659145485,0.016142703503347525,0.12705393934604123
209,-1,train,120,0.016142703503347525,0.12705393934604123,0.016142703503347525,0.12705393934604123
210,0,train,16,0.02342435774539382,0.15305018048141536,0.01612561064589855,0.12698665538511733
210,1,train,16,0.010615892124486532,0.10303345148293602,0.01612561064589855,0.12698665538511733
210,2,train,16,0.012108892851669401,0.11004041462875992,0.01612561064589855,0.12698665538511733
210,3,train,16,0.04364309638185633,0.20890930180788103,0.01612561064589855,0.12698665538511733
210,4,train,16,0.019302000989986308,0.13893164142838846,0.01612561064589855,0.12698665538511733
210,5,train,16,0.0062816367534099665,0.0792567773342442,0.01612561064589855,0.12698665538511733
210,6,train,16,0.009574168029631833,0.09784767769156216,0.01612561064589855,0.12698665538511733
210,7,train,8,0.0040548402907542025,0.0636776278668906,0.01612561064589855,0.12698665538511733
210,-1,train,120,0.01612561064589855,0.12698665538511733,0.01612561064589855,0.12698665538511733
211,0,train,16,0.01730880856650547,0.13156294526387538,0.018179153872927782,0.134830092608912
211,1,train,16,0.0062411593303270405,0.07900100841335533,0.018179153872927782,0.134830092608912
211,2,train,16,0.012619230054916854,0.11233534641828838,0.018179153872927782,0.134830092608912
211,3,train,16,0.0034742381335930695,0.0589426681920073,0.018179153872927782,0.134830092608912
211,4,train,16,0.01971460926497893,0.14040872218270106,0.018179153872927782,0.134830092608912
211,5,train,16,0.028299869836652114,0.1682256515417673,0.018179153872927782,0.134830092608912
211,6,train,16,0.02017536046598061,0.1420399960080984,0.018179153872927782,0.134830092608912
211,7,train,8,0.037599955330468185,0.19390707911385852,0.018179153872927782,0.134830092608912
211,-1,train,120,0.018179153872927782,0.134830092608912,0.018179153872927782,0.134830092608912
212,0,train,16,0.015553703526564234,0.124714488037935,0.0162176868542419,0.1273486821849441
212,1,train,16,0.013425293202675858,0.11586756751859364,0.0162176868542419,0.1273486821849441
212,2,train,16,0.019388378355835012,0.13924215725072278,0.0162176868542419,0.1273486821849441
212,3,train,16,0.005633256936654776,0.07505502605858436,0.0162176868542419,0.1273486821849441
212,4,train,16,0.018374350396653322,0.1355520209980409,0.0162176868542419,0.1273486821849441
212,5,train,16,0.030333005139098524,0.17416373083710202,0.0162176868542419,0.1273486821849441
212,6,train,16,0.01960284954176696,0.14001017656501602,0.0162176868542419,0.1273486821849441
212,7,train,8,0.007430657734686539,0.08620126295296687,0.0162176868542419,0.1273486821849441
212,-1,train,120,0.0162176868542419,0.1273486821849441,0.0162176868542419,0.1273486821849441
213,0,train,16,0.007995640850573593,0.08941834739343818,0.017532307735516416,0.13240962100812922
213,1,train,16,0.011628821430069354,0.10783701326571205,0.017532307735516416,0.13240962100812922
213,2,train,16,0.003676637245860843,0.06063528053749601,0.017532307735516416,0.13240962100812922
213,3,train,16,0.01844809560737252,0.13582376672501953,0.017532307735516416,0.13240962100812922
213,4,train,16,0.03124654455072067,0.1767669215399778,0.017532307735516416,0.13240962100812922
213,5,train,16,0.03329312057894546,0.18246402543774337,0.017532307735516416,0.13240962100812922
213,6,train,16,0.004784180682368593,0.0691677719922262,0.017532307735516416,0.13240962100812922
213,7,train,8,0.02918542093822029,0.17083741082743056,0.017532307735516416,0.13240962100812922
213,-1,train,120,0.017532307735516416,0.13240962100812922,0.017532307735516416,0.13240962100812922
214,0,train,16,0.01955159495487202,0.13982701797174973,0.016515946367407993,0.12851438194773374
214,1,train,16,0.011618549796313674,0.10778937701050913,0.016515946367407993,0.12851438194773374
214,2,train,16,0.011388487927567224,0.10671685868487332,0.016515946367407993,0.12851438194773374
214,3,train,16,0.019199285333188824,0.13856148574978844,0.016515946367407993,0.12851438194773374
214,4,train,16,0.01798117943608089,0.13409392020550703,0.016515946367407993,0.12851438194773374
214,5,train,16,0.013725318073507697,0.11715510263538544,0.016515946367407993,0.12851438194773374
214,6,train,16,0.024450442638835748,0.15636637310763382,0.016515946367407993,0.12851438194773374
214,7,train,8,0.01421271277889786,0.11921708258004748,0.016515946367407993,0.12851438194773374
214,-1,train,120,0.016515946367407993,0.12851438194773374,0.016515946367407993,0.12851438194773374
215,0,train,16,0.019930494711474834,0.14117540405989576,0.016709234337376744,0.12926420361947366
215,1,train,16,0.008976513274872094,0.09474446303015334,0.016709234337376744,0.12926420361947366
215,2,train,16,0.027970604121057403,0.16724414525195613,0.016709234337376744,0.12926420361947366
215,3,train,16,0.020128427858138252,0.14187469068913683,0.016709234337376744,0.12926420361947366
215,4,train,16,0.01174716023066608,0.10838431727268516,0.016709234337376744,0.12926420361947366
215,5,train,16,0.014983440925357649,0.12240686633256179,0.016709234337376744,0.12926420361947366
215,6,train,16,0.011709850055173282,0.10821206058094117,0.016709234337376744,0.12926420361947366
215,7,train,8,0.018227383522274366,0.13500882757166052,0.016709234337376744,0.12926420361947366
215,-1,train,120,0.016709234337376744,0.12926420361947366,0.016709234337376744,0.12926420361947366
216,0,train,16,0.0030419618786873028,0.05515398334379216,0.0157371694795922,0.1254478755483416
216,1,train,16,0.013196531093457711,0.11487615546081663,0.0157371694795922,0.1254478755483416
216,2,train,16,0.008719134843952725,0.09337630772285187,0.0157371694795922,0.1254478755483416
216,3,train,16,0.03425911603836745,0.18509218254255755,0.0157371694795922,0.1254478755483416
216,4,train,16,0.02654213189618494,0.16291756165676227,0.0157371694795922,0.1254478755483416
216,5,train,16,0.02006467646377476,0.14164983749999419,0.0157371694795922,0.1254478755483416
216,6,train,16,0.01666337125775403,0.12908668117878788,0.0157371694795922,0.1254478755483416
216,7,train,8,0.003410432364558705,0.0583989072205868,0.0157371694795922,0.1254478755483416
216,-1,train,120,0.0157371694795922,0.1254478755483416,0.0157371694795922,0.1254478755483416
217,0,train,16,0.006172193327727313,0.07856330776976815,0.016740718780655868,0.1293859296085006
217,1,train,16,0.023417183472830706,0.15302674103839076,0.016740718780655868,0.1293859296085006
217,2,train,16,0.01153719566314516,0.10741133861536761,0.016740718780655868,0.1293859296085006
217,3,train,16,0.013372122482869153,0.11563789380159582,0.016740718780655868,0.1293859296085006
217,4,train,16,0.027666354303574753,0.16633206035991605,0.016740718780655868,0.1293859296085006
217,5,train,16,0.019758259359418544,0.14056407563605483,0.016740718780655868,0.1293859296085006
217,6,train,16,0.011401891890300287,0.10677964174083132,0.016740718780655868,0.1293859296085006
217,7,train,8,0.02060054974538102,0.14352891606007837,0.016740718780655868,0.1293859296085006
217,-1,train,120,0.016740718780655868,0.1293859296085006,0.016740718780655868,0.1293859296085006
218,0,train,16,0.024270534629304348,0.15579003379325762,0.015703867190450412,0.1253150716811446
218,1,train,16,0.020229761480522933,0.14223136602213637,0.015703867190450412,0.1253150716811446
218,2,train,16,0.012296514054402324,0.11088964809396017,0.015703867190450412,0.1253150716811446
218,3,train,16,0.027665360229864065,0.1663290721126769,0.015703867190450412,0.1253150716811446
218,4,train,16,0.01017904903773785,0.10089127334778687,0.015703867190450412,0.1253150716811446
218,5,train,16,0.01702128570036216,0.13046564950346953,0.015703867190450412,0.1253150716811446
218,6,train,16,0.009066778367470208,0.09521963225863776,0.015703867190450412,0.1253150716811446
218,7,train,8,0.004901654023939389,0.07001181345986825,0.015703867190450412,0.1253150716811446
218,-1,train,120,0.015703867190450412,0.1253150716811446,0.015703867190450412,0.1253150716811446
219,0,train,16,0.011164610031045418,0.10566271826451096,0.017451245014390833,0.13210316050114332
219,1,train,16,0.010751855307565537,0.10369115346819871,0.017451245014390833,0.13210316050114332
219,2,train,16,0.02367580900439441,0.15386945442287892,0.017451245014390833,0.13210316050114332
219,3,train,16,0.003451868161193361,0.0587526013142683,0.017451245014390833,0.13210316050114332
219,4,train,16,0.021492989386801244,0.14660487504445835,0.017451245014390833,0.13210316050114332
219,5,train,16,0.003529169937664759,0.0594068172659061,0.017451245014390833,0.13210316050114332
219,6,train,16,0.031718126699025684,0.17809583571500398,0.017451245014390833,0.13210316050114332
219,7,train,8,0.033825531587436244,0.1839171867646856,0.017451245014390833,0.13210316050114332
219,-1,train,120,0.017451245014390833,0.13210316050114332,0.017451245014390833,0.13210316050114332
220,0,train,16,0.003969293160876604,0.06300232663066185,0.01639897413917925,0.12805847937243067
220,1,train,16,0.00832632804155875,0.09124871528716856,0.01639897413917925,0.12805847937243067
220,2,train,16,0.024092328470701613,0.1552170366638328,0.01639897413917925,0.12805847937243067
220,3,train,16,0.013312647510437078,0.11538044682890199,0.01639897413917925,0.12805847937243067
220,4,train,16,0.027176974123866837,0.16485440280401017,0.01639897413917925,0.12805847937243067
220,5,train,16,0.016239496471054594,0.12743428295029008,0.01639897413917925,0.12805847937243067
220,6,train,16,0.020037019275642685,0.14155217863262537,0.01639897413917925,0.12805847937243067
220,7,train,8,0.018037706059295864,0.13430452732240958,0.01639897413917925,0.12805847937243067
220,-1,train,120,0.01639897413917925,0.12805847937243067,0.01639897413917925,0.12805847937243067
221,0,train,16,0.014470483808562005,0.12029332403987349,0.015949254429591928,0.126290357627144
221,1,train,16,0.014938073872039437,0.12222141331223198,0.015949254429591928,0.126290357627144
221,2,train,16,0.02445458119119919,0.15637960605909965,0.015949254429591928,0.126290357627144
221,3,train,16,0.02728398398612537,0.16517864264524446,0.015949254429591928,0.126290357627144
221,4,train,16,0.019901803298914618,0.14107375127540422,0.015949254429591928,0.126290357627144
221,5,train,16,0.009131861671188473,0.0955607747519267,0.015949254429591928,0.126290357627144
221,6,train,16,0.005731252647112695,0.0757050371317041,0.015949254429591928,0.126290357627144
221,7,train,8,0.011681994961593625,0.1080832778999306,0.015949254429591928,0.126290357627144
221,-1,train,120,0.015949254429591928,0.126290357627144,0.015949254429591928,0.126290357627144
222,0,train,16,0.012182865892809225,0.11037602046100967,0.017219256110544,0.13122216318345006
222,1,train,16,0.029406794511176504,0.17148409404716375,0.017219256110544,0.13122216318345006
222,2,train,16,0.029630624290248292,0.1721354823685352,0.017219256110544,0.13122216318345006
222,3,train,16,0.003633772236263545,0.06028077833160041,0.017219256110544,0.13122216318345006
222,4,train,16,0.013003595269324267,0.11403330771894792,0.017219256110544,0.13122216318345006
222,5,train,16,0.011685109637050476,0.1080976856230071,0.017219256110544,0.13122216318345006
222,6,train,16,0.005337890258365412,0.07306086680546167,0.017219256110544,0.13122216318345006
222,7,train,8,0.03287339678911427,0.1813102225168627,0.017219256110544,0.13122216318345006
222,-1,train,120,0.017219256110544,0.13122216318345006,0.017219256110544,0.13122216318345006
223,0,train,16,0.010976884993952885,0.10477063039780225,0.015571579961112431,0.12478613689473855
223,1,train,16,0.01861673344611707,0.13644315096814888,0.015571579961112431,0.12478613689473855
223,2,train,16,0.003039222610829001,0.055129144840356456,0.015571579961112431,0.12478613689473855
223,3,train,16,0.029547314159782335,0.17189332203370303,0.015571579961112431,0.12478613689473855
223,4,train,16,0.008763806173202843,0.09361520268205824,0.015571579961112431,0.12478613689473855
223,5,train,16,0.0314180478935628,0.17725136922902118,0.015571579961112431,0.12478613689473855
223,6,train,16,0.014585430959760065,0.12077015757114862,0.015571579961112431,0.12478613689473855
223,7,train,8,0.007625199451692459,0.0873223880324654,0.015571579961112431,0.12478613689473855
223,-1,train,120,0.015571579961112431,0.12478613689473855,0.015571579961112431,0.12478613689473855
224,0,train,16,0.010327923587271772,0.10162639217876315,0.015213064165934674,0.12334125086902059
224,1,train,16,0.012327673122082036,0.11103005503953439,0.015213064165934674,0.12334125086902059
224,2,train,16,0.009312183511262076,0.0964996554981523,0.015213064165934674,0.12334125086902059
224,3,train,16,0.02797298362350336,0.16725125895939724,0.015213064165934674,0.12334125086902059
224,4,train,16,0.03135176618644973,0.177064299581959,0.015213064165934674,0.12334125086902059
224,5,train,16,0.018147363105863006,0.134712149065565,0.015213064165934674,0.12334125086902059
224,6,train,16,0.00946289787264959,0.09727742735418937,0.015213064165934674,0.12334125086902059
224,7,train,8,0.0028017223183958136,0.052931298098533475,0.015213064165934674,0.12334125086902059
224,-1,train,120,0.015213064165934674,0.12334125086902059,0.015213064165934674,0.12334125086902059
225,0,train,16,0.018041883641063062,0.13432007906885352,0.01516262959045585,0.12313662976732735
225,1,train,16,0.011505014876762573,0.10726143238257903,0.01516262959045585,0.12313662976732735
225,2,train,16,0.0194150389927464,0.13933785915086538,0.01516262959045585,0.12313662976732735
225,3,train,16,0.003504206603497396,0.05919633944339291,0.01516262959045585,0.12313662976732735
225,4,train,16,0.015772117859981193,0.12558709272843763,0.01516262959045585,0.12313662976732735
225,5,train,16,0.039186562330126073,0.1979559605824641,0.01516262959045585,0.12313662976732735
225,6,train,16,0.010952331547009305,0.10465338765185438,0.01516262959045585,0.12313662976732735
225,7,train,8,0.002923880872460786,0.05407292180436328,0.01516262959045585,0.12313662976732735
225,-1,train,120,0.01516262959045585,0.12313662976732735,0.01516262959045585,0.12313662976732735
226,0,train,16,0.013909061746426105,0.11793668532914645,0.015154741621047194,0.12310459626288205
226,1,train,16,0.013877404980368973,0.1178023980246963,0.015154741621047194,0.12310459626288205
226,2,train,16,0.03419927148895617,0.18493045041029932,0.015154741621047194,0.12310459626288205
226,3,train,16,0.03650323724198865,0.19105820380708244,0.015154741621047194,0.12310459626288205
226,4,train,16,0.012187240147323487,0.11039583392195326,0.015154741621047194,0.12310459626288205
226,5,train,16,0.003367113102730411,0.058026830886499486,0.015154741621047194,0.12310459626288205
226,6,train,16,0.003911091247368964,0.06253871798629201,0.015154741621047194,0.12310459626288205
226,7,train,8,0.0032835130132147796,0.05730194598104657,0.015154741621047194,0.12310459626288205
226,-1,train,120,0.015154741621047194,0.12310459626288205,0.015154741621047194,0.12310459626288205
227,0,train,16,0.011619890573685619,0.10779559626295324,0.016179274888856624,0.12719777863176945
227,1,train,16,0.01355258092894567,0.11641555277945327,0.016179274888856624,0.12719777863176945
227,2,train,16,0.028539385545071193,0.16893603980522093,0.016179274888856624,0.12719777863176945
227,3,train,16,0.0031089239619272657,0.05575772558065174,0.016179274888856624,0.12719777863176945
227,4,train,16,0.018877278787292923,0.13739460974613568,0.016179274888856624,0.12719777863176945
227,5,train,16,0.027055095814422392,0.16448433303637885,0.016179274888856624,0.12719777863176945
227,6,train,16,0.005652698868285013,0.07518443235328051,0.016179274888856624,0.12719777863176945
227,7,train,8,0.021028344631222905,0.14501153275247766,0.016179274888856624,0.12719777863176945
227,-1,train,120,0.016179274888856624,0.12719777863176945,0.016179274888856624,0.12719777863176945
228,0,train,16,0.013639915853631912,0.11679005031950244,0.01643237138796122,0.128188811477294
228,1,train,16,0.010813240806190514,0.1039867337990309,0.01643237138796122,0.128188811477294
228,2,train,16,0.022577128731315406,0.15025687582042763,0.01643237138796122,0.128188811477294
228,3,train,16,0.0250256805562325,0.15819507121346257,0.01643237138796122,0.128188811477294
228,4,train,16,0.011196568118793835,0.10581383708567531,0.01643237138796122,0.128188811477294
228,5,train,16,0.010975740296264625,0.10476516738050212,0.01643237138796122,0.128188811477294
228,6,train,16,0.01128361725546619,0.10622437222909906,0.01643237138796122,0.128188811477294
228,7,train,8,0.02594707948579477,0.1610809718303027,0.01643237138796122,0.128188811477294
228,-1,train,120,0.01643237138796122,0.128188811477294,0.01643237138796122,0.128188811477294
229,0,train,16,0.003082126802553828,0.05551690555636029,0.015901812769160695,0.12610239002160384
229,1,train,16,0.01961020721010328,0.14003644957689865,0.015901812769160695,0.12610239002160384
229,2,train,16,0.009620188444571362,0.09808255932922715,0.015901812769160695,0.12610239002160384
229,3,train,16,0.022567266238026393,0.15022405346024448,0.015901812769160695,0.12610239002160384
229,4,train,16,0.035496075215999075,0.18840402123096808,0.015901812769160695,0.12610239002160384
229,5,train,16,0.0054155379487132145,0.07359033869138812,0.015901812769160695,0.12610239002160384
229,6,train,16,0.012989641391482037,0.1139721079540167,0.015901812769160695,0.12610239002160384
229,7,train,8,0.01843345890183636,0.13576987479494984,0.015901812769160695,0.12610239002160384
229,-1,train,120,0.015901812769160695,0.12610239002160384,0.015901812769160695,0.12610239002160384
230,0,train,16,0.020441556746480728,0.1429739722693635,0.014900570630858636,0.12206789353002957
230,1,train,16,0.019943116724010307,0.14122010028324689,0.014900570630858636,0.12206789353002957
230,2,train,16,0.01271442989353328,0.11275828082022747,0.014900570630858636,0.12206789353002957
230,3,train,16,0.0077233889420585955,0.087882813689928,0.014900570630858636,0.12206789353002957
230,4,train,16,0.02373697647316827,0.15406809037944316,0.014900570630858636,0.12206789353002957
230,5,train,16,0.02823301262399932,0.16802682114471879,0.014900570630858636,0.12206789353002957
230,6,train,16,0.003283251904537999,0.05729966757790135,0.014900570630858636,0.12206789353002957
230,7,train,8,0.0031288317390806056,0.05593596105441119,0.014900570630858636,0.12206789353002957
230,-1,train,120,0.014900570630858636,0.12206789353002957,0.014900570630858636,0.12206789353002957
231,0,train,16,0.01712910419799472,0.13087820367805603,0.014841933546338143,0.12182747451350268
231,1,train,16,0.021337155610223535,0.14607243275246543,0.014841933546338143,0.12182747451350268
231,2,train,16,0.010812918637117782,0.10398518470011861,0.014841933546338143,0.12182747451350268
231,3,train,16,0.004579634087652507,0.06767299378372814,0.014841933546338143,0.12182747451350268
231,4,train,16,0.020979390829812046,0.14484264161431207,0.014841933546338143,0.12182747451350268
231,5,train,16,0.01947372420100475,0.13954828627039728,0.014841933546338143,0.12182747451350268
231,6,train,16,0.021117113675534867,0.14531728622409265,0.014841933546338143,0.12182747451350268
231,7,train,8,0.003306427131364936,0.05750154025210921,0.014841933546338143,0.12182747451350268
231,-1,train,120,0.014841933546338143,0.12182747451350268,0.014841933546338143,0.12182747451350268
232,0,train,16,0.03360098141603006,0.1833057048103797,0.015012828177676215,0.12252684676296952
232,1,train,16,0.012617156840236815,0.11232611824609989,0.015012828177676215,0.12252684676296952
232,2,train,16,0.018050947231083213,0.13435381360826054,0.015012828177676215,0.12252684676296952
232,3,train,16,0.01035440452106521,0.1017565944844127,0.015012828177676215,0.12252684676296952
232,4,train,16,0.008739575523397708,0.09348569689207921,0.015012828177676215,0.12252684676296952
232,5,train,16,0.01543842707725967,0.1242514671030474,0.015012828177676215,0.12252684676296952
232,6,train,16,0.01437408945264613,0.11989199077772514,0.015012828177676215,0.12252684676296952
232,7,train,8,0.00692704335969091,0.0832288613384258,0.015012828177676215,0.12252684676296952
232,-1,train,120,0.015012828177676215,0.12252684676296952,0.015012828177676215,0.12252684676296952
233,0,train,16,0.021129907463476965,0.14536129974472906,0.014719447059169638,0.12132372834350928
233,1,train,16,0.02041811509565499,0.1428919700181049,0.014719447059169638,0.12132372834350928
233,2,train,16,0.011939053330995519,0.10926597517523705,0.014719447059169638,0.12132372834350928
233,3,train,16,0.010131892365284879,0.10065730159946112,0.014719447059169638,0.12132372834350928
233,4,train,16,0.004336424658848054,0.06585153497715945,0.014719447059169638,0.12132372834350928
233,5,train,16,0.03283860227727407,0.18121424413459908,0.014719447059169638,0.12132372834350928
233,6,train,16,0.01383909941529815,0.11763970169674076,0.014719447059169638,0.12132372834350928
233,7,train,8,0.0031224818665244796,0.055879172027907494,0.014719447059169638,0.12132372834350928
233,-1,train,120,0.014719447059169638,0.12132372834350928,0.014719447059169638,0.12132372834350928
234,0,train,16,0.03610562061355158,0.19001479051261136,0.015503621652143421,0.12451354003538499
234,1,train,16,0.01665119205533592,0.12903949804356774,0.015503621652143421,0.12451354003538499
234,2,train,16,0.009639690485462284,0.09818192545200101,0.015503621652143421,0.12451354003538499
234,3,train,16,0.014628611950903796,0.12094879888160856,0.015503621652143421,0.12451354003538499
234,4,train,16,0.012589500985119914,0.11220294552782434,0.015503621652143421,0.12451354003538499
234,5,train,16,0.013698347040059924,0.11703993779928253,0.015503621652143421,0.12451354003538499
234,6,train,16,0.004212925065954963,0.06490704943189887,0.015503621652143421,0.12451354003538499
234,7,train,8,0.01650308502075898,0.12846433365241489,0.015503621652143421,0.12451354003538499
234,-1,train,120,0.015503621652143421,0.12451354003538499,0.015503621652143421,0.12451354003538499
235,0,train,16,0.004430206641507993,0.06655979748698153,0.014924447420838777,0.12216565565181885
235,1,train,16,0.027108312570546335,0.16464602203073822,0.014924447420838777,0.12216565565181885
235,2,train,16,0.01829885957616277,0.13527327739122302,0.014924447420838777,0.12216565565181885
235,3,train,16,0.008464859949502097,0.09200467351989298,0.014924447420838777,0.12216565565181885
235,4,train,16,0.01577426358571418,0.1255956352176069,0.014924447420838777,0.12216565565181885
235,5,train,16,0.030385534849043654,0.17431447114064758,0.014924447420838777,0.12216565565181885
235,6,train,16,0.006771525739070114,0.08228928082727491,0.014924447420838777,0.12216565565181885
235,7,train,8,0.008162016455163073,0.09034387890257466,0.014924447420838777,0.12216565565181885
235,-1,train,120,0.014924447420838777,0.12216565565181885,0.014924447420838777,0.12216565565181885
236,0,train,16,0.010549600162379696,0.10271124652334668,0.015666157017544965,0.12516451980311738
236,1,train,16,0.005222413957463689,0.07226627122983231,0.015666157017544965,0.12516451980311738
236,2,train,16,0.01799151653581844,0.13413245891960096,0.015666157017544965,0.12516451980311738
236,3,train,16,0.017112980637361493,0.13081659159816653,0.015666157017544965,0.12516451980311738
236,4,train,16,0.014550115569415345,0.12062385986783604,0.015666157017544965,0.12516451980311738
236,5,train,16,0.0223488169080238,0.1494952069734137,0.015666157017544965,0.12516451980311738
236,6,train,16,0.016684548413384886,0.12916868201458465,0.015666157017544965,0.12516451980311738
236,7,train,8,0.02086926395651234,0.14446198100715751,0.015666157017544965,0.12516451980311738
236,-1,train,120,0.015666157017544965,0.12516451980311738,0.015666157017544965,0.12516451980311738
237,0,train,16,0.01056593243433956,0.1027907215381795,0.015471922124085713,0.12438618140326406
237,1,train,16,0.007526919583938432,0.08675782145684867,0.015471922124085713,0.12438618140326406
237,2,train,16,0.003933156425946603,0.06271488201333558,0.015471922124085713,0.12438618140326406
237,3,train,16,0.014443469555021893,0.12018098666187549,0.015471922124085713,0.12438618140326406
237,4,train,16,0.016950953418633945,0.13019582719363146,0.015471922124085713,0.12438618140326406
237,5,train,16,0.017999921604214784,0.13416378648582777,0.015471922124085713,0.12438618140326406
237,6,train,16,0.03363335319689491,0.183393983535161,0.015471922124085713,0.12438618140326406
237,7,train,8,0.018721670773695576,0.13682715656511896,0.015471922124085713,0.12438618140326406
237,-1,train,120,0.015471922124085713,0.12438618140326406,0.015471922124085713,0.12438618140326406
238,0,train,16,0.015664409601331218,0.12515753913101366,0.015073732435468631,0.12277512954775748
238,1,train,16,0.016861436310245236,0.12985159340664726,0.015073732435468631,0.12277512954775748
238,2,train,16,0.003282883340616747,0.057296451378918284,0.015073732435468631,0.12277512954775748
238,3,train,16,0.023247726178637844,0.15247205048348317,0.015073732435468631,0.12277512954775748
238,4,train,16,0.019073419067122475,0.13810654968944258,0.015073732435468631,0.12277512954775748
238,5,train,16,0.020140328248774236,0.14191662428614288,0.015073732435468631,0.12277512954775748
238,6,train,16,0.009127049998811124,0.0955355954543181,0.015073732435468631,0.12277512954775748
238,7,train,8,0.013192606738210164,0.11485907338216761,0.015073732435468631,0.12277512954775748
238,-1,train,120,0.015073732435468631,0.12277512954775748,0.015073732435468631,0.12277512954775748
239,0,train,16,0.01052408331138679,0.10258695487919889,0.016032007741751887,0.12661756490215678
239,1,train,16,0.014593197095831534,0.12080230583822286,0.016032007741751887,0.12661756490215678
239,2,train,16,0.011122474926833553,0.10546314487456532,0.016032007741751887,0.12661756490215678
239,3,train,16,0.01235247444482749,0.11114168635047558,0.016032007741751887,0.12661756490215678
239,4,train,16,0.020948338089901652,0.14473540717426975,0.016032007741751887,0.12661756490215678
239,5,train,16,0.019093632885750465,0.13817971227988016,0.016032007741751887,0.12661756490215678
239,6,train,16,0.010067433819424555,0.10033660259060277,0.016032007741751887,0.12661756490215678
239,7,train,8,0.029554427360059053,0.1719140115291917,0.016032007741751887,0.12661756490215678
239,-1,train,120,0.016032007741751887,0.12661756490215678,0.016032007741751887,0.12661756490215678
240,0,train,16,0.010628404329003777,0.10309415273915284,0.016188768292472375,0.12723509064905159
240,1,train,16,0.017059358771384592,0.13061148024344793,0.016188768292472375,0.12723509064905159
240,2,train,16,0.027552342166912304,0.16598898206481147,0.016188768292472375,0.12723509064905159
240,3,train,16,0.020453762423674655,0.1430166508616205,0.016188768292472375,0.12723509064905159
240,4,train,16,0.004216933116466963,0.06493791740167652,0.016188768292472375,0.12723509064905159
240,5,train,16,0.0029138870638622505,0.05398043223115438,0.016188768292472375,0.12723509064905159
240,6,train,16,0.013909184055762757,0.11793720386613699,0.016188768292472375,0.12723509064905159
240,7,train,8,0.03277627441271169,0.18104218959323182,0.016188768292472375,0.12723509064905159
240,-1,train,120,0.016188768292472375,0.12723509064905159,0.016188768292472375,0.12723509064905159
241,0,train,16,0.014174519354702148,0.11905679046027634,0.014278460333047437,0.11949251161912798
241,1,train,16,0.011488625807488096,0.10718500738204059,0.014278460333047437,0.11949251161912798
241,2,train,16,0.01675112865322185,0.12942615134980198,0.014278460333047437,0.11949251161912798
241,3,train,16,0.02412908750903524,0.15533540326994114,0.014278460333047437,0.11949251161912798
241,4,train,16,0.011057346341695768,0.10515391738635213,0.014278460333047437,0.11949251161912798
241,5,train,16,0.030298478070184272,0.17406458017122345,0.014278460333047437,0.11949251161912798
241,6,train,16,0.003117087017964579,0.055830878713885375,0.014278460333047437,0.11949251161912798
241,7,train,8,0.0032114099100875523,0.056669303066894626,0.014278460333047437,0.11949251161912798
241,-1,train,120,0.014278460333047437,0.11949251161912798,0.014278460333047437,0.11949251161912798
242,0,train,16,0.009959311799652093,0.09979635163497759,0.01518400454770727,0.12322339285909664
242,1,train,16,0.03721257966487137,0.1929056237253631,0.01518400454770727,0.12322339285909664
242,2,train,16,0.018544994587864343,0.13618000803298677,0.01518400454770727,0.12322339285909664
242,3,train,16,0.005438728712403196,0.07374773699852218,0.01518400454770727,0.12322339285909664
242,4,train,16,0.0033544407792859597,0.05791753429908735,0.01518400454770727,0.12322339285909664
242,5,train,16,0.0031597839883011534,0.05621195591954752,0.01518400454770727,0.12322339285909664
242,6,train,16,0.025298437769351166,0.159054826300088,0.01518400454770727,0.12322339285909664
242,7,train,8,0.018503759079928878,0.13602852303810725,0.01518400454770727,0.12322339285909664
242,-1,train,120,0.01518400454770727,0.12322339285909664,0.01518400454770727,0.12322339285909664
243,0,train,16,0.013333669300994066,0.11547150861140625,0.01418375601124931,0.11909557511196338
243,1,train,16,0.019293416906469137,0.13890074480170772,0.01418375601124931,0.11909557511196338
243,2,train,16,0.0229730857753793,0.15156874933633022,0.01418375601124931,0.11909557511196338
243,3,train,16,0.014794804348975473,0.12163389473734479,0.01418375601124931,0.11909557511196338
243,4,train,16,0.005273147560940416,0.07261644139546096,0.01418375601124931,0.11909557511196338
243,5,train,16,0.023691436208261033,0.15392022676783268,0.01418375601124931,0.11909557511196338
243,6,train,16,0.010491651681180714,0.10242876393465224,0.01418375601124931,0.11909557511196338
243,7,train,8,0.00361883630779435,0.060156764439207915,0.01418375601124931,0.11909557511196338
243,-1,train,120,0.01418375601124931,0.11909557511196338,0.01418375601124931,0.11909557511196338
244,0,train,16,0.007271080462246594,0.08527063071331532,0.015923900666551426,0.12618993884835442
244,1,train,16,0.008778411845589706,0.09369317929064903,0.015923900666551426,0.12618993884835442
244,2,train,16,0.009057583264431021,0.09517133635938407,0.015923900666551426,0.12618993884835442
244,3,train,16,0.010981224326373436,0.10479133707694276,0.015923900666551426,0.12618993884835442
244,4,train,16,0.02275128766018907,0.15083529978154672,0.015923900666551426,0.12618993884835442
244,5,train,16,0.009506089952796743,0.09749917924165692,0.015923900666551426,0.12618993884835442
244,6,train,16,0.02695372766457128,0.16417590464063622,0.015923900666551426,0.12618993884835442
244,7,train,8,0.03209180015621357,0.17914184367761085,0.015923900666551426,0.12618993884835442
244,-1,train,120,0.015923900666551426,0.12618993884835442,0.015923900666551426,0.12618993884835442
245,0,train,16,0.027673879747997315,0.16635468057135427,0.014667188156175322,0.12110816717371013
245,1,train,16,0.026778003856346343,0.16363986023077123,0.014667188156175322,0.12110816717371013
245,2,train,16,0.0029650505492247584,0.0544522777230187,0.014667188156175322,0.12110816717371013
245,3,train,16,0.011064709484484226,0.10518892282214999,0.014667188156175322,0.12110816717371013
245,4,train,16,0.012324595145146774,0.11101619316634297,0.014667188156175322,0.12110816717371013
245,5,train,16,0.014000749958674225,0.11832476477337373,0.014667188156175322,0.12110816717371013
245,6,train,16,0.009695650626714873,0.0984664949448028,0.014667188156175322,0.12110816717371013
245,7,train,8,0.012834865880814048,0.11329106708304079,0.014667188156175322,0.12110816717371013
245,-1,train,120,0.014667188156175322,0.12110816717371013,0.014667188156175322,0.12110816717371013
246,0,train,16,0.010841505270258036,0.10412254928812507,0.013979887633521386,0.11823657485533563
246,1,train,16,0.013023668469875394,0.11412128841664641,0.013979887633521386,0.11823657485533563
246,2,train,16,0.020055575618176086,0.14161770940873208,0.013979887633521386,0.11823657485533563
246,3,train,16,0.017093827923829692,0.1307433666532635,0.013979887633521386,0.11823657485533563
246,4,train,16,0.017439669116209356,0.13205933937518147,0.013979887633521386,0.11823657485533563
246,5,train,16,0.01721950916264859,0.13122312739242495,0.013979887633521386,0.11823657485533563
246,6,train,16,0.013076219752130646,0.11435129973957728,0.013979887633521386,0.11823657485533563
246,7,train,8,0.0030891257550432713,0.05557990423744243,0.013979887633521386,0.11823657485533563
246,-1,train,120,0.013979887633521386,0.11823657485533563,0.013979887633521386,0.11823657485533563
247,0,train,16,0.004979122580045903,0.07056289804171809,0.014489662476500782,0.12037301390469868
247,1,train,16,0.0034179253818015136,0.05846302576673152,0.014489662476500782,0.12037301390469868
247,2,train,16,0.01091069958104662,0.10445429422023117,0.014489662476500782,0.12037301390469868
247,3,train,16,0.023230389417298544,0.1524151876201927,0.014489662476500782,0.12037301390469868
247,4,train,16,0.01731416453746146,0.13158329885460943,0.014489662476500782,0.12037301390469868
247,5,train,16,0.010434616593272572,0.10214997108796739,0.014489662476500782,0.12037301390469868
247,6,train,16,0.03369742400870944,0.18356858121342398,0.014489662476500782,0.12037301390469868
247,7,train,8,0.011932957712370204,0.10923807812466403,0.014489662476500782,0.12037301390469868
247,-1,train,120,0.014489662476500782,0.12037301390469868,0.014489662476500782,0.12037301390469868
248,0,train,16,0.008071366527041008,0.08984078431893283,0.01440741000233765,0.12003087103881922
248,1,train,16,0.013518171476081189,0.11626767167222878,0.01440741000233765,0.12003087103881922
248,2,train,16,0.013861855819109417,0.11773638273324613,0.01440741000233765,0.12003087103881922
248,3,train,16,0.025671746456383877,0.16022405080506447,0.01440741000233765,0.12003087103881922
248,4,train,16,0.022097371999011437,0.1486518482865633,0.01440741000233765,0.12003087103881922
248,5,train,16,0.01086352145538288,0.10422821813397215,0.01440741000233765,0.12003087103881922
248,6,train,16,0.009482554985249539,0.09737841128941023,0.01440741000233765,0.12003087103881922
248,7,train,8,0.011692691300441848,0.10813274851053148,0.01440741000233765,0.12003087103881922
248,-1,train,120,0.01440741000233765,0.12003087103881922,0.01440741000233765,0.12003087103881922
249,0,train,16,0.007417004946769036,0.08612203519871692,0.01411953762098716,0.1188256606166663
249,1,train,16,0.010439161878996626,0.10217221676657812,0.01411953762098716,0.1188256606166663
249,2,train,16,0.014192284436537536,0.11913137469423216,0.01411953762098716,0.1188256606166663
249,3,train,16,0.030079001651349767,0.17343298893621642,0.01411953762098716,0.1188256606166663
249,4,train,16,0.01532100851667514,0.12377806153222444,0.01411953762098716,0.1188256606166663
249,5,train,16,0.0105423775539602,0.10267608072944837,0.01411953762098716,0.1188256606166663
249,6,train,16,0.01691175895547795,0.13004521888742374,0.01411953762098716,0.1188256606166663
249,7,train,8,0.008053703028131038,0.08974242602097983,0.01411953762098716,0.1188256606166663
249,-1,train,120,0.01411953762098716,0.1188256606166663,0.01411953762098716,0.1188256606166663
250,0,train,16,0.017659180555778104,0.13288784954155178,0.014213128548817762,0.11921882631873945
250,1,train,16,0.007936182764123645,0.08908525559330031,0.014213128548817762,0.11921882631873945
250,2,train,16,0.015483562681246319,0.12443296460844416,0.014213128548817762,0.11921882631873945
250,3,train,16,0.011520838027110684,0.10733516677729943,0.014213128548817762,0.11921882631873945
250,4,train,16,0.004645232201234803,0.0681559403224312,0.014213128548817762,0.11921882631873945
250,5,train,16,0.022417490394970856,0.1497247153778255,0.014213128548817762,0.11921882631873945
250,6,train,16,0.023572672267156036,0.1535339449996516,0.014213128548817762,0.11921882631873945
250,7,train,8,0.01046986949892165,0.10232238024460558,0.014213128548817762,0.11921882631873945
250,-1,train,120,0.014213128548817762,0.11921882631873945,0.014213128548817762,0.11921882631873945
251,0,train,16,0.0222929967989262,0.14930839493788084,0.014675697409926613,0.12114329288048353
251,1,train,16,0.015817371070783594,0.12576713032737766,0.014675697409926613,0.12114329288048353
251,2,train,16,0.012035117239378874,0.10970468193919015,0.014675697409926613,0.12114329288048353
251,3,train,16,0.0029817792293814227,0.05460567030429553,0.014675697409926613,0.12114329288048353
251,4,train,16,0.01326029686013063,0.11515336234835104,0.014675697409926613,0.12114329288048353
251,5,train,16,0.02684746179819323,0.16385195085257065,0.014675697409926613,0.12114329288048353
251,6,train,16,0.005501461826195314,0.07417183984636834,0.014675697409926613,0.12114329288048353
251,7,train,8,0.01866909445642363,0.1366348947246772,0.014675697409926613,0.12114329288048353
251,-1,train,120,0.014675697409926613,0.12114329288048353,0.014675697409926613,0.12114329288048353
252,0,train,16,0.01663032455237063,0.1289586156577785,0.01363803033851862,0.11678197779845408
252,1,train,16,0.014679289598706388,0.12115811817086954,0.01363803033851862,0.11678197779845408
252,2,train,16,0.003310972426567543,0.05754104992583593,0.01363803033851862,0.11678197779845408
252,3,train,16,0.02198194001080697,0.14826307703135994,0.01363803033851862,0.11678197779845408
252,4,train,16,0.018977065279606402,0.13775726942563285,0.01363803033851862,0.11678197779845408
252,5,train,16,0.015430685499193183,0.12422031033286458,0.01363803033851862,0.11678197779845408
252,6,train,16,0.015026612485471682,0.1225830840102813,0.01363803033851862,0.11678197779845408
252,7,train,8,0.0030673528554261533,0.05538368762935665,0.01363803033851862,0.11678197779845408
252,-1,train,120,0.01363803033851862,0.11678197779845408,0.01363803033851862,0.11678197779845408
253,0,train,16,0.02659406092118367,0.16307685587226556,0.014419101126307895,0.12007956165104824
253,1,train,16,0.01395217393350901,0.11811932074605326,0.014419101126307895,0.12007956165104824
253,2,train,16,0.022599751361908137,0.15033213682346214,0.014419101126307895,0.12007956165104824
253,3,train,16,0.006772957853066755,0.08229798207165687,0.014419101126307895,0.12007956165104824
253,4,train,16,0.0034002124724941303,0.058311340856596075,0.014419101126307895,0.12007956165104824
253,5,train,16,0.008397115003457823,0.09163577360102233,0.014419101126307895,0.12007956165104824
253,6,train,16,0.017427333184980798,0.13201262509692321,0.014419101126307895,0.12007956165104824
253,7,train,8,0.016209204279862853,0.1273153733052802,0.014419101126307895,0.12007956165104824
253,-1,train,120,0.014419101126307895,0.12007956165104824,0.014419101126307895,0.12007956165104824
254,0,train,16,0.0028488171481900553,0.053374311688208734,0.0135686054393155,0.11648435705842866
254,1,train,16,0.025887908273822265,0.16089719784328832,0.0135686054393155,0.11648435705842866
254,2,train,16,0.014324114443086117,0.11968339251160169,0.0135686054393155,0.11648435705842866
254,3,train,16,0.010505175203889801,0.1024947569580503,0.0135686054393155,0.11648435705842866
254,4,train,16,0.020988690784952614,0.14487474170797549,0.0135686054393155,0.11648435705842866
254,5,train,16,0.009002453827445392,0.09488126172983469,0.0135686054393155,0.11648435705842866
254,6,train,16,0.02117506153641694,0.14551653355002978,0.0135686054393155,0.11648435705842866
254,7,train,8,0.003816622296720823,0.06177881754064918,0.0135686054393155,0.11648435705842866
254,-1,train,120,0.0135686054393155,0.11648435705842866,0.0135686054393155,0.11648435705842866
255,0,train,16,0.02418661462773825,0.15552046369445485,0.01432768323658605,0.11969830089264447
255,1,train,16,0.014971734231130782,0.12235903820777107,0.01432768323658605,0.11969830089264447
255,2,train,16,0.02056964890444866,0.1434212289183462,0.01432768323658605,0.11969830089264447
255,3,train,16,0.00740882056283388,0.08607450588201991,0.01432768323658605,0.11969830089264447
255,4,train,16,0.007911098218542257,0.08894435461872921,0.01432768323658605,0.11969830089264447
255,5,train,16,0.010560387122238777,0.10276374420114702,0.01432768323658605,0.11969830089264447
255,6,train,16,0.012168498761973495,0.11031091859817638,0.01432768323658605,0.11969830089264447
255,7,train,8,0.0168446634637823,0.12978699266021346,0.01432768323658605,0.11969830089264447
255,-1,train,120,0.01432768323658605,0.11969830089264447,0.01432768323658605,0.11969830089264447
256,0,train,16,0.008213694045632325,0.0906294325571573,0.013383231560783103,0.11568591772892284
256,1,train,16,0.016545363567191093,0.12862878203260378,0.013383231560783103,0.11568591772892284
256,2,train,16,0.017094584763865196,0.1307462609938242,0.013383231560783103,0.11568591772892284
256,3,train,16,0.011146369411028562,0.10557636767301934,0.013383231560783103,0.11568591772892284
256,4,train,16,0.020826536374314714,0.1443140200199368,0.013383231560783103,0.11568591772892284
256,5,train,16,0.013698870267771165,0.1170421730307976,0.013383231560783103,0.11568591772892284
256,6,train,16,0.016990024939539727,0.1303457898803783,0.013383231560783103,0.11568591772892284
256,7,train,8,0.0025504091169220307,0.05050157539049679,0.013383231560783103,0.11568591772892284
256,-1,train,120,0.013383231560783103,0.11568591772892284,0.013383231560783103,0.11568591772892284
257,0,train,16,0.005895571921996767,0.0767826277356849,0.014719440274493102,0.12132370038246074
257,1,train,16,0.008888215079076571,0.09427733067432792,0.014719440274493102,0.12132370038246074
257,2,train,16,0.02251940596815793,0.15006467261870107,0.014719440274493102,0.12132370038246074
257,3,train,16,0.02406467016520383,0.15512791549300156,0.014719440274493102,0.12132370038246074
257,4,train,16,0.0032945520413894453,0.0573981884852601,0.014719440274493102,0.12132370038246074
257,5,train,16,0.01708084140957408,0.13069369307496853,0.014719440274493102,0.12132370038246074
257,6,train,16,0.01119185568598753,0.10579156717804841,0.014719440274493102,0.12132370038246074
257,7,train,8,0.024820409924558674,0.1575449457283815,0.014719440274493102,0.12132370038246074
257,-1,train,120,0.014719440274493102,0.12132370038246074,0.014719440274493102,0.12132370038246074
258,0,train,16,0.010559719844918058,0.1027604974925582,0.013236653933909163,0.11505065812027832
258,1,train,16,0.018718013098632323,0.13681378987014547,0.013236653933909163,0.11505065812027832
258,2,train,16,0.017846779307777443,0.13359183847742137,0.013236653933909163,0.11505065812027832
258,3,train,16,0.010411217917349554,0.10203537581324211,0.013236653933909163,0.11505065812027832
258,4,train,16,0.010002680851355583,0.10001340335852782,0.013236653933909163,0.11505065812027832
258,5,train,16,0.019044289021349865,0.13800104717483075,0.013236653933909163,0.11505065812027832
258,6,train,16,0.01726139587490091,0.13138263155722263,0.013236653933909163,0.11505065812027832
258,7,train,8,0.00204913555498956,0.045267378485942394,0.013236653933909163,0.11505065812027832
258,-1,train,120,0.013236653933909163,0.11505065812027832,0.013236653933909163,0.11505065812027832
259,0,train,16,0.02195036975659357,0.14815657176309652,0.01491606990397036,0.12213136331004562
259,1,train,16,0.01624573399466115,0.12745875409190674,0.01491606990397036,0.12213136331004562
259,2,train,16,0.014361887337170514,0.11984109202260514,0.01491606990397036,0.12213136331004562
259,3,train,16,0.012220880337794865,0.1105480906112578,0.01491606990397036,0.12213136331004562
259,4,train,16,0.010003479445969129,0.10001739571679083,0.01491606990397036,0.12213136331004562
259,5,train,16,0.0027575790675354265,0.052512656260519014,0.01491606990397036,0.12213136331004562
259,6,train,16,0.011993424245135092,0.10951449331086316,0.01491606990397036,0.12213136331004562
259,7,train,8,0.02979520504690311,0.17261287624885668,0.01491606990397036,0.12213136331004562
259,-1,train,120,0.01491606990397036,0.12213136331004562,0.01491606990397036,0.12213136331004562
260,0,train,16,0.013753318189935925,0.11727454195150763,0.013242726931094073,0.11507704780317435
260,1,train,16,0.012300389652601948,0.11090712173977804,0.013242726931094073,0.11507704780317435
260,2,train,16,0.004470179688048832,0.06685940239075452,0.013242726931094073,0.11507704780317435
260,3,train,16,0.010695638029173837,0.10341971779681976,0.013242726931094073,0.11507704780317435
260,4,train,16,0.016007109663423207,0.12651920669773112,0.013242726931094073,0.11507704780317435
260,5,train,16,0.024714366354149912,0.15720803527221475,0.013242726931094073,0.11507704780317435
260,6,train,16,0.019931414958617298,0.14117866325552633,0.013242726931094073,0.11507704780317435
260,7,train,8,0.00406939891280161,0.06379184048764865,0.013242726931094073,0.11507704780317435
260,-1,train,120,0.013242726931094073,0.11507704780317435,0.013242726931094073,0.11507704780317435
261,0,train,16,0.0037541689075357826,0.06127127310196666,0.013120301808234133,0.1145438859487233
261,1,train,16,0.014004560830195415,0.11834086711781105,0.013120301808234133,0.1145438859487233
261,2,train,16,0.016465411124305187,0.1283176181368139,0.013120301808234133,0.1145438859487233
261,3,train,16,0.03122947199206503,0.17671862378387013,0.013120301808234133,0.1145438859487233
261,4,train,16,0.01474515513783497,0.12142963039487097,0.013120301808234133,0.1145438859487233
261,5,train,16,0.017507523692034344,0.13231599938040126,0.013120301808234133,0.1145438859487233
261,6,train,16,0.004353125945132175,0.06597822326443911,0.013120301808234133,0.1145438859487233
261,7,train,8,0.002902996836770144,0.05387946581741642,0.013120301808234133,0.1145438859487233
261,-1,train,120,0.013120301808234133,0.1145438859487233,0.013120301808234133,0.1145438859487233
262,0,train,16,0.0066483028966858055,0.08153712587947778,0.013050829700636314,0.11424022803126889
262,1,train,16,0.023804034754153436,0.15428556236457588,0.013050829700636314,0.11424022803126889
262,2,train,16,0.01931782295566392,0.13898857131312603,0.013050829700636314,0.11424022803126889
262,3,train,16,0.0025985811684746296,0.0509762804495839,0.013050829700636314,0.11424022803126889
262,4,train,16,0.02602947441254235,0.1613365253516461,0.013050829700636314,0.11424022803126889
262,5,train,16,0.014516789056683577,0.1204856383835168,0.013050829700636314,0.11424022803126889
262,6,train,16,0.008738289407728991,0.09347881796283579,0.013050829700636314,0.11424022803126889
262,7,train,8,0.002753342953157812,0.05247230653552226,0.013050829700636314,0.11424022803126889
262,-1,train,120,0.013050829700636314,0.11424022803126889,0.013050829700636314,0.11424022803126889
263,0,train,16,0.020240443795955108,0.14226891366688335,0.013020605434888827,0.11410786754158903
263,1,train,16,0.028315670249236997,0.1682726069484781,0.013020605434888827,0.11410786754158903
263,2,train,16,0.008273905882362362,0.09096101298008044,0.013020605434888827,0.11410786754158903
263,3,train,16,0.00948219480913127,0.09737656190855822,0.013020605434888827,0.11410786754158903
263,4,train,16,0.011473582129651091,0.107114808171658,0.013020605434888827,0.11410786754158903
263,5,train,16,0.012457867309089585,0.11161481670947448,0.013020605434888827,0.11410786754158903
263,6,train,16,0.010747106261437515,0.10366825098089345,0.013020605434888827,0.11410786754158903
263,7,train,8,0.003174073042246698,0.056338912327508574,0.013020605434888827,0.11410786754158903
263,-1,train,120,0.013020605434888827,0.11410786754158903,0.013020605434888827,0.11410786754158903
264,0,train,16,0.013972431144441059,0.11820503857467776,0.01316344647041846,0.11473206382881143
264,1,train,16,0.006102347385937337,0.07811752291219516,0.01316344647041846,0.11473206382881143
264,2,train,16,0.02805279850216638,0.16748969670450295,0.01316344647041846,0.11473206382881143
264,3,train,16,0.007338437582776772,0.08566468106971958,0.01316344647041846,0.11473206382881143
264,4,train,16,0.017739961230127742,0.13319144578435863,0.01316344647041846,0.11473206382881143
264,5,train,16,0.02332842653788498,0.15273646106246203,0.01316344647041846,0.11473206382881143
264,6,train,16,0.002387495680657049,0.048862006514848004,0.01316344647041846,0.11473206382881143
264,7,train,8,0.006385673699356356,0.07991041045668804,0.01316344647041846,0.11473206382881143
264,-1,train,120,0.01316344647041846,0.11473206382881143,0.01316344647041846,0.11473206382881143
265,0,train,16,0.0076927268748795494,0.08770819160648308,0.01304298448044421,0.1142058863651266
265,1,train,16,0.018527095053293224,0.1361142720411538,0.01304298448044421,0.1142058863651266
265,2,train,16,0.00904684871337961,0.09511492371536451,0.01304298448044421,0.1142058863651266
265,3,train,16,0.01197381802683119,0.10942494243467159,0.01304298448044421,0.1142058863651266
265,4,train,16,0.012228643888570664,0.11058319894346819,0.01304298448044421,0.1142058863651266
265,5,train,16,0.02256742833438753,0.15022459297461094,0.01304298448044421,0.1142058863651266
265,6,train,16,0.017023371143014485,0.13047364156416608,0.01304298448044421,0.1142058863651266
265,7,train,8,0.0052839438091974306,0.07269074087665794,0.01304298448044421,0.1142058863651266
265,-1,train,120,0.01304298448044421,0.1142058863651266,0.01304298448044421,0.1142058863651266
266,0,train,16,0.006116107572196717,0.07820554694007784,0.013547917905858941,0.1163955235645209
266,1,train,16,0.02855103550408023,0.16897051667104598,0.013547917905858941,0.1163955235645209
266,2,train,16,0.003935211630172441,0.06273126517273855,0.013547917905858941,0.1163955235645209
266,3,train,16,0.012192407400535876,0.11041923473985805,0.013547917905858941,0.1163955235645209
266,4,train,16,0.017090167511023453,0.1307293674390856,0.013547917905858941,0.1163955235645209
266,5,train,16,0.015979100004946394,0.12640846492599456,0.013547917905858941,0.1163955235645209
266,6,train,16,0.010193278994137888,0.10096176996337716,0.013547917905858941,0.1163955235645209
266,7,train,8,0.01432603462977854,0.11969141418572403,0.013547917905858941,0.1163955235645209
266,-1,train,120,0.013547917905858941,0.1163955235645209,0.013547917905858941,0.1163955235645209
267,0,train,16,0.006855127573917363,0.08279569779836005,0.013779414156072985,0.11738574937390392
267,1,train,16,0.01055825512935579,0.1027533704038743,0.013779414156072985,0.11738574937390392
267,2,train,16,0.023207488797010314,0.15234004331432466,0.013779414156072985,0.11738574937390392
267,3,train,16,0.01857518545362298,0.1362908120660486,0.013779414156072985,0.11738574937390392
267,4,train,16,0.003425933407539876,0.058531473649139194,0.013779414156072985,0.11738574937390392
267,5,train,16,0.02547484003394785,0.15960839587549225,0.013779414156072985,0.11738574937390392
267,6,train,16,0.0031807044414951095,0.05639773436491141,0.013779414156072985,0.11738574937390392
267,7,train,8,0.018957778411694597,0.13768724854428094,0.013779414156072985,0.11738574937390392
267,-1,train,120,0.013779414156072985,0.11738574937390392,0.013779414156072985,0.11738574937390392
268,0,train,16,0.007403772021099235,0.08604517430454328,0.013351107950503097,0.11554699455417738
268,1,train,16,0.014979928700149702,0.12239251897133951,0.013351107950503097,0.11554699455417738
268,2,train,16,0.010529562590379897,0.10261365693892746,0.013351107950503097,0.11554699455417738
268,3,train,16,0.002669682278546446,0.0516689682357452,0.013351107950503097,0.11554699455417738
268,4,train,16,0.010118477082292009,0.10059064112675696,0.013351107950503097,0.11554699455417738
268,5,train,16,0.02983084821626808,0.17271609136460933,0.013351107950503097,0.11554699455417738
268,6,train,16,0.01824506064212007,0.13507427824023369,0.013351107950503097,0.11554699455417738
268,7,train,8,0.013031532073169344,0.11415573605022808,0.013351107950503097,0.11554699455417738
268,-1,train,120,0.013351107950503097,0.11554699455417738,0.013351107950503097,0.11554699455417738
269,0,train,16,0.014437969062241008,0.1201581002772639,0.01314431538521026,0.11464866063417514
269,1,train,16,0.004696483530489931,0.06853089471537586,0.01314431538521026,0.11464866063417514
269,2,train,16,0.012772348903728924,0.11301481718663675,0.01314431538521026,0.11464866063417514
269,3,train,16,0.030750564730956075,0.17535838939428042,0.01314431538521026,0.11464866063417514
269,4,train,16,0.009681043604641008,0.09839229443732374,0.01314431538521026,0.11464866063417514
269,5,train,16,0.01942965435609193,0.1393902950570517,0.01314431538521026,0.11464866063417514
269,6,train,16,0.0027894922212114925,0.05281564371671988,0.01314431538521026,0.11464866063417514
269,7,train,8,0.010596966672321715,0.10294156921439325,0.01314431538521026,0.11464866063417514
269,-1,train,120,0.01314431538521026,0.11464866063417514,0.01314431538521026,0.11464866063417514
270,0,train,16,0.002571102559790148,0.050706040663713314,0.014879441001793005,0.12198131415013123
270,1,train,16,0.003835528536383312,0.06193164406330024,0.014879441001793005,0.12198131415013123
270,2,train,16,0.015843793238550362,0.1258721305077115,0.014879441001793005,0.12198131415013123
270,3,train,16,0.02015921281867432,0.14198314272713616,0.014879441001793005,0.12198131415013123
270,4,train,16,0.025074694971196597,0.15834991307606264,0.014879441001793005,0.12198131415013123
270,5,train,16,0.006296640801443013,0.07935137554852476,0.014879441001793005,0.12198131415013123
270,6,train,16,0.005946432990523878,0.0771131181481068,0.014879441001793005,0.12198131415013123
270,7,train,8,0.03930812209778242,0.19826276023949232,0.014879441001793005,0.12198131415013123
270,-1,train,120,0.014879441001793005,0.12198131415013123,0.014879441001793005,0.12198131415013123
271,0,train,16,0.012621514382361398,0.11234551340557129,0.013297131100799277,0.11531318702038929
271,1,train,16,0.009180441872499837,0.09581462243572135,0.013297131100799277,0.11531318702038929
271,2,train,16,0.013737211145224854,0.11720584944969621,0.013297131100799277,0.11531318702038929
271,3,train,16,0.019007664290042966,0.13786828601982026,0.013297131100799277,0.11531318702038929
271,4,train,16,0.004692843192604474,0.06850432973618875,0.013297131100799277,0.11531318702038929
271,5,train,16,0.018617205481718992,0.1364448807457392,0.013297131100799277,0.11531318702038929
271,6,train,16,0.013459047409685548,0.11601313464295993,0.013297131100799277,0.11531318702038929
271,7,train,8,0.015061121032256135,0.12272375903734425,0.013297131100799277,0.11531318702038929
271,-1,train,120,0.013297131100799277,0.11531318702038929,0.013297131100799277,0.11531318702038929
272,0,train,16,0.010672047959806877,0.10330560468729118,0.012441973999009428,0.11154359685346993
272,1,train,16,0.02052603072087735,0.14326908501444877,0.012441973999009428,0.11154359685346993
272,2,train,16,0.014865866147111453,0.12192565828041058,0.012441973999009428,0.11154359685346993
272,3,train,16,0.009292761671138062,0.09639897131784167,0.012441973999009428,0.11154359685346993
272,4,train,16,0.02545968448985263,0.15956091153491395,0.012441973999009428,0.11154359685346993
272,5,train,16,0.008461029004754612,0.09198385186952443,0.012441973999009428,0.11154359685346993
272,6,train,16,0.008253159595782076,0.09084690196028743,0.012441973999009428,0.11154359685346993
272,7,train,8,0.002005212402752366,0.04477959806376522,0.012441973999009428,0.11154359685346993
272,-1,train,120,0.012441973999009428,0.11154359685346993,0.012441973999009428,0.11154359685346993
273,0,train,16,0.00975703289036707,0.09877769429566105,0.012369163051948637,0.11121673908161774
273,1,train,16,0.01978816359115958,0.14067040765974761,0.012369163051948637,0.11121673908161774
273,2,train,16,0.012303440665907567,0.11092087569933609,0.012369163051948637,0.11121673908161774
273,3,train,16,0.009898324683649876,0.09949032457304517,0.012369163051948637,0.11121673908161774
273,4,train,16,0.012831042748648009,0.11327419277420611,0.012369163051948637,0.11121673908161774
273,5,train,16,0.0072078946070367935,0.0848993204156358,0.012369163051948637,0.11121673908161774
273,6,train,16,0.02526190453452349,0.15893994002302722,0.012369163051948637,0.11121673908161774
273,7,train,8,0.0019055006942967213,0.0436520411240611,0.012369163051948637,0.11121673908161774
273,-1,train,120,0.012369163051948637,0.11121673908161774,0.012369163051948637,0.11121673908161774
274,0,train,16,0.01566970796683189,0.125178704126668,0.013341825004664054,0.11550681800077454
274,1,train,16,0.00972632480605086,0.09862213142115141,0.013341825004664054,0.11550681800077454
274,2,train,16,0.005063275325429309,0.07115669557693997,0.013341825004664054,0.11550681800077454
274,3,train,16,0.021844256444239263,0.1477980258468944,0.013341825004664054,0.11550681800077454
274,4,train,16,0.01343109896495141,0.11589261825047965,0.013341825004664054,0.11550681800077454
274,5,train,16,0.020050108547880186,0.1415984058804342,0.013341825004664054,0.11550681800077454
274,6,train,16,0.002528947810467229,0.05028864494562594,0.013341825004664054,0.11550681800077454
274,7,train,8,0.018420880171462293,0.1357235431731072,0.013341825004664054,0.11550681800077454
274,-1,train,120,0.013341825004664054,0.11550681800077454,0.013341825004664054,0.11550681800077454
275,0,train,16,0.009632543605618773,0.09814552259588194,0.012346260022519144,0.1111137256261311
275,1,train,16,0.0073906193857985495,0.0859687116676675,0.012346260022519144,0.1111137256261311
275,2,train,16,0.014078198403243817,0.11865158407389181,0.012346260022519144,0.1111137256261311
275,3,train,16,0.024604614150406368,0.15685858009814563,0.012346260022519144,0.1111137256261311
275,4,train,16,0.0158383968009495,0.1258506924929279,0.012346260022519144,0.1111137256261311
275,5,train,16,0.011864515295267752,0.10892435584049948,0.012346260022519144,0.1111137256261311
275,6,train,16,0.012025459688764872,0.10966065697762745,0.012346260022519144,0.1111137256261311
275,7,train,8,0.003335732850103526,0.0577558036053826,0.012346260022519144,0.1111137256261311
275,-1,train,120,0.012346260022519144,0.1111137256261311,0.012346260022519144,0.1111137256261311
276,0,train,16,0.0055387447449973355,0.07442274346594148,0.013125117729592298,0.11456490618680878
276,1,train,16,0.008900658206196711,0.09434329974193563,0.013125117729592298,0.11456490618680878
276,2,train,16,0.011125532089120031,0.1054776378628192,0.013125117729592298,0.11456490618680878
276,3,train,16,0.0222084777556184,0.1490250910270428,0.013125117729592298,0.11456490618680878
276,4,train,16,0.014013858892645864,0.11838014568603075,0.013125117729592298,0.11456490618680878
276,5,train,16,0.011792982600909477,0.10859549991095155,0.013125117729592298,0.11456490618680878
276,6,train,16,0.014723212192642809,0.1213392442396227,0.013125117729592298,0.11456490618680878
276,7,train,8,0.016697475354607756,0.12921871131770257,0.013125117729592298,0.11456490618680878
276,-1,train,120,0.013125117729592298,0.11456490618680878,0.013125117729592298,0.11456490618680878
277,0,train,16,0.01513784389619931,0.12303594554519143,0.013057651901613005,0.11427008314345888
277,1,train,16,0.015981717276210023,0.1264188169388166,0.013057651901613005,0.11427008314345888
277,2,train,16,0.016124300474429597,0.12698149658288643,0.013057651901613005,0.11427008314345888
277,3,train,16,0.013735053933487437,0.11719664642594274,0.013057651901613005,0.11427008314345888
277,4,train,16,0.012150305021178582,0.11022842202072286,0.013057651901613005,0.11427008314345888
277,5,train,16,0.012332952649810509,0.11105382771345844,0.013057651901613005,0.11427008314345888
277,6,train,16,0.0026491978280259267,0.05147035873224439,0.013057651901613005,0.11427008314345888
277,7,train,8,0.016349844133562653,0.12786650903799107,0.013057651901613005,0.11427008314345888
277,-1,train,120,0.013057651901613005,0.11427008314345888,0.013057651901613005,0.11427008314345888
278,0,train,16,0.0136626951073199,0.11688753187282167,0.012489521384074557,0.1117565272548971
278,1,train,16,0.011336868846593101,0.10647473337178685,0.012489521384074557,0.1117565272548971
278,2,train,16,0.019125011205125185,0.13829320737160297,0.012489521384074557,0.1117565272548971
278,3,train,16,0.019506087772084544,0.1396641964573761,0.012489521384074557,0.1117565272548971
278,4,train,16,0.0022486309800541088,0.0474197319694461,0.012489521384074557,0.1117565272548971
278,5,train,16,0.022205113595907468,0.1490138033737394,0.012489521384074557,0.1117565272548971
278,6,train,16,0.0037697050284831225,0.061397923649608235,0.012489521384074557,0.1117565272548971
278,7,train,8,0.008062058537029047,0.08978896667758822,0.012489521384074557,0.1117565272548971
278,-1,train,120,0.012489521384074557,0.1117565272548971,0.012489521384074557,0.1117565272548971
279,0,train,16,0.011494562786055089,0.10721269880967967,0.013428915516576233,0.11588319773192415
279,1,train,16,0.00964157574193181,0.09819152581527497,0.013428915516576233,0.11588319773192415
279,2,train,16,0.01722815054325985,0.13125604954919165,0.013428915516576233,0.11588319773192415
279,3,train,16,0.008368461518475903,0.09147929557269177,0.013428915516576233,0.11588319773192415
279,4,train,16,0.010880013845048898,0.10430730484989485,0.013428915516576233,0.11588319773192415
279,5,train,16,0.01385851096024494,0.11772217701115173,0.013428915516576233,0.11588319773192415
279,6,train,16,0.011838321141515281,0.10880404928822861,0.013428915516576233,0.11588319773192415
279,7,train,8,0.024121727596078085,0.1553117110718895,0.013428915516576233,0.11588319773192415
279,-1,train,120,0.013428915516576233,0.11588319773192415,0.013428915516576233,0.11588319773192415
280,0,train,16,0.025532247522713762,0.15978813323496135,0.012906663262515671,0.1136074965066816
280,1,train,16,0.016268376133283642,0.127547544599195,0.012906663262515671,0.1136074965066816
280,2,train,16,0.003490820150132677,0.05908316300040712,0.012906663262515671,0.1136074965066816
280,3,train,16,0.0027895662215416278,0.05281634426521423,0.012906663262515671,0.1136074965066816
280,4,train,16,0.01773459901481156,0.13317131453436795,0.012906663262515671,0.1136074965066816
280,5,train,16,0.012061006682184032,0.10982261462096062,0.012906663262515671,0.1136074965066816
280,6,train,16,0.009004709512146093,0.09489314786719899,0.012906663262515671,0.1136074965066816
280,7,train,8,0.016371980863311993,0.12795304163368681,0.012906663262515671,0.1136074965066816
280,-1,train,120,0.012906663262515671,0.1136074965066816,0.012906663262515671,0.1136074965066816
281,0,train,16,0.00958592732365339,0.097907749048037,0.012835784041035128,0.1132951192286549
281,1,train,16,0.009038614437548814,0.09507162793151705,0.012835784041035128,0.1132951192286549
281,2,train,16,0.02652993807660111,0.1628801340759551,0.012835784041035128,0.1132951192286549
281,3,train,16,0.008615719888853556,0.09282090221956235,0.012835784041035128,0.1132951192286549
281,4,train,16,0.02064418113027109,0.14368083076830776,0.012835784041035128,0.1132951192286549
281,5,train,16,0.007438893717893592,0.08624902154745637,0.012835784041035128,0.1132951192286549
281,6,train,16,0.00457910571084142,0.06766908977399815,0.012835784041035128,0.1132951192286549
281,7,train,8,0.01625389204261805,0.127490752772968,0.012835784041035128,0.1132951192286549
281,-1,train,120,0.012835784041035128,0.1132951192286549,0.012835784041035128,0.1132951192286549
282,0,train,16,0.015551244741192455,0.12470462999100096,0.012607490593167379,0.11228308239965351
282,1,train,16,0.0028125286030843064,0.053033278260770436,0.012607490593167379,0.11228308239965351
282,2,train,16,0.0152556503205807,0.12351376571289817,0.012607490593167379,0.11228308239965351
282,3,train,16,0.01359093079933103,0.1165801475352087,0.012607490593167379,0.11228308239965351
282,4,train,16,0.014959548835262631,0.1223092344643798,0.012607490593167379,0.11228308239965351
282,5,train,16,0.0038245576739580163,0.06184300828677415,0.012607490593167379,0.11228308239965351
282,6,train,16,0.021394731547516886,0.14626938007497292,0.012607490593167379,0.11228308239965351
282,7,train,8,0.013470732224412998,0.11606348359588815,0.012607490593167379,0.11228308239965351
282,-1,train,120,0.012607490593167379,0.11228308239965351,0.012607490593167379,0.11228308239965351
283,0,train,16,0.01454721872705221,0.12061185151987433,0.011946374285892491,0.1092994706569638
283,1,train,16,0.017484992403632778,0.1322308300043253,0.011946374285892491,0.1092994706569638
283,2,train,16,0.011779894837466208,0.10853522394810916,0.011946374285892491,0.1092994706569638
283,3,train,16,0.009391700884252388,0.09691078827587973,0.011946374285892491,0.1092994706569638
283,4,train,16,0.010400924794555214,0.10198492434941163,0.011946374285892491,0.1092994706569638
283,5,train,16,0.025703837177147682,0.16032416279883605,0.011946374285892491,0.1092994706569638
283,6,train,16,0.002690351882262053,0.05186860208509627,0.011946374285892491,0.1092994706569638
283,7,train,8,0.003572073580771394,0.05976682675842339,0.011946374285892491,0.1092994706569638
283,-1,train,120,0.011946374285892491,0.1092994706569638,0.011946374285892491,0.1092994706569638
284,0,train,16,0.013813384382763786,0.11753035515458883,0.011843694961327686,0.10882874143041298
284,1,train,16,0.003207282476638156,0.056632874522119715,0.011843694961327686,0.10882874143041298
284,2,train,16,0.016025675387731912,0.12659255660477006,0.011843694961327686,0.10882874143041298
284,3,train,16,0.014604919957401763,0.12085081694966635,0.011843694961327686,0.10882874143041298
284,4,train,16,0.0026349320455873815,0.05133158915899041,0.011843694961327686,0.10882874143041298
284,5,train,16,0.024128110038537588,0.15533225691574043,0.011843694961327686,0.10882874143041298
284,6,train,16,0.017527119195515764,0.13239002679777567,0.011843694961327686,0.10882874143041298
284,7,train,8,0.00280813620644514,0.05299185037763014,0.011843694961327686,0.10882874143041298
284,-1,train,120,0.011843694961327686,0.10882874143041298,0.011843694961327686,0.10882874143041298
285,0,train,16,0.008622790411985833,0.09285898132106464,0.011833928552005673,0.10878386163400192
285,1,train,16,0.0074739558580631275,0.08645204368933754,0.011833928552005673,0.10878386163400192
285,2,train,16,0.024024612795930093,0.15499875094958054,0.011833928552005673,0.10878386163400192
285,3,train,16,0.00941519178343793,0.09703191116039059,0.011833928552005673,0.10878386163400192
285,4,train,16,0.010240159588026073,0.10119367365614351,0.011833928552005673,0.10878386163400192
285,5,train,16,0.02530062572856116,0.15906170415458637,0.011833928552005673,0.10878386163400192
285,6,train,16,0.0062524904105193055,0.07907269067458945,0.011833928552005673,0.10878386163400192
285,7,train,8,0.003341601839521853,0.05780658993161466,0.011833928552005673,0.10878386163400192
285,-1,train,120,0.011833928552005673,0.10878386163400192,0.011833928552005673,0.10878386163400192
286,0,train,16,0.0029856590306706924,0.05464118438202719,0.01226902374996369,0.11076562530841276
286,1,train,16,0.029462165530893945,0.1716454646382885,0.01226902374996369,0.11076562530841276
286,2,train,16,0.0032575880940463402,0.057075284441221494,0.01226902374996369,0.11076562530841276
286,3,train,16,0.0092663444827347,0.09626185372583836,0.01226902374996369,0.11076562530841276
286,4,train,16,0.008095817922733613,0.08997676323770273,0.01226902374996369,0.11076562530841276
286,5,train,16,0.00902551870421205,0.09500272998294339,0.01226902374996369,0.11076562530841276
286,6,train,16,0.025084325786513,0.1583803200732749,0.01226902374996369,0.11076562530841276
286,7,train,8,0.010974770447905194,0.104760538600683,0.01226902374996369,0.11076562530841276
286,-1,train,120,0.01226902374996369,0.11076562530841276,0.01226902374996369,0.11076562530841276
287,0,train,16,0.00264153976650363,0.05139591196295314,0.012471704752557676,0.11167678699066193
287,1,train,16,0.02259481477773454,0.15031571700169793,0.012471704752557676,0.11167678699066193
287,2,train,16,0.015564140853703704,0.12475632590655956,0.012471704752557676,0.11167678699066193
287,3,train,16,0.008347262684037075,0.09136335525820555,0.012471704752557676,0.11167678699066193
287,4,train,16,0.008986635314372287,0.09479786555810361,0.012471704752557676,0.11167678699066193
287,5,train,16,0.0177562721911751,0.13325266297967595,0.012471704752557676,0.11167678699066193
287,6,train,16,0.008926013929071417,0.09447758426775854,0.012471704752557676,0.11167678699066193
287,7,train,8,0.01495695850386366,0.12229864473437005,0.012471704752557676,0.11167678699066193
287,-1,train,120,0.012471704752557676,0.11167678699066193,0.012471704752557676,0.11167678699066193
288,0,train,16,0.020849450079081434,0.14439338654897402,0.013302059483604413,0.11533455459490193
288,1,train,16,0.013724150325670615,0.11715011876080457,0.013302059483604413,0.11533455459490193
288,2,train,16,0.008087711535679868,0.08993170484139544,0.013302059483604413,0.11533455459490193
288,3,train,16,0.009144935753072183,0.09562915744202802,0.013302059483604413,0.11533455459490193
288,4,train,16,0.008849207143379736,0.09407022453135602,0.013302059483604413,0.11533455459490193
288,5,train,16,0.00797146353039103,0.08928305287338147,0.013302059483604413,0.11533455459490193
288,6,train,16,0.00888667655508726,0.09426917075633613,0.013302059483604413,0.11533455459490193
288,7,train,8,0.028902880946473187,0.1700084731608198,0.013302059483604413,0.11533455459490193
288,-1,train,120,0.013302059483604413,0.11533455459490193,0.013302059483604413,0.11533455459490193
289,0,train,16,0.006616946769758447,0.08134461733734105,0.011755802868888113,0.10842418027768581
289,1,train,16,0.010829536655613736,0.10406505972522062,0.011755802868888113,0.10842418027768581
289,2,train,16,0.0124938140985425,0.11177573125926084,0.011755802868888113,0.10842418027768581
289,3,train,16,0.002981038937547768,0.05459889135822968,0.011755802868888113,0.10842418027768581
289,4,train,16,0.023211565889552054,0.15235342427904944,0.011755802868888113,0.10842418027768581
289,5,train,16,0.012066650662081265,0.10984830750667607,0.011755802868888113,0.10842418027768581
289,6,train,16,0.020770204906669424,0.14411871809959115,0.011755802868888113,0.10842418027768581
289,7,train,8,0.005076665031339718,0.07125071951454047,0.011755802868888113,0.10842418027768581
289,-1,train,120,0.011755802868888113,0.10842418027768581,0.011755802868888113,0.10842418027768581
290,0,train,16,0.017909443787531714,0.1338261700398383,0.011593497385522704,0.10767310428107245
290,1,train,16,0.021211266466479924,0.14564088185149088,0.011593497385522704,0.10767310428107245
290,2,train,16,0.007376953271366988,0.08588919181926785,0.011593497385522704,0.10767310428107245
290,3,train,16,0.01838275119888528,0.13558300483056598,0.011593497385522704,0.10767310428107245
290,4,train,16,0.010490959941224749,0.10242538719099259,0.011593497385522704,0.10767310428107245
290,5,train,16,0.00934754193555241,0.09668268684491764,0.011593497385522704,0.10767310428107245
290,6,train,16,0.005189344428357569,0.07203710452508186,0.011593497385522704,0.10767310428107245
290,7,train,8,0.0028397180547830043,0.053289005008378645,0.011593497385522704,0.10767310428107245
290,-1,train,120,0.011593497385522704,0.10767310428107245,0.011593497385522704,0.10767310428107245
291,0,train,16,0.004461160151461941,0.06679191681230552,0.012075772580005108,0.10988982018369631
291,1,train,16,0.01361626792009192,0.11668876518367961,0.012075772580005108,0.10988982018369631
291,2,train,16,0.007974948018249842,0.0893025644550583,0.012075772580005108,0.10988982018369631
291,3,train,16,0.018139748578326058,0.13468388388491795,0.012075772580005108,0.10988982018369631
291,4,train,16,0.011380251703331287,0.106678262562395,0.012075772580005108,0.10988982018369631
291,5,train,16,0.00818454388155775,0.09046846899090173,0.012075772580005108,0.10988982018369631
291,6,train,16,0.021298117753028548,0.1459387465789279,0.012075772580005108,0.10988982018369631
291,7,train,8,0.01155114263399352,0.1074762421839986,0.012075772580005108,0.10988982018369631
291,-1,train,120,0.012075772580005108,0.10988982018369631,0.012075772580005108,0.10988982018369631
292,0,train,16,0.015236017404130131,0.1234342634932867,0.012134569108803605,0.11015702024294051
292,1,train,16,0.0030235988030874184,0.054987260370811517,0.012134569108803605,0.11015702024294051
292,2,train,16,0.011844438256438076,0.10883215635297352,0.012134569108803605,0.11015702024294051
292,3,train,16,0.01613912380226406,0.1270398512367834,0.012134569108803605,0.11015702024294051
292,4,train,16,0.0033473629964814572,0.05785639978845432,0.012134569108803605,0.11015702024294051
292,5,train,16,0.01524674084319103,0.12347769370696486,0.012134569108803605,0.11015702024294051
292,6,train,16,0.01914249334669488,0.13835639973161662,0.012134569108803605,0.11015702024294051
292,7,train,8,0.013096777418141792,0.11444115264249043,0.012134569108803605,0.11015702024294051
292,-1,train,120,0.012134569108803605,0.11015702024294051,0.012134569108803605,0.11015702024294051
293,0,train,16,0.0061952753319553305,0.07871007135021116,0.013005289027562757,0.11404073407148324
293,1,train,16,0.008641073459632945,0.09295737442308138,0.013005289027562757,0.11404073407148324
293,2,train,16,0.0148601678281085,0.12190228803475553,0.013005289027562757,0.11404073407148324
293,3,train,16,0.009254775574076357,0.09620174413219522,0.013005289027562757,0.11404073407148324
293,4,train,16,0.014596294941439514,0.1208151271217289,0.013005289027562757,0.11404073407148324
293,5,train,16,0.013390938655842188,0.11571922336345931,0.013005289027562757,0.11404073407148324
293,6,train,16,0.009303331304648405,0.09645377807348142,0.013005289027562757,0.11404073407148324
293,7,train,8,0.027800455124798833,0.16673468482831888,0.013005289027562757,0.11404073407148324
293,-1,train,120,0.013005289027562757,0.11404073407148324,0.013005289027562757,0.11404073407148324
294,0,train,16,0.008537907745120322,0.0924007994831231,0.012080410194146624,0.10991091935811757
294,1,train,16,0.012857037622922942,0.11338887786252645,0.012080410194146624,0.10991091935811757
294,2,train,16,0.018098448077833493,0.1345304726737905,0.012080410194146624,0.10991091935811757
294,3,train,16,0.002862552389317328,0.053502825993748476,0.012080410194146624,0.10991091935811757
294,4,train,16,0.014470293234147313,0.12029253191344554,0.012080410194146624,0.10991091935811757
294,5,train,16,0.00641234970102963,0.08007714843218151,0.012080410194146624,0.10991091935811757
294,6,train,16,0.019659759288919006,0.1402132635984164,0.012080410194146624,0.10991091935811757
294,7,train,8,0.013744933493882963,0.11723878835045577,0.012080410194146624,0.10991091935811757
294,-1,train,120,0.012080410194146624,0.10991091935811757,0.012080410194146624,0.10991091935811757
295,0,train,16,0.02584978560056095,0.16077868515621388,0.011397736192409712,0.10676018074361672
295,1,train,16,0.008836391435565066,0.09400208208101066,0.011397736192409712,0.10676018074361672
295,2,train,16,0.007522794406659738,0.08673404410414481,0.011397736192409712,0.10676018074361672
295,3,train,16,0.015206484895904825,0.12331457698060204,0.011397736192409712,0.10676018074361672
295,4,train,16,0.021348052235459332,0.14610972669695654,0.011397736192409712,0.10676018074361672
295,5,train,16,0.0059483444294894106,0.07712551088640782,0.011397736192409712,0.10676018074361672
295,6,train,16,0.0037565358523236974,0.061290585348189465,0.011397736192409712,0.10676018074361672
295,7,train,8,0.0027135006833146746,0.05209127262137751,0.011397736192409712,0.10676018074361672
295,-1,train,120,0.011397736192409712,0.10676018074361672,0.011397736192409712,0.10676018074361672
296,0,train,16,0.017761677329101416,0.1332729429745641,0.011289755739642117,0.10625326225411677
296,1,train,16,0.008911377970394398,0.09440009518212573,0.011289755739642117,0.10625326225411677
296,2,train,16,0.014111833261120579,0.11879323743850312,0.011289755739642117,0.10625326225411677
296,3,train,16,0.0040584843600486266,0.06370623486008749,0.011289755739642117,0.10625326225411677
296,4,train,16,0.01636903337008009,0.12794152324433256,0.011289755739642117,0.10625326225411677
296,5,train,16,0.014900653082127902,0.12206823125665375,0.011289755739642117,0.10625326225411677
296,6,train,16,0.01182135438210194,0.1087260519935399,0.011289755739642117,0.10625326225411677
296,7,train,8,0.0023836321621619897,0.04882245551139342,0.011289755739642117,0.10625326225411677
296,-1,train,120,0.011289755739642117,0.10625326225411677,0.011289755739642117,0.10625326225411677
297,0,train,16,0.015546104252105489,0.12468401762898679,0.012151806947654602,0.1102352346015311
297,1,train,16,0.009243314609334264,0.09614215833511469,0.012151806947654602,0.1102352346015311
297,2,train,16,0.011139966498917842,0.10554603971214573,0.012151806947654602,0.1102352346015311
297,3,train,16,0.01560253436059306,0.12491010511801301,0.012151806947654602,0.1102352346015311
297,4,train,16,0.002724888160717549,0.05220046130751671,0.012151806947654602,0.1102352346015311
297,5,train,16,0.007690070232514437,0.08769304551966728,0.012151806947654602,0.1102352346015311
297,6,train,16,0.01848998034919401,0.13597786712988996,0.012151806947654602,0.1102352346015311
297,7,train,8,0.016777597117860154,0.12952836414415245,0.012151806947654602,0.1102352346015311
297,-1,train,120,0.012151806947654602,0.1102352346015311,0.012151806947654602,0.1102352346015311
298,0,train,16,0.014946825764121392,0.12225721150149545,0.012029253650614415,0.10967795425979833
298,1,train,16,0.00893160691062108,0.09450717914857622,0.012029253650614415,0.10967795425979833
298,2,train,16,0.007841925305114258,0.08855464586973548,0.012029253650614415,0.10967795425979833
298,3,train,16,0.012679077121864956,0.11260140816999117,0.012029253650614415,0.10967795425979833
298,4,train,16,0.016397317059485123,0.128052009197377,0.012029253650614415,0.10967795425979833
298,5,train,16,0.013164835254544033,0.1147381159621511,0.012029253650614415,0.10967795425979833
298,6,train,16,0.006763165773079144,0.08223846893686156,0.012029253650614415,0.10967795425979833
298,7,train,8,0.01550927601608533,0.12453624378503364,0.012029253650614415,0.10967795425979833
298,-1,train,120,0.012029253650614415,0.10967795425979833,0.012029253650614415,0.10967795425979833
299,0,train,16,0.009711060373986363,0.09854471256230019,0.011175521610222583,0.10571433966223591
299,1,train,16,0.008963841799404196,0.09467756756172074,0.011175521610222583,0.10571433966223591
299,2,train,16,0.017591736863502398,0.1326338450905439,0.011175521610222583,0.10571433966223591
299,3,train,16,0.01724899313524955,0.1313354222411058,0.011175521610222583,0.10571433966223591
299,4,train,16,0.0067416671881874975,0.08210765608752632,0.011175521610222583,0.10571433966223591
299,5,train,16,0.01090530473958481,0.10442846709391462,0.011175521610222583,0.10571433966223591
299,6,train,16,0.0156950375071575,0.12527983679410465,0.011175521610222583,0.10571433966223591
299,7,train,8,0.0025465312747083397,0.050463167505700034,0.011175521610222583,0.10571433966223591
299,-1,train,120,0.011175521610222583,0.10571433966223591,0.011175521610222583,0.10571433966223591
300,0,train,16,0.011091912625048408,0.10531814955195713,0.011616685834820178,0.10778073035018912
300,1,train,16,0.008100040163377387,0.09000022312959778,0.011616685834820178,0.10778073035018912
300,2,train,16,0.01904432138973026,0.13800116445063157,0.011616685834820178,0.10778073035018912
300,3,train,16,0.0173972442777992,0.13189861363107347,0.011616685834820178,0.10778073035018912
300,4,train,16,0.01643603734958582,0.12820310975005958,0.011616685834820178,0.10778073035018912
300,5,train,16,0.008792378006788023,0.09376768103556803,0.011616685834820178,0.10778073035018912
300,6,train,16,0.0019016900558529628,0.043608371396475734,0.011616685834820178,0.10778073035018912
300,7,train,8,0.010169862810379359,0.10084573769068954,0.011616685834820178,0.10778073035018912
300,-1,train,120,0.011616685834820178,0.10778073035018912,0.011616685834820178,0.10778073035018912
301,0,train,16,0.007344734540303065,0.08570142671101261,0.011233113263448247,0.10598638244344528
301,1,train,16,0.015813127313700902,0.1257502577082882,0.011233113263448247,0.10598638244344528
301,2,train,16,0.014421192466632041,0.12008826947971248,0.011233113263448247,0.10598638244344528
301,3,train,16,0.013350510221655712,0.1155444080068599,0.011233113263448247,0.10598638244344528
301,4,train,16,0.013174850804568317,0.11478175292514188,0.011233113263448247,0.10598638244344528
301,5,train,16,0.015199410740465744,0.12328589027324151,0.011233113263448247,0.10598638244344528
301,6,train,16,0.00599878050689637,0.07745179472998912,0.011233113263448247,0.10598638244344528
301,7,train,8,0.0045622995133638355,0.06754479634556489,0.011233113263448247,0.10598638244344528
301,-1,train,120,0.011233113263448247,0.10598638244344528,0.011233113263448247,0.10598638244344528
302,0,train,16,0.007396319886767019,0.08600185978667566,0.011780563797982022,0.10853830567123306
302,1,train,16,0.013840908917305956,0.11764739230984236,0.011780563797982022,0.10853830567123306
302,2,train,16,0.01430751478721137,0.11961402420791371,0.011780563797982022,0.10853830567123306
302,3,train,16,0.011047358173297332,0.10510641356880812,0.011780563797982022,0.10853830567123306
302,4,train,16,0.006354311339480258,0.07971393441224851,0.011780563797982022,0.10853830567123306
302,5,train,16,0.015089813042848807,0.12284060014038033,0.011780563797982022,0.10853830567123306
302,6,train,16,0.01221047444411194,0.11050101557954994,0.011780563797982022,0.10853830567123306
302,7,train,8,0.013997809792833497,0.11831233998545332,0.011780563797982022,0.10853830567123306
302,-1,train,120,0.011780563797982022,0.10853830567123306,0.011780563797982022,0.10853830567123306
303,0,train,16,0.012095908818878533,0.10998140214999322,0.011163018644980942,0.10565518749678571
303,1,train,16,0.01848849623940632,0.1359724098462858,0.011163018644980942,0.10565518749678571
303,2,train,16,0.009573640328352026,0.09784498110967177,0.011163018644980942,0.10565518749678571
303,3,train,16,0.00905857108390484,0.09517652590794035,0.011163018644980942,0.10565518749678571
303,4,train,16,0.011712798571819913,0.1082256835128331,0.011163018644980942,0.10565518749678571
303,5,train,16,0.014248048395937102,0.11936518921334269,0.011163018644980942,0.10565518749678571
303,6,train,16,0.009342821767538086,0.09665827314585175,0.011163018644980942,0.10565518749678571
303,7,train,8,0.004783863954010712,0.06916548238833234,0.011163018644980942,0.10565518749678571
303,-1,train,120,0.011163018644980942,0.10565518749678571,0.011163018644980942,0.10565518749678571
304,0,train,16,0.0085201235759041,0.09230451546866003,0.010961241370579385,0.10469594725002197
304,1,train,16,0.00254825754121527,0.050480268830655706,0.010961241370579385,0.10469594725002197
304,2,train,16,0.00649077597933558,0.08056535222622427,0.010961241370579385,0.10469594725002197
304,3,train,16,0.02550049331752748,0.15968873885633728,0.010961241370579385,0.10469594725002197
304,4,train,16,0.009509262340744274,0.09751544667766371,0.010961241370579385,0.10469594725002197
304,5,train,16,0.02587868321822593,0.16086852774307947,0.010961241370579385,0.10469594725002197
304,6,train,16,0.0071451658907075765,0.08452908310580197,0.010961241370579385,0.10469594725002197
304,7,train,8,0.0020971691009748694,0.04579485889240046,0.010961241370579385,0.10469594725002197
304,-1,train,120,0.010961241370579385,0.10469594725002197,0.010961241370579385,0.10469594725002197
305,0,train,16,0.013362235436503927,0.11559513586870308,0.011096715083119123,0.10534094684935731
305,1,train,16,0.02186984465736812,0.14788456531148922,0.011096715083119123,0.10534094684935731
305,2,train,16,0.009513758249866954,0.09753849624567192,0.011096715083119123,0.10534094684935731
305,3,train,16,0.020311851889824574,0.14251965439834807,0.011096715083119123,0.10534094684935731
305,4,train,16,0.007478875934355515,0.0864804945311688,0.011096715083119123,0.10534094684935731
305,5,train,16,0.008412899237166616,0.09172185801196253,0.011096715083119123,0.10534094684935731
305,6,train,16,0.00320430315202653,0.056606564566545906,0.011096715083119123,0.10534094684935731
305,7,train,8,0.004619952107840714,0.06797022957031051,0.011096715083119123,0.10534094684935731
305,-1,train,120,0.011096715083119123,0.10534094684935731,0.011096715083119123,0.10534094684935731
306,0,train,16,0.0066688300626489725,0.08166290505883912,0.01107393744918691,0.1052327774468911
306,1,train,16,0.019386878263141765,0.1392367705139047,0.01107393744918691,0.1052327774468911
306,2,train,16,0.0028620020273756016,0.05349768244864072,0.01107393744918691,0.1052327774468911
306,3,train,16,0.013081585603852919,0.11437475947014236,0.01107393744918691,0.1052327774468911
306,4,train,16,0.012380544797081562,0.11126789652492565,0.01107393744918691,0.1052327774468911
306,5,train,16,0.026523309345710077,0.16285978431064582,0.01107393744918691,0.1052327774468911
306,6,train,16,0.0026180823342828977,0.051167199789346474,0.01107393744918691,0.1052327774468911
306,7,train,8,0.005070267159401487,0.07120580846673596,0.01107393744918691,0.1052327774468911
306,-1,train,120,0.01107393744918691,0.1052327774468911,0.01107393744918691,0.1052327774468911
307,0,train,16,0.008900451078992594,0.09434220200415397,0.012182156459236246,0.11037280670181512
307,1,train,16,0.01375411892820504,0.11727795584936258,0.012182156459236246,0.11037280670181512
307,2,train,16,0.016535983097755245,0.12859231352516853,0.012182156459236246,0.11037280670181512
307,3,train,16,0.013693853839924056,0.11702074106723157,0.012182156459236246,0.11037280670181512
307,4,train,16,0.006105085068717274,0.07813504379417262,0.012182156459236246,0.11037280670181512
307,5,train,16,0.002070951646989105,0.04550770975328362,0.012182156459236246,0.11037280670181512
307,6,train,16,0.01298514213562281,0.11395236783684141,0.012182156459236246,0.11037280670181512
307,7,train,8,0.023411665877683844,0.15300871177055195,0.012182156459236246,0.11037280670181512
307,-1,train,120,0.012182156459236246,0.11037280670181512,0.012182156459236246,0.11037280670181512
308,0,train,16,0.01036191030533717,0.10179346887368153,0.010979822447708901,0.10478464795812839
308,1,train,16,0.007324264950008426,0.08558191952748212,0.010979822447708901,0.10478464795812839
308,2,train,16,0.017877580933294782,0.1337070713660829,0.010979822447708901,0.10478464795812839
308,3,train,16,0.007935103006855076,0.08907919514036415,0.010979822447708901,0.10478464795812839
308,4,train,16,0.004784622973879171,0.06917096915526898,0.010979822447708901,0.10478464795812839
308,5,train,16,0.014575606251882773,0.12072947548913966,0.010979822447708901,0.10478464795812839
308,6,train,16,0.0201857537638512,0.1420765771119617,0.010979822447708901,0.10478464795812839
308,7,train,8,0.0047937373965626015,0.06923682110382164,0.010979822447708901,0.10478464795812839
308,-1,train,120,0.010979822447708901,0.10478464795812839,0.010979822447708901,0.10478464795812839
309,0,train,16,0.020190955332312084,0.14209488144304172,0.010775027523685489,0.10380283003697678
309,1,train,16,0.008249150860192948,0.09082483614184475,0.010775027523685489,0.10380283003697678
309,2,train,16,0.0025352951913634983,0.05035171488006638,0.010775027523685489,0.10380283003697678
309,3,train,16,0.01563289839743988,0.12503158959814867,0.010775027523685489,0.10380283003697678
309,4,train,16,0.013227906407594647,0.1150126358605638,0.010775027523685489,0.10380283003697678
309,5,train,16,0.0026759289403272975,0.051729381789533284,0.010775027523685489,0.10380283003697678
309,6,train,16,0.02166318746308598,0.1471841956973845,0.010775027523685489,0.10380283003697678
309,7,train,8,0.0020248975971675727,0.04499886217636589,0.010775027523685489,0.10380283003697678
309,-1,train,120,0.010775027523685489,0.10380283003697678,0.010775027523685489,0.10380283003697678
310,0,train,16,0.01921060302736061,0.13860231970411105,0.011489523797310103,0.1071891962714065
310,1,train,16,0.011979802996802765,0.10945228639367369,0.011489523797310103,0.1071891962714065
310,2,train,16,0.012771636652777255,0.11301166600301606,0.011489523797310103,0.1071891962714065
310,3,train,16,0.003974845208389771,0.06304637347532188,0.011489523797310103,0.1071891962714065
310,4,train,16,0.014580887050426034,0.12075134388662527,0.011489523797310103,0.1071891962714065
310,5,train,16,0.013167601578663582,0.1147501702772749,0.011489523797310103,0.1071891962714065
310,6,train,16,0.00215584077016239,0.04643103240465788,0.011489523797310103,0.1071891962714065
310,7,train,8,0.014074973093898425,0.11863799178129418,0.011489523797310103,0.1071891962714065
310,-1,train,120,0.011489523797310103,0.1071891962714065,0.011489523797310103,0.1071891962714065
311,0,train,16,0.011567581793760351,0.10755269310324289,0.011501401739334251,0.10724458839183566
311,1,train,16,0.008142418386666388,0.09023534998362,0.011501401739334251,0.10724458839183566
311,2,train,16,0.011902573156812559,0.10909891455377803,0.011501401739334251,0.10724458839183566
311,3,train,16,0.01857050175622091,0.13627362824927247,0.011501401739334251,0.10724458839183566
311,4,train,16,0.0032074938316043007,0.05663474050090016,0.011501401739334251,0.10724458839183566
311,5,train,16,0.00820333006249067,0.09057223670910788,0.011501401739334251,0.10724458839183566
311,6,train,16,0.015516746363549546,0.12456623283839624,0.011501401739334251,0.10724458839183566
311,7,train,8,0.014900568563569291,0.12206788506224432,0.011501401739334251,0.10724458839183566
311,-1,train,120,0.011501401739334251,0.10724458839183566,0.011501401739334251,0.10724458839183566
312,0,train,16,0.011175891486675492,0.10571608906252393,0.011388914001028257,0.10671885494620084
312,1,train,16,0.014199292608538212,0.11916078469252463,0.011388914001028257,0.10671885494620084
312,2,train,16,0.013927627249947394,0.11801536870233213,0.011388914001028257,0.10671885494620084
312,3,train,16,0.00377135858543126,0.06141138807608293,0.011388914001028257,0.10671885494620084
312,4,train,16,0.008106173155111676,0.09003428877439792,0.011388914001028257,0.10671885494620084
312,5,train,16,0.01072462742142238,0.10355977704409362,0.011388914001028257,0.10671885494620084
312,6,train,16,0.015540209882956287,0.12466037815984791,0.011388914001028257,0.10671885494620084
312,7,train,8,0.01366613161814336,0.11690223102295079,0.011388914001028257,0.10671885494620084
312,-1,train,120,0.011388914001028257,0.10671885494620084,0.011388914001028257,0.10671885494620084
313,0,train,16,0.008632305525998914,0.09291020140974249,0.010642623541601712,0.10316309195444712
313,1,train,16,0.005840295238603617,0.07642182436060799,0.010642623541601712,0.10316309195444712
313,2,train,16,0.012924801095723332,0.11368729522564662,0.010642623541601712,0.10316309195444712
313,3,train,16,0.007306415187225794,0.08547757125249754,0.010642623541601712,0.10316309195444712
313,4,train,16,0.007776941761933597,0.08818697047712659,0.010642623541601712,0.10316309195444712
313,5,train,16,0.027781218907980826,0.16667698973757844,0.010642623541601712,0.10316309195444712
313,6,train,16,0.0126409686823734,0.1124320625194317,0.010642623541601712,0.10316309195444712
313,7,train,8,0.0022380419329742223,0.04730794788377765,0.010642623541601712,0.10316309195444712
313,-1,train,120,0.010642623541601712,0.10316309195444712,0.010642623541601712,0.10316309195444712
314,0,train,16,0.005931794728001845,0.07701814544639364,0.011335234080511021,0.10646705631560882
314,1,train,16,0.005276265797694845,0.07263790881967104,0.011335234080511021,0.10646705631560882
314,2,train,16,0.002685298432071666,0.05181986522629778,0.011335234080511021,0.10646705631560882
314,3,train,16,0.017419899970547725,0.13198446867168775,0.011335234080511021,0.10646705631560882
314,4,train,16,0.013702555922978154,0.1170579169598458,0.011335234080511021,0.10646705631560882
314,5,train,16,0.007405137339139678,0.08605310766694994,0.011335234080511021,0.10646705631560882
314,6,train,16,0.024301566936588855,0.1558895985516316,0.011335234080511021,0.10646705631560882
314,7,train,8,0.013959353517065398,0.11814970807016578,0.011335234080511021,0.10646705631560882
314,-1,train,120,0.011335234080511021,0.10646705631560882,0.011335234080511021,0.10646705631560882
315,0,train,16,0.007954927768266114,0.08919040177208597,0.011482149782331268,0.10715479355741052
315,1,train,16,0.007419332046541928,0.08613554461743379,0.011482149782331268,0.10715479355741052
315,2,train,16,0.018927698923760776,0.13757797397752583,0.011482149782331268,0.10715479355741052
315,3,train,16,0.006188820326327093,0.0786690557101526,0.011482149782331268,0.10715479355741052
315,4,train,16,0.013358496245503226,0.11557896108506611,0.011482149782331268,0.10715479355741052
315,5,train,16,0.015532102964715308,0.12462785789989053,0.011482149782331268,0.10715479355741052
315,6,train,16,0.005550429141931347,0.07450120228513998,0.011482149782331268,0.10715479355741052
315,7,train,8,0.016925390841604337,0.13009762043021517,0.011482149782331268,0.10715479355741052
315,-1,train,120,0.011482149782331268,0.10715479355741052,0.011482149782331268,0.10715479355741052
316,0,train,16,0.018351530383767876,0.13546782047323222,0.010833365320386928,0.10408345363402835
316,1,train,16,0.013997569024715082,0.11831132247048497,0.010833365320386928,0.10408345363402835
316,2,train,16,0.003297419421394253,0.05742316101882805,0.010833365320386928,0.10408345363402835
316,3,train,16,0.010867533226713553,0.10424746148810317,0.010833365320386928,0.10408345363402835
316,4,train,16,0.014259964695153605,0.11941509408426393,0.010833365320386928,0.10408345363402835
316,5,train,16,0.010951180777783068,0.10464788950467692,0.010833365320386928,0.10408345363402835
316,6,train,16,0.007943060105869421,0.08912384701004228,0.010833365320386928,0.10408345363402835
316,7,train,8,0.006998664927698553,0.08365802368989213,0.010833365320386928,0.10408345363402835
316,-1,train,120,0.010833365320386928,0.10408345363402835,0.010833365320386928,0.10408345363402835
317,0,train,16,0.0033880522045019964,0.05820697728367276,0.011453074196035994,0.10701903660581137
317,1,train,16,0.013964736128382792,0.11817248465011977,0.011453074196035994,0.10701903660581137
317,2,train,16,0.012642613256512622,0.1124393759165917,0.011453074196035994,0.10701903660581137
317,3,train,16,0.012189768384616065,0.11040728411031613,0.011453074196035994,0.10701903660581137
317,4,train,16,0.015217222808231392,0.1233581079955079,0.011453074196035994,0.10701903660581137
317,5,train,16,0.01064216893143076,0.10316088857425938,0.011453074196035994,0.10701903660581137
317,6,train,16,0.006071882639829046,0.07792228589966446,0.011453074196035994,0.10701903660581137
317,7,train,8,0.01750814921478328,0.13231836310498735,0.011453074196035994,0.10701903660581137
317,-1,train,120,0.011453074196035994,0.10701903660581137,0.011453074196035994,0.10701903660581137
318,0,train,16,0.014369113395691257,0.11987123673213378,0.010513688054789123,0.10253627677455976
318,1,train,16,0.014501023103766286,0.12042019392014898,0.010513688054789123,0.10253627677455976
318,2,train,16,0.00859525684458791,0.09271060804777365,0.010513688054789123,0.10253627677455976
318,3,train,16,0.010090839169312481,0.10045316903568788,0.010513688054789123,0.10253627677455976
318,4,train,16,0.005894486715774487,0.07677556066727541,0.010513688054789123,0.10253627677455976
318,5,train,16,0.017332676579018137,0.13165362349368945,0.010513688054789123,0.10253627677455976
318,6,train,16,0.010192625005838462,0.10095853111965557,0.010513688054789123,0.10253627677455976
318,7,train,8,0.0031334836243239747,0.055977527851129465,0.010513688054789123,0.10253627677455976
318,-1,train,120,0.010513688054789123,0.10253627677455976,0.010513688054789123,0.10253627677455976
319,0,train,16,0.00727826873314257,0.08531277004729462,0.011144560416165548,0.10556780009153145
319,1,train,16,0.030027793768160012,0.17328529587982938,0.011144560416165548,0.10556780009153145
319,2,train,16,0.007896109204333267,0.08886005404192182,0.011144560416165548,0.10556780009153145
319,3,train,16,0.005022073159627874,0.07086658704656147,0.011144560416165548,0.10556780009153145
319,4,train,16,0.007027396166726385,0.08382956618476792,0.011144560416165548,0.10556780009153145
319,5,train,16,0.002434055261092991,0.049336145584074474,0.011144560416165548,0.10556780009153145
319,6,train,16,0.015812851584175013,0.12574916136569267,0.011144560416165548,0.10556780009153145
319,7,train,8,0.01365793545206626,0.1168671701208952,0.011144560416165548,0.10556780009153145
319,-1,train,120,0.011144560416165548,0.10556780009153145,0.011144560416165548,0.10556780009153145
320,0,train,16,0.020440596063099357,0.1429706125855917,0.011211364896001387,0.10588373291493547
320,1,train,16,0.008805193228500598,0.0938359911148201,0.011211364896001387,0.10588373291493547
320,2,train,16,0.008005269633128882,0.08947217239526982,0.011211364896001387,0.10588373291493547
320,3,train,16,0.011077917396927317,0.1052516859576478,0.011211364896001387,0.10588373291493547
320,4,train,16,0.008080957452015416,0.08989414581615099,0.011211364896001387,0.10588373291493547
320,5,train,16,0.004007539683167471,0.06330513157057231,0.011211364896001387,0.10588373291493547
320,6,train,16,0.013949841008098814,0.11810944504187129,0.011211364896001387,0.10588373291493547
320,7,train,8,0.015323604703073247,0.12378854835191035,0.011211364896001387,0.10588373291493547
320,-1,train,120,0.011211364896001387,0.10588373291493547,0.011211364896001387,0.10588373291493547
321,0,train,16,0.012358157275180661,0.11116724911223026,0.01051992449265833,0.10256668315129593
321,1,train,16,0.007859647799390425,0.08865465469669613,0.01051992449265833,0.10256668315129593
321,2,train,16,0.013579398519383312,0.11653067630192195,0.01051992449265833,0.10256668315129593
321,3,train,16,0.016055543829930418,0.12671047245563571,0.01051992449265833,0.10256668315129593
321,4,train,16,0.007722043153304957,0.08787515663317452,0.01051992449265833,0.10256668315129593
321,5,train,16,0.01282474429112333,0.11324638754116323,0.01051992449265833,0.10256668315129593
321,6,train,16,0.008920135659015418,0.09444646980705747,0.01051992449265833,0.10256668315129593
321,7,train,8,0.004839725413938117,0.06956813504714725,0.01051992449265833,0.10256668315129593
321,-1,train,120,0.01051992449265833,0.10256668315129593,0.01051992449265833,0.10256668315129593
322,0,train,16,0.008231440109656749,0.09072728426254557,0.010643062051882778,0.10316521725796335
322,1,train,16,0.008180116981115438,0.09044399914375435,0.010643062051882778,0.10316521725796335
322,2,train,16,0.017725973652577984,0.13313892613573983,0.010643062051882778,0.10316521725796335
322,3,train,16,0.014931123938893537,0.12219297827164022,0.010643062051882778,0.10316521725796335
322,4,train,16,0.012053222651202417,0.1097871697932068,0.010643062051882778,0.10316521725796335
322,5,train,16,0.013787941299252815,0.1174220647887475,0.010643062051882778,0.10316521725796335
322,6,train,16,0.0029052504385288697,0.05390037512419436,0.010643062051882778,0.10316521725796335
322,7,train,8,0.007329427343834419,0.08561207475487566,0.010643062051882778,0.10316521725796335
322,-1,train,120,0.010643062051882778,0.10316521725796335,0.010643062051882778,0.10316521725796335
323,0,train,16,0.013013033245000383,0.1140746827521356,0.010424226697796414,0.10209910233589918
323,1,train,16,0.006175314541132229,0.0785831695793204,0.010424226697796414,0.10209910233589918
323,2,train,16,0.0024722317099943767,0.04972154170974968,0.010424226697796414,0.10209910233589918
323,3,train,16,0.016285986104881627,0.12761655889766668,0.010424226697796414,0.10209910233589918
323,4,train,16,0.01842434849444897,0.13573631973222558,0.010424226697796414,0.10209910233589918
323,5,train,16,0.013174043184161332,0.11477823480155692,0.010424226697796414,0.10209910233589918
323,6,train,16,0.009465037185266083,0.09728842266819872,0.010424226697796414,0.10209910233589918
323,7,train,8,0.004383819117486296,0.06621041547586222,0.010424226697796414,0.10209910233589918
323,-1,train,120,0.010424226697796414,0.10209910233589918,0.010424226697796414,0.10209910233589918
324,0,train,16,0.010638933982080937,0.10314520823616062,0.011099760925552454,0.10535540292530067
324,1,train,16,0.00860665069134218,0.09277203614959725,0.011099760925552454,0.10535540292530067
324,2,train,16,0.01266514318792289,0.1125395183387724,0.011099760925552454,0.10535540292530067
324,3,train,16,0.01647157417530511,0.12834163071780377,0.011099760925552454,0.10535540292530067
324,4,train,16,0.004811353108431862,0.06936391791437291,0.011099760925552454,0.10535540292530067
324,5,train,16,0.0122580867225572,0.11071624416749874,0.011099760925552454,0.10535540292530067
324,6,train,16,0.007620989822043137,0.08729828075078648,0.011099760925552454,0.10535540292530067
324,7,train,8,0.015725355714736322,0.1254007803593595,0.011099760925552454,0.10535540292530067
324,-1,train,120,0.011099760925552454,0.10535540292530067,0.011099760925552454,0.10535540292530067
325,0,train,16,0.00869032560729819,0.09322191591733239,0.010910877227838888,0.10445514457334731
325,1,train,16,0.012187817731080838,0.11039844985814265,0.010910877227838888,0.10445514457334731
325,2,train,16,0.02173629925792424,0.14743235485443568,0.010910877227838888,0.10445514457334731
325,3,train,16,0.008719941703934725,0.09338062809777371,0.010910877227838888,0.10445514457334731
325,4,train,16,0.008140805219074367,0.09022641087328237,0.010910877227838888,0.10445514457334731
325,5,train,16,0.008891536457670952,0.09429494396663562,0.010910877227838888,0.10445514457334731
325,6,train,16,0.00585911886193222,0.07654488135683679,0.010910877227838888,0.10445514457334731
325,7,train,8,0.013061172983795572,0.11428548894674062,0.010910877227838888,0.10445514457334731
325,-1,train,120,0.010910877227838888,0.10445514457334731,0.010910877227838888,0.10445514457334731
326,0,train,16,0.010927465711511312,0.10453451923413296,0.010210641706363608,0.10104771994638774
326,1,train,16,0.00433279867967125,0.06582399774908275,0.010210641706363608,0.10104771994638774
326,2,train,16,0.0063947331154618455,0.0799670751963697,0.010210641706363608,0.10104771994638774
326,3,train,16,0.013452754771951148,0.11598601110457739,0.010210641706363608,0.10104771994638774
326,4,train,16,0.015534372945741948,0.1246369646041733,0.010210641706363608,0.10104771994638774
326,5,train,16,0.009361076170987791,0.09675265459400993,0.010210641706363608,0.10104771994638774
326,6,train,16,0.01899662750049687,0.13782825363653445,0.010210641706363608,0.10104771994638774
326,7,train,8,0.002685304755086701,0.05181992623582844,0.010210641706363608,0.10104771994638774
326,-1,train,120,0.010210641706363608,0.10104771994638774,0.010210641706363608,0.10104771994638774
327,0,train,16,0.012230143687055349,0.1105899800481732,0.010937853600274569,0.10458419383575401
327,1,train,16,0.0081653142861294,0.09036212860556904,0.010937853600274569,0.10458419383575401
327,2,train,16,0.011761797284235967,0.10845182010568549,0.010937853600274569,0.10458419383575401
327,3,train,16,0.015434372865324278,0.1242351514883138,0.010937853600274569,0.10458419383575401
327,4,train,16,0.009136784336181467,0.09558652800568429,0.010937853600274569,0.10458419383575401
327,5,train,16,0.012819952260508092,0.11322522802144445,0.010937853600274569,0.10458419383575401
327,6,train,16,0.003146613489507924,0.0560946832552598,0.010937853600274569,0.10458419383575401
327,7,train,8,0.014807850593254072,0.12168751206781274,0.010937853600274569,0.10458419383575401
327,-1,train,120,0.010937853600274569,0.10458419383575401,0.010937853600274569,0.10458419383575401
328,0,train,16,0.007989301949170012,0.08938289517111209,0.010457855288549709,0.10226365575584372
328,1,train,16,0.008453298097387962,0.09194181908896497,0.010457855288549709,0.10226365575584372
328,2,train,16,0.0077643712308004004,0.0881156696098963,0.010457855288549709,0.10226365575584372
328,3,train,16,0.007988271271281632,0.08937712946431896,0.010457855288549709,0.10226365575584372
328,4,train,16,0.011239154284876814,0.10601487765817029,0.010457855288549709,0.10226365575584372
328,5,train,16,0.029738885442185038,0.17244966060327588,0.010457855288549709,0.10226365575584372
328,6,train,16,0.0031191426711771773,0.055849285323781694,0.010457855288549709,0.10226365575584372
328,7,train,8,0.007370417361518643,0.08585113488777328,0.010457855288549709,0.10226365575584372
328,-1,train,120,0.010457855288549709,0.10226365575584372,0.010457855288549709,0.10226365575584372
329,0,train,16,0.014861347754226479,0.12190712757762148,0.010079248584916368,0.10039546097765759
329,1,train,16,0.007503347740435845,0.08662186641048462,0.010079248584916368,0.10039546097765759
329,2,train,16,0.01370762043831084,0.11707954748080827,0.010079248584916368,0.10039546097765759
329,3,train,16,0.011425147660758453,0.10688848235782213,0.010079248584916368,0.10039546097765759
329,4,train,16,0.0068820831136159315,0.08295832154531534,0.010079248584916368,0.10039546097765759
329,5,train,16,0.011517799443455577,0.1073210111928488,0.010079248584916368,0.10039546097765759
329,6,train,16,0.012665983554189067,0.11254325192648854,0.010079248584916368,0.10039546097765759
329,7,train,8,0.0020706589743387576,0.04550449400156822,0.010079248584916368,0.10039546097765759
329,-1,train,120,0.010079248584916368,0.10039546097765759,0.010079248584916368,0.10039546097765759
330,0,train,16,0.007782988113809763,0.08822124525197864,0.010839005696245414,0.10411054555733254
330,1,train,16,0.0039142390296691264,0.06256387959253427,0.010839005696245414,0.10411054555733254
330,2,train,16,0.0068267110679629765,0.08262391341471896,0.010839005696245414,0.10411054555733254
330,3,train,16,0.012415290409446913,0.11142392206993484,0.010839005696245414,0.10411054555733254
330,4,train,16,0.012791159358899521,0.11309800775831341,0.010839005696245414,0.10411054555733254
330,5,train,16,0.016148869427156872,0.12707820201418052,0.010839005696245414,0.10411054555733254
330,6,train,16,0.012159946542095628,0.11027214762620537,0.010839005696245414,0.10411054555733254
330,7,train,8,0.014672841620922519,0.12113150548442184,0.010839005696245414,0.10411054555733254
330,-1,train,120,0.010839005696245414,0.10411054555733254,0.010839005696245414,0.10411054555733254
331,0,train,16,0.0042663195931595885,0.06531706969207658,0.011313614045449637,0.10636547393515265
331,1,train,16,0.013170112472424961,0.11476111045308407,0.011313614045449637,0.10636547393515265
331,2,train,16,0.01019308446406935,0.1009608065739837,0.011313614045449637,0.10636547393515265
331,3,train,16,0.010148409144831167,0.1007393128070227,0.011313614045449637,0.10636547393515265
331,4,train,16,0.00841660188348094,0.09174203989164913,0.011313614045449637,0.10636547393515265
331,5,train,16,0.013639044298378653,0.11678631896921254,0.011313614045449637,0.10636547393515265
331,6,train,16,0.007694436786619294,0.0877179387960028,0.011313614045449637,0.10636547393515265
331,7,train,8,0.02298090372063314,0.15159453723875785,0.011313614045449637,0.10636547393515265
331,-1,train,120,0.011313614045449637,0.10636547393515265,0.011313614045449637,0.10636547393515265
332,0,train,16,0.009835971159461896,0.09917646474573438,0.010919577084265799,0.10449678025789023
332,1,train,16,0.010031295792398445,0.10015635672486517,0.010919577084265799,0.10449678025789023
332,2,train,16,0.010102463075915813,0.10051100972488443,0.010919577084265799,0.10449678025789023
332,3,train,16,0.01134744535500791,0.10652438854557161,0.010919577084265799,0.10449678025789023
332,4,train,16,0.013164436850552469,0.11473637980410777,0.010919577084265799,0.10449678025789023
332,5,train,16,0.013162520901644081,0.11472803014801605,0.010919577084265799,0.10449678025789023
332,6,train,16,0.0027266439812453397,0.052217276654813585,0.010919577084265799,0.10449678025789023
332,7,train,8,0.01698583955790043,0.13032973397463998,0.010919577084265799,0.10449678025789023
332,-1,train,120,0.010919577084265799,0.10449678025789023,0.010919577084265799,0.10449678025789023
333,0,train,16,0.014216887386095731,0.11923458972167318,0.010001829579025604,0.10000914747674637
333,1,train,16,0.014173975994866004,0.11905450850289545,0.010001829579025604,0.10000914747674637
333,2,train,16,0.023574652685456114,0.15354039431190775,0.010001829579025604,0.10000914747674637
333,3,train,16,0.0071999752489794065,0.08485266789547284,0.010001829579025604,0.10000914747674637
333,4,train,16,0.008653568145652109,0.09302455668076096,0.010001829579025604,0.10000914747674637
333,5,train,16,0.00795773225115767,0.08920612227396542,0.010001829579025604,0.10000914747674637
333,6,train,16,0.001956078950291572,0.044227581329884774,0.010001829579025604,0.10000914747674637
333,7,train,8,0.0022817659697062427,0.04776783404872198,0.010001829579025604,0.10000914747674637
333,-1,train,120,0.010001829579025604,0.10000914747674637,0.010001829579025604,0.10000914747674637
334,0,train,16,0.002466262227839585,0.04966147629541016,0.011049003140396557,0.10511423852360134
334,1,train,16,0.01698612733271287,0.13033083799589748,0.011049003140396557,0.10511423852360134
334,2,train,16,0.011938199263174104,0.10926206689960657,0.011049003140396557,0.10511423852360134
334,3,train,16,0.008995199359135458,0.09484302483122023,0.011049003140396557,0.10511423852360134
334,4,train,16,0.013430588252388565,0.11589041484259414,0.011049003140396557,0.10511423852360134
334,5,train,16,0.006619289662907724,0.08135901709649475,0.011049003140396557,0.10511423852360134
334,6,train,16,0.007698540168721202,0.0877413253189237,0.011049003140396557,0.10511423852360134
334,7,train,8,0.020257818856292954,0.14232996471682607,0.011049003140396557,0.10511423852360134
334,-1,train,120,0.011049003140396557,0.10511423852360134,0.011049003140396557,0.10511423852360134
335,0,train,16,0.0075545432077849,0.08691687527623677,0.010615548250387895,0.10303178271964382
335,1,train,16,0.017487970518156305,0.13224209056936564,0.010615548250387895,0.10303178271964382
335,2,train,16,0.007327932812268336,0.08560334580066561,0.010615548250387895,0.10303178271964382
335,3,train,16,0.010823391703906891,0.10403553096854407,0.010615548250387895,0.10303178271964382
335,4,train,16,0.01155691264296893,0.10750308201614003,0.010615548250387895,0.10303178271964382
335,5,train,16,0.007945243537464819,0.08913609559244122,0.010615548250387895,0.10303178271964382
335,6,train,16,0.008307908480570902,0.09114772888323056,0.010615548250387895,0.10303178271964382
335,7,train,8,0.013920483099982072,0.11798509694017321,0.010615548250387895,0.10303178271964382
335,-1,train,120,0.010615548250387895,0.10303178271964382,0.010615548250387895,0.10303178271964382
336,0,train,16,0.0034256487382083,0.05852904183572716,0.010613373592293276,0.10302122884286168
336,1,train,16,0.007817940497698309,0.0884191183947132,0.010613373592293276,0.10302122884286168
336,2,train,16,0.003185216529948548,0.05643772257939319,0.010613373592293276,0.10302122884286168
336,3,train,16,0.017472197491133802,0.13218244017695316,0.010613373592293276,0.10302122884286168
336,4,train,16,0.00789552042141168,0.08885674100152267,0.010613373592293276,0.10302122884286168
336,5,train,16,0.010178458591720157,0.1008883471552595,0.010613373592293276,0.10302122884286168
336,6,train,16,0.02062231929045804,0.14360473282750133,0.010613373592293276,0.10302122884286168
336,7,train,8,0.014309687177767375,0.11962310469874696,0.010613373592293276,0.10302122884286168
336,-1,train,120,0.010613373592293276,0.10302122884286168,0.010613373592293276,0.10302122884286168
337,0,train,16,0.011432877179699071,0.10692463317542442,0.010491136971314707,0.10242625137783139
337,1,train,16,0.017900921127094013,0.1337943239718861,0.010491136971314707,0.10242625137783139
337,2,train,16,0.011646514348787041,0.1079190175492116,0.010491136971314707,0.10242625137783139
337,3,train,16,0.0017932169097542715,0.04234639193313017,0.010491136971314707,0.10242625137783139
337,4,train,16,0.007359850278633567,0.085789569754333,0.010491136971314707,0.10242625137783139
337,5,train,16,0.017755299020472716,0.13324901133018854,0.010491136971314707,0.10242625137783139
337,6,train,16,0.0031791620888242966,0.0563840588182892,0.010491136971314707,0.10242625137783139
337,7,train,8,0.012861254817252685,0.1134074724930094,0.010491136971314707,0.10242625137783139
337,-1,train,120,0.010491136971314707,0.10242625137783139,0.010491136971314707,0.10242625137783139
338,0,train,16,0.0026204515789483257,0.0511903465406157,0.01117645795645478,0.10571876823182713
338,1,train,16,0.01077031082950953,0.1037801080627185,0.01117645795645478,0.10571876823182713
338,2,train,16,0.013126409139350028,0.1145705421971548,0.01117645795645478,0.10571876823182713
338,3,train,16,0.007370533201596782,0.08585180954177252,0.01117645795645478,0.10571876823182713
338,4,train,16,0.015126619820591835,0.12299032409336856,0.01117645795645478,0.10571876823182713
338,5,train,16,0.008242898020543055,0.09079040709537024,0.01117645795645478,0.10571876823182713
338,6,train,16,0.007723575109236947,0.08788387286207264,0.01117645795645478,0.10571876823182713
338,7,train,8,0.02443086595186173,0.15630376179689895,0.01117645795645478,0.10571876823182713
338,-1,train,120,0.01117645795645478,0.10571876823182713,0.01117645795645478,0.10571876823182713
339,0,train,16,0.011874749977025484,0.10897132639839474,0.010069505542790923,0.10034692592596409
339,1,train,16,0.007793713359584735,0.0882820103961432,0.010069505542790923,0.10034692592596409
339,2,train,16,0.007845452951319007,0.08857456153613749,0.010069505542790923,0.10034692592596409
339,3,train,16,0.016887512576576436,0.12995196257300787,0.010069505542790923,0.10034692592596409
339,4,train,16,0.0037381824227335136,0.061140677316607425,0.010069505542790923,0.10034692592596409
339,5,train,16,0.002259998336539213,0.04753943980043531,0.010069505542790923,0.10034692592596409
339,6,train,16,0.022982996616510126,0.15160144002122844,0.010069505542790923,0.10034692592596409
339,7,train,8,0.007173438102038856,0.08469615163653456,0.010069505542790923,0.10034692592596409
339,-1,train,120,0.010069505542790923,0.10034692592596409,0.010069505542790923,0.10034692592596409
340,0,train,16,0.005531329984420658,0.07437291163065124,0.01106930725345106,0.10521077536759749
340,1,train,16,0.006733843825043306,0.08206000137121194,0.01106930725345106,0.10521077536759749
340,2,train,16,0.015244413889015086,0.12346827077842747,0.01106930725345106,0.10521077536759749
340,3,train,16,0.012341581067867358,0.11109266883042894,0.01106930725345106,0.10521077536759749
340,4,train,16,0.008747825553620114,0.09352981104236292,0.01106930725345106,0.10521077536759749
340,5,train,16,0.006521680391765173,0.08075692163378426,0.01106930725345106,0.10521077536759749
340,6,train,16,0.00966978441679991,0.09833506199113269,0.01106930725345106,0.10521077536759749
340,7,train,8,0.02376399889907687,0.15415576180953106,0.01106930725345106,0.10521077536759749
340,-1,train,120,0.01106930725345106,0.10521077536759749,0.01106930725345106,0.10521077536759749
341,0,train,16,0.00940006044542684,0.09695390887131286,0.009859915210973149,0.0992971057532552
341,1,train,16,0.009879758238650919,0.09939697298535262,0.009859915210973149,0.0992971057532552
341,2,train,16,0.006458309622796967,0.08036360882138735,0.009859915210973149,0.0992971057532552
341,3,train,16,0.014942248164835817,0.12223848888478546,0.009859915210973149,0.0992971057532552
341,4,train,16,0.018933132354446356,0.13759771929231368,0.009859915210973149,0.0992971057532552
341,5,train,16,0.011591905247017831,0.10766571063722113,0.009859915210973149,0.0992971057532552
341,6,train,16,0.0029145482338836038,0.0539865560476273,0.009859915210973149,0.0992971057532552
341,7,train,8,0.004759359380726848,0.068988110430181,0.009859915210973149,0.0992971057532552
341,-1,train,120,0.009859915210973149,0.0992971057532552,0.009859915210973149,0.0992971057532552
342,0,train,16,0.006055966272876851,0.07782008913434146,0.01141126659729736,0.10682353016680061
342,1,train,16,0.01563704617453926,0.12504817541467472,0.01141126659729736,0.10682353016680061
342,2,train,16,0.013161006946164035,0.11472143193912825,0.01141126659729736,0.10682353016680061
342,3,train,16,0.00220688741156621,0.046977520279025055,0.01141126659729736,0.10682353016680061
342,4,train,16,0.008404404768397985,0.09167554073141856,0.01141126659729736,0.10682353016680061
342,5,train,16,0.008111910223702518,0.09006614360403424,0.01141126659729736,0.10682353016680061
342,6,train,16,0.007691641284440817,0.08770200273905275,0.01141126659729736,0.10682353016680061
342,7,train,8,0.03002126969669123,0.17326647020324282,0.01141126659729736,0.10682353016680061
342,-1,train,120,0.01141126659729736,0.10682353016680061,0.01141126659729736,0.10682353016680061
343,0,train,16,0.013795296528227216,0.11745338023329603,0.010790954626018139,0.10387951976216553
343,1,train,16,0.01714582240241976,0.13094205742396045,0.010790954626018139,0.10387951976216553
343,2,train,16,0.008157667944409478,0.09031980925804416,0.010790954626018139,0.10387951976216553
343,3,train,16,0.003505946224343799,0.05921103127242253,0.010790954626018139,0.10387951976216553
343,4,train,16,0.012561164556452602,0.11207660128881765,0.010790954626018139,0.10387951976216553
343,5,train,16,0.006013232790739958,0.07754503717672691,0.010790954626018139,0.10387951976216553
343,6,train,16,0.0046073833103283165,0.0678777084934982,0.010790954626018139,0.10387951976216553
343,7,train,8,0.020541123251223987,0.14332174730732244,0.010790954626018139,0.10387951976216553
343,-1,train,120,0.010790954626018139,0.10387951976216553,0.010790954626018139,0.10387951976216553
344,0,train,16,0.008079343853259511,0.08988517037453682,0.011355818154437767,0.10656368121662167
344,1,train,16,0.005989797548702229,0.07739378236462041,0.011355818154437767,0.10656368121662167
344,2,train,16,0.00812370718796445,0.09013161037041582,0.011355818154437767,0.10656368121662167
344,3,train,16,0.009201218695224573,0.09592298314389817,0.011355818154437767,0.10656368121662167
344,4,train,16,0.010725590087482412,0.10356442481606515,0.011355818154437767,0.10656368121662167
344,5,train,16,0.011029072561687548,0.10501939136029854,0.011355818154437767,0.10656368121662167
344,6,train,16,0.007577244978022533,0.08704737203398236,0.011355818154437767,0.10656368121662167
344,7,train,8,0.030120570323158874,0.17355278828978482,0.011355818154437767,0.10656368121662167
344,-1,train,120,0.011355818154437767,0.10656368121662167,0.011355818154437767,0.10656368121662167
345,0,train,16,0.015690430297178454,0.12526144776897022,0.009966475474741441,0.09983223665100087
345,1,train,16,0.0122009731396517,0.1104580152802489,0.009966475474741441,0.09983223665100087
345,2,train,16,0.003125689631901364,0.05590786735246985,0.009966475474741441,0.09983223665100087
345,3,train,16,0.008810958231827334,0.09386670459661048,0.009966475474741441,0.09983223665100087
345,4,train,16,0.00671831277016807,0.08196531443341183,0.009966475474741441,0.09983223665100087
345,5,train,16,0.011683845723976979,0.10809183930333029,0.009966475474741441,0.09983223665100087
345,6,train,16,0.013116371382125333,0.11452672780676715,0.009966475474741441,0.09983223665100087
345,7,train,8,0.008385222621102289,0.09157086120105178,0.009966475474741441,0.09983223665100087
345,-1,train,120,0.009966475474741441,0.09983223665100087,0.009966475474741441,0.09983223665100087
346,0,train,16,0.01908066539181206,0.13813278174210517,0.009610298905903297,0.09803213200733368
346,1,train,16,0.006164902861101176,0.07851689538628726,0.009610298905903297,0.09803213200733368
346,2,train,16,0.01185852471837977,0.1088968535742873,0.009610298905903297,0.09803213200733368
346,3,train,16,0.007743019016096399,0.08799442605129258,0.009610298905903297,0.09803213200733368
346,4,train,16,0.011892326408047705,0.10905194362342976,0.009610298905903297,0.09803213200733368
346,5,train,16,0.002784924752237116,0.05277238626627676,0.009610298905903297,0.09803213200733368
346,6,train,16,0.014314709368696383,0.11964409458346192,0.009610298905903297,0.09803213200733368
346,7,train,8,0.0030433187308557728,0.05516628255425385,0.009610298905903297,0.09803213200733368
346,-1,train,120,0.009610298905903297,0.09803213200733368,0.009610298905903297,0.09803213200733368
347,0,train,16,0.013679359633400844,0.11695879459622027,0.00953446612346874,0.0976445908561695
347,1,train,16,0.007428283561885685,0.08618749075060536,0.00953446612346874,0.0976445908561695
347,2,train,16,0.008223354101863112,0.09068271115192307,0.00953446612346874,0.0976445908561695
347,3,train,16,0.01563084155726792,0.12502336404555717,0.00953446612346874,0.0976445908561695
347,4,train,16,0.007574234004363911,0.08703007528644285,0.00953446612346874,0.0976445908561695
347,5,train,16,0.01805529512724905,0.13436999340347178,0.00953446612346874,0.0976445908561695
347,6,train,16,0.0030953015627032377,0.055635434416415205,0.00953446612346874,0.0976445908561695
347,7,train,8,0.0025890594390161623,0.05088280101386088,0.00953446612346874,0.0976445908561695
347,-1,train,120,0.00953446612346874,0.0976445908561695,0.00953446612346874,0.0976445908561695
348,0,train,16,0.006265417581408436,0.07915439079045733,0.010380096709025618,0.10188275962608011
348,1,train,16,0.003566791596972059,0.05972262215418927,0.010380096709025618,0.10188275962608011
348,2,train,16,0.01608713115932142,0.12683505493088817,0.010380096709025618,0.10188275962608011
348,3,train,16,0.007591198259694986,0.08712748280361936,0.010380096709025618,0.10188275962608011
348,4,train,16,0.009345222867668805,0.09667069290984111,0.010380096709025618,0.10188275962608011
348,5,train,16,0.007406312036021242,0.08605993281441278,0.010380096709025618,0.10188275962608011
348,6,train,16,0.016458814005609217,0.12829190935366586,0.010380096709025618,0.10188275962608011
348,7,train,8,0.016319886165508772,0.12774930984357125,0.010380096709025618,0.10188275962608011
348,-1,train,120,0.010380096709025618,0.10188275962608011,0.010380096709025618,0.10188275962608011
349,0,train,16,0.00598436376154216,0.07735866959521835,0.010114812909697894,0.10057242618977577
349,1,train,16,0.008577305258803304,0.09261374227836441,0.010114812909697894,0.10057242618977577
349,2,train,16,0.0034923215040414653,0.05909586706396197,0.010114812909697894,0.10057242618977577
349,3,train,16,0.011017876578171189,0.10496607346267264,0.010114812909697894,0.10057242618977577
349,4,train,16,0.011697761821400383,0.10815619178484596,0.010114812909697894,0.10057242618977577
349,5,train,16,0.010069219985806654,0.10034550306718609,0.010114812909697894,0.10057242618977577
349,6,train,16,0.017011936745987215,0.13042981540271847,0.010114812909697894,0.10057242618977577
349,7,train,8,0.013067717621830784,0.1143141182086919,0.010114812909697894,0.10057242618977577
349,-1,train,120,0.010114812909697894,0.10057242618977577,0.010114812909697894,0.10057242618977577
350,0,train,16,0.004575845984825676,0.06764499970305031,0.009594985496570825,0.09795399683816289
350,1,train,16,0.007121814356478173,0.08439084284730289,0.009594985496570825,0.09795399683816289
350,2,train,16,0.0077071357418084865,0.08779029412075395,0.009594985496570825,0.09795399683816289
350,3,train,16,0.014716856197060929,0.12131305039879646,0.009594985496570825,0.09795399683816289
350,4,train,16,0.015017870816331732,0.12254742272415088,0.009594985496570825,0.09795399683816289
350,5,train,16,0.011881367969154,0.10900168791882996,0.009594985496570825,0.09795399683816289
350,6,train,16,0.010616393701465793,0.10303588550338078,0.009594985496570825,0.09795399683816289
350,7,train,8,0.00512259920544181,0.07157233547566971,0.009594985496570825,0.09795399683816289
350,-1,train,120,0.009594985496570825,0.09795399683816289,0.009594985496570825,0.09795399683816289
351,0,train,16,0.007047020902032963,0.08394653597399337,0.010492332529955555,0.10243208740407253
351,1,train,16,0.009851311549660156,0.09925377347819153,0.010492332529955555,0.10243208740407253
351,2,train,16,0.009045065242749267,0.09510554790730805,0.010492332529955555,0.10243208740407253
351,3,train,16,0.01400960084181741,0.11836215967029923,0.010492332529955555,0.10243208740407253
351,4,train,16,0.0020918792046923504,0.04573706598255238,0.010492332529955555,0.10243208740407253
351,5,train,16,0.003469987761685182,0.05890660202120966,0.010492332529955555,0.10243208740407253
351,6,train,16,0.018592144012889247,0.13635301248190027,0.010492332529955555,0.10243208740407253
351,7,train,8,0.01983165072411787,0.14082489383670016,0.010492332529955555,0.10243208740407253
351,-1,train,120,0.010492332529955555,0.10243208740407253,0.010492332529955555,0.10243208740407253
352,0,train,16,0.009246686829554384,0.09615969441275479,0.01000770620858119,0.10003852362255848
352,1,train,16,0.016550015997021043,0.12864686547685894,0.01000770620858119,0.10003852362255848
352,2,train,16,0.005434216298149797,0.07371713707239178,0.01000770620858119,0.10003852362255848
352,3,train,16,0.0061724739582027085,0.07856509376436019,0.01000770620858119,0.10003852362255848
352,4,train,16,0.013655519992865567,0.11685683545632052,0.01000770620858119,0.10003852362255848
352,5,train,16,0.008332595298484308,0.09128305044467076,0.01000770620858119,0.10003852362255848
352,6,train,16,0.008032347171803804,0.08962336286819304,0.01000770620858119,0.10003852362255848
352,7,train,8,0.012637794122567903,0.11241794395276895,0.01000770620858119,0.10003852362255848
352,-1,train,120,0.01000770620858119,0.10003852362255848,0.01000770620858119,0.10003852362255848
353,0,train,16,0.006524168820058811,0.08077232706848807,0.009901192345938371,0.09950473529404705
353,1,train,16,0.012377281078082811,0.1112532295175417,0.009901192345938371,0.09950473529404705
353,2,train,16,0.016735363090144745,0.12936523138055583,0.009901192345938371,0.09950473529404705
353,3,train,16,0.0023103416468243316,0.04806601342762193,0.009901192345938371,0.09950473529404705
353,4,train,16,0.01663170681834168,0.12896397488578615,0.009901192345938371,0.09950473529404705
353,5,train,16,0.008365184718679992,0.0914613837566434,0.009901192345938371,0.09950473529404705
353,6,train,16,0.004792376242211109,0.06922699070601805,0.009901192345938371,0.09950473529404705
353,7,train,8,0.011473116353163487,0.10711263395680029,0.009901192345938371,0.09950473529404705
353,-1,train,120,0.009901192345938371,0.09950473529404705,0.009901192345938371,0.09950473529404705
354,0,train,16,0.01019674000124356,0.10097890869505156,0.010137033922574059,0.10068283827233944
354,1,train,16,0.010268708543692977,0.10133463644624664,0.010137033922574059,0.10068283827233944
354,2,train,16,0.005676908821406259,0.07534526409407732,0.010137033922574059,0.10068283827233944
354,3,train,16,0.016510167349438838,0.1284918960457773,0.010137033922574059,0.10068283827233944
354,4,train,16,0.009662098057741592,0.09829597172693086,0.010137033922574059,0.10068283827233944
354,5,train,16,0.00730937199592892,0.08549486531908755,0.010137033922574059,0.10068283827233944
354,6,train,16,0.005724773633589167,0.07566223386597284,0.010137033922574059,0.10068283827233944
354,7,train,8,0.01574750297755117,0.12548905521021014,0.010137033922574059,0.10068283827233944
354,-1,train,120,0.010137033922574059,0.10068283827233944,0.010137033922574059,0.10068283827233944
355,0,train,16,0.008139117529256622,0.09021705786189563,0.009931896374427986,0.0996589001265215
355,1,train,16,0.009729102866695868,0.09863621478288727,0.009931896374427986,0.0996589001265215
355,2,train,16,0.008669902022534454,0.09311230865215647,0.009931896374427986,0.0996589001265215
355,3,train,16,0.011537340051281871,0.10741201074033514,0.009931896374427986,0.0996589001265215
355,4,train,16,0.020868730795837225,0.1444601356632245,0.009931896374427986,0.0996589001265215
355,5,train,16,0.0021783268074544193,0.04667254875678442,0.009931896374427986,0.0996589001265215
355,6,train,16,0.0054276063638808835,0.07367229033959026,0.009931896374427986,0.0996589001265215
355,7,train,8,0.01290504455848256,0.11360037217581005,0.009931896374427986,0.0996589001265215
355,-1,train,120,0.009931896374427986,0.0996589001265215,0.009931896374427986,0.0996589001265215
356,0,train,16,0.01157872836847951,0.10760449975944088,0.009342188202072573,0.09665499574296496
356,1,train,16,0.011752746374129413,0.10841008428245692,0.009342188202072573,0.09665499574296496
356,2,train,16,0.009054981386903438,0.09515766593871162,0.009342188202072573,0.09665499574296496
356,3,train,16,0.008595301238650216,0.09271084747024058,0.009342188202072573,0.09665499574296496
356,4,train,16,0.013326667668415042,0.11544118705390656,0.009342188202072573,0.09665499574296496
356,5,train,16,0.004186149223760186,0.06470045767813537,0.009342188202072573,0.09665499574296496
356,6,train,16,0.012310087887390032,0.11095083545151894,0.009342188202072573,0.09665499574296496
356,7,train,8,0.003932843468852755,0.06271238688530963,0.009342188202072573,0.09665499574296496
356,-1,train,120,0.009342188202072573,0.09665499574296496,0.009342188202072573,0.09665499574296496
357,0,train,16,0.005730690832270402,0.07570132648950348,0.00988561477529737,0.09942642895778452
357,1,train,16,0.014322728728714434,0.11967760328781002,0.00988561477529737,0.09942642895778452
357,2,train,16,0.007989907196216377,0.08938628080536955,0.00988561477529737,0.09942642895778452
357,3,train,16,0.005876842987568222,0.07666056996636682,0.00988561477529737,0.09942642895778452
357,4,train,16,0.01370306017196904,0.11706007078405958,0.00988561477529737,0.09942642895778452
357,5,train,16,0.007471950610462172,0.08644044545501933,0.00988561477529737,0.09942642895778452
357,6,train,16,0.0108273037687685,0.1040543308506114,0.00988561477529737,0.09942642895778452
357,7,train,8,0.013162433906409806,0.11472765101059904,0.00988561477529737,0.09942642895778452
357,-1,train,120,0.00988561477529737,0.09942642895778452,0.00988561477529737,0.09942642895778452
358,0,train,16,0.006465193357976585,0.08040642609876766,0.01033730884534407,0.10167255699225859
358,1,train,16,0.005834231182049977,0.07638213915602245,0.01033730884534407,0.10167255699225859
358,2,train,16,0.007015809950367885,0.08376043188981229,0.01033730884534407,0.10167255699225859
358,3,train,16,0.008066239607839015,0.08981224642463306,0.01033730884534407,0.10167255699225859
358,4,train,16,0.015686843819464384,0.12524713098296658,0.01033730884534407,0.10167255699225859
358,5,train,16,0.014649386998546125,0.12103465205694659,0.01033730884534407,0.10167255699225859
358,6,train,16,0.004276424052480447,0.06539437324786015,0.01033730884534407,0.10167255699225859
358,7,train,8,0.02070434179402816,0.14389003368554806,0.01033730884534407,0.10167255699225859
358,-1,train,120,0.01033730884534407,0.10167255699225859,0.01033730884534407,0.10167255699225859
359,0,train,16,0.007300168277192857,0.08544102221528518,0.009707288755942104,0.09852557412135239
359,1,train,16,0.014969458851065395,0.12234973988965156,0.009707288755942104,0.09852557412135239
359,2,train,16,0.01406989264928368,0.11861657830709701,0.009707288755942104,0.09852557412135239
359,3,train,16,0.005231203557512954,0.07232705964929691,0.009707288755942104,0.09852557412135239
359,4,train,16,0.0025706792872477865,0.05070186670377913,0.009707288755942104,0.09852557412135239
359,5,train,16,0.009020252907607397,0.09497501201688471,0.009707288755942104,0.09852557412135239
359,6,train,16,0.01329380811250333,0.11529877758460118,0.009707288755942104,0.09852557412135239
359,7,train,8,0.011202846405123429,0.10584349958841793,0.009707288755942104,0.09852557412135239
359,-1,train,120,0.009707288755942104,0.09852557412135239,0.009707288755942104,0.09852557412135239
360,0,train,16,0.010166335472180174,0.10082824739218754,0.009646649196263391,0.09821735689919267
360,1,train,16,0.012001023776810196,0.10954918428181104,0.009646649196263391,0.09821735689919267
360,2,train,16,0.006153847983653469,0.07844646571805175,0.009646649196263391,0.09821735689919267
360,3,train,16,0.007054966010716511,0.08399384507638945,0.009646649196263391,0.09821735689919267
360,4,train,16,0.007462370998439552,0.08638501605278286,0.009646649196263391,0.09821735689919267
360,5,train,16,0.010411103008190897,0.10203481272678898,0.009646649196263391,0.09821735689919267
360,6,train,16,0.013218219542945992,0.11497051597233958,0.009646649196263391,0.09821735689919267
360,7,train,8,0.010705326777170338,0.10346654907345822,0.009646649196263391,0.09821735689919267
360,-1,train,120,0.009646649196263391,0.09821735689919267,0.009646649196263391,0.09821735689919267
361,0,train,16,0.012449782130218825,0.11157859172000167,0.0091355975702765,0.09558031999463332
361,1,train,16,0.007293743068284469,0.08540341368051085,0.0091355975702765,0.09558031999463332
361,2,train,16,0.013665329342530147,0.1168987995769424,0.0091355975702765,0.09558031999463332
361,3,train,16,0.0036278914273841258,0.0602319801051246,0.0091355975702765,0.09558031999463332
361,4,train,16,0.0037260246924057773,0.06104117210871509,0.0091355975702765,0.09558031999463332
361,5,train,16,0.012858076552789111,0.11339345903882248,0.0091355975702765,0.09558031999463332
361,6,train,16,0.016495590903479858,0.12843516225504548,0.0091355975702765,0.09558031999463332
361,7,train,8,0.002968342445119687,0.05448249668581357,0.0091355975702765,0.09558031999463332
361,-1,train,120,0.0091355975702765,0.09558031999463332,0.0091355975702765,0.09558031999463332
362,0,train,16,0.012120050952183332,0.11009110296560451,0.009714069832390648,0.09855998088672019
362,1,train,16,0.009595887007232417,0.09795859843440195,0.009714069832390648,0.09855998088672019
362,2,train,16,0.004079437723198841,0.0638704761466426,0.009714069832390648,0.09855998088672019
362,3,train,16,0.014861890911234488,0.1219093553064509,0.009714069832390648,0.09855998088672019
362,4,train,16,0.01088021405419447,0.10430826455365111,0.009714069832390648,0.09855998088672019
362,5,train,16,0.007036213598779428,0.08388214111942678,0.009714069832390648,0.09855998088672019
362,6,train,16,0.0064113421885449925,0.08007085729867636,0.009714069832390648,0.09855998088672019
362,7,train,8,0.01272752222375723,0.11281632073311569,0.009714069832390648,0.09855998088672019
362,-1,train,120,0.009714069832390648,0.09855998088672019,0.009714069832390648,0.09855998088672019
363,0,train,16,0.01841437618434822,0.13569958063438597,0.009613039581448971,0.09804610946615358
363,1,train,16,0.00405475125665212,0.06367692876271688,0.009613039581448971,0.09804610946615358
363,2,train,16,0.012952810349874652,0.11381041406600123,0.009613039581448971,0.09804610946615358
363,3,train,16,0.009530112533473203,0.09762229526841296,0.009613039581448971,0.09804610946615358
363,4,train,16,0.0019166760885678852,0.043779859394108216,0.009613039581448971,0.09804610946615358
363,5,train,16,0.003026143700488934,0.05501039629459993,0.009613039581448971,0.09804610946615358
363,6,train,16,0.015554344090269845,0.12471705613214996,0.009613039581448971,0.09804610946615358
363,7,train,8,0.011455102447916912,0.10702851231292021,0.009613039581448971,0.09804610946615358
363,-1,train,120,0.009613039581448971,0.09804610946615358,0.009613039581448971,0.09804610946615358
364,0,train,16,0.001863927954712875,0.04317323192341378,0.00929962671275211,0.09643457218628654
364,1,train,16,0.014072506585826317,0.11862759622375528,0.00929962671275211,0.09643457218628654
364,2,train,16,0.007180063888520566,0.08473525764710087,0.00929962671275211,0.09643457218628654
364,3,train,16,0.003408655075959306,0.058383688440859116,0.00929962671275211,0.09643457218628654
364,4,train,16,0.011455903951769729,0.10703225659477487,0.00929962671275211,0.09643457218628654
364,5,train,16,0.016689536671221417,0.12918798965546843,0.00929962671275211,0.09643457218628654
364,6,train,16,0.012866262705812374,0.11342954952662192,0.00929962671275211,0.09643457218628654
364,7,train,8,0.006860156868194288,0.08282606394242267,0.00929962671275211,0.09643457218628654
364,-1,train,120,0.00929962671275211,0.09643457218628654,0.00929962671275211,0.09643457218628654
365,0,train,16,0.005053725107194184,0.07108955694892313,0.008898019516234815,0.09432931419359952
365,1,train,16,0.003270316719105171,0.05718668305737946,0.008898019516234815,0.09432931419359952
365,2,train,16,0.01080383656350299,0.10394150548988114,0.008898019516234815,0.09432931419359952
365,3,train,16,0.012834206048395774,0.11328815493420208,0.008898019516234815,0.09432931419359952
365,4,train,16,0.014306471224888567,0.11960966192113648,0.008898019516234815,0.09432931419359952
365,5,train,16,0.011689163060553445,0.10811643288859213,0.008898019516234815,0.09432931419359952
365,6,train,16,0.01223813256186993,0.11062609349457266,0.008898019516234815,0.09432931419359952
365,7,train,8,0.0009883048443684662,0.03143731611267835,0.008898019516234815,0.09432931419359952
365,-1,train,120,0.008898019516234815,0.09432931419359952,0.008898019516234815,0.09432931419359952
366,0,train,16,0.012526910783974781,0.11192368285566189,0.009104550047592072,0.09541776589080292
366,1,train,16,0.0023356797342381267,0.048328870607930896,0.009104550047592072,0.09541776589080292
366,2,train,16,0.011256030125474447,0.10609443965389725,0.009104550047592072,0.09541776589080292
366,3,train,16,0.002772257932450217,0.05265223577826698,0.009104550047592072,0.09541776589080292
366,4,train,16,0.009825795481895157,0.09912515060213103,0.009104550047592072,0.09541776589080292
366,5,train,16,0.015593735097803546,0.12487487776892335,0.009104550047592072,0.09541776589080292
366,6,train,16,0.013835336865022658,0.11762370877090493,0.009104550047592072,0.09541776589080292
366,7,train,8,0.004690654359877642,0.0684883520014728,0.009104550047592072,0.09541776589080292
366,-1,train,120,0.009104550047592072,0.09541776589080292,0.009104550047592072,0.09541776589080292
367,0,train,16,0.012935235410957055,0.1137331763864751,0.009534315886333345,0.09764382154715856
367,1,train,16,0.011906399884957383,0.10911645102805252,0.009534315886333345,0.09764382154715856
367,2,train,16,0.014443617159609925,0.1201816007532348,0.009534315886333345,0.09764382154715856
367,3,train,16,0.010796808406800315,0.1039076917595628,0.009534315886333345,0.09764382154715856
367,4,train,16,0.002513878052445553,0.050138588456851804,0.009534315886333345,0.09764382154715856
367,5,train,16,0.0052311212167833404,0.07232649042213607,0.009534315886333345,0.09764382154715856
367,6,train,16,0.006532932522537602,0.08082655827472553,0.009534315886333345,0.09764382154715856
367,7,train,8,0.01191453443657558,0.10915371929794962,0.009534315886333345,0.09764382154715856
367,-1,train,120,0.009534315886333345,0.09764382154715856,0.009534315886333345,0.09764382154715856
368,0,train,16,0.009340523691287527,0.09664638478126084,0.010606990779090565,0.10299024603859612
368,1,train,16,0.013515456722818004,0.11625599650262348,0.010606990779090565,0.10299024603859612
368,2,train,16,0.0023988110757264627,0.04897765894493593,0.010606990779090565,0.10299024603859612
368,3,train,16,0.0025414939091884386,0.05041323148924733,0.010606990779090565,0.10299024603859612
368,4,train,16,0.011989056743233912,0.10949455120339967,0.010606990779090565,0.10299024603859612
368,5,train,16,0.00915662004680788,0.09569022963086607,0.010606990779090565,0.10299024603859612
368,6,train,16,0.006381498200670799,0.07988428005978898,0.010606990779090565,0.10299024603859612
368,7,train,8,0.02953246584299149,0.1718501261069991,0.010606990779090565,0.10299024603859612
368,-1,train,120,0.010606990779090565,0.10299024603859612,0.010606990779090565,0.10299024603859612
369,0,train,16,0.013736239188156186,0.1172017030087711,0.010364905066121657,0.10180817779590035
369,1,train,16,0.010431723276051515,0.10213580800116831,0.010364905066121657,0.10180817779590035
369,2,train,16,0.007482647081400578,0.0865022952377599,0.010364905066121657,0.10180817779590035
369,3,train,16,0.006278324049039499,0.07923587602241487,0.010364905066121657,0.10180817779590035
369,4,train,16,0.014162637940355337,0.11900688190333926,0.010364905066121657,0.10180817779590035
369,5,train,16,0.002936406466707733,0.054188619346757054,0.010364905066121657,0.10180817779590035
369,6,train,16,0.0018585831827420025,0.04311128834472478,0.010364905066121657,0.10180817779590035
369,7,train,8,0.02603267934452041,0.16134645748983895,0.010364905066121657,0.10180817779590035
369,-1,train,120,0.010364905066121657,0.10180817779590035,0.010364905066121657,0.10180817779590035
370,0,train,16,0.00937867690533315,0.09684356925130935,0.009416739820216,0.09703988777928384
370,1,train,16,0.012260426963805346,0.11072681230761294,0.009416739820216,0.09703988777928384
370,2,train,16,0.012480373743972576,0.11171559311023943,0.009416739820216,0.09703988777928384
370,3,train,16,0.00794940217422632,0.08915941999713951,0.009416739820216,0.09703988777928384
370,4,train,16,0.0078771519166046,0.08875332059480705,0.009416739820216,0.09703988777928384
370,5,train,16,0.008444477376150958,0.09189383753087559,0.009416739820216,0.09703988777928384
370,6,train,16,0.005836609275223085,0.07639770464629866,0.009416739820216,0.09703988777928384
370,7,train,8,0.011106800206411974,0.10538880493872191,0.009416739820216,0.09703988777928384
370,-1,train,120,0.009416739820216,0.09703988777928384,0.009416739820216,0.09703988777928384
371,0,train,16,0.0063024738092282515,0.07938812133580346,0.008877795300962681,0.09422205315616233
371,1,train,16,0.016550835495723455,0.1286500505080486,0.008877795300962681,0.09422205315616233
371,2,train,16,0.006257696095764921,0.07910560091273514,0.008877795300962681,0.09422205315616233
371,3,train,16,0.015108842617921319,0.12291803211051387,0.008877795300962681,0.09422205315616233
371,4,train,16,0.012356288281572583,0.11115884257031729,0.008877795300962681,0.09422205315616233
371,5,train,16,0.00644912901866925,0.08030646934506117,0.008877795300962681,0.09422205315616233
371,6,train,16,0.004783696553925165,0.06916427223592514,0.008877795300962681,0.09422205315616233
371,7,train,8,0.0032134005348965133,0.056686863865418706,0.008877795300962681,0.09422205315616233
371,-1,train,120,0.008877795300962681,0.09422205315616233,0.008877795300962681,0.09422205315616233
372,0,train,16,0.015056939360054745,0.12270672092454735,0.009939249967603873,0.099695787110609
372,1,train,16,0.014228117627201619,0.11928167347585973,0.009939249967603873,0.099695787110609
372,2,train,16,0.014597371690066427,0.12081958322253238,0.009939249967603873,0.099695787110609
372,3,train,16,0.0028919755273315475,0.053777091101430426,0.009939249967603873,0.099695787110609
372,4,train,16,0.002391285142840261,0.04890076832566397,0.009939249967603873,0.099695787110609
372,5,train,16,0.006336547584347932,0.07960243453782008,0.009939249967603873,0.099695787110609
372,6,train,16,0.003367704693599967,0.05803192822576178,0.009939249967603873,0.099695787110609
372,7,train,8,0.020644058115388497,0.1436804026838333,0.009939249967603873,0.099695787110609
372,-1,train,120,0.009939249967603873,0.099695787110609,0.009939249967603873,0.099695787110609
373,0,train,16,0.009067913992530784,0.09522559525952455,0.00871590909256175,0.09335903326706929
373,1,train,16,0.00797872059561337,0.0893236844046044,0.00871590909256175,0.09335903326706929
373,2,train,16,0.01089376927350573,0.10437322105552616,0.00871590909256175,0.09335903326706929
373,3,train,16,0.015571545925862235,0.12478600052033977,0.00871590909256175,0.09335903326706929
373,4,train,16,0.013802030701498333,0.11748204416632498,0.00871590909256175,0.09335903326706929
373,5,train,16,0.00752645160418821,0.08675512436846719,0.00871590909256175,0.09335903326706929
373,6,train,16,0.0033701563064022404,0.05805304734811292,0.00871590909256175,0.09335903326706929
373,7,train,8,0.0015166843408931064,0.03894463173395155,0.00871590909256175,0.09335903326706929
373,-1,train,120,0.00871590909256175,0.09335903326706929,0.00871590909256175,0.09335903326706929
374,0,train,16,0.006554581546573837,0.08096037022255911,0.009161541581097152,0.09571594214704858
374,1,train,16,0.014617772482871449,0.12090398042608626,0.009161541581097152,0.09571594214704858
374,2,train,16,0.008336722706285276,0.09130565539048102,0.009161541581097152,0.09571594214704858
374,3,train,16,0.00698888669139956,0.08359956155028303,0.009161541581097152,0.09571594214704858
374,4,train,16,0.02255409281729175,0.15018020114945826,0.009161541581097152,0.09571594214704858
374,5,train,16,0.0027711397302072937,0.052641615953609305,0.009161541581097152,0.09571594214704858
374,6,train,16,0.0022555274913379697,0.04749239403670834,0.009161541581097152,0.09571594214704858
374,7,train,8,0.009213609182810075,0.09598754701944454,0.009161541581097152,0.09571594214704858
374,-1,train,120,0.009161541581097152,0.09571594214704858,0.009161541581097152,0.09571594214704858
375,0,train,16,0.017850937829221387,0.13360740185042663,0.00871835082486724,0.09337210945923435
375,1,train,16,0.006698174129734549,0.081842373680964,0.00871835082486724,0.09337210945923435
375,2,train,16,0.0073708027108752155,0.08585337914651477,0.00871835082486724,0.09337210945923435
375,3,train,16,0.00750703011042361,0.08664311923299858,0.00871835082486724,0.09337210945923435
375,4,train,16,0.0057249056150920795,0.0756631060365095,0.00871835082486724,0.09337210945923435
375,5,train,16,0.007033690563131708,0.08386710060048402,0.00871835082486724,0.09337210945923435
375,6,train,16,0.015039660038019325,0.12263629168406603,0.00871835082486724,0.09337210945923435
375,7,train,8,0.002521605602440057,0.050215591228621986,0.00871835082486724,0.09337210945923435
375,-1,train,120,0.00871835082486724,0.09337210945923435,0.00871835082486724,0.09337210945923435
376,0,train,16,0.006349769415917488,0.07968544042620011,0.008673097611002954,0.09312946693180926
376,1,train,16,0.004537924157630679,0.06736411624619355,0.008673097611002954,0.09312946693180926
376,2,train,16,0.019623725286175984,0.14008470753860316,0.008673097611002954,0.09312946693180926
376,3,train,16,0.007261455175221887,0.08521417238477345,0.008673097611002954,0.09312946693180926
376,4,train,16,0.017764264480765346,0.13328264883609323,0.008673097611002954,0.09312946693180926
376,5,train,16,0.0018668173894857963,0.04320668223187006,0.008673097611002954,0.09312946693180926
376,6,train,16,0.00987378250092042,0.09936690848024014,0.008673097611002954,0.09312946693180926
376,7,train,8,0.002107042481906029,0.04590253241277684,0.008673097611002954,0.09312946693180926
376,-1,train,120,0.008673097611002954,0.09312946693180926,0.008673097611002954,0.09312946693180926
377,0,train,16,0.011614222903389555,0.10776930408696882,0.009274335967330984,0.09630335387374099
377,1,train,16,0.003777474121647784,0.06146115945577161,0.009274335967330984,0.09630335387374099
377,2,train,16,0.01294898218552909,0.11379359465949342,0.009274335967330984,0.09630335387374099
377,3,train,16,0.007559756014994185,0.08694685741873702,0.009274335967330984,0.09630335387374099
377,4,train,16,0.013837222525113435,0.11763172414409913,0.009274335967330984,0.09630335387374099
377,5,train,16,0.0068720044768013164,0.0828975541062661,0.009274335967330984,0.09630335387374099
377,6,train,16,0.005339455175146002,0.07307157569907742,0.009274335967330984,0.09630335387374099
377,7,train,8,0.012245570336026515,0.11065970511449284,0.009274335967330984,0.09630335387374099
377,-1,train,120,0.009274335967330984,0.09630335387374099,0.009274335967330984,0.09630335387374099
378,0,train,16,0.004424983292903897,0.06652054789990756,0.008720647995139634,0.09338440980773843
378,1,train,16,0.014829344539342666,0.12177579619671007,0.008720647995139634,0.09338440980773843
378,2,train,16,0.010547147391715554,0.10269930570220791,0.008720647995139634,0.09338440980773843
378,3,train,16,0.009794103805973625,0.0989651646084299,0.008720647995139634,0.09338440980773843
378,4,train,16,0.016923632364082973,0.13009086195456995,0.008720647995139634,0.09338440980773843
378,5,train,16,0.007065391118566996,0.08405588092791007,0.008720647995139634,0.09338440980773843
378,6,train,16,0.0024652509836277296,0.04965129387667284,0.008720647995139634,0.09338440980773843
378,7,train,8,0.003715330464903635,0.06095351068563348,0.008720647995139634,0.09338440980773843
378,-1,train,120,0.008720647995139634,0.09338440980773843,0.008720647995139634,0.09338440980773843
379,0,train,16,0.012556548708254203,0.11205600701548402,0.008877806722878108,0.0942221137678311
379,1,train,16,0.009055356283131442,0.09515963578708907,0.008877806722878108,0.0942221137678311
379,2,train,16,0.0038045728139700216,0.061681219297043906,0.008877806722878108,0.0942221137678311
379,3,train,16,0.004582425308546004,0.06769361349895575,0.008877806722878108,0.0942221137678311
379,4,train,16,0.004850323342830317,0.06964426281346021,0.008877806722878108,0.0942221137678311
379,5,train,16,0.010635552087250963,0.10312881307981278,0.008877806722878108,0.0942221137678311
379,6,train,16,0.018862193567456418,0.13733970135199952,0.008877806722878108,0.0942221137678311
379,7,train,8,0.006675481671585487,0.08170362092089607,0.008877806722878108,0.0942221137678311
379,-1,train,120,0.008877806722878108,0.0942221137678311,0.008877806722878108,0.0942221137678311
380,0,train,16,0.006803105674668011,0.08248094128141367,0.008806007166573994,0.09384032803956939
380,1,train,16,0.012137247862373631,0.11016917836842403,0.008806007166573994,0.09384032803956939
380,2,train,16,0.0019702458286529655,0.044387451252048314,0.008806007166573994,0.09384032803956939
380,3,train,16,0.011452547738096999,0.10701657693131938,0.008806007166573994,0.09384032803956939
380,4,train,16,0.005707519625127619,0.07554812787308246,0.008806007166573994,0.09384032803956939
380,5,train,16,0.009735889745781826,0.0986706123715761,0.008806007166573994,0.09384032803956939
380,6,train,16,0.016744918506012545,0.12940215804233152,0.008806007166573994,0.09384032803956939
380,7,train,8,0.005896582351878356,0.07678920726168721,0.008806007166573994,0.09384032803956939
380,-1,train,120,0.008806007166573994,0.09384032803956939,0.008806007166573994,0.09384032803956939
381,0,train,16,0.013255827961255467,0.11513395659515688,0.009181344550242223,0.09581933286264428
381,1,train,16,0.014512100517121443,0.1204661799723119,0.009181344550242223,0.09581933286264428
381,2,train,16,0.001994871537733748,0.04466398479461666,0.009181344550242223,0.09581933286264428
381,3,train,16,0.007869291570179848,0.08870902755740166,0.009181344550242223,0.09581933286264428
381,4,train,16,0.009153380061455777,0.09567329858145258,0.009181344550242223,0.09581933286264428
381,5,train,16,0.008774412935204968,0.09367183640350481,0.009181344550242223,0.09581933286264428
381,6,train,16,0.005590376341920246,0.07476881931607751,0.009181344550242223,0.09581933286264428
381,7,train,8,0.012300495477066294,0.11090759882472569,0.009181344550242223,0.09581933286264428
381,-1,train,120,0.009181344550242223,0.09581933286264428,0.009181344550242223,0.09581933286264428
382,0,train,16,0.00903970643509459,0.09507737078345505,0.009392127053136499,0.0969129870199887
382,1,train,16,0.012702135454971477,0.11270375084695042,0.009392127053136499,0.0969129870199887
382,2,train,16,0.0035452239652838365,0.059541783356596205,0.009392127053136499,0.0969129870199887
382,3,train,16,0.005925653151347916,0.07697826414870575,0.009392127053136499,0.0969129870199887
382,4,train,16,0.007129889357957586,0.08443867217073932,0.009392127053136499,0.0969129870199887
382,5,train,16,0.010224533060908515,0.10111643318921269,0.009392127053136499,0.0969129870199887
382,6,train,16,0.010480885986949823,0.10237619834194774,0.009392127053136499,0.0969129870199887
382,7,train,8,0.016088989012578256,0.1268423786144767,0.009392127053136499,0.0969129870199887
382,-1,train,120,0.009392127053136499,0.0969129870199887,0.009392127053136499,0.0969129870199887
383,0,train,16,0.015851879568926627,0.12590424762066857,0.008570332980196644,0.09257609291926638
383,1,train,16,0.006906415644910431,0.08310484730092722,0.008570332980196644,0.09257609291926638
383,2,train,16,0.001949426567420883,0.0441523110088349,0.008570332980196644,0.09257609291926638
383,3,train,16,0.014682374617847844,0.12117084887813506,0.008570332980196644,0.09257609291926638
383,4,train,16,0.005299331347899274,0.07279650642647127,0.008570332980196644,0.09257609291926638
383,5,train,16,0.01331529988367335,0.11539194028905723,0.008570332980196644,0.09257609291926638
383,6,train,16,0.007227928405513795,0.0850172241696575,0.008570332980196644,0.09257609291926638
383,7,train,8,0.0033300078053809536,0.05770621981537998,0.008570332980196644,0.09257609291926638
383,-1,train,120,0.008570332980196644,0.09257609291926638,0.008570332980196644,0.09257609291926638
384,0,train,16,0.00611286145395037,0.07818479042595414,0.00852380982623833,0.0923244811858606
384,1,train,16,0.014140223086398507,0.11891266999945173,0.00852380982623833,0.0923244811858606
384,2,train,16,0.011633506676151067,0.10785873481619868,0.00852380982623833,0.0923244811858606
384,3,train,16,0.011364537710304915,0.10660458578459425,0.00852380982623833,0.0923244811858606
384,4,train,16,0.013298091794225905,0.11531735252868887,0.00852380982623833,0.0923244811858606
384,5,train,16,0.0024606032585958977,0.04960446813136794,0.00852380982623833,0.0923244811858606
384,6,train,16,0.006206479997610109,0.07878121602012823,0.00852380982623833,0.0923244811858606
384,7,train,8,0.0029741746326698544,0.054535993918419186,0.00852380982623833,0.0923244811858606
384,-1,train,120,0.00852380982623833,0.0923244811858606,0.00852380982623833,0.0923244811858606
385,0,train,16,0.010596620733146354,0.10293988893109587,0.00899701251106592,0.09485258304899197
385,1,train,16,0.004465856629895397,0.0668270651001179,0.00899701251106592,0.09485258304899197
385,2,train,16,0.0017548373215269595,0.04189077847840691,0.00899701251106592,0.09485258304899197
385,3,train,16,0.014644012062640686,0.12101244589975316,0.00899701251106592,0.09485258304899197
385,4,train,16,0.007971206280976797,0.08928161222209642,0.00899701251106592,0.09485258304899197
385,5,train,16,0.010041021542859036,0.10020489779875551,0.00899701251106592,0.09485258304899197
385,6,train,16,0.01146954132829671,0.10709594449976484,0.00899701251106592,0.09485258304899197
385,7,train,8,0.011033004189185413,0.10503810827116705,0.00899701251106592,0.09485258304899197
385,-1,train,120,0.00899701251106592,0.09485258304899197,0.00899701251106592,0.09485258304899197
386,0,train,16,0.00659276074710038,0.0811958173005259,0.009248410382090384,0.09616865592328086
386,1,train,16,0.006567359644997878,0.08103924755942567,0.009248410382090384,0.09616865592328086
386,2,train,16,0.002160195833270741,0.04647790693728302,0.009248410382090384,0.09616865592328086
386,3,train,16,0.021112525924019836,0.14530150007491263,0.009248410382090384,0.09616865592328086
386,4,train,16,0.0070825807724630525,0.08415807015648026,0.009248410382090384,0.09616865592328086
386,5,train,16,0.006135890857378497,0.07833192744582822,0.009248410382090384,0.09616865592328086
386,6,train,16,0.009049494480516803,0.0951288309636821,0.009248410382090384,0.09616865592328086
386,7,train,8,0.015286474796975888,0.1236384842877649,0.009248410382090384,0.09616865592328086
386,-1,train,120,0.009248410382090384,0.09616865592328086,0.009248410382090384,0.09616865592328086
387,0,train,16,0.007233664648570291,0.08505095324903943,0.009004766806959129,0.09489344975792127
387,1,train,16,0.007990275841075551,0.08938834287017268,0.009004766806959129,0.09489344975792127
387,2,train,16,0.011109625550413432,0.10540220847028506,0.009004766806959129,0.09489344975792127
387,3,train,16,0.006430895835477105,0.08019286648746947,0.009004766806959129,0.09489344975792127
387,4,train,16,0.012563986481321487,0.11208918985041103,0.009004766806959129,0.09489344975792127
387,5,train,16,0.00953560318982324,0.09765041315746309,0.009004766806959129,0.09489344975792127
387,6,train,16,0.005120994238308677,0.07156112239413714,0.009004766806959129,0.09489344975792127
387,7,train,8,0.012053088670683242,0.10978655960855702,0.009004766806959129,0.09489344975792127
387,-1,train,120,0.009004766806959129,0.09489344975792127,0.009004766806959129,0.09489344975792127
388,0,train,16,0.010589551492133637,0.10290554645952586,0.008583759929105261,0.09264858298487495
388,1,train,16,0.0025899266487416665,0.050891321939419754,0.008583759929105261,0.09264858298487495
388,2,train,16,0.01779572978189504,0.13340063636240662,0.008583759929105261,0.09264858298487495
388,3,train,16,0.013406192689792285,0.115785114284144,0.008583759929105261,0.09264858298487495
388,4,train,16,0.011006758985601236,0.1049131020683367,0.008583759929105261,0.09264858298487495
388,5,train,16,0.001986431160613015,0.04456939713091276,0.008583759929105261,0.09264858298487495
388,6,train,16,0.00571408422848565,0.07559156188679825,0.008583759929105261,0.09264858298487495
388,7,train,8,0.005581404445579552,0.07470879764512044,0.008583759929105261,0.09264858298487495
388,-1,train,120,0.008583759929105261,0.09264858298487495,0.008583759929105261,0.09264858298487495
389,0,train,16,0.014514103072464386,0.12047449137665776,0.008363613591319211,0.09145279433302851
389,1,train,16,0.004733029315666576,0.06879701531074278,0.008363613591319211,0.09145279433302851
389,2,train,16,0.008926603754879636,0.09448070572809898,0.008363613591319211,0.09145279433302851
389,3,train,16,0.011952310365777893,0.10932662240176404,0.008363613591319211,0.09145279433302851
389,4,train,16,0.004471503417953108,0.06686930101289461,0.008363613591319211,0.09145279433302851
389,5,train,16,0.007282624397195644,0.08533829384980487,0.008363613591319211,0.09145279433302851
389,6,train,16,0.012390904171887592,0.11131443829031161,0.008363613591319211,0.09145279433302851
389,7,train,8,0.0026378302347288543,0.05135981147481807,0.008363613591319211,0.09145279433302851
389,-1,train,120,0.008363613591319211,0.09145279433302851,0.008363613591319211,0.09145279433302851
390,0,train,16,0.00682265236080401,0.08259934842844713,0.008868047435852901,0.0941703107983238
390,1,train,16,0.004448346701820995,0.06669592717566039,0.008868047435852901,0.0941703107983238
390,2,train,16,0.005558702224386209,0.0745567047580981,0.008868047435852901,0.0941703107983238
390,3,train,16,0.004648326602159312,0.0681786374325515,0.008868047435852901,0.0941703107983238
390,4,train,16,0.009370166693314249,0.0967996213490231,0.008868047435852901,0.0941703107983238
390,5,train,16,0.011360981978309353,0.10658790727990372,0.008868047435852901,0.0941703107983238
390,6,train,16,0.01793200881733898,0.13391045073980962,0.008868047435852901,0.0941703107983238
390,7,train,8,0.010803194108690097,0.10393841498065139,0.008868047435852901,0.0941703107983238
390,-1,train,120,0.008868047435852901,0.0941703107983238,0.008868047435852901,0.0941703107983238
391,0,train,16,0.0116669563196891,0.10801368579809274,0.008825186191023427,0.09394246212987728
391,1,train,16,0.005946745808425644,0.07711514642679247,0.008825186191023427,0.09394246212987728
391,2,train,16,0.004849761351999359,0.0696402279720519,0.008825186191023427,0.09394246212987728
391,3,train,16,0.018244576798156137,0.13507248719911888,0.008825186191023427,0.09394246212987728
391,4,train,16,0.0029132927115056825,0.053974926692916245,0.008825186191023427,0.09394246212987728
391,5,train,16,0.005582517370142849,0.07471624569089944,0.008825186191023427,0.09394246212987728
391,6,train,16,0.01059824591148905,0.10294778245056593,0.008825186191023427,0.09394246212987728
391,7,train,8,0.010799393256779585,0.10392012921845115,0.008825186191023427,0.09394246212987728
391,-1,train,120,0.008825186191023427,0.09394246212987728,0.008825186191023427,0.09394246212987728
392,0,train,16,0.004348530528915975,0.06594338881886473,0.008783948101607972,0.09372271923929636
392,1,train,16,0.0021697230443556243,0.04658028600551551,0.008783948101607972,0.09372271923929636
392,2,train,16,0.005427876477642577,0.07367412352816,0.008783948101607972,0.09372271923929636
392,3,train,16,0.01150303826749155,0.10725221800732863,0.008783948101607972,0.09372271923929636
392,4,train,16,0.013527582066644653,0.11630813413792113,0.008783948101607972,0.09372271923929636
392,5,train,16,0.01212591988367206,0.1101177546250924,0.008783948101607972,0.09372271923929636
392,6,train,16,0.010655024311299449,0.1032231772001785,0.008783948101607972,0.09372271923929636
392,7,train,8,0.010513890232841886,0.10253726265529954,0.008783948101607972,0.09372271923929636
392,-1,train,120,0.008783948101607972,0.09372271923929636,0.008783948101607972,0.09372271923929636
393,0,train,16,0.0024291837857754427,0.0492867506108431,0.00875856027019165,0.0935871800525673
393,1,train,16,0.021620362640863897,0.14703864335902958,0.00875856027019165,0.0935871800525673
393,2,train,16,0.0077264724264342,0.08790035509845338,0.00875856027019165,0.0935871800525673
393,3,train,16,0.0031311407949075444,0.055956597420746955,0.00875856027019165,0.0935871800525673
393,4,train,16,0.014525082571991341,0.12052005049779618,0.00875856027019165,0.0935871800525673
393,5,train,16,0.0021973107864365596,0.04687548171951473,0.00875856027019165,0.0935871800525673
393,6,train,16,0.008028338947625247,0.08960099858609416,0.00875856027019165,0.0935871800525673
393,7,train,8,0.010410590207498963,0.10203229982460928,0.00875856027019165,0.0935871800525673
393,-1,train,120,0.00875856027019165,0.0935871800525673,0.00875856027019165,0.0935871800525673
394,0,train,16,0.011362393091958084,0.10659452655722096,0.008356045909249906,0.09141141016990115
394,1,train,16,0.011694469189820419,0.10814096906270268,0.008356045909249906,0.09141141016990115
394,2,train,16,0.0109661729421443,0.10471949647579623,0.008356045909249906,0.09141141016990115
394,3,train,16,0.011110459636126852,0.10540616507646434,0.008356045909249906,0.09141141016990115
394,4,train,16,0.01003206001831166,0.10016017181650429,0.008356045909249906,0.09141141016990115
394,5,train,16,0.004580453208774765,0.06767904556636983,0.008356045909249906,0.09141141016990115
394,6,train,16,0.0028899998297028276,0.053758718638959646,0.008356045909249906,0.09141141016990115
394,7,train,8,0.004212359357160347,0.0649026914477385,0.008356045909249906,0.09141141016990115
394,-1,train,120,0.008356045909249906,0.09141141016990115,0.008356045909249906,0.09141141016990115
395,0,train,16,0.010193735683501527,0.1009640316325647,0.008691641166101645,0.09322897170998748
395,1,train,16,0.0116867093972762,0.10810508497418704,0.008691641166101645,0.09322897170998748
395,2,train,16,0.005713215088728948,0.0755858127476906,0.008691641166101645,0.09322897170998748
395,3,train,16,0.0032525364202646368,0.05703101279360763,0.008691641166101645,0.09322897170998748
395,4,train,16,0.01152101599344355,0.10733599579564887,0.008691641166101645,0.09322897170998748
395,5,train,16,0.006379186596899756,0.0798698102971314,0.008691641166101645,0.09322897170998748
395,6,train,16,0.010708875709671752,0.10348369779666627,0.008691641166101645,0.09322897170998748
395,7,train,8,0.010077854439026795,0.10038851746602694,0.008691641166101645,0.09322897170998748
395,-1,train,120,0.008691641166101645,0.09322897170998748,0.008691641166101645,0.09322897170998748
396,0,train,16,0.0022182009723972318,0.047097780971052466,0.008690324354497203,0.09322190919787689
396,1,train,16,0.004995844184273714,0.0706812859551502,0.008690324354497203,0.09322190919787689
396,2,train,16,0.018587567632206765,0.13633623007919343,0.008690324354497203,0.09322190919787689
396,3,train,16,0.00255711244953504,0.050567899398086924,0.008690324354497203,0.09322190919787689
396,4,train,16,0.00789114350090179,0.0888321085019476,0.008690324354497203,0.09322190919787689
396,5,train,16,0.009698117214118441,0.09847901915696786,0.008690324354497203,0.09322190919787689
396,6,train,16,0.01291566062459085,0.11364708806032317,0.008690324354497203,0.09322190919787689
396,7,train,8,0.010658948257953797,0.10324218255128956,0.008690324354497203,0.09322190919787689
396,-1,train,120,0.008690324354497203,0.09322190919787689,0.008690324354497203,0.09322190919787689
397,0,train,16,0.0026466712947124747,0.05144580930175435,0.008867948687427827,0.09416978648923352
397,1,train,16,0.00784748222131479,0.08858601594673275,0.008867948687427827,0.09416978648923352
397,2,train,16,0.014133906117097333,0.11888610565199506,0.008867948687427827,0.09416978648923352
397,3,train,16,0.011327679898800071,0.10643157378710545,0.008867948687427827,0.09416978648923352
397,4,train,16,0.006384213378654036,0.0799012726973359,0.008867948687427827,0.09416978648923352
397,5,train,16,0.005169846756465516,0.07190164640997809,0.008867948687427827,0.09416978648923352
397,6,train,16,0.009532799758266108,0.09763605767474487,0.008867948687427827,0.09416978648923352
397,7,train,8,0.013900990074112284,0.11790246000025735,0.008867948687427827,0.09416978648923352
397,-1,train,120,0.008867948687427827,0.09416978648923352,0.008867948687427827,0.09416978648923352
398,0,train,16,0.004679952112170276,0.0684101755016772,0.008410341121879727,0.09170791199171273
398,1,train,16,0.012110498748475812,0.1100477112368804,0.008410341121879727,0.09170791199171273
398,2,train,16,0.00618179703933181,0.07862440485836322,0.008410341121879727,0.09170791199171273
398,3,train,16,0.010350740672008175,0.10173858988608096,0.008410341121879727,0.09170791199171273
398,4,train,16,0.007009331135138642,0.08372174828047156,0.008410341121879727,0.09170791199171273
398,5,train,16,0.003963143527907251,0.06295350290418517,0.008410341121879727,0.09170791199171273
398,6,train,16,0.015931188658750043,0.12621881261820697,0.008410341121879727,0.09170791199171273
398,7,train,8,0.007056077081255796,0.08400045881574573,0.008410341121879727,0.09170791199171273
398,-1,train,120,0.008410341121879727,0.09170791199171273,0.008410341121879727,0.09170791199171273
399,0,train,16,0.01026725306270286,0.10132745463448127,0.008496530272977356,0.09217662541543467
399,1,train,16,0.002754704615774641,0.05248527999139036,0.008496530272977356,0.09217662541543467
399,2,train,16,0.007849183554079195,0.0885956181426553,0.008496530272977356,0.09217662541543467
399,3,train,16,0.0018457810714222998,0.04296255429350424,0.008496530272977356,0.09217662541543467
399,4,train,16,0.01147165778540618,0.10710582517027811,0.008496530272977356,0.09217662541543467
399,5,train,16,0.012416654013070615,0.11143004089145178,0.008496530272977356,0.09217662541543467
399,6,train,16,0.012631037385423035,0.11238788807261677,0.008496530272977356,0.09217662541543467
399,7,train,8,0.00873597069594002,0.09346641480200266,0.008496530272977356,0.09217662541543467
399,-1,train,120,0.008496530272977356,0.09217662541543467,0.008496530272977356,0.09217662541543467
400,0,train,16,0.007018321792461725,0.08377542475249962,0.008545268329691108,0.09244062056093688
400,1,train,16,0.011112652584418821,0.10541656693527265,0.008545268329691108,0.09244062056093688
400,2,train,16,0.007060963597827969,0.08402954003103891,0.008545268329691108,0.09244062056093688
400,3,train,16,0.0009250564742025793,0.030414741067491917,0.008545268329691108,0.09244062056093688
400,4,train,16,0.0029673533708792998,0.05447341893877508,0.008545268329691108,0.09244062056093688
400,5,train,16,0.01884369767232946,0.13727234853505443,0.008545268329691108,0.09244062056093688
400,6,train,16,0.010643307914559915,0.10316640884784115,0.008545268329691108,0.09244062056093688
400,7,train,8,0.009790793230849096,0.09894843723298057,0.008545268329691108,0.09244062056093688
400,-1,train,120,0.008545268329691108,0.09244062056093688,0.008545268329691108,0.09244062056093688
401,0,train,16,0.002543896610029742,0.05043705592151213,0.008237259041921857,0.09075934685706953
401,1,train,16,0.008661453046361418,0.09306692777975116,0.008237259041921857,0.09075934685706953
401,2,train,16,0.005541636036293221,0.07444216571468902,0.008237259041921857,0.09075934685706953
401,3,train,16,0.006767772595018472,0.08226647309213196,0.008237259041921857,0.09075934685706953
401,4,train,16,0.011229000043247945,0.10596697619186812,0.008237259041921857,0.09075934685706953
401,5,train,16,0.013013532733023876,0.1140768720338346,0.008237259041921857,0.09075934685706953
401,6,train,16,0.012621664834980586,0.11234618300138455,0.008237259041921857,0.09075934685706953
401,7,train,8,0.005519116436419597,0.07429075606304998,0.008237259041921857,0.09075934685706953
401,-1,train,120,0.008237259041921857,0.09075934685706953,0.008237259041921857,0.09075934685706953
402,0,train,16,0.004547970215129524,0.06743864037129992,0.007948021209264357,0.0891516753026232
402,1,train,16,0.007555013732214871,0.08691958198366391,0.007948021209264357,0.0891516753026232
402,2,train,16,0.021743675460468563,0.14745736828137332,0.007948021209264357,0.0891516753026232
402,3,train,16,0.0016809492973992688,0.040999381670938265,0.007948021209264357,0.0891516753026232
402,4,train,16,0.010990337051201341,0.10483480839492836,0.007948021209264357,0.0891516753026232
402,5,train,16,0.0030233135308745905,0.05498466632502729,0.007948021209264357,0.0891516753026232
402,6,train,16,0.012860508772006455,0.11340418322093085,0.007948021209264357,0.0891516753026232
402,7,train,8,0.0011824016148202561,0.03438606716128287,0.007948021209264357,0.0891516753026232
402,-1,train,120,0.007948021209264357,0.0891516753026232,0.007948021209264357,0.0891516753026232
403,0,train,16,0.0030683885264659065,0.05539303680487202,0.008485319427584695,0.09211579358386213
403,1,train,16,0.008235345654101394,0.09074880524889237,0.008485319427584695,0.09211579358386213
403,2,train,16,0.010673690485575068,0.10331355422002994,0.008485319427584695,0.09211579358386213
403,3,train,16,0.0038519058658116356,0.06206372423414209,0.008485319427584695,0.09211579358386213
403,4,train,16,0.007709394104339323,0.08780315543498038,0.008485319427584695,0.09211579358386213
403,5,train,16,0.017431828230038148,0.13202964905671055,0.008485319427584695,0.09211579358386213
403,6,train,16,0.006822375674029967,0.08259767353884713,0.008485319427584695,0.09211579358386213
403,7,train,8,0.010089626880316113,0.10044713475413877,0.008485319427584695,0.09211579358386213
403,-1,train,120,0.008485319427584695,0.09211579358386213,0.008485319427584695,0.09211579358386213
404,0,train,16,0.015060790569592267,0.12272241266204094,0.00811886261948871,0.0901047313934663
404,1,train,16,0.00695682529909956,0.08340758538106448,0.00811886261948871,0.0901047313934663
404,2,train,16,0.007621544574171362,0.08730145803004302,0.00811886261948871,0.0901047313934663
404,3,train,16,0.009742225995761663,0.09870271524006653,0.00811886261948871,0.0901047313934663
404,4,train,16,0.009645899368890275,0.09821353964138689,0.00811886261948871,0.0901047313934663
404,5,train,16,0.003234844420255921,0.05687569270132823,0.00811886261948871,0.0901047313934663
404,6,train,16,0.008196804648506004,0.09053620628514321,0.00811886261948871,0.0901047313934663
404,7,train,8,0.00449196607963262,0.06702213126745986,0.00811886261948871,0.0901047313934663
404,-1,train,120,0.00811886261948871,0.0901047313934663,0.00811886261948871,0.0901047313934663
405,0,train,16,0.007391076067445715,0.08597136771882669,0.008168801047349817,0.09038141981264632
405,1,train,16,0.007083730031140456,0.08416489785617551,0.008168801047349817,0.09038141981264632
405,2,train,16,0.012675147291915174,0.11258395663643721,0.008168801047349817,0.09038141981264632
405,3,train,16,0.0033523518640978535,0.05789949796067193,0.008168801047349817,0.09038141981264632
405,4,train,16,0.015591992239997934,0.12486789915746134,0.008168801047349817,0.09038141981264632
405,5,train,16,0.007969888946022439,0.08927423450258444,0.008168801047349817,0.09038141981264632
405,6,train,16,0.005599414528610449,0.07482923578796224,0.008168801047349817,0.09038141981264632
405,7,train,8,0.005686807409568516,0.07541092367534372,0.008168801047349817,0.09038141981264632
405,-1,train,120,0.008168801047349817,0.09038141981264632,0.008168801047349817,0.09038141981264632
406,0,train,16,0.014312061402626284,0.11963302805925412,0.008998921227203017,0.09486264400280553
406,1,train,16,0.012554164837344364,0.11204536954887678,0.008998921227203017,0.09486264400280553
406,2,train,16,0.0006018625026175614,0.024532886145285912,0.008998921227203017,0.09486264400280553
406,3,train,16,0.007208384632159276,0.08490220628558057,0.008998921227203017,0.09486264400280553
406,4,train,16,0.002864320980954576,0.053519351462387656,0.008998921227203017,0.09486264400280553
406,5,train,16,0.008407782777599949,0.09169396260168904,0.008998921227203017,0.09486264400280553
406,6,train,16,0.006853494202701531,0.0827858333454555,0.008998921227203017,0.09486264400280553
406,7,train,8,0.019189298481620588,0.13852544344495196,0.008998921227203017,0.09486264400280553
406,-1,train,120,0.008998921227203017,0.09486264400280553,0.008998921227203017,0.09486264400280553
407,0,train,16,0.01751033657762674,0.13232662837700784,0.00810591653341371,0.0900328636299752
407,1,train,16,0.006310932367264,0.07944137692200456,0.00810591653341371,0.0900328636299752
407,2,train,16,0.016757733722105952,0.12945166558258706,0.00810591653341371,0.0900328636299752
407,3,train,16,0.0029733026811417746,0.05452799905683111,0.00810591653341371,0.0900328636299752
407,4,train,16,0.003895605045347525,0.06241478226628308,0.00810591653341371,0.0900328636299752
407,5,train,16,0.002219602226836469,0.04711265463584566,0.00810591653341371,0.0900328636299752
407,6,train,16,0.009832943623738988,0.09916120019311478,0.00810591653341371,0.0900328636299752
407,7,train,8,0.005346876023248244,0.07312233600787275,0.00810591653341371,0.0900328636299752
407,-1,train,120,0.00810591653341371,0.0900328636299752,0.00810591653341371,0.0900328636299752
408,0,train,16,0.008422499818131046,0.09177417838439658,0.007918203242455086,0.08898428649180194
408,1,train,16,0.0055849345913165805,0.07473241994821646,0.007918203242455086,0.08898428649180194
408,2,train,16,0.0018369139996819994,0.04285923470714333,0.007918203242455086,0.08898428649180194
408,3,train,16,0.014137962955937704,0.11890316629904228,0.007918203242455086,0.08898428649180194
408,4,train,16,0.010671135753416435,0.10330118950629966,0.007918203242455086,0.08898428649180194
408,5,train,16,0.010946468214216173,0.10462537079607495,0.007918203242455086,0.08898428649180194
408,6,train,16,0.008679213112021755,0.09316229447593996,0.007918203242455086,0.08898428649180194
408,7,train,8,0.003066497494918991,0.055375964957000895,0.007918203242455086,0.08898428649180194
408,-1,train,120,0.007918203242455086,0.08898428649180194,0.007918203242455086,0.08898428649180194
409,0,train,16,0.006698668942650793,0.08184539658802316,0.007820494128404047,0.08843355770522889
409,1,train,16,0.008792307738299785,0.09376730634021532,0.007820494128404047,0.08843355770522889
409,2,train,16,0.007748925987415922,0.08802798411537051,0.007820494128404047,0.08843355770522889
409,3,train,16,0.009940603027491524,0.09970257282282902,0.007820494128404047,0.08843355770522889
409,4,train,16,0.012478499010787977,0.111707202143765,0.007820494128404047,0.08843355770522889
409,5,train,16,0.013404873161617448,0.1157794159668179,0.007820494128404047,0.08843355770522889
409,6,train,16,0.0017746052305762725,0.04212606355424481,0.007820494128404047,0.08843355770522889
409,7,train,8,0.0017254699283926513,0.04153877620239493,0.007820494128404047,0.08843355770522889
409,-1,train,120,0.007820494128404047,0.08843355770522889,0.007820494128404047,0.08843355770522889
410,0,train,16,0.012412545251319473,0.11141160285768925,0.007799863513111649,0.08831683595505248
410,1,train,16,0.005213838778855439,0.07220691641979624,0.007799863513111649,0.08831683595505248
410,2,train,16,0.008988245414778667,0.09480635745971189,0.007799863513111649,0.08831683595505248
410,3,train,16,0.008932944946949017,0.09451425790296943,0.007799863513111649,0.08831683595505248
410,4,train,16,0.011610909847471323,0.10775393193508682,0.007799863513111649,0.08831683595505248
410,5,train,16,0.0065168002426818404,0.08072670092777136,0.007799863513111649,0.08831683595505248
410,6,train,16,0.006979186267866614,0.08354152421321157,0.007799863513111649,0.08831683595505248
410,7,train,8,0.001744437354970814,0.0417664620834805,0.007799863513111649,0.08831683595505248
410,-1,train,120,0.007799863513111649,0.08831683595505248,0.007799863513111649,0.08831683595505248
411,0,train,16,0.013371208473125267,0.11563394170020007,0.009144862254573748,0.09562877315208926
411,1,train,16,0.0041694892439952235,0.06457158232531725,0.009144862254573748,0.09562877315208926
411,2,train,16,0.007299571952180184,0.08543753245605928,0.009144862254573748,0.09562877315208926
411,3,train,16,0.0037906774946036143,0.0615684780923129,0.009144862254573748,0.09562877315208926
411,4,train,16,0.011305197724551396,0.10632590335638534,0.009144862254573748,0.09562877315208926
411,5,train,16,0.005909103136068798,0.0768706910081391,0.009144862254573748,0.09562877315208926
411,6,train,16,0.00359623337068212,0.05996860320769627,0.009144862254573748,0.09562877315208926
411,7,train,8,0.02371741664138337,0.15400459941632708,0.009144862254573748,0.09562877315208926
411,-1,train,120,0.009144862254573748,0.09562877315208926,0.009144862254573748,0.09562877315208926
412,0,train,16,0.008264025883010475,0.09090668777934038,0.008246555853214191,0.09081054923969016
412,1,train,16,0.012991428928718973,0.11397994967852448,0.008246555853214191,0.09081054923969016
412,2,train,16,0.0018715046736872787,0.04326089081014489,0.008246555853214191,0.09081054923969016
412,3,train,16,0.01166866729283066,0.10802160567604362,0.008246555853214191,0.09081054923969016
412,4,train,16,0.007106731030610991,0.08430142958818071,0.008246555853214191,0.09081054923969016
412,5,train,16,0.011357258959765623,0.10657044130417037,0.008246555853214191,0.09081054923969016
412,6,train,16,0.003042339378292118,0.055157405470998344,0.008246555853214191,0.09081054923969016
412,7,train,8,0.009670490678797416,0.09833865302513257,0.008246555853214191,0.09081054923969016
412,-1,train,120,0.008246555853214191,0.09081054923969016,0.008246555853214191,0.09081054923969016
413,0,train,16,0.0085815905503548,0.0926368746793349,0.007682869704778435,0.08765198060955859
413,1,train,16,0.00588387658043833,0.07670643115435843,0.007682869704778435,0.08765198060955859
413,2,train,16,0.013646276160616286,0.11681727680705575,0.007682869704778435,0.08765198060955859
413,3,train,16,0.0023844247916845708,0.04883057230551953,0.007682869704778435,0.08765198060955859
413,4,train,16,0.009582715530348538,0.0978913455334461,0.007682869704778435,0.08765198060955859
413,5,train,16,0.008186265520958049,0.09047798362562048,0.007682869704778435,0.08765198060955859
413,6,train,16,0.012047915793502572,0.10976299828950817,0.007682869704778435,0.08765198060955859
413,7,train,8,0.0011498927103243248,0.033910067978762955,0.007682869704778435,0.08765198060955859
413,-1,train,120,0.007682869704778435,0.08765198060955859,0.007682869704778435,0.08765198060955859
414,0,train,16,0.010106573046110545,0.10053145301899573,0.0077175874417311175,0.08784980046494766
414,1,train,16,0.0028588676744834367,0.05346838013708136,0.0077175874417311175,0.08784980046494766
414,2,train,16,0.013854428633055712,0.11770483691444338,0.0077175874417311175,0.08784980046494766
414,3,train,16,0.004905752378241101,0.07004107636409582,0.0077175874417311175,0.08784980046494766
414,4,train,16,0.0019352442699742743,0.04399141132055522,0.0077175874417311175,0.08784980046494766
414,5,train,16,0.010092827553151485,0.10046306561692951,0.0077175874417311175,0.08784980046494766
414,6,train,16,0.016032546513319125,0.1266196924388901,0.0077175874417311175,0.08784980046494766
414,7,train,8,0.0019544594655132577,0.04420926899998752,0.0077175874417311175,0.08784980046494766
414,-1,train,120,0.0077175874417311175,0.08784980046494766,0.0077175874417311175,0.08784980046494766
415,0,train,16,0.008119013223413709,0.09010556710555519,0.007692928832098975,0.0877093429008505
415,1,train,16,0.009581205167434081,0.09788363074301076,0.007692928832098975,0.0877093429008505
415,2,train,16,0.004401071928293761,0.06634057527858618,0.007692928832098975,0.0877093429008505
415,3,train,16,0.009174895886517284,0.09578567683384236,0.007692928832098975,0.0877093429008505
415,4,train,16,0.0175133164633154,0.1323378874824417,0.007692928832098975,0.0877093429008505
415,5,train,16,0.006836373142914205,0.08268236294950819,0.007692928832098975,0.0877093429008505
415,6,train,16,0.003987555819186415,0.06314709668057919,0.007692928832098975,0.0877093429008505
415,7,train,8,0.0019299990257169372,0.04393175418438168,0.007692928832098975,0.0877093429008505
415,-1,train,120,0.007692928832098975,0.0877093429008505,0.007692928832098975,0.0877093429008505
416,0,train,16,0.0019070644804256795,0.043669949398020595,0.008142344413650983,0.09023494009335288
416,1,train,16,0.0038758155221996506,0.062256048077272384,0.008142344413650983,0.09023494009335288
416,2,train,16,0.005699781012837191,0.07549689406086313,0.008142344413650983,0.09023494009335288
416,3,train,16,0.013373824109433118,0.11564525113221519,0.008142344413650983,0.09023494009335288
416,4,train,16,0.007403281693830631,0.08604232501409194,0.008142344413650983,0.09023494009335288
416,5,train,16,0.0025614932575679745,0.05061119695845945,0.008142344413650983,0.09023494009335288
416,6,train,16,0.021045866386224146,0.14507193521223927,0.008142344413650983,0.09023494009335288
416,7,train,8,0.009271628846689476,0.09628929767471292,0.008142344413650983,0.09023494009335288
416,-1,train,120,0.008142344413650983,0.09023494009335288,0.008142344413650983,0.09023494009335288
417,0,train,16,0.007547199757803491,0.08687462090739442,0.0079995709595493,0.08944032065880186
417,1,train,16,0.009261010718851015,0.09623414528560544,0.0079995709595493,0.08944032065880186
417,2,train,16,0.014248254052672433,0.11936605067050025,0.0079995709595493,0.08944032065880186
417,3,train,16,0.010828520118346797,0.10406017546759566,0.0079995709595493,0.08944032065880186
417,4,train,16,0.002342564104118808,0.048400042397903,0.0079995709595493,0.08944032065880186
417,5,train,16,0.0031391243940636104,0.056027889430743424,0.0079995709595493,0.08944032065880186
417,6,train,16,0.009165421263272902,0.09573620664760486,0.0079995709595493,0.08944032065880186
417,7,train,8,0.007464473267265343,0.0863971832137214,0.0079995709595493,0.08944032065880186
417,-1,train,120,0.0079995709595493,0.08944032065880186,0.0079995709595493,0.08944032065880186
418,0,train,16,0.01049591984988531,0.10244959663114984,0.007719066426522005,0.08785821775179602
418,1,train,16,0.0022754197753282954,0.04770136030899219,0.007719066426522005,0.08785821775179602
418,2,train,16,0.008108822617487688,0.09004900120205492,0.007719066426522005,0.08785821775179602
418,3,train,16,0.006643625775685424,0.0815084399046223,0.007719066426522005,0.08785821775179602
418,4,train,16,0.0049455532058760064,0.07032462730705373,0.007719066426522005,0.08785821775179602
418,5,train,16,0.013795885563463622,0.11745588773434741,0.007719066426522005,0.08785821775179602
418,6,train,16,0.012078185324488969,0.10990079765174122,0.007719066426522005,0.08785821775179602
418,7,train,8,0.0034091192999607263,0.05838766393649198,0.007719066426522005,0.08785821775179602
418,-1,train,120,0.007719066426522005,0.08785821775179602,0.007719066426522005,0.08785821775179602
419,0,train,16,0.006430282022500065,0.08018903929153949,0.007974694436967333,0.08930114465653469
419,1,train,16,0.009850096427221162,0.09924765199852922,0.007974694436967333,0.08930114465653469
419,2,train,16,0.002553400425968769,0.05053118270898445,0.007974694436967333,0.08930114465653469
419,3,train,16,0.00960588381554899,0.09800961083255555,0.007974694436967333,0.08930114465653469
419,4,train,16,0.007309216185981038,0.0854939540902223,0.007974694436967333,0.08930114465653469
419,5,train,16,0.011143091911021138,0.10556084459221202,0.007974694436967333,0.08930114465653469
419,6,train,16,0.00894827131166507,0.09459530279916159,0.007974694436967333,0.08930114465653469
419,7,train,8,0.007957313395832433,0.08920377456045475,0.007974694436967333,0.08930114465653469
419,-1,train,120,0.007974694436967333,0.08930114465653469,0.007974694436967333,0.08930114465653469
420,0,train,16,0.010823607730424092,0.10403656919768207,0.008094639938283113,0.08997021695140628
420,1,train,16,0.013277382623477527,0.11522752545931692,0.008094639938283113,0.08997021695140628
420,2,train,16,0.004096437665732215,0.06400341917219904,0.008094639938283113,0.08997021695140628
420,3,train,16,0.005879344200389877,0.07667688178577607,0.008094639938283113,0.08997021695140628
420,4,train,16,0.0026679202708459783,0.051651914493520745,0.008094639938283113,0.08997021695140628
420,5,train,16,0.008391630749914373,0.09160584451831866,0.008094639938283113,0.08997021695140628
420,6,train,16,0.009527586629744619,0.09760935728578803,0.008094639938283113,0.08997021695140628
420,7,train,8,0.010093209635736237,0.10046496720616713,0.008094639938283113,0.08997021695140628
420,-1,train,120,0.008094639938283113,0.08997021695140628,0.008094639938283113,0.08997021695140628
421,0,train,16,0.017131472527941137,0.13088725120477218,0.007759608825239385,0.08808864186283828
421,1,train,16,0.010247515000557827,0.10123001037517396,0.007759608825239385,0.08808864186283828
421,2,train,16,0.002179011007212955,0.04667987796913093,0.007759608825239385,0.08808864186283828
421,3,train,16,0.005330935785129921,0.0730132575983973,0.007759608825239385,0.08808864186283828
421,4,train,16,0.009633641331383017,0.09815111477402086,0.007759608825239385,0.08808864186283828
421,5,train,16,0.0046336191156002415,0.06807069204584482,0.007759608825239385,0.08808864186283828
421,6,train,16,0.007959872306304985,0.08921811646916217,0.007759608825239385,0.08808864186283828
421,7,train,8,0.004960803527784993,0.07043297187954654,0.007759608825239385,0.08808864186283828
421,-1,train,120,0.007759608825239385,0.08808864186283828,0.007759608825239385,0.08808864186283828
422,0,train,16,0.006589994019311779,0.08117877813389272,0.008413792945521512,0.0917267297221563
422,1,train,16,0.009615416521569336,0.09805823025921555,0.008413792945521512,0.0917267297221563
422,2,train,16,0.0033514771742270354,0.05789194394928396,0.008413792945521512,0.0917267297221563
422,3,train,16,0.0025941502328996587,0.05093280114915789,0.008413792945521512,0.0917267297221563
422,4,train,16,0.004510666591722451,0.06716149634814915,0.008413792945521512,0.0917267297221563
422,5,train,16,0.011425372706449688,0.10688953506517693,0.008413792945521512,0.0917267297221563
422,6,train,16,0.013320757208217826,0.11541558477180552,0.008413792945521512,0.0917267297221563
422,7,train,8,0.01590250910977431,0.12610515100412953,0.008413792945521512,0.0917267297221563
422,-1,train,120,0.008413792945521512,0.0917267297221563,0.008413792945521512,0.0917267297221563
423,0,train,16,0.01283806728048977,0.11330519529346292,0.00850258123428791,0.09220944221872243
423,1,train,16,0.0019549771514541753,0.04421512356031786,0.00850258123428791,0.09220944221872243
423,2,train,16,0.00838719000970706,0.09158160300904904,0.00850258123428791,0.09220944221872243
423,3,train,16,0.006269653735253042,0.07918114507414654,0.00850258123428791,0.09220944221872243
423,4,train,16,0.006454569180555814,0.08034033346057143,0.00850258123428791,0.09220944221872243
423,5,train,16,0.007206424507316167,0.08489066207372968,0.00850258123428791,0.09220944221872243
423,6,train,16,0.0071058930699812225,0.08429645941545363,0.00850258123428791,0.09220944221872243
423,7,train,8,0.017803874939546032,0.13343116180093026,0.00850258123428791,0.09220944221872243
423,-1,train,120,0.00850258123428791,0.09220944221872243,0.00850258123428791,0.09220944221872243
424,0,train,16,0.007664683506487272,0.08754817820198929,0.007455110792291158,0.0863429834572049
424,1,train,16,0.0019474738385526946,0.04413019191610994,0.007455110792291158,0.0863429834572049
424,2,train,16,0.014339300651871723,0.11974681896347694,0.007455110792291158,0.0863429834572049
424,3,train,16,0.005114931702899138,0.07151875070846203,0.007455110792291158,0.0863429834572049
424,4,train,16,0.010937532995410263,0.10458266106487377,0.007455110792291158,0.0863429834572049
424,5,train,16,0.007060033570818694,0.08402400591984825,0.007455110792291158,0.0863429834572049
424,6,train,16,0.011233829517068864,0.10598976137848817,0.007455110792291158,0.0863429834572049
424,7,train,8,0.0013431005552206293,0.03664833632268495,0.007455110792291158,0.0863429834572049
424,-1,train,120,0.007455110792291158,0.0863429834572049,0.007455110792291158,0.0863429834572049
425,0,train,16,0.012611876730999842,0.1123026123071046,0.0078960005131735,0.0888594424536498
425,1,train,16,0.008823404244602238,0.09393297740731014,0.0078960005131735,0.0888594424536498
425,2,train,16,0.0024340030710470755,0.04933561665822244,0.0078960005131735,0.0888594424536498
425,3,train,16,0.019473897750580112,0.13954890809526282,0.0078960005131735,0.0888594424536498
425,4,train,16,0.0033860274182511653,0.058189581698540896,0.0078960005131735,0.0888594424536498
425,5,train,16,0.0019735987999702637,0.044425204557438605,0.0078960005131735,0.0888594424536498
425,6,train,16,0.005827851417371794,0.07634036558316834,0.0078960005131735,0.0888594424536498
425,7,train,8,0.008637344672565526,0.09293731582397635,0.0078960005131735,0.0888594424536498
425,-1,train,120,0.0078960005131735,0.0888594424536498,0.0078960005131735,0.0888594424536498
426,0,train,16,0.002352879288124554,0.04850648707260251,0.007705497116870934,0.0877809610158771
426,1,train,16,0.008037257533607558,0.08965075311232783,0.007705497116870934,0.0877809610158771
426,2,train,16,0.008909308040658585,0.09438913094556271,0.007705497116870934,0.0877809610158771
426,3,train,16,0.011101213425221834,0.10536229603241301,0.007705497116870934,0.0877809610158771
426,4,train,16,0.0014076570099282024,0.037518755442154564,0.007705497116870934,0.0877809610158771
426,5,train,16,0.009405121291408898,0.0969800045958387,0.007705497116870934,0.0877809610158771
426,6,train,16,0.014347229591566351,0.11977992148756131,0.007705497116870934,0.0877809610158771
426,7,train,8,0.006083310754451489,0.07799558163416367,0.007705497116870934,0.0877809610158771
426,-1,train,120,0.007705497116870934,0.0877809610158771,0.007705497116870934,0.0877809610158771
427,0,train,16,0.007998742077541993,0.08943568682322506,0.00782639047443881,0.08846688914186375
427,1,train,16,0.005350117101631314,0.07314449467753067,0.00782639047443881,0.08846688914186375
427,2,train,16,0.0056714697911402125,0.07530916140244966,0.00782639047443881,0.08846688914186375
427,3,train,16,0.0038779794788239897,0.06227342514125901,0.00782639047443881,0.08846688914186375
427,4,train,16,0.010856852507279196,0.10419622117562227,0.00782639047443881,0.08846688914186375
427,5,train,16,0.014119806447063723,0.11882679178983048,0.00782639047443881,0.08846688914186375
427,6,train,16,0.006282856664146115,0.07926447290019732,0.00782639047443881,0.08846688914186375
427,7,train,8,0.008453299727883936,0.0919418279559632,0.00782639047443881,0.08846688914186375
427,-1,train,120,0.00782639047443881,0.08846688914186375,0.00782639047443881,0.08846688914186375
428,0,train,16,0.011554077988334629,0.10748989714542771,0.00864756523157675,0.09299228587133855
428,1,train,16,0.0036715343410685525,0.06059318724962859,0.00864756523157675,0.09299228587133855
428,2,train,16,0.002831175928543476,0.053208795593806445,0.00864756523157675,0.09299228587133855
428,3,train,16,0.009856985213120107,0.09928235096491272,0.00864756523157675,0.09299228587133855
428,4,train,16,0.0032360459157196987,0.0568862541895641,0.00864756523157675,0.09299228587133855
428,5,train,16,0.009176108092131628,0.09579200432255099,0.00864756523157675,0.09299228587133855
428,6,train,16,0.007314304400132111,0.08552370665571103,0.00864756523157675,0.09299228587133855
428,7,train,8,0.02154028997356381,0.1467661063514455,0.00864756523157675,0.09299228587133855
428,-1,train,120,0.00864756523157675,0.09299228587133855,0.00864756523157675,0.09299228587133855
429,0,train,16,0.0029689749172669214,0.05448830073756128,0.008198643447916345,0.09054636076572235
429,1,train,16,0.008543965374371326,0.09243357276645389,0.008198643447916345,0.09054636076572235
429,2,train,16,0.007547382577895269,0.08687567310758099,0.008198643447916345,0.09054636076572235
429,3,train,16,0.0030121506434488796,0.05488306335700367,0.008198643447916345,0.09054636076572235
429,4,train,16,0.007326015236307206,0.08559214471145822,0.008198643447916345,0.09054636076572235
429,5,train,16,0.009098152234072066,0.0953842347249904,0.008198643447916345,0.09054636076572235
429,6,train,16,0.011894231853246773,0.10906067968450762,0.008198643447916345,0.09054636076572235
429,7,train,8,0.015198274746722317,0.12328128303486428,0.008198643447916345,0.09054636076572235
429,-1,train,120,0.008198643447916345,0.09054636076572235,0.008198643447916345,0.09054636076572235
430,0,train,16,0.0020638593587524066,0.04542971889360979,0.008224342678168994,0.09068816173111567
430,1,train,16,0.00795397128636514,0.0891850395882916,0.008224342678168994,0.09068816173111567
430,2,train,16,0.01066764558155502,0.10328429494146252,0.008224342678168994,0.09068816173111567
430,3,train,16,0.002808718152179928,0.05299734099160002,0.008224342678168994,0.09068816173111567
430,4,train,16,0.012727575434367358,0.11281655656138136,0.008224342678168994,0.09068816173111567
430,5,train,16,0.004591204403590833,0.06775842680870649,0.008224342678168994,0.09068816173111567
430,6,train,16,0.009038336438078283,0.09507016586752272,0.008224342678168994,0.09068816173111567
430,7,train,8,0.01594343077046298,0.12626729889588587,0.008224342678168994,0.09068816173111567
430,-1,train,120,0.008224342678168994,0.09068816173111567,0.008224342678168994,0.09068816173111567
431,0,train,16,0.008580131203812274,0.09262899764011416,0.008067474886771881,0.0898191231685763
431,1,train,16,0.012106008980930474,0.11002731015948028,0.008067474886771881,0.0898191231685763
431,2,train,16,0.0028315350783922793,0.05321217039730929,0.008067474886771881,0.0898191231685763
431,3,train,16,0.009661437317494845,0.09829261069630232,0.008067474886771881,0.0898191231685763
431,4,train,16,0.007166531424718283,0.08465536855225593,0.008067474886771881,0.0898191231685763
431,5,train,16,0.004481853634711154,0.06694664767343586,0.008067474886771881,0.0898191231685763
431,6,train,16,0.006289756754316743,0.0793079866994286,0.008067474886771881,0.0898191231685763
431,7,train,8,0.013422544699798996,0.11585570637564209,0.008067474886771881,0.0898191231685763
431,-1,train,120,0.008067474886771881,0.0898191231685763,0.008067474886771881,0.0898191231685763
432,0,train,16,0.010726661116524776,0.10356959552168182,0.0078008672574564255,0.08832251840531058
432,1,train,16,0.0045735166127246875,0.06762777988907138,0.0078008672574564255,0.08832251840531058
432,2,train,16,0.0026852910001022813,0.051819793516592494,0.0078008672574564255,0.08832251840531058
432,3,train,16,0.007891028965158546,0.08883146382424724,0.0078008672574564255,0.08832251840531058
432,4,train,16,0.013249373670090919,0.1151059236967886,0.0078008672574564255,0.08832251840531058
432,5,train,16,0.005765891072459525,0.0759334647731784,0.0078008672574564255,0.08832251840531058
432,6,train,16,0.008059627246386827,0.08977542674021008,0.0078008672574564255,0.08832251840531058
432,7,train,8,0.00945554837620383,0.09723964405634067,0.0078008672574564255,0.08832251840531058
432,-1,train,120,0.0078008672574564255,0.08832251840531058,0.0078008672574564255,0.08832251840531058
433,0,train,16,0.006919095049311893,0.08318109790879111,0.007510958668391723,0.086665787184977
433,1,train,16,0.008519818853458188,0.09230286481717774,0.007510958668391723,0.086665787184977
433,2,train,16,0.007773543322235117,0.08816769999401775,0.007510958668391723,0.086665787184977
433,3,train,16,0.009847318602840407,0.09923365660319289,0.007510958668391723,0.086665787184977
433,4,train,16,0.0024890803282839667,0.049890683782485554,0.007510958668391723,0.086665787184977
433,5,train,16,0.010642194261234972,0.10316101134263357,0.007510958668391723,0.086665787184977
433,6,train,16,0.008641416068888668,0.09295921723470281,0.007510958668391723,0.086665787184977
433,7,train,8,0.005255202860880567,0.07249277799119418,0.007510958668391723,0.086665787184977
433,-1,train,120,0.007510958668391723,0.086665787184977,0.007510958668391723,0.086665787184977
434,0,train,16,0.010286424822855253,0.10142201350227303,0.00814197029568437,0.09023286704790207
434,1,train,16,0.00792193635387756,0.08900526025959117,0.00814197029568437,0.09023286704790207
434,2,train,16,0.008489373167093413,0.0921377944553342,0.00814197029568437,0.09023286704790207
434,3,train,16,0.01116229613245941,0.10565176824104465,0.00814197029568437,0.09023286704790207
434,4,train,16,0.007033727636249876,0.08386732162320361,0.00814197029568437,0.09023286704790207
434,5,train,16,0.0026371502177856753,0.051353190921165505,0.00814197029568437,0.09023286704790207
434,6,train,16,0.0018113176423938224,0.042559577563620415,0.00814197029568437,0.09023286704790207
434,7,train,8,0.015793536392759943,0.12567233742061115,0.00814197029568437,0.09023286704790207
434,-1,train,120,0.00814197029568437,0.09023286704790207,0.00814197029568437,0.09023286704790207
435,0,train,16,0.012957589312501757,0.11383140740806888,0.00776683475117681,0.08812964740186363
435,1,train,16,0.00903968715048125,0.09507726936803165,0.00776683475117681,0.08812964740186363
435,2,train,16,0.005013845546855189,0.07080851323714676,0.00776683475117681,0.08812964740186363
435,3,train,16,0.005127719596576132,0.0716080972835903,0.00776683475117681,0.08812964740186363
435,4,train,16,0.005772911646502893,0.07597967916820189,0.00776683475117681,0.08812964740186363
435,5,train,16,0.006401111217911643,0.08000694481050781,0.00776683475117681,0.08812964740186363
435,6,train,16,0.007612427429450791,0.08724922595330455,0.00776683475117681,0.08812964740186363
435,7,train,8,0.010209386109134824,0.1010415068629463,0.00776683475117681,0.08812964740186363
435,-1,train,120,0.00776683475117681,0.08812964740186363,0.00776683475117681,0.08812964740186363
436,0,train,16,0.005960368684840506,0.07720342404868133,0.0077375770673042115,0.08796349849400154
436,1,train,16,0.007325789688977772,0.08559082713105284,0.0077375770673042115,0.08796349849400154
436,2,train,16,0.012372029016362206,0.11122962292645878,0.0077375770673042115,0.08796349849400154
436,3,train,16,0.002489041148344826,0.049890291123071494,0.0077375770673042115,0.08796349849400154
436,4,train,16,0.0028373812573055115,0.053267074795839045,0.0077375770673042115,0.08796349849400154
436,5,train,16,0.003822908472659635,0.06182967307579456,0.0077375770673042115,0.08796349849400154
436,6,train,16,0.01710963296114427,0.13080379566795558,0.0077375770673042115,0.08796349849400154
436,7,train,8,0.00998346530879897,0.09991729234121073,0.0077375770673042115,0.08796349849400154
436,-1,train,120,0.0077375770673042115,0.08796349849400154,0.0077375770673042115,0.08796349849400154
437,0,train,16,0.00841624618651944,0.09174010129991922,0.007363302277046932,0.08580968638240634
437,1,train,16,0.004933120728263766,0.07023617820086572,0.007363302277046932,0.08580968638240634
437,2,train,16,0.00974614067048457,0.09872254388175261,0.007363302277046932,0.08580968638240634
437,3,train,16,0.005212983140316338,0.07220099126962412,0.007363302277046932,0.08580968638240634
437,4,train,16,0.008605042246725408,0.09276336694366698,0.007363302277046932,0.08580968638240634
437,5,train,16,0.004305024863396813,0.06561268828052097,0.007363302277046932,0.08580968638240634
437,6,train,16,0.013213299806536053,0.11494911833735852,0.007363302277046932,0.08580968638240634
437,7,train,8,0.0044745605741330656,0.06689215629752912,0.007363302277046932,0.08580968638240634
437,-1,train,120,0.007363302277046932,0.08580968638240634,0.007363302277046932,0.08580968638240634
438,0,train,16,0.004634226179911646,0.06807515097237499,0.007601442075040878,0.08718624934610318
438,1,train,16,0.006750919726910045,0.0821639807148488,0.007601442075040878,0.08718624934610318
438,2,train,16,0.009437093165434592,0.097144702199526,0.007601442075040878,0.08718624934610318
438,3,train,16,0.005296830620388738,0.07277932824908964,0.007601442075040878,0.08718624934610318
438,4,train,16,0.005655492547815012,0.07520300890133992,0.007601442075040878,0.08718624934610318
438,5,train,16,0.017026311712949504,0.1304849099051285,0.007601442075040878,0.08718624934610318
438,6,train,16,0.0035026392179195232,0.05918309909019232,0.007601442075040878,0.08718624934610318
438,7,train,8,0.008508023428997962,0.09223894746254406,0.007601442075040878,0.08718624934610318
438,-1,train,120,0.007601442075040878,0.08718624934610318,0.007601442075040878,0.08718624934610318
439,0,train,16,0.006404086213043868,0.08002553475637553,0.008067451504371437,0.08981899300466153
439,1,train,16,0.005361830135872825,0.07322451867969379,0.008067451504371437,0.08981899300466153
439,2,train,16,0.014084063725509724,0.11867629807804811,0.008067451504371437,0.08981899300466153
439,3,train,16,0.004839074908464402,0.06956345957803135,0.008067451504371437,0.08981899300466153
439,4,train,16,0.008322369514324173,0.09122702184289572,0.008067451504371437,0.08981899300466153
439,5,train,16,0.004844335651476022,0.06960126185261314,0.008067451504371437,0.08981899300466153
439,6,train,16,0.004243400899494322,0.06514139159930744,0.008067451504371437,0.08981899300466153
439,7,train,8,0.01644045098678616,0.12822032205070363,0.008067451504371437,0.08981899300466153
439,-1,train,120,0.008067451504371437,0.08981899300466153,0.008067451504371437,0.08981899300466153
440,0,train,16,0.00957709852530152,0.09786265132981796,0.007202319208044966,0.08486647870652445
440,1,train,16,0.008206286326595567,0.09058855516341767,0.007202319208044966,0.08486647870652445
440,2,train,16,0.010070972112997498,0.10035423315933163,0.007202319208044966,0.08486647870652445
440,3,train,16,0.003702805455495691,0.060850681635423697,0.007202319208044966,0.08486647870652445
440,4,train,16,0.009055721834498539,0.09516155649472395,0.007202319208044966,0.08486647870652445
440,5,train,16,0.002316404068629982,0.04812903560876721,0.007202319208044966,0.08486647870652445
440,6,train,16,0.011822609209554137,0.10873182243278247,0.007202319208044966,0.08486647870652445
440,7,train,8,0.00286665613128679,0.053541162961657736,0.007202319208044966,0.08486647870652445
440,-1,train,120,0.007202319208044966,0.08486647870652445,0.007202319208044966,0.08486647870652445
441,0,train,16,0.0016590587740481163,0.04073154519593034,0.007507528937187058,0.08664599781401942
441,1,train,16,0.006175843856555013,0.07858653737476294,0.007507528937187058,0.08664599781401942
441,2,train,16,0.0063383115195256926,0.07961351342282096,0.007507528937187058,0.08664599781401942
441,3,train,16,0.011304064063547437,0.10632057215585061,0.007507528937187058,0.08664599781401942
441,4,train,16,0.012982372270775052,0.11394021358052236,0.007507528937187058,0.08664599781401942
441,5,train,16,0.010795960915864582,0.10390361358424731,0.007507528937187058,0.08664599781401942
441,6,train,16,0.0027599547345174614,0.05253527133762099,0.007507528937187058,0.08664599781401942
441,7,train,8,0.008044665362663109,0.08969205852617672,0.007507528937187058,0.08664599781401942
441,-1,train,120,0.007507528937187058,0.08664599781401942,0.007507528937187058,0.08664599781401942
442,0,train,16,0.014297585463376172,0.11957251132001942,0.007496767806387104,0.08658387728894511
442,1,train,16,0.003919532213297539,0.06260616753401808,0.007496767806387104,0.08658387728894511
442,2,train,16,0.0031868715829190654,0.056452383323638916,0.007496767806387104,0.08658387728894511
442,3,train,16,0.00882428931846354,0.09393768848797344,0.007496767806387104,0.08658387728894511
442,4,train,16,0.005561244741112099,0.07457375370136667,0.007496767806387104,0.08658387728894511
442,5,train,16,0.010586065846519199,0.10288860892498838,0.007496767806387104,0.08658387728894511
442,6,train,16,0.005289138911395991,0.07272646637501365,0.007496767806387104,0.08658387728894511
442,7,train,8,0.00830941437401322,0.09115598923830086,0.007496767806387104,0.08658387728894511
442,-1,train,120,0.007496767806387104,0.08658387728894511,0.007496767806387104,0.08658387728894511
443,0,train,16,0.005479809012814448,0.07402573209914541,0.007724925761001761,0.08789155682431482
443,1,train,16,0.008246475997221154,0.09081010955406427,0.007724925761001761,0.08789155682431482
443,2,train,16,0.016229939828248285,0.12739678107490898,0.007724925761001761,0.08789155682431482
443,3,train,16,0.0035691512497197054,0.0597423739879803,0.007724925761001761,0.08789155682431482
443,4,train,16,0.008059891847362773,0.08977690041075585,0.007724925761001761,0.08789155682431482
443,5,train,16,0.004866247203076388,0.0697584919782272,0.007724925761001761,0.08789155682431482
443,6,train,16,0.003254575601020737,0.057048887815808795,0.007724925761001761,0.08789155682431482
443,7,train,8,0.012093315348550605,0.10996961102300311,0.007724925761001761,0.08789155682431482
443,-1,train,120,0.007724925761001761,0.08789155682431482,0.007724925761001761,0.08789155682431482
444,0,train,16,0.00466817388958393,0.06832403595795501,0.007542220939778721,0.08684596098713354
444,1,train,16,0.008807561039442764,0.09384860701919216,0.007542220939778721,0.08684596098713354
444,2,train,16,0.013665630850480403,0.11690008918080604,0.007542220939778721,0.08684596098713354
444,3,train,16,0.007907574688344327,0.08892454491502516,0.007542220939778721,0.08684596098713354
444,4,train,16,0.0060254297358633595,0.07762364160398144,0.007542220939778721,0.08684596098713354
444,5,train,16,0.005599218428282848,0.07482792545756463,0.007542220939778721,0.08684596098713354
444,6,train,16,0.004355172926832481,0.06599373399674002,0.007542220939778721,0.08684596098713354
444,7,train,8,0.009309005959399647,0.09648319003536132,0.007542220939778721,0.08684596098713354
444,-1,train,120,0.007542220939778721,0.08684596098713354,0.007542220939778721,0.08684596098713354
445,0,train,16,0.005513132541526603,0.07425047165861375,0.00754615490862042,0.08686860715252905
445,1,train,16,0.014234001539058025,0.11930633486558048,0.00754615490862042,0.08686860715252905
445,2,train,16,0.002588796945416666,0.05088022155431977,0.00754615490862042,0.08686860715252905
445,3,train,16,0.009540345146284223,0.09767469040792616,0.00754615490862042,0.08686860715252905
445,4,train,16,0.005949351899412379,0.07713204197616176,0.00754615490862042,0.08686860715252905
445,5,train,16,0.003010073942753324,0.05486414077294316,0.00754615490862042,0.08686860715252905
445,6,train,16,0.009486849631651282,0.09740046012032634,0.00754615490862042,0.08686860715252905
445,7,train,8,0.010046687622860857,0.10023316628172961,0.00754615490862042,0.08686860715252905
445,-1,train,120,0.00754615490862042,0.08686860715252905,0.00754615490862042,0.08686860715252905
446,0,train,16,0.0030033783383369124,0.05480308694167613,0.007470373228716614,0.08643132087800472
446,1,train,16,0.005802174306907891,0.0761720047452336,0.007470373228716614,0.08643132087800472
446,2,train,16,0.006529299077626086,0.08080407834772999,0.007470373228716614,0.08643132087800472
446,3,train,16,0.00958683716796766,0.09791239537447574,0.007470373228716614,0.08643132087800472
446,4,train,16,0.011396282518839819,0.10675337240031257,0.007470373228716614,0.08643132087800472
446,5,train,16,0.004299400488199237,0.06556981384905128,0.007470373228716614,0.08643132087800472
446,6,train,16,0.010071374601350328,0.10035623847748742,0.007470373228716614,0.08643132087800472
446,7,train,8,0.009074239330504979,0.09525880185318823,0.007470373228716614,0.08643132087800472
446,-1,train,120,0.007470373228716614,0.08643132087800472,0.007470373228716614,0.08643132087800472
447,0,train,16,0.0018955490839403163,0.04353790399112383,0.007361955370145577,0.08580183780167869
447,1,train,16,0.014217334124255215,0.11923646306501721,0.007361955370145577,0.08580183780167869
447,2,train,16,0.0046483924464786166,0.06817912031170992,0.007361955370145577,0.08580183780167869
447,3,train,16,0.0039701162684228995,0.0630088586503747,0.007361955370145577,0.08580183780167869
447,4,train,16,0.00902501519079051,0.09500007995149536,0.007361955370145577,0.08580183780167869
447,5,train,16,0.008816106100290655,0.09389412175578754,0.007361955370145577,0.08580183780167869
447,6,train,16,0.008448918577848453,0.09191799920498951,0.007361955370145577,0.08580183780167869
447,7,train,8,0.007874211169137963,0.08873675207679152,0.007361955370145577,0.08580183780167869
447,-1,train,120,0.007361955370145577,0.08580183780167869,0.007361955370145577,0.08580183780167869
448,0,train,16,0.005976333237422017,0.07730674768364025,0.007433396998268756,0.08621715025601784
448,1,train,16,0.011803663358190759,0.1086446655763216,0.007433396998268756,0.08621715025601784
448,2,train,16,0.005262054102794402,0.07254001725113113,0.007433396998268756,0.08621715025601784
448,3,train,16,0.00777848212818826,0.088195703569892,0.007433396998268756,0.08621715025601784
448,4,train,16,0.005964423593311745,0.07722968077955357,0.007433396998268756,0.08621715025601784
448,5,train,16,0.008331137041055916,0.09127506253657632,0.007433396998268756,0.08621715025601784
448,6,train,16,0.005055957823186709,0.07110525875901662,0.007433396998268756,0.08621715025601784
448,7,train,8,0.009295124702000238,0.09641122705370074,0.007433396998268756,0.08621715025601784
448,-1,train,120,0.007433396998268756,0.08621715025601784,0.007433396998268756,0.08621715025601784
449,0,train,16,0.005646433161339827,0.07514275188825484,0.007788538879677849,0.08825269899372964
449,1,train,16,0.010870405955083717,0.10426123898690115,0.007788538879677849,0.08825269899372964
449,2,train,16,0.008991476064711557,0.09482339407926484,0.007788538879677849,0.08825269899372964
449,3,train,16,0.002970051408702395,0.054498178031035086,0.007788538879677849,0.08825269899372964
449,4,train,16,0.009824696121946091,0.09911960513413122,0.007788538879677849,0.08825269899372964
449,5,train,16,0.0030281044001081478,0.055028214582231796,0.007788538879677849,0.08825269899372964
449,6,train,16,0.005735923316520087,0.075735878660778,0.007788538879677849,0.08825269899372964
449,7,train,8,0.015241220609010972,0.12345533851968886,0.007788538879677849,0.08825269899372964
449,-1,train,120,0.007788538879677849,0.08825269899372964,0.007788538879677849,0.08825269899372964
450,0,train,16,0.005581229122174227,0.07470762425732884,0.007423206001947616,0.08615802923667426
450,1,train,16,0.008320958319836072,0.09121928699478019,0.007423206001947616,0.08615802923667426
450,2,train,16,0.009021437200690628,0.09498124657368226,0.007423206001947616,0.08615802923667426
450,3,train,16,0.0052034662293394636,0.07213505548164127,0.007423206001947616,0.08615802923667426
450,4,train,16,0.011977736456569719,0.10944284561619237,0.007423206001947616,0.08615802923667426
450,5,train,16,0.005527786171785452,0.07434908319398062,0.007423206001947616,0.08615802923667426
450,6,train,16,0.003975748653402742,0.06305353799274663,0.007423206001947616,0.08615802923667426
450,7,train,8,0.009777285861782625,0.09888015909060131,0.007423206001947616,0.08615802923667426
450,-1,train,120,0.007423206001947616,0.08615802923667426,0.007423206001947616,0.08615802923667426
451,0,train,16,0.01569643912761509,0.12528543062788702,0.007302335176338726,0.08545370194636816
451,1,train,16,0.006043990171450149,0.07774310369061779,0.007302335176338726,0.08545370194636816
451,2,train,16,0.0036933314589050518,0.060772785512143934,0.007302335176338726,0.08545370194636816
451,3,train,16,0.002914664315254567,0.05398763113208957,0.007302335176338726,0.08545370194636816
451,4,train,16,0.009178909554903114,0.09580662584029934,0.007302335176338726,0.08545370194636816
451,5,train,16,0.0064166066527545345,0.08010372433760202,0.007302335176338726,0.08545370194636816
451,6,train,16,0.006350060773239749,0.07968726857685454,0.007302335176338726,0.08545370194636816
451,7,train,8,0.008124679356587556,0.09013700325941369,0.007302335176338726,0.08545370194636816
451,-1,train,120,0.007302335176338726,0.08545370194636816,0.007302335176338726,0.08545370194636816
452,0,train,16,0.006228823467728063,0.07892289571301894,0.007161292288745625,0.08462441898616277
452,1,train,16,0.010981166903860263,0.10479106309156455,0.007161292288745625,0.08462441898616277
452,2,train,16,0.004657138250383816,0.06824322860463018,0.007161292288745625,0.08462441898616277
452,3,train,16,0.007871828556956768,0.08872332588985135,0.007161292288745625,0.08462441898616277
452,4,train,16,0.001295527452505951,0.03599343624198655,0.007161292288745625,0.08462441898616277
452,5,train,16,0.01179981494687623,0.10862695313261912,0.007161292288745625,0.08462441898616277
452,6,train,16,0.008152864154190522,0.09029321211580925,0.007161292288745625,0.08462441898616277
452,7,train,8,0.006303174577463387,0.07939253477162313,0.007161292288745625,0.08462441898616277
452,-1,train,120,0.007161292288745625,0.08462441898616277,0.007161292288745625,0.08462441898616277
453,0,train,16,0.0011527458251940003,0.03395211076198357,0.007260608824649089,0.08520920622003873
453,1,train,16,0.009536820532481938,0.09765664612550412,0.007260608824649089,0.08520920622003873
453,2,train,16,0.002537337445679752,0.050371990686092126,0.007260608824649089,0.08520920622003873
453,3,train,16,0.0030319406114833955,0.05506306031708913,0.007260608824649089,0.08520920622003873
453,4,train,16,0.014359250064760137,0.11983008831157614,0.007260608824649089,0.08520920622003873
453,5,train,16,0.012377364667123775,0.11125360518708495,0.007260608824649089,0.08520920622003873
453,6,train,16,0.007108975225654006,0.0843147390771863,0.007260608824649089,0.08520920622003873
453,7,train,8,0.007980436224815705,0.08933328732793674,0.007260608824649089,0.08520920622003873
453,-1,train,120,0.007260608824649089,0.08520920622003873,0.007260608824649089,0.08520920622003873
454,0,train,16,0.004863209223370376,0.06973671359743286,0.006788336177447626,0.08239135984705936
454,1,train,16,0.006742742006014128,0.08211420100088734,0.006788336177447626,0.08239135984705936
454,2,train,16,0.01127217939735363,0.10617052037808626,0.006788336177447626,0.08239135984705936
454,3,train,16,0.00747829761006413,0.08647715079756114,0.006788336177447626,0.08239135984705936
454,4,train,16,0.007053547249240177,0.08398539902411714,0.006788336177447626,0.08239135984705936
454,5,train,16,0.003561168816795976,0.05967552946389312,0.006788336177447626,0.08239135984705936
454,6,train,16,0.012386128188421839,0.11129298355431863,0.006788336177447626,0.08239135984705936
454,7,train,8,0.0009494169283207555,0.03081260989141873,0.006788336177447626,0.08239135984705936
454,-1,train,120,0.006788336177447626,0.08239135984705936,0.006788336177447626,0.08239135984705936
455,0,train,16,0.003606665551639737,0.06005552057587826,0.007001286032792616,0.08367368781637759
455,1,train,16,0.01085208198521221,0.10417332664944616,0.007001286032792616,0.08367368781637759
455,2,train,16,0.007968971024168338,0.0892690933311655,0.007001286032792616,0.08367368781637759
455,3,train,16,0.009201784104704042,0.09592593030408432,0.007001286032792616,0.08367368781637759
455,4,train,16,0.0070752809100235875,0.0841146890264928,0.007001286032792616,0.08367368781637759
455,5,train,16,0.007647805124733576,0.08745173025580212,0.007001286032792616,0.08367368781637759
455,6,train,16,0.005008374960470985,0.07076987325459178,0.007001286032792616,0.08367368781637759
455,7,train,8,0.004649324601388447,0.06818595604219718,0.007001286032792616,0.08367368781637759
455,-1,train,120,0.007001286032792616,0.08367368781637759,0.007001286032792616,0.08367368781637759
456,0,train,16,0.008142438997638534,0.0902354641902979,0.0072017938129246995,0.08486338322813143
456,1,train,16,0.0038388741528495368,0.06195864873324415,0.0072017938129246995,0.08486338322813143
456,2,train,16,0.003983060976043478,0.06311149638570994,0.0072017938129246995,0.08486338322813143
456,3,train,16,0.007711088130098642,0.08781280162993686,0.0072017938129246995,0.08486338322813143
456,4,train,16,0.010474962051376253,0.10234726206096699,0.0072017938129246995,0.08486338322813143
456,5,train,16,0.013613458702339357,0.11667672733814297,0.0072017938129246995,0.08486338322813143
456,6,train,16,0.0016662634347138431,0.0408198901849802,0.0072017938129246995,0.08486338322813143
456,7,train,8,0.008184204058337951,0.09046659084069628,0.0072017938129246995,0.08486338322813143
456,-1,train,120,0.0072017938129246995,0.08486338322813143,0.0072017938129246995,0.08486338322813143
457,0,train,16,0.006542787888314661,0.08088750143449024,0.007661465077168077,0.08752979536802355
457,1,train,16,0.005968540173322379,0.07725632772350999,0.007661465077168077,0.08752979536802355
457,2,train,16,0.0035039125853803853,0.059193855976616236,0.007661465077168077,0.08752979536802355
457,3,train,16,0.007988555694537474,0.08937872059129888,0.007661465077168077,0.08752979536802355
457,4,train,16,0.011136431839264946,0.1055292937494843,0.007661465077168077,0.08752979536802355
457,5,train,16,0.006310006335832693,0.07943554831328788,0.007661465077168077,0.08752979536802355
457,6,train,16,0.004027852355600387,0.06346536343235093,0.007661465077168077,0.08752979536802355
457,7,train,8,0.015813633745091683,0.1257522713317405,0.007661465077168077,0.08752979536802355
457,-1,train,120,0.007661465077168077,0.08752979536802355,0.007661465077168077,0.08752979536802355
458,0,train,16,0.00926470914666393,0.09625335914483156,0.0071166221863839,0.08436007459920777
458,1,train,16,0.006207115259082725,0.07878524772495625,0.0071166221863839,0.08436007459920777
458,2,train,16,0.00600053944336204,0.07746314893781456,0.0071166221863839,0.08436007459920777
458,3,train,16,0.010952948757776157,0.10465633644350521,0.0071166221863839,0.08436007459920777
458,4,train,16,0.006671646858187903,0.08168014971942635,0.0071166221863839,0.08436007459920777
458,5,train,16,0.003389374064900021,0.05821833100407483,0.0071166221863839,0.08436007459920777
458,6,train,16,0.0070875892297077555,0.08418782114835706,0.0071166221863839,0.08436007459920777
458,7,train,8,0.007359054731390663,0.08578493300918677,0.0071166221863839,0.08436007459920777
458,-1,train,120,0.0071166221863839,0.08436007459920777,0.0071166221863839,0.08436007459920777
459,0,train,16,0.007790090812505664,0.08826149110742275,0.007056336286348815,0.08400200168060767
459,1,train,16,0.007578889714508,0.08705681888575989,0.007056336286348815,0.08400200168060767
459,2,train,16,0.010462309225450179,0.10228543017189778,0.007056336286348815,0.08400200168060767
459,3,train,16,0.007376332814239997,0.08588557978054288,0.007056336286348815,0.08400200168060767
459,4,train,16,0.0037526866849115436,0.06125917633229771,0.007056336286348815,0.08400200168060767
459,5,train,16,0.004822350642841577,0.06944314683855836,0.007056336286348815,0.08400200168060767
459,6,train,16,0.007987592603735081,0.08937333273261706,0.007056336286348815,0.08400200168060767
459,7,train,8,0.006680437792598489,0.08173394516722222,0.007056336286348815,0.08400200168060767
459,-1,train,120,0.007056336286348815,0.08400200168060767,0.007056336286348815,0.08400200168060767
460,0,train,16,0.004522597039232417,0.06725025679677675,0.007111508192730888,0.08432975864266948
460,1,train,16,0.008184602759601613,0.09046879439675104,0.007111508192730888,0.08432975864266948
460,2,train,16,0.0032789260648619866,0.05726190762506945,0.007111508192730888,0.08432975864266948
460,3,train,16,0.00557142583496126,0.07464198439860277,0.007111508192730888,0.08432975864266948
460,4,train,16,0.009034498710079511,0.09504998006354085,0.007111508192730888,0.08432975864266948
460,5,train,16,0.012217525588171055,0.11053291631080334,0.007111508192730888,0.08432975864266948
460,6,train,16,0.0063710357794023315,0.07981876834054966,0.007111508192730888,0.08432975864266948
460,7,train,8,0.00771145376553693,0.08781488350807584,0.007111508192730888,0.08432975864266948
460,-1,train,120,0.007111508192730888,0.08432975864266948,0.007111508192730888,0.08432975864266948
461,0,train,16,0.004075313549564776,0.06383818253651005,0.007204578819248089,0.08487979040530254
461,1,train,16,0.011747676940144242,0.10838670093763461,0.007204578819248089,0.08487979040530254
461,2,train,16,0.004877459528586424,0.06983881104791535,0.007204578819248089,0.08487979040530254
461,3,train,16,0.010039287681177688,0.10019624584373253,0.007204578819248089,0.08487979040530254
461,4,train,16,0.00804112495923425,0.08967231991665126,0.007204578819248089,0.08487979040530254
461,5,train,16,0.0013898732264902324,0.037281003560663876,0.007204578819248089,0.08487979040530254
461,6,train,16,0.007699766734877318,0.08774831471246225,0.007204578819248089,0.08487979040530254
461,7,train,8,0.009766127933909787,0.09882372151416778,0.007204578819248089,0.08487979040530254
461,-1,train,120,0.007204578819248089,0.08487979040530254,0.007204578819248089,0.08487979040530254
462,0,train,16,0.00618023805932999,0.07861449013591572,0.0068698695401254155,0.08288467614779836
462,1,train,16,0.005340916686157653,0.07308157555880725,0.0068698695401254155,0.08288467614779836
462,2,train,16,0.004919010697104848,0.0701356592405379,0.0068698695401254155,0.08288467614779836
462,3,train,16,0.00868720391284909,0.0932051710628176,0.0068698695401254155,0.08288467614779836
462,4,train,16,0.0010362734889092177,0.03219120204200548,0.0068698695401254155,0.08288467614779836
462,5,train,16,0.016644773381543115,0.12901462468085978,0.0068698695401254155,0.08288467614779836
462,6,train,16,0.007617301411384061,0.08727715286020771,0.0068698695401254155,0.08288467614779836
462,7,train,8,0.004533238683725353,0.06732933004066914,0.0068698695401254155,0.08288467614779836
462,-1,train,120,0.0068698695401254155,0.08288467614779836,0.0068698695401254155,0.08288467614779836
463,0,train,16,0.0031398193549559265,0.05603409100677842,0.00661586666566273,0.08133797800328411
463,1,train,16,0.011672008968724105,0.10803707219618693,0.00661586666566273,0.08133797800328411
463,2,train,16,0.0040819140833693885,0.06388985900257871,0.00661586666566273,0.08133797800328411
463,3,train,16,0.00919019780624801,0.09586551938130837,0.00661586666566273,0.08133797800328411
463,4,train,16,0.0047577551640440065,0.06897648268826127,0.00661586666566273,0.08133797800328411
463,5,train,16,0.012337404608441427,0.11107387005250798,0.00661586666566273,0.08133797800328411
463,6,train,16,0.006895038753809771,0.08303637006643397,0.00661586666566273,0.08133797800328411
463,7,train,8,0.0008527945857092104,0.029202646895601952,0.00661586666566273,0.08133797800328411
463,-1,train,120,0.00661586666566273,0.08133797800328411,0.00661586666566273,0.08133797800328411
464,0,train,16,0.007616834127014725,0.08727447580486936,0.006665950605091106,0.08164527301130854
464,1,train,16,0.006476930909751963,0.08047938189220866,0.006665950605091106,0.08164527301130854
464,2,train,16,0.0011649278464560455,0.03413103934040165,0.006665950605091106,0.08164527301130854
464,3,train,16,0.009106130611926347,0.09542604786915544,0.006665950605091106,0.08164527301130854
464,4,train,16,0.011850948836299667,0.10886206334761282,0.006665950605091106,0.08164527301130854
464,5,train,16,0.005049300070537198,0.07105842716059228,0.006665950605091106,0.08164527301130854
464,6,train,16,0.010119326391994709,0.10059486265209923,0.006665950605091106,0.08164527301130854
464,7,train,8,0.0019432060467481943,0.04408181083789769,0.006665950605091106,0.08164527301130854
464,-1,train,120,0.006665950605091106,0.08164527301130854,0.006665950605091106,0.08164527301130854
465,0,train,16,0.00954214162356668,0.09768388620221187,0.0067487382250607355,0.08215070434914563
465,1,train,16,0.0031289695417617406,0.05593719283054648,0.0067487382250607355,0.08215070434914563
465,2,train,16,0.004673701367492606,0.06836447445488487,0.0067487382250607355,0.08215070434914563
465,3,train,16,0.003730336780560605,0.06107648304020628,0.0067487382250607355,0.08215070434914563
465,4,train,16,0.005741887917936575,0.07577524607638417,0.0067487382250607355,0.08215070434914563
465,5,train,16,0.007886157993589734,0.08880404266467679,0.0067487382250607355,0.08215070434914563
465,6,train,16,0.01570981407406542,0.12533879716219323,0.0067487382250607355,0.08215070434914563
465,7,train,8,0.003576896501512529,0.05980716095512752,0.0067487382250607355,0.08215070434914563
465,-1,train,120,0.0067487382250607355,0.08215070434914563,0.0067487382250607355,0.08215070434914563
466,0,train,16,0.006472753621385163,0.08045342516875936,0.006693478042524751,0.08181367882282736
466,1,train,16,0.008498291568440319,0.09218617883631103,0.006693478042524751,0.08181367882282736
466,2,train,16,0.009551770825435147,0.09773316133961464,0.006693478042524751,0.08181367882282736
466,3,train,16,0.008944271771892817,0.09457416017016919,0.006693478042524751,0.08181367882282736
466,4,train,16,0.005296294266286231,0.072775643358793,0.006693478042524751,0.08181367882282736
466,5,train,16,0.0070038426001970645,0.08368896343124979,0.006693478042524751,0.08181367882282736
466,6,train,16,0.0047994277975953814,0.06927790266452487,0.006693478042524751,0.08181367882282736
466,7,train,8,0.0029811718889658926,0.05460010887320549,0.006693478042524751,0.08181367882282736
466,-1,train,120,0.006693478042524751,0.08181367882282736,0.006693478042524751,0.08181367882282736
467,0,train,16,0.008655256791658005,0.0930336325833728,0.006550420111174227,0.08093466569507918
467,1,train,16,0.0023692896904576976,0.04867534992640215,0.006550420111174227,0.08093466569507918
467,2,train,16,0.004277130024414043,0.06539977082845201,0.006550420111174227,0.08093466569507918
467,3,train,16,0.013931968970230671,0.11803376199304448,0.006550420111174227,0.08093466569507918
467,4,train,16,0.005108470547270295,0.07147356537399191,0.006550420111174227,0.08093466569507918
467,5,train,16,0.00580872174196711,0.07621497058955747,0.006550420111174227,0.08093466569507918
467,6,train,16,0.011375589805163719,0.10665641005192196,0.006550420111174227,0.08093466569507918
467,7,train,8,0.0008769333182322792,0.029613059926868062,0.006550420111174227,0.08093466569507918
467,-1,train,120,0.006550420111174227,0.08093466569507918,0.006550420111174227,0.08093466569507918
468,0,train,16,0.00241340062326011,0.049126374008877455,0.00650828810038632,0.08067396172487329
468,1,train,16,0.01006328963183551,0.10031594904019754,0.00650828810038632,0.08067396172487329
468,2,train,16,0.009039699904603623,0.09507733644041372,0.00650828810038632,0.08067396172487329
468,3,train,16,0.006394375844863923,0.07996484130456286,0.00650828810038632,0.08067396172487329
468,4,train,16,0.011743926793104414,0.10836939970814831,0.00650828810038632,0.08067396172487329
468,5,train,16,0.005483320868845,0.07404944880851579,0.00650828810038632,0.08067396172487329
468,6,train,16,0.006356461480233761,0.07972741987693921,0.00650828810038632,0.08067396172487329
468,7,train,8,0.0005718296563442177,0.023912960008000216,0.00650828810038632,0.08067396172487329
468,-1,train,120,0.00650828810038632,0.08067396172487329,0.00650828810038632,0.08067396172487329
469,0,train,16,0.006619047358336691,0.0813575279758222,0.006934112963715817,0.08327132137606451
469,1,train,16,0.008279990526651293,0.0909944532740941,0.006934112963715817,0.08327132137606451
469,2,train,16,0.003134251503217213,0.055984386244891646,0.006934112963715817,0.08327132137606451
469,3,train,16,0.005573836042060647,0.07465812776959148,0.006934112963715817,0.08327132137606451
469,4,train,16,0.010459753522174566,0.10227293641122547,0.006934112963715817,0.08327132137606451
469,5,train,16,0.0070390557311199005,0.08389908063334127,0.006934112963715817,0.08327132137606451
469,6,train,16,0.00664523543949512,0.0815183135221474,0.006934112963715817,0.08327132137606451
469,7,train,8,0.007721733586671104,0.08787339521533866,0.006934112963715817,0.08327132137606451
469,-1,train,120,0.006934112963715817,0.08327132137606451,0.006934112963715817,0.08327132137606451
470,0,train,16,0.012682520028492971,0.1126166951588128,0.006914624375367865,0.08315422043028162
470,1,train,16,0.007878522705417817,0.08876104272380883,0.006914624375367865,0.08315422043028162
470,2,train,16,0.005431507701255846,0.07369876322745074,0.006914624375367865,0.08315422043028162
470,3,train,16,0.008078420946364396,0.08988003641724004,0.006914624375367865,0.08315422043028162
470,4,train,16,0.005785429695741448,0.07606201217257828,0.006914624375367865,0.08315422043028162
470,5,train,16,0.003509376921154424,0.059239994270378044,0.006914624375367865,0.08315422043028162
470,6,train,16,0.004272848297108944,0.06536702759885096,0.006914624375367865,0.08315422043028162
470,7,train,8,0.007678368707407071,0.08762630145913423,0.006914624375367865,0.08315422043028162
470,-1,train,120,0.006914624375367865,0.08315422043028162,0.006914624375367865,0.08315422043028162
471,0,train,16,0.008701741224070539,0.09328312400466945,0.006944987599370234,0.08333659219916682
471,1,train,16,0.006712010537898695,0.08192686090592446,0.006944987599370234,0.08333659219916682
471,2,train,16,0.004466823669825013,0.06683430009976175,0.006944987599370234,0.08333659219916682
471,3,train,16,0.002258700736566215,0.047525790225583994,0.006944987599370234,0.08333659219916682
471,4,train,16,0.011735583959819936,0.1083309003000526,0.006944987599370234,0.08333659219916682
471,5,train,16,0.0029428768962326286,0.05424828933922828,0.006944987599370234,0.08333659219916682
471,6,train,16,0.010338363340471553,0.10167774260117872,0.006944987599370234,0.08333659219916682
471,7,train,8,0.008403800430077282,0.09167224460040936,0.006944987599370234,0.08333659219916682
471,-1,train,120,0.006944987599370234,0.08333659219916682,0.006944987599370234,0.08333659219916682
472,0,train,16,0.0031389377448545626,0.0560262237247395,0.006900176447545268,0.08306730071180397
472,1,train,16,0.006333536462194697,0.0795835187849513,0.006900176447545268,0.08306730071180397
472,2,train,16,0.005020761742476702,0.0708573337240169,0.006900176447545268,0.08306730071180397
472,3,train,16,0.0018553589936394859,0.043073878321315415,0.006900176447545268,0.08306730071180397
472,4,train,16,0.010655519143045928,0.1032255740746736,0.006900176447545268,0.08306730071180397
472,5,train,16,0.008814781816306256,0.09388706948406823,0.006900176447545268,0.08306730071180397
472,6,train,16,0.011592265221021567,0.10766738234498675,0.006900176447545268,0.08306730071180397
472,7,train,8,0.007790250456822946,0.08826239548541012,0.006900176447545268,0.08306730071180397
472,-1,train,120,0.006900176447545268,0.08306730071180397,0.006900176447545268,0.08306730071180397
473,0,train,16,0.0023957059029147535,0.04894594878960621,0.006907522073988936,0.08311150386071074
473,1,train,16,0.011695886810660593,0.1081475233681317,0.006907522073988936,0.08311150386071074
473,2,train,16,0.00575881594400843,0.07588686278934206,0.006907522073988936,0.08311150386071074
473,3,train,16,0.006008022617783218,0.07751143540009575,0.006907522073988936,0.08311150386071074
473,4,train,16,0.008086446938290876,0.08992467369021072,0.006907522073988936,0.08311150386071074
473,5,train,16,0.006529493170752904,0.08080527934951344,0.006907522073988936,0.08311150386071074
473,6,train,16,0.006243700169721525,0.07901708783371812,0.006907522073988936,0.08311150386071074
473,7,train,8,0.008542105037779187,0.09242350911850938,0.006907522073988936,0.08311150386071074
473,-1,train,120,0.006907522073988936,0.08311150386071074,0.006907522073988936,0.08311150386071074
474,0,train,16,0.008389885562685937,0.09159631849963151,0.007111429583487204,0.08432929255891575
474,1,train,16,0.004749352934281944,0.06891554929246334,0.007111429583487204,0.08432929255891575
474,2,train,16,0.0072397357748985175,0.08508663687617767,0.007111429583487204,0.08432929255891575
474,3,train,16,0.00619326662452082,0.07869731014793847,0.007111429583487204,0.08432929255891575
474,4,train,16,0.008265231218611955,0.09091331705867933,0.007111429583487204,0.08432929255891575
474,5,train,16,0.005890608202397243,0.07675029773490943,0.007111429583487204,0.08432929255891575
474,6,train,16,0.004198932036920081,0.06479916694618906,0.007111429583487204,0.08432929255891575
474,7,train,8,0.011964424313581136,0.10938201092309986,0.007111429583487204,0.08432929255891575
474,-1,train,120,0.007111429583487204,0.08432929255891575,0.007111429583487204,0.08432929255891575
475,0,train,16,0.006544132144073825,0.08089581042349366,0.0065404395260420245,0.08087298390712454
475,1,train,16,0.009227210761166418,0.09605837163499295,0.0065404395260420245,0.08087298390712454
475,2,train,16,0.00543549020776309,0.07372577709161898,0.0065404395260420245,0.08087298390712454
475,3,train,16,0.004645592277277412,0.06815858183147161,0.0065404395260420245,0.08087298390712454
475,4,train,16,0.006133342005571437,0.07831565619703022,0.0065404395260420245,0.08087298390712454
475,5,train,16,0.00742419230329003,0.08616375283894051,0.0065404395260420245,0.08087298390712454
475,6,train,16,0.009755897034881271,0.09877194457375672,0.0065404395260420245,0.08087298390712454
475,7,train,8,0.003157659474312717,0.05619305539221654,0.0065404395260420245,0.08087298390712454
475,-1,train,120,0.0065404395260420245,0.08087298390712454,0.0065404395260420245,0.08087298390712454
476,0,train,16,0.0055227245533107,0.07431503584948809,0.006488283846490977,0.08054988421153055
476,1,train,16,0.0076665866798496796,0.0875590468189877,0.006488283846490977,0.08054988421153055
476,2,train,16,0.00907668973376962,0.09527166280573474,0.006488283846490977,0.08054988421153055
476,3,train,16,0.0085103304743149,0.09225145242387732,0.006488283846490977,0.08054988421153055
476,4,train,16,0.001123013246229587,0.03351138979853845,0.006488283846490977,0.08054988421153055
476,5,train,16,0.004877109718952262,0.06983630659586933,0.006488283846490977,0.08054988421153055
476,6,train,16,0.0124457812102825,0.11156066157155263,0.006488283846490977,0.08054988421153055
476,7,train,8,0.0026840351552185763,0.051807674674883605,0.006488283846490977,0.08054988421153055
476,-1,train,120,0.006488283846490977,0.08054988421153055,0.006488283846490977,0.08054988421153055
477,0,train,16,0.008684973067968029,0.09319320290647827,0.006786286078846601,0.08237891768436024
477,1,train,16,0.0060009436463553814,0.07746575789570112,0.006786286078846601,0.08237891768436024
477,2,train,16,0.009526311507302765,0.09760282530389561,0.006786286078846601,0.08237891768436024
477,3,train,16,0.009471441251148705,0.09732132988789613,0.006786286078846601,0.08237891768436024
477,4,train,16,0.0062680708391239185,0.0791711490324848,0.006786286078846601,0.08237891768436024
477,5,train,16,0.0027754870813510727,0.05268289173300069,0.006786286078846601,0.08237891768436024
477,6,train,16,0.003853810329177993,0.062079065144201334,0.006786286078846601,0.08237891768436024
477,7,train,8,0.007709250908344946,0.08780233999356137,0.006786286078846601,0.08237891768436024
477,-1,train,120,0.006786286078846601,0.08237891768436024,0.006786286078846601,0.08237891768436024
478,0,train,16,0.004176998727280935,0.06462970468198764,0.0067773335513824275,0.08232456226049688
478,1,train,16,0.007418793149417399,0.08613241636815606,0.0067773335513824275,0.08232456226049688
478,2,train,16,0.006415923683307225,0.08009946119236523,0.0067773335513824275,0.08232456226049688
478,3,train,16,0.005010844800809806,0.0707873209043103,0.0067773335513824275,0.08232456226049688
478,4,train,16,0.004364003355177068,0.0660606036543496,0.0067773335513824275,0.08232456226049688
478,5,train,16,0.008189574981674295,0.09049627054014046,0.0067773335513824275,0.08232456226049688
478,6,train,16,0.010768977522369692,0.10377368415147306,0.0067773335513824275,0.08232456226049688
478,7,train,8,0.007873552191023005,0.08873303889207788,0.0067773335513824275,0.08232456226049688
478,-1,train,120,0.0067773335513824275,0.08232456226049688,0.0067773335513824275,0.08232456226049688
479,0,train,16,0.00814683781841211,0.09025983502318242,0.006865394472542207,0.0828576760025419
479,1,train,16,0.008046416713004325,0.0897018211242354,0.006865394472542207,0.0828576760025419
479,2,train,16,0.008484354819288008,0.0921105575886283,0.006865394472542207,0.0828576760025419
479,3,train,16,0.00510681126694336,0.07146195678081702,0.006865394472542207,0.0828576760025419
479,4,train,16,0.004163735448906537,0.06452701332702868,0.006865394472542207,0.0828576760025419
479,5,train,16,0.00997954818567277,0.09989768859024102,0.006865394472542207,0.0828576760025419
479,6,train,16,0.0014496235997164806,0.03807392283067875,0.006865394472542207,0.0828576760025419
479,7,train,8,0.009545827928394066,0.09770275292126658,0.006865394472542207,0.0828576760025419
479,-1,train,120,0.006865394472542207,0.0828576760025419,0.006865394472542207,0.0828576760025419
480,0,train,16,0.006209522020900634,0.07880052043546815,0.006820623413421549,0.08258706565450519
480,1,train,16,0.007354905893292599,0.0857607479753564,0.006820623413421549,0.08258706565450519
480,2,train,16,0.004388719994542616,0.06624741500272004,0.006820623413421549,0.08258706565450519
480,3,train,16,0.0030490844357124345,0.055218515334192336,0.006820623413421549,0.08258706565450519
480,4,train,16,0.007184115114088221,0.08475915947016123,0.006820623413421549,0.08258706565450519
480,5,train,16,0.008761312044933026,0.09360188056301554,0.006820623413421549,0.08258706565450519
480,6,train,16,0.008435609934742497,0.09184557656600832,0.006820623413421549,0.08258706565450519
480,7,train,8,0.009181717869160375,0.09582128087831207,0.006820623413421549,0.08258706565450519
480,-1,train,120,0.006820623413421549,0.08258706565450519,0.006820623413421549,0.08258706565450519
481,0,train,16,0.0024009798674435702,0.04899979456532007,0.006807849827300474,0.08250969535333695
481,1,train,16,0.007934812151851368,0.08907756256123855,0.006807849827300474,0.08250969535333695
481,2,train,16,0.005958660083814517,0.07719235767752218,0.006807849827300474,0.08250969535333695
481,3,train,16,0.007310282218702756,0.0855001884132588,0.006807849827300474,0.08250969535333695
481,4,train,16,0.0067489648263828386,0.08215208351820931,0.006807849827300474,0.08250969535333695
481,5,train,16,0.0018929488157604243,0.04350803162360283,0.006807849827300474,0.08250969535333695
481,6,train,16,0.01307750685910965,0.11435692746445075,0.006807849827300474,0.08250969535333695
481,7,train,8,0.009138643795338675,0.09559625408633267,0.006807849827300474,0.08250969535333695
481,-1,train,120,0.006807849827300474,0.08250969535333695,0.006807849827300474,0.08250969535333695
482,0,train,16,0.011235327455994037,0.10599682757514037,0.006373127631686359,0.07983187102709267
482,1,train,16,0.004594457931823085,0.06778243084917422,0.006373127631686359,0.07983187102709267
482,2,train,16,0.0022187366364191724,0.04710346735028296,0.006373127631686359,0.07983187102709267
482,3,train,16,0.01039226847869503,0.1019424763221643,0.006373127631686359,0.07983187102709267
482,4,train,16,0.001959558036207993,0.0442668954887057,0.006373127631686359,0.07983187102709267
482,5,train,16,0.010122120859424771,0.10060875140575382,0.006373127631686359,0.07983187102709267
482,6,train,16,0.007921902465045256,0.08900506988394119,0.006373127631686359,0.07983187102709267
482,7,train,8,0.0025406491898815296,0.05040485284058996,0.006373127631686359,0.07983187102709267
482,-1,train,120,0.006373127631686359,0.07983187102709267,0.006373127631686359,0.07983187102709267
483,0,train,16,0.008000353466026401,0.08944469501332318,0.006404506751873364,0.08002816224225921
483,1,train,16,0.004100578230131459,0.06403575743388579,0.006404506751873364,0.08002816224225921
483,2,train,16,0.007779458464274115,0.08820123845090903,0.006404506751873364,0.08002816224225921
483,3,train,16,0.01333749950727237,0.11548809249127102,0.006404506751873364,0.08002816224225921
483,4,train,16,0.004596276903997802,0.06779584724743694,0.006404506751873364,0.08002816224225921
483,5,train,16,0.003894341238892717,0.06240465718912906,0.006404506751873364,0.08002816224225921
483,6,train,16,0.0063307075676273415,0.07956574368173366,0.006404506751873364,0.08002816224225921
483,7,train,8,0.0031968386367647096,0.05654059282289769,0.006404506751873364,0.08002816224225921
483,-1,train,120,0.006404506751873364,0.08002816224225921,0.006404506751873364,0.08002816224225921
484,0,train,16,0.005294686260907699,0.07276459483091828,0.0062782231551157435,0.07923523935166564
484,1,train,16,0.005538816231158353,0.07442322373532574,0.0062782231551157435,0.07923523935166564
484,2,train,16,0.007640900748567774,0.08741224598743458,0.0062782231551157435,0.07923523935166564
484,3,train,16,0.005747302996108037,0.0758109688376823,0.0062782231551157435,0.07923523935166564
484,4,train,16,0.008573929572600609,0.09259551594219133,0.0062782231551157435,0.07923523935166564
484,5,train,16,0.006312849049299211,0.07945343950578358,0.0062782231551157435,0.07923523935166564
484,6,train,16,0.009494277133361243,0.09743858133902218,0.0062782231551157435,0.07923523935166564
484,7,train,8,0.0016230232489230223,0.04028676270095454,0.0062782231551157435,0.07923523935166564
484,-1,train,120,0.0062782231551157435,0.07923523935166564,0.0062782231551157435,0.07923523935166564
485,0,train,16,0.0016246314687996203,0.040306717415334384,0.006728490506148684,0.08202737656507542
485,1,train,16,0.010313897865157493,0.10155736243698678,0.006728490506148684,0.08202737656507542
485,2,train,16,0.007240197766750686,0.08508935166488628,0.006728490506148684,0.08202737656507542
485,3,train,16,0.0035777296172744707,0.05981412556641174,0.006728490506148684,0.08202737656507542
485,4,train,16,0.008174967024999803,0.09041552424777397,0.006728490506148684,0.08202737656507542
485,5,train,16,0.002804729594521055,0.05295969783260716,0.006728490506148684,0.08202737656507542
485,6,train,16,0.011020072429704921,0.10497653275711158,0.006728490506148684,0.08202737656507542
485,7,train,8,0.009071698281981424,0.09524546331443522,0.006728490506148684,0.08202737656507542
485,-1,train,120,0.006728490506148684,0.08202737656507542,0.006728490506148684,0.08202737656507542
486,0,train,16,0.00671913039315114,0.08197030189740148,0.006240600802299831,0.07899747339187393
486,1,train,16,0.005103310035701724,0.0714374554117217,0.006240600802299831,0.07899747339187393
486,2,train,16,0.010842552915086855,0.10412757999246336,0.006240600802299831,0.07899747339187393
486,3,train,16,0.005312434083303426,0.0728864464993556,0.006240600802299831,0.07899747339187393
486,4,train,16,0.005189444119216009,0.07203779646280145,0.006240600802299831,0.07899747339187393
486,5,train,16,0.0024371423055186874,0.04936742149959513,0.006240600802299831,0.07899747339187393
486,6,train,16,0.012805683447556806,0.11316219972922409,0.006240600802299831,0.07899747339187393
486,7,train,8,0.0015151091188640039,0.03892440261409292,0.006240600802299831,0.07899747339187393
486,-1,train,120,0.006240600802299831,0.07899747339187393,0.006240600802299831,0.07899747339187393
487,0,train,16,0.002311736473539229,0.0480805207286613,0.006277989308527799,0.0792337636902842
487,1,train,16,0.004298937571425764,0.06556628380063768,0.006277989308527799,0.0792337636902842
487,2,train,16,0.004037040402486787,0.06353770850830857,0.006277989308527799,0.0792337636902842
487,3,train,16,0.009348166241730523,0.09668591542582881,0.006277989308527799,0.0792337636902842
487,4,train,16,0.012836289162949214,0.11329734843741585,0.006277989308527799,0.0792337636902842
487,5,train,16,0.005496305509995596,0.07413707244014694,0.006277989308527799,0.0792337636902842
487,6,train,16,0.009638688263526572,0.09817682141690355,0.006277989308527799,0.0792337636902842
487,7,train,8,0.002256750842568718,0.04750527173450035,0.006277989308527799,0.0792337636902842
487,-1,train,120,0.006277989308527799,0.0792337636902842,0.006277989308527799,0.0792337636902842
488,0,train,16,0.004044202769589467,0.06359404665209997,0.006171335403471422,0.07855784749769702
488,1,train,16,0.007250918041794591,0.08515232258602574,0.006171335403471422,0.07855784749769702
488,2,train,16,0.009546717288264192,0.09770730417048765,0.006171335403471422,0.07855784749769702
488,3,train,16,0.008951124722546396,0.09461038379874799,0.006171335403471422,0.07855784749769702
488,4,train,16,0.009630200222971034,0.09813358356327885,0.006171335403471422,0.07855784749769702
488,5,train,16,0.0033313033380697856,0.05771744396687873,0.006171335403471422,0.07855784749769702
488,6,train,16,0.005621497138307986,0.07497664395202006,0.006171335403471422,0.07855784749769702
488,7,train,8,0.0009947197062279243,0.0315391773232582,0.006171335403471422,0.07855784749769702
488,-1,train,120,0.006171335403471422,0.07855784749769702,0.006171335403471422,0.07855784749769702
489,0,train,16,0.007473129232623365,0.08644726272487385,0.006597829172318187,0.08122702242676502
489,1,train,16,0.006551176222988564,0.08093933668488125,0.006597829172318187,0.08122702242676502
489,2,train,16,0.006062263327536814,0.0778605376781898,0.006597829172318187,0.08122702242676502
489,3,train,16,0.002640331499257803,0.05138415611117695,0.006597829172318187,0.08122702242676502
489,4,train,16,0.010193590855773664,0.10096331440564768,0.006597829172318187,0.08122702242676502
489,5,train,16,0.00557738123594752,0.07468186684830208,0.006597829172318187,0.08122702242676502
489,6,train,16,0.006218858082430991,0.07885973676364251,0.006597829172318187,0.08122702242676502
489,7,train,8,0.008065902921986775,0.08981037201786203,0.006597829172318187,0.08122702242676502
489,-1,train,120,0.006597829172318187,0.08122702242676502,0.006597829172318187,0.08122702242676502
490,0,train,16,0.005447871460720221,0.0738096976062104,0.007040990462914305,0.08391060995436933
490,1,train,16,0.0046519171928565434,0.06820496457631617,0.007040990462914305,0.08391060995436933
490,2,train,16,0.005052589875170462,0.07108157198015856,0.007040990462914305,0.08391060995436933
490,3,train,16,0.004820739657114874,0.06943154655568946,0.007040990462914305,0.08391060995436933
490,4,train,16,0.00667888919847677,0.08172447123399924,0.007040990462914305,0.08391060995436933
490,5,train,16,0.009195302447743123,0.09589213965567314,0.007040990462914305,0.08391060995436933
490,6,train,16,0.004995059433913422,0.0706757344066082,0.007040990462914305,0.08391060995436933
490,7,train,8,0.015485554437319027,0.1244409676807402,0.007040990462914305,0.08391060995436933
490,-1,train,120,0.007040990462914305,0.08391060995436933,0.007040990462914305,0.08391060995436933
491,0,train,16,0.006566607908958054,0.08103460932810162,0.006189103620159167,0.07867085623125737
491,1,train,16,0.007690826747706323,0.08769735884110948,0.006189103620159167,0.07867085623125737
491,2,train,16,0.007867600275770594,0.0886994942249988,0.006189103620159167,0.07867085623125737
491,3,train,16,0.008744473105799792,0.09351188751062504,0.006189103620159167,0.07867085623125737
491,4,train,16,0.00708548445581691,0.08417531975476487,0.006189103620159167,0.07867085623125737
491,5,train,16,0.007656592980656696,0.0875019598675178,0.006189103620159167,0.07867085623125737
491,6,train,16,0.0018149060671257971,0.04260171436838894,0.006189103620159167,0.07867085623125737
491,7,train,8,0.002086337419439167,0.04567644271874909,0.006189103620159167,0.07867085623125737
491,-1,train,120,0.006189103620159167,0.07867085623125737,0.006189103620159167,0.07867085623125737
492,0,train,16,0.002977495185771244,0.05456642910958389,0.0067976572434130435,0.08244790624032271
492,1,train,16,0.001663214812084647,0.04078253072192366,0.0067976572434130435,0.08244790624032271
492,2,train,16,0.005932996588076905,0.07702594749872867,0.0067976572434130435,0.08244790624032271
492,3,train,16,0.008300487175079732,0.09110700947281572,0.0067976572434130435,0.08244790624032271
492,4,train,16,0.00883355008302408,0.09398696762330445,0.0067976572434130435,0.08244790624032271
492,5,train,16,0.010059333732438936,0.1002962299014222,0.0067976572434130435,0.08244790624032271
492,6,train,16,0.0045553194817546175,0.06749310692029681,0.0067976572434130435,0.08244790624032271
492,7,train,8,0.012058860889074183,0.10981284482734333,0.0067976572434130435,0.08244790624032271
492,-1,train,120,0.0067976572434130435,0.08244790624032271,0.0067976572434130435,0.08244790624032271
493,0,train,16,0.004427415269977114,0.06653882528251542,0.006292776794084013,0.0793270243617143
493,1,train,16,0.0051533426202104785,0.07178678583284306,0.006292776794084013,0.0793270243617143
493,2,train,16,0.0051620853575070885,0.07184765380655855,0.006292776794084013,0.0793270243617143
493,3,train,16,0.008774244949906643,0.09367093973002856,0.006292776794084013,0.0793270243617143
493,4,train,16,0.011223993218615561,0.1059433491004299,0.006292776794084013,0.0793270243617143
493,5,train,16,0.00426039229887924,0.06527168068066916,0.006292776794084013,0.0793270243617143
493,6,train,16,0.006897035380154159,0.08304839179751863,0.006292776794084013,0.0793270243617143
493,7,train,8,0.0044437052574218105,0.06666112253346632,0.006292776794084013,0.0793270243617143
493,-1,train,120,0.006292776794084013,0.0793270243617143,0.006292776794084013,0.0793270243617143
494,0,train,16,0.004801438867929416,0.06929241565950357,0.0061967565965725885,0.07871948041350749
494,1,train,16,0.005130426404601676,0.07162699494325918,0.0061967565965725885,0.07871948041350749
494,2,train,16,0.007566258481469237,0.08698424271941003,0.0061967565965725885,0.07871948041350749
494,3,train,16,0.004185689060579552,0.06469690147587867,0.0061967565965725885,0.07871948041350749
494,4,train,16,0.011492931096250094,0.1072050889475406,0.0061967565965725885,0.07871948041350749
494,5,train,16,0.009856721786635714,0.09928102430291356,0.0061967565965725885,0.07871948041350749
494,6,train,16,0.003560131798299902,0.059666840022745485,0.0061967565965725885,0.07871948041350749
494,7,train,8,0.0029804552768151185,0.05459354610954594,0.0061967565965725885,0.07871948041350749
494,-1,train,120,0.0061967565965725885,0.07871948041350749,0.0061967565965725885,0.07871948041350749
495,0,train,16,0.002338184498004133,0.048354777406210164,0.007112039322545084,0.08433290770835003
495,1,train,16,0.0030356116357716663,0.05509638496100871,0.007112039322545084,0.08433290770835003
495,2,train,16,0.006527782897305205,0.0807946959726021,0.007112039322545084,0.08433290770835003
495,3,train,16,0.0035418624931746524,0.05951354882020272,0.007112039322545084,0.08433290770835003
495,4,train,16,0.009936474899276727,0.09968186845799354,0.007112039322545084,0.08433290770835003
495,5,train,16,0.005279743685484499,0.07266184477072199,0.007112039322545084,0.08433290770835003
495,6,train,16,0.008820760821859916,0.09391890556144655,0.007112039322545084,0.08433290770835003
495,7,train,8,0.01741589364948387,0.13196929055459786,0.007112039322545084,0.08433290770835003
495,-1,train,120,0.007112039322545084,0.08433290770835003,0.007112039322545084,0.08433290770835003
496,0,train,16,0.007801251664694519,0.08832469453496299,0.006561798675357836,0.08100492994477457
496,1,train,16,0.008916729429938335,0.09442843549449675,0.006561798675357836,0.08100492994477457
496,2,train,16,0.0074432201018170205,0.08627409867287528,0.006561798675357836,0.08100492994477457
496,3,train,16,0.006477644722480686,0.08048381652531574,0.006561798675357836,0.08100492994477457
496,4,train,16,0.004069650904964651,0.06379381556988617,0.006561798675357836,0.08100492994477457
496,5,train,16,0.004084830852449633,0.06391268146815335,0.006561798675357836,0.08100492994477457
496,6,train,16,0.004107234896473626,0.06408771252333496,0.006561798675357836,0.08100492994477457
496,7,train,8,0.00959382683004422,0.09794808231938092,0.006561798675357836,0.08100492994477457
496,-1,train,120,0.006561798675357836,0.08100492994477457,0.006561798675357836,0.08100492994477457
497,0,train,16,0.004289544282800971,0.06549461262425309,0.0061950820831267964,0.07870884374151862
497,1,train,16,0.007969110164543838,0.08926987265894266,0.0061950820831267964,0.07870884374151862
497,2,train,16,0.007747610312009696,0.08802051074613063,0.0061950820831267964,0.07870884374151862
497,3,train,16,0.009374768568978795,0.09682338854315518,0.0061950820831267964,0.07870884374151862
497,4,train,16,0.0038944465971847836,0.06240550133750056,0.0061950820831267964,0.07870884374151862
497,5,train,16,0.008101451763273457,0.09000806499016328,0.0061950820831267964,0.07870884374151862
497,6,train,16,0.004561732828906269,0.06754060133657583,0.0061950820831267964,0.07870884374151862
497,7,train,8,0.003621992147316558,0.06018298885330105,0.0061950820831267964,0.07870884374151862
497,-1,train,120,0.0061950820831267964,0.07870884374151862,0.0061950820831267964,0.07870884374151862
498,0,train,16,0.002776726212140995,0.05269465069758974,0.006135206638702075,0.07832755989242915
498,1,train,16,0.0037090689904451467,0.06090212632121433,0.006135206638702075,0.07832755989242915
498,2,train,16,0.010401065101237051,0.10198561222661288,0.006135206638702075,0.07832755989242915
498,3,train,16,0.00930789155458939,0.09647741473831785,0.006135206638702075,0.07832755989242915
498,4,train,16,0.007169655044076778,0.08467381557528146,0.006135206638702075,0.07832755989242915
498,5,train,16,0.0013282110290916472,0.03644462963307005,0.006135206638702075,0.07832755989242915
498,6,train,16,0.011098300879213504,0.10534847354951805,0.006135206638702075,0.07832755989242915
498,7,train,8,0.0032907342988220878,0.05736492219834424,0.006135206638702075,0.07832755989242915
498,-1,train,120,0.006135206638702075,0.07832755989242915,0.006135206638702075,0.07832755989242915
499,0,train,16,0.006203846297780774,0.07876449896863925,0.006388498594525188,0.07992808389124055
499,1,train,16,0.01044501126851903,0.10220083790517097,0.006388498594525188,0.07992808389124055
499,2,train,16,0.008204501702097943,0.09057870446246151,0.006388498594525188,0.07992808389124055
499,3,train,16,0.0035366995694722293,0.05947015696525636,0.006388498594525188,0.07992808389124055
499,4,train,16,0.0024226239961855547,0.04922015843316186,0.006388498594525188,0.07992808389124055
499,5,train,16,0.0066056176312915636,0.08127495082306456,0.006388498594525188,0.07992808389124055
499,6,train,16,0.006085402554508836,0.07800899021592855,0.006388498594525188,0.07992808389124055
499,7,train,8,0.0076042857363455675,0.08720255579021505,0.006388498594525188,0.07992808389124055
499,-1,train,120,0.006388498594525188,0.07992808389124055,0.006388498594525188,0.07992808389124055
500,0,train,16,0.004424669107194074,0.06651818628912001,0.006046154481438423,0.0777570220715687
500,1,train,16,0.01372465685158734,0.11715228060770878,0.006046154481438423,0.0777570220715687
500,2,train,16,0.005505255317952317,0.07419740775763205,0.006046154481438423,0.0777570220715687
500,3,train,16,0.007589702288140413,0.08711889742266263,0.006046154481438423,0.0777570220715687
500,4,train,16,0.008014612252228335,0.08952436680719018,0.006046154481438423,0.0777570220715687
500,5,train,16,0.0019349929988043773,0.04398855531617715,0.006046154481438423,0.0777570220715687
500,6,train,16,0.004692532351589565,0.06850206092950463,0.006046154481438423,0.0777570220715687
500,7,train,8,0.0024828146840109645,0.049827850485556414,0.006046154481438423,0.0777570220715687
500,-1,train,120,0.006046154481438423,0.0777570220715687,0.006046154481438423,0.0777570220715687
501,0,train,16,0.003950774817156193,0.06285518926195507,0.005923489770546573,0.0769642109720263
501,1,train,16,0.006260283372627564,0.07912195253295741,0.005923489770546573,0.0769642109720263
501,2,train,16,0.007494299482488814,0.08656962216903118,0.005923489770546573,0.0769642109720263
501,3,train,16,0.006255772828575394,0.07909344365100937,0.005923489770546573,0.0769642109720263
501,4,train,16,0.009968343804093765,0.09984159355746364,0.005923489770546573,0.0769642109720263
501,5,train,16,0.010054504535570134,0.10027215234336069,0.005923489770546573,0.0769642109720263
501,6,train,16,0.0026352686589014027,0.05133486786679598,0.005923489770546573,0.0769642109720263
501,7,train,8,0.0007686706649593217,0.027724910549167182,0.005923489770546573,0.0769642109720263
501,-1,train,120,0.005923489770546573,0.0769642109720263,0.005923489770546573,0.0769642109720263
502,0,train,16,0.005563322590727838,0.07458768390778626,0.005947345212545665,0.07711903275162146
502,1,train,16,0.003877967777829364,0.062273331192649106,0.005947345212545665,0.07711903275162146
502,2,train,16,0.008346217324992383,0.09135763419108653,0.005947345212545665,0.07711903275162146
502,3,train,16,0.007444807212904145,0.08628329625659967,0.005947345212545665,0.07711903275162146
502,4,train,16,0.009516010691784385,0.09755004198760954,0.005947345212545665,0.07711903275162146
502,5,train,16,0.0032581361117330746,0.05708008507117938,0.005947345212545665,0.07711903275162146
502,6,train,16,0.008235193981153913,0.09074796957042021,0.005947345212545665,0.07711903275162146
502,7,train,8,0.0013371060092402082,0.036566460168304615,0.005947345212545665,0.07711903275162146
502,-1,train,120,0.005947345212545665,0.07711903275162146,0.005947345212545665,0.07711903275162146
503,0,train,16,0.004544349475748307,0.06741179033187226,0.006426618918866031,0.08016619561177911
503,1,train,16,0.0019599442321916426,0.04427125740468236,0.006426618918866031,0.08016619561177911
503,2,train,16,0.0029224261443146758,0.054059468590753605,0.006426618918866031,0.08016619561177911
503,3,train,16,0.009493398759076685,0.0974340739119364,0.006426618918866031,0.08016619561177911
503,4,train,16,0.005276163933434613,0.07263720763792213,0.006426618918866031,0.08016619561177911
503,5,train,16,0.008728006881494714,0.09342380254247155,0.006426618918866031,0.08016619561177911
503,6,train,16,0.009563786945979272,0.09779461614004767,0.006426618918866031,0.08016619561177911
503,7,train,8,0.00892487497868834,0.0944715564531904,0.006426618918866031,0.08016619561177911
503,-1,train,120,0.006426618918866031,0.08016619561177911,0.006426618918866031,0.08016619561177911
504,0,train,16,0.00718906859384689,0.08478837534619289,0.006619203147159117,0.08135848540354668
504,1,train,16,0.011295393762710229,0.10627979000125203,0.006619203147159117,0.08135848540354668
504,2,train,16,0.005467532605517113,0.07394276574159986,0.006619203147159117,0.08135848540354668
504,3,train,16,0.004374279375671726,0.06613833514439055,0.006619203147159117,0.08135848540354668
504,4,train,16,0.002012874472608988,0.04486506962670389,0.006619203147159117,0.08135848540354668
504,5,train,16,0.004576424781662021,0.06764927776156979,0.006619203147159117,0.08135848540354668
504,6,train,16,0.005677759553283086,0.07535090943899142,0.006619203147159117,0.08135848540354668
504,7,train,8,0.012360292031972895,0.11117685025207763,0.006619203147159117,0.08135848540354668
504,-1,train,120,0.006619203147159117,0.08135848540354668,0.006619203147159117,0.08135848540354668
505,0,train,16,0.0100487682280635,0.10024354457052834,0.0060043306296870165,0.07748761597627725
505,1,train,16,0.00409042601657932,0.06395643842944446,0.0060043306296870165,0.07748761597627725
505,2,train,16,0.0020118032960842196,0.044853130281890245,0.0060043306296870165,0.07748761597627725
505,3,train,16,0.005163597690155108,0.07185817761504329,0.0060043306296870165,0.07748761597627725
505,4,train,16,0.006437379027909487,0.08023327880567693,0.0060043306296870165,0.07748761597627725
505,5,train,16,0.008051378093375874,0.08972947171011247,0.0060043306296870165,0.07748761597627725
505,6,train,16,0.009069419962439715,0.09523350231110748,0.0060043306296870165,0.07748761597627725
505,7,train,8,0.003161872722888902,0.05623053194563343,0.0060043306296870165,0.07748761597627725
505,-1,train,120,0.0060043306296870165,0.07748761597627725,0.0060043306296870165,0.07748761597627725
506,0,train,16,0.0015828182695980838,0.039784648667521044,0.0062016093443187734,0.07875029742368453
506,1,train,16,0.013424033469908489,0.11586213130228741,0.0062016093443187734,0.07875029742368453
506,2,train,16,0.006395188327345887,0.07996992139139494,0.0062016093443187734,0.07875029742368453
506,3,train,16,0.004867496913726591,0.06976744881193944,0.0062016093443187734,0.07875029742368453
506,4,train,16,0.0026267845801329634,0.05125216658964735,0.0062016093443187734,0.07875029742368453
506,5,train,16,0.009452256303755588,0.09722271495774837,0.0062016093443187734,0.07875029742368453
506,6,train,16,0.0046216195930163404,0.06798249475428465,0.0062016093443187734,0.07875029742368453
506,7,train,8,0.006642677297066251,0.08150262141223588,0.0062016093443187734,0.07875029742368453
506,-1,train,120,0.0062016093443187734,0.07875029742368453,0.0062016093443187734,0.07875029742368453
507,0,train,16,0.004930769041546035,0.07021943492756143,0.006863612310539414,0.08284692094785065
507,1,train,16,0.0031263152860294833,0.05591346247577128,0.006863612310539414,0.08284692094785065
507,2,train,16,0.005181575924220508,0.07198316417205143,0.006863612310539414,0.08284692094785065
507,3,train,16,0.0033688048441375697,0.05804140629014402,0.006863612310539414,0.08284692094785065
507,4,train,16,0.006557228416595661,0.08097671527418027,0.006863612310539414,0.08284692094785065
507,5,train,16,0.012544509752606356,0.11200227565815954,0.006863612310539414,0.08284692094785065
507,6,train,16,0.001961200035809056,0.044285438191453586,0.006863612310539414,0.08284692094785065
507,7,train,8,0.01723849518337065,0.13129544997207881,0.006863612310539414,0.08284692094785065
507,-1,train,120,0.006863612310539414,0.08284692094785065,0.006863612310539414,0.08284692094785065
508,0,train,16,0.009482426202712089,0.09737775003927791,0.006000652090899644,0.07746387603844546
508,1,train,16,0.0026560658563821006,0.051537033833759786,0.006000652090899644,0.07746387603844546
508,2,train,16,0.009826335236051479,0.09912787315408053,0.006000652090899644,0.07746387603844546
508,3,train,16,0.004476714864438512,0.06690825707219186,0.006000652090899644,0.07746387603844546
508,4,train,16,0.007738270536433707,0.08796744020621326,0.006000652090899644,0.07746387603844546
508,5,train,16,0.004984141780389284,0.07059845451841905,0.006000652090899644,0.07746387603844546
508,6,train,16,0.004964427516421103,0.07045869368943128,0.006000652090899644,0.07746387603844546
508,7,train,8,0.0038768347343688834,0.06226423318703028,0.006000652090899644,0.07746387603844546
508,-1,train,120,0.006000652090899644,0.07746387603844546,0.006000652090899644,0.07746387603844546
509,0,train,16,0.0077709292372727555,0.08815287424283315,0.005945140639370013,0.07710473811232364
509,1,train,16,0.008102859300123014,0.09001588359907942,0.005945140639370013,0.07710473811232364
509,2,train,16,0.003976332582598633,0.06305816824645823,0.005945140639370013,0.07710473811232364
509,3,train,16,0.007973427929383858,0.08929405315800072,0.005945140639370013,0.07710473811232364
509,4,train,16,0.004051048087047287,0.06364784432364766,0.005945140639370013,0.07710473811232364
509,5,train,16,0.004040956600284551,0.0635685189404673,0.005945140639370013,0.07710473811232364
509,6,train,16,0.008528210909060818,0.09234831297355041,0.005945140639370013,0.07710473811232364
509,7,train,8,0.003117360469189186,0.055833327584778485,0.005945140639370013,0.07710473811232364
509,-1,train,120,0.005945140639370013,0.07710473811232364,0.005945140639370013,0.07710473811232364
510,0,train,16,0.004928099114681559,0.07020042104347779,0.005834653547413495,0.07638490392357311
510,1,train,16,0.009856681063681516,0.09928081921338842,0.005834653547413495,0.07638490392357311
510,2,train,16,0.01255830799184536,0.1120638567596411,0.005834653547413495,0.07638490392357311
510,3,train,16,0.0049931108081751,0.07066194738453717,0.005834653547413495,0.07638490392357311
510,4,train,16,0.0015592189458907197,0.03948694652528503,0.005834653547413495,0.07638490392357311
510,5,train,16,0.006323750564926313,0.07952201308396507,0.005834653547413495,0.07638490392357311
510,6,train,16,0.0046728183251718665,0.06835801580774464,0.005834653547413495,0.07638490392357311
510,7,train,8,0.0017852415649355264,0.0422521190585221,0.005834653547413495,0.07638490392357311
510,-1,train,120,0.005834653547413495,0.07638490392357311,0.005834653547413495,0.07638490392357311
511,0,train,16,0.009005850302495757,0.09489915859740673,0.006123201795857878,0.07825089006431733
511,1,train,16,0.003785601534013379,0.061527242210368725,0.006123201795857878,0.07825089006431733
511,2,train,16,0.007869657323692237,0.08871108906834724,0.006123201795857878,0.07825089006431733
511,3,train,16,0.006174208889859027,0.07857613435298931,0.006123201795857878,0.07825089006431733
511,4,train,16,0.007508911048858381,0.08665397307024289,0.006123201795857878,0.07825089006431733
511,5,train,16,0.0025886173065666983,0.05087845621249429,0.006123201795857878,0.07825089006431733
511,6,train,16,0.0051408861417918785,0.07169997309477792,0.006123201795857878,0.07825089006431733
511,7,train,8,0.006911881819585667,0.08313772801553856,0.006123201795857878,0.07825089006431733
511,-1,train,120,0.006123201795857878,0.07825089006431733,0.006123201795857878,0.07825089006431733
512,0,train,16,0.00503178229264445,0.07093505686643559,0.006084839501747199,0.07800538123583013
512,1,train,16,0.005403356496059523,0.07350752679868588,0.006084839501747199,0.07800538123583013
512,2,train,16,0.006292381729771609,0.07932453422347722,0.006084839501747199,0.07800538123583013
512,3,train,16,0.011353263505479126,0.10655169405260118,0.006084839501747199,0.07800538123583013
512,4,train,16,0.007083042630792789,0.08416081410485993,0.006084839501747199,0.07800538123583013
512,5,train,16,0.002281164805943931,0.047761541075890035,0.006084839501747199,0.07800538123583013
512,6,train,16,0.004893778475631301,0.06995554642507841,0.006084839501747199,0.07800538123583013
512,7,train,8,0.006339946077654859,0.07962377834324906,0.006084839501747199,0.07800538123583013
512,-1,train,120,0.006084839501747199,0.07800538123583013,0.006084839501747199,0.07800538123583013
513,0,train,16,0.009086007561360916,0.09532055162115312,0.006069512845564988,0.07790707827639917
513,1,train,16,0.0051913170435806425,0.07205079488514088,0.006069512845564988,0.07790707827639917
513,2,train,16,0.00928065131813858,0.09633613713523384,0.006069512845564988,0.07790707827639917
513,3,train,16,0.006284831032373994,0.07927692622935122,0.006069512845564988,0.07790707827639917
513,4,train,16,0.0073823614154583704,0.08592066931453904,0.006069512845564988,0.07790707827639917
513,5,train,16,0.002167592741264965,0.046557413386752546,0.006069512845564988,0.07790707827639917
513,6,train,16,0.0029142119709463722,0.05398344163673128,0.006069512845564988,0.07790707827639917
513,7,train,8,0.006249129681396065,0.07905143693441673,0.006069512845564988,0.07790707827639917
513,-1,train,120,0.006069512845564988,0.07790707827639917,0.006069512845564988,0.07790707827639917
514,0,train,16,0.003645912556705498,0.060381392470739675,0.006416220546409238,0.08010131426143542
514,1,train,16,0.006123697106189118,0.07825405488656238,0.006416220546409238,0.08010131426143542
514,2,train,16,0.003926617973242443,0.06266273193248474,0.006416220546409238,0.08010131426143542
514,3,train,16,0.004456676623983921,0.06675834497636922,0.006416220546409238,0.08010131426143542
514,4,train,16,0.010347835677412254,0.10172431212553003,0.006416220546409238,0.08010131426143542
514,5,train,16,0.00399819224524983,0.06323126003212201,0.006416220546409238,0.08010131426143542
514,6,train,16,0.006434698973604143,0.08021657542929729,0.006416220546409238,0.08010131426143542
514,7,train,8,0.012396133214886704,0.11133792352512555,0.006416220546409238,0.08010131426143542
514,-1,train,120,0.006416220546409238,0.08010131426143542,0.006416220546409238,0.08010131426143542
515,0,train,16,0.0068809456839487694,0.08295146583363533,0.005781931225674006,0.07603901120920764
515,1,train,16,0.00754885367255626,0.08688413936131416,0.005781931225674006,0.07603901120920764
515,2,train,16,0.005050750542369641,0.071068632619248,0.005781931225674006,0.07603901120920764
515,3,train,16,0.003969150022717876,0.06300119064524,0.005781931225674006,0.07603901120920764
515,4,train,16,0.0066708655445595665,0.08167536681619231,0.005781931225674006,0.07603901120920764
515,5,train,16,0.009120349932556577,0.09550052320566928,0.005781931225674006,0.07603901120920764
515,6,train,16,0.004530470499897793,0.06730876985874719,0.005781931225674006,0.07603901120920764
515,7,train,8,0.0024840639067855684,0.04984038429612645,0.005781931225674006,0.07603901120920764
515,-1,train,120,0.005781931225674006,0.07603901120920764,0.005781931225674006,0.07603901120920764
516,0,train,16,0.0012721355267808036,0.03566700894076771,0.00583179732030782,0.07636620535490696
516,1,train,16,0.004520878363285695,0.06723747737152024,0.00583179732030782,0.07636620535490696
516,2,train,16,0.004780785438231662,0.06914322409485735,0.00583179732030782,0.07636620535490696
516,3,train,16,0.011411203520597605,0.10682323492853793,0.00583179732030782,0.07636620535490696
516,4,train,16,0.00876155797404322,0.09360319425128194,0.00583179732030782,0.07636620535490696
516,5,train,16,0.0023559754483123883,0.048538391488721466,0.00583179732030782,0.07636620535490696
516,6,train,16,0.01007851470760669,0.10039180597840987,0.00583179732030782,0.07636620535490696
516,7,train,8,0.003473327583604487,0.05893494365488514,0.00583179732030782,0.07636620535490696
516,-1,train,120,0.00583179732030782,0.07636620535490696,0.00583179732030782,0.07636620535490696
517,0,train,16,0.006786107755808244,0.08237783534305963,0.00572562132069143,0.075667835443413
517,1,train,16,0.004898440182139556,0.06998885755703943,0.00572562132069143,0.075667835443413
517,2,train,16,0.004806743046398943,0.06933067896969525,0.00572562132069143,0.075667835443413
517,3,train,16,0.003774568181377278,0.06143751444660891,0.00572562132069143,0.075667835443413
517,4,train,16,0.008425512039812209,0.09179058796963994,0.00572562132069143,0.075667835443413
517,5,train,16,0.005794563270891927,0.07612202881487018,0.00572562132069143,0.075667835443413
517,6,train,16,0.009222815607408157,0.09603549139463054,0.00572562132069143,0.075667835443413
517,7,train,8,0.002096220481695127,0.04578450045261089,0.00572562132069143,0.075667835443413
517,-1,train,120,0.00572562132069143,0.075667835443413,0.00572562132069143,0.075667835443413
518,0,train,16,0.0057461290221583975,0.07580322567119685,0.006081236896781012,0.07798228578838282
518,1,train,16,0.006666569680596995,0.0816490641746554,0.006081236896781012,0.07798228578838282
518,2,train,16,0.004393519406345357,0.06628362849411125,0.006081236896781012,0.07798228578838282
518,3,train,16,0.007536205674130933,0.08681132226922324,0.006081236896781012,0.07798228578838282
518,4,train,16,0.0024615585748377676,0.04961409653352329,0.006081236896781012,0.07798228578838282
518,5,train,16,0.007465777684128319,0.0864047318387617,0.006081236896781012,0.07798228578838282
518,6,train,16,0.006283580416854983,0.07926903819811984,0.006081236896781012,0.07798228578838282
518,7,train,8,0.008096554715195345,0.08998085749310986,0.006081236896781012,0.07798228578838282
518,-1,train,120,0.006081236896781012,0.07798228578838282,0.006081236896781012,0.07798228578838282
519,0,train,16,0.010541181126668962,0.10267025434208762,0.005732439573463357,0.0757128758763221
519,1,train,16,0.0017755423299518926,0.042137184646721386,0.005732439573463357,0.0757128758763221
519,2,train,16,0.006100351416129353,0.07810474643790448,0.005732439573463357,0.0757128758763221
519,3,train,16,0.004003944170609619,0.06327672692712241,0.005732439573463357,0.0757128758763221
519,4,train,16,0.009924627532219062,0.09962242484611114,0.005732439573463357,0.0757128758763221
519,5,train,16,0.00792094349938842,0.08899968258026777,0.005732439573463357,0.0757128758763221
519,6,train,16,0.0028991921209216395,0.05384414657993605,0.005732439573463357,0.0757128758763221
519,7,train,8,0.0026937343918179073,0.05190119836591355,0.005732439573463357,0.0757128758763221
519,-1,train,120,0.005732439573463357,0.0757128758763221,0.005732439573463357,0.0757128758763221
520,0,train,16,0.007506075973663459,0.08663761292685446,0.0059627623899681835,0.07721892507648746
520,1,train,16,0.0036328853785542884,0.06027342182549692,0.0059627623899681835,0.07721892507648746
520,2,train,16,0.0065292444647475825,0.08080374041309958,0.0059627623899681835,0.07721892507648746
520,3,train,16,0.005814737793592758,0.07625442802613339,0.0059627623899681835,0.07721892507648746
520,4,train,16,0.002439223762480791,0.04938849828128804,0.0059627623899681835,0.07721892507648746
520,5,train,16,0.010367764320794507,0.1018222191900889,0.0059627623899681835,0.07721892507648746
520,6,train,16,0.004734499420840459,0.06880769884860603,0.0059627623899681835,0.07721892507648746
520,7,train,8,0.006677668005071628,0.08171699948646932,0.0059627623899681835,0.07721892507648746
520,-1,train,120,0.0059627623899681835,0.07721892507648746,0.0059627623899681835,0.07721892507648746
521,0,train,16,0.007267585490637857,0.08525013484234413,0.005799869912180106,0.07615687698547063
521,1,train,16,0.007079510538348231,0.08413982730163065,0.005799869912180106,0.07615687698547063
521,2,train,16,0.008000029830788987,0.08944288585901612,0.005799869912180106,0.07615687698547063
521,3,train,16,0.004613255467128525,0.06792095013417086,0.005799869912180106,0.07615687698547063
521,4,train,16,0.002308555632725288,0.048047431073110325,0.005799869912180106,0.07615687698547063
521,5,train,16,0.008856496913688646,0.09410896298275019,0.005799869912180106,0.07615687698547063
521,6,train,16,0.00392760241701339,0.06267058653797163,0.005799869912180106,0.07615687698547063
521,7,train,8,0.00434592300710992,0.06592361494267376,0.005799869912180106,0.07615687698547063
521,-1,train,120,0.005799869912180106,0.07615687698547063,0.005799869912180106,0.07615687698547063
522,0,train,16,0.004436486279941391,0.06660695369059744,0.005662397266944264,0.07524890209793272
522,1,train,16,0.015029305150444186,0.12259406653849193,0.005662397266944264,0.07524890209793272
522,2,train,16,0.0015912472118080798,0.03989044010546988,0.005662397266944264,0.07524890209793272
522,3,train,16,0.004084798036113571,0.06391242473974502,0.005662397266944264,0.07524890209793272
522,4,train,16,0.007870408867512502,0.08871532487407405,0.005662397266944264,0.07524890209793272
522,5,train,16,0.007988800063214823,0.08938008762143178,0.005662397266944264,0.07524890209793272
522,6,train,16,0.0021559904459526923,0.04643264418437412,0.005662397266944264,0.07524890209793272
522,7,train,8,0.002142142080566861,0.04628328078871312,0.005662397266944264,0.07524890209793272
522,-1,train,120,0.005662397266944264,0.07524890209793272,0.005662397266944264,0.07524890209793272
523,0,train,16,0.006876641539571379,0.08292551802413645,0.005620253593640037,0.07496835061304229
523,1,train,16,0.004968945055372915,0.07049074446601422,0.005620253593640037,0.07496835061304229
523,2,train,16,0.009136421082915864,0.09558462785885534,0.005620253593640037,0.07496835061304229
523,3,train,16,0.005187748240917834,0.07202602474743303,0.005620253593640037,0.07496835061304229
523,4,train,16,0.0037074067334304205,0.06088847783801481,0.005620253593640037,0.07496835061304229
523,5,train,16,0.004714040247297305,0.06865886867184243,0.005620253593640037,0.07496835061304229
523,6,train,16,0.008273277584322159,0.0909575592478281,0.005620253593640037,0.07496835061304229
523,7,train,8,0.0020975482652924164,0.04579899851844379,0.005620253593640037,0.07496835061304229
523,-1,train,120,0.005620253593640037,0.07496835061304229,0.005620253593640037,0.07496835061304229
524,0,train,16,0.0018879424092405177,0.04345045925235449,0.005916328760601237,0.07691767521578663
524,1,train,16,0.0021519108941153975,0.04638869360216342,0.005916328760601237,0.07691767521578663
524,2,train,16,0.008994629585197627,0.09484002101010747,0.005916328760601237,0.07691767521578663
524,3,train,16,0.010396573040239747,0.10196358683490762,0.005916328760601237,0.07691767521578663
524,4,train,16,0.004847187255361719,0.06962174412754768,0.005916328760601237,0.07691767521578663
524,5,train,16,0.003918865118412928,0.06260083959830673,0.005916328760601237,0.07691767521578663
524,6,train,16,0.008360870729454413,0.09143779705053273,0.005916328760601237,0.07691767521578663
524,7,train,8,0.006772651052787541,0.08229611809063378,0.005916328760601237,0.07691767521578663
524,-1,train,120,0.005916328760601237,0.07691767521578663,0.005916328760601237,0.07691767521578663
525,0,train,16,0.005794857051656989,0.07612395846024422,0.005591114952332133,0.07477375844727971
525,1,train,16,0.005609290168889059,0.07489519456473198,0.005591114952332133,0.07477375844727971
525,2,train,16,0.0008608948703400857,0.029341010042943063,0.005591114952332133,0.07477375844727971
525,3,train,16,0.004988491707309019,0.0706292553217788,0.005591114952332133,0.07477375844727971
525,4,train,16,0.005420426450143109,0.07362354548745333,0.005591114952332133,0.07477375844727971
525,5,train,16,0.00414159492909486,0.06435522456720091,0.005591114952332133,0.07477375844727971
525,6,train,16,0.015894346920029667,0.1260727842162204,0.005591114952332133,0.07477375844727971
525,7,train,8,0.002019017521194276,0.04493347884589258,0.005591114952332133,0.07477375844727971
525,-1,train,120,0.005591114952332133,0.07477375844727971,0.005591114952332133,0.07477375844727971
526,0,train,16,0.009442313277646143,0.09717156619940909,0.0056201146400676055,0.07496742385908432
526,1,train,16,0.005858306464715018,0.0765395745004832,0.0056201146400676055,0.07496742385908432
526,2,train,16,0.004619392612055686,0.06796611370422533,0.0056201146400676055,0.07496742385908432
526,3,train,16,0.006470167986728908,0.08043735442397959,0.0056201146400676055,0.07496742385908432
526,4,train,16,0.005986833356513318,0.07737462992811868,0.0056201146400676055,0.07496742385908432
526,5,train,16,0.004359638339521848,0.06602755742507706,0.0056201146400676055,0.07496742385908432
526,6,train,16,0.0056135411268633285,0.07492356856732953,0.0056201146400676055,0.07496742385908432
526,7,train,8,0.0026107239564966,0.05109524397139718,0.0056201146400676055,0.07496742385908432
526,-1,train,120,0.0056201146400676055,0.07496742385908432,0.0056201146400676055,0.07496742385908432
527,0,train,16,0.0024085541505330273,0.04907702263313278,0.005672923500364926,0.07531881239348458
527,1,train,16,0.013281461277533348,0.11524522236315633,0.005672923500364926,0.07531881239348458
527,2,train,16,0.0008426189019784151,0.029027898683480605,0.005672923500364926,0.07531881239348458
527,3,train,16,0.0033250290910082,0.05766306522383457,0.005672923500364926,0.07531881239348458
527,4,train,16,0.006750327825840367,0.08216037868608181,0.005672923500364926,0.07531881239348458
527,5,train,16,0.008227138540104284,0.09070357512305832,0.005672923500364926,0.07531881239348458
527,6,train,16,0.006741248515460751,0.08210510651269354,0.005672923500364926,0.07531881239348458
527,7,train,8,0.0038070097004610217,0.06170097001231846,0.005672923500364926,0.07531881239348458
527,-1,train,120,0.005672923500364926,0.07531881239348458,0.005672923500364926,0.07531881239348458
528,0,train,16,0.007657293478321661,0.08750596253011368,0.005805014284456897,0.07619064433680094
528,1,train,16,0.0045659783049787775,0.06757202309372407,0.005805014284456897,0.07619064433680094
528,2,train,16,0.005694056798222457,0.07545897427226571,0.005805014284456897,0.07619064433680094
528,3,train,16,0.006478412255463624,0.08048858462827896,0.005805014284456897,0.07619064433680094
528,4,train,16,0.010383045876386809,0.10189723193682353,0.005805014284456897,0.07619064433680094
528,5,train,16,0.0017322866400446193,0.04162074771126318,0.005805014284456897,0.07619064433680094
528,6,train,16,0.0037062849454124387,0.060879265315971404,0.005805014284456897,0.07619064433680094
528,7,train,8,0.006222755976824787,0.07888444698940841,0.005805014284456897,0.07619064433680094
528,-1,train,120,0.005805014284456897,0.07619064433680094,0.005805014284456897,0.07619064433680094
529,0,train,16,0.011943546473816593,0.10928653381737657,0.005731909850817892,0.07570937756194997
529,1,train,16,0.0037869614775958684,0.06153829277446579,0.005731909850817892,0.07570937756194997
529,2,train,16,0.008254471166796886,0.09085412025217617,0.005731909850817892,0.07570937756194997
529,3,train,16,0.003330516893735197,0.057710630682181914,0.005731909850817892,0.07570937756194997
529,4,train,16,0.00488386172290812,0.06988463152158793,0.005731909850817892,0.07570937756194997
529,5,train,16,0.0038801165276399876,0.06229058137182529,0.005731909850817892,0.07570937756194997
529,6,train,16,0.004474492713818959,0.06689164905889941,0.005731909850817892,0.07570937756194997
529,7,train,8,0.005301311830231523,0.07281010802238604,0.005731909850817892,0.07570937756194997
529,-1,train,120,0.005731909850817892,0.07570937756194997,0.005731909850817892,0.07570937756194997
530,0,train,16,0.004093196055922245,0.06397809043666625,0.005828576790567933,0.07634511635047742
530,1,train,16,0.008163882721838713,0.09035420699579358,0.005828576790567933,0.07634511635047742
530,2,train,16,0.005340309555941376,0.07307742165635961,0.005828576790567933,0.07634511635047742
530,3,train,16,0.005083069530874882,0.07129564875134303,0.005828576790567933,0.07634511635047742
530,4,train,16,0.004725716626923731,0.06874384792055017,0.005828576790567933,0.07634511635047742
530,5,train,16,0.006152585180945694,0.07843841648672985,0.005828576790567933,0.07634511635047742
530,6,train,16,0.005890541967337732,0.07674986623661133,0.005828576790567933,0.07634511635047742
530,7,train,8,0.007179312684759095,0.08473082487949173,0.005828576790567933,0.07634511635047742
530,-1,train,120,0.005828576790567933,0.07634511635047742,0.005828576790567933,0.07634511635047742
531,0,train,16,0.0048434658081349825,0.06959501281079689,0.005522349185958854,0.07431251029240538
531,1,train,16,0.0034145975280201997,0.05843455765230195,0.005522349185958854,0.07431251029240538
531,2,train,16,0.012830224518364075,0.11327058099243631,0.005522349185958854,0.07431251029240538
531,3,train,16,0.004479420127262857,0.06692847022951337,0.005522349185958854,0.07431251029240538
531,4,train,16,0.008461242017030619,0.09198500974088451,0.005522349185958854,0.07431251029240538
531,5,train,16,0.0021096729125341155,0.04593117582355274,0.005522349185958854,0.07431251029240538
531,6,train,16,0.005561737541203223,0.07457705774032133,0.005522349185958854,0.07431251029240538
531,7,train,8,0.0024784330351207548,0.0497838632000446,0.005522349185958854,0.07431251029240538
531,-1,train,120,0.005522349185958854,0.07431251029240538,0.005522349185958854,0.07431251029240538
532,0,train,16,0.008817030164469792,0.09389904240443452,0.005470288075334765,0.07396139584495931
532,1,train,16,0.00852163637475071,0.09231270971405135,0.005470288075334765,0.07396139584495931
532,2,train,16,0.0037584749424867713,0.06130640213294833,0.005470288075334765,0.07396139584495931
532,3,train,16,0.007957408618719537,0.08920430829685042,0.005470288075334765,0.07396139584495931
532,4,train,16,0.0049252517031453755,0.07018013752583686,0.005470288075334765,0.07396139584495931
532,5,train,16,0.003994367924384891,0.06320101205190382,0.005470288075334765,0.07396139584495931
532,6,train,16,0.004026668301067816,0.06345603439443577,0.005470288075334765,0.07396139584495931
532,7,train,8,0.0017614665736532236,0.041969829325995876,0.005470288075334765,0.07396139584495931
532,-1,train,120,0.005470288075334765,0.07396139584495931,0.005470288075334765,0.07396139584495931
533,0,train,16,0.007445150113320585,0.08628528329512852,0.005428409976616248,0.07367774410645489
533,1,train,16,0.006302496661933739,0.07938826526593044,0.005428409976616248,0.07367774410645489
533,2,train,16,0.0038400322560276563,0.06196799380347613,0.005428409976616248,0.07367774410645489
533,3,train,16,0.0011612365513876887,0.03407692109606865,0.005428409976616248,0.07367774410645489
533,4,train,16,0.0070957740199859235,0.08423641742136191,0.005428409976616248,0.07367774410645489
533,5,train,16,0.012016758714375384,0.10962097752882605,0.005428409976616248,0.07367774410645489
533,6,train,16,0.0040150704458127235,0.06336458352907184,0.005428409976616248,0.07367774410645489
533,7,train,8,0.00155076105008629,0.03937970352969014,0.005428409976616248,0.07367774410645489
533,-1,train,120,0.005428409976616248,0.07367774410645489,0.005428409976616248,0.07367774410645489
534,0,train,16,0.004887490753662117,0.06991059114084301,0.005440445228407687,0.07375937383416217
534,1,train,16,0.0055705569429129855,0.07463616377409135,0.005440445228407687,0.07375937383416217
534,2,train,16,0.004653937014636083,0.06821976996909387,0.005440445228407687,0.07375937383416217
534,3,train,16,0.006128748646163329,0.07828632477108201,0.005440445228407687,0.07375937383416217
534,4,train,16,0.006434066080665149,0.08021263043103093,0.005440445228407687,0.07375937383416217
534,5,train,16,0.010117662358854335,0.10058659134722846,0.005440445228407687,0.07375937383416217
534,6,train,16,0.003980302208796497,0.06308963630261706,0.005440445228407687,0.07375937383416217
534,7,train,8,0.0017507978215710019,0.04184253603178232,0.005440445228407687,0.07375937383416217
534,-1,train,120,0.005440445228407687,0.07375937383416217,0.005440445228407687,0.07375937383416217
535,0,train,16,0.005248600067532019,0.07244722263504667,0.005466079526428021,0.07393293938717722
535,1,train,16,0.0021632609051947587,0.04651086867813542,0.005466079526428021,0.07393293938717722
535,2,train,16,0.005575919040381926,0.07467207671132446,0.005466079526428021,0.07393293938717722
535,3,train,16,0.005779468972555766,0.07602281876223589,0.005466079526428021,0.07393293938717722
535,4,train,16,0.006142956370073003,0.07837701429675031,0.005466079526428021,0.07393293938717722
535,5,train,16,0.010513407021829431,0.10253490635792979,0.005466079526428021,0.07393293938717722
535,6,train,16,0.005709060847473066,0.07555832745285636,0.005466079526428021,0.07393293938717722
535,7,train,8,0.002595962986384206,0.0509505935822558,0.005466079526428021,0.07393293938717722
535,-1,train,120,0.005466079526428021,0.07393293938717722,0.005466079526428021,0.07393293938717722
536,0,train,16,0.009804900107905658,0.09901969555550885,0.005718363380090184,0.07561986101607292
536,1,train,16,0.004371553078210758,0.06611772136281437,0.005718363380090184,0.07561986101607292
536,2,train,16,0.0021514275716410696,0.04638348382389005,0.005718363380090184,0.07561986101607292
536,3,train,16,0.008013948010828257,0.08952065689453054,0.005718363380090184,0.07561986101607292
536,4,train,16,0.004945096577617304,0.07032138065778647,0.005718363380090184,0.07561986101607292
536,5,train,16,0.004887826964629416,0.06991299567769511,0.005718363380090184,0.07561986101607292
536,6,train,16,0.004746186206031724,0.06889257003503153,0.005718363380090184,0.07561986101607292
536,7,train,8,0.006825968523857288,0.08261941977439256,0.005718363380090184,0.07561986101607292
536,-1,train,120,0.005718363380090184,0.07561986101607292,0.005718363380090184,0.07561986101607292
537,0,train,16,0.005431339523901573,0.07369762224048733,0.005712476135354925,0.07558092441453018
537,1,train,16,0.0064041303736717915,0.08002581067175635,0.005712476135354925,0.07558092441453018
537,2,train,16,0.009152465848332608,0.09566852067599146,0.005712476135354925,0.07558092441453018
537,3,train,16,0.002697454370291171,0.051937023117340594,0.005712476135354925,0.07558092441453018
537,4,train,16,0.004516764545269454,0.06720687870500648,0.005712476135354925,0.07558092441453018
537,5,train,16,0.005630877943320595,0.07503917605704766,0.005712476135354925,0.07558092441453018
537,6,train,16,0.004908952585140322,0.07006391785462987,0.005712476135354925,0.07558092441453018
537,7,train,8,0.006957823892911892,0.08341357139525853,0.005712476135354925,0.07558092441453018
537,-1,train,120,0.005712476135354925,0.07558092441453018,0.005712476135354925,0.07558092441453018
538,0,train,16,0.003980672697947719,0.06309257244674463,0.005668855104467093,0.07529179971595243
538,1,train,16,0.00936344492719382,0.09676489511798078,0.005668855104467093,0.07529179971595243
538,2,train,16,0.003232696562816857,0.05685680753275598,0.005668855104467093,0.07529179971595243
538,3,train,16,0.00986365995190874,0.09931596020735409,0.005668855104467093,0.07529179971595243
538,4,train,16,0.0027751023516580384,0.05267924023425204,0.005668855104467093,0.07529179971595243
538,5,train,16,0.004774160998106215,0.06909530373409047,0.005668855104467093,0.07529179971595243
538,6,train,16,0.004791950445994638,0.06922391527495854,0.005668855104467093,0.07529179971595243
538,7,train,8,0.006569152900110721,0.08105031091927237,0.005668855104467093,0.07529179971595243
538,-1,train,120,0.005668855104467093,0.07529179971595243,0.005668855104467093,0.07529179971595243
539,0,train,16,0.005940559808373142,0.07707502713832244,0.0061245623348166614,0.07825958302225142
539,1,train,16,0.005283258197525577,0.07268602477454368,0.0061245623348166614,0.07825958302225142
539,2,train,16,0.006892554940249622,0.08302141254067906,0.0061245623348166614,0.07825958302225142
539,3,train,16,0.002106866043706692,0.04590061049383431,0.0061245623348166614,0.07825958302225142
539,4,train,16,0.002853629761485244,0.05341937627383199,0.0061245623348166614,0.07825958302225142
539,5,train,16,0.0031178270872628867,0.05583750609816745,0.0061245623348166614,0.07825958302225142
539,6,train,16,0.008773212855591288,0.09366543041907878,0.0061245623348166614,0.07825958302225142
539,7,train,8,0.01402858998433884,0.11844234877922187,0.0061245623348166614,0.07825958302225142
539,-1,train,120,0.0061245623348166614,0.07825958302225142,0.0061245623348166614,0.07825958302225142
540,0,train,16,0.0066823234773149085,0.08174547985861302,0.005286735706261149,0.07270994227931384
540,1,train,16,0.0020389662266863846,0.04515491364941787,0.005286735706261149,0.07270994227931384
540,2,train,16,0.009817932294696756,0.09908547973692591,0.005286735706261149,0.07270994227931384
540,3,train,16,0.002982713194175888,0.0546142215377633,0.005286735706261149,0.07270994227931384
540,4,train,16,0.005088095610283583,0.07133088819216808,0.005286735706261149,0.07270994227931384
540,5,train,16,0.009857667283800877,0.09928578591017385,0.005286735706261149,0.07270994227931384
540,6,train,16,0.004759318051401764,0.06898781089005336,0.005286735706261149,0.07270994227931384
540,7,train,8,0.0010668695117290294,0.032662968507608574,0.005286735706261149,0.07270994227931384
540,-1,train,120,0.005286735706261149,0.07270994227931384,0.005286735706261149,0.07270994227931384
541,0,train,16,0.004877013025181327,0.06983561430374424,0.005741219104038772,0.07577083280549826
541,1,train,16,0.005372522230673507,0.07329749129863522,0.005741219104038772,0.07577083280549826
541,2,train,16,0.0047498684107030965,0.06891928910474263,0.005741219104038772,0.07577083280549826
541,3,train,16,0.00905771374138541,0.09517202184142885,0.005741219104038772,0.07577083280549826
541,4,train,16,0.005226394400781632,0.07229380610247071,0.005741219104038772,0.07577083280549826
541,5,train,16,0.005685420157878552,0.07540172516513499,0.005741219104038772,0.07577083280549826
541,6,train,16,0.002433509251965878,0.0493306117128693,0.005741219104038772,0.07577083280549826
541,7,train,8,0.008527311613740771,0.09234344380485694,0.005741219104038772,0.07577083280549826
541,-1,train,120,0.005741219104038772,0.07577083280549826,0.005741219104038772,0.07577083280549826
542,0,train,16,0.0033369812275936732,0.0577666099714504,0.005716325426157019,0.07560638482401483
542,1,train,16,0.007798654730105747,0.08830999224383244,0.005716325426157019,0.07560638482401483
542,2,train,16,0.004763148871809243,0.06901556977819746,0.005716325426157019,0.07560638482401483
542,3,train,16,0.0036261327791949384,0.06021737937834009,0.005716325426157019,0.07560638482401483
542,4,train,16,0.005923317116152153,0.07696308931008522,0.005716325426157019,0.07560638482401483
542,5,train,16,0.004174241516845351,0.06460837033113706,0.005716325426157019,0.07560638482401483
542,6,train,16,0.007673716526456598,0.08759975186298531,0.005716325426157019,0.07560638482401483
542,7,train,8,0.008434410641098459,0.09183904747490829,0.005716325426157019,0.07560638482401483
542,-1,train,120,0.005716325426157019,0.07560638482401483,0.005716325426157019,0.07560638482401483
543,0,train,16,0.0029781773173810987,0.05457267922121012,0.005603937262040109,0.0748594500516809
543,1,train,16,0.007216032104318222,0.08494723129283392,0.005603937262040109,0.0748594500516809
543,2,train,16,0.007497351228682776,0.08658724633964736,0.005603937262040109,0.0748594500516809
543,3,train,16,0.004572139474848705,0.06761759737559968,0.005603937262040109,0.0748594500516809
543,4,train,16,0.008284106628160037,0.09101706778489427,0.005603937262040109,0.0748594500516809
543,5,train,16,0.0021087745250048034,0.04592139506814665,0.005603937262040109,0.0748594500516809
543,6,train,16,0.00539498172684664,0.07345053932304814,0.005603937262040109,0.0748594500516809
543,7,train,8,0.0067799350910785925,0.08234036125181012,0.005603937262040109,0.0748594500516809
543,-1,train,120,0.005603937262040109,0.0748594500516809,0.005603937262040109,0.0748594500516809
544,0,train,16,0.01695359994830545,0.1302059904470814,0.005294546947683919,0.07276363753746729
544,1,train,16,0.005825915062351422,0.07632768214973792,0.005294546947683919,0.07276363753746729
544,2,train,16,0.003037609699369863,0.055114514416529724,0.005294546947683919,0.07276363753746729
544,3,train,16,0.004275100475164893,0.06538425250138517,0.005294546947683919,0.07276363753746729
544,4,train,16,0.004068520921983122,0.06378495843051966,0.005294546947683919,0.07276363753746729
544,5,train,16,0.0018999760751421493,0.043588714997601724,0.005294546947683919,0.07276363753746729
544,6,train,16,0.00515292936866865,0.0717839074491536,0.005294546947683919,0.07276363753746729
544,7,train,8,0.001142724030485797,0.033804201373287865,0.005294546947683919,0.07276363753746729
544,-1,train,120,0.005294546947683919,0.07276363753746729,0.005294546947683919,0.07276363753746729
545,0,train,16,0.003588451431309905,0.05990368462214912,0.005302760307106802,0.07282005429211655
545,1,train,16,0.005158726775671906,0.07182427706334332,0.005302760307106802,0.07282005429211655
545,2,train,16,0.0025929641629578747,0.05092115633955964,0.005302760307106802,0.07282005429211655
545,3,train,16,0.005611182055629543,0.07490782372776253,0.005302760307106802,0.07282005429211655
545,4,train,16,0.007307678879166618,0.08548496288334351,0.005302760307106802,0.07282005429211655
545,5,train,16,0.007175322922583857,0.08470727786078276,0.005302760307106802,0.07282005429211655
545,6,train,16,0.008637331461047951,0.09293724474637685,0.005302760307106802,0.07282005429211655
545,7,train,8,0.002350424768486764,0.04848117952862496,0.005302760307106802,0.07282005429211655
545,-1,train,120,0.005302760307106802,0.07282005429211655,0.005302760307106802,0.07282005429211655
546,0,train,16,0.005331368313533284,0.07301621952370092,0.005479377099997382,0.07402281472625437
546,1,train,16,0.0027705683548358262,0.05263618864275629,0.005479377099997382,0.07402281472625437
546,2,train,16,0.006000500125441859,0.07746289515272366,0.005479377099997382,0.07402281472625437
546,3,train,16,0.01007741065773224,0.10038630712269597,0.005479377099997382,0.07402281472625437
546,4,train,16,0.006609829310564986,0.08130085676402793,0.005479377099997382,0.07402281472625437
546,5,train,16,0.00301555268599814,0.05491404816618549,0.005479377099997382,0.07402281472625437
546,6,train,16,0.004465288807438365,0.06682281651829983,0.005479377099997382,0.07402281472625437
546,7,train,8,0.0055644985444343546,0.07459556651996387,0.005479377099997382,0.07402281472625437
546,-1,train,120,0.005479377099997382,0.07402281472625437,0.005479377099997382,0.07402281472625437
547,0,train,16,0.004050713473056855,0.06364521563367395,0.005320296838047333,0.07294036494320091
547,1,train,16,0.0038628536074303927,0.062151859243552744,0.005320296838047333,0.07294036494320091
547,2,train,16,0.008700435644145067,0.0932761257993977,0.005320296838047333,0.07294036494320091
547,3,train,16,0.009010671281690863,0.09492455573607318,0.005320296838047333,0.07294036494320091
547,4,train,16,0.004177148731673032,0.064630865162653,0.005320296838047333,0.07294036494320091
547,5,train,16,0.0024513267580367195,0.0495108751491702,0.005320296838047333,0.07294036494320091
547,6,train,16,0.007045135752426145,0.08393530694782825,0.005320296838047333,0.07294036494320091
547,7,train,8,0.0032640894559195915,0.05713221031886996,0.005320296838047333,0.07294036494320091
547,-1,train,120,0.005320296838047333,0.07294036494320091,0.005320296838047333,0.07294036494320091
548,0,train,16,0.00407261069474788,0.06381700944691689,0.005447594802811947,0.07380782345261204
548,1,train,16,0.005465624207076166,0.07392986005043001,0.005447594802811947,0.07380782345261204
548,2,train,16,0.0039176094463785945,0.06259080959996119,0.005447594802811947,0.07380782345261204
548,3,train,16,0.009894972591392532,0.09947347682368668,0.005447594802811947,0.07380782345261204
548,4,train,16,0.0038506836428845214,0.062053876936775845,0.005447594802811947,0.07380782345261204
548,5,train,16,0.004614647473666679,0.06793119661588981,0.005447594802811947,0.07380782345261204
548,6,train,16,0.006208405623154877,0.07879343642179136,0.005447594802811947,0.07380782345261204
548,7,train,8,0.005556204743194325,0.07453995400585062,0.005447594802811947,0.07380782345261204
548,-1,train,120,0.005447594802811947,0.07380782345261204,0.005447594802811947,0.07380782345261204
549,0,train,16,0.007768734947268543,0.08814042742844252,0.005249075446238539,0.07245050342294758
549,1,train,16,0.008079101056092842,0.08988381976803635,0.005249075446238539,0.07245050342294758
549,2,train,16,0.0025092989517565166,0.05009290320750552,0.005249075446238539,0.07245050342294758
549,3,train,16,0.007658232523866474,0.08751132797453409,0.005249075446238539,0.07245050342294758
549,4,train,16,0.005156154351742189,0.07180636706965608,0.005249075446238539,0.07245050342294758
549,5,train,16,0.0036980635806816626,0.060811705951088584,0.005249075446238539,0.07245050342294758
549,6,train,16,0.004594735924095723,0.0677844814400444,0.005249075446238539,0.07245050342294758
549,7,train,8,0.002528282234404359,0.050282026952026895,0.005249075446238539,0.07245050342294758
549,-1,train,120,0.005249075446238539,0.07245050342294758,0.005249075446238539,0.07245050342294758
550,0,train,16,0.0029242561145444252,0.054076391471181075,0.0051282108605041855,0.07161152742753213
550,1,train,16,0.005437276764251875,0.07373789232309176,0.0051282108605041855,0.07161152742753213
550,2,train,16,0.0051846322356864285,0.07200439039174228,0.0051282108605041855,0.07161152742753213
550,3,train,16,0.003861241002301512,0.06213888478482304,0.0051282108605041855,0.07161152742753213
550,4,train,16,0.007427922164020234,0.08618539414552928,0.0051282108605041855,0.07161152742753213
550,5,train,16,0.009809025849913678,0.09904052630066985,0.0051282108605041855,0.07161152742753213
550,6,train,16,0.005856499541311249,0.07652776973956087,0.0051282108605041855,0.07161152742753213
550,7,train,8,0.0005248332120040843,0.022909238573206318,0.0051282108605041855,0.07161152742753213
550,-1,train,120,0.0051282108605041855,0.07161152742753213,0.0051282108605041855,0.07161152742753213
551,0,train,16,0.007363329638439553,0.08580984581293427,0.005154410941181226,0.07179422637776123
551,1,train,16,0.00888440017848304,0.09425709617043716,0.005154410941181226,0.07179422637776123
551,2,train,16,0.007924463785830243,0.08901945734405621,0.005154410941181226,0.07179422637776123
551,3,train,16,0.0039446350300039535,0.06280632953774606,0.005154410941181226,0.07179422637776123
551,4,train,16,0.003314907542826185,0.05757523376267078,0.005154410941181226,0.07179422637776123
551,5,train,16,0.0035248326373595604,0.05937030097076787,0.005154410941181226,0.07179422637776123
551,6,train,16,0.00492040850624262,0.07014562357155733,0.005154410941181226,0.07179422637776123
551,7,train,8,0.0013583102102646529,0.03685526027943166,0.005154410941181226,0.07179422637776123
551,-1,train,120,0.005154410941181226,0.07179422637776123,0.005154410941181226,0.07179422637776123
552,0,train,16,0.002302166288177583,0.04798089503310232,0.005092945007667674,0.0713648723649645
552,1,train,16,0.005563253145278363,0.07458721837740273,0.005092945007667674,0.0713648723649645
552,2,train,16,0.0022735662811074124,0.047681928244434624,0.005092945007667674,0.0713648723649645
552,3,train,16,0.008112135910141885,0.09006739648808489,0.005092945007667674,0.0713648723649645
552,4,train,16,0.0073620264419110735,0.08580225196293553,0.005092945007667674,0.0713648723649645
552,5,train,16,0.005451923578905962,0.07383714227207037,0.005092945007667674,0.0713648723649645
552,6,train,16,0.008887041613490633,0.09427110699196564,0.005092945007667674,0.0713648723649645
552,7,train,8,0.0007914468023284824,0.02813266433042705,0.005092945007667674,0.0713648723649645
552,-1,train,120,0.005092945007667674,0.0713648723649645,0.005092945007667674,0.0713648723649645
553,0,train,16,0.003543353306410165,0.05952607249273351,0.005182786058623347,0.07199156935796959
553,1,train,16,0.001993739903591726,0.04465131469051865,0.005182786058623347,0.07199156935796959
553,2,train,16,0.005993947771855331,0.07742059010273256,0.005182786058623347,0.07199156935796959
553,3,train,16,0.006017804247794659,0.0775745077186743,0.005182786058623347,0.07199156935796959
553,4,train,16,0.008460934984692088,0.09198334079979965,0.005182786058623347,0.07199156935796959
553,5,train,16,0.0021993201009087677,0.04689690928951254,0.005182786058623347,0.07199156935796959
553,6,train,16,0.010764195031961946,0.10375063870628434,0.005182786058623347,0.07199156935796959
553,7,train,8,0.0024889931217720895,0.049889809798916745,0.005182786058623347,0.07199156935796959
553,-1,train,120,0.005182786058623347,0.07199156935796959,0.005182786058623347,0.07199156935796959
554,0,train,16,0.00411755522099772,0.06416817919341113,0.005501721448629635,0.07417358996724936
554,1,train,16,0.0049932824292724404,0.07066316175541851,0.005501721448629635,0.07417358996724936
554,2,train,16,0.007173880192991582,0.08469876146078868,0.005501721448629635,0.07417358996724936
554,3,train,16,0.0007296089372239304,0.02701127426138816,0.005501721448629635,0.07417358996724936
554,4,train,16,0.008598716421252402,0.09272926410390844,0.005501721448629635,0.07417358996724936
554,5,train,16,0.004790746246949357,0.06921521687424924,0.005501721448629635,0.07417358996724936
554,6,train,16,0.005803412862921565,0.0761801343062715,0.005501721448629635,0.07417358996724936
554,7,train,8,0.007806569277428085,0.08835479204563884,0.005501721448629635,0.07417358996724936
554,-1,train,120,0.005501721448629635,0.07417358996724936,0.005501721448629635,0.07417358996724936
555,0,train,16,0.005385117750865892,0.07338336153969707,0.0050546313570613765,0.07109593066457022
555,1,train,16,0.006815419119491189,0.08255555171816847,0.0050546313570613765,0.07109593066457022
555,2,train,16,0.003917119393888277,0.06258689474553181,0.0050546313570613765,0.07109593066457022
555,3,train,16,0.007258259600156766,0.085195420065616,0.0050546313570613765,0.07109593066457022
555,4,train,16,0.008607470333849654,0.09277645355287975,0.0050546313570613765,0.07109593066457022
555,5,train,16,0.005328382317693966,0.07299576917667192,0.0050546313570613765,0.07109593066457022
555,6,train,16,0.002189615521432913,0.04679332774480688,0.0050546313570613765,0.07109593066457022
555,7,train,8,0.0009356668191123566,0.030588671417901704,0.0050546313570613765,0.07109593066457022
555,-1,train,120,0.0050546313570613765,0.07109593066457022,0.0050546313570613765,0.07109593066457022
556,0,train,16,0.002924855418892712,0.05408193246263221,0.0054492094315353274,0.07381876070170325
556,1,train,16,0.006149261094371441,0.07841722447505677,0.0054492094315353274,0.07381876070170325
556,2,train,16,0.0024869919943475405,0.049869750293615275,0.0054492094315353274,0.07381876070170325
556,3,train,16,0.008631486672386272,0.09290579461145722,0.0054492094315353274,0.07381876070170325
556,4,train,16,0.0032421893039651837,0.05694022571052194,0.0054492094315353274,0.07381876070170325
556,5,train,16,0.00032388840161286513,0.017996899777819098,0.0054492094315353274,0.07381876070170325
556,6,train,16,0.012524858487415197,0.11191451419460836,0.0054492094315353274,0.07381876070170325
556,7,train,8,0.007310144079291402,0.08549938057840771,0.0054492094315353274,0.07381876070170325
556,-1,train,120,0.0054492094315353274,0.07381876070170325,0.0054492094315353274,0.07381876070170325
557,0,train,16,0.0004483134858259635,0.021173414600058334,0.005062168999940881,0.07114892128445013
557,1,train,16,0.007003864651555866,0.08368909517706513,0.005062168999940881,0.07114892128445013
557,2,train,16,0.011805761508786393,0.10865432116941504,0.005062168999940881,0.07114892128445013
557,3,train,16,0.0033891795357652355,0.05821666029381311,0.005062168999940881,0.07114892128445013
557,4,train,16,0.009256270343614491,0.09620951275011475,0.005062168999940881,0.07114892128445013
557,5,train,16,0.0030937949847154775,0.05562189303426734,0.005062168999940881,0.07114892128445013
557,6,train,16,0.004019279309494911,0.06339778631383679,0.005062168999940881,0.07114892128445013
557,7,train,8,0.0014808881797687043,0.038482309958846085,0.005062168999940881,0.07114892128445013
557,-1,train,120,0.005062168999940881,0.07114892128445013,0.005062168999940881,0.07114892128445013
558,0,train,16,0.00801423898881413,0.08952228208001699,0.005625877834317247,0.07500585200047558
558,1,train,16,0.006959660048863378,0.0834245770073986,0.005625877834317247,0.07500585200047558
558,2,train,16,0.003354855503680354,0.057921114489280626,0.005625877834317247,0.07500585200047558
558,3,train,16,0.0028372021517747625,0.053265393566318105,0.005625877834317247,0.07500585200047558
558,4,train,16,0.005553842996607885,0.07452411016984964,0.005625877834317247,0.07500585200047558
558,5,train,16,0.004562312125317656,0.06754488970542225,0.005625877834317247,0.07500585200047558
558,6,train,16,0.002904046437518678,0.053889205203998675,0.005625877834317247,0.07500585200047558
558,7,train,8,0.010820864421961129,0.10402338401513925,0.005625877834317247,0.07500585200047558
558,-1,train,120,0.005625877834317247,0.07500585200047558,0.005625877834317247,0.07500585200047558
559,0,train,16,0.005758151006977791,0.07588248155521662,0.005160397358857221,0.0718359057773842
559,1,train,16,0.005718303911665883,0.07561946780866606,0.005160397358857221,0.0718359057773842
559,2,train,16,0.0038070265520709157,0.06170110657087858,0.005160397358857221,0.0718359057773842
559,3,train,16,0.0070083475569586605,0.08371587398432068,0.005160397358857221,0.0718359057773842
559,4,train,16,0.0014735959583885218,0.03838744532250775,0.005160397358857221,0.0718359057773842
559,5,train,16,0.005807461810017771,0.07620670449519366,0.005160397358857221,0.0718359057773842
559,6,train,16,0.008027985549521005,0.08959902649873493,0.005160397358857221,0.0718359057773842
559,7,train,8,0.0036823065252572147,0.060682011545903906,0.005160397358857221,0.0718359057773842
559,-1,train,120,0.005160397358857221,0.0718359057773842,0.005160397358857221,0.0718359057773842
560,0,train,16,0.004484226920493063,0.06696437053010401,0.0052033079451742174,0.07213395833568416
560,1,train,16,0.0029340128521219803,0.05416652889120716,0.0052033079451742174,0.07213395833568416
560,2,train,16,0.004950822298824389,0.0703620799779568,0.0052033079451742174,0.07213395833568416
560,3,train,16,0.008151421320108066,0.09028522204717705,0.0052033079451742174,0.07213395833568416
560,4,train,16,0.006549043591439213,0.0809261613536637,0.0052033079451742174,0.07213395833568416
560,5,train,16,0.004298963037003872,0.06556647799755506,0.0052033079451742174,0.07213395833568416
560,6,train,16,0.00571891019749859,0.07562347649704151,0.0052033079451742174,0.07213395833568416
560,7,train,8,0.0045390633439045735,0.06737257115402806,0.0052033079451742174,0.07213395833568416
560,-1,train,120,0.0052033079451742174,0.07213395833568416,0.0052033079451742174,0.07213395833568416
561,0,train,16,0.005462689001010088,0.07391000609531898,0.0055486633746255525,0.07448935074643591
561,1,train,16,0.002789688810863067,0.052817504776949346,0.0055486633746255525,0.07448935074643591
561,2,train,16,0.005492002377047163,0.07410804529231062,0.0055486633746255525,0.07448935074643591
561,3,train,16,0.0040227257979532985,0.06342496194680214,0.0055486633746255525,0.07448935074643591
561,4,train,16,0.008537288959064953,0.09239745104203337,0.0055486633746255525,0.07448935074643591
561,5,train,16,0.0036209694075614203,0.06017449133612531,0.0055486633746255525,0.07448935074643591
561,6,train,16,0.004086525800119143,0.06392593996273456,0.0055486633746255525,0.07448935074643591
561,7,train,8,0.010377416843385286,0.10186960706405658,0.0055486633746255525,0.07448935074643591
561,-1,train,120,0.0055486633746255525,0.07448935074643591,0.0055486633746255525,0.07448935074643591
562,0,train,16,0.004531875439036692,0.0673192055734223,0.005022985675004279,0.07087302501660472
562,1,train,16,0.007256489742286832,0.08518503238413913,0.005022985675004279,0.07087302501660472
562,2,train,16,0.0039249845371287576,0.06264969702343945,0.005022985675004279,0.07087302501660472
562,3,train,16,0.005182620293003067,0.07199041806381642,0.005022985675004279,0.07087302501660472
562,4,train,16,0.008233798842144566,0.09074028235653979,0.005022985675004279,0.07087302501660472
562,5,train,16,0.0048943594328607395,0.06995969863328987,0.005022985675004279,0.07087302501660472
562,6,train,16,0.003986002645693102,0.06313479742339483,0.005022985675004279,0.07087302501660472
562,7,train,8,0.002173754467880469,0.04662353984716807,0.005022985675004279,0.07087302501660472
562,-1,train,120,0.005022985675004279,0.07087302501660472,0.005022985675004279,0.07087302501660472
563,0,train,16,0.003914009805894764,0.06256204764787325,0.005005268212609245,0.07074792019988464
563,1,train,16,0.0020723134864965133,0.04552267002820148,0.005005268212609245,0.07074792019988464
563,2,train,16,0.004514728851730367,0.06719173201912841,0.005005268212609245,0.07074792019988464
563,3,train,16,0.00911137277235801,0.09545351105306714,0.005005268212609245,0.07074792019988464
563,4,train,16,0.011266562286178653,0.10614406382920645,0.005005268212609245,0.07074792019988464
563,5,train,16,0.002413782206538995,0.049130257546027525,0.005005268212609245,0.07074792019988464
563,6,train,16,0.004611186997793776,0.06790572139219034,0.005005268212609245,0.07074792019988464
563,7,train,8,0.0021381892938828794,0.046240558970268505,0.005005268212609245,0.07074792019988464
563,-1,train,120,0.005005268212609245,0.07074792019988464,0.005005268212609245,0.07074792019988464
564,0,train,16,0.005391591051572724,0.07342745434490239,0.005088908015983029,0.07133658259254524
564,1,train,16,0.00413878650568825,0.06433340116679866,0.005088908015983029,0.07133658259254524
564,2,train,16,0.005775221362587583,0.07599487721279365,0.005088908015983029,0.07133658259254524
564,3,train,16,0.004488316935851164,0.06699490231242347,0.005088908015983029,0.07133658259254524
564,4,train,16,0.009497564424229388,0.09745544840710235,0.005088908015983029,0.07133658259254524
564,5,train,16,0.0036802280824481393,0.06066488343719239,0.005088908015983029,0.07133658259254524
564,6,train,16,0.004006404624939912,0.06329616595766217,0.005088908015983029,0.07133658259254524
564,7,train,8,0.0037331511405470793,0.06109951833318393,0.005088908015983029,0.07133658259254524
564,-1,train,120,0.005088908015983029,0.07133658259254524,0.005088908015983029,0.07133658259254524
565,0,train,16,0.006249852588286239,0.07905600918517351,0.005063644861731943,0.07115929216716495
565,1,train,16,0.0035961609064376976,0.059967999019791364,0.005063644861731943,0.07115929216716495
565,2,train,16,0.004537514375189343,0.06736107462911606,0.005063644861731943,0.07115929216716495
565,3,train,16,0.0035443342558978295,0.0595343115849829,0.005063644861731943,0.07115929216716495
565,4,train,16,0.0008600471490582981,0.029326560470984288,0.005063644861731943,0.07115929216716495
565,5,train,16,0.006054294257487626,0.07780934556650394,0.005063644861731943,0.07115929216716495
565,6,train,16,0.012426960408483595,0.11147627733506171,0.005063644861731943,0.07115929216716495
565,7,train,8,0.0032399949530149117,0.056920953549768574,0.005063644861731943,0.07115929216716495
565,-1,train,120,0.005063644861731943,0.07115929216716495,0.005063644861731943,0.07115929216716495
566,0,train,16,0.008361330258496743,0.09144030981190267,0.005184121535356091,0.07200084399058174
566,1,train,16,0.006333600935646834,0.07958392385178575,0.005184121535356091,0.07200084399058174
566,2,train,16,0.006542988628487798,0.08088874228523892,0.005184121535356091,0.07200084399058174
566,3,train,16,0.004089144720043861,0.06394642069767362,0.005184121535356091,0.07200084399058174
566,4,train,16,0.0033972864301021,0.0582862456339581,0.005184121535356091,0.07200084399058174
566,5,train,16,0.001762515362234817,0.04198232202052213,0.005184121535356091,0.07200084399058174
566,6,train,16,0.0054288812853422064,0.07368094248407933,0.005184121535356091,0.07200084399058174
566,7,train,8,0.005557224662494375,0.07454679511886728,0.005184121535356091,0.07200084399058174
566,-1,train,120,0.005184121535356091,0.07200084399058174,0.005184121535356091,0.07200084399058174
567,0,train,16,0.00872771141297706,0.09342222119483705,0.00520577471465102,0.07215105484087547
567,1,train,16,0.0031354651837441614,0.05599522465125184,0.00520577471465102,0.07215105484087547
567,2,train,16,0.009418696359946414,0.09704996836654,0.00520577471465102,0.07215105484087547
567,3,train,16,0.0018705934812087966,0.043250358162780535,0.00520577471465102,0.07215105484087547
567,4,train,16,0.002193704451631009,0.04683699874704835,0.00520577471465102,0.07215105484087547
567,5,train,16,0.007965501684281139,0.08924965929504235,0.00520577471465102,0.07215105484087547
567,6,train,16,0.0022661361140114654,0.04760395061348864,0.00520577471465102,0.07215105484087547
567,7,train,8,0.006068389029408115,0.07789986540044928,0.00520577471465102,0.07215105484087547
567,-1,train,120,0.00520577471465102,0.07215105484087547,0.00520577471465102,0.07215105484087547
568,0,train,16,0.0014813778698232506,0.03848867196751858,0.005183957873418254,0.0719997074536991
568,1,train,16,0.0034220561070532987,0.05849834277185379,0.005183957873418254,0.0719997074536991
568,2,train,16,0.007787205941320508,0.08824514684287464,0.005183957873418254,0.0719997074536991
568,3,train,16,0.006249359183722362,0.07905288852232006,0.005183957873418254,0.0719997074536991
568,4,train,16,0.0055401977722402684,0.0744325048096614,0.005183957873418254,0.0719997074536991
568,5,train,16,0.004717774081547473,0.06868605449104988,0.005183957873418254,0.0719997074536991
568,6,train,16,0.006249082772323456,0.0790511402341766,0.005183957873418254,0.0719997074536991
568,7,train,8,0.006024609259315406,0.07761835645847834,0.005183957873418254,0.0719997074536991
568,-1,train,120,0.005183957873418254,0.0719997074536991,0.005183957873418254,0.0719997074536991
569,0,train,16,0.00389574992942969,0.062415942910683406,0.004796682159019058,0.06925808370882823
569,1,train,16,0.0024409021310089194,0.04940548685124881,0.004796682159019058,0.06925808370882823
569,2,train,16,0.006512135870039279,0.08069780585641272,0.004796682159019058,0.06925808370882823
569,3,train,16,0.007278961808544584,0.08531683191811909,0.004796682159019058,0.06925808370882823
569,4,train,16,0.005812971986673172,0.07624284875759281,0.004796682159019058,0.06925808370882823
569,5,train,16,0.006389300136560261,0.07993309787916555,0.004796682159019058,0.06925808370882823
569,6,train,16,0.005795673495746537,0.07612932086749846,0.004796682159019058,0.06925808370882823
569,7,train,8,0.0002477619141500239,0.015740454699595684,0.004796682159019058,0.06925808370882823
569,-1,train,120,0.004796682159019058,0.06925808370882823,0.004796682159019058,0.06925808370882823
570,0,train,16,0.003910728266850409,0.06253581587258944,0.005171437904187374,0.07191271031039906
570,1,train,16,0.006757522791913047,0.08220415313056298,0.005171437904187374,0.07191271031039906
570,2,train,16,0.002397610944289916,0.048965405586903044,0.005171437904187374,0.07191271031039906
570,3,train,16,0.005834820524195715,0.07638599691170964,0.005171437904187374,0.07191271031039906
570,4,train,16,0.003937355594487169,0.06274835132883706,0.005171437904187374,0.07191271031039906
570,5,train,16,0.007453481298215228,0.08633354677189643,0.005171437904187374,0.07191271031039906
570,6,train,16,0.004648040508091292,0.06817653927922195,0.005171437904187374,0.07191271031039906
570,7,train,8,0.00643194330545622,0.08019939716392026,0.005171437904187374,0.07191271031039906
570,-1,train,120,0.005171437904187374,0.07191271031039906,0.005171437904187374,0.07191271031039906
571,0,train,16,0.0015600298034859916,0.03949721260400525,0.005366681504524362,0.07325763785793507
571,1,train,16,0.003164737108188135,0.05625599619763332,0.005366681504524362,0.07325763785793507
571,2,train,16,0.004279392116571648,0.06541706288554729,0.005366681504524362,0.07325763785793507
571,3,train,16,0.00427337300644617,0.06537104103841523,0.005366681504524362,0.07325763785793507
571,4,train,16,0.005487801716006462,0.07407969840655712,0.005366681504524362,0.07325763785793507
571,5,train,16,0.006254863622514076,0.07908769577193456,0.005366681504524362,0.07325763785793507
571,6,train,16,0.008174769298646103,0.09041443080972253,0.005366681504524362,0.07325763785793507
571,7,train,8,0.009738485364336308,0.09868376444145363,0.005366681504524362,0.07325763785793507
571,-1,train,120,0.005366681504524362,0.07325763785793507,0.005366681504524362,0.07325763785793507
572,0,train,16,0.0038262387678917225,0.06185659841837185,0.005202636968965261,0.07212930728188967
572,1,train,16,0.010784041468440673,0.10384623954886701,0.005202636968965261,0.07212930728188967
572,2,train,16,0.0030987496547012867,0.05566641406361009,0.005202636968965261,0.07212930728188967
572,3,train,16,0.0008752353793638788,0.029584377285382886,0.005202636968965261,0.07212930728188967
572,4,train,16,0.007146936170450669,0.08453955388130853,0.005202636968965261,0.07212930728188967
572,5,train,16,0.004548963800724439,0.06744600655876105,0.005202636968965261,0.07212930728188967
572,6,train,16,0.004044041692704455,0.06359278019322992,0.005202636968965261,0.07212930728188967
572,7,train,8,0.00729688881744497,0.08542182869410471,0.005202636968965261,0.07212930728188967
572,-1,train,120,0.005202636968965261,0.07212930728188967,0.005202636968965261,0.07212930728188967
573,0,train,16,0.006159880132617234,0.07848490385174231,0.004809459928755079,0.06935026985351304
573,1,train,16,0.002114171948794307,0.04598012558480356,0.004809459928755079,0.06935026985351304
573,2,train,16,0.0029218090277402875,0.05405376053282775,0.004809459928755079,0.06935026985351304
573,3,train,16,0.0039634976738556395,0.06295631559943482,0.004809459928755079,0.06935026985351304
573,4,train,16,0.009078021187942896,0.09527865022103796,0.004809459928755079,0.06935026985351304
573,5,train,16,0.0033156407932941855,0.0575816011699413,0.004809459928755079,0.06935026985351304
573,6,train,16,0.009581827635982209,0.0978868103269394,0.004809459928755079,0.06935026985351304
573,7,train,8,0.0013408310298138747,0.036617359678353036,0.004809459928755079,0.06935026985351304
573,-1,train,120,0.004809459928755079,0.06935026985351304,0.004809459928755079,0.06935026985351304
574,0,train,16,0.00550596418000415,0.07420218446921997,0.004910531701268989,0.07007518605946751
574,1,train,16,0.00371072163940794,0.06091569288293403,0.004910531701268989,0.07007518605946751
574,2,train,16,0.0063436737490416215,0.07964718293223949,0.004910531701268989,0.07007518605946751
574,3,train,16,0.008381801689217363,0.09155218014453487,0.004910531701268989,0.07007518605946751
574,4,train,16,0.00218814697530751,0.04677763328031368,0.004910531701268989,0.07007518605946751
574,5,train,16,0.004062619749940481,0.0637386833088077,0.004910531701268989,0.07007518605946751
574,6,train,16,0.0061078729797358604,0.07815288209487774,0.004910531701268989,0.07007518605946751
574,7,train,8,0.002983452647496983,0.054620990905484154,0.004910531701268989,0.07007518605946751
574,-1,train,120,0.004910531701268989,0.07007518605946751,0.004910531701268989,0.07007518605946751
575,0,train,16,0.0033880073551655113,0.058206592025006165,0.004781916774547411,0.06915140471854068
575,1,train,16,0.004720512158641062,0.06870598342678068,0.004781916774547411,0.06915140471854068
575,2,train,16,0.0037404570687109623,0.06115927622782142,0.004781916774547411,0.06915140471854068
575,3,train,16,0.008249757674447595,0.09082817665486627,0.004781916774547411,0.06915140471854068
575,4,train,16,0.0027331593762643263,0.05227962678007874,0.004781916774547411,0.06915140471854068
575,5,train,16,0.006467301260925073,0.08041953283204942,0.004781916774547411,0.06915140471854068
575,6,train,16,0.007426745101156576,0.0861785652071127,0.004781916774547411,0.06915140471854068
575,7,train,8,0.001529394201068185,0.03910746988834978,0.004781916774547411,0.06915140471854068
575,-1,train,120,0.004781916774547411,0.06915140471854068,0.004781916774547411,0.06915140471854068
576,0,train,16,0.008402935168819793,0.09166752515923943,0.00504956170767542,0.0710602681368106
576,1,train,16,0.008776134550809316,0.09368102556446165,0.00504956170767542,0.0710602681368106
576,2,train,16,0.003665670761719771,0.060544783109032364,0.00504956170767542,0.0710602681368106
576,3,train,16,0.001506460131827676,0.038813143802424406,0.00504956170767542,0.0710602681368106
576,4,train,16,0.0031134789655860194,0.05579855702064364,0.00504956170767542,0.0710602681368106
576,5,train,16,0.004885269858963676,0.06989470551453576,0.00504956170767542,0.0710602681368106
576,6,train,16,0.00400375524306446,0.06327523404195722,0.00504956170767542,0.0710602681368106
576,7,train,8,0.006042788980612646,0.07773537792159144,0.00504956170767542,0.0710602681368106
576,-1,train,120,0.00504956170767542,0.0710602681368106,0.00504956170767542,0.0710602681368106
577,0,train,16,0.004452372230357741,0.066726098569883,0.005539915775397216,0.07443061047309243
577,1,train,16,0.0027351293972037185,0.05229846457787952,0.005539915775397216,0.07443061047309243
577,2,train,16,0.008274515349625533,0.09096436307491815,0.005539915775397216,0.07443061047309243
577,3,train,16,0.003943175167278798,0.06279470652275396,0.005539915775397216,0.07443061047309243
577,4,train,16,0.0058205505885332385,0.07629253298018908,0.005539915775397216,0.07443061047309243
577,5,train,16,0.0023675165794186416,0.04865713287297806,0.005539915775397216,0.07443061047309243
577,6,train,16,0.0027416220726833515,0.05236050107364665,0.005539915775397216,0.07443061047309243
577,7,train,8,0.013984444818076707,0.11825584475228575,0.005539915775397216,0.07443061047309243
577,-1,train,120,0.005539915775397216,0.07443061047309243,0.005539915775397216,0.07443061047309243
578,0,train,16,0.0063204760437391375,0.07950142164602554,0.004689960890259439,0.06848328913143292
578,1,train,16,0.005068630375517425,0.07119431420778927,0.004689960890259439,0.06848328913143292
578,2,train,16,0.0052333637715861105,0.07234199175849466,0.004689960890259439,0.06848328913143292
578,3,train,16,0.004582158021090107,0.0676916392259052,0.004689960890259439,0.06848328913143292
578,4,train,16,0.008004953697512227,0.0894704068254539,0.004689960890259439,0.06848328913143292
578,5,train,16,0.003761716147371033,0.06133283090948137,0.004689960890259439,0.06848328913143292
578,6,train,16,0.0038411265302707174,0.061976822524801294,0.004689960890259439,0.06848328913143292
578,7,train,8,0.0007072625349887546,0.026594407964622088,0.004689960890259439,0.06848328913143292
578,-1,train,120,0.004689960890259439,0.06848328913143292,0.004689960890259439,0.06848328913143292
579,0,train,16,0.005645123448010553,0.07513403654809551,0.00479948722576228,0.06927833157461487
579,1,train,16,0.0038725657081929944,0.062229942215889886,0.00479948722576228,0.06927833157461487
579,2,train,16,0.005240679114912034,0.07239253493912223,0.00479948722576228,0.06927833157461487
579,3,train,16,0.005227808986660029,0.07230358903028279,0.00479948722576228,0.06927833157461487
579,4,train,16,0.0010255429866514603,0.03202410009120413,0.00479948722576228,0.06927833157461487
579,5,train,16,0.006958222540472937,0.08341596094557047,0.00479948722576228,0.06927833157461487
579,6,train,16,0.007774565973805684,0.08817349927163878,0.00479948722576228,0.06927833157461487
579,7,train,8,0.0026513890473925557,0.051491640558371764,0.00479948722576228,0.06927833157461487
579,-1,train,120,0.00479948722576228,0.06927833157461487,0.00479948722576228,0.06927833157461487
580,0,train,16,0.0034373636949288217,0.0586290345727168,0.004672974781760458,0.06835916018911041
580,1,train,16,0.00595780631585627,0.07718682734674531,0.004672974781760458,0.06835916018911041
580,2,train,16,0.006930600089425314,0.08325022576200808,0.004672974781760458,0.06835916018911041
580,3,train,16,0.006271152165103539,0.07919060654587473,0.004672974781760458,0.06835916018911041
580,4,train,16,0.004366848471404015,0.06608213428305729,0.004672974781760458,0.06835916018911041
580,5,train,16,0.0025918486693742304,0.0509102020166315,0.004672974781760458,0.06835916018911041
580,6,train,16,0.006998682616106165,0.08365812940836154,0.004672974781760458,0.06835916018911041
580,7,train,8,0.0008294962318853158,0.028800976231463334,0.004672974781760458,0.06835916018911041
580,-1,train,120,0.004672974781760458,0.06835916018911041,0.004672974781760458,0.06835916018911041
581,0,train,16,0.005188151682525859,0.07202882535850393,0.005149193373353917,0.07175788021781243
581,1,train,16,0.003089014323782671,0.055578901786403366,0.005149193373353917,0.07175788021781243
581,2,train,16,0.003605738610035007,0.060047802707801114,0.005149193373353917,0.07175788021781243
581,3,train,16,0.007641246481444816,0.08741422356484564,0.005149193373353917,0.07175788021781243
581,4,train,16,0.0025167905507560854,0.05016762452773786,0.005149193373353917,0.07175788021781243
581,5,train,16,0.008348248976767853,0.09136875273728898,0.005149193373353917,0.07175788021781243
581,6,train,16,0.002226949534034941,0.04719056615505837,0.005149193373353917,0.07175788021781243
581,7,train,8,0.008577406827484108,0.0926142906223662,0.005149193373353917,0.07175788021781243
581,-1,train,120,0.005149193373353917,0.07175788021781243,0.005149193373353917,0.07175788021781243
582,0,train,16,0.008099687903893376,0.08999826611603902,0.0046758847876125,0.0683804415576011
582,1,train,16,0.004956292516021585,0.07040094115863497,0.0046758847876125,0.0683804415576011
582,2,train,16,0.003908014336745225,0.06251411310052495,0.0046758847876125,0.0683804415576011
582,3,train,16,0.006145595299010287,0.07839384732879416,0.0046758847876125,0.0683804415576011
582,4,train,16,0.004972839613603441,0.0705183636622649,0.0046758847876125,0.0683804415576011
582,5,train,16,0.0030558116005649436,0.055279395804991784,0.0046758847876125,0.0683804415576011
582,6,train,16,0.0051735997022008704,0.07192773944870554,0.0046758847876125,0.0683804415576011
582,7,train,8,0.0010952373288602734,0.033094370047793226,0.0046758847876125,0.0683804415576011
582,-1,train,120,0.0046758847876125,0.0683804415576011,0.0046758847876125,0.0683804415576011
583,0,train,16,0.007340147800844382,0.08567466253709076,0.005101485816357047,0.07142468632312673
583,1,train,16,0.0026429021195647695,0.05140916377033154,0.005101485816357047,0.07142468632312673
583,2,train,16,0.00858861238621873,0.09267476671790834,0.005101485816357047,0.07142468632312673
583,3,train,16,0.002121275320732078,0.046057304748889485,0.005101485816357047,0.07142468632312673
583,4,train,16,0.005838816726755831,0.0764121503869367,0.005101485816357047,0.07142468632312673
583,5,train,16,0.0045600509060617815,0.06752814899034167,0.005101485816357047,0.07142468632312673
583,6,train,16,0.0013540225541786282,0.036797045454474035,0.005101485816357047,0.07142468632312673
583,7,train,8,0.008366058716500183,0.09146616159269057,0.005101485816357047,0.07142468632312673
583,-1,train,120,0.005101485816357047,0.07142468632312673,0.005101485816357047,0.07142468632312673
584,0,train,16,0.006540248135316259,0.08087180061873396,0.004627063303099319,0.06802252055826305
584,1,train,16,0.00226501104300584,0.04759213215444166,0.004627063303099319,0.06802252055826305
584,2,train,16,0.004151582899921907,0.06443277814840756,0.004627063303099319,0.06802252055826305
584,3,train,16,0.004212457604343344,0.06490344832397847,0.004627063303099319,0.06802252055826305
584,4,train,16,0.010160063021243702,0.10079713796156964,0.004627063303099319,0.06802252055826305
584,5,train,16,0.00624893667944856,0.07905021618849982,0.004627063303099319,0.06802252055826305
584,6,train,16,0.002370770028254774,0.048690553788746066,0.004627063303099319,0.06802252055826305
584,7,train,8,0.0010674370132601686,0.03267165458406061,0.004627063303099319,0.06802252055826305
584,-1,train,120,0.004627063303099319,0.06802252055826305,0.004627063303099319,0.06802252055826305
585,0,train,16,0.003675420338140714,0.060625245056335354,0.004557530048622887,0.0675094811757792
585,1,train,16,0.004580610487489412,0.06768020750182,0.004557530048622887,0.0675094811757792
585,2,train,16,0.002156074764238022,0.04643355213892236,0.004557530048622887,0.0675094811757792
585,3,train,16,0.010882441825578619,0.10431894279362028,0.004557530048622887,0.0675094811757792
585,4,train,16,0.005867193839285091,0.0765976098797155,0.004557530048622887,0.0675094811757792
585,5,train,16,0.007799470134575384,0.08831460884007461,0.004557530048622887,0.0675094811757792
585,6,train,16,0.0013988116740847266,0.03740069082362954,0.004557530048622887,0.0675094811757792
585,7,train,8,0.0001002173255911281,0.01001086038216137,0.004557530048622887,0.0675094811757792
585,-1,train,120,0.004557530048622887,0.0675094811757792,0.004557530048622887,0.0675094811757792
586,0,train,16,0.0033859882391220953,0.05818924504684775,0.0053687261445981085,0.07327159166142161
586,1,train,16,0.004434012052030792,0.0665883777549115,0.0053687261445981085,0.07327159166142161
586,2,train,16,0.00223968449956711,0.04732530506575853,0.0053687261445981085,0.07327159166142161
586,3,train,16,0.0010998379398058566,0.03316380466420969,0.0053687261445981085,0.07327159166142161
586,4,train,16,0.005281072041607951,0.0726709848674693,0.0053687261445981085,0.07327159166142161
586,5,train,16,0.007264324549494527,0.08523100697219602,0.0053687261445981085,0.07327159166142161
586,6,train,16,0.005902779884232703,0.07682955085273312,0.0053687261445981085,0.07327159166142161
586,7,train,8,0.01334210995092383,0.11550805145496928,0.0053687261445981085,0.07327159166142161
586,-1,train,120,0.0053687261445981085,0.07327159166142161,0.0053687261445981085,0.07327159166142161
587,0,train,16,0.005769274943639346,0.07595574332227514,0.004590099752109522,0.0677502749227597
587,1,train,16,0.008025575995334037,0.08958557917061226,0.004590099752109522,0.0677502749227597
587,2,train,16,0.003808179532809637,0.0617104491379672,0.004590099752109522,0.0677502749227597
587,3,train,16,0.004652667319963043,0.06821046341994051,0.004590099752109522,0.0677502749227597
587,4,train,16,0.002519091936722863,0.05019055625038303,0.004590099752109522,0.0677502749227597
587,5,train,16,0.007558506130037859,0.08693966948429158,0.004590099752109522,0.0677502749227597
587,6,train,16,0.0032746478542349127,0.05722453891675242,0.004590099752109522,0.0677502749227597
587,7,train,8,0.0011128543041344808,0.03335947098103447,0.004590099752109522,0.0677502749227597
587,-1,train,120,0.004590099752109522,0.0677502749227597,0.004590099752109522,0.0677502749227597
588,0,train,16,0.002339602851832989,0.04836944130164198,0.004706625941040954,0.06860485362597135
588,1,train,16,0.0038351362261897248,0.06192847669844403,0.004706625941040954,0.06860485362597135
588,2,train,16,0.006088100362359074,0.07802627994694528,0.004706625941040954,0.06860485362597135
588,3,train,16,0.011044597525354832,0.10509328011511884,0.004706625941040954,0.06860485362597135
588,4,train,16,0.004725170450297826,0.06873987525663562,0.004706625941040954,0.06860485362597135
588,5,train,16,0.0007969360349627107,0.028230055525321072,0.004706625941040954,0.06860485362597135
588,6,train,16,0.00565309408441968,0.07518706061829841,0.004706625941040954,0.06860485362597135
588,7,train,8,0.0031703699929108028,0.05630603868956511,0.004706625941040954,0.06860485362597135
588,-1,train,120,0.004706625941040954,0.06860485362597135,0.004706625941040954,0.06860485362597135
589,0,train,16,0.0115121073554598,0.10729448893330822,0.005050249308572001,0.07106510612510193
589,1,train,16,0.002134035408110096,0.046195621092372983,0.005050249308572001,0.07106510612510193
589,2,train,16,0.0013783755386978561,0.03712648028965116,0.005050249308572001,0.07106510612510193
589,3,train,16,0.004948561411422549,0.07034601205059565,0.005050249308572001,0.07106510612510193
589,4,train,16,0.005013259368777197,0.07080437393817698,0.005050249308572001,0.07106510612510193
589,5,train,16,0.0031901260618864545,0.05648120096002257,0.005050249308572001,0.07106510612510193
589,6,train,16,0.003328280492077039,0.05769125143448562,0.005050249308572001,0.07106510612510193
589,7,train,8,0.008897248832145013,0.09432522903309068,0.005050249308572001,0.07106510612510193
589,-1,train,120,0.005050249308572001,0.07106510612510193,0.005050249308572001,0.07106510612510193
590,0,train,16,0.0021505071896233173,0.04637356132133176,0.004643348707557219,0.06814212139020343
590,1,train,16,0.007777693732320302,0.0881912338745768,0.004643348707557219,0.06814212139020343
590,2,train,16,0.002904549960420844,0.05389387683606408,0.004643348707557219,0.06814212139020343
590,3,train,16,0.00509006066704223,0.07134466109697508,0.004643348707557219,0.06814212139020343
590,4,train,16,0.005292762634900063,0.07275137548459179,0.004643348707557219,0.06814212139020343
590,5,train,16,0.0075413355756111826,0.08684086351258365,0.004643348707557219,0.06814212139020343
590,6,train,16,0.003786922088427154,0.0615379727357601,0.004643348707557219,0.06814212139020343
590,7,train,8,0.0026029578121126566,0.051019190625809195,0.004643348707557219,0.06814212139020343
590,-1,train,120,0.004643348707557219,0.06814212139020343,0.004643348707557219,0.06814212139020343
591,0,train,16,0.004854887318460664,0.06967702145227408,0.004561284452286646,0.06753728194328408
591,1,train,16,0.005093127849091074,0.07136615338583882,0.004561284452286646,0.06753728194328408
591,2,train,16,0.007790430666889081,0.08826341635631992,0.004561284452286646,0.06753728194328408
591,3,train,16,0.005085756279607491,0.07131448856724341,0.004561284452286646,0.06753728194328408
591,4,train,16,0.004520076059529191,0.06723151091213994,0.004561284452286646,0.06753728194328408
591,5,train,16,0.0014018322069881133,0.03744104975809457,0.004561284452286646,0.06753728194328408
591,6,train,16,0.006147028067854235,0.07840298506979332,0.004561284452286646,0.06753728194328408
591,7,train,8,0.0015971371698733229,0.039964198601665,0.004561284452286646,0.06753728194328408
591,-1,train,120,0.004561284452286646,0.06753728194328408,0.004561284452286646,0.06753728194328408
592,0,train,16,0.002623309961214676,0.05121825808454126,0.004815387184546097,0.06939299088918201
592,1,train,16,0.004963491659607441,0.07045205220295177,0.004815387184546097,0.06939299088918201
592,2,train,16,0.003191504441812562,0.056493401754652395,0.004815387184546097,0.06939299088918201
592,3,train,16,0.006588254782331604,0.08116806503996263,0.004815387184546097,0.06939299088918201
592,4,train,16,0.0035091286502903574,0.05923789876667097,0.004815387184546097,0.06939299088918201
592,5,train,16,0.005178052657851915,0.07195868716042501,0.004815387184546097,0.06939299088918201
592,6,train,16,0.006630772727778548,0.08142955684380548,0.004815387184546097,0.06939299088918201
592,7,train,8,0.0058385825954816815,0.07641061834249008,0.004815387184546097,0.06939299088918201
592,-1,train,120,0.004815387184546097,0.06939299088918201,0.004815387184546097,0.06939299088918201
593,0,train,16,0.006407655537690206,0.08004783281070266,0.004574111601958408,0.0676321787462034
593,1,train,16,0.0054286188866988555,0.07367916182136476,0.004574111601958408,0.0676321787462034
593,2,train,16,0.00440543822444189,0.06637347530785087,0.004574111601958408,0.0676321787462034
593,3,train,16,0.0029779308025716664,0.05457042058268991,0.004574111601958408,0.0676321787462034
593,4,train,16,0.004182618234232485,0.06467316471483736,0.004574111601958408,0.0676321787462034
593,5,train,16,0.006371390000519933,0.07982098721839972,0.004574111601958408,0.0676321787462034
593,6,train,16,0.004694710654020703,0.06851795862414979,0.004574111601958408,0.0676321787462034
593,7,train,8,0.002124530475491525,0.0460926292967924,0.004574111601958408,0.0676321787462034
593,-1,train,120,0.004574111601958408,0.0676321787462034,0.004574111601958408,0.0676321787462034
594,0,train,16,0.006827345576918024,0.08262775306710224,0.004485883343955266,0.06697673733435562
594,1,train,16,0.006537963988433001,0.08085767736234452,0.004485883343955266,0.06697673733435562
594,2,train,16,0.003353787045239838,0.05791189036147791,0.004485883343955266,0.06697673733435562
594,3,train,16,0.005832963618315583,0.07637384119131094,0.004485883343955266,0.06697673733435562
594,4,train,16,0.0030521020898070135,0.05524583323479711,0.004485883343955266,0.06697673733435562
594,5,train,16,0.0035973436173829627,0.05997785939313742,0.004485883343955266,0.06697673733435562
594,6,train,16,0.005705827227264742,0.07553692624978026,0.004485883343955266,0.06697673733435562
594,7,train,8,0.0009797335882809634,0.031300696290673204,0.004485883343955266,0.06697673733435562
594,-1,train,120,0.004485883343955266,0.06697673733435562,0.004485883343955266,0.06697673733435562
595,0,train,16,0.005540537343782383,0.07443478584494204,0.004508845973484735,0.06714794094746863
595,1,train,16,0.002573344022933283,0.050728138374409946,0.004508845973484735,0.06714794094746863
595,2,train,16,0.008004560634072663,0.08946821018704165,0.004508845973484735,0.06714794094746863
595,3,train,16,0.0056046006302011,0.0748638806782089,0.004508845973484735,0.06714794094746863
595,4,train,16,0.005596679490528526,0.07481095835857555,0.004508845973484735,0.06714794094746863
595,5,train,16,0.0023967061424516765,0.0489561655203068,0.004508845973484735,0.06714794094746863
595,6,train,16,0.0047660076020609845,0.0690362774348457,0.004508845973484735,0.06714794094746863
595,7,train,8,0.0015883319218472647,0.039853882142738176,0.004508845973484735,0.06714794094746863
595,-1,train,120,0.004508845973484735,0.06714794094746863,0.004508845973484735,0.06714794094746863
596,0,train,16,0.002718613338321278,0.052140323534873446,0.004593282857641105,0.06777376230991684
596,1,train,16,0.009765833457495527,0.0988222315954033,0.004593282857641105,0.06777376230991684
596,2,train,16,0.004537792095826024,0.06736313603022075,0.004593282857641105,0.06777376230991684
596,3,train,16,0.0010901385044542885,0.03301724556128643,0.004593282857641105,0.06777376230991684
596,4,train,16,0.0029399025283137355,0.054220868015126204,0.004593282857641105,0.06777376230991684
596,5,train,16,0.005909585283349876,0.07687382703722949,0.004593282857641105,0.06777376230991684
596,6,train,16,0.006580915370522508,0.08112284123798,0.004593282857641105,0.06777376230991684
596,7,train,8,0.003203482282845598,0.056599313448535735,0.004593282857641105,0.06777376230991684
596,-1,train,120,0.004593282857641105,0.06777376230991684,0.004593282857641105,0.06777376230991684
597,0,train,16,0.0031772770289346134,0.056367340091001396,0.004705673803452062,0.0685979139876138
597,1,train,16,0.0008179498213631564,0.028599822051249838,0.004705673803452062,0.0685979139876138
597,2,train,16,0.0050839681090999456,0.0713019502475209,0.004705673803452062,0.0685979139876138
597,3,train,16,0.006378483086139033,0.07986540606632532,0.004705673803452062,0.0685979139876138
597,4,train,16,0.006546676183276397,0.08091153306714932,0.004705673803452062,0.0685979139876138
597,5,train,16,0.0025359917308447667,0.050358631145462705,0.004705673803452062,0.0685979139876138
597,6,train,16,0.008199945080941868,0.09055354814109642,0.004705673803452062,0.0685979139876138
597,7,train,8,0.0049050993870167195,0.07003641472131994,0.004705673803452062,0.0685979139876138
597,-1,train,120,0.004705673803452062,0.0685979139876138,0.004705673803452062,0.0685979139876138
598,0,train,16,0.007027217037312827,0.08382849776366523,0.0044365411226845106,0.06660736537864645
598,1,train,16,0.005045047816292865,0.07102850002845947,0.0044365411226845106,0.06660736537864645
598,2,train,16,0.0009223685214472278,0.030370520598883843,0.0044365411226845106,0.06660736537864645
598,3,train,16,0.009048663546557499,0.09512446344951177,0.0044365411226845106,0.06660736537864645
598,4,train,16,0.002238034092464008,0.04730786501697163,0.0044365411226845106,0.06660736537864645
598,5,train,16,0.006463176465526951,0.08039388325940569,0.0044365411226845106,0.06660736537864645
598,6,train,16,0.0038266720469179076,0.06186010060546222,0.0044365411226845106,0.06660736537864645
598,7,train,8,0.0009211494549567947,0.030350444065232303,0.0044365411226845106,0.06660736537864645
598,-1,train,120,0.0044365411226845106,0.06660736537864645,0.0044365411226845106,0.06660736537864645
599,0,train,16,0.003656390523136962,0.060468095084407626,0.00476463907174159,0.06902636504801328
599,1,train,16,0.005384419643993458,0.0733786048108947,0.00476463907174159,0.06902636504801328
599,2,train,16,0.003452614773335386,0.05875895483528775,0.00476463907174159,0.06902636504801328
599,3,train,16,0.0029050722678168146,0.053898722320819575,0.00476463907174159,0.06902636504801328
599,4,train,16,0.00608793469995733,0.07802521835892118,0.00476463907174159,0.06902636504801328
599,5,train,16,0.006945469843039329,0.08333948549780787,0.00476463907174159,0.06902636504801328
599,6,train,16,0.003088760911810525,0.05557662198992059,0.00476463907174159,0.06902636504801328
599,7,train,8,0.006596449910842919,0.08121853181905543,0.00476463907174159,0.06902636504801328
599,-1,train,120,0.00476463907174159,0.06902636504801328,0.00476463907174159,0.06902636504801328
600,0,train,16,0.004142221214809555,0.064360090233075,0.004491278015032488,0.06701699795598492
600,1,train,16,0.0016160194044348639,0.040199743835438354,0.004491278015032488,0.06701699795598492
600,2,train,16,0.007430763108293744,0.08620187415766402,0.004491278015032488,0.06701699795598492
600,3,train,16,0.004449582105385336,0.06670518799452811,0.004491278015032488,0.06701699795598492
600,4,train,16,0.006226043544055407,0.07890528210490985,0.004491278015032488,0.06701699795598492
600,5,train,16,0.008359751503893962,0.0914316766984723,0.004491278015032488,0.06701699795598492
600,6,train,16,0.0012920277492163884,0.035944787511075764,0.004491278015032488,0.06701699795598492
600,7,train,8,0.0024138154901706442,0.04913059627330656,0.004491278015032488,0.06701699795598492
600,-1,train,120,0.004491278015032488,0.06701699795598492,0.004491278015032488,0.06701699795598492
601,0,train,16,0.003340642958688697,0.0577982954652531,0.004727803978810262,0.06875902834399467
601,1,train,16,0.004837538934728594,0.06955241861163847,0.004727803978810262,0.06875902834399467
601,2,train,16,0.007946534757460587,0.08914333826742517,0.004727803978810262,0.06875902834399467
601,3,train,16,0.0011032284842865943,0.033214883475433034,0.004727803978810262,0.06875902834399467
601,4,train,16,0.006894800477801511,0.08303493528510461,0.004727803978810262,0.06875902834399467
601,5,train,16,0.00492048833018789,0.07014619255660202,0.004727803978810262,0.06875902834399467
601,6,train,16,0.002498707650019101,0.04998707482959071,0.004727803978810262,0.06875902834399467
601,7,train,8,0.006280490237309125,0.07924954408265782,0.004727803978810262,0.06875902834399467
601,-1,train,120,0.004727803978810262,0.06875902834399467,0.004727803978810262,0.06875902834399467
602,0,train,16,0.0046736401737878935,0.06836402689856627,0.004408806266004612,0.06639884235440112
602,1,train,16,0.005217736193997136,0.07223389920250142,0.004408806266004612,0.06639884235440112
602,2,train,16,0.005975188321405088,0.07729934230900731,0.004408806266004612,0.06639884235440112
602,3,train,16,0.004019655027286584,0.06340074942212107,0.004408806266004612,0.06639884235440112
602,4,train,16,0.003273827026621999,0.05721736647751274,0.004408806266004612,0.06639884235440112
602,5,train,16,0.0067606664055631285,0.08222327167878403,0.004408806266004612,0.06639884235440112
602,6,train,16,0.0038191083926279465,0.061798935206263436,0.004408806266004612,0.06639884235440112
602,7,train,8,0.0015306285867471242,0.039123248673226564,0.004408806266004612,0.06639884235440112
602,-1,train,120,0.004408806266004612,0.06639884235440112,0.004408806266004612,0.06639884235440112
603,0,train,16,0.004799128943518478,0.06927574570885887,0.004626528602829632,0.06801859012674132
603,1,train,16,0.006568095248656538,0.08104378599656199,0.004626528602829632,0.06801859012674132
603,2,train,16,0.0031586187513271435,0.05620159029179818,0.004626528602829632,0.06801859012674132
603,3,train,16,0.003245384755257745,0.05696827850003671,0.004626528602829632,0.06801859012674132
603,4,train,16,0.005288192651278974,0.07271996047357956,0.004626528602829632,0.06801859012674132
603,5,train,16,0.00653671159406721,0.08084993255450007,0.004626528602829632,0.06801859012674132
603,6,train,16,0.002130367903496943,0.04615590865205605,0.004626528602829632,0.06801859012674132
603,7,train,8,0.005285728975034032,0.07270301902283036,0.004626528602829632,0.06801859012674132
603,-1,train,120,0.004626528602829632,0.06801859012674132,0.004626528602829632,0.06801859012674132
604,0,train,16,0.0071556710774100165,0.08459119976339156,0.004618649213017017,0.06796064458947558
604,1,train,16,0.00670559565101114,0.08188770146371883,0.004618649213017017,0.06796064458947558
604,2,train,16,0.004362298545386596,0.06604769901659403,0.004618649213017017,0.06796064458947558
604,3,train,16,0.004256943849840908,0.06524525921353143,0.004618649213017017,0.06796064458947558
604,4,train,16,0.002885883006222275,0.05372041517172289,0.004618649213017017,0.06796064458947558
604,5,train,16,0.0026997696989245813,0.05195930810667691,0.004618649213017017,0.06796064458947558
604,6,train,16,0.0036690055840695192,0.06057231697788619,0.004618649213017017,0.06796064458947558
604,7,train,8,0.005214026291271104,0.07220821484617317,0.004618649213017017,0.06796064458947558
604,-1,train,120,0.004618649213017017,0.06796064458947558,0.004618649213017017,0.06796064458947558
605,0,train,16,0.00618026427861412,0.07861465689433568,0.004320771478811489,0.06573257547678692
605,1,train,16,0.0039058707045980688,0.06249696556312209,0.004320771478811489,0.06573257547678692
605,2,train,16,0.005543878157854898,0.07445722367812876,0.004320771478811489,0.06573257547678692
605,3,train,16,0.006296227375496571,0.07934877047249422,0.004320771478811489,0.06573257547678692
605,4,train,16,0.0060636989388251055,0.07786975625250862,0.004320771478811489,0.06573257547678692
605,5,train,16,0.0019793186757431974,0.04448953445185955,0.004320771478811489,0.06573257547678692
605,6,train,16,0.003779418932595084,0.06147697888311595,0.004320771478811489,0.06573257547678692
605,7,train,8,0.0008174947667648633,0.028591865394983644,0.004320771478811489,0.06573257547678692
605,-1,train,120,0.004320771478811489,0.06573257547678692,0.004320771478811489,0.06573257547678692
606,0,train,16,0.0043523834954840215,0.06597259654950699,0.004691569300139045,0.06849503120766531
606,1,train,16,0.0037893014559474796,0.06155730221466402,0.004691569300139045,0.06849503120766531
606,2,train,16,0.004778083598654008,0.0691236833411965,0.004691569300139045,0.06849503120766531
606,3,train,16,0.005782558594048729,0.07604313640328579,0.004691569300139045,0.06849503120766531
606,4,train,16,0.002579040365111664,0.050784253121530336,0.004691569300139045,0.06849503120766531
606,5,train,16,0.006608617019746093,0.08129340083762084,0.004691569300139045,0.06849503120766531
606,6,train,16,0.0028100535324917914,0.05300993805402711,0.004691569300139045,0.06849503120766531
606,7,train,8,0.006832516339628575,0.08265903664832161,0.004691569300139045,0.06849503120766531
606,-1,train,120,0.004691569300139045,0.06849503120766531,0.004691569300139045,0.06849503120766531
607,0,train,16,0.007736589008521177,0.08795788201475281,0.0044801810799436495,0.06693415480861509
607,1,train,16,0.0058562460793700685,0.07652611370878616,0.0044801810799436495,0.06693415480861509
607,2,train,16,0.005303057869279574,0.07282209739687243,0.0044801810799436495,0.06693415480861509
607,3,train,16,0.003497017577384053,0.059135586387420336,0.0044801810799436495,0.06693415480861509
607,4,train,16,0.004071749277975672,0.06381025997420534,0.0044801810799436495,0.06693415480861509
607,5,train,16,0.003756885645670157,0.061293438846830556,0.0044801810799436495,0.06693415480861509
607,6,train,16,0.0019204205357714194,0.043822603023684244,0.0044801810799436495,0.06693415480861509
607,7,train,8,0.0036994826455770775,0.060823372527155035,0.0044801810799436495,0.06693415480861509
607,-1,train,120,0.0044801810799436495,0.06693415480861509,0.0044801810799436495,0.06693415480861509
608,0,train,16,0.0017715183294871306,0.04208940875668284,0.004323476832872935,0.06575315074483454
608,1,train,16,0.004504051238369651,0.06711222867979912,0.004323476832872935,0.06575315074483454
608,2,train,16,0.008120211661907639,0.09011221705133904,0.004323476832872935,0.06575315074483454
608,3,train,16,0.005355482164768664,0.07318115990313807,0.004323476832872935,0.06575315074483454
608,4,train,16,0.005499206373171294,0.07415663404693672,0.004323476832872935,0.06575315074483454
608,5,train,16,0.004158428550576127,0.06448587869119972,0.004323476832872935,0.06575315074483454
608,6,train,16,0.00377119308626339,0.061410040598125236,0.004323476832872935,0.06575315074483454
608,7,train,8,0.0014077232584395884,0.03751963830368822,0.004323476832872935,0.06575315074483454
608,-1,train,120,0.004323476832872935,0.06575315074483454,0.004323476832872935,0.06575315074483454
609,0,train,16,0.0041076468966446695,0.06409092678877931,0.004352249667005249,0.06597158226846805
609,1,train,16,0.005868103116514265,0.07660354506492675,0.004352249667005249,0.06597158226846805
609,2,train,16,0.005074884330157309,0.07123822239610776,0.004352249667005249,0.06597158226846805
609,3,train,16,0.0027326228169807696,0.05227449489933661,0.004352249667005249,0.06597158226846805
609,4,train,16,0.006774893932534635,0.08230974384928333,0.004352249667005249,0.06597158226846805
609,5,train,16,0.00514322252323546,0.07171626400779296,0.004352249667005249,0.06597158226846805
609,6,train,16,0.0030716722634486536,0.055422669219811614,0.004352249667005249,0.06597158226846805
609,7,train,8,0.002044951456526229,0.04522113948726004,0.004352249667005249,0.06597158226846805
609,-1,train,120,0.004352249667005249,0.06597158226846805,0.004352249667005249,0.06597158226846805
610,0,train,16,0.0028792368054773804,0.05365852034371969,0.004446679470352146,0.06668342725409475
610,1,train,16,0.009722910864659064,0.0986048217110049,0.004446679470352146,0.06668342725409475
610,2,train,16,0.00418379040254805,0.06468222632646506,0.004446679470352146,0.06668342725409475
610,3,train,16,0.00454057550499855,0.06738379259880338,0.004446679470352146,0.06668342725409475
610,4,train,16,0.004885608497607151,0.0698971279639382,0.004446679470352146,0.06668342725409475
610,5,train,16,0.003480075549490455,0.05899216515343758,0.004446679470352146,0.06668342725409475
610,6,train,16,0.0020987066960771244,0.045811643673602506,0.004446679470352146,0.06668342725409475
610,7,train,8,0.0037825314419593996,0.06150228810344701,0.004446679470352146,0.06668342725409475
610,-1,train,120,0.004446679470352146,0.06668342725409475,0.004446679470352146,0.06668342725409475
611,0,train,16,0.0040795431064011255,0.06387130111717723,0.004821532134985837,0.06943725322178172
611,1,train,16,0.005842565296366179,0.07643667507398644,0.004821532134985837,0.06943725322178172
611,2,train,16,0.0038716092857435476,0.06222225715725481,0.004821532134985837,0.06943725322178172
611,3,train,16,0.0038389030668637344,0.06195888206596157,0.004821532134985837,0.06943725322178172
611,4,train,16,0.00109966491097568,0.03316119586166458,0.004821532134985837,0.06943725322178172
611,5,train,16,0.0046073220563863536,0.06787725728391177,0.004821532134985837,0.06943725322178172
611,6,train,16,0.005274130082785645,0.07262320622766283,0.004821532134985837,0.06943725322178172
611,7,train,8,0.009958519274364428,0.0997923808432509,0.004821532134985837,0.06943725322178172
611,-1,train,120,0.004821532134985837,0.06943725322178172,0.004821532134985837,0.06943725322178172
612,0,train,16,0.005592069406522561,0.0747801404553546,0.004629933964926961,0.06804361810579271
612,1,train,16,0.0028615066382549708,0.05349305224283777,0.004629933964926961,0.06804361810579271
612,2,train,16,0.005372335285391088,0.07329621603733093,0.004629933964926961,0.06804361810579271
612,3,train,16,0.00757530208573155,0.08703621134752794,0.004629933964926961,0.06804361810579271
612,4,train,16,0.004454453483623876,0.06674169224423274,0.004629933964926961,0.06804361810579271
612,5,train,16,0.002725063555407519,0.0522021412914022,0.004629933964926961,0.06804361810579271
612,6,train,16,0.0013721491390728043,0.03704253148844992,0.004629933964926961,0.06804361810579271
612,7,train,8,0.0070865921254113255,0.08418189903661788,0.004629933964926961,0.06804361810579271
612,-1,train,120,0.004629933964926961,0.06804361810579271,0.004629933964926961,0.06804361810579271
613,0,train,16,0.0031399593328609115,0.05603534003520378,0.004706227597826088,0.06860195039374674
613,1,train,16,0.002819941667023665,0.05310312294981967,0.004706227597826088,0.06860195039374674
613,2,train,16,0.003464355091574234,0.0588587724266675,0.004706227597826088,0.06860195039374674
613,3,train,16,0.005058609073317871,0.07112389945241944,0.004706227597826088,0.06860195039374674
613,4,train,16,0.003966253730010247,0.06297820043483497,0.004706227597826088,0.06860195039374674
613,5,train,16,0.006416248936913593,0.08010149147745997,0.004706227597826088,0.06860195039374674
613,6,train,16,0.004067984464117061,0.0637807530852142,0.004706227597826088,0.06860195039374674
613,7,train,8,0.008716468486791123,0.09336202914885218,0.004706227597826088,0.06860195039374674
613,-1,train,120,0.004706227597826088,0.06860195039374674,0.004706227597826088,0.06860195039374674
614,0,train,16,0.003829392357482085,0.06188208430137179,0.004443930298072939,0.06666281045735276
614,1,train,16,0.003994374990743029,0.06320106795571598,0.004443930298072939,0.06666281045735276
614,2,train,16,0.006996772533519306,0.08364671262828746,0.004443930298072939,0.06666281045735276
614,3,train,16,0.006393944029017433,0.07996214122331538,0.004443930298072939,0.06666281045735276
614,4,train,16,0.0057564504658980786,0.07587127563115094,0.004443930298072939,0.06666281045735276
614,5,train,16,0.0034016802860417986,0.05832392550267684,0.004443930298072939,0.06666281045735276
614,6,train,16,0.00045927149253465556,0.021430620442130358,0.004443930298072939,0.06666281045735276
614,7,train,8,0.004719556229347122,0.0686990264075636,0.004443930298072939,0.06666281045735276
614,-1,train,120,0.004443930298072939,0.06666281045735276,0.004443930298072939,0.06666281045735276
615,0,train,16,0.005389899813418462,0.07341593705332966,0.004483286728916279,0.0669573500738812
615,1,train,16,0.004708946575748376,0.06862176459220774,0.004483286728916279,0.0669573500738812
615,2,train,16,0.002914056678070548,0.05398200327952408,0.004483286728916279,0.0669573500738812
615,3,train,16,0.007213438052737098,0.08493196131455517,0.004483286728916279,0.0669573500738812
615,4,train,16,0.004063139993811528,0.06374276424670904,0.004483286728916279,0.0669573500738812
615,5,train,16,0.0009593073035471117,0.030972686411532203,0.004483286728916279,0.0669573500738812
615,6,train,16,0.00517691691418391,0.07195079509070007,0.004483286728916279,0.0669573500738812
615,7,train,8,0.005440588499813208,0.07376034503588773,0.004483286728916279,0.0669573500738812
615,-1,train,120,0.004483286728916279,0.0669573500738812,0.004483286728916279,0.0669573500738812
616,0,train,16,0.00575479072566053,0.07586033697302254,0.004472827205992243,0.06687919860459038
616,1,train,16,0.003412161650664068,0.05841371115298247,0.004472827205992243,0.06687919860459038
616,2,train,16,0.00699056470031191,0.08360959693905903,0.004472827205992243,0.06687919860459038
616,3,train,16,0.0039930180592543055,0.06319033200778665,0.004472827205992243,0.06687919860459038
616,4,train,16,0.004456618737032676,0.06675791141904214,0.004472827205992243,0.06687919860459038
616,5,train,16,0.003472599546098401,0.0589287667111607,0.004472827205992243,0.06687919860459038
616,6,train,16,0.0021279429055472998,0.04612963153491798,0.004472827205992243,0.06687919860459038
616,7,train,8,0.0055749213233687415,0.07466539575578998,0.004472827205992243,0.06687919860459038
616,-1,train,120,0.004472827205992243,0.06687919860459038,0.004472827205992243,0.06687919860459038
617,0,train,16,0.0057928934209250695,0.07611105978059345,0.004445119476791724,0.06667172921705064
617,1,train,16,0.0053007928929389315,0.07280654430021337,0.004445119476791724,0.06667172921705064
617,2,train,16,0.0016647559052567374,0.04080142038283394,0.004445119476791724,0.06667172921705064
617,3,train,16,0.003483263427486375,0.05901917847180165,0.004445119476791724,0.06667172921705064
617,4,train,16,0.005940506975903434,0.07707468440352795,0.004445119476791724,0.06667172921705064
617,5,train,16,0.0033251572726245406,0.05766417668383501,0.004445119476791724,0.06667172921705064
617,6,train,16,0.004689649861280077,0.06848101825528062,0.004445119476791724,0.06667172921705064
617,7,train,8,0.005363936057918626,0.07323889716481691,0.004445119476791724,0.06667172921705064
617,-1,train,120,0.004445119476791724,0.06667172921705064,0.004445119476791724,0.06667172921705064
618,0,train,16,0.0029756144572115036,0.054549193002385504,0.00460468063270285,0.06785779714006969
618,1,train,16,0.0032696698365593676,0.05718102689318694,0.00460468063270285,0.06785779714006969
618,2,train,16,0.004430334067709994,0.06656075471109078,0.00460468063270285,0.06785779714006969
618,3,train,16,0.00420425881738643,0.06484025614837151,0.00460468063270285,0.06785779714006969
618,4,train,16,0.004904208698624096,0.07003005568057258,0.00460468063270285,0.06785779714006969
618,5,train,16,0.004167480050310828,0.0645560225719555,0.00460468063270285,0.06785779714006969
618,6,train,16,0.00474548879651554,0.06888750827628722,0.00460468063270285,0.06785779714006969
618,7,train,8,0.008140390337305042,0.09022411172909957,0.00460468063270285,0.06785779714006969
618,-1,train,120,0.00460468063270285,0.06785779714006969,0.00460468063270285,0.06785779714006969
619,0,train,16,0.006660244790735037,0.08161032281969627,0.0042074248792332136,0.06486466587621656
619,1,train,16,0.0071271490149243475,0.08442244378673451,0.0042074248792332136,0.06486466587621656
619,2,train,16,0.005279705056174621,0.07266157895459348,0.0042074248792332136,0.06486466587621656
619,3,train,16,0.004653031957539454,0.06821313625350658,0.0042074248792332136,0.06486466587621656
619,4,train,16,0.0032176248208055334,0.0567241114589337,0.0042074248792332136,0.06486466587621656
619,5,train,16,0.002711269158125487,0.05206984883908813,0.0042074248792332136,0.06486466587621656
619,6,train,16,0.0024054027373794956,0.04904490531522612,0.0042074248792332136,0.06486466587621656
619,7,train,8,0.0016049714981817345,0.04006209552908752,0.0042074248792332136,0.06486466587621656
619,-1,train,120,0.0042074248792332136,0.06486466587621656,0.0042074248792332136,0.06486466587621656
620,0,train,16,0.004349773231343668,0.06595281064021205,0.004138475879696029,0.0643309869323954
620,1,train,16,0.006598369425986873,0.081230347937128,0.004138475879696029,0.0643309869323954
620,2,train,16,0.00421181415087111,0.0648984911293869,0.004138475879696029,0.0643309869323954
620,3,train,16,0.005545637680152355,0.07446903839954129,0.004138475879696029,0.0643309869323954
620,4,train,16,0.0032353744053198324,0.056880351663116786,0.004138475879696029,0.0643309869323954
620,5,train,16,0.004459901046797403,0.06678249057048863,0.004138475879696029,0.0643309869323954
620,6,train,16,0.0035060391922233066,0.059211816322616774,0.004138475879696029,0.0643309869323954
620,7,train,8,0.001200897904873674,0.03465397386842776,0.004138475879696029,0.0643309869323954
620,-1,train,120,0.004138475879696029,0.0643309869323954,0.004138475879696029,0.0643309869323954
621,0,train,16,0.002683716929848046,0.05180460336541576,0.004187594156971644,0.06471162304386782
621,1,train,16,0.006896840205032404,0.08304721672056448,0.004187594156971644,0.06471162304386782
621,2,train,16,0.000786064308695824,0.02803683842190171,0.004187594156971644,0.06471162304386782
621,3,train,16,0.0026184090936173833,0.05117039274441211,0.004187594156971644,0.06471162304386782
621,4,train,16,0.00970581329279005,0.09851808612021475,0.004187594156971644,0.06471162304386782
621,5,train,16,0.006147061273204136,0.07840319683025773,0.004187594156971644,0.06471162304386782
621,6,train,16,0.002760792737761515,0.05254324635727711,0.004187594156971644,0.06471162304386782
621,7,train,8,0.0019020554148237907,0.04361256028741939,0.004187594156971644,0.06471162304386782
621,-1,train,120,0.004187594156971644,0.06471162304386782,0.004187594156971644,0.06471162304386782
622,0,train,16,0.007969726468608749,0.08927332450742914,0.00457544492057704,0.06764203515992877
622,1,train,16,0.004426867309892237,0.06653470755847836,0.00457544492057704,0.06764203515992877
622,2,train,16,0.0015897287434476954,0.03987140257688078,0.00457544492057704,0.06764203515992877
622,3,train,16,0.007310862721119476,0.08550358308936226,0.00457544492057704,0.06764203515992877
622,4,train,16,0.002966311218861176,0.05446385240562015,0.00457544492057704,0.06764203515992877
622,5,train,16,0.0008833949095196622,0.029721960055145456,0.00457544492057704,0.06764203515992877
622,6,train,16,0.0029822595350651,0.054610068074166504,0.00457544492057704,0.06764203515992877
622,7,train,8,0.008474408458102215,0.09205655032697138,0.00457544492057704,0.06764203515992877
622,-1,train,120,0.00457544492057704,0.06764203515992877,0.00457544492057704,0.06764203515992877
623,0,train,16,0.006373291173710447,0.07983289531083315,0.004295488537120178,0.06553997663350344
623,1,train,16,0.0021732627831393056,0.04661826662521147,0.004295488537120178,0.06553997663350344
623,2,train,16,0.006553861715597511,0.08095592452438247,0.004295488537120178,0.06553997663350344
623,3,train,16,0.005836756872831596,0.07639867062214889,0.004295488537120178,0.06553997663350344
623,4,train,16,0.0018621027427440592,0.04315208850964295,0.004295488537120178,0.06553997663350344
623,5,train,16,0.005807364993693343,0.07620606927071716,0.004295488537120178,0.06553997663350344
623,6,train,16,0.0014337111184880064,0.03786437796251255,0.004295488537120178,0.06553997663350344
623,7,train,8,0.004323556896757161,0.0657537595636718,0.004295488537120178,0.06553997663350344
623,-1,train,120,0.004295488537120178,0.06553997663350344,0.004295488537120178,0.06553997663350344
624,0,train,16,0.0010294172097737972,0.03208453225112994,0.0041989049647916665,0.06479895805328714
624,1,train,16,0.00555152337546658,0.07450854565394885,0.0041989049647916665,0.06479895805328714
624,2,train,16,0.006391970621528811,0.07994980063470335,0.0041989049647916665,0.06479895805328714
624,3,train,16,0.004679444508231625,0.06840646539788198,0.0041989049647916665,0.06479895805328714
624,4,train,16,0.006528223758426199,0.0807974242066305,0.0041989049647916665,0.06479895805328714
624,5,train,16,0.004917840058757854,0.07012731321502239,0.0041989049647916665,0.06479895805328714
624,6,train,16,0.0016499919202315303,0.040620092567983275,0.0041989049647916665,0.06479895805328714
624,7,train,8,0.0028428282659169364,0.05331817950677739,0.0041989049647916665,0.06479895805328714
624,-1,train,120,0.0041989049647916665,0.06479895805328714,0.0041989049647916665,0.06479895805328714
625,0,train,16,0.003258265370199535,0.057081217315326546,0.004629171242570285,0.06803801321739403
625,1,train,16,0.0018850059949772526,0.04341665573230224,0.004629171242570285,0.06803801321739403
625,2,train,16,0.0008621376135583093,0.029362179986477662,0.004629171242570285,0.06803801321739403
625,3,train,16,0.0031220802414620636,0.055875578220382326,0.004629171242570285,0.06803801321739403
625,4,train,16,0.00703841274481611,0.0838952486426741,0.004629171242570285,0.06803801321739403
625,5,train,16,0.001457639976333748,0.03817905153790162,0.004629171242570285,0.06803801321739403
625,6,train,16,0.010236842392729675,0.1011772819991211,0.004629171242570285,0.06803801321739403
625,7,train,8,0.009172985606485582,0.0957757046775725,0.004629171242570285,0.06803801321739403
625,-1,train,120,0.004629171242570285,0.06803801321739403,0.004629171242570285,0.06803801321739403
626,0,train,16,0.0036162295422865025,0.06013509409892449,0.004067903447391308,0.06378011796313415
626,1,train,16,0.006950929955201119,0.08337223731675383,0.004067903447391308,0.06378011796313415
626,2,train,16,0.006013392639859566,0.0775460678555629,0.004067903447391308,0.06378011796313415
626,3,train,16,0.003623918772590486,0.060198993119407615,0.004067903447391308,0.06378011796313415
626,4,train,16,0.005554980067371635,0.07453173865791429,0.004067903447391308,0.06378011796313415
626,5,train,16,0.0012758295884911365,0.035718756816148244,0.004067903447391308,0.06378011796313415
626,6,train,16,0.004256912524576603,0.06524501915530873,0.004067903447391308,0.06378011796313415
626,7,train,8,0.0012510344887534178,0.03536996591394198,0.004067903447391308,0.06378011796313415
626,-1,train,120,0.004067903447391308,0.06378011796313415,0.004067903447391308,0.06378011796313415
627,0,train,16,0.008795540291615505,0.09378454185853607,0.004475729646725904,0.0669008942146957
627,1,train,16,0.0049065028928948025,0.07004643383424171,0.004475729646725904,0.0669008942146957
627,2,train,16,0.0031929947628782382,0.0565065904375608,0.004475729646725904,0.0669008942146957
627,3,train,16,0.0021991104264658346,0.046894673753698664,0.004475729646725904,0.0669008942146957
627,4,train,16,0.0009238363507756059,0.030394676355829254,0.004475729646725904,0.0669008942146957
627,5,train,16,0.005537018505179472,0.0744111450333851,0.004475729646725904,0.0669008942146957
627,6,train,16,0.00244684424267382,0.04946558644829575,0.004475729646725904,0.0669008942146957
627,7,train,8,0.007803989701323953,0.08834019301158422,0.004475729646725904,0.0669008942146957
627,-1,train,120,0.004475729646725904,0.0669008942146957,0.004475729646725904,0.0669008942146957
628,0,train,16,0.004416835266169759,0.06645927524559501,0.0040973585774117145,0.06401061300606108
628,1,train,16,0.00818987028383306,0.09049790209630862,0.0040973585774117145,0.06401061300606108
628,2,train,16,0.0019144032919843942,0.0437538945921891,0.0040973585774117145,0.06401061300606108
628,3,train,16,0.0026519313819519754,0.051496906527984526,0.0040973585774117145,0.06401061300606108
628,4,train,16,0.006036998342390301,0.07769812315873724,0.0040973585774117145,0.06401061300606108
628,5,train,16,0.0033264600387672275,0.05767547172557176,0.0040973585774117145,0.06401061300606108
628,6,train,16,0.004150080987773893,0.06442112221759175,0.0040973585774117145,0.06401061300606108
628,7,train,8,0.002092289026423105,0.04574154595576219,0.0040973585774117145,0.06401061300606108
628,-1,train,120,0.0040973585774117145,0.06401061300606108,0.0040973585774117145,0.06401061300606108
629,0,train,16,0.007059470309267295,0.0840206540635533,0.0041028816879814835,0.06405374062442788
629,1,train,16,0.004658418449205849,0.06825260763667458,0.0041028816879814835,0.06405374062442788
629,2,train,16,0.007282352889864901,0.08533670306418512,0.0041028816879814835,0.06405374062442788
629,3,train,16,0.0016698199831580115,0.040863430878451845,0.0041028816879814835,0.06405374062442788
629,4,train,16,0.0029404289218408312,0.05422572195776494,0.0041028816879814835,0.06405374062442788
629,5,train,16,0.003765109322310321,0.061360486653141214,0.0041028816879814835,0.06405374062442788
629,6,train,16,0.0029293076351749174,0.05412307858182974,0.0041028816879814835,0.06405374062442788
629,7,train,8,0.0025181459930297386,0.05018113184285244,0.0041028816879814835,0.06405374062442788
629,-1,train,120,0.0041028816879814835,0.06405374062442788,0.0041028816879814835,0.06405374062442788
630,0,train,16,0.0017665500719198555,0.04203034703544399,0.0040808666877919985,0.06388166159229108
630,1,train,16,0.002494248830705516,0.04994245519300704,0.0040808666877919985,0.06388166159229108
630,2,train,16,0.008978354529227454,0.09475417948157988,0.0040808666877919985,0.06388166159229108
630,3,train,16,0.0033713119338752,0.058062999697528546,0.0040808666877919985,0.06388166159229108
630,4,train,16,0.005332302201121548,0.07302261431311226,0.0040808666877919985,0.06388166159229108
630,5,train,16,0.003462978201533135,0.058847074706676245,0.0040808666877919985,0.06388166159229108
630,6,train,16,0.004905601826549602,0.07004000161728727,0.0040808666877919985,0.06388166159229108
630,7,train,8,0.002335585907403675,0.048327899886128664,0.0040808666877919985,0.06388166159229108
630,-1,train,120,0.0040808666877919985,0.06388166159229108,0.0040808666877919985,0.06388166159229108
631,0,train,16,0.0009995398296958058,0.03161549983308513,0.004320384827371731,0.0657296343164309
631,1,train,16,0.007261227052141386,0.08521283384644232,0.004320384827371731,0.0657296343164309
631,2,train,16,0.0024914366607527417,0.04991429315088757,0.004320384827371731,0.0657296343164309
631,3,train,16,0.00343334327233191,0.05859473758224291,0.004320384827371731,0.0657296343164309
631,4,train,16,0.0013403267631856466,0.036610473408379286,0.004320384827371731,0.0657296343164309
631,5,train,16,0.007021479958030373,0.08379427163016796,0.004320384827371731,0.0657296343164309
631,6,train,16,0.005741418500302771,0.07577214857916312,0.004320384827371731,0.0657296343164309
631,7,train,8,0.006274306582533215,0.0792105206556125,0.004320384827371731,0.0657296343164309
631,-1,train,120,0.004320384827371731,0.0657296343164309,0.004320384827371731,0.0657296343164309
632,0,train,16,0.0021538095717645927,0.04640915396518873,0.00405996290163381,0.06371783817451601
632,1,train,16,0.0011870420075854495,0.03445347598698061,0.00405996290163381,0.06371783817451601
632,2,train,16,0.0025162339620820985,0.05016207693150373,0.00405996290163381,0.06371783817451601
632,3,train,16,0.006255790521711935,0.07909355550050796,0.00405996290163381,0.06371783817451601
632,4,train,16,0.010739618142028057,0.10363212890811448,0.00405996290163381,0.06371783817451601
632,5,train,16,0.004110382369564585,0.06411226380002959,0.00405996290163381,0.06371783817451601
632,6,train,16,0.003555459288327524,0.059627672169283316,0.00405996290163381,0.06371783817451601
632,7,train,8,0.001961367350006237,0.04428732719420125,0.00405996290163381,0.06371783817451601
632,-1,train,120,0.00405996290163381,0.06371783817451601,0.00405996290163381,0.06371783817451601
633,0,train,16,0.0012314711723918233,0.03509232355361815,0.004513338794737583,0.06718138726416405
633,1,train,16,0.006801019189531568,0.08246829202506602,0.004513338794737583,0.06718138726416405
633,2,train,16,0.0016014191846717644,0.04001773587638067,0.004513338794737583,0.06718138726416405
633,3,train,16,0.002652192374386983,0.05149944052499001,0.004513338794737583,0.06718138726416405
633,4,train,16,0.007063013207241307,0.08404173491332331,0.004513338794737583,0.06718138726416405
633,5,train,16,0.004466250581510823,0.06683001258050773,0.004513338794737583,0.06718138726416405
633,6,train,16,0.002469975556776368,0.049698848646385844,0.004513338794737583,0.06718138726416405
633,7,train,8,0.009821369091390026,0.09910282080440509,0.004513338794737583,0.06718138726416405
633,-1,train,120,0.004513338794737583,0.06718138726416405,0.004513338794737583,0.06718138726416405
634,0,train,16,0.0009437728832507759,0.03072088675886124,0.004484217217837934,0.06696429808366496
634,1,train,16,0.005380651370409032,0.07335292339374778,0.004484217217837934,0.06696429808366496
634,2,train,16,0.004418180858324355,0.06646939790854402,0.004484217217837934,0.06696429808366496
634,3,train,16,0.00255248087967217,0.0505220830892014,0.004484217217837934,0.06696429808366496
634,4,train,16,0.0019660247090205188,0.044339877187702256,0.004484217217837934,0.06696429808366496
634,5,train,16,0.004132079339136149,0.06428125184792335,0.004484217217837934,0.06696429808366496
634,6,train,16,0.006843342343175271,0.08272449663295191,0.004484217217837934,0.06696429808366496
634,7,train,8,0.009637205359715201,0.09816926891708627,0.004484217217837934,0.06696429808366496
634,-1,train,120,0.004484217217837934,0.06696429808366496,0.004484217217837934,0.06696429808366496
635,0,train,16,0.006124654286666679,0.07826017049985695,0.0041533779959693545,0.06444670663400384
635,1,train,16,0.006380966807970091,0.07988095397508778,0.0041533779959693545,0.06444670663400384
635,2,train,16,0.0016442977565238749,0.040549941510733094,0.0041533779959693545,0.06444670663400384
635,3,train,16,0.0013547651437684353,0.03680713441397517,0.0041533779959693545,0.06444670663400384
635,4,train,16,0.0012832960436766907,0.03582312163500957,0.0041533779959693545,0.06444670663400384
635,5,train,16,0.006395764255031333,0.07997352221223805,0.0041533779959693545,0.06444670663400384
635,6,train,16,0.005538363027353015,0.07442017889895867,0.0041533779959693545,0.06444670663400384
635,7,train,8,0.0045049166467647185,0.06711867584186028,0.0041533779959693545,0.06444670663400384
635,-1,train,120,0.0041533779959693545,0.06444670663400384,0.0041533779959693545,0.06444670663400384
636,0,train,16,0.004976211750468184,0.07054226924665936,0.004069430779060281,0.06379209025467249
636,1,train,16,0.004076794707736346,0.06384978236248222,0.004069430779060281,0.06379209025467249
636,2,train,16,0.004385527859379512,0.06622331809400306,0.004069430779060281,0.06379209025467249
636,3,train,16,0.006538304078648744,0.08085978035246413,0.004069430779060281,0.06379209025467249
636,4,train,16,0.0006438048412776703,0.02537330962404531,0.004069430779060281,0.06379209025467249
636,5,train,16,0.004469460642965389,0.06685402488231647,0.004069430779060281,0.06379209025467249
636,6,train,16,0.004095952255309995,0.06399962699352235,0.004069430779060281,0.06379209025467249
636,7,train,8,0.003369390096696405,0.05804644775260933,0.004069430779060281,0.06379209025467249
636,-1,train,120,0.004069430779060281,0.06379209025467249,0.004069430779060281,0.06379209025467249
637,0,train,16,0.0070981950688215585,0.08425078675491142,0.004077521923364683,0.06385547684705427
637,1,train,16,0.00286249383300309,0.053502278764582446,0.004077521923364683,0.06385547684705427
637,2,train,16,0.004856933483782654,0.06969170312011792,0.004077521923364683,0.06385547684705427
637,3,train,16,0.0008175370477685143,0.028592604774110984,0.004077521923364683,0.06385547684705427
637,4,train,16,0.006221044648583458,0.07887359918618814,0.004077521923364683,0.06385547684705427
637,5,train,16,0.0039538131168465355,0.06287935366117034,0.004077521923364683,0.06385547684705427
637,6,train,16,0.0031387237237736195,0.056024313684092726,0.004077521923364683,0.06385547684705427
637,7,train,8,0.00367143446433803,0.06059236308593708,0.004077521923364683,0.06385547684705427
637,-1,train,120,0.004077521923364683,0.06385547684705427,0.004077521923364683,0.06385547684705427
638,0,train,16,0.0023917685110306937,0.04890571041331159,0.004251885209832501,0.06520648134834835
638,1,train,16,0.0072418992411693184,0.0850993492405748,0.004251885209832501,0.06520648134834835
638,2,train,16,0.0035071551457747465,0.059221238975343524,0.004251885209832501,0.06520648134834835
638,3,train,16,0.0014430777548955968,0.03798786325783008,0.004251885209832501,0.06520648134834835
638,4,train,16,0.0034317374433059274,0.05858103313621165,0.004251885209832501,0.06520648134834835
638,5,train,16,0.0032951860737617605,0.057403711323935847,0.004251885209832501,0.06520648134834835
638,6,train,16,0.006047446445950224,0.0777653293309443,0.004251885209832501,0.06520648134834835
638,7,train,8,0.0066568110627717395,0.08158928276907292,0.004251885209832501,0.06520648134834835
638,-1,train,120,0.004251885209832501,0.06520648134834835,0.004251885209832501,0.06520648134834835
639,0,train,16,0.003249516457215802,0.05700453014643487,0.0041480391076437915,0.06440527235905297
639,1,train,16,0.004871089714262838,0.06979319246361237,0.0041480391076437915,0.06440527235905297
639,2,train,16,0.0019018876504184362,0.043610636895354285,0.0041480391076437915,0.06440527235905297
639,3,train,16,0.004752905731891839,0.06894132093231053,0.0041480391076437915,0.06440527235905297
639,4,train,16,0.006111997636238438,0.07817926602519647,0.0041480391076437915,0.06440527235905297
639,5,train,16,0.003954216676861482,0.06288256258185954,0.0041480391076437915,0.06440527235905297
639,6,train,16,0.003047757974121353,0.055206503005727076,0.0041480391076437915,0.06440527235905297
639,7,train,8,0.005294941020140144,0.07276634538122788,0.0041480391076437915,0.06440527235905297
639,-1,train,120,0.0041480391076437915,0.06440527235905297,0.0041480391076437915,0.06440527235905297
640,0,train,16,0.004688373105055511,0.06847169564904546,0.004046075552227266,0.06360876946009304
640,1,train,16,0.006789312022406052,0.08239728164451818,0.004046075552227266,0.06360876946009304
640,2,train,16,0.006721436452494062,0.08198436712260491,0.004046075552227266,0.06360876946009304
640,3,train,16,0.004203380415918463,0.06483348221342475,0.004046075552227266,0.06360876946009304
640,4,train,16,0.003560213618008326,0.059667525656828826,0.004046075552227266,0.06360876946009304
640,5,train,16,0.0007834076050663994,0.027989419519997186,0.004046075552227266,0.06360876946009304
640,6,train,16,0.0019833399354779587,0.04453470484327878,0.004046075552227266,0.06360876946009304
640,7,train,8,0.0036391412633913606,0.060325295385860817,0.004046075552227266,0.06360876946009304
640,-1,train,120,0.004046075552227266,0.06360876946009304,0.004046075552227266,0.06360876946009304
641,0,train,16,0.0036149706854130873,0.06012462628086005,0.003944819602700843,0.06280779890030252
641,1,train,16,0.00454757547932684,0.06743571367848672,0.003944819602700843,0.06280779890030252
641,2,train,16,0.00405858946585967,0.06370705978037026,0.003944819602700843,0.06280779890030252
641,3,train,16,0.0037938755075651227,0.06159444380433289,0.003944819602700843,0.06280779890030252
641,4,train,16,0.0024023577700785833,0.04901385283854538,0.003944819602700843,0.06280779890030252
641,5,train,16,0.004425503186377124,0.06652445555115144,0.003944819602700843,0.06280779890030252
641,6,train,16,0.006237096466295741,0.07897529022609376,0.003944819602700843,0.06280779890030252
641,7,train,8,0.0024785882606905736,0.04978542217045642,0.003944819602700843,0.06280779890030252
641,-1,train,120,0.003944819602700843,0.06280779890030252,0.003944819602700843,0.06280779890030252
642,0,train,16,0.005686993861663134,0.07541215990583437,0.0039306667837583536,0.06269502997653285
642,1,train,16,0.0019183556456425128,0.043799037040128094,0.0039306667837583536,0.06269502997653285
642,2,train,16,0.00514284351984908,0.07171362157811499,0.0039306667837583536,0.06269502997653285
642,3,train,16,0.0038722290343029195,0.062227237077528356,0.0039306667837583536,0.06269502997653285
642,4,train,16,0.0014064020025813637,0.037502026646320914,0.0039306667837583536,0.06269502997653285
642,5,train,16,0.004729435819119831,0.06877089369144355,0.0039306667837583536,0.06269502997653285
642,6,train,16,0.006227748724444551,0.07891608660117752,0.0039306667837583536,0.06269502997653285
642,7,train,8,0.0024613256624634343,0.04961174923809313,0.0039306667837583536,0.06269502997653285
642,-1,train,120,0.0039306667837583536,0.06269502997653285,0.0039306667837583536,0.06269502997653285
643,0,train,16,0.007700296381123291,0.08775133264585382,0.0038146306045482962,0.061762695897671895
643,1,train,16,0.005019205535987556,0.07084635160675218,0.0038146306045482962,0.061762695897671895
643,2,train,16,0.002999755711536055,0.05477002566674636,0.0038146306045482962,0.061762695897671895
643,3,train,16,0.0061120809455248205,0.07817979883272162,0.0038146306045482962,0.061762695897671895
643,4,train,16,0.003229928998221206,0.05683246429833222,0.0038146306045482962,0.061762695897671895
643,5,train,16,0.002975137887597562,0.05454482457206698,0.0038146306045482962,0.061762695897671895
643,6,train,16,0.0016584115057780263,0.040723598880477475,0.0038146306045482962,0.061762695897671895
643,7,train,8,0.0008222278706178547,0.02867451604853785,0.0038146306045482962,0.061762695897671895
643,-1,train,120,0.0038146306045482962,0.061762695897671895,0.0038146306045482962,0.061762695897671895
644,0,train,16,0.0011253333796714406,0.03354598902508973,0.004201594808507213,0.0648197100310331
644,1,train,16,0.002766407195249828,0.052596646235761345,0.004201594808507213,0.0648197100310331
644,2,train,16,0.004159681433520921,0.06449559235731478,0.004201594808507213,0.0648197100310331
644,3,train,16,0.005296283760881549,0.07277557118210444,0.004201594808507213,0.0648197100310331
644,4,train,16,0.004938651576198805,0.07027554038354174,0.004201594808507213,0.0648197100310331
644,5,train,16,0.0017356029892119339,0.04166056875766261,0.004201594808507213,0.0648197100310331
644,6,train,16,0.006758254688416574,0.08220860471031347,0.004201594808507213,0.0648197100310331
644,7,train,8,0.006832543444906652,0.0826592006065063,0.004201594808507213,0.0648197100310331
644,-1,train,120,0.004201594808507213,0.0648197100310331,0.004201594808507213,0.0648197100310331
645,0,train,16,0.0037663389695642853,0.06137050569747886,0.003814354123054225,0.06176045760075151
645,1,train,16,0.004846880916602534,0.06961954407063102,0.003814354123054225,0.06176045760075151
645,2,train,16,0.0037268152508052148,0.06104764738141196,0.003814354123054225,0.06176045760075151
645,3,train,16,0.0044259105355505795,0.0665275171305121,0.003814354123054225,0.06176045760075151
645,4,train,16,0.006642307485340627,0.08150035267003836,0.003814354123054225,0.06176045760075151
645,5,train,16,0.0028514116127177874,0.053398610587896266,0.003814354123054225,0.06176045760075151
645,6,train,16,0.0032547196843787734,0.05705015060785355,0.003814354123054225,0.06176045760075151
645,7,train,8,0.0010004485294740004,0.031629867680311285,0.003814354123054225,0.06176045760075151
645,-1,train,120,0.003814354123054225,0.06176045760075151,0.003814354123054225,0.06176045760075151
646,0,train,16,0.0035742868328722797,0.059785339614928004,0.004066790733159277,0.06377139431719583
646,1,train,16,0.0028982645144044897,0.053835532080629515,0.004066790733159277,0.06377139431719583
646,2,train,16,0.003203253387172341,0.056597291341303084,0.004066790733159277,0.06377139431719583
646,3,train,16,0.0031967964561232425,0.056540219809647387,0.004066790733159277,0.06377139431719583
646,4,train,16,0.006653250012181472,0.08156745682060629,0.004066790733159277,0.06377139431719583
646,5,train,16,0.0035489736694296497,0.05957326304165023,0.004066790733159277,0.06377139431719583
646,6,train,16,0.004033342316746034,0.06350860033685228,0.004066790733159277,0.06377139431719583
646,7,train,8,0.00542615867634471,0.07366246450088886,0.004066790733159277,0.06377139431719583
646,-1,train,120,0.004066790733159277,0.06377139431719583,0.004066790733159277,0.06377139431719583
647,0,train,16,0.003836999254174164,0.061943516643585585,0.003973821666806275,0.06303825558187881
647,1,train,16,0.0037536488462925734,0.061267029031058566,0.003973821666806275,0.06303825558187881
647,2,train,16,0.0028146301547135556,0.05305308807895687,0.003973821666806275,0.06303825558187881
647,3,train,16,0.003019122510334861,0.05494654229644356,0.003973821666806275,0.06303825558187881
647,4,train,16,0.005322707543946534,0.07295688825564406,0.003973821666806275,0.06303825558187881
647,5,train,16,0.00460968327488059,0.06789464835228613,0.003973821666806275,0.06303825558187881
647,6,train,16,0.004342729214544816,0.06589938705742882,0.003973821666806275,0.06303825558187881
647,7,train,8,0.004091052535563103,0.06396133625529647,0.003973821666806275,0.06303825558187881
647,-1,train,120,0.003973821666806275,0.06303825558187881,0.003973821666806275,0.06303825558187881
648,0,train,16,0.005664315509991672,0.0752616470055743,0.004340638775115813,0.06588352430703608
648,1,train,16,0.0026567676330052498,0.05154384185337032,0.004340638775115813,0.06588352430703608
648,2,train,16,0.007026210899089566,0.08382249637829672,0.004340638775115813,0.06588352430703608
648,3,train,16,0.0029037877486661695,0.05388680495878531,0.004340638775115813,0.06588352430703608
648,4,train,16,0.0012704575929085005,0.035643478967526454,0.004340638775115813,0.06588352430703608
648,5,train,16,0.0011766063058232588,0.0343016953782646,0.004340638775115813,0.06588352430703608
648,6,train,16,0.004048322241252128,0.06362642722369477,0.004340638775115813,0.06588352430703608
648,7,train,8,0.00997864227018996,0.09989315427090066,0.004340638775115813,0.06588352430703608
648,-1,train,120,0.004340638775115813,0.06588352430703608,0.004340638775115813,0.06588352430703608
649,0,train,16,0.001651856152359724,0.040643033257370495,0.0042083170577242,0.0648715427419774
649,1,train,16,0.000517304417313544,0.02274432714576415,0.0042083170577242,0.0648715427419774
649,2,train,16,0.005853630397917057,0.07650902167664318,0.0042083170577242,0.0648715427419774
649,3,train,16,0.0040631947232025204,0.06374319354411513,0.0042083170577242,0.0648715427419774
649,4,train,16,0.008888339982308823,0.09427799309652717,0.0042083170577242,0.0648715427419774
649,5,train,16,0.0012744944751354012,0.035700062676911386,0.0042083170577242,0.0648715427419774
649,6,train,16,0.0031760353847104855,0.05635632515264356,0.0042083170577242,0.0648715427419774
649,7,train,8,0.008241680928846043,0.09078370409300363,0.0042083170577242,0.0648715427419774
649,-1,train,120,0.0042083170577242,0.0648715427419774,0.0042083170577242,0.0648715427419774
650,0,train,16,0.0037332075920809816,0.06109998029525854,0.004067841546564398,0.06377963269386551
650,1,train,16,0.003405759933062773,0.05835888906638622,0.004067841546564398,0.06377963269386551
650,2,train,16,0.004069721093826215,0.06379436569028817,0.004067841546564398,0.06377963269386551
650,3,train,16,0.004619129424734659,0.06796417751091129,0.004067841546564398,0.06377963269386551
650,4,train,16,0.0036172157640650448,0.06014329359176337,0.004067841546564398,0.06377963269386551
650,5,train,16,0.002585570864352077,0.05084850896881911,0.004067841546564398,0.06377963269386551
650,6,train,16,0.004386312281280993,0.06622924037976725,0.004067841546564398,0.06377963269386551
650,7,train,8,0.006125815419112436,0.07826758856073461,0.004067841546564398,0.06377963269386551
650,-1,train,120,0.004067841546564398,0.06377963269386551,0.004067841546564398,0.06377963269386551
651,0,train,16,0.0049127542962406606,0.07009104291020829,0.0038384633380833468,0.06195533341112246
651,1,train,16,0.004207085875694274,0.06486205266328128,0.0038384633380833468,0.06195533341112246
651,2,train,16,0.0034161932728104063,0.05844821017627833,0.0038384633380833468,0.06195533341112246
651,3,train,16,0.003789386531040286,0.061557993234350045,0.0038384633380833468,0.06195533341112246
651,4,train,16,0.005945408248815137,0.07710647345596307,0.0038384633380833468,0.06195533341112246
651,5,train,16,0.002377615329212838,0.048760797052681965,0.0038384633380833468,0.06195533341112246
651,6,train,16,0.003692010929501275,0.06076192006101581,0.0038384633380833468,0.06195533341112246
651,7,train,8,0.002367252221351898,0.04865441625743647,0.0038384633380833468,0.06195533341112246
651,-1,train,120,0.0038384633380833468,0.06195533341112246,0.0038384633380833468,0.06195533341112246
652,0,train,16,0.004399499468766675,0.06632872280367438,0.0038157994862928622,0.06177215785686026
652,1,train,16,0.005159800022171287,0.07183174800999408,0.0038157994862928622,0.06177215785686026
652,2,train,16,0.002752032125922,0.05245981439084588,0.0038157994862928622,0.06177215785686026
652,3,train,16,0.004868880259735327,0.06977736208639107,0.0038157994862928622,0.06177215785686026
652,4,train,16,0.004483806928800665,0.06696123452267487,0.0038157994862928622,0.06177215785686026
652,5,train,16,0.0019284243544335194,0.04391382873803558,0.0038157994862928622,0.06177215785686026
652,6,train,16,0.004314111981485012,0.06568189995337385,0.0038157994862928622,0.06177215785686026
652,7,train,8,0.0026198407490284114,0.051184379932049696,0.0038157994862928622,0.06177215785686026
652,-1,train,120,0.0038157994862928622,0.06177215785686026,0.0038157994862928622,0.06177215785686026
653,0,train,16,0.00892067149743904,0.0944493064952784,0.004347213693593765,0.0659334034734577
653,1,train,16,0.004336815535020848,0.065854502769521,0.004347213693593765,0.0659334034734577
653,2,train,16,0.0010499531689397521,0.03240298086503388,0.004347213693593765,0.0659334034734577
653,3,train,16,0.0018997831003378291,0.043586501354637645,0.004347213693593765,0.0659334034734577
653,4,train,16,0.0012343259771070187,0.03513297563695707,0.004347213693593765,0.0659334034734577
653,5,train,16,0.0036409524553429108,0.0603403053965002,0.004347213693593765,0.0659334034734577
653,6,train,16,0.002890944684799392,0.053767505845067724,0.004347213693593765,0.0659334034734577
653,7,train,8,0.010804263129763325,0.10394355742307132,0.004347213693593765,0.0659334034734577
653,-1,train,120,0.004347213693593765,0.0659334034734577,0.004347213693593765,0.0659334034734577
654,0,train,16,0.0029382022913987398,0.05420518694183002,0.0037351895107306287,0.06111619679537192
654,1,train,16,0.004165212306106913,0.06453845602512438,0.0037351895107306287,0.06111619679537192
654,2,train,16,0.002739982178433648,0.05234483908117063,0.0037351895107306287,0.06111619679537192
654,3,train,16,0.002715257733446338,0.05210813500257266,0.0037351895107306287,0.06111619679537192
654,4,train,16,0.0070156085950454,0.08375922990957713,0.0037351895107306287,0.06111619679537192
654,5,train,16,0.005261507499864199,0.07253624955747436,0.0037351895107306287,0.06111619679537192
654,6,train,16,0.0035679307694850156,0.05973215858718832,0.0037351895107306287,0.06111619679537192
654,7,train,8,0.0014778147120647759,0.038442355703894836,0.0037351895107306287,0.06111619679537192
654,-1,train,120,0.0037351895107306287,0.06111619679537192,0.0037351895107306287,0.06111619679537192
655,0,train,16,0.0033743699516868967,0.05808932734751623,0.0038550342881273547,0.06208892242684966
655,1,train,16,0.003020421326317751,0.05495835993111286,0.0038550342881273547,0.06208892242684966
655,2,train,16,0.005140494658790172,0.071697243034793,0.0038550342881273547,0.06208892242684966
655,3,train,16,0.0018231663100534059,0.04269855161540501,0.0038550342881273547,0.06208892242684966
655,4,train,16,0.0039719545699894564,0.06302344460587232,0.0038550342881273547,0.06208892242684966
655,5,train,16,0.0037648926741588305,0.061358721255896705,0.0038550342881273547,0.06208892242684966
655,6,train,16,0.006029078925647342,0.07764714370565953,0.0038550342881273547,0.06208892242684966
655,7,train,8,0.003715895888374983,0.0609581486626274,0.0038550342881273547,0.06208892242684966
655,-1,train,120,0.0038550342881273547,0.06208892242684966,0.0038550342881273547,0.06208892242684966
656,0,train,16,0.004161171981080937,0.06450714674422468,0.003925193986083628,0.06265136858907097
656,1,train,16,0.0031058827989627496,0.05573044768313592,0.003925193986083628,0.06265136858907097
656,2,train,16,0.004336093059814217,0.06584901715146717,0.003925193986083628,0.06265136858907097
656,3,train,16,0.0019748877514379143,0.04443970917364238,0.003925193986083628,0.06265136858907097
656,4,train,16,0.002564078346867999,0.05063672922758735,0.003925193986083628,0.06265136858907097
656,5,train,16,0.0063690795366480825,0.07980651312172511,0.003925193986083628,0.06265136858907097
656,6,train,16,0.0037250420243642515,0.06103312235470386,0.003925193986083628,0.06265136858907097
656,7,train,8,0.005165316389492876,0.07187013558838522,0.003925193986083628,0.06265136858907097
656,-1,train,120,0.003925193986083628,0.06265136858907097,0.003925193986083628,0.06265136858907097
657,0,train,16,0.0022257819453836074,0.047178193536671235,0.0039636518426628894,0.06295753999850129
657,1,train,16,0.004414090304399242,0.06643862057869084,0.0039636518426628894,0.06295753999850129
657,2,train,16,0.004983099290365519,0.07059107089686004,0.0039636518426628894,0.06295753999850129
657,3,train,16,0.0021243239984254703,0.04609038943668702,0.0039636518426628894,0.06295753999850129
657,4,train,16,0.003939612889233757,0.0627663356364999,0.0039636518426628894,0.06295753999850129
657,5,train,16,0.005119482046087106,0.07155055587545849,0.0039636518426628894,0.06295753999850129
657,6,train,16,0.0031050173403115093,0.05572268245796777,0.0039636518426628894,0.06295753999850129
657,7,train,8,0.0057978069270969,0.07614333146833609,0.0039636518426628894,0.06295753999850129
657,-1,train,120,0.0039636518426628894,0.06295753999850129,0.0039636518426628894,0.06295753999850129
658,0,train,16,0.0034340041723172933,0.058600376895693196,0.003938004171279448,0.06275351919438023
658,1,train,16,0.005660335890503527,0.0752352037978467,0.003938004171279448,0.06275351919438023
658,2,train,16,0.0028340452406750336,0.05323575152728694,0.003938004171279448,0.06275351919438023
658,3,train,16,0.003474030037944402,0.0589409029278005,0.003938004171279448,0.06275351919438023
658,4,train,16,0.0045390056828595446,0.06737214322596205,0.003938004171279448,0.06275351919438023
658,5,train,16,0.0018426706183170822,0.042926339446976866,0.003938004171279448,0.06275351919438023
658,6,train,16,0.004101072699496532,0.06403961820230139,0.003938004171279448,0.06275351919438023
658,7,train,8,0.005618869028122171,0.07495911571064703,0.003938004171279448,0.06275351919438023
658,-1,train,120,0.003938004171279448,0.06275351919438023,0.003938004171279448,0.06275351919438023
659,0,train,16,0.0019790218418350826,0.04448619832976383,0.004018858365520506,0.06339446636355973
659,1,train,16,0.003779540112756812,0.06147796444870969,0.004018858365520506,0.06339446636355973
659,2,train,16,0.0023988476230837443,0.04897803204584423,0.004018858365520506,0.06339446636355973
659,3,train,16,0.005241922383065142,0.0724011214213229,0.004018858365520506,0.06339446636355973
659,4,train,16,0.0029181446672181194,0.05401985437983075,0.004018858365520506,0.06339446636355973
659,5,train,16,0.003067767095959471,0.05538742723723021,0.004018858365520506,0.06339446636355973
659,6,train,16,0.005841615738302312,0.076430463418079,0.004018858365520506,0.06339446636355973
659,7,train,8,0.006924007461943361,0.08321062108855673,0.004018858365520506,0.06339446636355973
659,-1,train,120,0.004018858365520506,0.06339446636355973,0.004018858365520506,0.06339446636355973
660,0,train,16,0.004080307229300877,0.06387728257605263,0.0037622390113686054,0.061337093274531726
660,1,train,16,0.0031110135179895125,0.055776460249728224,0.0037622390113686054,0.061337093274531726
660,2,train,16,0.005925381310843128,0.07697649843194433,0.0037622390113686054,0.061337093274531726
660,3,train,16,0.0034114238666349958,0.05840739565016571,0.0037622390113686054,0.061337093274531726
660,4,train,16,0.0026831406702216773,0.05179904120948261,0.0037622390113686054,0.061337093274531726
660,5,train,16,0.002770770795388052,0.05263811162444994,0.0037622390113686054,0.061337093274531726
660,6,train,16,0.004820330609146488,0.0694286008007254,0.0037622390113686054,0.061337093274531726
660,7,train,8,0.0032955440914241114,0.05740682965836131,0.0037622390113686054,0.061337093274531726
660,-1,train,120,0.0037622390113686054,0.061337093274531726,0.0037622390113686054,0.061337093274531726
661,0,train,16,0.002714241278892,0.052098380770346404,0.0036303786010127423,0.06025262318781434
661,1,train,16,0.005254999781570342,0.07249137729116713,0.0036303786010127423,0.06025262318781434
661,2,train,16,0.0037961994230143667,0.06161330556798886,0.0036303786010127423,0.06025262318781434
661,3,train,16,0.005886041954535263,0.07672054454013777,0.0036303786010127423,0.06025262318781434
661,4,train,16,0.0018773909867438015,0.0433288701300161,0.0036303786010127423,0.06025262318781434
661,5,train,16,0.0023076072480046747,0.048037560804069505,0.0036303786010127423,0.06025262318781434
661,6,train,16,0.0060003455461253696,0.07746189738268337,0.0036303786010127423,0.06025262318781434
661,7,train,8,0.0012062025892161246,0.03473042742633791,0.0036303786010127423,0.06025262318781434
661,-1,train,120,0.0036303786010127423,0.06025262318781434,0.0036303786010127423,0.06025262318781434
662,0,train,16,0.0018821737595391523,0.04338402654824875,0.003695006490504627,0.060786565049397445
662,1,train,16,0.002402997988856222,0.049020383401766884,0.003695006490504627,0.060786565049397445
662,2,train,16,0.0013375292151620714,0.03657224651511131,0.003695006490504627,0.060786565049397445
662,3,train,16,0.0068627302012989,0.08284159704700833,0.003695006490504627,0.060786565049397445
662,4,train,16,0.0030825251212081664,0.05552049280408241,0.003695006490504627,0.060786565049397445
662,5,train,16,0.005803515415756881,0.07618080739764367,0.003695006490504627,0.060786565049397445
662,6,train,16,0.005735049502225382,0.07573010961450789,0.003695006490504627,0.060786565049397445
662,7,train,8,0.0024535307199902425,0.04953312750059542,0.003695006490504627,0.060786565049397445
662,-1,train,120,0.003695006490504627,0.060786565049397445,0.003695006490504627,0.060786565049397445
663,0,train,16,0.0028119208647432656,0.05302754816831781,0.003722813239140647,0.06101486080571394
663,1,train,16,0.006864976784768174,0.08285515545075137,0.003722813239140647,0.06101486080571394
663,2,train,16,0.00665344554004853,0.0815686553772252,0.003722813239140647,0.06101486080571394
663,3,train,16,0.0017483951268833335,0.041813815024263616,0.003722813239140647,0.06101486080571394
663,4,train,16,0.0024007402003730595,0.04899734891168153,0.003722813239140647,0.06101486080571394
663,5,train,16,0.0023339972210038975,0.04831146055548204,0.003722813239140647,0.06101486080571394
663,6,train,16,0.0038291504375086065,0.0618801295854219,0.003722813239140647,0.06101486080571394
663,7,train,8,0.003139879737796313,0.0560346298086845,0.003722813239140647,0.06101486080571394
663,-1,train,120,0.003722813239140647,0.06101486080571394,0.003722813239140647,0.06101486080571394
664,0,train,16,0.007862434149831163,0.08867036793558017,0.0035347587409310563,0.05945383705809959
664,1,train,16,0.004240366298172861,0.0651180950133898,0.0035347587409310563,0.05945383705809959
664,2,train,16,0.0020203628612879675,0.04494844670606502,0.0035347587409310563,0.05945383705809959
664,3,train,16,0.004411988588489746,0.06642280172116911,0.0035347587409310563,0.05945383705809959
664,4,train,16,0.003378505865942418,0.05812491605105695,0.0035347587409310563,0.05945383705809959
664,5,train,16,0.0017359316182270137,0.04166451269638244,0.0035347587409310563,0.05945383705809959
664,6,train,16,0.004307803742070906,0.06563386124608933,0.0035347587409310563,0.05945383705809959
664,7,train,8,0.0003206768034263725,0.017907451058885308,0.0035347587409310563,0.05945383705809959
664,-1,train,120,0.0035347587409310563,0.05945383705809959,0.0035347587409310563,0.05945383705809959
665,0,train,16,0.006860969758212379,0.08283097100850852,0.003774950427188315,0.06144062521807794
665,1,train,16,0.002841136912020265,0.053302316197518705,0.003774950427188315,0.06144062521807794
665,2,train,16,0.0017660437711607177,0.04202432356577221,0.003774950427188315,0.06144062521807794
665,3,train,16,0.00324496945637637,0.05696463338226948,0.003774950427188315,0.06144062521807794
665,4,train,16,0.005251091881137167,0.07246441803490294,0.003774950427188315,0.06144062521807794
665,5,train,16,0.003417119894279731,0.05845613649805922,0.003774950427188315,0.06144062521807794
665,6,train,16,0.002402860424116759,0.049018980243541975,0.003774950427188315,0.06144062521807794
665,7,train,8,0.004415411320203138,0.06644856146075051,0.003774950427188315,0.06144062521807794
665,-1,train,120,0.003774950427188315,0.06144062521807794,0.003774950427188315,0.06144062521807794
666,0,train,16,0.002511052870869223,0.050110406812050756,0.003689526186256936,0.06074147006993604
666,1,train,16,0.0008400189205900273,0.028983079901729342,0.003689526186256936,0.06074147006993604
666,2,train,16,0.002428419442206093,0.049278995953713316,0.003689526186256936,0.06074147006993604
666,3,train,16,0.0050898224360252245,0.07134299149899186,0.003689526186256936,0.06074147006993604
666,4,train,16,0.005811706161767468,0.07623454703589094,0.003689526186256936,0.06074147006993604
666,5,train,16,0.007054697643899252,0.0839922475226092,0.003689526186256936,0.06074147006993604
666,6,train,16,0.0026111380664615323,0.05109929614448258,0.003689526186256936,0.06074147006993604
666,7,train,8,0.003169353948236665,0.05629701544697254,0.003689526186256936,0.06074147006993604
666,-1,train,120,0.003689526186256936,0.06074147006993604,0.003689526186256936,0.06074147006993604
667,0,train,16,0.003263661435305783,0.0571284643177618,0.0037592137957706004,0.061312427743244684
667,1,train,16,0.00679053217389271,0.08240468538798452,0.0037592137957706004,0.061312427743244684
667,2,train,16,0.004373042063846068,0.0661289805141896,0.0037592137957706004,0.061312427743244684
667,3,train,16,0.0016495230399033282,0.04061432062589904,0.0037592137957706004,0.061312427743244684
667,4,train,16,0.004299331029746853,0.06556928419425405,0.0037592137957706004,0.061312427743244684
667,5,train,16,0.003536514540539731,0.059468601299675204,0.0037592137957706004,0.061312427743244684
667,6,train,16,0.00186088234797515,0.043137945569708694,0.0037592137957706004,0.061312427743244684
667,7,train,8,0.004300223734955181,0.0655760911838696,0.0037592137957706004,0.061312427743244684
667,-1,train,120,0.0037592137957706004,0.061312427743244684,0.0037592137957706004,0.061312427743244684
668,0,train,16,0.0025325048198419327,0.0503239984484732,0.003678804451914944,0.06065314873866767
668,1,train,16,0.0049743858755335515,0.07052932635105451,0.003678804451914944,0.06065314873866767
668,2,train,16,0.007933832207456297,0.08907206187944847,0.003678804451914944,0.06065314873866767
668,3,train,16,0.0011509721835364817,0.0339259809517202,0.003678804451914944,0.06065314873866767
668,4,train,16,0.0027384472796314913,0.05233017561246562,0.003678804451914944,0.06065314873866767
668,5,train,16,0.0039052192990709964,0.062491753848575866,0.003678804451914944,0.06065314873866767
668,6,train,16,0.002853376395341508,0.05341700473951631,0.003678804451914944,0.06065314873866767
668,7,train,8,0.0033416975549072996,0.05780741781905934,0.003678804451914944,0.06065314873866767
668,-1,train,120,0.003678804451914944,0.06065314873866767,0.003678804451914944,0.06065314873866767
669,0,train,16,0.005224297759445705,0.07227930381129653,0.003557927565533118,0.05964836599214699
669,1,train,16,0.009707337027661946,0.09852581909155562,0.003557927565533118,0.05964836599214699
669,2,train,16,0.0008933920585104099,0.029889664744028325,0.003557927565533118,0.05964836599214699
669,3,train,16,0.004637415509169815,0.06809857200536451,0.003557927565533118,0.05964836599214699
669,4,train,16,0.0014678388328181787,0.03831238484900384,0.003557927565533118,0.05964836599214699
669,5,train,16,0.002799127133502273,0.05290677776525681,0.003557927565533118,0.05964836599214699
669,6,train,16,0.002246645775861959,0.04739879508871464,0.003557927565533118,0.05964836599214699
669,7,train,8,0.0014873664272946556,0.03856638986597858,0.003557927565533118,0.05964836599214699
669,-1,train,120,0.003557927565533118,0.05964836599214699,0.003557927565533118,0.05964836599214699
670,0,train,16,0.005564278014338802,0.07459408833371986,0.0035458672708684165,0.05954718524723412
670,1,train,16,0.0006498584247787433,0.025492320898238028,0.0035458672708684165,0.05954718524723412
670,2,train,16,0.0016967595835204337,0.04119174169078595,0.0035458672708684165,0.05954718524723412
670,3,train,16,0.007528349262871976,0.0867660605471516,0.0035458672708684165,0.05954718524723412
670,4,train,16,0.0018671933348613843,0.043211032559537205,0.0035458672708684165,0.05954718524723412
670,5,train,16,0.004903891316079155,0.07002778959869542,0.0035458672708684165,0.05954718524723412
670,6,train,16,0.004419222294627799,0.0664772314001403,0.0035458672708684165,0.05954718524723412
670,7,train,8,0.0017373859358690413,0.04168196175648456,0.0035458672708684165,0.05954718524723412
670,-1,train,120,0.0035458672708684165,0.05954718524723412,0.0035458672708684165,0.05954718524723412
671,0,train,16,0.004627972139470868,0.06802920063818822,0.003947657626891204,0.0628303877665195
671,1,train,16,0.005072473848908489,0.07122130193213606,0.003947657626891204,0.0628303877665195
671,2,train,16,0.002123001443248164,0.04607603979562658,0.003947657626891204,0.0628303877665195
671,3,train,16,0.002298745885870546,0.047945238406650416,0.003947657626891204,0.0628303877665195
671,4,train,16,0.0027536108016849906,0.052474858758123306,0.003947657626891204,0.0628303877665195
671,5,train,16,0.004226063598767997,0.0650081810141462,0.003947657626891204,0.0628303877665195
671,6,train,16,0.002611890667621752,0.05110665971888353,0.003947657626891204,0.0628303877665195
671,7,train,8,0.00786750262955683,0.08869894379053693,0.003947657626891204,0.0628303877665195
671,-1,train,120,0.003947657626891204,0.0628303877665195,0.003947657626891204,0.0628303877665195
672,0,train,16,0.0020003372334213764,0.04472512977534416,0.003744238105813326,0.06119017981517399
672,1,train,16,0.0031443302716533095,0.05607432809809949,0.003744238105813326,0.06119017981517399
672,2,train,16,0.007369212267187333,0.08584411608949873,0.003744238105813326,0.06119017981517399
672,3,train,16,0.0014083494164572343,0.037527981779696525,0.003744238105813326,0.06119017981517399
672,4,train,16,0.00324563017329839,0.0569704324478794,0.003744238105813326,0.06119017981517399
672,5,train,16,0.001569122900394226,0.03961215596750858,0.003744238105813326,0.06119017981517399
672,6,train,16,0.006021639828652804,0.07759922569621944,0.003744238105813326,0.06119017981517399
672,7,train,8,0.005195282755441933,0.07207830988197443,0.003744238105813326,0.06119017981517399
672,-1,train,120,0.003744238105813326,0.06119017981517399,0.003744238105813326,0.06119017981517399
673,0,train,16,0.0027450495402226724,0.05239322036506892,0.0034884175533691124,0.059062827170472565
673,1,train,16,0.0034327624325517165,0.05858978095667978,0.0034884175533691124,0.059062827170472565
673,2,train,16,0.0064282955920353865,0.08017665241225394,0.0034884175533691124,0.059062827170472565
673,3,train,16,0.005521846965067986,0.07430913110155431,0.0034884175533691124,0.059062827170472565
673,4,train,16,0.0028396659256863786,0.05328851588932064,0.0034884175533691124,0.059062827170472565
673,5,train,16,0.001857902855934821,0.043103397266744774,0.0034884175533691124,0.059062827170472565
673,6,train,16,0.0038106126866049193,0.06173016026712485,0.0034884175533691124,0.059062827170472565
673,7,train,8,0.0012712044288490172,0.03565395390204314,0.0034884175533691124,0.059062827170472565
673,-1,train,120,0.0034884175533691124,0.059062827170472565,0.0034884175533691124,0.059062827170472565
674,0,train,16,0.00252978513304722,0.050296969422095605,0.003916994987607295,0.06258590086918374
674,1,train,16,0.001818015240348052,0.042638189928138975,0.003916994987607295,0.06258590086918374
674,2,train,16,0.0007938544524286092,0.028175422843829855,0.003916994987607295,0.06258590086918374
674,3,train,16,0.003923386459550442,0.06263694165227451,0.003916994987607295,0.06258590086918374
674,4,train,16,0.004471323938672979,0.06686795898390334,0.003916994987607295,0.06258590086918374
674,5,train,16,0.005502279237458318,0.07417734989508805,0.003916994987607295,0.06258590086918374
674,6,train,16,0.0041354582956029205,0.06430752907399662,0.003916994987607295,0.06258590086918374
674,7,train,8,0.008161857143749814,0.09034299720371144,0.003916994987607295,0.06258590086918374
674,-1,train,120,0.003916994987607295,0.06258590086918374,0.003916994987607295,0.06258590086918374
675,0,train,16,0.003424304894923305,0.0585175605688011,0.003820504293037279,0.06181022806168312
675,1,train,16,0.0008839920339429087,0.02973200353058819,0.003820504293037279,0.06181022806168312
675,2,train,16,0.00388338224564373,0.06231678943626453,0.003820504293037279,0.06181022806168312
675,3,train,16,0.004557569072066744,0.06750977019711106,0.003820504293037279,0.06181022806168312
675,4,train,16,0.0041115624366723945,0.06412146627044951,0.003820504293037279,0.06181022806168312
675,5,train,16,0.0022306601506296964,0.04722986502870505,0.003820504293037279,0.06181022806168312
675,6,train,16,0.0045331705805997016,0.06732882429242101,0.003820504293037279,0.06181022806168312
675,7,train,8,0.00693939292981975,0.08330301873173475,0.003820504293037279,0.06181022806168312
675,-1,train,120,0.003820504293037279,0.06181022806168312,0.003820504293037279,0.06181022806168312
676,0,train,16,0.0069203401952720855,0.08318858212081803,0.0037448487384510575,0.061195169241134204
676,1,train,16,0.0034041545538488122,0.05834513307765107,0.0037448487384510575,0.061195169241134204
676,2,train,16,0.0029770601128540812,0.054562442328529255,0.0037448487384510575,0.061195169241134204
676,3,train,16,0.0028405530416539316,0.05329683894616952,0.0037448487384510575,0.061195169241134204
676,4,train,16,0.002023887614615754,0.0449876384645355,0.0037448487384510575,0.061195169241134204
676,5,train,16,0.0033290839129225336,0.05769821412247119,0.0037448487384510575,0.061195169241134204
676,6,train,16,0.0025637405273300357,0.05063339340129235,0.0037448487384510575,0.061195169241134204
676,7,train,8,0.0058999699491112285,0.07681126186381283,0.0037448487384510575,0.061195169241134204
676,-1,train,120,0.0037448487384510575,0.061195169241134204,0.0037448487384510575,0.061195169241134204
677,0,train,16,0.002478559805080787,0.04978513638708633,0.0036357475326864682,0.06029716023733181
677,1,train,16,0.0033826136109460143,0.0581602408088723,0.0036357475326864682,0.06029716023733181
677,2,train,16,0.0035596779534203538,0.05966303674319933,0.0036357475326864682,0.06029716023733181
677,3,train,16,0.003861149684706161,0.06213814999423592,0.0036357475326864682,0.06029716023733181
677,4,train,16,0.0009861756296001552,0.03140343340464789,0.0036357475326864682,0.06029716023733181
677,5,train,16,0.006041211528301262,0.07772523096331886,0.0036357475326864682,0.06029716023733181
677,6,train,16,0.004577371380610369,0.06765627377125029,0.0036357475326864682,0.06029716023733181
677,7,train,8,0.004199220668826643,0.06480139403459345,0.0036357475326864682,0.06029716023733181
677,-1,train,120,0.0036357475326864682,0.06029716023733181,0.0036357475326864682,0.06029716023733181
678,0,train,16,0.0037765217340258923,0.06145341108535711,0.0036181729530843755,0.060151250636078846
678,1,train,16,0.003745373265746263,0.06119945478308007,0.0036181729530843755,0.060151250636078846
678,2,train,16,0.005506015104900505,0.07420252761800306,0.0036181729530843755,0.060151250636078846
678,3,train,16,0.0034909630719662547,0.0590843724851695,0.0036181729530843755,0.060151250636078846
678,4,train,16,0.002217139730556578,0.04708651325545966,0.0036181729530843755,0.060151250636078846
678,5,train,16,0.00456785638598764,0.06758591854807952,0.0036181729530843755,0.060151250636078846
678,6,train,16,0.001466031587953653,0.03828879193646168,0.0036181729530843755,0.060151250636078846
678,7,train,8,0.004175482743538218,0.06461797539027525,0.0036181729530843755,0.060151250636078846
678,-1,train,120,0.0036181729530843755,0.060151250636078846,0.0036181729530843755,0.060151250636078846
679,0,train,16,0.004373642359198865,0.06613351918050986,0.0035952161791556417,0.059960121573889774
679,1,train,16,0.002845474393892917,0.05334298823550212,0.0035952161791556417,0.059960121573889774
679,2,train,16,0.004792525860217866,0.06922807133105664,0.0035952161791556417,0.059960121573889774
679,3,train,16,0.006248895061741778,0.07904995295217941,0.0035952161791556417,0.059960121573889774
679,4,train,16,0.0018403780566690793,0.04289962769849034,0.0035952161791556417,0.059960121573889774
679,5,train,16,0.001719196429301945,0.04146319366983138,0.0035952161791556417,0.059960121573889774
679,6,train,16,0.0028128784553675,0.053036576580389315,0.0035952161791556417,0.059960121573889774
679,7,train,8,0.004128738816855182,0.0642552629506345,0.0035952161791556417,0.059960121573889774
679,-1,train,120,0.0035952161791556417,0.059960121573889774,0.0035952161791556417,0.059960121573889774
680,0,train,16,0.0025977847754664147,0.050968468443405426,0.0034550864634071846,0.058779983526768574
680,1,train,16,0.005263601421633998,0.07255068174479133,0.0034550864634071846,0.058779983526768574
680,2,train,16,0.001678879538622067,0.04097413255484571,0.0034550864634071846,0.058779983526768574
680,3,train,16,0.002657468860475576,0.051550643647539224,0.0034550864634071846,0.058779983526768574
680,4,train,16,0.0036733964853820286,0.0606085512562545,0.0034550864634071846,0.058779983526768574
680,5,train,16,0.003156166763080878,0.056179771831869146,0.0034550864634071846,0.058779983526768574
680,6,train,16,0.006501892282829392,0.08063431206892878,0.0034550864634071846,0.058779983526768574
680,7,train,8,0.002111501579767119,0.045951078113218614,0.0034550864634071846,0.058779983526768574
680,-1,train,120,0.0034550864634071846,0.058779983526768574,0.0034550864634071846,0.058779983526768574
681,0,train,16,0.002261599282590735,0.04755627490237997,0.003779059883491156,0.061474058622244525
681,1,train,16,0.002258850081836557,0.0475273614020025,0.003779059883491156,0.061474058622244525
681,2,train,16,0.00301286450548958,0.05488956645383146,0.003779059883491156,0.061474058622244525
681,3,train,16,0.006233769291532227,0.07895422275934472,0.003779059883491156,0.061474058622244525
681,4,train,16,0.003533892003937425,0.05944654745178583,0.003779059883491156,0.061474058622244525
681,5,train,16,0.0027052267236889237,0.052011794082582115,0.003779059883491156,0.061474058622244525
681,6,train,16,0.002773337836653683,0.05266248984480019,0.003779059883491156,0.061474058622244525
681,7,train,8,0.007452939342200117,0.08633040798119812,0.003779059883491156,0.061474058622244525
681,-1,train,120,0.003779059883491156,0.061474058622244525,0.003779059883491156,0.061474058622244525
682,0,train,16,0.0036451328863412306,0.0603749359116946,0.0033213702005621946,0.05763133002596933
682,1,train,16,0.006016504204711734,0.07756612794713769,0.0033213702005621946,0.05763133002596933
682,2,train,16,0.002037434778727468,0.04513795275294913,0.0033213702005621946,0.05763133002596933
682,3,train,16,0.0026000562664354153,0.05099074687073543,0.0033213702005621946,0.05763133002596933
682,4,train,16,0.0024626682330333785,0.049625278165803546,0.0033213702005621946,0.05763133002596933
682,5,train,16,0.0062258813513473,0.0789042543298351,0.0033213702005621946,0.05763133002596933
682,6,train,16,0.003427861922665748,0.058547945503371404,0.0033213702005621946,0.05763133002596933
682,7,train,8,0.0001554219612352848,0.01246683445126648,0.0033213702005621946,0.05763133002596933
682,-1,train,120,0.0033213702005621946,0.05763133002596933,0.0033213702005621946,0.05763133002596933
683,0,train,16,0.003988986034977894,0.06315842014314396,0.0036318898460495877,0.0602651627895386
683,1,train,16,0.0028292862725416206,0.05319103564080719,0.0036318898460495877,0.0602651627895386
683,2,train,16,0.002609611321314768,0.051084354956432286,0.0036318898460495877,0.0602651627895386
683,3,train,16,0.003484033993711952,0.05902570621103954,0.0036318898460495877,0.0602651627895386
683,4,train,16,0.00393015735032398,0.06269096705526228,0.0036318898460495877,0.0602651627895386
683,5,train,16,0.0029082284864095902,0.053927993532205426,0.0036318898460495877,0.0602651627895386
683,6,train,16,0.0038262040195622066,0.06185631753961924,0.0036318898460495877,0.0602651627895386
683,7,train,8,0.0054786112895546905,0.07401764174542912,0.0036318898460495877,0.0602651627895386
683,-1,train,120,0.0036318898460495877,0.0602651627895386,0.0036318898460495877,0.0602651627895386
684,0,train,16,0.0016341292520134533,0.04042436458391713,0.0036644599121793747,0.06053478266401371
684,1,train,16,0.0038723060229806676,0.06222785568361381,0.0036644599121793747,0.06053478266401371
684,2,train,16,0.001847077028321644,0.042977634047509455,0.0036644599121793747,0.06053478266401371
684,3,train,16,0.0041252689538983775,0.06422825666245642,0.0036644599121793747,0.06053478266401371
684,4,train,16,0.0008880480544144554,0.02980013514087571,0.0036644599121793747,0.06053478266401371
684,5,train,16,0.005226115348062934,0.07229187608620304,0.0036644599121793747,0.06053478266401371
684,6,train,16,0.005550414544215248,0.07450110431540763,0.0036644599121793747,0.06053478266401371
684,7,train,8,0.006172320093528219,0.07856411454047083,0.0036644599121793747,0.06053478266401371
684,-1,train,120,0.0036644599121793747,0.06053478266401371,0.0036644599121793747,0.06053478266401371
685,0,train,16,0.0010099078209378715,0.03177904688529647,0.003342401953169241,0.05781351012669306
685,1,train,16,0.00195748643414962,0.04424349030252496,0.003342401953169241,0.05781351012669306
685,2,train,16,0.0032812980682885825,0.057282615759832255,0.003342401953169241,0.05781351012669306
685,3,train,16,0.0045630210159975804,0.06755013705387711,0.003342401953169241,0.05781351012669306
685,4,train,16,0.0023912035310671704,0.0488999338554478,0.003342401953169241,0.05781351012669306
685,5,train,16,0.005787165387993414,0.07607342103516454,0.003342401953169241,0.05781351012669306
685,6,train,16,0.006581262020888217,0.08112497778667319,0.003342401953169241,0.05781351012669306
685,7,train,8,0.0011678713460314704,0.034174132703427465,0.003342401953169241,0.05781351012669306
685,-1,train,120,0.003342401953169241,0.05781351012669306,0.003342401953169241,0.05781351012669306
686,0,train,16,0.0031617186840816555,0.05622916222105444,0.0033449356095495712,0.057835418296659453
686,1,train,16,0.0013398486737693444,0.03660394341828957,0.0033449356095495712,0.057835418296659453
686,2,train,16,0.005092853984546729,0.07136423463154866,0.0033449356095495712,0.057835418296659453
686,3,train,16,0.0029284579221024454,0.054115228190431255,0.0033449356095495712,0.057835418296659453
686,4,train,16,0.005592250777815519,0.074781353142448,0.0033449356095495712,0.057835418296659453
686,5,train,16,0.0029437221995009576,0.05425607983904622,0.0033449356095495712,0.057835418296659453
686,6,train,16,0.004344152942787579,0.06591018845965758,0.0033449356095495712,0.057835418296659453
686,7,train,8,0.0013564796917923442,0.036830418023589474,0.0033449356095495712,0.057835418296659453
686,-1,train,120,0.0033449356095495712,0.057835418296659453,0.0033449356095495712,0.057835418296659453
687,0,train,16,0.0032959341227626867,0.057410226639185866,0.0035290370700783585,0.059405698969697836
687,1,train,16,0.009841028379035412,0.09920195753630778,0.0035290370700783585,0.059405698969697836
687,2,train,16,0.0008857883790318342,0.029762197147250976,0.0035290370700783585,0.059405698969697836
687,3,train,16,0.0034118918261140086,0.058411401507873516,0.0035290370700783585,0.059405698969697836
687,4,train,16,0.0038825545481837786,0.062310148035322296,0.0035290370700783585,0.059405698969697836
687,5,train,16,0.0024806958553333066,0.0498065844576127,0.0035290370700783585,0.059405698969697836
687,6,train,16,0.00026617540282314854,0.016314882862685485,0.0035290370700783585,0.059405698969697836
687,7,train,8,0.0041682280473426935,0.06456181570667521,0.0035290370700783585,0.059405698969697836
687,-1,train,120,0.0035290370700783585,0.059405698969697836,0.0035290370700783585,0.059405698969697836
688,0,train,16,0.00398529736856189,0.06312921168969156,0.003938800256695845,0.06275986182820868
688,1,train,16,0.00467856437635538,0.06840003199089442,0.003938800256695845,0.06275986182820868
688,2,train,16,0.0018134126299945066,0.042584182861650714,0.003938800256695845,0.06275986182820868
688,3,train,16,0.001225944229615026,0.03501348639617349,0.003938800256695845,0.06275986182820868
688,4,train,16,0.0019893990459687975,0.04460267980703399,0.003938800256695845,0.06275986182820868
688,5,train,16,0.0014015271261313084,0.037436975387059625,0.003938800256695845,0.06275986182820868
688,6,train,16,0.005550051000554308,0.07449866442127877,0.003938800256695845,0.06275986182820868
688,7,train,8,0.010866206276385546,0.10424109686868009,0.003938800256695845,0.06275986182820868
688,-1,train,120,0.003938800256695845,0.06275986182820868,0.003938800256695845,0.06275986182820868
689,0,train,16,0.004566390741235904,0.06757507485187053,0.0035131952047614576,0.05927221275405076
689,1,train,16,0.0011263144045988763,0.033560607929518746,0.0035131952047614576,0.05927221275405076
689,2,train,16,0.0012777489895505454,0.03574561496953921,0.0035131952047614576,0.05927221275405076
689,3,train,16,0.004424719468389189,0.06651856484011955,0.0035131952047614576,0.05927221275405076
689,4,train,16,0.005212411216433138,0.07219703052365199,0.0035131952047614576,0.05927221275405076
689,5,train,16,0.004231446052893417,0.06504956612379069,0.0035131952047614576,0.05927221275405076
689,6,train,16,0.0025559952922485684,0.050556852080094625,0.0035131952047614576,0.05927221275405076
689,7,train,8,0.004710535472742021,0.06863334082457316,0.0035131952047614576,0.05927221275405076
689,-1,train,120,0.0035131952047614576,0.05927221275405076,0.0035131952047614576,0.05927221275405076
690,0,train,16,0.0034229128594029357,0.05850566519067137,0.0033176913708064452,0.0575994042573918
690,1,train,16,0.001457752737642711,0.03818052825253615,0.0033176913708064452,0.0575994042573918
690,2,train,16,0.0014172733573746537,0.037646691187601784,0.0033176913708064452,0.0575994042573918
690,3,train,16,0.005464491424169165,0.07392219845330066,0.0033176913708064452,0.0575994042573918
690,4,train,16,0.006703479828127563,0.08187478139285358,0.0033176913708064452,0.0575994042573918
690,5,train,16,0.004717281413678811,0.06868246802262432,0.0033176913708064452,0.0575994042573918
690,6,train,16,0.0018262574815098465,0.04273473390007064,0.0033176913708064452,0.0575994042573918
690,7,train,8,0.001532081864545878,0.03914181733831323,0.0033176913708064452,0.0575994042573918
690,-1,train,120,0.0033176913708064452,0.0575994042573918,0.0033176913708064452,0.0575994042573918
691,0,train,16,0.0039461673219700205,0.06281852690066857,0.0033486863097922184,0.05786783484624441
691,1,train,16,0.002917856022958982,0.054017182664028135,0.0033486863097922184,0.05786783484624441
691,2,train,16,0.002633268321269254,0.05131538094245481,0.0033486863097922184,0.05786783484624441
691,3,train,16,0.0014211257559435361,0.037697821633929145,0.0033486863097922184,0.05786783484624441
691,4,train,16,0.003025593399251865,0.05500539427412429,0.0033486863097922184,0.05786783484624441
691,5,train,16,0.004550422304480584,0.06745681807260541,0.0033486863097922184,0.05786783484624441
691,6,train,16,0.0061748700240560625,0.07858034120602979,0.0033486863097922184,0.05786783484624441
691,7,train,8,0.0021201873284074435,0.046045491944461225,0.0033486863097922184,0.05786783484624441
691,-1,train,120,0.0033486863097922184,0.05786783484624441,0.0033486863097922184,0.05786783484624441
692,0,train,16,0.001776187977124638,0.04214484520228587,0.003749932194208582,0.0612366899351082
692,1,train,16,0.0026054380370009555,0.051043491622350404,0.003749932194208582,0.0612366899351082
692,2,train,16,0.005362080961029757,0.07322623137257411,0.003749932194208582,0.0612366899351082
692,3,train,16,0.0017905165080764965,0.04231449524780482,0.003749932194208582,0.0612366899351082
692,4,train,16,0.0034608550040928316,0.05882903198330593,0.003749932194208582,0.0612366899351082
692,5,train,16,0.0061267104965968796,0.0782733064115531,0.003749932194208582,0.0612366899351082
692,6,train,16,0.00012341142272128525,0.01110906939042534,0.003749932194208582,0.0612366899351082
692,7,train,8,0.008754257147025813,0.09356418731024073,0.003749932194208582,0.0612366899351082
692,-1,train,120,0.003749932194208582,0.0612366899351082,0.003749932194208582,0.0612366899351082
693,0,train,16,0.003677329152934583,0.060640985751672795,0.003234570863326728,0.05687328778369269
693,1,train,16,0.001700748379184574,0.041240130688257694,0.003234570863326728,0.05687328778369269
693,2,train,16,0.0049886271962258835,0.07063021447104549,0.003234570863326728,0.05687328778369269
693,3,train,16,0.0016242522185019037,0.04030201258624566,0.003234570863326728,0.05687328778369269
693,4,train,16,0.003473553828260939,0.058936863067701004,0.003234570863326728,0.05687328778369269
693,5,train,16,0.006868641415742431,0.08287726718312104,0.003234570863326728,0.05687328778369269
693,6,train,16,0.0028792046812542113,0.05365822100344188,0.003234570863326728,0.05687328778369269
693,7,train,8,0.000664210034509292,0.025772272591086956,0.003234570863326728,0.05687328778369269
693,-1,train,120,0.003234570863326728,0.05687328778369269,0.003234570863326728,0.05687328778369269
694,0,train,16,0.0015443925365052377,0.0392987599868652,0.003230853488638096,0.05684059718755685
694,1,train,16,0.0034772411897890667,0.05896813707239755,0.003230853488638096,0.05684059718755685
694,2,train,16,0.003118849580810507,0.055846661321967195,0.003230853488638096,0.05684059718755685
694,3,train,16,0.00654781557617601,0.08091857374037194,0.003230853488638096,0.05684059718755685
694,4,train,16,0.0024117995429374177,0.049110075778168144,0.003230853488638096,0.05684059718755685
694,5,train,16,0.00308468096203325,0.055539904231401496,0.003230853488638096,0.05684059718755685
694,6,train,16,0.004714282202764084,0.06866063066098421,0.003230853488638096,0.05684059718755685
694,7,train,8,0.0009477663180891922,0.03078581358498086,0.003230853488638096,0.05684059718755685
694,-1,train,120,0.003230853488638096,0.05684059718755685,0.003230853488638096,0.05684059718755685
695,0,train,16,0.0022413111278996953,0.0473424875550461,0.0033564929853217513,0.057935248211445085
695,1,train,16,0.005338319382186036,0.07306380350204905,0.0033564929853217513,0.057935248211445085
695,2,train,16,0.004229854088063334,0.0650373284204028,0.0033564929853217513,0.057935248211445085
695,3,train,16,0.005368264117954059,0.07326843875744903,0.0033564929853217513,0.057935248211445085
695,4,train,16,0.002109033167416888,0.04592421112460058,0.0033564929853217513,0.057935248211445085
695,5,train,16,0.0018206656810274796,0.04266925920410946,0.0033564929853217513,0.057935248211445085
695,6,train,16,0.0026310514336726305,0.05129377577906145,0.0033564929853217513,0.057935248211445085
695,7,train,8,0.0031134448843538865,0.055798251624525716,0.0033564929853217513,0.057935248211445085
695,-1,train,120,0.0033564929853217513,0.057935248211445085,0.0033564929853217513,0.057935248211445085
696,0,train,16,0.0036324767482988547,0.06027003192548395,0.0033421012938300142,0.057810909816660164
696,1,train,16,0.00238831536115862,0.048870393503210305,0.0033421012938300142,0.057810909816660164
696,2,train,16,0.005550415660348884,0.07450111180612598,0.0033421012938300142,0.057810909816660164
696,3,train,16,0.005733941152628362,0.07572279150050111,0.0033421012938300142,0.057810909816660164
696,4,train,16,0.0025521993529734896,0.05051929683767867,0.0033421012938300142,0.057810909816660164
696,5,train,16,0.0015782842537523122,0.03972762582576905,0.0033421012938300142,0.057810909816660164
696,6,train,16,0.00228395299364855,0.04779072079021774,0.0033421012938300142,0.057810909816660164
696,7,train,8,0.003017224827831043,0.05492927113872023,0.0033421012938300142,0.057810909816660164
696,-1,train,120,0.0033421012938300142,0.057810909816660164,0.0033421012938300142,0.057810909816660164
697,0,train,16,0.004665131783865252,0.06830176999072024,0.003160768374501251,0.05622071125929706
697,1,train,16,0.003835578051298409,0.061932043816576965,0.003160768374501251,0.05622071125929706
697,2,train,16,0.0029295407561775945,0.05412523215818658,0.003160768374501251,0.05622071125929706
697,3,train,16,0.0019962360981669067,0.04467925803062207,0.003160768374501251,0.05622071125929706
697,4,train,16,0.0035199726736109306,0.05932935760322145,0.003160768374501251,0.05622071125929706
697,5,train,16,0.00536843834032121,0.07326962767969557,0.003160768374501251,0.05622071125929706
697,6,train,16,0.002523617692157915,0.05023562174550958,0.003160768374501251,0.05622071125929706
697,7,train,8,0.0004476316004117913,0.02115730607643117,0.003160768374501251,0.05622071125929706
697,-1,train,120,0.003160768374501251,0.05622071125929706,0.003160768374501251,0.05622071125929706
698,0,train,16,0.006222664336322244,0.078883866134478,0.0033202144160711547,0.05762130175613143
698,1,train,16,0.003117488340474346,0.05583447268914023,0.0033202144160711547,0.05762130175613143
698,2,train,16,0.002614157241524649,0.05112882984701145,0.0033202144160711547,0.05762130175613143
698,3,train,16,0.0020330830949410426,0.04508972271971788,0.0033202144160711547,0.05762130175613143
698,4,train,16,0.0042778908453762615,0.06540558726421056,0.0033202144160711547,0.05762130175613143
698,5,train,16,0.0015682977822743978,0.039601739636970466,0.0033202144160711547,0.05762130175613143
698,6,train,16,0.003664575801292367,0.06053573986739046,0.0033202144160711547,0.05762130175613143
698,7,train,8,0.003063557886363933,0.055349416314573116,0.0033202144160711547,0.05762130175613143
698,-1,train,120,0.0033202144160711547,0.05762130175613143,0.0033202144160711547,0.05762130175613143
699,0,train,16,0.0012410301299510436,0.035228257549175544,0.0034137164643611734,0.058427018273750485
699,1,train,16,0.004466818544568129,0.06683426175673768,0.0034137164643611734,0.058427018273750485
699,2,train,16,0.0036238581140962387,0.06019848930078095,0.0034137164643611734,0.058427018273750485
699,3,train,16,0.00015544446543569094,0.012467736981332696,0.0034137164643611734,0.058427018273750485
699,4,train,16,0.004677017123267152,0.06838872073132493,0.0034137164643611734,0.058427018273750485
699,5,train,16,0.005217802266644664,0.07223435655312965,0.0034137164643611734,0.058427018273750485
699,6,train,16,0.0032301134995326468,0.05683408747866589,0.0034137164643611734,0.058427018273750485
699,7,train,8,0.004697647571393822,0.06853938700771858,0.0034137164643611734,0.058427018273750485
699,-1,train,120,0.0034137164643611734,0.058427018273750485,0.0034137164643611734,0.058427018273750485
700,0,train,16,0.004491258697461543,0.06701685383141724,0.0034005721459894186,0.05831442485345644
700,1,train,16,0.0012463896460009254,0.03530424402250989,0.0034005721459894186,0.05831442485345644
700,2,train,16,0.0026061710119842964,0.0510506710238396,0.0034005721459894186,0.05831442485345644
700,3,train,16,0.004419821627685466,0.06648173905431075,0.0034005721459894186,0.05831442485345644
700,4,train,16,0.0038983244299159426,0.06243656324555302,0.0034005721459894186,0.05831442485345644
700,5,train,16,0.0027864072303093873,0.052786430361499034,0.0034005721459894186,0.05831442485345644
700,6,train,16,0.003071318116143812,0.05541947415975554,0.0034005721459894186,0.05831442485345644
700,7,train,8,0.004684886408413974,0.06844623005260388,0.0034005721459894186,0.05831442485345644
700,-1,train,120,0.0034005721459894186,0.05831442485345644,0.0034005721459894186,0.05831442485345644
701,0,train,16,0.0036119220742515624,0.060099268500137026,0.0032010426154223267,0.05657775724984446
701,1,train,16,0.003337820837500996,0.057773876774031674,0.0032010426154223267,0.05657775724984446
701,2,train,16,0.0011221911987637516,0.03349912235811189,0.0032010426154223267,0.05657775724984446
701,3,train,16,0.005677954092306528,0.07535220031496444,0.0032010426154223267,0.05657775724984446
701,4,train,16,0.0035716785908749874,0.05976352224287812,0.0032010426154223267,0.05657775724984446
701,5,train,16,0.0033610199980286725,0.05797430463600812,0.0032010426154223267,0.05657775724984446
701,6,train,16,0.003325991975488757,0.0576714138502669,0.0032010426154223267,0.05657775724984446
701,7,train,8,0.0015997621561633564,0.03999702684154607,0.0032010426154223267,0.05657775724984446
701,-1,train,120,0.0032010426154223267,0.05657775724984446,0.0032010426154223267,0.05657775724984446
702,0,train,16,0.0006372152855216665,0.025243123529422158,0.0031416213933961584,0.05605016854030109
702,1,train,16,0.0015814269459374654,0.039767159138382836,0.0031416213933961584,0.05605016854030109
702,2,train,16,0.005119938729858367,0.07155374714058214,0.0031416213933961584,0.05605016854030109
702,3,train,16,0.00382780003030843,0.06186921714640028,0.0031416213933961584,0.05605016854030109
702,4,train,16,0.005344701444425423,0.07310746503897822,0.0031416213933961584,0.05605016854030109
702,5,train,16,0.002022104526812057,0.044967816567096704,0.0031416213933961584,0.05605016854030109
702,6,train,16,0.005726954614334362,0.0756766451049091,0.0031416213933961584,0.05605016854030109
702,7,train,8,0.0008728295699715,0.029543689173349694,0.0031416213933961584,0.05605016854030109
702,-1,train,120,0.0031416213933961584,0.05605016854030109,0.0031416213933961584,0.05605016854030109
703,0,train,16,0.003073594124919236,0.05544000473411989,0.0031269782152743178,0.05591939033353563
703,1,train,16,0.004731375978716271,0.06878499820975698,0.0031269782152743178,0.05591939033353563
703,2,train,16,0.003741379118198278,0.061166813863387376,0.0031269782152743178,0.05591939033353563
703,3,train,16,0.004793220628803362,0.06923308911787313,0.0031269782152743178,0.05591939033353563
703,4,train,16,0.003728466905184846,0.0610611734671456,0.0031269782152743178,0.05591939033353563
703,5,train,16,0.0016247962758480692,0.040308761775178226,0.0031269782152743178,0.05591939033353563
703,6,train,16,0.0025388845040623604,0.050387344681599965,0.0031269782152743178,0.05591939033353563
703,7,train,8,0.0007841081864621224,0.02800193183446675,0.0031269782152743178,0.05591939033353563
703,-1,train,120,0.0031269782152743178,0.05591939033353563,0.0031269782152743178,0.05591939033353563
704,0,train,16,0.006125667756055338,0.07826664523317285,0.0033521832605818156,0.05789804194082746
704,1,train,16,0.0024403605691989995,0.04940000576112314,0.0033521832605818156,0.05789804194082746
704,2,train,16,0.0024913212619683276,0.04991313716816774,0.0033521832605818156,0.05789804194082746
704,3,train,16,0.00436265739509697,0.06605041555582349,0.0033521832605818156,0.05789804194082746
704,4,train,16,0.0032166788882822908,0.056715772835096684,0.0033521832605818156,0.05789804194082746
704,5,train,16,0.0009863740400605301,0.03140659230258084,0.0033521832605818156,0.05789804194082746
704,6,train,16,0.0026744677199010457,0.05171525616199774,0.0033521832605818156,0.05789804194082746
704,7,train,8,0.0045199384540910255,0.06723048753423573,0.0033521832605818156,0.05789804194082746
704,-1,train,120,0.0033521832605818156,0.05789804194082746,0.0033521832605818156,0.05789804194082746
705,0,train,16,0.0032233492149490372,0.056774547245654346,0.0032801373876411404,0.05727248368668099
705,1,train,16,0.004545721774409026,0.06742196804016497,0.0032801373876411404,0.05727248368668099
705,2,train,16,0.0008299974483539453,0.02880967629727806,0.0032801373876411404,0.05727248368668099
705,3,train,16,0.0027077326691465195,0.052035878671802205,0.0032801373876411404,0.05727248368668099
705,4,train,16,0.005661685054615599,0.07524416957223728,0.0032801373876411404,0.05727248368668099
705,5,train,16,0.0034525925028239734,0.05875876532760005,0.0032801373876411404,0.05727248368668099
705,6,train,16,0.002314070088777237,0.048104782389875096,0.0032801373876411404,0.05727248368668099
705,7,train,8,0.0035059503480537836,0.05921106609455519,0.0032801373876411404,0.05727248368668099
705,-1,train,120,0.0032801373876411404,0.05727248368668099,0.0032801373876411404,0.05727248368668099
706,0,train,16,0.0021714292842057777,0.04659859744891232,0.0030700934942281925,0.05540842439763283
706,1,train,16,0.002524478817045318,0.05024419187374116,0.0030700934942281925,0.05540842439763283
706,2,train,16,0.003335682770750916,0.057755370059856044,0.0030700934942281925,0.05540842439763283
706,3,train,16,0.00416675052837509,0.06455037202352198,0.0030700934942281925,0.05540842439763283
706,4,train,16,0.005682221286584443,0.07538050999153854,0.0030700934942281925,0.05540842439763283
706,5,train,16,0.004742809316038406,0.0688680572982744,0.0030700934942281925,0.05540842439763283
706,6,train,16,0.0016390351404207912,0.040484998955425344,0.0030700934942281925,0.05540842439763283
706,7,train,8,0.0002983408104048016,0.017272544989224998,0.0030700934942281925,0.05540842439763283
706,-1,train,120,0.0030700934942281925,0.05540842439763283,0.0030700934942281925,0.05540842439763283
707,0,train,16,0.0022416053177333342,0.047345594491286454,0.003320663479121709,0.05762519830006409
707,1,train,16,0.0021813946874063433,0.04670540319284636,0.003320663479121709,0.05762519830006409
707,2,train,16,0.0042814722310077855,0.06543295982154396,0.003320663479121709,0.05762519830006409
707,3,train,16,0.005059246774908577,0.07112838234424129,0.003320663479121709,0.05762519830006409
707,4,train,16,0.0002624932962180372,0.01620164486149592,0.003320663479121709,0.05762519830006409
707,5,train,16,0.004327696581374099,0.06578523072372779,0.003320663479121709,0.05762519830006409
707,6,train,16,0.003623662331102564,0.060196863133410564,0.003320663479121709,0.05762519830006409
707,7,train,8,0.004587736613222931,0.06773283260888276,0.003320663479121709,0.05762519830006409
707,-1,train,120,0.003320663479121709,0.05762519830006409,0.003320663479121709,0.05762519830006409
708,0,train,16,0.0044856518774672805,0.066975009350259,0.0030973506209794333,0.055653846416752126
708,1,train,16,0.003125009063264135,0.055901780501734784,0.0030973506209794333,0.055653846416752126
708,2,train,16,0.003064184436079766,0.055355075973931835,0.0030973506209794333,0.055653846416752126
708,3,train,16,0.003513643634314819,0.059275995430821904,0.0030973506209794333,0.055653846416752126
708,4,train,16,0.002446798010181911,0.049465119126328914,0.0030973506209794333,0.055653846416752126
708,5,train,16,0.0020378412254218334,0.045142454800573634,0.0030973506209794333,0.055653846416752126
708,6,train,16,0.004978523552843252,0.07055865328110544,0.0030973506209794333,0.055653846416752126
708,7,train,8,0.0011271531682624702,0.033573101856433675,0.0030973506209794333,0.055653846416752126
708,-1,train,120,0.0030973506209794333,0.055653846416752126,0.0030973506209794333,0.055653846416752126
709,0,train,16,0.0035541459420440564,0.05961665825961781,0.0030567610794230743,0.055287983137595774
709,1,train,16,0.0022844262473599893,0.047795671847563656,0.0030567610794230743,0.055287983137595774
709,2,train,16,0.0034254797826845165,0.05852759847016206,0.0030567610794230743,0.055287983137595774
709,3,train,16,0.002226642720371311,0.04718731524860586,0.0030567610794230743,0.055287983137595774
709,4,train,16,0.007406735468021827,0.08606239287878201,0.0030567610794230743,0.055287983137595774
709,5,train,16,0.0028571013539338704,0.05345186015410381,0.0030567610794230743,0.055287983137595774
709,6,train,16,0.002057757586433983,0.045362513008363886,0.0030567610794230743,0.055287983137595774
709,7,train,8,0.0006417995345350481,0.025333762739377035,0.0030567610794230743,0.055287983137595774
709,-1,train,120,0.0030567610794230743,0.055287983137595774,0.0030567610794230743,0.055287983137595774
710,0,train,16,0.003056142253114932,0.05528238646363715,0.0033587274638579474,0.05795452927820178
710,1,train,16,0.0014593756196843942,0.038201775085516566,0.0033587274638579474,0.05795452927820178
710,2,train,16,0.002283360874670309,0.04778452547290084,0.0033587274638579474,0.05795452927820178
710,3,train,16,0.003824065866860851,0.06183903190429853,0.0033587274638579474,0.05795452927820178
710,4,train,16,0.003463016031939544,0.05884739613559417,0.0033587274638579474,0.05795452927820178
710,5,train,16,0.004434697318669239,0.06659352309849088,0.0033587274638579474,0.05795452927820178
710,6,train,16,0.0026948273220341852,0.051911726247873755,0.0033587274638579474,0.05795452927820178
710,7,train,8,0.005654334423890127,0.07519530852313944,0.0033587274638579474,0.05795452927820178
710,-1,train,120,0.0033587274638579474,0.05795452927820178,0.0033587274638579474,0.05795452927820178
711,0,train,16,0.002154797888919927,0.04641980061266881,0.0032628321281708656,0.057121205591013795
711,1,train,16,0.007673931956795862,0.08760098148306251,0.0032628321281708656,0.057121205591013795
711,2,train,16,0.0013968451777585632,0.03737439200520275,0.0032628321281708656,0.057121205591013795
711,3,train,16,0.0017742404658795334,0.04212173388975735,0.0032628321281708656,0.057121205591013795
711,4,train,16,0.0014999722063658706,0.038729474646138316,0.0032628321281708656,0.057121205591013795
711,5,train,16,0.0013295163427993945,0.03646253341170076,0.0032628321281708656,0.057121205591013795
711,6,train,16,0.006146776098463423,0.07840137816686275,0.0032628321281708656,0.057121205591013795
711,7,train,8,0.004126576888384352,0.06423843777976199,0.0032628321281708656,0.057121205591013795
711,-1,train,120,0.0032628321281708656,0.057121205591013795,0.0032628321281708656,0.057121205591013795
712,0,train,16,0.004006237690539504,0.06329484726689452,0.0032915621828737375,0.05737213768785104
712,1,train,16,0.0015918981176692086,0.03989859794114586,0.0032915621828737375,0.05737213768785104
712,2,train,16,0.0017452521774321459,0.04177621545128455,0.0032915621828737375,0.05737213768785104
712,3,train,16,0.0019241686491944007,0.04386534679213651,0.0032915621828737375,0.05737213768785104
712,4,train,16,0.0023030001550333845,0.047989583818088946,0.0032915621828737375,0.05737213768785104
712,5,train,16,0.004740120420085333,0.06884853244685273,0.0032915621828737375,0.05737213768785104
712,6,train,16,0.0051296969916888565,0.07162190301638778,0.0032915621828737375,0.05737213768785104
712,7,train,8,0.004892123261347067,0.06994371495243205,0.0032915621828737375,0.05737213768785104
712,-1,train,120,0.0032915621828737375,0.05737213768785104,0.0032915621828737375,0.05737213768785104
713,0,train,16,0.0008575031007692555,0.029283153873332284,0.0031506873374059943,0.05613098375590788
713,1,train,16,0.006482765633184853,0.0805156235347206,0.0031506873374059943,0.05613098375590788
713,2,train,16,0.0031601019020033616,0.0562147836605582,0.0031506873374059943,0.05613098375590788
713,3,train,16,0.0023048353166499336,0.048008700426588655,0.0031506873374059943,0.05613098375590788
713,4,train,16,0.0009437622790252868,0.03072071416854248,0.0031506873374059943,0.05613098375590788
713,5,train,16,0.006548045492471735,0.08091999439243515,0.0031506873374059943,0.05613098375590788
713,6,train,16,0.002175001212864655,0.046636908268716255,0.0031506873374059943,0.05613098375590788
713,7,train,8,0.0027334837622788747,0.05228272910128998,0.0031506873374059943,0.05613098375590788
713,-1,train,120,0.0031506873374059943,0.05613098375590788,0.0031506873374059943,0.05613098375590788
714,0,train,16,0.003362016036176703,0.05798289434114774,0.0029845188590639205,0.05463075012356979
714,1,train,16,0.003947807600015947,0.06283158123122437,0.0029845188590639205,0.05463075012356979
714,2,train,16,0.004633447822696002,0.06806943383557705,0.0029845188590639205,0.05463075012356979
714,3,train,16,0.004397163992630842,0.06631111515146493,0.0029845188590639205,0.05463075012356979
714,4,train,16,0.002312271487915035,0.048086084139957117,0.0029845188590639205,0.05463075012356979
714,5,train,16,0.004234478795912435,0.06507287296494935,0.0029845188590639205,0.05463075012356979
714,6,train,16,0.0008655538034085588,0.029420295773641685,0.0029845188590639205,0.05463075012356979
714,7,train,8,0.0001234113337558443,0.01110906538624399,0.0029845188590639205,0.05463075012356979
714,-1,train,120,0.0029845188590639205,0.05463075012356979,0.0029845188590639205,0.05463075012356979
715,0,train,16,0.003616893165483282,0.06014061161547397,0.003147480745366474,0.05610241300841234
715,1,train,16,0.0018714264138943448,0.04325998629096344,0.003147480745366474,0.05610241300841234
715,2,train,16,0.004991723527201593,0.07065213037978114,0.003147480745366474,0.05610241300841234
715,3,train,16,0.003225817522547001,0.056796280886577434,0.003147480745366474,0.05610241300841234
715,4,train,16,0.0017503385069608743,0.041837047063109915,0.003147480745366474,0.05610241300841234
715,5,train,16,0.0030010734065244174,0.054782053690277235,0.003147480745366474,0.05610241300841234
715,6,train,16,0.0036089550009938435,0.060074578658479524,0.003147480745366474,0.05610241300841234
715,7,train,8,0.0031136184193264376,0.055799806624453795,0.003147480745366474,0.05610241300841234
715,-1,train,120,0.003147480745366474,0.05610241300841234,0.003147480745366474,0.05610241300841234
716,0,train,16,0.00414750192238244,0.06440110187242483,0.0030861838468211,0.055553432358595986
716,1,train,16,0.003549481725608955,0.05957752701823864,0.0030861838468211,0.055553432358595986
716,2,train,16,0.003930038291988558,0.06269001748275843,0.0030861838468211,0.055553432358595986
716,3,train,16,0.0034963932424227954,0.05913030730871264,0.0030861838468211,0.055553432358595986
716,4,train,16,0.002557809549437975,0.05057479164008464,0.0030861838468211,0.055553432358595986
716,5,train,16,0.0020978869937276576,0.04580269635870423,0.0030861838468211,0.055553432358595986
716,6,train,16,0.0028939513125013257,0.053795458102904245,0.0030861838468211,0.055553432358595986
716,7,train,8,0.002016407736499095,0.04490442891852757,0.0030861838468211,0.055553432358595986
716,-1,train,120,0.0030861838468211,0.055553432358595986,0.0030861838468211,0.055553432358595986
717,0,train,16,0.004103229625552454,0.06405645654852019,0.0032271972317075466,0.05680842571051892
717,1,train,16,0.0024306509479600506,0.04930163230522951,0.0032271972317075466,0.05680842571051892
717,2,train,16,0.0037623190571835843,0.06133774577846487,0.0032271972317075466,0.05680842571051892
717,3,train,16,0.0030861937883357527,0.0555535218355754,0.0032271972317075466,0.05680842571051892
717,4,train,16,0.0029434627403032146,0.05425368872531355,0.0032271972317075466,0.05680842571051892
717,5,train,16,0.0024070250552437143,0.0490614416343804,0.0032271972317075466,0.05680842571051892
717,6,train,16,0.002448982901463482,0.04948719936977119,0.0032271972317075466,0.05680842571051892
717,7,train,8,0.00463571373761812,0.06808607594521893,0.0032271972317075466,0.05680842571051892
717,-1,train,120,0.0032271972317075466,0.05680842571051892,0.0032271972317075466,0.05680842571051892
718,0,train,16,0.0014466139515835158,0.03803437854866983,0.003229650479362275,0.05683001389549606
718,1,train,16,0.0015468859410938483,0.03933047089845033,0.003229650479362275,0.05683001389549606
718,2,train,16,0.0033006276990374213,0.05745108962445727,0.003229650479362275,0.05683001389549606
718,3,train,16,0.005608629508285404,0.07489078386747867,0.003229650479362275,0.05683001389549606
718,4,train,16,0.0032136408585870307,0.056688983573416014,0.003229650479362275,0.05683001389549606
718,5,train,16,0.0007518065757135684,0.027419091445807762,0.003229650479362275,0.05683001389549606
718,6,train,16,0.005051480157241386,0.07107376560476718,0.003229650479362275,0.05683001389549606
718,7,train,8,0.0049175191433560245,0.07012502508631298,0.003229650479362275,0.05683001389549606
718,-1,train,120,0.003229650479362275,0.05683001389549606,0.003229650479362275,0.05683001389549606
719,0,train,16,0.0034831393907466105,0.05901812764521262,0.0030365998974535664,0.05510535271145233
719,1,train,16,0.004089991778088458,0.0639530435404638,0.0030365998974535664,0.05510535271145233
719,2,train,16,0.00298139393291497,0.054602142200787046,0.0030365998974535664,0.05510535271145233
719,3,train,16,0.003781488802599625,0.06149381109184586,0.0030365998974535664,0.05510535271145233
719,4,train,16,0.0034145427790294425,0.05843408918627416,0.0030365998974535664,0.05510535271145233
719,5,train,16,0.001042922676062925,0.032294313370358645,0.0030365998974535664,0.05510535271145233
719,6,train,16,0.003648387181560738,0.06040188061278173,0.0030365998974535664,0.05510535271145233
719,7,train,8,0.0018509326386257647,0.0430224666729578,0.0030365998974535664,0.05510535271145233
719,-1,train,120,0.0030365998974535664,0.05510535271145233,0.0030365998974535664,0.05510535271145233
720,0,train,16,0.0003354330368322162,0.01831483106207142,0.0029431639763525443,0.05425093525786025
720,1,train,16,0.00545234552917233,0.07383999952039769,0.0029431639763525443,0.05425093525786025
720,2,train,16,0.0025133950984027884,0.05013377203445586,0.0029431639763525443,0.05425093525786025
720,3,train,16,0.00014923464041012864,0.012216163080530999,0.0029431639763525443,0.05425093525786025
720,4,train,16,0.007713140687754122,0.08782448797319642,0.0029431639763525443,0.05425093525786025
720,5,train,16,0.0035697983374933045,0.05974778939419687,0.0029431639763525443,0.05425093525786025
720,6,train,16,0.003243596727255116,0.05695258314822178,0.0029431639763525443,0.05425093525786025
720,7,train,8,0.0005683677535003506,0.023840464624254928,0.0029431639763525443,0.05425093525786025
720,-1,train,120,0.0029431639763525443,0.05425093525786025,0.0029431639763525443,0.05425093525786025
721,0,train,16,0.004773146734356257,0.06908796374446317,0.0030910889881122497,0.05559756278931883
721,1,train,16,0.0018879875954810055,0.04345097922349973,0.0030910889881122497,0.05559756278931883
721,2,train,16,0.0042526181388355105,0.06521210116869039,0.0030910889881122497,0.05559756278931883
721,3,train,16,0.0018344331832497042,0.042830283483181665,0.0030910889881122497,0.05559756278931883
721,4,train,16,0.002233058681106619,0.04725525030202061,0.0030910889881122497,0.05559756278931883
721,5,train,16,0.0025143396441827523,0.0501431914040456,0.0030910889881122497,0.05559756278931883
721,6,train,16,0.004100553489426854,0.0640355642547706,0.0030910889881122497,0.05559756278931883
721,7,train,8,0.003132574438259295,0.05596940627038396,0.0030910889881122497,0.05559756278931883
721,-1,train,120,0.0030910889881122497,0.05559756278931883,0.0030910889881122497,0.05559756278931883
722,0,train,16,0.0025230932282789844,0.05023040143457928,0.0032173759290778387,0.056721917537031825
722,1,train,16,0.002406630308505572,0.049057418485949425,0.0032173759290778387,0.056721917537031825
722,2,train,16,0.003133095036108599,0.05597405681303258,0.0032173759290778387,0.056721917537031825
722,3,train,16,0.0023361410227513008,0.04833364276310343,0.0032173759290778387,0.056721917537031825
722,4,train,16,0.0021254850136403275,0.04610298269787246,0.0032173759290778387,0.056721917537031825
722,5,train,16,0.004090360869975733,0.06395592912291817,0.0032173759290778387,0.056721917537031825
722,6,train,16,0.0037928687586376445,0.06158627086159418,0.0032173759290778387,0.056721917537031825
722,7,train,8,0.00533133319472455,0.07301597903695156,0.0032173759290778387,0.056721917537031825
722,-1,train,120,0.0032173759290778387,0.056721917537031825,0.0032173759290778387,0.056721917537031825
723,0,train,16,0.003216052118029924,0.05671024702846853,0.0031900948433944243,0.05648092459755262
723,1,train,16,0.001121421534645945,0.03348763256257368,0.0031900948433944243,0.05648092459755262
723,2,train,16,0.0037684381160312,0.061387605557076425,0.0031900948433944243,0.05648092459755262
723,3,train,16,0.0023348605747886843,0.048320395018963624,0.0031900948433944243,0.05648092459755262
723,4,train,16,0.0034206681616109486,0.058486478451099694,0.0031900948433944243,0.05648092459755262
723,5,train,16,0.0026876140214434916,0.05184220309210915,0.0031900948433944243,0.05648092459755262
723,6,train,16,0.003948756819979536,0.06283913446236776,0.0031900948433944243,0.05648092459755262
723,7,train,8,0.005022947400625664,0.07087275499531301,0.0031900948433944243,0.05648092459755262
723,-1,train,120,0.0031900948433944243,0.05648092459755262,0.0031900948433944243,0.05648092459755262
724,0,train,16,0.0021145825768293033,0.04598459064544669,0.002894905250703625,0.05380432371755661
724,1,train,16,0.002658440851693716,0.05156007032281586,0.002894905250703625,0.05380432371755661
724,2,train,16,0.0038823945490173107,0.062308864128768314,0.002894905250703625,0.05380432371755661
724,3,train,16,0.005264622441925064,0.07255771800384204,0.002894905250703625,0.05380432371755661
724,4,train,16,0.0024040473192153884,0.0490310852339145,0.002894905250703625,0.05380432371755661
724,5,train,16,0.0022244779654182513,0.047164371780171646,0.002894905250703625,0.05380432371755661
724,6,train,16,0.004076214920139662,0.06384524195380312,0.002894905250703625,0.05380432371755661
724,7,train,8,0.0005344613813903027,0.023118420823886363,0.002894905250703625,0.05380432371755661
724,-1,train,120,0.002894905250703625,0.05380432371755661,0.002894905250703625,0.05380432371755661
725,0,train,16,0.002354801564816266,0.0485262976623631,0.003056908392612272,0.05528931535669683
725,1,train,16,0.0027302176892291287,0.05225148504328971,0.003056908392612272,0.05528931535669683
725,2,train,16,0.001427088889517993,0.03777683006179837,0.003056908392612272,0.05528931535669683
725,3,train,16,0.0045297493262053,0.06730341244101447,0.003056908392612272,0.05528931535669683
725,4,train,16,0.0028031658941731407,0.05294493265812263,0.003056908392612272,0.05528931535669683
725,5,train,16,0.002051895773326918,0.045297856167007704,0.003056908392612272,0.05528931535669683
725,6,train,16,0.005509738850524866,0.07422761514776603,0.003056908392612272,0.05528931535669683
725,7,train,8,0.0030486091531045606,0.05521421151392602,0.003056908392612272,0.05528931535669683
725,-1,train,120,0.003056908392612272,0.05528931535669683,0.003056908392612272,0.05528931535669683
726,0,train,16,0.006092223086856366,0.07805269429594577,0.003083249289573714,0.055527014052384575
726,1,train,16,0.003847431740584015,0.062027669153241725,0.003083249289573714,0.055527014052384575
726,2,train,16,0.0022480914349458287,0.04741404259231466,0.003083249289573714,0.055527014052384575
726,3,train,16,0.00205001783878449,0.04527712268667798,0.003083249289573714,0.055527014052384575
726,4,train,16,0.002262847752355971,0.04756939932725629,0.003083249289573714,0.055527014052384575
726,5,train,16,0.002132938590751437,0.04618374812367915,0.003083249289573714,0.055527014052384575
726,6,train,16,0.002394763380117123,0.04893631964213413,0.003083249289573714,0.055527014052384575
726,7,train,8,0.0036376804921944813,0.06031318671894631,0.003083249289573714,0.055527014052384575
726,-1,train,120,0.003083249289573714,0.055527014052384575,0.003083249289573714,0.055527014052384575
727,0,train,16,0.005734623608804892,0.0757272976462576,0.0031020988744886466,0.055696488888337
727,1,train,16,0.0029484250838065712,0.05429940224170586,0.0031020988744886466,0.055696488888337
727,2,train,16,0.004790340283714989,0.06921228419662935,0.0031020988744886466,0.055696488888337
727,3,train,16,0.0006036030154090522,0.02456833359039746,0.0031020988744886466,0.055696488888337
727,4,train,16,0.002229299042713185,0.04721545343119332,0.0031020988744886466,0.055696488888337
727,5,train,16,0.0027231239707123907,0.05218356034914052,0.0031020988744886466,0.055696488888337
727,6,train,16,0.0015990754339126096,0.03998844125384996,0.0031020988744886466,0.055696488888337
727,7,train,8,0.004188300556835484,0.06471708087387351,0.0031020988744886466,0.055696488888337
727,-1,train,120,0.0031020988744886466,0.055696488888337,0.0031020988744886466,0.055696488888337
728,0,train,16,0.007147876830071719,0.08454511712731681,0.003022154738506453,0.054974127901281464
728,1,train,16,0.0014733828715160805,0.03838466974608588,0.003022154738506453,0.054974127901281464
728,2,train,16,0.0009100863262914611,0.030167637068412585,0.003022154738506453,0.054974127901281464
728,3,train,16,0.003124431506666774,0.05589661444727018,0.003022154738506453,0.054974127901281464
728,4,train,16,0.0005044504076852817,0.022459973456914008,0.003022154738506453,0.054974127901281464
728,5,train,16,0.004008609080465735,0.06331357737851918,0.003022154738506453,0.054974127901281464
728,6,train,16,0.0039675346383901185,0.0629883690723146,0.003022154738506453,0.054974127901281464
728,7,train,8,0.003040866246964453,0.05514404996882667,0.003022154738506453,0.054974127901281464
728,-1,train,120,0.003022154738506453,0.054974127901281464,0.003022154738506453,0.054974127901281464
729,0,train,16,0.00369661367750027,0.06079978353168924,0.0031046283181723716,0.055719191650385344
729,1,train,16,0.0017174125345810227,0.041441676300326254,0.0031046283181723716,0.055719191650385344
729,2,train,16,0.004128413545820246,0.0642527318160111,0.0031046283181723716,0.055719191650385344
729,3,train,16,0.001943396527500224,0.04408397132178797,0.0031046283181723716,0.055719191650385344
729,4,train,16,0.0032151646687623462,0.05670242207139256,0.0031046283181723716,0.055719191650385344
729,5,train,16,0.004037487057887507,0.06354122329549146,0.0031046283181723716,0.055719191650385344
729,6,train,16,0.0014200799504309762,0.03768394817997414,0.0031046283181723716,0.055719191650385344
729,7,train,8,0.004678458582896384,0.06839925864288578,0.0031046283181723716,0.055719191650385344
729,-1,train,120,0.0031046283181723716,0.055719191650385344,0.0031046283181723716,0.055719191650385344
730,0,train,16,0.0015740906852333234,0.03967481172272054,0.003183177290369337,0.05641965340525708
730,1,train,16,0.004561883386753438,0.06754171590027483,0.003183177290369337,0.05641965340525708
730,2,train,16,0.0007267485595175702,0.026958274416541764,0.003183177290369337,0.05641965340525708
730,3,train,16,0.002172891946845475,0.04661428908441568,0.003183177290369337,0.05641965340525708
730,4,train,16,0.0025362073666980373,0.05036077210188539,0.003183177290369337,0.05641965340525708
730,5,train,16,0.002333763090522867,0.048309037358685455,0.003183177290369337,0.05641965340525708
730,6,train,16,0.005801853003077339,0.07616989564832906,0.003183177290369337,0.05641965340525708
730,7,train,8,0.005757980284306643,0.07588135663195962,0.003183177290369337,0.05641965340525708
730,-1,train,120,0.003183177290369337,0.05641965340525708,0.003183177290369337,0.05641965340525708
731,0,train,16,0.0031283518768603817,0.055931671500683594,0.0030402047029522584,0.05513805131623948
731,1,train,16,0.001997530848583387,0.044693745072251295,0.0030402047029522584,0.05513805131623948
731,2,train,16,0.0010407990873364608,0.03226141793747542,0.0030402047029522584,0.05513805131623948
731,3,train,16,0.003020943720225056,0.05496311235933657,0.0030402047029522584,0.05513805131623948
731,4,train,16,0.0028697943591548384,0.053570461629099654,0.0030402047029522584,0.05513805131623948
731,5,train,16,0.0021671081178237855,0.04655220851714541,0.0030402047029522584,0.05513805131623948
731,6,train,16,0.0061900347936959185,0.07867677416935648,0.0030402047029522584,0.05513805131623948
731,7,train,8,0.003907074819938239,0.06250659821121478,0.0030402047029522584,0.05513805131623948
731,-1,train,120,0.0030402047029522584,0.05513805131623948,0.0030402047029522584,0.05513805131623948
732,0,train,16,0.0021754476349126,0.046641694168550525,0.002970118785511833,0.0544987961840611
732,1,train,16,0.0034640860189016193,0.05885648663402887,0.002970118785511833,0.0544987961840611
732,2,train,16,0.0032800614686107074,0.05727182089484066,0.002970118785511833,0.0544987961840611
732,3,train,16,0.002485046561777211,0.0498502413412133,0.002970118785511833,0.0544987961840611
732,4,train,16,0.001990849889980885,0.04461894093298142,0.002970118785511833,0.0544987961840611
732,5,train,16,0.0038923423969852073,0.06238863996742682,0.002970118785511833,0.0544987961840611
732,6,train,16,0.003495644186599661,0.0591239730278646,0.002970118785511833,0.0544987961840611
732,7,train,8,0.0029774721263267703,0.054566217812184584,0.002970118785511833,0.0544987961840611
732,-1,train,120,0.002970118785511833,0.0544987961840611,0.002970118785511833,0.0544987961840611
733,0,train,16,0.0036102096606334157,0.06008502026822839,0.0029709657469432467,0.05450656609018079
733,1,train,16,0.00438422827748742,0.0662135052499671,0.0029709657469432467,0.05450656609018079
733,2,train,16,0.002751238591187188,0.052452250582669835,0.0029709657469432467,0.05450656609018079
733,3,train,16,0.004076829271166888,0.06385005302399434,0.0029709657469432467,0.05450656609018079
733,4,train,16,0.0028642030141269956,0.05351824935596264,0.0029709657469432467,0.05450656609018079
733,5,train,16,0.0021886044460108518,0.046782522869238806,0.0029709657469432467,0.05450656609018079
733,6,train,16,0.0019418937235283803,0.044066923236463655,0.0029709657469432467,0.05450656609018079
733,7,train,8,0.0019505189914048337,0.04416468036117587,0.0029709657469432467,0.05450656609018079
733,-1,train,120,0.0029709657469432467,0.05450656609018079,0.0029709657469432467,0.05450656609018079
734,0,train,16,0.002921557298885131,0.054051431978118125,0.003028983422384396,0.055036201017006944
734,1,train,16,0.0028767765530626085,0.053635590358106514,0.003028983422384396,0.055036201017006944
734,2,train,16,0.0030466672904212256,0.05519662390419568,0.003028983422384396,0.055036201017006944
734,3,train,16,0.001258431892887347,0.035474383615326524,0.003028983422384396,0.055036201017006944
734,4,train,16,0.005097270238528804,0.07139516957420021,0.003028983422384396,0.055036201017006944
734,5,train,16,0.0007968188868201911,0.028227980565747015,0.003028983422384396,0.055036201017006944
734,6,train,16,0.0042801880696950135,0.06542314628397976,0.003028983422384396,0.055036201017006944
734,7,train,8,0.0039541571487748456,0.06288208925262301,0.003028983422384396,0.055036201017006944
734,-1,train,120,0.003028983422384396,0.055036201017006944,0.003028983422384396,0.055036201017006944
735,0,train,16,0.0025918087700544357,0.05090981015535646,0.002994979409777748,0.0547264050507408
735,1,train,16,0.001986191373654269,0.04456670700931659,0.002994979409777748,0.0547264050507408
735,2,train,16,0.00483728291567216,0.06955057811170343,0.002994979409777748,0.0547264050507408
735,3,train,16,0.00341513804033552,0.058439182406460136,0.002994979409777748,0.0547264050507408
735,4,train,16,0.004291865465969135,0.06551233064064456,0.002994979409777748,0.0547264050507408
735,5,train,16,0.0022069190090034025,0.04697785658162154,0.002994979409777748,0.0547264050507408
735,6,train,16,0.0008413832626002959,0.029006607223187892,0.002994979409777748,0.0547264050507408
735,7,train,8,0.0037892464409327612,0.06155685535285864,0.002994979409777748,0.0547264050507408
735,-1,train,120,0.002994979409777748,0.0547264050507408,0.002994979409777748,0.0547264050507408
736,0,train,16,0.0039303505034266,0.06269250755414557,0.002893358921094036,0.053789951859934175
736,1,train,16,0.0035390121128523857,0.059489596677506446,0.002893358921094036,0.053789951859934175
736,2,train,16,0.0008430879672767533,0.029035977119373016,0.002893358921094036,0.053789951859934175
736,3,train,16,0.002196837448378694,0.046870432560183334,0.002893358921094036,0.053789951859934175
736,4,train,16,0.0037429762469786583,0.0611798679875877,0.002893358921094036,0.053789951859934175
736,5,train,16,0.0019479828185750923,0.044135958339828675,0.002893358921094036,0.053789951859934175
736,6,train,16,0.0046272623172728955,0.06802398339757013,0.002893358921094036,0.053789951859934175
736,7,train,8,0.0023193619539912088,0.04815975450509698,0.002893358921094036,0.053789951859934175
736,-1,train,120,0.002893358921094036,0.053789951859934175,0.002893358921094036,0.053789951859934175
737,0,train,16,0.0009523840558008929,0.030860720273527202,0.002945683546894173,0.05427415173813565
737,1,train,16,0.0030433719884566104,0.055166765252791565,0.002945683546894173,0.05427415173813565
737,2,train,16,0.0018245961039746132,0.0427152912195927,0.002945683546894173,0.05427415173813565
737,3,train,16,0.0029726946917743575,0.054522423751832215,0.002945683546894173,0.05427415173813565
737,4,train,16,0.003109528276506029,0.055763144428072106,0.002945683546894173,0.05427415173813565
737,5,train,16,0.00536681928874096,0.07325857826043965,0.002945683546894173,0.05427415173813565
737,6,train,16,0.0031375239241005033,0.056013604812585514,0.002945683546894173,0.05427415173813565
737,7,train,8,0.0031585500457994168,0.05620097904662709,0.002945683546894173,0.05427415173813565
737,-1,train,120,0.002945683546894173,0.05427415173813565,0.002945683546894173,0.05427415173813565
738,0,train,16,0.0038401610572758567,0.061969033050999406,0.0027858650867863964,0.05278129485704568
738,1,train,16,0.0033694721597955736,0.05804715462273387,0.0027858650867863964,0.05278129485704568
738,2,train,16,0.0020819872610993435,0.04562879859364416,0.0027858650867863964,0.05278129485704568
738,3,train,16,0.005020354196509154,0.07085445784500191,0.0027858650867863964,0.05278129485704568
738,4,train,16,0.0007806836506789644,0.027940716717345753,0.0027858650867863964,0.05278129485704568
738,5,train,16,0.0036788284045349757,0.0606533461940475,0.0027858650867863964,0.05278129485704568
738,6,train,16,0.0026153046706997632,0.05114004957662598,0.0027858650867863964,0.05278129485704568
738,7,train,8,0.0009001292936975429,0.030002154817571736,0.0027858650867863964,0.05278129485704568
738,-1,train,120,0.0027858650867863964,0.05278129485704568,0.0027858650867863964,0.05278129485704568
739,0,train,16,0.0025303163407839457,0.05030224985807241,0.0027813063612380554,0.05273809212739929
739,1,train,16,0.0030899129967270713,0.05558698585754647,0.0027813063612380554,0.05273809212739929
739,2,train,16,0.002534089941863334,0.05033974515095735,0.0027813063612380554,0.05273809212739929
739,3,train,16,0.001379321130343322,0.037139212839575934,0.0027813063612380554,0.05273809212739929
739,4,train,16,0.0049719311038202785,0.07051192171413483,0.0027813063612380554,0.05273809212739929
739,5,train,16,0.0044590521474933975,0.06677613456537745,0.0027813063612380554,0.05273809212739929
739,6,train,16,0.002454650391843667,0.0495444284641943,0.0027813063612380554,0.05273809212739929
739,7,train,8,0.0008311768370294276,0.028830137651933395,0.0027813063612380554,0.05273809212739929
739,-1,train,120,0.0027813063612380554,0.05273809212739929,0.0027813063612380554,0.05273809212739929
740,0,train,16,0.0011552277385478429,0.033988641316590504,0.0028772089732041336,0.05363962129996942
740,1,train,16,0.004667568076012506,0.06831960242867713,0.0028772089732041336,0.05363962129996942
740,2,train,16,0.0027663935487988456,0.05259651650821417,0.0028772089732041336,0.05363962129996942
740,3,train,16,0.003385081324826814,0.05818145172498546,0.0028772089732041336,0.05363962129996942
740,4,train,16,0.002919214125581071,0.05402975222579751,0.0028772089732041336,0.05363962129996942
740,5,train,16,0.000876127897023114,0.029599457715017582,0.0028772089732041336,0.05363962129996942
740,6,train,16,0.004753260143165327,0.06894389126793851,0.0028772089732041336,0.05363962129996942
740,7,train,8,0.0024947989316775484,0.04994796223748821,0.0028772089732041336,0.05363962129996942
740,-1,train,120,0.0028772089732041336,0.05363962129996942,0.0028772089732041336,0.05363962129996942
741,0,train,16,0.0028860373670741048,0.053721851858197375,0.0029699616382584393,0.054497354415223125
741,1,train,16,0.003048291535432704,0.0552113352078421,0.0029699616382584393,0.054497354415223125
741,2,train,16,0.0022691442857899523,0.04763553595573322,0.0029699616382584393,0.054497354415223125
741,3,train,16,0.002017958739392215,0.04492169564244225,0.0029699616382584393,0.054497354415223125
741,4,train,16,0.005920644314636965,0.07694572317313657,0.0029699616382584393,0.054497354415223125
741,5,train,16,0.0009183594320501953,0.030304445747285913,0.0029699616382584393,0.054497354415223125
741,6,train,16,0.0024100892599658503,0.049092659939810254,0.0029699616382584393,0.054497354415223125
741,7,train,8,0.004289168171725527,0.06549174124823318,0.0029699616382584393,0.054497354415223125
741,-1,train,120,0.0029699616382584393,0.054497354415223125,0.0029699616382584393,0.054497354415223125
742,0,train,16,0.001551272675130328,0.03938619904395863,0.0029630955374420004,0.05443432315590964
742,1,train,16,0.002556126737548218,0.05055815203850135,0.0029630955374420004,0.05443432315590964
742,2,train,16,0.005245136154188978,0.0724233122287912,0.0029630955374420004,0.05443432315590964
742,3,train,16,0.0034366572335605867,0.058623009420880015,0.0029630955374420004,0.05443432315590964
742,4,train,16,0.0029831527745220903,0.05461824580231491,0.0029630955374420004,0.05443432315590964
742,5,train,16,0.0022652229109236693,0.04759435797364714,0.0029630955374420004,0.05443432315590964
742,6,train,16,0.0013368838958049754,0.03656342292243678,0.0029630955374420004,0.05443432315590964
742,7,train,8,0.004330311917857155,0.06580510556071736,0.0029630955374420004,0.05443432315590964
742,-1,train,120,0.0029630955374420004,0.05443432315590964,0.0029630955374420004,0.05443432315590964
743,0,train,16,0.0006593336963143859,0.025677493964839832,0.0030866532740988595,0.055557657204915144
743,1,train,16,0.0040357349554657525,0.063527434667754,0.0030866532740988595,0.055557657204915144
743,2,train,16,0.0025826824362508946,0.05082009874302582,0.0030866532740988595,0.055557657204915144
743,3,train,16,0.0040234358817925146,0.06343055952608738,0.0030866532740988595,0.055557657204915144
743,4,train,16,0.0011287746732046126,0.033597242047593914,0.0030866532740988595,0.055557657204915144
743,5,train,16,0.0032597434785344367,0.0570941632615317,0.0030866532740988595,0.055557657204915144
743,6,train,16,0.0025377262457916888,0.050375849826992385,0.0030866532740988595,0.055557657204915144
743,7,train,8,0.006465794825436588,0.0804101661821227,0.0030866532740988595,0.055557657204915144
743,-1,train,120,0.0030866532740988595,0.055557657204915144,0.0030866532740988595,0.055557657204915144
744,0,train,16,0.004995786433049426,0.07068087742133247,0.002693675369044762,0.05190062975576271
744,1,train,16,0.0017331163501304585,0.04163071402378848,0.002693675369044762,0.05190062975576271
744,2,train,16,0.0016528049588857684,0.04065470401916325,0.002693675369044762,0.05190062975576271
744,3,train,16,0.0034637216544626246,0.0588533911891458,0.002693675369044762,0.05190062975576271
744,4,train,16,0.0033779286918575397,0.0581199508934543,0.002693675369044762,0.05190062975576271
744,5,train,16,0.002806002220540109,0.052971711512278974,0.002693675369044762,0.05190062975576271
744,6,train,16,0.00336006883472533,0.057966100737632247,0.002693675369044762,0.05190062975576271
744,7,train,8,0.00015997380870684313,0.012648075296535957,0.002693675369044762,0.05190062975576271
744,-1,train,120,0.002693675369044762,0.05190062975576271,0.002693675369044762,0.05190062975576271
745,0,train,16,0.004272004920469533,0.06536057619444258,0.0028756028600207583,0.053624647877825345
745,1,train,16,0.002266998497947562,0.047613007654920964,0.0028756028600207583,0.053624647877825345
745,2,train,16,0.0036217870077122176,0.06018128453026088,0.0028756028600207583,0.053624647877825345
745,3,train,16,0.0006583977894267177,0.025659263228446715,0.0028756028600207583,0.053624647877825345
745,4,train,16,0.0037958374165653953,0.06161036776846406,0.0028756028600207583,0.053624647877825345
745,5,train,16,0.0029091406758945102,0.053936450345703234,0.0028756028600207583,0.053624647877825345
745,6,train,16,0.0021521720850867206,0.04639150876062041,0.0028756028600207583,0.053624647877825345
745,7,train,8,0.003328484487063409,0.05769301939631353,0.0028756028600207583,0.053624647877825345
745,-1,train,120,0.0028756028600207583,0.053624647877825345,0.0028756028600207583,0.053624647877825345
746,0,train,16,0.003975486546787035,0.06305145951353573,0.0030176732520340033,0.05493335281988533
746,1,train,16,0.000794549685902951,0.02818775773102485,0.0030176732520340033,0.05493335281988533
746,2,train,16,0.002342509001654269,0.04839947315471801,0.0030176732520340033,0.05493335281988533
746,3,train,16,0.005557035503893205,0.07454552638417147,0.0030176732520340033,0.05493335281988533
746,4,train,16,0.0022348876580072746,0.04727459844363857,0.0030176732520340033,0.05493335281988533
746,5,train,16,0.001320949720678442,0.03634487199975317,0.0030176732520340033,0.05493335281988533
746,6,train,16,0.0021994146500540885,0.04689791733173328,0.0030176732520340033,0.05493335281988533
746,7,train,8,0.00571655324929476,0.07560789144854366,0.0030176732520340033,0.05493335281988533
746,-1,train,120,0.0030176732520340033,0.05493335281988533,0.0030176732520340033,0.05493335281988533
747,0,train,16,0.0019722086312032885,0.04440955562942832,0.0030184923630422605,0.05494080781206498
747,1,train,16,0.0026951375861367158,0.05191471454353492,0.0030184923630422605,0.05494080781206498
747,2,train,16,0.002465996816791264,0.04965880402095145,0.0030184923630422605,0.05494080781206498
747,3,train,16,0.003123751690871967,0.05589053310599181,0.0030184923630422605,0.05494080781206498
747,4,train,16,0.001665783871501987,0.04081401562578702,0.0030184923630422605,0.05494080781206498
747,5,train,16,0.0027882834871967277,0.05280419952235549,0.0030184923630422605,0.05494080781206498
747,6,train,16,0.0035773606057722756,0.05981104083505215,0.0030184923630422605,0.05494080781206498
747,7,train,8,0.00585941621486386,0.07654682367586431,0.0030184923630422605,0.05494080781206498
747,-1,train,120,0.0030184923630422605,0.05494080781206498,0.0030184923630422605,0.05494080781206498
748,0,train,16,0.0054181623286319435,0.07360816754023933,0.002836885760718237,0.05326242353402854
748,1,train,16,0.0012185020536439463,0.03490704876731842,0.002836885760718237,0.05326242353402854
748,2,train,16,0.0029082995380857574,0.05392865229250363,0.002836885760718237,0.05326242353402854
748,3,train,16,0.0033545773618915828,0.057918713399829444,0.002836885760718237,0.05326242353402854
748,4,train,16,0.002385491838926986,0.048841497099566734,0.002836885760718237,0.05326242353402854
748,5,train,16,0.0015091718485404156,0.03884806106539187,0.002836885760718237,0.05326242353402854
748,6,train,16,0.002835387089969968,0.05324835293199188,0.002836885760718237,0.05326242353402854
748,7,train,8,0.003065494026055294,0.055366903706594375,0.002836885760718237,0.05326242353402854
748,-1,train,120,0.002836885760718237,0.05326242353402854,0.002836885760718237,0.05326242353402854
749,0,train,16,0.0029298285743499927,0.05412789090986266,0.0029450426285225727,0.05426824696378696
749,1,train,16,0.004967637811659665,0.07048147140674395,0.0029450426285225727,0.05426824696378696
749,2,train,16,0.0024321923614465412,0.04931726230688947,0.0029450426285225727,0.05426824696378696
749,3,train,16,0.002745920219557428,0.05240152879026935,0.0029450426285225727,0.05426824696378696
749,4,train,16,0.002392339350101566,0.04891154618391823,0.0029450426285225727,0.05426824696378696
749,5,train,16,0.0022877645405032358,0.04783058164504417,0.0029450426285225727,0.05426824696378696
749,6,train,16,0.0008170186703529332,0.02858353845053011,0.0029450426285225727,0.05426824696378696
749,7,train,8,0.004987639500209218,0.07062322210299682,0.0029450426285225727,0.05426824696378696
749,-1,train,120,0.0029450426285225727,0.05426824696378696,0.0029450426285225727,0.05426824696378696
750,0,train,16,0.002846606116759,0.05335359516245367,0.0028158045131717164,0.05306415469195487
750,1,train,16,0.005187290776007413,0.07202284898563381,0.0028158045131717164,0.05306415469195487
750,2,train,16,0.00110346750535139,0.03321848138237794,0.0028158045131717164,0.05306415469195487
750,3,train,16,0.001965578070755974,0.04433484037138257,0.0028158045131717164,0.05306415469195487
750,4,train,16,0.0017638450400128299,0.041998155197732555,0.0028158045131717164,0.05306415469195487
750,5,train,16,0.004582822639569941,0.06769654821015575,0.0028158045131717164,0.05306415469195487
750,6,train,16,0.0018823073819701937,0.04338556651664461,0.0028158045131717164,0.05306415469195487
750,7,train,8,0.003194518574946992,0.056520072319017706,0.0028158045131717164,0.05306415469195487
750,-1,train,120,0.0028158045131717164,0.05306415469195487,0.0028158045131717164,0.05306415469195487
751,0,train,16,0.0021004862542716935,0.04583106211153843,0.003169993558155766,0.05630269583382101
751,1,train,16,0.002380124310283442,0.04878651771015679,0.003169993558155766,0.05630269583382101
751,2,train,16,0.0031768715806478505,0.05636374349391504,0.003169993558155766,0.05630269583382101
751,3,train,16,0.0023604796611671934,0.048584767789577765,0.003169993558155766,0.05630269583382101
751,4,train,16,0.001603296820609537,0.04004118905089529,0.003169993558155766,0.05630269583382101
751,5,train,16,0.0019209399136597533,0.043828528536328404,0.003169993558155766,0.05630269583382101
751,6,train,16,0.0029606538606001915,0.054411890801553585,0.003169993558155766,0.05630269583382101
751,7,train,8,0.008857096064006467,0.0941121462086933,0.003169993558155766,0.05630269583382101
751,-1,train,120,0.003169993558155766,0.05630269583382101,0.003169993558155766,0.05630269583382101
752,0,train,16,0.0030112439722774563,0.054874802708323754,0.0026467536959959514,0.051446610150679035
752,1,train,16,0.001679716919814495,0.040984349693687895,0.0026467536959959514,0.051446610150679035
752,2,train,16,0.004109239289619079,0.06410334850551162,0.0026467536959959514,0.051446610150679035
752,3,train,16,0.001158872996148047,0.03404222372507482,0.0026467536959959514,0.051446610150679035
752,4,train,16,0.0047970327706268355,0.06926061485885637,0.0026467536959959514,0.051446610150679035
752,5,train,16,0.0019714994771415305,0.0444015706607495,0.0026467536959959514,0.051446610150679035
752,6,train,16,0.003839662596922445,0.061965011070138964,0.0026467536959959514,0.051446610150679035
752,7,train,8,0.0006067615454177224,0.024632530227683115,0.0026467536959959514,0.051446610150679035
752,-1,train,120,0.0026467536959959514,0.051446610150679035,0.0026467536959959514,0.051446610150679035
753,0,train,16,0.0039247555143787265,0.06264786919264474,0.0028713471056697223,0.05358495223166409
753,1,train,16,0.004244962998997755,0.06515338056461656,0.0028713471056697223,0.05358495223166409
753,2,train,16,0.003147036837554203,0.05609845664146388,0.0028713471056697223,0.05358495223166409
753,3,train,16,0.0021328845031702752,0.04618316255054731,0.0028713471056697223,0.05358495223166409
753,4,train,16,0.0008832756747445377,0.02971995415111769,0.0028713471056697223,0.05358495223166409
753,5,train,16,0.0007573009408168265,0.02751910138098311,0.0028713471056697223,0.05358495223166409
753,6,train,16,0.003795285243269207,0.06160588643359664,0.0028713471056697223,0.05358495223166409
753,7,train,8,0.00408527513242625,0.06391615705301947,0.0028713471056697223,0.05358495223166409
753,-1,train,120,0.0028713471056697223,0.05358495223166409,0.0028713471056697223,0.05358495223166409
754,0,train,16,0.003548465413126771,0.05956899708008161,0.002632281538851075,0.05130576516192966
754,1,train,16,0.0027955159779024645,0.05287263921824278,0.002632281538851075,0.05130576516192966
754,2,train,16,0.00411171307694924,0.06412264090747698,0.002632281538851075,0.05130576516192966
754,3,train,16,0.0014607108896435446,0.038219247633143494,0.002632281538851075,0.05130576516192966
754,4,train,16,0.0035364705430166268,0.05946823137622832,0.002632281538851075,0.05130576516192966
754,5,train,16,0.002457650169668142,0.049574692834834004,0.002632281538851075,0.05130576516192966
754,6,train,16,0.0023824419150853217,0.048810264443919185,0.002632281538851075,0.05130576516192966
754,7,train,8,0.0007652843254164898,0.027663772797948037,0.002632281538851075,0.05130576516192966
754,-1,train,120,0.002632281538851075,0.05130576516192966,0.002632281538851075,0.05130576516192966
755,0,train,16,0.0025969242648390596,0.05096002614637339,0.002644711501892372,0.05142675861740045
755,1,train,16,0.003452924480467702,0.05876159017987602,0.002644711501892372,0.05142675861740045
755,2,train,16,0.0026503361549863264,0.051481415627256465,0.002644711501892372,0.05142675861740045
755,3,train,16,0.0012037178912812539,0.03469463778858707,0.002644711501892372,0.05142675861740045
755,4,train,16,0.00396352408563706,0.0629565253618484,0.002644711501892372,0.05142675861740045
755,5,train,16,0.0034143455959669876,0.05843240193562975,0.002644711501892372,0.05142675861740045
755,6,train,16,0.0027473343824892206,0.0524150205808337,0.002644711501892372,0.05142675861740045
755,7,train,8,0.001128585159471366,0.033594421552861506,0.002644711501892372,0.05142675861740045
755,-1,train,120,0.002644711501892372,0.05142675861740045,0.002644711501892372,0.05142675861740045
756,0,train,16,0.00495511809781729,0.07039259973759522,0.0026443056605398546,0.05142281264711076
756,1,train,16,0.002730869807731603,0.05225772486180012,0.0026443056605398546,0.05142281264711076
756,2,train,16,0.003117837248662857,0.055837597088904685,0.0026443056605398546,0.05142281264711076
756,3,train,16,0.0021855503490848067,0.04674987004350714,0.0026443056605398546,0.05142281264711076
756,4,train,16,0.0008843900987410057,0.029738696991310928,0.0026443056605398546,0.05142281264711076
756,5,train,16,0.0025322168571933388,0.05032113728040473,0.0026443056605398546,0.05142281264711076
756,6,train,16,0.0035887782064434,0.05990641206451443,0.0026443056605398546,0.05142281264711076
756,7,train,8,0.0011596846186445325,0.03405414245939152,0.0026443056605398546,0.05142281264711076
756,-1,train,120,0.0026443056605398546,0.05142281264711076,0.0026443056605398546,0.05142281264711076
757,0,train,16,0.0013444304344203209,0.036666475620385455,0.0027150200792699576,0.05210585455848467
757,1,train,16,0.0042958152223520315,0.06554246884541375,0.0027150200792699576,0.05210585455848467
757,2,train,16,0.004159257339013662,0.06449230449451827,0.0027150200792699576,0.05210585455848467
757,3,train,16,0.0007619954165336632,0.027604264462826447,0.0027150200792699576,0.05210585455848467
757,4,train,16,0.0029456631017933123,0.05427396338755179,0.0027150200792699576,0.05210585455848467
757,5,train,16,0.00328146214692831,0.05728404792722237,0.0027150200792699576,0.05210585455848467
757,6,train,16,0.0023850728724578176,0.04883720786918328,0.0027150200792699576,0.05210585455848467
757,7,train,8,0.0025464641006605433,0.05046250192628724,0.0027150200792699576,0.05210585455848467
757,-1,train,120,0.0027150200792699576,0.05210585455848467,0.0027150200792699576,0.05210585455848467
758,0,train,16,0.003224674863995484,0.05678622072294901,0.0029545268611818644,0.05435555961612266
758,1,train,16,0.0036879845964967886,0.06072877898078298,0.0029545268611818644,0.05435555961612266
758,2,train,16,0.0038204672251679417,0.06180992820872665,0.0029545268611818644,0.05435555961612266
758,3,train,16,0.0006588249492436147,0.02566758557487663,0.0029545268611818644,0.05435555961612266
758,4,train,16,0.0025931110475393214,0.05092259859374148,0.0029545268611818644,0.05435555961612266
758,5,train,16,0.0016283239869721068,0.04035249666342972,0.0029545268611818644,0.05435555961612266
758,6,train,16,0.0014451501846216568,0.03801513099571875,0.0029545268611818644,0.05435555961612266
758,7,train,8,0.006577678035417998,0.08110288549378498,0.0029545268611818644,0.05435555961612266
758,-1,train,120,0.0029545268611818644,0.05435555961612266,0.0029545268611818644,0.05435555961612266
759,0,train,16,0.002321645040821231,0.04818345193965695,0.0025462835774065933,0.05046071320747055
759,1,train,16,0.004970491928261725,0.07050171578239586,0.0025462835774065933,0.05046071320747055
759,2,train,16,0.0012245751892096788,0.03499393074819802,0.0025462835774065933,0.05046071320747055
759,3,train,16,0.003196431744967977,0.056536994481206526,0.0025462835774065933,0.05046071320747055
759,4,train,16,0.0007105133235956109,0.026655455794182378,0.0025462835774065933,0.05046071320747055
759,5,train,16,0.004571579784795386,0.06761345860696216,0.0025462835774065933,0.05046071320747055
759,6,train,16,0.003172170775331204,0.05632202744336539,0.0025462835774065933,0.05046071320747055
759,7,train,8,0.00020286083226993138,0.014242922181558508,0.0025462835774065933,0.05046071320747055
759,-1,train,120,0.0025462835774065933,0.05046071320747055,0.0025462835774065933,0.05046071320747055
760,0,train,16,0.001420866255054045,0.03769437962155691,0.0028325104800145696,0.05322133481992508
760,1,train,16,0.0032985808989689685,0.05743327344814127,0.0028325104800145696,0.05322133481992508
760,2,train,16,0.0034498993017155525,0.05873584341537587,0.0028325104800145696,0.05322133481992508
760,3,train,16,0.002437647607145409,0.0493725389983684,0.0028325104800145696,0.05322133481992508
760,4,train,16,0.004545970843303955,0.06742381510493124,0.0028325104800145696,0.05322133481992508
760,5,train,16,0.0008275189643228251,0.028766629352825212,0.0028325104800145696,0.05322133481992508
760,6,train,16,0.0017862233311885898,0.04226373541452045,0.0028325104800145696,0.05322133481992508
760,7,train,8,0.004893376638417211,0.06995267427637925,0.0028325104800145696,0.05322133481992508
760,-1,train,120,0.0028325104800145696,0.05322133481992508,0.0028325104800145696,0.05322133481992508
761,0,train,16,0.0020760513116856736,0.04556370607935305,0.002579081593235562,0.05078465903435369
761,1,train,16,0.0016700707461659442,0.0408664990691146,0.002579081593235562,0.05078465903435369
761,2,train,16,0.0032831011005817964,0.057298351639308055,0.002579081593235562,0.05078465903435369
761,3,train,16,0.0038915176535846705,0.062382029893108405,0.002579081593235562,0.05078465903435369
761,4,train,16,0.0025521344367532782,0.05051865434424474,0.002579081593235562,0.05078465903435369
761,5,train,16,0.0028487441021175287,0.053373627402655784,0.002579081593235562,0.05078465903435369
761,6,train,16,0.0034603569004289943,0.05882479834584216,0.002579081593235562,0.05078465903435369
761,7,train,8,0.0008506764945666074,0.029166358952851953,0.002579081593235562,0.05078465903435369
761,-1,train,120,0.002579081593235562,0.05078465903435369,0.002579081593235562,0.05078465903435369
762,0,train,16,0.0008753185051337979,0.029585782145040512,0.0027798460289754556,0.05272424517217345
762,1,train,16,0.0015316700107647165,0.03913655593897752,0.0027798460289754556,0.05272424517217345
762,2,train,16,0.002999284614201048,0.05476572481215827,0.0027798460289754556,0.05272424517217345
762,3,train,16,0.003936330233866719,0.06274018037802186,0.0027798460289754556,0.05272424517217345
762,4,train,16,0.002202873279932362,0.04693477687101923,0.0027798460289754556,0.05272424517217345
762,5,train,16,0.002343090813039089,0.04840548329517111,0.0027798460289754556,0.05272424517217345
762,6,train,16,0.0041495200109717,0.06441676808853189,0.0027798460289754556,0.05272424517217345
762,7,train,8,0.004200680763894211,0.06481265897873818,0.0027798460289754556,0.05272424517217345
762,-1,train,120,0.0027798460289754556,0.05272424517217345,0.0027798460289754556,0.05272424517217345
763,0,train,16,0.0017766424080627482,0.04215023615666641,0.0026769455269598755,0.05173920686442609
763,1,train,16,0.0020462224045609137,0.04523518989195153,0.0026769455269598755,0.05173920686442609
763,2,train,16,0.005415236444668099,0.07358829013279286,0.0026769455269598755,0.05173920686442609
763,3,train,16,0.0028676651246218976,0.053550584727170794,0.0026769455269598755,0.05173920686442609
763,4,train,16,0.0024170114141149742,0.04916311029740667,0.0026769455269598755,0.05173920686442609
763,5,train,16,0.0027143048850478157,0.05209899120950247,0.0026769455269598755,0.05173920686442609
763,6,train,16,0.001416019462566441,0.03763003404949883,0.0026769455269598755,0.05173920686442609
763,7,train,8,0.0027624620720361134,0.05255912929297929,0.0026769455269598755,0.05173920686442609
763,-1,train,120,0.0026769455269598755,0.05173920686442609,0.0026769455269598755,0.05173920686442609
764,0,train,16,0.0017557906488363136,0.041902155658585315,0.0028657938576533174,0.05353310991950045
764,1,train,16,0.0017360101316922047,0.04166545489601913,0.0028657938576533174,0.05353310991950045
764,2,train,16,0.002504450642420368,0.05004448663359799,0.0028657938576533174,0.05353310991950045
764,3,train,16,0.0022506213231491294,0.04744071377149726,0.0028657938576533174,0.05353310991950045
764,4,train,16,0.0032140739932962972,0.05669280371701771,0.0028657938576533174,0.05353310991950045
764,5,train,16,0.004442610057834009,0.06665290734719685,0.0028657938576533174,0.05353310991950045
764,6,train,16,0.001296710526661669,0.03600986707364621,0.0028657938576533174,0.05353310991950045
764,7,train,8,0.005726083537336551,0.07567088962960955,0.0028657938576533174,0.05353310991950045
764,-1,train,120,0.0028657938576533174,0.05353310991950045,0.0028657938576533174,0.05353310991950045
765,0,train,16,0.003859796284270562,0.06212725878606396,0.00253733865303591,0.05037200267049058
765,1,train,16,0.0012700850220260333,0.035638252230237574,0.00253733865303591,0.05037200267049058
765,2,train,16,0.0036911158023763277,0.06075455375835072,0.00253733865303591,0.05037200267049058
765,3,train,16,0.003958375727709238,0.06291562387602334,0.00253733865303591,0.05037200267049058
765,4,train,16,0.0027022829960187005,0.05198348772464868,0.00253733865303591,0.05037200267049058
765,5,train,16,0.001685771073927553,0.04105814260201687,0.00253733865303591,0.05037200267049058
765,6,train,16,0.002248282257904745,0.04741605485386511,0.00253733865303591,0.05037200267049058
765,7,train,8,0.0008830000600541232,0.029715316926698314,0.00253733865303591,0.05037200267049058
765,-1,train,120,0.00253733865303591,0.05037200267049058,0.00253733865303591,0.05037200267049058
766,0,train,16,0.0015674205817411073,0.03959066281007565,0.0024882794249477787,0.04988265655463609
766,1,train,16,0.0032735797129157364,0.057215205259753606,0.0024882794249477787,0.04988265655463609
766,2,train,16,0.0025697247901458158,0.05069245299002422,0.0024882794249477787,0.04988265655463609
766,3,train,16,0.0014619029140871553,0.038234839009562406,0.0024882794249477787,0.04988265655463609
766,4,train,16,0.0015294998728652555,0.03910882090865506,0.0024882794249477787,0.04988265655463609
766,5,train,16,0.004820340113976509,0.06942866925108467,0.0024882794249477787,0.04988265655463609
766,6,train,16,0.004541352116121146,0.06738955494823472,0.0024882794249477787,0.04988265655463609
766,7,train,8,0.0001424152977295053,0.011933788071249854,0.0024882794249477787,0.04988265655463609
766,-1,train,120,0.0024882794249477787,0.04988265655463609,0.0024882794249477787,0.04988265655463609
767,0,train,16,0.0012264753495649901,0.0350210700802387,0.002756880459722396,0.052506004034990096
767,1,train,16,0.0030118081211715567,0.05487994279490055,0.002756880459722396,0.052506004034990096
767,2,train,16,0.0032852892986503165,0.05731744323197186,0.002756880459722396,0.052506004034990096
767,3,train,16,0.0020012227137047906,0.044735027816072616,0.002756880459722396,0.052506004034990096
767,4,train,16,0.003030254427950215,0.055047746801755795,0.002756880459722396,0.052506004034990096
767,5,train,16,0.0015475555365232867,0.039338982403250934,0.002756880459722396,0.052506004034990096
767,6,train,16,0.003394524129686436,0.05826254482672754,0.002756880459722396,0.052506004034990096
767,7,train,8,0.004557914100527581,0.06751232554524826,0.002756880459722396,0.052506004034990096
767,-1,train,120,0.002756880459722396,0.052506004034990096,0.002756880459722396,0.052506004034990096
768,0,train,16,0.0037099929806077105,0.06090971171010179,0.0025047770401673206,0.05004774760333696
768,1,train,16,0.00232496298909242,0.04821787001820404,0.0025047770401673206,0.05004774760333696
768,2,train,16,0.0017965647854978068,0.04238590314594944,0.0025047770401673206,0.05004774760333696
768,3,train,16,0.005034045157700973,0.0709510053325601,0.0025047770401673206,0.05004774760333696
768,4,train,16,0.0034255409252178168,0.058528120807162576,0.0025047770401673206,0.05004774760333696
768,5,train,16,0.0016571329813002474,0.04070789826680134,0.0025047770401673206,0.05004774760333696
768,6,train,16,0.0016411610686160234,0.04051124619924723,0.0025047770401673206,0.05004774760333696
768,7,train,8,0.0004488154333055632,0.021185264532348026,0.0025047770401673206,0.05004774760333696
768,-1,train,120,0.0025047770401673206,0.05004774760333696,0.0025047770401673206,0.05004774760333696
769,0,train,16,0.001900757010084235,0.043597672071846165,0.0025736328888710486,0.05073098549083241
769,1,train,16,0.004007809869419778,0.06330726553421635,0.0025736328888710486,0.05073098549083241
769,2,train,16,0.00422783261429859,0.0650217856898639,0.0025736328888710486,0.05073098549083241
769,3,train,16,0.0034534331571307955,0.0587659183296815,0.0025736328888710486,0.05073098549083241
769,4,train,16,0.0022345780297603917,0.04727132354568033,0.0025736328888710486,0.05073098549083241
769,5,train,16,0.0012333877043284364,0.03511961993428227,0.0025736328888710486,0.05073098549083241
769,6,train,16,0.0017094518591185127,0.041345518005202364,0.0025736328888710486,0.05073098549083241
769,7,train,8,0.0018218128668276497,0.04268269985401169,0.0025736328888710486,0.05073098549083241
769,-1,train,120,0.0025736328888710486,0.05073098549083241,0.0025736328888710486,0.05073098549083241
770,0,train,16,0.0038097702679250876,0.06172333649378562,0.00271838457133462,0.05213812972609029
770,1,train,16,0.003322153913021983,0.057638128986131944,0.00271838457133462,0.05213812972609029
770,2,train,16,0.0026173113931331933,0.051159665686292294,0.00271838457133462,0.05213812972609029
770,3,train,16,0.0033297335668199604,0.05770384360525701,0.00271838457133462,0.05213812972609029
770,4,train,16,0.0005975957208399863,0.024445771021589527,0.00271838457133462,0.05213812972609029
770,5,train,16,0.0013322343908087207,0.03649978617483561,0.00271838457133462,0.05213812972609029
770,6,train,16,0.0024383864844482583,0.049380021106194945,0.00271838457133462,0.05213812972609029
770,7,train,8,0.0042998908336797734,0.06557355285234874,0.00271838457133462,0.05213812972609029
770,-1,train,120,0.00271838457133462,0.05213812972609029,0.00271838457133462,0.05213812972609029
771,0,train,16,0.0022934956515975055,0.047890454702346534,0.0026451878905530846,0.051431390128530305
771,1,train,16,0.003759036642627009,0.06131098305056777,0.0026451878905530846,0.051431390128530305
771,2,train,16,0.0024775915451102602,0.04977541104913409,0.0026451878905530846,0.051431390128530305
771,3,train,16,0.003569639811814423,0.059746462755667994,0.0026451878905530846,0.051431390128530305
771,4,train,16,0.0018107487856797936,0.04255289397537838,0.0026451878905530846,0.051431390128530305
771,5,train,16,0.002547534739935005,0.05047310907735925,0.0026451878905530846,0.051431390128530305
771,6,train,16,0.0013089878496737274,0.03617993711539211,0.0026451878905530846,0.051431390128530305
771,7,train,8,0.0033944680979869544,0.05826206396950725,0.0026451878905530846,0.051431390128530305
771,-1,train,120,0.0026451878905530846,0.051431390128530305,0.0026451878905530846,0.051431390128530305
772,0,train,16,0.0034087439454557585,0.05838444951745078,0.0027050619566028004,0.05201021011881033
772,1,train,16,0.0026680558656188283,0.051653227059098916,0.0027050619566028004,0.05201021011881033
772,2,train,16,0.0038365964835308576,0.06194026544608004,0.0027050619566028004,0.05201021011881033
772,3,train,16,0.0027176527190375162,0.05213111085558715,0.0027050619566028004,0.05201021011881033
772,4,train,16,0.0012470495995881166,0.035313589446389,0.0027050619566028004,0.05201021011881033
772,5,train,16,0.0023018184785812265,0.04797727043696032,0.0027050619566028004,0.05201021011881033
772,6,train,16,0.0010084524739102359,0.031756140727585834,0.0027050619566028004,0.05201021011881033
772,7,train,8,0.0044521260870998645,0.06672425411422644,0.0027050619566028004,0.05201021011881033
772,-1,train,120,0.0027050619566028004,0.05201021011881033,0.0027050619566028004,0.05201021011881033
773,0,train,16,0.004817336737861345,0.06940703665955884,0.0025356529812565073,0.05035526766145233
773,1,train,16,0.0019429936984432725,0.04407940220151894,0.0025356529812565073,0.05035526766145233
773,2,train,16,0.0028700674708506037,0.05357301065695864,0.0025356529812565073,0.05035526766145233
773,3,train,16,0.0029613912508649042,0.05441866638263845,0.0025356529812565073,0.05035526766145233
773,4,train,16,0.002614026225499085,0.051127548596613594,0.0025356529812565073,0.05035526766145233
773,5,train,16,0.0007936715530401515,0.02817217693115233,0.0025356529812565073,0.05035526766145233
773,6,train,16,0.002701205635458662,0.05197312416488605,0.0025356529812565073,0.05035526766145233
773,7,train,8,0.0015845312780340328,0.03980617135613563,0.0025356529812565073,0.05035526766145233
773,-1,train,120,0.0025356529812565073,0.05035526766145233,0.0025356529812565073,0.05035526766145233
774,0,train,16,0.003254635872747026,0.05704941605964978,0.002446556067886096,0.049462673480980546
774,1,train,16,0.0035852777241300463,0.05987718867924618,0.002446556067886096,0.049462673480980546
774,2,train,16,0.0014439072472134961,0.03799877954899994,0.002446556067886096,0.049462673480980546
774,3,train,16,0.0027137193756570583,0.05209337170559282,0.002446556067886096,0.049462673480980546
774,4,train,16,0.004332281447296554,0.06582006872752834,0.002446556067886096,0.049462673480980546
774,5,train,16,0.0011397030050930123,0.033759487630783326,0.002446556067886096,0.049462673480980546
774,6,train,16,0.002428141752198338,0.0492761783440877,0.002446556067886096,0.049462673480980546
774,7,train,8,0.0006747821187532402,0.02597656864855788,0.002446556067886096,0.049462673480980546
774,-1,train,120,0.002446556067886096,0.049462673480980546,0.002446556067886096,0.049462673480980546
775,0,train,16,0.004358162675705565,0.06601638187378618,0.0024886649834045173,0.049886521059345455
775,1,train,16,0.0029238151307685047,0.0540723139024816,0.0024886649834045173,0.049886521059345455
775,2,train,16,0.002351419516165048,0.048491437555150375,0.0024886649834045173,0.049886521059345455
775,3,train,16,0.002157974963491184,0.046454009121831286,0.0024886649834045173,0.049886521059345455
775,4,train,16,0.001772657256354592,0.04210293643387112,0.0024886649834045173,0.049886521059345455
775,5,train,16,0.0006539647619253148,0.0255727347369286,0.0024886649834045173,0.049886521059345455
775,6,train,16,0.004221212208461471,0.06497085660864778,0.0024886649834045173,0.049886521059345455
775,7,train,8,0.0014701133543644552,0.0383420572526365,0.0024886649834045173,0.049886521059345455
775,-1,train,120,0.0024886649834045173,0.049886521059345455,0.0024886649834045173,0.049886521059345455
776,0,train,16,0.0030364331661854537,0.055103839849736914,0.0024183544691335416,0.049176767575081035
776,1,train,16,0.003839053609412007,0.06196009691254531,0.0024183544691335416,0.049176767575081035
776,2,train,16,0.003307102372932766,0.05750741146089577,0.0024183544691335416,0.049176767575081035
776,3,train,16,0.0022806046405348577,0.047755676526826184,0.0024183544691335416,0.049176767575081035
776,4,train,16,0.0013052841497239315,0.036128716414009665,0.0024183544691335416,0.049176767575081035
776,5,train,16,0.003646010451053018,0.060382203098703,0.0024183544691335416,0.049176767575081035
776,6,train,16,0.0015513460227490838,0.03938713016645264,0.0024183544691335416,0.049176767575081035
776,7,train,8,0.00038100134047721614,0.019519255633277006,0.0024183544691335416,0.049176767575081035
776,-1,train,120,0.0024183544691335416,0.049176767575081035,0.0024183544691335416,0.049176767575081035
777,0,train,16,0.001432728078489152,0.037851394670330864,0.0024559692870601162,0.04955773690414158
777,1,train,16,0.0019117287831777745,0.0437233208159876,0.0024559692870601162,0.04955773690414158
777,2,train,16,0.003029655245270832,0.05504230414209449,0.0024559692870601162,0.04955773690414158
777,3,train,16,0.0034761513213161246,0.058958895183984956,0.0024559692870601162,0.04955773690414158
777,4,train,16,0.00391785492273407,0.06259277053090133,0.0024559692870601162,0.04955773690414158
777,5,train,16,0.0033534866201722995,0.05790929649177496,0.0024559692870601162,0.04955773690414158
777,6,train,16,0.0013888009894839507,0.037266620312069496,0.0024559692870601162,0.04955773690414158
777,7,train,8,0.0011373483358367257,0.033724595413981255,0.0024559692870601162,0.04955773690414158
777,-1,train,120,0.0024559692870601162,0.04955773690414158,0.0024559692870601162,0.04955773690414158
778,0,train,16,0.0012564529535613687,0.0354464801293636,0.0023832078032068084,0.04881810937763576
778,1,train,16,0.001785714258475151,0.04225771241412804,0.0023832078032068084,0.04881810937763576
778,2,train,16,0.0046771668251822844,0.06838981521529565,0.0023832078032068084,0.04881810937763576
778,3,train,16,0.0030439214121083264,0.05517174468972616,0.0023832078032068084,0.04881810937763576
778,4,train,16,0.001079798738165395,0.03286029120633892,0.0023832078032068084,0.04881810937763576
778,5,train,16,0.0040334712642666,0.06350961552604928,0.0023832078032068084,0.04881810937763576
778,6,train,16,0.003063851519470631,0.055352068791244206,0.0023832078032068084,0.04881810937763576
778,7,train,8,0.00012528545442470776,0.011193098517600378,0.0023832078032068084,0.04881810937763576
778,-1,train,120,0.0023832078032068084,0.04881810937763576,0.0023832078032068084,0.04881810937763576
779,0,train,16,0.005596386693371717,0.07480900141942624,0.0025456683944751696,0.050454617176975684
779,1,train,16,0.0007607403454190545,0.02758152181115202,0.0025456683944751696,0.050454617176975684
779,2,train,16,0.0017575995169534521,0.041923734530137605,0.0025456683944751696,0.050454617176975684
779,3,train,16,0.0038665227271479927,0.06218136961460396,0.0025456683944751696,0.050454617176975684
779,4,train,16,0.0011358555152410634,0.03370245562627541,0.0025456683944751696,0.050454617176975684
779,5,train,16,0.0029442579385045675,0.054261016747795716,0.0025456683944751696,0.050454617176975684
779,6,train,16,0.0015758840987233943,0.0396974067002291,0.0025456683944751696,0.050454617176975684
779,7,train,8,0.0027281003204401148,0.0522312197870212,0.0025456683944751696,0.050454617176975684
779,-1,train,120,0.0025456683944751696,0.050454617176975684,0.0025456683944751696,0.050454617176975684
780,0,train,16,0.0032138053989942,0.05669043481041753,0.0024081669854929036,0.049073078011195745
780,1,train,16,0.004354199094774432,0.0659863553681701,0.0024081669854929036,0.049073078011195745
780,2,train,16,0.0027274951625529693,0.05222542639895791,0.0024081669854929036,0.049073078011195745
780,3,train,16,0.0026649100357977323,0.051622766642226106,0.0024081669854929036,0.049073078011195745
780,4,train,16,0.00321394806677706,0.05669169310205032,0.0024081669854929036,0.049073078011195745
780,5,train,16,0.0004853350418031111,0.022030320964595843,0.0024081669854929036,0.049073078011195745
780,6,train,16,0.001908405635575257,0.04368530228320799,0.0024081669854929036,0.049073078011195745
780,7,train,8,0.0006972374476684666,0.02640525416784445,0.0024081669854929036,0.049073078011195745
780,-1,train,120,0.0024081669854929036,0.049073078011195745,0.0024081669854929036,0.049073078011195745
781,0,train,16,0.0020836098908294963,0.04564657589381153,0.0025251705995970016,0.05025107560636888
781,1,train,16,0.00211905274039602,0.04603317000159798,0.0025251705995970016,0.05025107560636888
781,2,train,16,0.0027797752386194653,0.052723573841493954,0.0025251705995970016,0.05025107560636888
781,3,train,16,0.0012261650506526743,0.03501663962536489,0.0025251705995970016,0.05025107560636888
781,4,train,16,0.0010343570291077564,0.0321614214410333,0.0025251705995970016,0.05025107560636888
781,5,train,16,0.004392390486379521,0.06627511211895097,0.0025251705995970016,0.05025107560636888
781,6,train,16,0.003917237471597601,0.06258783804859855,0.0025251705995970016,0.05025107560636888
781,7,train,8,0.002648776889193477,0.051466269431477904,0.0025251705995970016,0.05025107560636888
781,-1,train,120,0.0025251705995970016,0.05025107560636888,0.0025251705995970016,0.05025107560636888
782,0,train,16,0.002883655222412909,0.05369967618536362,0.002489163274489354,0.04989151505506075
782,1,train,16,0.003907976669145563,0.06251381182703197,0.002489163274489354,0.04989151505506075
782,2,train,16,0.005308232017454603,0.07285761468408504,0.002489163274489354,0.04989151505506075
782,3,train,16,0.0007987199956913405,0.028261634696021044,0.002489163274489354,0.04989151505506075
782,4,train,16,0.000731022526522058,0.027037428252739904,0.002489163274489354,0.04989151505506075
782,5,train,16,0.0022759419853998894,0.04770683373899267,0.002489163274489354,0.04989151505506075
782,6,train,16,0.0019292667612357771,0.04392341927987593,0.002489163274489354,0.04989151505506075
782,7,train,8,0.0020784910180526913,0.04559047069347597,0.002489163274489354,0.04989151505506075
782,-1,train,120,0.002489163274489354,0.04989151505506075,0.002489163274489354,0.04989151505506075
783,0,train,16,0.0017862991321279254,0.042264632166007614,0.002434838854026167,0.049344086312608594
783,1,train,16,0.0036287071291878268,0.06023875105932913,0.002434838854026167,0.049344086312608594
783,2,train,16,0.002365372078076427,0.0486350910154019,0.002434838854026167,0.049344086312608594
783,3,train,16,0.0026415562777298215,0.05139607259051825,0.002434838854026167,0.049344086312608594
783,4,train,16,0.0012815129388122795,0.03579822535842077,0.002434838854026167,0.049344086312608594
783,5,train,16,0.00466448981170957,0.06829707030107199,0.002434838854026167,0.049344086312608594
783,6,train,16,0.0015399720475919667,0.03924247759242486,0.002434838854026167,0.049344086312608594
783,7,train,8,0.0015708014169735194,0.03963333719198422,0.002434838854026167,0.049344086312608594
783,-1,train,120,0.002434838854026167,0.049344086312608594,0.002434838854026167,0.049344086312608594
784,0,train,16,0.0017294514660885552,0.04158667414074556,0.0025799019800634114,0.05079273550482796
784,1,train,16,0.003177787867495615,0.05637187124351661,0.0025799019800634114,0.05079273550482796
784,2,train,16,0.0008279432511995479,0.028774003044407078,0.0025799019800634114,0.05079273550482796
784,3,train,16,0.0028762706377423817,0.05363087392297819,0.0025799019800634114,0.05079273550482796
784,4,train,16,0.004959545368949929,0.07042403970910735,0.0025799019800634114,0.05079273550482796
784,5,train,16,0.0017245112294252264,0.04152723479146218,0.0025799019800634114,0.05079273550482796
784,6,train,16,0.0014049933113825341,0.03748324040664753,0.0025799019800634114,0.05079273550482796
784,7,train,8,0.003938712708223502,0.06275916433656126,0.0025799019800634114,0.05079273550482796
784,-1,train,120,0.0025799019800634114,0.05079273550482796,0.0025799019800634114,0.05079273550482796
785,0,train,16,0.004146243873733501,0.06439133384030417,0.002403499825797353,0.04902550179036777
785,1,train,16,0.0016758255892459742,0.04093684879477137,0.002403499825797353,0.04902550179036777
785,2,train,16,0.003542893737150781,0.05952221213253739,0.002403499825797353,0.04902550179036777
785,3,train,16,0.0020710297717422524,0.045508568113513004,0.002403499825797353,0.04902550179036777
785,4,train,16,0.001126910041457509,0.033569480804109986,0.002403499825797353,0.04902550179036777
785,5,train,16,0.0034082244753889297,0.058380000645674286,0.002403499825797353,0.04902550179036777
785,6,train,16,0.0019892766719661163,0.04460130796250393,0.002403499825797353,0.04902550179036777
785,7,train,8,0.0012675944456937613,0.03560329262433127,0.002403499825797353,0.04902550179036777
785,-1,train,120,0.002403499825797353,0.04902550179036777,0.002403499825797353,0.04902550179036777
786,0,train,16,0.003747032217545642,0.061213006931089754,0.002320287897906546,0.048169366799933604
786,1,train,16,0.0029212345329202327,0.05404844616564136,0.002320287897906546,0.048169366799933604
786,2,train,16,0.002549568866241275,0.050493255651039924,0.002320287897906546,0.048169366799933604
786,3,train,16,0.0014337706393676892,0.03786516392896892,0.002320287897906546,0.048169366799933604
786,4,train,16,0.0041011120370347395,0.06403992533595537,0.002320287897906546,0.048169366799933604
786,5,train,16,0.002107017777684128,0.04590226331766363,0.002320287897906546,0.048169366799933604
786,6,train,16,0.0016041604194727884,0.04005197148047507,0.002320287897906546,0.048169366799933604
786,7,train,8,9.840669298587187e-05,0.009920014767422066,0.002320287897906546,0.048169366799933604
786,-1,train,120,0.002320287897906546,0.048169366799933604,0.002320287897906546,0.048169366799933604
787,0,train,16,0.003411868054644794,0.0584111980243925,0.002544185368107062,0.050439918399092024
787,1,train,16,0.002756750208601913,0.05250476367532677,0.002544185368107062,0.050439918399092024
787,2,train,16,0.0020975744083303063,0.045799283928139166,0.002544185368107062,0.050439918399092024
787,3,train,16,0.002305183388447713,0.04801232538054903,0.002544185368107062,0.050439918399092024
787,4,train,16,0.003847396295879495,0.06202738343570116,0.002544185368107062,0.050439918399092024
787,5,train,16,0.000482765114163648,0.02197191648818209,0.002544185368107062,0.050439918399092024
787,6,train,16,0.0017198265028419701,0.04147079095992709,0.002544185368107062,0.050439918399092024
787,7,train,8,0.0037321189719466603,0.06109107113111261,0.002544185368107062,0.050439918399092024
787,-1,train,120,0.002544185368107062,0.050439918399092024,0.002544185368107062,0.050439918399092024
788,0,train,16,0.0017046128050697408,0.04128695683953639,0.002414904715682246,0.049141680025028105
788,1,train,16,0.004207931147268888,0.0648685682535763,0.002414904715682246,0.049141680025028105
788,2,train,16,0.0019250111012432875,0.04387494844718667,0.002414904715682246,0.049141680025028105
788,3,train,16,0.0022792469168665557,0.04774145909863413,0.002414904715682246,0.049141680025028105
788,4,train,16,0.002424208556677963,0.049236252463788946,0.002414904715682246,0.049141680025028105
788,5,train,16,0.0019154874424948266,0.043766282027319005,0.002414904715682246,0.049141680025028105
788,6,train,16,0.002993399334983574,0.054711967018044365,0.002414904715682246,0.049141680025028105
788,7,train,8,0.0018693404208531329,0.043235869609077285,0.002414904715682246,0.049141680025028105
788,-1,train,120,0.002414904715682246,0.049141680025028105,0.002414904715682246,0.049141680025028105
789,0,train,16,0.0027969618825179642,0.052886310918024565,0.002504855613131438,0.050048532577203875
789,1,train,16,0.0016313767781262552,0.040390305496817616,0.002504855613131438,0.050048532577203875
789,2,train,16,0.0003383801097453755,0.018395111028351407,0.002504855613131438,0.050048532577203875
789,3,train,16,0.004482451187270609,0.06695111042597135,0.002504855613131438,0.050048532577203875
789,4,train,16,0.002601981954221605,0.05100962609372475,0.002504855613131438,0.050048532577203875
789,5,train,16,0.001902495543799466,0.04361760589256895,0.002504855613131438,0.050048532577203875
789,6,train,16,0.0028707243874340985,0.0535791413465548,0.002504855613131438,0.050048532577203875
789,7,train,8,0.0034144730619361297,0.05843349263852136,0.002504855613131438,0.050048532577203875
789,-1,train,120,0.002504855613131438,0.050048532577203875,0.002504855613131438,0.050048532577203875
790,0,train,16,0.0035231347615393453,0.05935600021513701,0.0025162942375539315,0.05016267773508439
790,1,train,16,0.0022872295258443854,0.04782498850856512,0.0025162942375539315,0.05016267773508439
790,2,train,16,0.0011243381040187937,0.0335311512480379,0.0025162942375539315,0.05016267773508439
790,3,train,16,0.00248399033382438,0.049839646204847605,0.0025162942375539315,0.05016267773508439
790,4,train,16,0.0018118817296268498,0.04256620407819858,0.0025162942375539315,0.05016267773508439
790,5,train,16,0.0031010202994635866,0.05568680543417432,0.0025162942375539315,0.05016267773508439
790,6,train,16,0.0021119962788913637,0.04595646068716958,0.0025162942375539315,0.05016267773508439
790,7,train,8,0.003686762867222749,0.06071871924886714,0.0025162942375539315,0.05016267773508439
790,-1,train,120,0.0025162942375539315,0.05016267773508439,0.0025162942375539315,0.05016267773508439
791,0,train,16,0.001977613857861507,0.04447037056132439,0.002387165408694124,0.04885862675816957
791,1,train,16,0.001294358184616528,0.035977189782090094,0.002387165408694124,0.04885862675816957
791,2,train,16,0.0026461680984964887,0.0514409185230638,0.002387165408694124,0.04885862675816957
791,3,train,16,0.001860113474413542,0.04312903284811221,0.002387165408694124,0.04885862675816957
791,4,train,16,0.003288306824979529,0.057343760122436416,0.002387165408694124,0.04885862675816957
791,5,train,16,0.003937666406393638,0.06275082793392958,0.002387165408694124,0.04885862675816957
791,6,train,16,0.002140062011279542,0.0462608042653772,0.002387165408694124,0.04885862675816957
791,7,train,8,0.0019530344115122177,0.044193148920530854,0.002387165408694124,0.04885862675816957
791,-1,train,120,0.002387165408694124,0.04885862675816957,0.002387165408694124,0.04885862675816957
792,0,train,16,0.002304863467568052,0.04800899361128133,0.002555877290593751,0.05055568504722047
792,1,train,16,0.0030169442494914723,0.05492671708277742,0.002555877290593751,0.05055568504722047
792,2,train,16,0.001709176803221715,0.04134219156287817,0.002555877290593751,0.05055568504722047
792,3,train,16,0.00118225429410903,0.034383924937520294,0.002555877290593751,0.05055568504722047
792,4,train,16,0.0016738015541944485,0.04091211989367513,0.002555877290593751,0.05055568504722047
792,5,train,16,0.0033139715692671588,0.05756710492344703,0.002555877290593751,0.05055568504722047
792,6,train,16,0.002545838849085899,0.05045630633613502,0.002555877290593751,0.05055568504722047
792,7,train,8,0.004700167537812232,0.06855776788819945,0.002555877290593751,0.05055568504722047
792,-1,train,120,0.002555877290593751,0.05055568504722047,0.002555877290593751,0.05055568504722047
793,0,train,16,0.0022196530799155224,0.04711319432935451,0.0022629799146029403,0.04757078845891605
793,1,train,16,0.0028802321992070627,0.05366779480477154,0.0022629799146029403,0.04757078845891605
793,2,train,16,0.0010049921933852073,0.03170161184206897,0.0022629799146029403,0.04757078845891605
793,3,train,16,0.0048037383889982235,0.06930900655036273,0.0022629799146029403,0.04757078845891605
793,4,train,16,0.002449103042632433,0.049488413215948164,0.0022629799146029403,0.04757078845891605
793,5,train,16,0.0011914172296300044,0.03451691222618275,0.0022629799146029403,0.04757078845891605
793,6,train,16,0.0034506233902846734,0.05874200703316727,0.0022629799146029403,0.04757078845891605
793,7,train,8,0.00010407979277039369,0.010201950439518596,0.0022629799146029403,0.04757078845891605
793,-1,train,120,0.0022629799146029403,0.04757078845891605,0.0022629799146029403,0.04757078845891605
794,0,train,16,0.00040816192404205835,0.020203017696424918,0.00231707185810404,0.048135972599543886
794,1,train,16,0.0008180549868466618,0.028601660560999984,0.00231707185810404,0.048135972599543886
794,2,train,16,0.0037040513321028993,0.060860917936742455,0.00231707185810404,0.048135972599543886
794,3,train,16,0.002684155338483007,0.05180883456016944,0.00231707185810404,0.048135972599543886
794,4,train,16,0.003000029055178598,0.05477252098615325,0.00231707185810404,0.048135972599543886
794,5,train,16,0.0037981571881395585,0.06162919103914604,0.00231707185810404,0.048135972599543886
794,6,train,16,0.003018967310903041,0.05494513000169388,0.00231707185810404,0.048135972599543886
794,7,train,8,0.001104997729136498,0.03324150612015794,0.00231707185810404,0.048135972599543886
794,-1,train,120,0.00231707185810404,0.048135972599543886,0.00231707185810404,0.048135972599543886
795,0,train,16,0.0027138292987044944,0.05209442675281584,0.0022984816302170285,0.04794248252038091
795,1,train,16,0.0022308245837488376,0.0472316057714412,0.0022984816302170285,0.04794248252038091
795,2,train,16,0.0033421371542902353,0.05781121996888005,0.0022984816302170285,0.04794248252038091
795,3,train,16,0.0020198898998097514,0.04494318524325742,0.0022984816302170285,0.04794248252038091
795,4,train,16,0.002889967863834659,0.05375842132944995,0.0022984816302170285,0.04794248252038091
795,5,train,16,0.0019195037788673256,0.043812141911430506,0.0022984816302170285,0.04794248252038091
795,6,train,16,0.0023193925105178853,0.0481600717453565,0.0022984816302170285,0.04794248252038091
795,7,train,8,0.0009523079519630374,0.030859487227804634,0.0022984816302170285,0.04794248252038091
795,-1,train,120,0.0022984816302170285,0.04794248252038091,0.0022984816302170285,0.04794248252038091
796,0,train,16,0.0030916626111604463,0.055602721256791436,0.002360551930609129,0.04858551152976707
796,1,train,16,0.0022316644324524982,0.04724049568381452,0.002360551930609129,0.04858551152976707
796,2,train,16,0.004938770071112961,0.07027638345214529,0.002360551930609129,0.04858551152976707
796,3,train,16,0.0023986203289233184,0.04897571162242891,0.002360551930609129,0.04858551152976707
796,4,train,16,0.0025637170939684993,0.050633161998521276,0.002360551930609129,0.04858551152976707
796,5,train,16,0.001603620817007681,0.04004523463544297,0.002360551930609129,0.04858551152976707
796,6,train,16,0.00021874841003039863,0.01479014570686843,0.002360551930609129,0.04858551152976707
796,7,train,8,0.0018376116802172285,0.04286737314342026,0.002360551930609129,0.04858551152976707
796,-1,train,120,0.002360551930609129,0.04858551152976707,0.002360551930609129,0.04858551152976707
797,0,train,16,0.0017119743719574143,0.04137601203544651,0.0022965210637865036,0.047922031089953854
797,1,train,16,0.002387305167508391,0.04886005697406002,0.0022965210637865036,0.047922031089953854
797,2,train,16,0.005106689998827169,0.0714611082955419,0.0022965210637865036,0.047922031089953854
797,3,train,16,0.0017369472873695058,0.04167669957385668,0.0022965210637865036,0.047922031089953854
797,4,train,16,0.0016959679676000101,0.04118213165439606,0.0022965210637865036,0.047922031089953854
797,5,train,16,0.0031358457635394994,0.055998622871812655,0.0022965210637865036,0.047922031089953854
797,6,train,16,0.0020543661220937585,0.04532511579790788,0.0022965210637865036,0.047922031089953854
797,7,train,8,0.0005430718313962809,0.02330390163462507,0.0022965210637865036,0.047922031089953854
797,-1,train,120,0.0022965210637865036,0.047922031089953854,0.0022965210637865036,0.047922031089953854
798,0,train,16,0.0026472555868821386,0.05145148770329327,0.00229899102138688,0.04794779474998699
798,1,train,16,0.002815382900968246,0.05306018187839395,0.00229899102138688,0.04794779474998699
798,2,train,16,0.002095692622453322,0.04577873548333682,0.00229899102138688,0.04794779474998699
798,3,train,16,0.0015486810706754305,0.03935328538604408,0.00229899102138688,0.04794779474998699
798,4,train,16,0.0034822301399076465,0.059010423993627145,0.00229899102138688,0.04794779474998699
798,5,train,16,0.0034234449468295027,0.05851021232938317,0.00229899102138688,0.04794779474998699
798,6,train,16,0.001102801487919758,0.03320845506674103,0.00229899102138688,0.04794779474998699
798,7,train,8,0.0012764394154589985,0.03572729230516915,0.00229899102138688,0.04794779474998699
798,-1,train,120,0.00229899102138688,0.04794779474998699,0.00229899102138688,0.04794779474998699
799,0,train,16,0.0021345727531420153,0.046201436699977366,0.002252675624972047,0.04746236008641002
799,1,train,16,0.0027644004145322893,0.05257756569614353,0.002252675624972047,0.04746236008641002
799,2,train,16,0.0031480234354510153,0.05610724940193571,0.002252675624972047,0.04746236008641002
799,3,train,16,0.002606364617709654,0.05105256719999156,0.002252675624972047,0.04746236008641002
799,4,train,16,0.0012874632740311203,0.03588123846846873,0.002252675624972047,0.04746236008641002
799,5,train,16,0.0032575073670638712,0.057074577239466885,0.002252675624972047,0.04746236008641002
799,6,train,16,0.002135058492187408,0.046206693153561726,0.002252675624972047,0.04746236008641002
799,7,train,8,0.0006880146456590061,0.02623003327597977,0.002252675624972047,0.04746236008641002
799,-1,train,120,0.002252675624972047,0.04746236008641002,0.002252675624972047,0.04746236008641002
800,0,train,16,0.0024740703130637217,0.0497400272724465,0.0024440071876137273,0.04943690107211138
800,1,train,16,0.000338754126723534,0.01840527442673795,0.0024440071876137273,0.04943690107211138
800,2,train,16,0.0031637346040463156,0.056247085293784915,0.0024440071876137273,0.04943690107211138
800,3,train,16,0.0030385068157265005,0.05512265247361107,0.0024440071876137273,0.04943690107211138
800,4,train,16,0.002339082189391799,0.04836405885977519,0.0024440071876137273,0.04943690107211138
800,5,train,16,0.0025840561690692538,0.05083361259117095,0.0024440071876137273,0.04943690107211138
800,6,train,16,0.001694377400925912,0.04116281575555676,0.0024440071876137273,0.04943690107211138
800,7,train,8,0.003919475881962784,0.06260571764593698,0.0024440071876137273,0.04943690107211138
800,-1,train,120,0.0024440071876137273,0.04943690107211138,0.0024440071876137273,0.04943690107211138
801,0,train,16,0.00029534730415945213,0.017185671478282486,0.0022473344280388424,0.04740605898024895
801,1,train,16,0.0032185206695130378,0.05673200745181716,0.0022473344280388424,0.04740605898024895
801,2,train,16,0.0033328758684530086,0.05773106502094872,0.0022473344280388424,0.04740605898024895
801,3,train,16,0.0012210447619045227,0.03494345091579426,0.0022473344280388424,0.04740605898024895
801,4,train,16,0.003617101029006934,0.06014233973671904,0.0022473344280388424,0.04740605898024895
801,5,train,16,0.0025823898692935525,0.05081722020431217,0.0022473344280388424,0.04740605898024895
801,6,train,16,0.002908598026780769,0.05393141966220404,0.0022473344280388424,0.04740605898024895
801,7,train,8,0.0008027978951994603,0.028333688344433033,0.0022473344280388424,0.04740605898024895
801,-1,train,120,0.0022473344280388424,0.04740605898024895,0.0022473344280388424,0.04740605898024895
802,0,train,16,0.001680275771730344,0.040991166996443805,0.002434201692533027,0.04933762957959195
802,1,train,16,0.0013491052903302453,0.03673016866732639,0.002434201692533027,0.04933762957959195
802,2,train,16,0.002766596000454595,0.05259844104585796,0.002434201692533027,0.04933762957959195
802,3,train,16,0.003351686841911768,0.057893754774688506,0.002434201692533027,0.04933762957959195
802,4,train,16,0.0014244544498549561,0.03774194549642289,0.002434201692533027,0.04933762957959195
802,5,train,16,0.0033372808573828316,0.057769203364620075,0.002434201692533027,0.04933762957959195
802,6,train,16,0.001570101395235407,0.039624504984105566,0.002434201692533027,0.04933762957959195
802,7,train,8,0.0039941129333640685,0.06319899471798636,0.002434201692533027,0.04933762957959195
802,-1,train,120,0.002434201692533027,0.04933762957959195,0.002434201692533027,0.04933762957959195
803,0,train,16,0.0022886653673462876,0.047839997568418495,0.0023393074460570716,0.04836638756468248
803,1,train,16,0.0017713381227111049,0.04208726794068611,0.0023393074460570716,0.04836638756468248
803,2,train,16,0.001249909869214751,0.03535406439456079,0.0023393074460570716,0.04836638756468248
803,3,train,16,0.0031404708931370637,0.0560399044711629,0.0023393074460570716,0.04836638756468248
803,4,train,16,0.0013720426815218441,0.037041094496813184,0.0023393074460570716,0.04836638756468248
803,5,train,16,0.003959762776429244,0.06292664599698004,0.0023393074460570716,0.04836638756468248
803,6,train,16,0.002447816418653665,0.049475412263604884,0.0023393074460570716,0.04836638756468248
803,7,train,8,0.0024844534394426127,0.04984429194444046,0.0023393074460570716,0.04836638756468248
803,-1,train,120,0.0023393074460570716,0.04836638756468248,0.0023393074460570716,0.04836638756468248
804,0,train,16,0.002193876476098964,0.0468388351274769,0.002415586937174405,0.049148620908163895
804,1,train,16,0.002819270358168266,0.053096801769675975,0.002415586937174405,0.049148620908163895
804,2,train,16,0.0017260238311038582,0.04154544296434758,0.002415586937174405,0.049148620908163895
804,3,train,16,0.0014134216672159903,0.0375955006246225,0.002415586937174405,0.049148620908163895
804,4,train,16,0.0026872191468442276,0.05183839452417703,0.002415586937174405,0.049148620908163895
804,5,train,16,0.003395099669619016,0.05826748381060414,0.002415586937174405,0.049148620908163895
804,6,train,16,0.0011428168966454507,0.033805574934401734,0.002415586937174405,0.049148620908163895
804,7,train,8,0.00394696745169947,0.06282489515868268,0.002415586937174405,0.049148620908163895
804,-1,train,120,0.002415586937174405,0.049148620908163895,0.002415586937174405,0.049148620908163895
805,0,train,16,0.0047647836484823024,0.06902741229745109,0.002354349709712349,0.04852164166340984
805,1,train,16,0.001392273789941292,0.03731318520230204,0.002354349709712349,0.04852164166340984
805,2,train,16,0.004797530207012268,0.06926420581376984,0.002354349709712349,0.04852164166340984
805,3,train,16,0.0006337575924203567,0.025174542546397078,0.002354349709712349,0.04852164166340984
805,4,train,16,0.001956559987953508,0.04423301920458865,0.002354349709712349,0.04852164166340984
805,5,train,16,0.001098982201586488,0.03315090046418782,0.002354349709712349,0.04852164166340984
805,6,train,16,0.0012795216696860872,0.03577040214599337,0.002354349709712349,0.04852164166340984
805,7,train,8,0.002911388580616489,0.0539572847780213,0.002354349709712349,0.04852164166340984
805,-1,train,120,0.002354349709712349,0.04852164166340984,0.002354349709712349,0.04852164166340984
806,0,train,16,0.004091112844695275,0.06396180770346688,0.002347204297116821,0.04844795451943065
806,1,train,16,0.001270761378061487,0.035647740153640695,0.002347204297116821,0.04844795451943065
806,2,train,16,0.0035328658275139762,0.05943791573998853,0.002347204297116821,0.04844795451943065
806,3,train,16,0.0011751529404370443,0.034280503794971336,0.002347204297116821,0.04844795451943065
806,4,train,16,0.0016226426207869814,0.04028203843882508,0.002347204297116821,0.04844795451943065
806,5,train,16,0.001955319044235941,0.044218989633820684,0.002347204297116821,0.04844795451943065
806,6,train,16,0.002177993549801257,0.04666897845251444,0.002347204297116821,0.04844795451943065
806,7,train,8,0.0029517861714026083,0.054330343008328306,0.002347204297116821,0.04844795451943065
806,-1,train,120,0.002347204297116821,0.04844795451943065,0.002347204297116821,0.04844795451943065
807,0,train,16,0.002327411085643135,0.048243249119883445,0.002419365267252084,0.0491870436929491
807,1,train,16,0.0012024373770175756,0.0346761788122275,0.002419365267252084,0.0491870436929491
807,2,train,16,0.005022535798601888,0.07086985112586232,0.002419365267252084,0.0491870436929491
807,3,train,16,0.0023383447360353694,0.04835643427751233,0.002419365267252084,0.0491870436929491
807,4,train,16,0.0011354690596922425,0.033696721794445265,0.002419365267252084,0.0491870436929491
807,5,train,16,0.002158181746153899,0.04645623473931028,0.002419365267252084,0.0491870436929491
807,6,train,16,0.000955614217873165,0.03091301049514856,0.002419365267252084,0.0491870436929491
807,7,train,8,0.004214928116999398,0.06492247774846088,0.002419365267252084,0.0491870436929491
807,-1,train,120,0.002419365267252084,0.0491870436929491,0.002419365267252084,0.0491870436929491
808,0,train,16,0.003951557292021052,0.06286141337912354,0.0021619865237310176,0.046497166835529
808,1,train,16,0.0006704677041122157,0.02589339112808934,0.0021619865237310176,0.046497166835529
808,2,train,16,0.0009605681285981889,0.030993033549463804,0.0021619865237310176,0.046497166835529
808,3,train,16,0.0031439706111773486,0.056071121008745214,0.0021619865237310176,0.046497166835529
808,4,train,16,0.0019262098788320394,0.0438886076201107,0.0021619865237310176,0.046497166835529
808,5,train,16,0.0026269986146666715,0.05125425460063458,0.0021619865237310176,0.046497166835529
808,6,train,16,0.003759521201393984,0.06131493457057574,0.0021619865237310176,0.046497166835529
808,7,train,8,0.0002565987590466391,0.01601870029205363,0.0021619865237310176,0.046497166835529
808,-1,train,120,0.0021619865237310176,0.046497166835529,0.0021619865237310176,0.046497166835529
809,0,train,16,0.002843428864909854,0.05332381142519591,0.002179494150641297,0.04668505275397359
809,1,train,16,0.0025605348627571337,0.05060172786335595,0.002179494150641297,0.04668505275397359
809,2,train,16,0.001142151468327812,0.03379573151047055,0.002179494150641297,0.04668505275397359
809,3,train,16,0.0046921395061358465,0.06849919347069604,0.002179494150641297,0.04668505275397359
809,4,train,16,0.0008320519977324334,0.0288453115381414,0.002179494150641297,0.04668505275397359
809,5,train,16,0.0016672865224881574,0.04083241999304177,0.002179494150641297,0.04668505275397359
809,6,train,16,0.0029657586016666967,0.054458778921921275,0.002179494150641297,0.04668505275397359
809,7,train,8,0.0007326013811124385,0.027066610077962083,0.002179494150641297,0.04668505275397359
809,-1,train,120,0.002179494150641297,0.04668505275397359,0.002179494150641297,0.04668505275397359
810,0,train,16,0.0017145625805544706,0.041407276903395504,0.002450629376548989,0.049503831938032726
810,1,train,16,0.0026375436385365756,0.05135702131682265,0.002450629376548989,0.049503831938032726
810,2,train,16,0.0016465492784065055,0.040577694345619315,0.002450629376548989,0.049503831938032726
810,3,train,16,0.0031342172309153774,0.055984080156017364,0.002450629376548989,0.049503831938032726
810,4,train,16,0.002007591793096561,0.04480615798187299,0.002450629376548989,0.049503831938032726
810,5,train,16,0.0020297897741704376,0.04505318827974816,0.002450629376548989,0.049503831938032726
810,6,train,16,0.0012275611300789837,0.035036568468943756,0.002450629376548989,0.049503831938032726
810,7,train,8,0.005207219586633,0.07216106697266193,0.002450629376548989,0.049503831938032726
810,-1,train,120,0.002450629376548989,0.049503831938032726,0.002450629376548989,0.049503831938032726
811,0,train,16,0.003853594989816303,0.0620773307239954,0.002326893292047229,0.04823788233377611
811,1,train,16,0.002181833552994234,0.046710101188011076,0.002326893292047229,0.04823788233377611
811,2,train,16,0.0015797504523811395,0.039746074678905584,0.002326893292047229,0.04823788233377611
811,3,train,16,0.0027020983139999797,0.051981711341586086,0.002326893292047229,0.04823788233377611
811,4,train,16,0.0009250396914288443,0.030414465167562035,0.002326893292047229,0.04823788233377611
811,5,train,16,0.003115404988365846,0.05581581306731853,0.002326893292047229,0.04823788233377611
811,6,train,16,0.0011074507957139486,0.0332783833097996,0.002326893292047229,0.04823788233377611
811,7,train,8,0.003149973551677536,0.05612462518073093,0.002326893292047229,0.04823788233377611
811,-1,train,120,0.002326893292047229,0.04823788233377611,0.002326893292047229,0.04823788233377611
812,0,train,16,0.0030369129936766576,0.05510819352579666,0.00236416544222085,0.04862268444070987
812,1,train,16,0.0006779648554870764,0.02603775826539367,0.00236416544222085,0.04862268444070987
812,2,train,16,0.0015721435779232206,0.039650265798897494,0.00236416544222085,0.04862268444070987
812,3,train,16,0.0010691013400636426,0.03269711516424106,0.00236416544222085,0.04862268444070987
812,4,train,16,0.003854659240698375,0.062085902109080895,0.00236416544222085,0.04862268444070987
812,5,train,16,0.0030048990197475522,0.05481695923478018,0.00236416544222085,0.04862268444070987
812,6,train,16,0.0016764922546546393,0.04094499059292406,0.00236416544222085,0.04862268444070987
812,7,train,8,0.004021150255515635,0.06341254020708866,0.00236416544222085,0.04862268444070987
812,-1,train,120,0.00236416544222085,0.04862268444070987,0.00236416544222085,0.04862268444070987
813,0,train,16,0.0027215190964670183,0.052168180881328595,0.002206534688947448,0.04697376596513684
813,1,train,16,0.0022809958127365366,0.04775977190833868,0.002206534688947448,0.04697376596513684
813,2,train,16,0.002002647380660795,0.04475094837722208,0.002206534688947448,0.04697376596513684
813,3,train,16,0.00253164866227021,0.05031549127525448,0.002206534688947448,0.04697376596513684
813,4,train,16,0.0022183350902996246,0.04709920477353757,0.002206534688947448,0.04697376596513684
813,5,train,16,0.002214664251189171,0.04706021941288811,0.002206534688947448,0.04697376596513684
813,6,train,16,0.0020672982211690236,0.045467551299459966,0.002206534688947448,0.04697376596513684
813,7,train,8,0.0016151689967872055,0.040189165166586945,0.002206534688947448,0.04697376596513684
813,-1,train,120,0.002206534688947448,0.04697376596513684,0.002206534688947448,0.04697376596513684
814,0,train,16,0.0027546778486638984,0.05248502499441053,0.002243462540202298,0.04736520389697798
814,1,train,16,0.0011910138043281428,0.034511067852620016,0.002243462540202298,0.04736520389697798
814,2,train,16,0.0021751194771744307,0.04663817617761688,0.002243462540202298,0.04736520389697798
814,3,train,16,0.0029105509275398024,0.05394952203254263,0.002243462540202298,0.04736520389697798
814,4,train,16,0.0015064493631848106,0.038813005077999445,0.002243462540202298,0.04736520389697798
814,5,train,16,0.0034382298907868506,0.05863642119695617,0.002243462540202298,0.04736520389697798
814,6,train,16,0.0015559665088904424,0.03944574132768254,0.002243462540202298,0.04736520389697798
814,7,train,8,0.0024156925010500084,0.04914969482153484,0.002243462540202298,0.04736520389697798
814,-1,train,120,0.002243462540202298,0.04736520389697798,0.002243462540202298,0.04736520389697798
815,0,train,16,0.0011947189971105124,0.03456470739223048,0.0021101407320894797,0.04593626815588615
815,1,train,16,0.0032514013152715364,0.05702106027838781,0.0021101407320894797,0.04593626815588615
815,2,train,16,0.0038340666213185653,0.06191984028821913,0.0021101407320894797,0.04593626815588615
815,3,train,16,0.00127151856950306,0.03565835904108685,0.0021101407320894797,0.04593626815588615
815,4,train,16,0.0025450406978751107,0.050448396385565225,0.0021101407320894797,0.04593626815588615
815,5,train,16,0.002619012822015424,0.051176291600851895,0.0021101407320894797,0.04593626815588615
815,6,train,16,0.0017860147877347232,0.042261268174709606,0.0021101407320894797,0.04593626815588615
815,7,train,8,0.0003793520458869064,0.019476961926514783,0.0021101407320894797,0.04593626815588615
815,-1,train,120,0.0021101407320894797,0.04593626815588615,0.0021101407320894797,0.04593626815588615
816,0,train,16,0.0006628487838993997,0.02574584983836035,0.002344295084657673,0.048417921110449104
816,1,train,16,0.003720706220562188,0.06099759192428983,0.002344295084657673,0.048417921110449104
816,2,train,16,0.0030382849352870583,0.05512063983016759,0.002344295084657673,0.048417921110449104
816,3,train,16,0.0003495217211495336,0.01869550002405749,0.002344295084657673,0.048417921110449104
816,4,train,16,0.0005290389475655977,0.023000846670624926,0.002344295084657673,0.048417921110449104
816,5,train,16,0.004118048376218994,0.06417202175573865,0.002344295084657673,0.048417921110449104
816,6,train,16,0.00208829340366801,0.04569784900482746,0.002344295084657673,0.048417921110449104
816,7,train,8,0.004247618288910601,0.06517375460191473,0.002344295084657673,0.048417921110449104
816,-1,train,120,0.002344295084657673,0.048417921110449104,0.002344295084657673,0.048417921110449104
817,0,train,16,0.003216865880654723,0.05671742131527775,0.0020826343334945565,0.04563588865678586
817,1,train,16,0.0032948255453684556,0.05740057094984732,0.0020826343334945565,0.04563588865678586
817,2,train,16,0.002346785743581009,0.04844363470654332,0.0020826343334945565,0.04563588865678586
817,3,train,16,0.0034915634642340232,0.059089453071034796,0.0020826343334945565,0.04563588865678586
817,4,train,16,0.0012952999719319366,0.03599027607468351,0.0020826343334945565,0.04563588865678586
817,5,train,16,0.002249744394430668,0.04743147050672863,0.0020826343334945565,0.04563588865678586
817,6,train,16,0.0006296037884564728,0.02509190683181477,0.0020826343334945565,0.04563588865678586
817,7,train,8,0.0001363858792991654,0.011678436509189294,0.0020826343334945565,0.04563588865678586
817,-1,train,120,0.0020826343334945565,0.04563588865678586,0.0020826343334945565,0.04563588865678586
818,0,train,16,0.0015103838368802783,0.0388636570188689,0.0022585202952593343,0.04752389183620523
818,1,train,16,0.002285328527131446,0.047805109843315347,0.0022585202952593343,0.04752389183620523
818,2,train,16,0.0025298418866812654,0.050297533604355446,0.0022585202952593343,0.04752389183620523
818,3,train,16,0.002855946687748922,0.05344105807100868,0.0022585202952593343,0.04752389183620523
818,4,train,16,0.0010545490962489315,0.032473821706859994,0.0022585202952593343,0.04752389183620523
818,5,train,16,0.0035191749922503387,0.05932263473793404,0.0022585202952593343,0.04752389183620523
818,6,train,16,0.00123954536374671,0.03520717773049566,0.0022585202952593343,0.04752389183620523
818,7,train,8,0.003073391971386784,0.0554381815303026,0.0022585202952593343,0.04752389183620523
818,-1,train,120,0.0022585202952593343,0.04752389183620523,0.0022585202952593343,0.04752389183620523
819,0,train,16,0.003876818756590489,0.062264104880665305,0.002197164536745475,0.0468739217128829
819,1,train,16,0.0006689054261289982,0.02586320602958957,0.002197164536745475,0.0468739217128829
819,2,train,16,0.001905173441566884,0.04364829253896289,0.002197164536745475,0.0468739217128829
819,3,train,16,0.001730986153999753,0.041605121727976625,0.002197164536745475,0.0468739217128829
819,4,train,16,0.0009490576226710362,0.03080677884282997,0.002197164536745475,0.0468739217128829
819,5,train,16,0.00255380746718383,0.05053521017255029,0.002197164536745475,0.0468739217128829
819,6,train,16,0.0036302319982564222,0.06025140660811515,0.002197164536745475,0.0468739217128829
819,7,train,8,0.0022623354275663893,0.04756401399762629,0.002197164536745475,0.0468739217128829
819,-1,train,120,0.002197164536745475,0.0468739217128829,0.002197164536745475,0.0468739217128829
820,0,train,16,0.0016279263354067076,0.04034756913875615,0.0021426004988339183,0.04628823283334457
820,1,train,16,0.0018886146353943479,0.04345819411105745,0.0021426004988339183,0.04628823283334457
820,2,train,16,0.002420044900275775,0.049193951866827845,0.0021426004988339183,0.04628823283334457
820,3,train,16,0.0032555341792942965,0.057057288572927266,0.0021426004988339183,0.04628823283334457
820,4,train,16,0.0026852216612127692,0.05181912447362237,0.0021426004988339183,0.04628823283334457
820,5,train,16,0.0004745832511853916,0.021784931746172437,0.0021426004988339183,0.04628823283334457
820,6,train,16,0.0032823912104007506,0.05729215662200848,0.0021426004988339183,0.04628823283334457
820,7,train,8,0.0015064878175013094,0.038813500454111444,0.0021426004988339183,0.04628823283334457
820,-1,train,120,0.0021426004988339183,0.04628823283334457,0.0021426004988339183,0.04628823283334457
821,0,train,16,0.0006391144482446297,0.02528071296946804,0.0020869454608583556,0.045683098196798735
821,1,train,16,0.0026668458253333166,0.05164151261662769,0.0020869454608583556,0.045683098196798735
821,2,train,16,0.0014521567465336865,0.038107174475860664,0.0020869454608583556,0.045683098196798735
821,3,train,16,0.0010417179620270502,0.03227565587291837,0.0020869454608583556,0.045683098196798735
821,4,train,16,0.0035359837957413646,0.05946413873706879,0.0020869454608583556,0.045683098196798735
821,5,train,16,0.0035923552985362914,0.05993626029822257,0.0020869454608583556,0.045683098196798735
821,6,train,16,0.0030346465623170317,0.055087626217845256,0.0020869454608583556,0.045683098196798735
821,7,train,8,0.0007327430481334741,0.027069226958549703,0.0020869454608583556,0.045683098196798735
821,-1,train,120,0.0020869454608583556,0.045683098196798735,0.0020869454608583556,0.045683098196798735
822,0,train,16,0.0016023202987605137,0.04002899322691633,0.00219953753096008,0.04689922740259246
822,1,train,16,0.0002937901793020382,0.01714030861163352,0.00219953753096008,0.04689922740259246
822,2,train,16,0.0005370855094625561,0.023175105381908322,0.00219953753096008,0.04689922740259246
822,3,train,16,0.0013957674572025126,0.03735997132229243,0.00219953753096008,0.04689922740259246
822,4,train,16,0.004138841272812896,0.06433382681616955,0.00219953753096008,0.04689922740259246
822,5,train,16,0.003970151212223444,0.06300913594252379,0.00219953753096008,0.04689922740259246
822,6,train,16,0.0034367122768088967,0.058623478886951914,0.00219953753096008,0.04689922740259246
822,7,train,8,0.002221632041107782,0.0471341918474029,0.00219953753096008,0.04689922740259246
822,-1,train,120,0.00219953753096008,0.04689922740259246,0.00219953753096008,0.04689922740259246
823,0,train,16,0.004589691913789803,0.06774726499121425,0.0022009029363368312,0.046913781944507855
823,1,train,16,0.00194112104205302,0.04405815522752876,0.0022009029363368312,0.046913781944507855
823,2,train,16,0.002355265025144042,0.048531072779653676,0.0022009029363368312,0.046913781944507855
823,3,train,16,0.0019172325542204216,0.04378621420287922,0.0022009029363368312,0.046913781944507855
823,4,train,16,0.0025130522914480575,0.05013035299544636,0.0022009029363368312,0.046913781944507855
823,5,train,16,0.0015470449376816025,0.03933249213667502,0.0022009029363368312,0.046913781944507855
823,6,train,16,0.0004276892126178895,0.020680648263966234,0.0022009029363368312,0.046913781944507855
823,7,train,8,0.002316126513739815,0.04812615207701334,0.0022009029363368312,0.046913781944507855
823,-1,train,120,0.0022009029363368312,0.046913781944507855,0.0022009029363368312,0.046913781944507855
824,0,train,16,0.00128924146553156,0.03590600876638282,0.002089261970265585,0.045708445283837704
824,1,train,16,0.002061563905404849,0.045404448079509226,0.002089261970265585,0.045708445283837704
824,2,train,16,0.002433868009583103,0.049334247836397616,0.002089261970265585,0.045708445283837704
824,3,train,16,0.0036159124768129374,0.06013245776461276,0.002089261970265585,0.045708445283837704
824,4,train,16,0.001394715919991104,0.03734589562443381,0.002089261970265585,0.045708445283837704
824,5,train,16,0.0030688457238865242,0.05539716350036818,0.002089261970265585,0.045708445283837704
824,6,train,16,0.001808637567649938,0.04252807975502701,0.002089261970265585,0.045708445283837704
824,7,train,8,0.0010413106932646646,0.03226934603094188,0.002089261970265585,0.045708445283837704
824,-1,train,120,0.002089261970265585,0.045708445283837704,0.002089261970265585,0.045708445283837704
825,0,train,16,0.003108881418567542,0.055757344077417656,0.002206621246408348,0.046974687294417915
825,1,train,16,0.0034027998563413084,0.05833352257785662,0.002206621246408348,0.046974687294417915
825,2,train,16,0.0022613573524006524,0.047553731214286986,0.002206621246408348,0.046974687294417915
825,3,train,16,0.0026090370223726565,0.0510787335627329,0.002206621246408348,0.046974687294417915
825,4,train,16,0.0015130701955990283,0.038898202986757995,0.002206621246408348,0.046974687294417915
825,5,train,16,0.0012223833771233814,0.0349625996905748,0.002206621246408348,0.046974687294417915
825,6,train,16,0.0006728013436972358,0.025938414440694633,0.002206621246408348,0.046974687294417915
825,7,train,8,0.0028626394051649772,0.053503639176835226,0.002206621246408348,0.046974687294417915
825,-1,train,120,0.002206621246408348,0.046974687294417915,0.002206621246408348,0.046974687294417915
826,0,train,16,0.004046472240222551,0.06361188757003325,0.002114031751423785,0.045978601016383534
826,1,train,16,0.0030472767255345554,0.05520214421138508,0.002114031751423785,0.045978601016383534
826,2,train,16,0.001141160654737231,0.03378106947296416,0.002114031751423785,0.045978601016383534
826,3,train,16,0.0013257942657255034,0.03641145789069017,0.002114031751423785,0.045978601016383534
826,4,train,16,0.0029706039685083114,0.054503247320763476,0.002114031751423785,0.045978601016383534
826,5,train,16,0.0012256608501607855,0.03500943944368126,0.002114031751423785,0.045978601016383534
826,6,train,16,0.0015506648381599642,0.03937848191792015,0.002114031751423785,0.045978601016383534
826,7,train,8,0.0016046204683413771,0.040057714217630755,0.002114031751423785,0.045978601016383534
826,-1,train,120,0.002114031751423785,0.045978601016383534,0.002114031751423785,0.045978601016383534
827,0,train,16,0.003149467785411859,0.056120119256928336,0.002171373981603179,0.04659800405170997
827,1,train,16,0.0021941679471372986,0.046841946449067404,0.002171373981603179,0.04659800405170997
827,2,train,16,0.00097624512666256,0.031244921613960884,0.002171373981603179,0.04659800405170997
827,3,train,16,0.0028313333427265877,0.05321027478529488,0.002171373981603179,0.04659800405170997
827,4,train,16,0.0028589407211871004,0.053469063215911126,0.002171373981603179,0.04659800405170997
827,5,train,16,0.001475089490982462,0.038406893795026716,0.002171373981603179,0.04659800405170997
827,6,train,16,0.001123328833772315,0.033516098128695035,0.002171373981603179,0.04659800405170997
827,7,train,8,0.0027624186049452484,0.05255871578477968,0.002171373981603179,0.04659800405170997
827,-1,train,120,0.002171373981603179,0.04659800405170997,0.002171373981603179,0.04659800405170997
828,0,train,16,0.0005397474207204917,0.023232464800801735,0.0020603670648619075,0.04539126639411934
828,1,train,16,0.0010660660471539616,0.0326506668715045,0.0020603670648619075,0.04539126639411934
828,2,train,16,0.002744998340628968,0.05239273175383173,0.0020603670648619075,0.04539126639411934
828,3,train,16,0.0036348172839623036,0.060289445875395996,0.0020603670648619075,0.04539126639411934
828,4,train,16,0.0017220404343594935,0.04149747503595241,0.0020603670648619075,0.04539126639411934
828,5,train,16,0.0029409043846886276,0.0542301058885987,0.0020603670648619075,0.04539126639411934
828,6,train,16,0.0027698695333477678,0.052629550001380095,0.0020603670648619075,0.04539126639411934
828,7,train,8,0.0010644930740336463,0.03262657006235326,0.0020603670648619075,0.04539126639411934
828,-1,train,120,0.0020603670648619075,0.04539126639411934,0.0020603670648619075,0.04539126639411934
829,0,train,16,0.0017178875647178315,0.041447407213453434,0.002097495851185539,0.045798426295949726
829,1,train,16,0.0016283764776166526,0.04035314705963653,0.002097495851185539,0.045798426295949726
829,2,train,16,0.0031681711078775663,0.05628650911077686,0.002097495851185539,0.045798426295949726
829,3,train,16,0.004149224091184419,0.0644144711317606,0.002097495851185539,0.045798426295949726
829,4,train,16,0.0010466014219780208,0.03235121979119212,0.002097495851185539,0.045798426295949726
829,5,train,16,0.001191691155603522,0.03452087999462821,0.002097495851185539,0.045798426295949726
829,6,train,16,0.002087666432971517,0.04569098853134518,0.002097495851185539,0.045798426295949726
829,7,train,8,0.0017903485575347857,0.04231251065033586,0.002097495851185539,0.045798426295949726
829,-1,train,120,0.002097495851185539,0.045798426295949726,0.002097495851185539,0.045798426295949726
830,0,train,16,0.0030530529943393987,0.05525443868450207,0.0021083275592766897,0.045916528170983156
830,1,train,16,0.0021307333037741153,0.04615986680845294,0.0021083275592766897,0.045916528170983156
830,2,train,16,0.0014082495250863996,0.0375266508642378,0.0021083275592766897,0.045916528170983156
830,3,train,16,0.0009332622843634599,0.030549341799185458,0.0021083275592766897,0.045916528170983156
830,4,train,16,0.005114087161131902,0.07151284612663589,0.0021083275592766897,0.045916528170983156
830,5,train,16,0.00121466146124628,0.03485199364808676,0.0021083275592766897,0.045916528170983156
830,6,train,16,0.001008212304193996,0.03175235903352688,0.0021083275592766897,0.045916528170983156
830,7,train,8,0.002004361440077968,0.04477009537713727,0.0021083275592766897,0.045916528170983156
830,-1,train,120,0.0021083275592766897,0.045916528170983156,0.0021083275592766897,0.045916528170983156
831,0,train,16,0.0012903780969984976,0.03592183315197733,0.002247491441073207,0.04740771499527484
831,1,train,16,0.002590048007356659,0.050892514256584524,0.002247491441073207,0.04740771499527484
831,2,train,16,0.0013528800006556963,0.03678151710649924,0.002247491441073207,0.04740771499527484
831,3,train,16,0.001715858919799164,0.041422927465344164,0.002247491441073207,0.04740771499527484
831,4,train,16,0.0024748522333675168,0.0497478867226289,0.002247491441073207,0.04740771499527484
831,5,train,16,0.0012472547052181403,0.03531649338790787,0.002247491441073207,0.04740771499527484
831,6,train,16,0.0028664912016739983,0.05353962272629495,0.002247491441073207,0.04740771499527484
831,7,train,8,0.0044421683635159845,0.06664959387360124,0.002247491441073207,0.04740771499527484
831,-1,train,120,0.002247491441073207,0.04740771499527484,0.002247491441073207,0.04740771499527484
832,0,train,16,0.001005115532416319,0.03170355709405995,0.002076642542627717,0.045570193576807604
832,1,train,16,0.004000637232120194,0.06325059076498965,0.002076642542627717,0.045570193576807604
832,2,train,16,0.0024138908040339836,0.049131362733329347,0.002076642542627717,0.045570193576807604
832,3,train,16,0.0018252084776750332,0.042722458703532425,0.002076642542627717,0.045570193576807604
832,4,train,16,0.0016598179191620755,0.040740863014448715,0.002076642542627717,0.045570193576807604
832,5,train,16,0.001191426259189757,0.03451704302500081,0.002076642542627717,0.045570193576807604
832,6,train,16,0.002956598278058651,0.054374610601443864,0.002076642542627717,0.045570193576807604
832,7,train,8,0.0015604458383657244,0.039502478888871324,0.002076642542627717,0.045570193576807604
832,-1,train,120,0.002076642542627717,0.045570193576807604,0.002076642542627717,0.045570193576807604
833,0,train,16,0.001961236979179416,0.04428585529465831,0.002079899318079093,0.045605913192031285
833,1,train,16,0.00032909016223710866,0.018140842379479202,0.002079899318079093,0.045605913192031285
833,2,train,16,0.0017275208881221277,0.04156345616189933,0.002079899318079093,0.045605913192031285
833,3,train,16,0.0017179919116467762,0.041448665981509904,0.002079899318079093,0.045605913192031285
833,4,train,16,0.0037076028099181806,0.06089008794474007,0.002079899318079093,0.045605913192031285
833,5,train,16,0.0025085069752771457,0.050084997507009475,0.002079899318079093,0.045605913192031285
833,6,train,16,0.0027515698600960106,0.05245540830168049,0.002079899318079093,0.045605913192031285
833,7,train,8,0.001935674958155981,0.04399630618763331,0.002079899318079093,0.045605913192031285
833,-1,train,120,0.002079899318079093,0.045605913192031285,0.002079899318079093,0.045605913192031285
834,0,train,16,0.0018799169965730018,0.04335800960114523,0.002088285576853872,0.0456977633681767
834,1,train,16,0.0013951688958590874,0.03735195973251052,0.002088285576853872,0.0456977633681767
834,2,train,16,0.0006916709820179006,0.02629963843891966,0.002088285576853872,0.0456977633681767
834,3,train,16,0.00145439477481352,0.03813652809071009,0.002088285576853872,0.0456977633681767
834,4,train,16,0.0034089975345383814,0.058386621194742735,0.002088285576853872,0.0456977633681767
834,5,train,16,0.0022360420087843324,0.047286805863626824,0.002088285576853872,0.0456977633681767
834,6,train,16,0.003449727998486811,0.058734385146069344,0.002088285576853872,0.0456977633681767
834,7,train,8,0.0021903654237579416,0.04680133997823077,0.002088285576853872,0.0456977633681767
834,-1,train,120,0.002088285576853872,0.0456977633681767,0.002088285576853872,0.0456977633681767
835,0,train,16,0.002138553851326608,0.04624450076848714,0.0020762797731972414,0.04556621306623188
835,1,train,16,0.0019179409570156008,0.04379430279175136,0.0020762797731972414,0.04556621306623188
835,2,train,16,0.004200367865248598,0.06481024506394492,0.0020762797731972414,0.04556621306623188
835,3,train,16,0.002514415051533798,0.050143943318548434,0.0020762797731972414,0.04556621306623188
835,4,train,16,0.0016321896761554815,0.040400367277482536,0.0020762797731972414,0.04556621306623188
835,5,train,16,0.00023977713551189914,0.015484738793789811,0.0020762797731972414,0.04556621306623188
835,6,train,16,0.0019015530200608972,0.04360680015847181,0.0020762797731972414,0.04556621306623188
835,7,train,8,0.0020654406287250516,0.045447119036579775,0.0020762797731972414,0.04556621306623188
835,-1,train,120,0.0020762797731972414,0.04556621306623188,0.0020762797731972414,0.04556621306623188
836,0,train,16,0.001080655032676326,0.032873317944441295,0.0020260285211389163,0.04501142656191777
836,1,train,16,0.0032518665671917467,0.057025139782307825,0.0020260285211389163,0.04501142656191777
836,2,train,16,0.0015193073027582533,0.038978292712203974,0.0020260285211389163,0.04501142656191777
836,3,train,16,0.003673151536659245,0.06060653047864764,0.0020260285211389163,0.04501142656191777
836,4,train,16,0.0012399992863127269,0.03521362358963824,0.0020260285211389163,0.04501142656191777
836,5,train,16,0.0012693476238640055,0.035627905128761156,0.0020260285211389163,0.04501142656191777
836,6,train,16,0.0028428025136301703,0.053317938009924674,0.0020260285211389163,0.04501142656191777
836,7,train,8,0.001331098306018855,0.03648421995902962,0.0020260285211389163,0.04501142656191777
836,-1,train,120,0.0020260285211389163,0.04501142656191777,0.0020260285211389163,0.04501142656191777
837,0,train,16,0.0022078917341213362,0.04698820845830724,0.0019636762075242844,0.044313386324273216
837,1,train,16,0.0007803078609691931,0.02793399113927677,0.0019636762075242844,0.044313386324273216
837,2,train,16,0.0014774085589990868,0.038437072716312394,0.0019636762075242844,0.044313386324273216
837,3,train,16,0.001264304684673027,0.03555706237406329,0.0019636762075242844,0.044313386324273216
837,4,train,16,0.0013941874259828034,0.03733881929015436,0.0019636762075242844,0.044313386324273216
837,5,train,16,0.001744062133384653,0.041761969941379116,0.0019636762075242844,0.044313386324273216
837,6,train,16,0.00674650437655481,0.08213710718399334,0.0019636762075242844,0.044313386324273216
837,7,train,8,9.474288550936493e-05,0.009733595713268808,0.0019636762075242844,0.044313386324273216
837,-1,train,120,0.0019636762075242844,0.044313386324273216,0.0019636762075242844,0.044313386324273216
838,0,train,16,0.0030745795599951106,0.055448891422598436,0.0019920439158238466,0.044632319184911805
838,1,train,16,0.0017261472143178449,0.04154692785655571,0.0019920439158238466,0.044632319184911805
838,2,train,16,0.0009819726024824608,0.031336442083977255,0.0019920439158238466,0.044632319184911805
838,3,train,16,0.0018146652972579377,0.04259888845096709,0.0019920439158238466,0.044632319184911805
838,4,train,16,0.0024553561499608893,0.0495515504294355,0.0019920439158238466,0.044632319184911805
838,5,train,16,0.0043757608748883165,0.06614953420008576,0.0019920439158238466,0.044632319184911805
838,6,train,16,0.0005011479940331899,0.022386334984387014,0.0019920439158238466,0.044632319184911805
838,7,train,8,0.0010067216336550236,0.031728876968071584,0.0019920439158238466,0.044632319184911805
838,-1,train,120,0.0019920439158238466,0.044632319184911805,0.0019920439158238466,0.044632319184911805
839,0,train,16,0.004447636739232404,0.06669060457989869,0.0020534139778364286,0.04531461108556961
839,1,train,16,0.001935565190551997,0.04399505870608649,0.0020534139778364286,0.04531461108556961
839,2,train,16,0.0007435438780165355,0.027268000990474814,0.0020534139778364286,0.04531461108556961
839,3,train,16,0.0012989466143774645,0.03604090196398343,0.0020534139778364286,0.04531461108556961
839,4,train,16,0.002984115363432212,0.05462705706362198,0.0020534139778364286,0.04531461108556961
839,5,train,16,0.0016591383202770947,0.040732521653797656,0.0020534139778364286,0.04531461108556961
839,6,train,16,0.0012545792772198365,0.03542004061572822,0.0020534139778364286,0.04531461108556961
839,7,train,8,0.0021037864395838843,0.045867051786482683,0.0020534139778364286,0.04531461108556961
839,-1,train,120,0.0020534139778364286,0.04531461108556961,0.0020534139778364286,0.04531461108556961
840,0,train,16,0.00333785891319745,0.0577742062965598,0.0020705073022963634,0.04550282740991337
840,1,train,16,0.0016060942035086157,0.04007610514394601,0.0020705073022963634,0.04550282740991337
840,2,train,16,0.0020570682284949257,0.045354914050132714,0.0020705073022963634,0.04550282740991337
840,3,train,16,0.00173628436581771,0.04166874567127873,0.0020705073022963634,0.04550282740991337
840,4,train,16,0.002684022558406096,0.051807553101899106,0.0020705073022963634,0.04550282740991337
840,5,train,16,0.002071478310040694,0.04551349591100088,0.0020705073022963634,0.04550282740991337
840,6,train,16,0.0005547171547079245,0.02355243415674746,0.0020705073022963634,0.04550282740991337
840,7,train,8,0.0025165346841974925,0.05016507434657595,0.0020705073022963634,0.04550282740991337
840,-1,train,120,0.0020705073022963634,0.04550282740991337,0.0020705073022963634,0.04550282740991337
841,0,train,16,0.0016124611915043492,0.040155462785334065,0.0019325847631478346,0.04396117335954347
841,1,train,16,0.002561462644269593,0.05061089452153156,0.0019325847631478346,0.04396117335954347
841,2,train,16,0.002675539196032293,0.05172561450608676,0.0019325847631478346,0.04396117335954347
841,3,train,16,0.00237396903898178,0.048723393139043385,0.0019325847631478346,0.04396117335954347
841,4,train,16,0.001540095373310151,0.0392440488903751,0.0019325847631478346,0.04396117335954347
841,5,train,16,0.0036481023578141163,0.060399522827702175,0.0019325847631478346,0.04396117335954347
841,6,train,16,0.0006200377333970798,0.024900556889296266,0.0019325847631478346,0.04396117335954347
841,7,train,8,0.00042901056987331625,0.0207125703347826,0.0019325847631478346,0.04396117335954347
841,-1,train,120,0.0019325847631478346,0.04396117335954347,0.0019325847631478346,0.04396117335954347
842,0,train,16,0.0026638887642700766,0.051612874016761325,0.002138262958773741,0.0462413555032045
842,1,train,16,0.001690275048363939,0.04111295475107498,0.002138262958773741,0.0462413555032045
842,2,train,16,0.00222443165783609,0.047163880860634125,0.002138262958773741,0.0462413555032045
842,3,train,16,0.0013711974022602865,0.03702968271887144,0.002138262958773741,0.0462413555032045
842,4,train,16,0.0012568081771374942,0.03545149047836345,0.002138262958773741,0.0462413555032045
842,5,train,16,0.0017173859871817084,0.04144135600075978,0.002138262958773741,0.0462413555032045
842,6,train,16,0.0023244618906717606,0.04821267354826696,0.002138262958773741,0.0462413555032045
842,7,train,8,0.0038576547424685748,0.062110021272485286,0.002138262958773741,0.0462413555032045
842,-1,train,120,0.002138262958773741,0.0462413555032045,0.002138262958773741,0.0462413555032045
843,0,train,16,0.002407309876763462,0.049064344250824975,0.0020993733485548814,0.045818919111594955
843,1,train,16,0.002405886938967372,0.0490498413755577,0.0020993733485548814,0.045818919111594955
843,2,train,16,0.0005676120187582355,0.023824609519533274,0.0020993733485548814,0.045818919111594955
843,3,train,16,0.0031379489454334475,0.056017398595734944,0.0020993733485548814,0.045818919111594955
843,4,train,16,0.0018449664741541309,0.042953072930282075,0.0020993733485548814,0.045818919111594955
843,5,train,16,0.0016528610849947576,0.040655394291468354,0.0020993733485548814,0.045818919111594955
843,6,train,16,0.0015212550511283975,0.039003269749194075,0.0020993733485548814,0.045818919111594955
843,7,train,8,0.003257146398239247,0.057071414896069005,0.0020993733485548814,0.045818919111594955
843,-1,train,120,0.0020993733485548814,0.045818919111594955,0.0020993733485548814,0.045818919111594955
844,0,train,16,0.0017365646068985836,0.041672108260784976,0.0018996511011923995,0.043584987107860886
844,1,train,16,0.0012416664556543088,0.03523728785894721,0.0018996511011923995,0.043584987107860886
844,2,train,16,0.00018744554145049762,0.01369107524814971,0.0018996511011923995,0.043584987107860886
844,3,train,16,0.002160603385123955,0.04648229109159697,0.0018996511011923995,0.043584987107860886
844,4,train,16,0.005072510526497244,0.07122155942197028,0.0018996511011923995,0.043584987107860886
844,5,train,16,0.0025709532055789987,0.05070456789658106,0.0018996511011923995,0.043584987107860886
844,6,train,16,0.001938158403249951,0.04402452047722895,0.0018996511011923995,0.043584987107860886
844,7,train,8,0.00028930668508565674,0.01700901775781473,0.0018996511011923995,0.043584987107860886
844,-1,train,120,0.0018996511011923995,0.043584987107860886,0.0018996511011923995,0.043584987107860886
845,0,train,16,0.0024261432722561785,0.049255895812137844,0.001887030420218131,0.04343996340028535
845,1,train,16,0.00200925584618442,0.04482472360410514,0.001887030420218131,0.04343996340028535
845,2,train,16,0.0020359837610245796,0.045121876745372415,0.001887030420218131,0.04343996340028535
845,3,train,16,0.0010624053482084618,0.03259456010147187,0.001887030420218131,0.04343996340028535
845,4,train,16,0.0021272855456128197,0.04612250584706798,0.001887030420218131,0.04343996340028535
845,5,train,16,0.003785798234855459,0.061528840675373196,0.001887030420218131,0.04343996340028535
845,6,train,16,0.0015711569455934926,0.03963782216007197,0.001887030420218131,0.04343996340028535
845,7,train,8,7.821440800963496e-05,0.008843890999420727,0.001887030420218131,0.04343996340028535
845,-1,train,120,0.001887030420218131,0.04343996340028535,0.001887030420218131,0.04343996340028535
846,0,train,16,0.001980305323654291,0.0445006216097516,0.0019007971649506394,0.043598132585589484
846,1,train,16,0.0021443271309063774,0.04630687995218829,0.0019007971649506394,0.043598132585589484
846,2,train,16,0.0009406721510366499,0.030670379049445248,0.0019007971649506394,0.043598132585589484
846,3,train,16,0.0018664049733570641,0.043201909371659304,0.0019007971649506394,0.043598132585589484
846,4,train,16,0.0032952641938807275,0.05740439176474852,0.0019007971649506394,0.043598132585589484
846,5,train,16,0.0028438666779817684,0.053327916497663476,0.0019007971649506394,0.043598132585589484
846,6,train,16,0.0017609372730414345,0.041963523124750074,0.0019007971649506394,0.043598132585589484
846,7,train,8,0.00037459959574680436,0.019354575576509145,0.0019007971649506394,0.043598132585589484
846,-1,train,120,0.0019007971649506394,0.043598132585589484,0.0019007971649506394,0.043598132585589484
847,0,train,16,0.0006931499656718312,0.026327741370497988,0.002058096366474312,0.04536624699569397
847,1,train,16,0.0032918524642954147,0.05737466744387644,0.002058096366474312,0.04536624699569397
847,2,train,16,0.002048425883883665,0.045259539147937254,0.002058096366474312,0.04536624699569397
847,3,train,16,0.0011669537051563802,0.034160704108030036,0.002058096366474312,0.04536624699569397
847,4,train,16,0.002157074592882135,0.04644431712149652,0.002058096366474312,0.04536624699569397
847,5,train,16,0.001748610637955518,0.041816391976777695,0.002058096366474312,0.04536624699569397
847,6,train,16,0.0022786899065711,0.047735625130201235,0.002058096366474312,0.04536624699569397
847,7,train,8,0.003080013775378451,0.05549787180945276,0.002058096366474312,0.04536624699569397
847,-1,train,120,0.002058096366474312,0.04536624699569397,0.002058096366474312,0.04536624699569397
848,0,train,16,0.0013910324101017717,0.037296546892464075,0.00209823571323447,0.045806502957925856
848,1,train,16,0.0017986273860802443,0.04241022737595549,0.00209823571323447,0.045806502957925856
848,2,train,16,0.0018219621678698598,0.042684448782546784,0.00209823571323447,0.045806502957925856
848,3,train,16,0.0013355491208103198,0.036545165491625835,0.00209823571323447,0.045806502957925856
848,4,train,16,0.002456928881155636,0.04956741753567192,0.00209823571323447,0.045806502957925856
848,5,train,16,0.0035383329820366854,0.05948388842398154,0.00209823571323447,0.045806502957925856
848,6,train,16,0.0005843188428835454,0.024172687953215824,0.00209823571323447,0.045806502957925856
848,7,train,8,0.0038591339149376984,0.06212192781085998,0.00209823571323447,0.045806502957925856
848,-1,train,120,0.00209823571323447,0.045806502957925856,0.00209823571323447,0.045806502957925856
849,0,train,16,0.001309329741386464,0.0361846616867764,0.0018581632560960056,0.04310641780635461
849,1,train,16,0.0020766195619445634,0.045569941430119956,0.0018581632560960056,0.04310641780635461
849,2,train,16,0.002775823258297284,0.05268608220675821,0.0018581632560960056,0.04310641780635461
849,3,train,16,0.001557941367598463,0.039470765986973994,0.0018581632560960056,0.04310641780635461
849,4,train,16,0.002416240944712344,0.04915527382399923,0.0018581632560960056,0.04310641780635461
849,5,train,16,0.0018486191790379066,0.042995571621248466,0.0018581632560960056,0.04310641780635461
849,6,train,16,0.002816064278452512,0.05306660228856293,0.0018581632560960056,0.04310641780635461
849,7,train,8,6.466771733850767e-05,0.00804162404856803,0.0018581632560960056,0.04310641780635461
849,-1,train,120,0.0018581632560960056,0.04310641780635461,0.0018581632560960056,0.04310641780635461
850,0,train,16,0.001301228329296499,0.03607254259539378,0.0020208840462706563,0.04495424391835165
850,1,train,16,0.003246754067321165,0.056980295430272776,0.0020208840462706563,0.04495424391835165
850,2,train,16,0.0015315552027485757,0.03913508914961835,0.0020208840462706563,0.04495424391835165
850,3,train,16,0.0010844156175333843,0.03293046640321671,0.0020208840462706563,0.04495424391835165
850,4,train,16,0.0025975578809541906,0.050966242562643274,0.0020208840462706563,0.04495424391835165
850,5,train,16,0.000932604292303054,0.030538570567448863,0.0020208840462706563,0.04495424391835165
850,6,train,16,0.002693490498417822,0.05189884871957973,0.0020208840462706563,0.04495424391835165
850,7,train,8,0.0027794664815905604,0.052720645686396526,0.0020208840462706563,0.04495424391835165
850,-1,train,120,0.0020208840462706563,0.04495424391835165,0.0020208840462706563,0.04495424391835165
851,0,train,16,0.0007278589381619645,0.026978860950046882,0.0018524494743648728,0.04304009147718988
851,1,train,16,0.0028168630526517573,0.053074127902884634,0.0018524494743648728,0.04304009147718988
851,2,train,16,0.002997413317735384,0.054748637587938055,0.0018524494743648728,0.04304009147718988
851,3,train,16,0.0020078483927506927,0.0448090213322127,0.0018524494743648728,0.04304009147718988
851,4,train,16,0.00037535232696937656,0.019374011638516597,0.0018524494743648728,0.04304009147718988
851,5,train,16,0.0028768252632719155,0.05363604444095328,0.0018524494743648728,0.04304009147718988
851,6,train,16,0.002842348288777377,0.05331367825218381,0.0018524494743648728,0.04304009147718988
851,7,train,8,0.00017508621460051593,0.013232014759684782,0.0018524494743648728,0.04304009147718988
851,-1,train,120,0.0018524494743648728,0.04304009147718988,0.0018524494743648728,0.04304009147718988
852,0,train,16,0.0019809429426615372,0.0445077851915992,0.0020744182903182752,0.04554578235488194
852,1,train,16,0.0018275882106643937,0.04275030070846746,0.0020744182903182752,0.04554578235488194
852,2,train,16,0.0012781400668060053,0.035751084833973996,0.0020744182903182752,0.04554578235488194
852,3,train,16,0.0019166575865816877,0.043779648086544595,0.0020744182903182752,0.04554578235488194
852,4,train,16,0.0023075611953446086,0.0480370814615606,0.0020744182903182752,0.04554578235488194
852,5,train,16,0.0024332732216707084,0.049328219323939805,0.0020744182903182752,0.04554578235488194
852,6,train,16,0.0010096959388736304,0.03177571303485778,0.0020744182903182752,0.04554578235488194
852,7,train,8,0.003841487159943631,0.061979731847948735,0.0020744182903182752,0.04554578235488194
852,-1,train,120,0.0020744182903182752,0.04554578235488194,0.0020744182903182752,0.04554578235488194
853,0,train,16,0.0021403850591658904,0.04626429572754664,0.0019047469602347944,0.04364340683579588
853,1,train,16,0.0005210659242277472,0.022826868471775695,0.0019047469602347944,0.04364340683579588
853,2,train,16,0.0018191167733899345,0.042651105183687026,0.0019047469602347944,0.04364340683579588
853,3,train,16,0.004238531357237197,0.06510400415671218,0.0019047469602347944,0.04364340683579588
853,4,train,16,0.0022673062835656377,0.04761623970417695,0.0019047469602347944,0.04364340683579588
853,5,train,16,0.0020601292025784787,0.04538864618578614,0.0019047469602347944,0.04364340683579588
853,6,train,16,0.0011576685546135323,0.034024528719932806,0.0019047469602347944,0.04364340683579588
853,7,train,8,0.001033772527099935,0.03215233315173154,0.0019047469602347944,0.04364340683579588
853,-1,train,120,0.0019047469602347944,0.04364340683579588,0.0019047469602347944,0.04364340683579588
854,0,train,16,0.001255631008270136,0.03543488405893458,0.001989075967706377,0.044599057923978364
854,1,train,16,0.0012972288159040384,0.03601706284393605,0.001989075967706377,0.044599057923978364
854,2,train,16,0.002203849985310448,0.046945180639874504,0.001989075967706377,0.044599057923978364
854,3,train,16,0.0019062373485206913,0.043660478106872486,0.001989075967706377,0.044599057923978364
854,4,train,16,0.003772806005619099,0.06142317156919772,0.001989075967706377,0.044599057923978364
854,5,train,16,0.001996630303536576,0.044683669315943336,0.001989075967706377,0.044599057923978364
854,6,train,16,0.0009020557865878464,0.030034243566100453,0.001989075967706377,0.044599057923978364
854,7,train,8,0.0025781684879021827,0.05077566826642642,0.001989075967706377,0.044599057923978364
854,-1,train,120,0.001989075967706377,0.044599057923978364,0.001989075967706377,0.044599057923978364
855,0,train,16,0.000621774007110035,0.024935396670396782,0.0020344689528562173,0.04510508788214715
855,1,train,16,0.000760696241296226,0.02758072227655081,0.0020344689528562173,0.04510508788214715
855,2,train,16,0.0020404707640395707,0.0451715703074353,0.0020344689528562173,0.04510508788214715
855,3,train,16,0.0021142601360498643,0.04598108454625515,0.0020344689528562173,0.04510508788214715
855,4,train,16,0.004176975036246312,0.06462952139886471,0.0020344689528562173,0.04510508788214715
855,5,train,16,0.0005707158010677983,0.02388965887298934,0.0020344689528562173,0.04510508788214715
855,6,train,16,0.002555161808741021,0.050548608375909035,0.0020344689528562173,0.04510508788214715
855,7,train,8,0.0034356978282989127,0.05861482601099241,0.0020344689528562173,0.04510508788214715
855,-1,train,120,0.0020344689528562173,0.04510508788214715,0.0020344689528562173,0.04510508788214715
856,0,train,16,0.0007749967812013684,0.027838764002760044,0.0018513883798568817,0.04302776289626131
856,1,train,16,0.0030004077579034215,0.05477597792740374,0.0018513883798568817,0.04302776289626131
856,2,train,16,0.0032969965170871495,0.05741947855116023,0.0018513883798568817,0.04302776289626131
856,3,train,16,0.0018519410236785445,0.04303418436172045,0.0018513883798568817,0.04302776289626131
856,4,train,16,0.0024122461340724084,0.04911462240588243,0.0018513883798568817,0.04302776289626131
856,5,train,16,0.0007450112095238558,0.027294893469729017,0.0018513883798568817,0.04302776289626131
856,6,train,16,0.0021179328105858145,0.04602100401540382,0.0018513883798568817,0.04302776289626131
856,7,train,8,0.0006115748048024902,0.02473003851194919,0.0018513883798568817,0.04302776289626131
856,-1,train,120,0.0018513883798568817,0.04302776289626131,0.0018513883798568817,0.04302776289626131
857,0,train,16,0.0026845492360932054,0.051812635872856394,0.001903782589786768,0.04363235714222609
857,1,train,16,0.0017435489380659593,0.041755825199197766,0.001903782589786768,0.04363235714222609
857,2,train,16,0.0025331277068252915,0.0503301868347942,0.001903782589786768,0.04363235714222609
857,3,train,16,0.0015077499251428118,0.038829755666792594,0.001903782589786768,0.04363235714222609
857,4,train,16,0.0006759381526798751,0.025998810601253957,0.001903782589786768,0.04363235714222609
857,5,train,16,0.0022774574627212993,0.047722714326841255,0.001903782589786768,0.04363235714222609
857,6,train,16,0.002190893418625666,0.04680698044763907,0.001903782589786768,0.04363235714222609
857,7,train,8,0.0016169958781400366,0.04021188727403921,0.001903782589786768,0.04363235714222609
857,-1,train,120,0.001903782589786768,0.04363235714222609,0.001903782589786768,0.04363235714222609
858,0,train,16,0.0022889346864748868,0.04784281227598234,0.0018676328514913253,0.043216117959522064
858,1,train,16,0.0017077120365094213,0.04132447261017884,0.0018676328514913253,0.043216117959522064
858,2,train,16,0.0014821281744506452,0.03849841781749797,0.0018676328514913253,0.043216117959522064
858,3,train,16,0.001565244321151351,0.039563168745075906,0.0018676328514913253,0.043216117959522064
858,4,train,16,0.002649840193234416,0.051476598501012244,0.0018676328514913253,0.043216117959522064
858,5,train,16,0.0018151942386783766,0.04260509639325296,0.0018676328514913253,0.043216117959522064
858,6,train,16,0.0023240213318887924,0.048208104421235985,0.0018676328514913253,0.043216117959522064
858,7,train,8,0.0011079878295427146,0.03328645114070761,0.0018676328514913253,0.043216117959522064
858,-1,train,120,0.0018676328514913253,0.043216117959522064,0.0018676328514913253,0.043216117959522064
859,0,train,16,0.00031542868725843286,0.017760312138541734,0.0018419843630775317,0.04291834529752436
859,1,train,16,0.0015474314998405092,0.03933740586058655,0.0018419843630775317,0.04291834529752436
859,2,train,16,0.0017271928492223938,0.041559509732700096,0.0018419843630775317,0.04291834529752436
859,3,train,16,0.0025660081479729653,0.05065578099262675,0.0018419843630775317,0.04291834529752436
859,4,train,16,0.0032752407235138044,0.05722971888375658,0.0018419843630775317,0.04291834529752436
859,5,train,16,0.003853982726404065,0.06208045365816897,0.0018419843630775317,0.04291834529752436
859,6,train,16,0.0006499340711661656,0.02549380456436751,0.0018419843630775317,0.04291834529752436
859,7,train,8,0.0008006561992419161,0.028295868943043895,0.0018419843630775317,0.04291834529752436
859,-1,train,120,0.0018419843630775317,0.04291834529752436,0.0018419843630775317,0.04291834529752436
860,0,train,16,0.0021757889759654427,0.046645353208711396,0.002071813355239839,0.04551717648580411
860,1,train,16,0.0018518214282942005,0.04303279479994532,0.002071813355239839,0.04551717648580411
860,2,train,16,0.00047869333556458445,0.021879061578700867,0.002071813355239839,0.04551717648580411
860,3,train,16,0.0031640639167722882,0.05625001259353004,0.002071813355239839,0.04551717648580411
860,4,train,16,0.0016483056490968193,0.040599330648384085,0.002071813355239839,0.04551717648580411
860,5,train,16,0.000225589372055943,0.015019632886856555,0.002071813355239839,0.04551717648580411
860,6,train,16,0.002385801379037082,0.04884466581968887,0.002071813355239839,0.04551717648580411
860,7,train,8,0.004644442785132348,0.06815014882692735,0.002071813355239839,0.04551717648580411
860,-1,train,120,0.002071813355239839,0.04551717648580411,0.002071813355239839,0.04551717648580411
861,0,train,16,0.0033713938849576157,0.0580637054015468,0.0018891843841486499,0.04346474875285315
861,1,train,16,0.0017410343604812005,0.041725703834461565,0.0018891843841486499,0.04346474875285315
861,2,train,16,0.00016690354101978714,0.012919115334255172,0.0018891843841486499,0.04346474875285315
861,3,train,16,0.0022967830896551966,0.04792476488888805,0.0018891843841486499,0.04346474875285315
861,4,train,16,0.0008290634532771908,0.02879346198839575,0.0018891843841486499,0.04346474875285315
861,5,train,16,0.002547484028340313,0.05047260671235748,0.0018891843841486499,0.04346474875285315
861,6,train,16,0.0025964698416960784,0.050955567327781545,0.0018891843841486499,0.04346474875285315
861,7,train,8,0.0015643428737618166,0.0395517745968726,0.0018891843841486499,0.04346474875285315
861,-1,train,120,0.0018891843841486499,0.04346474875285315,0.0018891843841486499,0.04346474875285315
862,0,train,16,0.0030686859244914077,0.0553957211749374,0.0019373884838412004,0.04401577539747767
862,1,train,16,0.0012225150594965275,0.03496448282895841,0.0019373884838412004,0.04401577539747767
862,2,train,16,0.0018620804033341117,0.04315182966380582,0.0019373884838412004,0.04401577539747767
862,3,train,16,0.0011004160384125799,0.0331725193256795,0.0019373884838412004,0.04401577539747767
862,4,train,16,0.0010302918646826738,0.0320981598332782,0.0019373884838412004,0.04401577539747767
862,5,train,16,0.0021280247778735673,0.04613051894216634,0.0019373884838412004,0.04401577539747767
862,6,train,16,0.002425037269826223,0.04924466742527787,0.0019373884838412004,0.04401577539747767
862,7,train,8,0.0026620565326125126,0.0515951212093984,0.0019373884838412004,0.04401577539747767
862,-1,train,120,0.0019373884838412004,0.04401577539747767,0.0019373884838412004,0.04401577539747767
863,0,train,16,0.0020668829140021126,0.045462983997996795,0.0018205370992888904,0.04266775245180944
863,1,train,16,0.0011536853673887323,0.033965944229311984,0.0018205370992888904,0.04266775245180944
863,2,train,16,0.001796233814785359,0.042381998711544494,0.0018205370992888904,0.04266775245180944
863,3,train,16,0.003536758172005372,0.059470649668600155,0.0018205370992888904,0.04266775245180944
863,4,train,16,0.0015438231453282591,0.03929151492788563,0.0018205370992888904,0.04266775245180944
863,5,train,16,0.0017168927108967835,0.041435404075461646,0.0018205370992888904,0.04266775245180944
863,6,train,16,0.00188539229699024,0.043421104281100915,0.0018205370992888904,0.04266775245180944
863,7,train,8,0.0008646283729142645,0.029404563810984587,0.0018205370992888904,0.04266775245180944
863,-1,train,120,0.0018205370992888904,0.04266775245180944,0.0018205370992888904,0.04266775245180944
864,0,train,16,0.0013747386856791863,0.037077468706468976,0.0018830740016106365,0.04339440057899909
864,1,train,16,0.001683629191626237,0.04103205078504165,0.0018830740016106365,0.04339440057899909
864,2,train,16,0.0026856508085281432,0.05182326512801121,0.0018830740016106365,0.04339440057899909
864,3,train,16,0.0010368094733155075,0.032199525979671,0.0018830740016106365,0.04339440057899909
864,4,train,16,0.0025243355355158608,0.050242766001842104,0.0018830740016106365,0.04339440057899909
864,5,train,16,0.0013102389477750056,0.03619722292904534,0.0018830740016106365,0.04339440057899909
864,6,train,16,0.002502831979510192,0.05002831177953332,0.0018830740016106365,0.04339440057899909
864,7,train,8,0.0019463573909349584,0.04411754062654624,0.0018830740016106365,0.04339440057899909
864,-1,train,120,0.0018830740016106365,0.04339440057899909,0.0018830740016106365,0.04339440057899909
865,0,train,16,0.0021044152135257293,0.045873905583956216,0.001951228809895803,0.04417271567263895
865,1,train,16,0.001397392773657038,0.03738171710418126,0.001951228809895803,0.04417271567263895
865,2,train,16,0.0019888460199471085,0.04459647990533679,0.001951228809895803,0.04417271567263895
865,3,train,16,0.0022392056553755028,0.047320245723955226,0.001951228809895803,0.04417271567263895
865,4,train,16,0.002303739018201462,0.04799728136260909,0.001951228809895803,0.04417271567263895
865,5,train,16,0.0015083846644581987,0.038837928168971615,0.001951228809895803,0.04417271567263895
865,6,train,16,0.0008863450733500809,0.029771548050950943,0.001951228809895803,0.04417271567263895
865,7,train,8,0.003181502060651302,0.05640480529752143,0.001951228809895803,0.04417271567263895
865,-1,train,120,0.001951228809895803,0.04417271567263895,0.001951228809895803,0.04417271567263895
866,0,train,16,0.001260665970319946,0.03550585825353256,0.001989226071323945,0.044600740703759
866,1,train,16,0.0013562496854367119,0.036827295385850854,0.001989226071323945,0.044600740703759
866,2,train,16,0.0020378129872796772,0.04514214203246981,0.001989226071323945,0.044600740703759
866,3,train,16,0.0016127326876073528,0.04015884320554257,0.001989226071323945,0.044600740703759
866,4,train,16,0.0019976229959538547,0.04469477593582783,0.001989226071323945,0.044600740703759
866,5,train,16,0.002066302706140412,0.045456602448273806,0.001989226071323945,0.044600740703759
866,6,train,16,0.0016320552881118815,0.04039870404000457,0.001989226071323945,0.044600740703759
866,7,train,8,0.003950366249741724,0.06285193910884312,0.001989226071323945,0.044600740703759
866,-1,train,120,0.001989226071323945,0.044600740703759,0.001989226071323945,0.044600740703759
867,0,train,16,0.0014185053123832144,0.037663049695732476,0.0018379635655217752,0.042871477295770614
867,1,train,16,0.0018104674655127662,0.04254958831190692,0.0018379635655217752,0.042871477295770614
867,2,train,16,0.0030527202935247215,0.05525142797724527,0.0018379635655217752,0.042871477295770614
867,3,train,16,0.00014487899193184637,0.012036568943509043,0.0018379635655217752,0.042871477295770614
867,4,train,16,0.0022025002569952892,0.04693080285905291,0.0018379635655217752,0.042871477295770614
867,5,train,16,0.002512995396690725,0.05012978552408463,0.0018379635655217752,0.042871477295770614
867,6,train,16,0.001932512388453005,0.0439603501857413,0.0018379635655217752,0.042871477295770614
867,7,train,8,0.0016291284186826342,0.0403624629907868,0.0018379635655217752,0.042871477295770614
867,-1,train,120,0.0018379635655217752,0.042871477295770614,0.0018379635655217752,0.042871477295770614
868,0,train,16,0.002505525757683048,0.05005522707653066,0.0018301466904250747,0.04278021377254998
868,1,train,16,0.003307881639433667,0.05751418641894943,0.0018301466904250747,0.04278021377254998
868,2,train,16,0.0010403964932229714,0.03225517777385472,0.0018301466904250747,0.04278021377254998
868,3,train,16,0.002288888603664112,0.04784233066714154,0.0018301466904250747,0.04278021377254998
868,4,train,16,0.0011915069570686122,0.034518211962218034,0.0018301466904250747,0.04278021377254998
868,5,train,16,0.0003345388504301185,0.01829040323311978,0.0018301466904250747,0.04278021377254998
868,6,train,16,0.002364255097338965,0.048623606379401406,0.0018301466904250747,0.04278021377254998
868,7,train,8,0.001608180124559103,0.04010212119775091,0.0018301466904250747,0.04278021377254998
868,-1,train,120,0.0018301466904250747,0.04278021377254998,0.0018301466904250747,0.04278021377254998
869,0,train,16,0.002705747628624961,0.05201680140709308,0.001888494884243648,0.04345681631509202
869,1,train,16,0.0007275170764705012,0.026972524473443362,0.001888494884243648,0.04345681631509202
869,2,train,16,0.001228850765105992,0.03505496776643779,0.001888494884243648,0.04345681631509202
869,3,train,16,0.0020017447343506564,0.04474086202064793,0.001888494884243648,0.04345681631509202
869,4,train,16,0.0008999412352248137,0.029999020571092213,0.001888494884243648,0.04345681631509202
869,5,train,16,0.002418702260027166,0.04918030357802975,0.001888494884243648,0.04345681631509202
869,6,train,16,0.002548664793290105,0.05048430244432526,0.001888494884243648,0.04345681631509202
869,7,train,8,0.00257679058085499,0.05076209787681149,0.001888494884243648,0.04345681631509202
869,-1,train,120,0.001888494884243648,0.04345681631509202,0.001888494884243648,0.04345681631509202
870,0,train,16,0.000740255606642324,0.02720763875536288,0.0018750338009381722,0.043301660487078
870,1,train,16,0.0017446253729620595,0.04176871284780104,0.0018750338009381722,0.043301660487078
870,2,train,16,0.0016829845966745457,0.041024195259316734,0.0018750338009381722,0.043301660487078
870,3,train,16,0.000994389984598683,0.03153394971453279,0.0018750338009381722,0.043301660487078
870,4,train,16,0.002984436804569929,0.05462999912657814,0.0018750338009381722,0.043301660487078
870,5,train,16,0.0020867447873620854,0.04568090177921278,0.0018750338009381722,0.043301660487078
870,6,train,16,0.0023444396301058237,0.048419413772843464,0.0018750338009381722,0.043301660487078
870,7,train,8,0.002422393624589929,0.049217818161616314,0.0018750338009381722,0.043301660487078
870,-1,train,120,0.0018750338009381722,0.043301660487078,0.0018750338009381722,0.043301660487078
871,0,train,16,0.0007908590984818632,0.028122217168670454,0.001950788386266824,0.044167730146191846
871,1,train,16,0.002497944020779018,0.049979435979000585,0.001950788386266824,0.044167730146191846
871,2,train,16,0.0029865033793675926,0.054648910138881936,0.001950788386266824,0.044167730146191846
871,3,train,16,0.0017519276777091814,0.04185603514081549,0.001950788386266824,0.044167730146191846
871,4,train,16,0.0015574258976826189,0.03946423567842938,0.001950788386266824,0.044167730146191846
871,5,train,16,0.0017012836202865717,0.04124661950131879,0.001950788386266824,0.044167730146191846
871,6,train,16,0.0006228519276201949,0.024957001575113043,0.001950788386266824,0.044167730146191846
871,7,train,8,0.003697511468207552,0.060807166257009146,0.001950788386266824,0.044167730146191846
871,-1,train,120,0.001950788386266824,0.044167730146191846,0.001950788386266824,0.044167730146191846
872,0,train,16,0.0018144305157336144,0.042596132638229194,0.0017644479897609149,0.04200533287287359
872,1,train,16,0.0005032556548519399,0.022433360311195912,0.0017644479897609149,0.04200533287287359
872,2,train,16,0.0036024893400189925,0.06002074091527855,0.0017644479897609149,0.04200533287287359
872,3,train,16,0.002774191499758352,0.052670594260539265,0.0017644479897609149,0.04200533287287359
872,4,train,16,0.0006321005532705888,0.025141609997583463,0.0017644479897609149,0.04200533287287359
872,5,train,16,0.0017995203185683984,0.042420753394634546,0.0017644479897609149,0.04200533287287359
872,6,train,16,0.0021953682338563167,0.046854756790066864,0.0017644479897609149,0.04200533287287359
872,7,train,8,0.0007942278020291186,0.028182047513073256,0.0017644479897609149,0.04200533287287359
872,-1,train,120,0.0017644479897609149,0.04200533287287359,0.0017644479897609149,0.04200533287287359
873,0,train,16,0.0020074643506443504,0.044804735805987636,0.001808887227960197,0.04253101489454721
873,1,train,16,0.002284802521673777,0.04779960796569128,0.001808887227960197,0.04253101489454721
873,2,train,16,0.0010233202642667457,0.031989377366037394,0.001808887227960197,0.04253101489454721
873,3,train,16,0.0031247743498195118,0.05589968112448864,0.001808887227960197,0.04253101489454721
873,4,train,16,0.001519781794102742,0.038984378847209324,0.001808887227960197,0.04253101489454721
873,5,train,16,0.0013549301499642518,0.03680937584317685,0.001808887227960197,0.04253101489454721
873,6,train,16,0.0014063864224394952,0.03750181892174692,0.001808887227960197,0.04253101489454721
873,7,train,8,0.001749637970770704,0.04182867402596817,0.001808887227960197,0.04253101489454721
873,-1,train,120,0.001808887227960197,0.04253101489454721,0.001808887227960197,0.04253101489454721
874,0,train,16,0.004128129095009008,0.06425051824700723,0.001838496183815918,0.04287768864824593
874,1,train,16,0.001786398732600949,0.04226581044533452,0.001838496183815918,0.04287768864824593
874,2,train,16,0.0009370599033165529,0.03061143419241498,0.001838496183815918,0.04287768864824593
874,3,train,16,0.0021757479781895645,0.046644913744046786,0.001838496183815918,0.04287768864824593
874,4,train,16,0.0011664528634667743,0.034153372651420155,0.001838496183815918,0.04287768864824593
874,5,train,16,0.00013661612176050315,0.011688289941668248,0.001838496183815918,0.04287768864824593
874,6,train,16,0.0021194267979295885,0.046037232735358764,0.001838496183815918,0.04287768864824593
874,7,train,8,0.0022581379782544023,0.0475198692996351,0.001838496183815918,0.04287768864824593
874,-1,train,120,0.001838496183815918,0.04287768864824593,0.001838496183815918,0.04287768864824593
875,0,train,16,0.0010045602571821508,0.0316947985824512,0.0018091595458269464,0.04253421617741353
875,1,train,16,0.0027534353296276492,0.05247318676836436,0.0018091595458269464,0.04253421617741353
875,2,train,16,0.0037479141700035245,0.06122021047010149,0.0018091595458269464,0.04253421617741353
875,3,train,16,0.0014412211374895596,0.03796341841153875,0.0018091595458269464,0.04253421617741353
875,4,train,16,0.00046802491619795625,0.02163388352094825,0.0018091595458269464,0.04253421617741353
875,5,train,16,0.0019080573253198317,0.043681315517276165,0.0018091595458269464,0.04253421617741353
875,6,train,16,0.0012385280664139922,0.035192727464832735,0.0018091595458269464,0.04253421617741353
875,7,train,8,0.0019115351643809067,0.043721106623470854,0.0018091595458269464,0.04253421617741353
875,-1,train,120,0.0018091595458269464,0.04253421617741353,0.0018091595458269464,0.04253421617741353
876,0,train,16,0.002797111677474882,0.05288772709688782,0.0017620207966523784,0.04197643144256522
876,1,train,16,0.003181341494676864,0.056403381943611004,0.0017620207966523784,0.04197643144256522
876,2,train,16,0.0028797815121447395,0.05366359578098303,0.0017620207966523784,0.04197643144256522
876,3,train,16,0.00047499885391821096,0.021794468424768038,0.0017620207966523784,0.04197643144256522
876,4,train,16,0.0005911899156635994,0.024314397291802226,0.0017620207966523784,0.04197643144256522
876,5,train,16,0.0010783398227730487,0.03283808494375165,0.0017620207966523784,0.04197643144256522
876,6,train,16,0.0020945562336041135,0.04576632204584626,0.0017620207966523784,0.04197643144256522
876,7,train,8,0.0009988468629635679,0.03160453864500426,0.0017620207966523784,0.04197643144256522
876,-1,train,120,0.0017620207966523784,0.04197643144256522,0.0017620207966523784,0.04197643144256522
877,0,train,16,0.0014904485215705703,0.03860632748100459,0.001826599601748526,0.042738736548341316
877,1,train,16,0.001622507918371154,0.0402803664130697,0.001826599601748526,0.042738736548341316
877,2,train,16,0.002038861850422785,0.04515375787708909,0.001826599601748526,0.042738736548341316
877,3,train,16,0.002297975813784987,0.047937206987735397,0.001826599601748526,0.042738736548341316
877,4,train,16,0.002747770434377677,0.05241918002389657,0.001826599601748526,0.042738736548341316
877,5,train,16,0.000719133659213123,0.026816667563534492,0.001826599601748526,0.042738736548341316
877,6,train,16,0.0014347554806329221,0.037878166278648207,0.001826599601748526,0.042738736548341316
877,7,train,8,0.0022613431356149887,0.04755358173276739,0.001826599601748526,0.042738736548341316
877,-1,train,120,0.001826599601748526,0.042738736548341316,0.001826599601748526,0.042738736548341316
878,0,train,16,0.0012897803302623413,0.0359135118063152,0.0018261449770971896,0.04273341756865685
878,1,train,16,0.0014362811612240538,0.03789830024188491,0.0018261449770971896,0.04273341756865685
878,2,train,16,0.0010800348294127296,0.032863883358677036,0.0018261449770971896,0.04273341756865685
878,3,train,16,0.004163355506448781,0.06452406920249823,0.0018261449770971896,0.04273341756865685
878,4,train,16,0.0011673176411725644,0.034166030515302245,0.0018261449770971896,0.04273341756865685
878,5,train,16,0.001063114778448001,0.03260544093319397,0.0018261449770971896,0.04273341756865685
878,6,train,16,0.002209981868263438,0.04701044424660799,0.0018261449770971896,0.04273341756865685
878,7,train,8,0.0021992937015456087,0.04689662782701554,0.0018261449770971896,0.04273341756865685
878,-1,train,120,0.0018261449770971896,0.04273341756865685,0.0018261449770971896,0.04273341756865685
879,0,train,16,0.001992890042104155,0.04464179703040812,0.0017548738613272924,0.041891214607925754
879,1,train,16,0.0022369611291677997,0.047296523436377434,0.0017548738613272924,0.041891214607925754
879,2,train,16,0.00031346067731366544,0.017704820736558317,0.0017548738613272924,0.041891214607925754
879,3,train,16,0.0024879840062250374,0.04987969533011441,0.0017548738613272924,0.041891214607925754
879,4,train,16,0.00211991872341927,0.046042575117159444,0.0017548738613272924,0.041891214607925754
879,5,train,16,0.002447704235217639,0.049474278521446265,0.0017548738613272924,0.041891214607925754
879,6,train,16,0.0010870204695862691,0.03296999347264523,0.0017548738613272924,0.041891214607925754
879,7,train,8,0.001353051607584505,0.03678384982005697,0.0017548738613272924,0.041891214607925754
879,-1,train,120,0.0017548738613272924,0.041891214607925754,0.0017548738613272924,0.041891214607925754
880,0,train,16,0.0019718848692159147,0.04440591029599455,0.001775182264427139,0.0421329118911468
880,1,train,16,0.0019924360243125895,0.044636711620734223,0.001775182264427139,0.0421329118911468
880,2,train,16,0.0015843165190350026,0.03980347370563281,0.001775182264427139,0.0421329118911468
880,3,train,16,0.0013286702302889933,0.03645092907305647,0.001775182264427139,0.0421329118911468
880,4,train,16,0.002016763708388162,0.04490839240485192,0.001775182264427139,0.0421329118911468
880,5,train,16,0.0010619799558257014,0.03258803393618126,0.001775182264427139,0.0421329118911468
880,6,train,16,0.0025696096400616257,0.05069131720582555,0.001775182264427139,0.0421329118911468
880,7,train,8,0.0016757971682891243,0.04093650166158711,0.001775182264427139,0.0421329118911468
880,-1,train,120,0.001775182264427139,0.0421329118911468,0.001775182264427139,0.0421329118911468
881,0,train,16,0.0009626757879833473,0.031027017065508363,0.0018082595048969888,0.0425236346623497
881,1,train,16,0.0027275805615395226,0.0522262439922643,0.0018082595048969888,0.0425236346623497
881,2,train,16,0.0009272629383515884,0.03045099240339448,0.0018082595048969888,0.0425236346623497
881,3,train,16,0.001296058307979177,0.03600080982393559,0.0018082595048969888,0.0425236346623497
881,4,train,16,0.0021066113407284858,0.045897835904631555,0.0018082595048969888,0.0425236346623497
881,5,train,16,0.0037450241063295706,0.06119660208156635,0.0018082595048969888,0.0425236346623497
881,6,train,16,0.0002390382917141872,0.01546086322668263,0.0018082595048969888,0.0425236346623497
881,7,train,8,0.0024618247045500303,0.04961677845799776,0.0018082595048969888,0.0425236346623497
881,-1,train,120,0.0018082595048969888,0.0425236346623497,0.0018082595048969888,0.0425236346623497
882,0,train,16,0.002160615231805406,0.04648241852362467,0.0017146853106038377,0.041408758863359305
882,1,train,16,0.0017992280501142321,0.042417308378941636,0.0017146853106038377,0.041408758863359305
882,2,train,16,0.00241128531221988,0.0491048400080876,0.0017146853106038377,0.041408758863359305
882,3,train,16,0.0004735670985460511,0.021761596874909046,0.0017146853106038377,0.041408758863359305
882,4,train,16,0.0030607307049312065,0.05532387102265356,0.0017146853106038377,0.041408758863359305
882,5,train,16,0.001109764859101445,0.03331313343264853,0.0017146853106038377,0.041408758863359305
882,6,train,16,0.0017434587312044488,0.04175474501424298,0.0017146853106038377,0.041408758863359305
882,7,train,8,0.0009588324969080318,0.03096502053782674,0.0017146853106038377,0.041408758863359305
882,-1,train,120,0.0017146853106038377,0.041408758863359305,0.0017146853106038377,0.041408758863359305
883,0,train,16,0.002506456795042985,0.05006452631397789,0.001707076872811169,0.04131678681614979
883,1,train,16,0.0010079907759719885,0.03174887046765583,0.001707076872811169,0.04131678681614979
883,2,train,16,0.0027591255929850346,0.05252737946047789,0.001707076872811169,0.04131678681614979
883,3,train,16,0.0021018412183333064,0.045845841887060014,0.001707076872811169,0.04131678681614979
883,4,train,16,0.0010227999756054276,0.03198124412222619,0.001707076872811169,0.04131678681614979
883,5,train,16,0.0014427009938567752,0.037982903968190415,0.001707076872811169,0.04131678681614979
883,6,train,16,0.0017866202973723295,0.04226843145152573,0.001707076872811169,0.04131678681614979
883,7,train,8,0.001029079333321504,0.03207926640871801,0.001707076872811169,0.04131678681614979
883,-1,train,120,0.001707076872811169,0.04131678681614979,0.001707076872811169,0.04131678681614979
884,0,train,16,0.0009932915680011963,0.031516528489051523,0.001758450463777068,0.04193388204992555
884,1,train,16,0.001657952301794317,0.040717960432643446,0.001758450463777068,0.04193388204992555
884,2,train,16,0.0018926365410843634,0.043504442774093356,0.001758450463777068,0.04193388204992555
884,3,train,16,0.002169533468745378,0.0465782510271197,0.001758450463777068,0.04193388204992555
884,4,train,16,0.0014616700114650652,0.038231793202321354,0.001758450463777068,0.04193388204992555
884,5,train,16,0.002322848139085035,0.048195934881326195,0.001758450463777068,0.04193388204992555
884,6,train,16,0.001770140318857533,0.04207303553176943,0.001758450463777068,0.04193388204992555
884,7,train,8,0.0017995313611836542,0.042420883550247444,0.001758450463777068,0.04193388204992555
884,-1,train,120,0.001758450463777068,0.04193388204992555,0.001758450463777068,0.04193388204992555
885,0,train,16,0.0020189321814745296,0.04493252921297142,0.0016991634791717876,0.04122091070284337
885,1,train,16,0.0019022322161705372,0.04361458719477392,0.0016991634791717876,0.04122091070284337
885,2,train,16,0.0014139025227096803,0.037601895201035816,0.0016991634791717876,0.04122091070284337
885,3,train,16,0.0025292297380081984,0.050291447960942606,0.0016991634791717876,0.04122091070284337
885,4,train,16,0.0012575330266374179,0.0354617121221948,0.0016991634791717876,0.04122091070284337
885,5,train,16,0.00211726577095057,0.04601375632297987,0.0016991634791717876,0.04122091070284337
885,6,train,16,0.0016511312869636676,0.040634114817031115,0.0016991634791717876,0.04122091070284337
885,7,train,8,0.0007030810904596984,0.026515676315336526,0.0016991634791717876,0.04122091070284337
885,-1,train,120,0.0016991634791717876,0.04122091070284337,0.0016991634791717876,0.04122091070284337
886,0,train,16,0.002054925351181138,0.045331284464276304,0.0017117232827535737,0.041372977687780386
886,1,train,16,0.002316930652386865,0.04813450583922998,0.0017117232827535737,0.041372977687780386
886,2,train,16,0.0014696983761867915,0.03833664534341511,0.0017117232827535737,0.041372977687780386
886,3,train,16,0.0013854950130588527,0.03722223815219677,0.0017117232827535737,0.041372977687780386
886,4,train,16,0.00143288741983207,0.03785349943970927,0.0017117232827535737,0.041372977687780386
886,5,train,16,0.0010974971754934776,0.033128494917419316,0.0017117232827535737,0.041372977687780386
886,6,train,16,0.0030387930714122977,0.055125248946488195,0.0017117232827535737,0.041372977687780386
886,7,train,8,0.0008975592024770961,0.029959292422837628,0.0017117232827535737,0.041372977687780386
886,-1,train,120,0.0017117232827535737,0.041372977687780386,0.0017117232827535737,0.041372977687780386
887,0,train,16,0.0015922500471424364,0.039903007996170366,0.0017658042010734098,0.04202147309499525
887,1,train,16,0.0013111675132881752,0.03621004713181378,0.0017658042010734098,0.04202147309499525
887,2,train,16,0.0024067127314525787,0.04905825854484216,0.0017658042010734098,0.04202147309499525
887,3,train,16,0.0008901477414503403,0.029835343829933324,0.0017658042010734098,0.04202147309499525
887,4,train,16,0.001877312596002325,0.0433279655188462,0.0017658042010734098,0.04202147309499525
887,5,train,16,0.0018193655286053785,0.04265402124777192,0.0017658042010734098,0.04202147309499525
887,6,train,16,0.0019301809481490947,0.04393382464740686,0.0017658042010734098,0.04202147309499525
887,7,train,8,0.0022992965024969496,0.047950980203713765,0.0017658042010734098,0.04202147309499525
887,-1,train,120,0.0017658042010734098,0.04202147309499525,0.0017658042010734098,0.04202147309499525
888,0,train,16,0.0014214252157248657,0.0377017932693508,0.0016221546352642286,0.04027598087277613
888,1,train,16,0.0025759591744686206,0.050753907972378054,0.0016221546352642286,0.04027598087277613
888,2,train,16,0.0031129817862542244,0.055794101715631414,0.0016221546352642286,0.04027598087277613
888,3,train,16,0.0006308817169154155,0.02511735887619189,0.0016221546352642286,0.04027598087277613
888,4,train,16,0.0025819353045774705,0.05081274746141435,0.0016221546352642286,0.04027598087277613
888,5,train,16,0.0011252060541663185,0.03354409119601123,0.0016221546352642286,0.04027598087277613
888,6,train,16,0.0014597999329311626,0.038207328262143146,0.0016221546352642286,0.04027598087277613
888,7,train,8,6.904789707574948e-05,0.008309506427926359,0.0016221546352642286,0.04027598087277613
888,-1,train,120,0.0016221546352642286,0.04027598087277613,0.0016221546352642286,0.04027598087277613
889,0,train,16,0.0011201536508571542,0.033468696581390116,0.0016735392876797628,0.04090891452580675
889,1,train,16,0.0024371488315031837,0.04936748759561482,0.0016735392876797628,0.04090891452580675
889,2,train,16,0.0017512612898274832,0.0418480739082157,0.0016735392876797628,0.04090891452580675
889,3,train,16,0.0019528052082868567,0.04419055564582614,0.0016735392876797628,0.04090891452580675
889,4,train,16,0.0009429974563104984,0.03070826364857672,0.0016735392876797628,0.04090891452580675
889,5,train,16,0.0023020426884058044,0.04797960700553731,0.0016735392876797628,0.04090891452580675
889,6,train,16,0.00188330472038453,0.04339705889094939,0.0016735392876797628,0.04090891452580675
889,7,train,8,0.000998600455862591,0.03160064011792468,0.0016735392876797628,0.04090891452580675
889,-1,train,120,0.0016735392876797628,0.04090891452580675,0.0016735392876797628,0.04090891452580675
890,0,train,16,0.0013247027795960267,0.036396466581194754,0.0016122306387874993,0.040152591931125685
890,1,train,16,0.0014067681421718631,0.03750690792603228,0.0016122306387874993,0.040152591931125685
890,2,train,16,0.0017026872467427547,0.04126363104166616,0.0016122306387874993,0.040152591931125685
890,3,train,16,0.003106111046801844,0.055732495429523375,0.0016122306387874993,0.040152591931125685
890,4,train,16,0.0022967596936954767,0.0479245207977657,0.0016122306387874993,0.040152591931125685
890,5,train,16,0.0018089774843318526,0.04253207594665293,0.0016122306387874993,0.040152591931125685
890,6,train,16,0.0011020754520351215,0.03319752177550489,0.0016122306387874993,0.040152591931125685
890,7,train,8,0.0001497632649250542,0.012237780228662965,0.0016122306387874993,0.040152591931125685
890,-1,train,120,0.0016122306387874993,0.040152591931125685,0.0016122306387874993,0.040152591931125685
891,0,train,16,0.002801768887440972,0.05293173799754711,0.0017260665953921423,0.04154595762998059
891,1,train,16,0.001886245588208132,0.04343092893558843,0.0017260665953921423,0.04154595762998059
891,2,train,16,0.0011473022340234512,0.03387185017124768,0.0017260665953921423,0.04154595762998059
891,3,train,16,0.002891510348735189,0.0537727658646567,0.0017260665953921423,0.04154595762998059
891,4,train,16,0.0011215784076720225,0.0334899747338218,0.0017260665953921423,0.04154595762998059
891,5,train,16,0.0010510240562346615,0.03241950117189747,0.0017260665953921423,0.04154595762998059
891,6,train,16,0.0008573595833426681,0.029280703259018014,0.0017260665953921423,0.04154595762998059
891,7,train,8,0.0020517436574800417,0.04529617707356816,0.0017260665953921423,0.04154595762998059
891,-1,train,120,0.0017260665953921423,0.04154595762998059,0.0017260665953921423,0.04154595762998059
892,0,train,16,0.0014107472241692948,0.037559915124628473,0.001883251342107056,0.043396443887800944
892,1,train,16,0.0025341039224182306,0.050339884012761,0.001883251342107056,0.043396443887800944
892,2,train,16,0.001660389495863336,0.040747877194564824,0.001883251342107056,0.043396443887800944
892,3,train,16,0.001039055088236735,0.03223437742902343,0.001883251342107056,0.043396443887800944
892,4,train,16,0.0007671387461188003,0.027697269650974632,0.001883251342107056,0.043396443887800944
892,5,train,16,0.0020855319938746348,0.04566762522700994,0.001883251342107056,0.043396443887800944
892,6,train,16,0.0011751789191741528,0.03428088270704465,0.001883251342107056,0.043396443887800944
892,7,train,8,0.004393865347001264,0.06628623799101337,0.001883251342107056,0.043396443887800944
892,-1,train,120,0.001883251342107056,0.043396443887800944,0.001883251342107056,0.043396443887800944
893,0,train,16,0.001977750759859177,0.04447190978425793,0.0016434956565363516,0.04054005003125121
893,1,train,16,0.002065026917998148,0.04544256724700034,0.0016434956565363516,0.04054005003125121
893,2,train,16,0.0018297173626468277,0.04277519564709001,0.0016434956565363516,0.04054005003125121
893,3,train,16,0.002043250680205229,0.04520233047316508,0.0016434956565363516,0.04054005003125121
893,4,train,16,0.0008225053669965778,0.028679354368544942,0.0016434956565363516,0.04054005003125121
893,5,train,16,0.002200392708569129,0.04690834369884668,0.0016434956565363516,0.04054005003125121
893,6,train,16,0.0012596789981918137,0.035491956809843746,0.0016434956565363516,0.04054005003125121
893,7,train,8,0.0009496424578239089,0.030816269369018517,0.0016434956565363516,0.04054005003125121
893,-1,train,120,0.0016434956565363516,0.04054005003125121,0.0016434956565363516,0.04054005003125121
894,0,train,16,0.0018457013262122555,0.042961626205397015,0.001818976124105766,0.042649456316649174
894,1,train,16,0.0041882216426342486,0.06471647118496379,0.001818976124105766,0.042649456316649174
894,2,train,16,0.00046671602197699384,0.02160361131794853,0.001818976124105766,0.042649456316649174
894,3,train,16,0.0013773175915903907,0.0371122296768921,0.001818976124105766,0.042649456316649174
894,4,train,16,0.0006317097619323615,0.025133836991839537,0.001818976124105766,0.042649456316649174
894,5,train,16,0.0014585659072103492,0.03819117577674651,0.001818976124105766,0.042649456316649174
894,6,train,16,0.0007467336627872818,0.027326427918542187,0.001818976124105766,0.042649456316649174
894,7,train,8,0.003836843078502247,0.06194225600107125,0.001818976124105766,0.042649456316649174
894,-1,train,120,0.001818976124105766,0.042649456316649174,0.001818976124105766,0.042649456316649174
895,0,train,16,0.0009654672961529056,0.03107196962139519,0.001698593672405351,0.041213998500574424
895,1,train,16,0.0017116638297077845,0.04137225918061261,0.001698593672405351,0.041213998500574424
895,2,train,16,0.001676047773171228,0.0409395624447945,0.001698593672405351,0.041213998500574424
895,3,train,16,0.000771497725875206,0.027775847887602026,0.001698593672405351,0.041213998500574424
895,4,train,16,0.003653452428999663,0.06044379562039153,0.001698593672405351,0.041213998500574424
895,5,train,16,0.0018193987964214401,0.04265441121878768,0.001698593672405351,0.041213998500574424
895,6,train,16,0.001405043974355689,0.03748391620889804,0.001698593672405351,0.041213998500574424
895,7,train,8,0.0015861775545588936,0.03982684464728399,0.001698593672405351,0.041213998500574424
895,-1,train,120,0.001698593672405351,0.041213998500574424,0.001698593672405351,0.041213998500574424
896,0,train,16,0.0010368120287809856,0.03219956566137167,0.001577061716388362,0.03971223635591884
896,1,train,16,0.001294391119987702,0.035977647504912016,0.001577061716388362,0.03971223635591884
896,2,train,16,0.002342067120183125,0.0483949079984984,0.001577061716388362,0.03971223635591884
896,3,train,16,0.0021795493470626514,0.04668564390755098,0.001577061716388362,0.03971223635591884
896,4,train,16,0.0023201378844250123,0.04816780962868264,0.001577061716388362,0.03971223635591884
896,5,train,16,0.0016453053675351767,0.040562363929327105,0.001577061716388362,0.03971223635591884
896,6,train,16,0.0016868007428364688,0.04107067984385538,0.001577061716388362,0.03971223635591884
896,7,train,8,0.000111430120295775,0.010556046622470696,0.001577061716388362,0.03971223635591884
896,-1,train,120,0.001577061716388362,0.03971223635591884,0.001577061716388362,0.03971223635591884
897,0,train,16,0.0016488824779628951,0.04060643394787204,0.0017025183709533393,0.041261584687858746
897,1,train,16,0.002100954667851404,0.0458361720462279,0.0017025183709533393,0.041261584687858746
897,2,train,16,0.002361014950889221,0.048590276299782666,0.0017025183709533393,0.041261584687858746
897,3,train,16,0.0015876584827626268,0.03984543239522727,0.0017025183709533393,0.041261584687858746
897,4,train,16,0.0020527661613887332,0.045307462535312364,0.0017025183709533393,0.041261584687858746
897,5,train,16,0.0006443036619837492,0.025383137355018768,0.0017025183709533393,0.041261584687858746
897,6,train,16,0.0011097025274098965,0.03331219787720253,0.0017025183709533393,0.041261584687858746
897,7,train,8,0.002114864037378188,0.04598765092259212,0.0017025183709533393,0.041261584687858746
897,-1,train,120,0.0017025183709533393,0.041261584687858746,0.0017025183709533393,0.041261584687858746
898,0,train,16,0.0013033141699234213,0.03610144276789255,0.0016711043121188922,0.040879142751761466
898,1,train,16,0.0018549429963479395,0.04306904916930416,0.0016711043121188922,0.040879142751761466
898,2,train,16,0.0013693517422162286,0.037004752967912495,0.0016711043121188922,0.040879142751761466
898,3,train,16,0.0023167865571525875,0.048133009018267156,0.0016711043121188922,0.040879142751761466
898,4,train,16,0.001993778103591366,0.04465174244742713,0.0016711043121188922,0.040879142751761466
898,5,train,16,0.001064546854910093,0.03262739424027136,0.0016711043121188922,0.040879142751761466
898,6,train,16,0.001706912254860169,0.041314794624446205,0.0016711043121188922,0.040879142751761466
898,7,train,8,0.0017592018179493317,0.041942839888940896,0.0016711043121188922,0.040879142751761466
898,-1,train,120,0.0016711043121188922,0.040879142751761466,0.0016711043121188922,0.040879142751761466
899,0,train,16,0.0026339134071091583,0.05132166605936676,0.001735602380549044,0.0416605614526382
899,1,train,16,0.0010310413997273676,0.032109833380560664,0.001735602380549044,0.0416605614526382
899,2,train,16,0.0017738700711009685,0.0421173369421782,0.001735602380549044,0.0416605614526382
899,3,train,16,0.001784293774577432,0.04224090167808249,0.001735602380549044,0.0416605614526382
899,4,train,16,0.00015529722439384795,0.012461830699935221,0.001735602380549044,0.0416605614526382
899,5,train,16,0.0012788322651028665,0.03576076432492553,0.001735602380549044,0.0416605614526382
899,6,train,16,0.002255113477876057,0.047488035102287156,0.001735602380549044,0.0416605614526382
899,7,train,8,0.0029724574245046527,0.05452024783972146,0.001735602380549044,0.0416605614526382
899,-1,train,120,0.001735602380549044,0.0416605614526382,0.001735602380549044,0.0416605614526382
900,0,train,16,0.001450239024379566,0.03808200394385209,0.0016515777296440565,0.04063960789235123
900,1,train,16,0.0019047690010905415,0.04364365934578059,0.0016515777296440565,0.04063960789235123
900,2,train,16,0.0013881061593396067,0.03725729672613952,0.0016515777296440565,0.04063960789235123
900,3,train,16,0.00016568588097332277,0.012871902772058325,0.0016515777296440565,0.04063960789235123
900,4,train,16,0.002081467738006591,0.04562310530867656,0.0016515777296440565,0.04063960789235123
900,5,train,16,0.002129725763060896,0.046148951917252636,0.0016515777296440565,0.04063960789235123
900,6,train,16,0.002330670800379015,0.04827702145305793,0.0016515777296440565,0.04063960789235123
900,7,train,8,0.0017619574699229128,0.04197567712286382,0.0016515777296440565,0.04063960789235123
900,-1,train,120,0.0016515777296440565,0.04063960789235123,0.0016515777296440565,0.04063960789235123
901,0,train,16,0.0017322357717436162,0.04162013661370679,0.0017790607337125719,0.04217891337757022
901,1,train,16,0.0018771680574100921,0.04332629752713809,0.0017790607337125719,0.04217891337757022
901,2,train,16,0.0008415071337297497,0.02900874236725456,0.0017790607337125719,0.04217891337757022
901,3,train,16,0.0008181893296400208,0.028604008978463505,0.0017790607337125719,0.04217891337757022
901,4,train,16,0.0010938898803852667,0.03307400611334023,0.0017790607337125719,0.04217891337757022
901,5,train,16,0.0018528911248027451,0.0430452218579803,0.0017790607337125719,0.04217891337757022
901,6,train,16,0.0021928621680785782,0.04682800623642414,0.0017790607337125719,0.04217891337757022
901,7,train,8,0.0038237424039105072,0.061836416486650544,0.0017790607337125719,0.04217891337757022
901,-1,train,120,0.0017790607337125719,0.04217891337757022,0.0017790607337125719,0.04217891337757022
902,0,train,16,0.0022422814577933367,0.047352734427837814,0.0016767751827368059,0.040948445425153884
902,1,train,16,0.002394850498229929,0.04893720975116919,0.0016767751827368059,0.040948445425153884
902,2,train,16,0.0001191653819102334,0.010916289750195962,0.0016767751827368059,0.040948445425153884
902,3,train,16,0.0003970284800651096,0.019925573519101264,0.0016767751827368059,0.040948445425153884
902,4,train,16,0.001664394606136405,0.0407969926114218,0.0016767751827368059,0.040948445425153884
902,5,train,16,0.0016047046038036267,0.0400587643818881,0.0016767751827368059,0.040948445425153884
902,6,train,16,0.0027965319008901473,0.052882245611264915,0.0016767751827368059,0.040948445425153884
902,7,train,8,0.002195244533065659,0.046853436726302794,0.0016767751827368059,0.040948445425153884
902,-1,train,120,0.0016767751827368059,0.040948445425153884,0.0016767751827368059,0.040948445425153884
903,0,train,16,0.003219185238021131,0.056737864235633075,0.0016132461419728315,0.04016523549007066
903,1,train,16,0.0009012904463683167,0.03002149973549484,0.0016132461419728315,0.04016523549007066
903,2,train,16,0.0016906549609503752,0.041117574842764924,0.0016132461419728315,0.04016523549007066
903,3,train,16,0.001180535376478951,0.03435891989686159,0.0016132461419728315,0.04016523549007066
903,4,train,16,0.0018142213096540652,0.042593676874086196,0.0016132461419728315,0.04016523549007066
903,5,train,16,0.0012448347727282987,0.03528221609718271,0.0016132461419728315,0.04016523549007066
903,6,train,16,0.0014577591876008382,0.0381806127190337,0.0016132461419728315,0.04016523549007066
903,7,train,8,0.001397487843980677,0.03738298869781116,0.0016132461419728315,0.04016523549007066
903,-1,train,120,0.0016132461419728315,0.04016523549007066,0.0016132461419728315,0.04016523549007066
904,0,train,16,0.0007370973479559941,0.027149536790818257,0.0015428430369742532,0.039279040682967975
904,1,train,16,0.0010703413654864643,0.03271607197519996,0.0015428430369742532,0.039279040682967975
904,2,train,16,0.0017106925721098645,0.04136051948549322,0.0015428430369742532,0.039279040682967975
904,3,train,16,0.0017850179888065439,0.04224947323703035,0.0015428430369742532,0.039279040682967975
904,4,train,16,0.0028428773011511628,0.05331863934077053,0.0015428430369742532,0.039279040682967975
904,5,train,16,0.002422838520678639,0.049222337618998135,0.0015428430369742532,0.039279040682967975
904,6,train,16,0.0015097258721566754,0.0388551910580385,0.0015428430369742532,0.039279040682967975
904,7,train,8,0.00026415332744868215,0.016252794450453193,0.0015428430369742532,0.039279040682967975
904,-1,train,120,0.0015428430369742532,0.039279040682967975,0.0015428430369742532,0.039279040682967975
905,0,train,16,0.0016562169113000392,0.040696644963682686,0.001601654168314705,0.040020671762411794
905,1,train,16,0.0010191624610402135,0.03192432397154579,0.001601654168314705,0.040020671762411794
905,2,train,16,0.0011024387871726433,0.033202993647751755,0.001601654168314705,0.040020671762411794
905,3,train,16,0.0014285990589454841,0.03779681281464727,0.001601654168314705,0.040020671762411794
905,4,train,16,0.0025871228675519707,0.05086376772862949,0.001601654168314705,0.040020671762411794
905,5,train,16,0.0028869605681666696,0.05373044358803182,0.001601654168314705,0.040020671762411794
905,6,train,16,0.000863458349558834,0.02938466180780092,0.001601654168314705,0.040020671762411794
905,7,train,8,0.001269274342781784,0.03562687669136581,0.001601654168314705,0.040020671762411794
905,-1,train,120,0.001601654168314705,0.040020671762411794,0.001601654168314705,0.040020671762411794
906,0,train,16,0.0018440482244704375,0.0429423826128737,0.0017680968396058027,0.04204874361506896
906,1,train,16,0.0002083208048288793,0.014433322723090456,0.0017680968396058027,0.04204874361506896
906,2,train,16,0.0022657581593728848,0.04759998066567764,0.0017680968396058027,0.04204874361506896
906,3,train,16,0.0016166115114095315,0.0402071077225101,0.0017680968396058027,0.04204874361506896
906,4,train,16,0.0008776750304961506,0.02962558067778842,0.0017680968396058027,0.04204874361506896
906,5,train,16,0.0009713434609900711,0.031166383508358347,0.0017680968396058027,0.04204874361506896
906,6,train,16,0.0023407344749908727,0.04838113759504702,0.0017680968396058027,0.04204874361506896
906,7,train,8,0.004020283050287593,0.06340570203292124,0.0017680968396058027,0.04204874361506896
906,-1,train,120,0.0017680968396058027,0.04204874361506896,0.0017680968396058027,0.04204874361506896
907,0,train,16,0.0009533522749178618,0.03087640320564981,0.001759782595417651,0.04194976275758483
907,1,train,16,0.0025106789860472,0.05010667606264858,0.001759782595417651,0.04194976275758483
907,2,train,16,0.0019279119794729086,0.04390799448247333,0.001759782595417651,0.04194976275758483
907,3,train,16,0.0006932855044560424,0.026330315312507034,0.001759782595417651,0.04194976275758483
907,4,train,16,0.0013937121543551546,0.0373324544378635,0.001759782595417651,0.04194976275758483
907,5,train,16,0.0011652218516661939,0.034135346075090466,0.001759782595417651,0.04194976275758483
907,6,train,16,0.0013895573041101355,0.03727676627753721,0.001759782595417651,0.04194976275758483
907,7,train,8,0.004044540708315711,0.06359670359630058,0.001759782595417651,0.04194976275758483
907,-1,train,120,0.001759782595417651,0.04194976275758483,0.001759782595417651,0.04194976275758483
908,0,train,16,0.0009929867816884114,0.03151169277725986,0.0015627562835560382,0.03953171237824183
908,1,train,16,0.0013142326011451066,0.036252346146768304,0.0015627562835560382,0.03953171237824183
908,2,train,16,0.0017170400698182907,0.04143718221378344,0.0015627562835560382,0.03953171237824183
908,3,train,16,0.0008863107147656805,0.029770971008109232,0.0015627562835560382,0.03953171237824183
908,4,train,16,0.0027873458471032488,0.05279532031442984,0.0015627562835560382,0.03953171237824183
908,5,train,16,0.0013044585015046357,0.036117288125005115,0.0015627562835560382,0.03953171237824183
908,6,train,16,0.0025281588461344992,0.05028079997508492,0.0015627562835560382,0.03953171237824183
908,7,train,8,0.0009715169062884313,0.031169165954327865,0.0015627562835560382,0.03953171237824183
908,-1,train,120,0.0015627562835560382,0.03953171237824183,0.0015627562835560382,0.03953171237824183
909,0,train,16,0.0008067612348110223,0.028403542645434605,0.0015107874543918403,0.03886884940915849
909,1,train,16,0.0007029507188002536,0.026513217813012694,0.0015107874543918403,0.03886884940915849
909,2,train,16,0.0014414683697995972,0.03796667446326577,0.0015107874543918403,0.03886884940915849
909,3,train,16,0.002371879116775579,0.0487019416119684,0.0015107874543918403,0.03886884940915849
909,4,train,16,0.002079478598358091,0.04560130040205094,0.0015107874543918403,0.03886884940915849
909,5,train,16,0.0017674859999820835,0.042041479517044636,0.0015107874543918403,0.03886884940915849
909,6,train,16,0.002708944697772899,0.052047523454751415,0.0015107874543918403,0.03886884940915849
909,7,train,8,0.0002073308988351981,0.014398989507434127,0.0015107874543918403,0.03886884940915849
909,-1,train,120,0.0015107874543918403,0.03886884940915849,0.0015107874543918403,0.03886884940915849
910,0,train,16,0.0016985287012264178,0.0412132102756679,0.0015544167973477376,0.039426092849123885
910,1,train,16,0.0015585692590104375,0.039478719064965084,0.0015544167973477376,0.039426092849123885
910,2,train,16,0.001268798766499417,0.03562020166281231,0.0015544167973477376,0.039426092849123885
910,3,train,16,0.0022005162007047506,0.04690965999348909,0.0015544167973477376,0.039426092849123885
910,4,train,16,0.001807630368829706,0.042516236531820475,0.0015544167973477376,0.039426092849123885
910,5,train,16,0.0021268041643522266,0.046117287044580436,0.0015544167973477376,0.039426092849123885
910,6,train,16,0.0008946295143757148,0.02991035797806029,0.0015544167973477376,0.039426092849123885
910,7,train,8,0.0008798574037832324,0.029662390392266643,0.0015544167973477376,0.039426092849123885
910,-1,train,120,0.0015544167973477376,0.039426092849123885,0.0015544167973477376,0.039426092849123885
911,0,train,16,0.0011824685490057925,0.03438704042231306,0.0015615880610766776,0.039516933852168715
911,1,train,16,0.0004657643200984248,0.021581573624238452,0.0015615880610766776,0.039516933852168715
911,2,train,16,0.003926770790950224,0.06266395128740467,0.0015615880610766776,0.039516933852168715
911,3,train,16,0.0016855922496250661,0.04105596484830269,0.0015615880610766776,0.039516933852168715
911,4,train,16,0.00184681630257756,0.04297460066804065,0.0015615880610766776,0.039516933852168715
911,5,train,16,0.0010543468790047393,0.03247070801514404,0.0015615880610766776,0.039516933852168715
911,6,train,16,0.0010345848609016916,0.03216496325043278,0.0015615880610766776,0.039516933852168715
911,7,train,8,0.0012963605364499208,0.036005007102483964,0.0015615880610766776,0.039516933852168715
911,-1,train,120,0.0015615880610766776,0.039516933852168715,0.0015615880610766776,0.039516933852168715
912,0,train,16,0.0008244491613423083,0.02871322276133956,0.001625454105561207,0.040316920834324727
912,1,train,16,0.0020744525112962276,0.04554615803002738,0.001625454105561207,0.040316920834324727
912,2,train,16,0.0017089101360283176,0.04133896631543074,0.001625454105561207,0.040316920834324727
912,3,train,16,0.0007751409375998125,0.02784135301309569,0.001625454105561207,0.040316920834324727
912,4,train,16,0.0021650302643823195,0.046529885712113236,0.001625454105561207,0.040316920834324727
912,5,train,16,0.0023742414561053237,0.048726188606388283,0.001625454105561207,0.040316920834324727
912,6,train,16,0.0007338486487653037,0.027089640986275615,0.001625454105561207,0.040316920834324727
912,7,train,8,0.002347559728970043,0.048451622562820776,0.001625454105561207,0.040316920834324727
912,-1,train,120,0.001625454105561207,0.040316920834324727,0.001625454105561207,0.040316920834324727
913,0,train,16,0.0015413057930687962,0.03925946755967019,0.0016676179095873622,0.040836477683406563
913,1,train,16,0.001511905374449294,0.03888322741812071,0.0016676179095873622,0.040836477683406563
913,2,train,16,0.0015700947081042037,0.03962442060275713,0.0016676179095873622,0.040836477683406563
913,3,train,16,0.0015415671332581304,0.039262795790138666,0.0016676179095873622,0.040836477683406563
913,4,train,16,0.0009756160078647451,0.031234852454665847,0.0016676179095873622,0.040836477683406563
913,5,train,16,0.0024944511637780336,0.049944480813980174,0.0016676179095873622,0.040836477683406563
913,6,train,16,0.0007544785057400458,0.027467772129170683,0.0016676179095873622,0.040836477683406563
913,7,train,8,0.0029515245904356497,0.054327935635689766,0.0016676179095873622,0.040836477683406563
913,-1,train,120,0.0016676179095873622,0.040836477683406563,0.0016676179095873622,0.040836477683406563
914,0,train,16,0.0009372884625892758,0.030615167198453707,0.00165485750641935,0.04067993985270074
914,1,train,16,0.0007089316371895823,0.026625770170824774,0.00165485750641935,0.04067993985270074
914,2,train,16,0.0031625462661695825,0.05623652075092824,0.00165485750641935,0.04067993985270074
914,3,train,16,0.0016281502638094913,0.04035034403582566,0.00165485750641935,0.04067993985270074
914,4,train,16,0.0009954481372954065,0.031550723245203215,0.00165485750641935,0.04067993985270074
914,5,train,16,0.0007538046992416783,0.027455503988120092,0.00165485750641935,0.04067993985270074
914,6,train,16,0.00209181872059944,0.045736404762502264,0.00165485750641935,0.04067993985270074
914,7,train,8,0.0029608718644603444,0.05441389403875029,0.00165485750641935,0.04067993985270074
914,-1,train,120,0.00165485750641935,0.04067993985270074,0.00165485750641935,0.04067993985270074
915,0,train,16,0.001748472321842605,0.04181473809367464,0.0016689859584474325,0.040853224578329586
915,1,train,16,0.0017773052233958306,0.04215809795751974,0.0016689859584474325,0.040853224578329586
915,2,train,16,0.0017189604944723858,0.04146034846057599,0.0016689859584474325,0.040853224578329586
915,3,train,16,0.0011151264885182967,0.03339350967655686,0.0016689859584474325,0.040853224578329586
915,4,train,16,0.001685496798425327,0.04105480237956732,0.0016689859584474325,0.040853224578329586
915,5,train,16,0.0006570054850808193,0.0256321182324212,0.0016689859584474325,0.040853224578329586
915,6,train,16,0.0014563763360347028,0.038162499080048505,0.0016689859584474325,0.040853224578329586
915,7,train,8,0.0031931445198094925,0.056507915550031505,0.0016689859584474325,0.040853224578329586
915,-1,train,120,0.0016689859584474325,0.040853224578329586,0.0016689859584474325,0.040853224578329586
916,0,train,16,0.0017382421741761848,0.04169223158066961,0.0016339546323863585,0.040422204694775844
916,1,train,16,0.0011217400885136495,0.033492388516103914,0.0016339546323863585,0.040422204694775844
916,2,train,16,0.0011122167792827894,0.03334991423201549,0.0016339546323863585,0.040422204694775844
916,3,train,16,0.001340431214158972,0.03661189989824309,0.0016339546323863585,0.040422204694775844
916,4,train,16,0.0021461580703730477,0.04632664536066741,0.0016339546323863585,0.040422204694775844
916,5,train,16,0.0008742640210277425,0.029567955983255633,0.0016339546323863585,0.040422204694775844
916,6,train,16,0.0020428831633103823,0.045198265047569935,0.0016339546323863585,0.040422204694775844
916,7,train,8,0.002695701548248101,0.05192014588045859,0.0016339546323863585,0.040422204694775844
916,-1,train,120,0.0016339546323863585,0.040422204694775844,0.0016339546323863585,0.040422204694775844
917,0,train,16,0.003023588759570145,0.054987169044879415,0.0016098212169389802,0.04012257739651056
917,1,train,16,0.0016028121506100044,0.04003513645049814,0.0016098212169389802,0.04012257739651056
917,2,train,16,0.00090430016377745,0.03007158399182607,0.0016098212169389802,0.04012257739651056
917,3,train,16,0.0017368408002015057,0.041675422015877726,0.0016098212169389802,0.04012257739651056
917,4,train,16,0.0013607814622040723,0.0368887714922044,0.0016098212169389802,0.04012257739651056
917,5,train,16,0.0012856319087116938,0.03585570956921218,0.0016098212169389802,0.04012257739651056
917,6,train,16,0.0005476719824267244,0.023402392664570098,0.0016098212169389802,0.04012257739651056
917,7,train,8,0.0024169425080102476,0.04916240950167361,0.0016098212169389802,0.04012257739651056
917,-1,train,120,0.0016098212169389802,0.04012257739651056,0.0016098212169389802,0.04012257739651056
918,0,train,16,0.0017956814259365652,0.04237548142424538,0.0014988731454968092,0.03871528309978902
918,1,train,16,0.002477149464887712,0.04977097010193505,0.0014988731454968092,0.03871528309978902
918,2,train,16,0.0016541366982414478,0.040671079383776475,0.0014988731454968092,0.03871528309978902
918,3,train,16,0.0013554767427680476,0.036816799735556155,0.0014988731454968092,0.03871528309978902
918,4,train,16,0.0022501863227056738,0.047436128875633116,0.0014988731454968092,0.03871528309978902
918,5,train,16,0.0008581945106032682,0.02929495708485111,0.0014988731454968092,0.03871528309978902
918,6,train,16,0.0009113140566060281,0.030187978677050045,0.0014988731454968092,0.03871528309978902
918,7,train,8,0.0006888459422257308,0.026245874765869984,0.0014988731454968092,0.03871528309978902
918,-1,train,120,0.0014988731454968092,0.03871528309978902,0.0014988731454968092,0.03871528309978902
919,0,train,16,0.0013641677184657035,0.036934641171476185,0.0014797883771277564,0.03846801758770208
919,1,train,16,0.0028358785630232925,0.05325296764522417,0.0014797883771277564,0.03846801758770208
919,2,train,16,0.0028342308118620126,0.05323749441758142,0.0014797883771277564,0.03846801758770208
919,3,train,16,0.0008410940505923367,0.029001621516603803,0.0014797883771277564,0.03846801758770208
919,4,train,16,0.0009894893060744033,0.03145614893902945,0.0014797883771277564,0.03846801758770208
919,5,train,16,0.0014971167770719417,0.038692593310244036,0.0014797883771277564,0.03846801758770208
919,6,train,16,0.0008908027594687004,0.029846319027121256,0.0014797883771277564,0.03846801758770208
919,7,train,8,0.0005855270304636597,0.024197665806099142,0.0014797883771277564,0.03846801758770208
919,-1,train,120,0.0014797883771277564,0.03846801758770208,0.0014797883771277564,0.03846801758770208
920,0,train,16,0.0015628694096909204,0.03953314318000683,0.00166023163769479,0.04074594013757432
920,1,train,16,0.001058814718126394,0.03253943327912141,0.00166023163769479,0.04074594013757432
920,2,train,16,0.0019971362259830006,0.04468933011338389,0.00166023163769479,0.04074594013757432
920,3,train,16,0.0007829278865132828,0.027980848566712246,0.00166023163769479,0.04074594013757432
920,4,train,16,0.0013872242038254173,0.037245458834942784,0.00166023163769479,0.04074594013757432
920,5,train,16,0.0018439288130448876,0.042940992222407805,0.00166023163769479,0.04074594013757432
920,6,train,16,0.0010567923560078994,0.03250834286776087,0.00166023163769479,0.04074594013757432
920,7,train,8,0.0035921594883665193,0.05993462678924863,0.00166023163769479,0.04074594013757432
920,-1,train,120,0.00166023163769479,0.04074594013757432,0.00166023163769479,0.04074594013757432
921,0,train,16,0.0022814158885245575,0.04776416950523224,0.00153954200798305,0.03923699794814901
921,1,train,16,0.0006982417983639013,0.02642426533252914,0.00153954200798305,0.03923699794814901
921,2,train,16,0.003134655947060251,0.055987998241232476,0.00153954200798305,0.03923699794814901
921,3,train,16,0.0013220555636200668,0.03636008200788424,0.00153954200798305,0.03923699794814901
921,4,train,16,0.000519309407006146,0.02278836121808995,0.00153954200798305,0.03923699794814901
921,5,train,16,0.0018608719801545257,0.043137825398999026,0.00153954200798305,0.03923699794814901
921,6,train,16,0.0009272538259481428,0.030450842778946906,0.00153954200798305,0.03923699794814901
921,7,train,8,0.0015725316531868098,0.039655159225336745,0.00153954200798305,0.03923699794814901
921,-1,train,120,0.00153954200798305,0.03923699794814901,0.00153954200798305,0.03923699794814901
922,0,train,16,0.0023316379610025433,0.0482870371942879,0.0016429920681431502,0.04053383855673122
922,1,train,16,0.000775461722536904,0.027847113360937502,0.0016429920681431502,0.04053383855673122
922,2,train,16,0.001941344239170756,0.044060688137735164,0.0016429920681431502,0.04053383855673122
922,3,train,16,0.000862942397517967,0.029375881221130492,0.0016429920681431502,0.04053383855673122
922,4,train,16,0.0017608337518577265,0.04196228964031547,0.0016429920681431502,0.04053383855673122
922,5,train,16,0.0008203041015398691,0.02864095147755865,0.0016429920681431502,0.04053383855673122
922,6,train,16,0.0012917047771840036,0.03594029461737902,0.0016429920681431502,0.04053383855673122
922,7,train,8,0.0033597075943354307,0.057962984691399655,0.0016429920681431502,0.04053383855673122
922,-1,train,120,0.0016429920681431502,0.04053383855673122,0.0016429920681431502,0.04053383855673122
923,0,train,16,0.0013704874080301883,0.037020094651826436,0.0016327618397074875,0.04040744782472023
923,1,train,16,0.0015299944124039704,0.03911514300630857,0.0016327618397074875,0.04040744782472023
923,2,train,16,0.0018132770758990176,0.042582591230443195,0.0016327618397074875,0.04040744782472023
923,3,train,16,0.000759698915049943,0.02756263621372134,0.0016327618397074875,0.04040744782472023
923,4,train,16,0.0011995161787262732,0.03463403208877466,0.0016327618397074875,0.04040744782472023
923,5,train,16,0.0014481930561588737,0.03805513179794381,0.0016327618397074875,0.04040744782472023
923,6,train,16,0.001644350325974367,0.0405505897117954,0.0016327618397074875,0.04040744782472023
923,7,train,8,0.0032965773454172675,0.05741582835261778,0.0016327618397074875,0.04040744782472023
923,-1,train,120,0.0016327618397074875,0.04040744782472023,0.0016327618397074875,0.04040744782472023
924,0,train,16,0.0016609192570989973,0.0407543771526323,0.0014768589515137978,0.03842992260613854
924,1,train,16,0.0026557877860179237,0.05153433599085103,0.0014768589515137978,0.03842992260613854
924,2,train,16,0.0016151632492882374,0.04018909366094535,0.0014768589515137978,0.03842992260613854
924,3,train,16,0.0008131231830910059,0.028515314886758764,0.0014768589515137978,0.03842992260613854
924,4,train,16,0.001291249967380836,0.03593396676378543,0.0014768589515137978,0.03842992260613854
924,5,train,16,0.0016661133669478624,0.04081805197394729,0.0014768589515137978,0.03842992260613854
924,6,train,16,0.0014707823048918625,0.038350779716869676,0.0014768589515137978,0.03842992260613854
924,7,train,8,0.0006417324973936584,0.025332439625777428,0.0014768589515137978,0.03842992260613854
924,-1,train,120,0.0014768589515137978,0.03842992260613854,0.0014768589515137978,0.03842992260613854
925,0,train,16,0.0016487788186525128,0.040605157537590135,0.0015274043451156587,0.03908202073992156
925,1,train,16,0.0012942659209475033,0.03597590750693446,0.0015274043451156587,0.03908202073992156
925,2,train,16,0.0029725977415010567,0.054521534658344466,0.0015274043451156587,0.03908202073992156
925,3,train,16,0.0005151564852218287,0.022697058955332267,0.0015274043451156587,0.03908202073992156
925,4,train,16,0.0014884116891180003,0.03857993894653023,0.0015274043451156587,0.03908202073992156
925,5,train,16,0.0013623405650016974,0.036909897927272804,0.0015274043451156587,0.03908202073992156
925,6,train,16,0.0011476714653719667,0.033877300148801213,0.0015274043451156587,0.03908202073992156
925,7,train,8,0.0017900120751107023,0.042308534305866737,0.0015274043451156587,0.03908202073992156
925,-1,train,120,0.0015274043451156587,0.03908202073992156,0.0015274043451156587,0.03908202073992156
926,0,train,16,0.0032343340439161374,0.05687120575402053,0.0015517633640668342,0.039392427750353676
926,1,train,16,0.0009663118858365693,0.031085557512075753,0.0015517633640668342,0.039392427750353676
926,2,train,16,0.0018968306936163245,0.04355261982494652,0.0015517633640668342,0.039392427750353676
926,3,train,16,0.00033814628916578886,0.018388754421270324,0.0015517633640668342,0.039392427750353676
926,4,train,16,0.0014130570135323203,0.03759065061331501,0.0015517633640668342,0.039392427750353676
926,5,train,16,0.0006658054498662705,0.025803206193538635,0.0015517633640668342,0.039392427750353676
926,6,train,16,0.0015018461438781976,0.038753659748186335,0.0015517633640668342,0.039392427750353676
926,7,train,8,0.002397775392723066,0.048967084788897386,0.0015517633640668342,0.039392427750353676
926,-1,train,120,0.0015517633640668342,0.039392427750353676,0.0015517633640668342,0.039392427750353676
927,0,train,16,0.0018356137336288693,0.042844062991607944,0.001487788593970962,0.03857186272363524
927,1,train,16,0.0007561350732707345,0.027497910343710383,0.001487788593970962,0.03857186272363524
927,2,train,16,0.001472931209883364,0.03837878593550562,0.001487788593970962,0.03857186272363524
927,3,train,16,0.0016363323707463966,0.040451605292576416,0.001487788593970962,0.03857186272363524
927,4,train,16,0.0018843456560220459,0.04340905039300037,0.001487788593970962,0.03857186272363524
927,5,train,16,0.0015276173340736862,0.03908474554188227,0.001487788593970962,0.03857186272363524
927,6,train,16,0.0014641097643493454,0.038263687281146146,0.001487788593970962,0.03857186272363524
927,7,train,8,0.0013252236097932527,0.03640362083355518,0.001487788593970962,0.03857186272363524
927,-1,train,120,0.001487788593970962,0.03857186272363524,0.001487788593970962,0.03857186272363524
928,0,train,16,0.002607528014473502,0.051063960035170615,0.0016152655993201283,0.04019036699658425
928,1,train,16,0.0021099675864964607,0.045934383488803465,0.0016152655993201283,0.04019036699658425
928,2,train,16,0.0008697267381487364,0.029491129821502877,0.0016152655993201283,0.04019036699658425
928,3,train,16,0.001429574867879327,0.037809719225079245,0.0016152655993201283,0.04019036699658425
928,4,train,16,0.000696812311579974,0.026397202722636615,0.0016152655993201283,0.04019036699658425
928,5,train,16,0.0005025672396121123,0.022418011499954947,0.0016152655993201283,0.04019036699658425
928,6,train,16,0.0012396573310163872,0.03520876781451443,0.0016152655993201283,0.04019036699658425
928,7,train,8,0.0034662907053545264,0.05887521299625613,0.0016152655993201283,0.04019036699658425
928,-1,train,120,0.0016152655993201283,0.04019036699658425,0.0016152655993201283,0.04019036699658425
929,0,train,16,0.0024474663369669506,0.0494718742010746,0.0014736481729318372,0.03838812541570423
929,1,train,16,0.0011797704558319832,0.03434778676759222,0.0014736481729318372,0.03838812541570423
929,2,train,16,0.0016159615201791016,0.04019902387097355,0.0014736481729318372,0.03838812541570423
929,3,train,16,0.0010960925025808297,0.03310728775633591,0.0014736481729318372,0.03838812541570423
929,4,train,16,0.001357841534162374,0.036848901396953126,0.0014736481729318372,0.03838812541570423
929,5,train,16,0.0013095054795798713,0.03618708995732969,0.0014736481729318372,0.03838812541570423
929,6,train,16,0.001611339963547867,0.040141499268809916,0.0014736481729318372,0.03838812541570423
929,7,train,8,0.0011712075906057204,0.03422291031758872,0.0014736481729318372,0.03838812541570423
929,-1,train,120,0.0014736481729318372,0.03838812541570423,0.0014736481729318372,0.03838812541570423
930,0,train,16,0.002010102676864708,0.04483416863135423,0.001576643119034039,0.03970696562360362
930,1,train,16,0.002160505374976495,0.046481236805580965,0.001576643119034039,0.03970696562360362
930,2,train,16,0.0010494225188069398,0.03239479153825411,0.001576643119034039,0.03970696562360362
930,3,train,16,0.0017560361407833167,0.04190508490366434,0.001576643119034039,0.03970696562360362
930,4,train,16,0.000998807328459142,0.031603913182692144,0.001576643119034039,0.03970696562360362
930,5,train,16,0.0009637979040057265,0.03104509468508232,0.001576643119034039,0.03970696562360362
930,6,train,16,0.0006945458695688089,0.02635423817090543,0.001576643119034039,0.03970696562360362
930,7,train,8,0.0029799271388071752,0.05458870889485458,0.001576643119034039,0.03970696562360362
930,-1,train,120,0.001576643119034039,0.03970696562360362,0.001576643119034039,0.03970696562360362
931,0,train,16,0.0010069091065009785,0.03173183112429818,0.0014076172292250698,0.03751822529418296
931,1,train,16,0.0014168436126202855,0.03764098315161661,0.0014076172292250698,0.03751822529418296
931,2,train,16,0.0014614267382263217,0.03822861151318894,0.0014076172292250698,0.03751822529418296
931,3,train,16,0.0014950059145215635,0.038665306342011097,0.0014076172292250698,0.03751822529418296
931,4,train,16,0.0024403138944716664,0.049399533342650785,0.0014076172292250698,0.03751822529418296
931,5,train,16,0.0016361512400609572,0.04044936637403554,0.0014076172292250698,0.03751822529418296
931,6,train,16,0.0014537124913330448,0.03812758176613152,0.0014076172292250698,0.03751822529418296
931,7,train,8,0.00035057483606574065,0.018723643771064988,0.0014076172292250698,0.03751822529418296
931,-1,train,120,0.0014076172292250698,0.03751822529418296,0.0014076172292250698,0.03751822529418296
932,0,train,16,0.0017385377093997838,0.041695775678116165,0.001467158474965179,0.03830350473475213
932,1,train,16,0.0006355828548090495,0.025210768627890928,0.001467158474965179,0.03830350473475213
932,2,train,16,0.0009735973887705588,0.03120252215399516,0.001467158474965179,0.03830350473475213
932,3,train,16,0.0016418958350331858,0.04052031385654837,0.001467158474965179,0.03830350473475213
932,4,train,16,0.0008028692872801798,0.028334948160887462,0.001467158474965179,0.03830350473475213
932,5,train,16,0.0018423486481799125,0.042922589020001026,0.001467158474965179,0.03830350473475213
932,6,train,16,0.0027851936035388908,0.05277493347735164,0.001467158474965179,0.03830350473475213
932,7,train,8,0.0013172424727098731,0.03629383518877377,0.001467158474965179,0.03830350473475213
932,-1,train,120,0.001467158474965179,0.03830350473475213,0.001467158474965179,0.03830350473475213
933,0,train,16,0.0007163479657057148,0.026764677575224306,0.0015262729568390463,0.03906754352194474
933,1,train,16,0.0007177467128592036,0.026790795300983574,0.0015262729568390463,0.03906754352194474
933,2,train,16,0.002645670836391896,0.05143608496368961,0.0015262729568390463,0.03906754352194474
933,3,train,16,0.0013037394078850805,0.03610733177465597,0.0015262729568390463,0.03906754352194474
933,4,train,16,0.002084270863296411,0.04565381542977992,0.0015262729568390463,0.03906754352194474
933,5,train,16,0.0012553110036811793,0.03543036838195701,0.0015262729568390463,0.03906754352194474
933,6,train,16,0.0009981587535386129,0.03159365052567704,0.0015262729568390463,0.03906754352194474
933,7,train,8,0.0024889381113542726,0.049889258476692885,0.0015262729568390463,0.03906754352194474
933,-1,train,120,0.0015262729568390463,0.03906754352194474,0.0015262729568390463,0.03906754352194474
934,0,train,16,0.0024939391810202007,0.04993935503208067,0.0014780524639688819,0.038445447896583045
934,1,train,16,0.0008845288383281132,0.02974102954384924,0.0014780524639688819,0.038445447896583045
934,2,train,16,0.0010021571347310864,0.031656865522838584,0.0014780524639688819,0.038445447896583045
934,3,train,16,0.0009569243383869859,0.03093419367604376,0.0014780524639688819,0.038445447896583045
934,4,train,16,0.0010909832746814438,0.033030035947322914,0.0014780524639688819,0.038445447896583045
934,5,train,16,0.0015829878099286917,0.039786779335963994,0.0014780524639688819,0.038445447896583045
934,6,train,16,0.002122078606688326,0.04606602442894683,0.0014780524639688819,0.038445447896583045
934,7,train,8,0.0016908205279862077,0.041119588130065304,0.0014780524639688819,0.038445447896583045
934,-1,train,120,0.0014780524639688819,0.038445447896583045,0.0014780524639688819,0.038445447896583045
935,0,train,16,0.0018829658076016623,0.04339315392549454,0.001425231535910437,0.03775223881984269
935,1,train,16,0.0013417996738709064,0.03663058385926856,0.001425231535910437,0.03775223881984269
935,2,train,16,0.002111103068415606,0.04594674165178208,0.001425231535910437,0.03775223881984269
935,3,train,16,0.0012585717461602466,0.03547635474735597,0.001425231535910437,0.03775223881984269
935,4,train,16,0.001077661430639343,0.03282775396884994,0.001425231535910437,0.03775223881984269
935,5,train,16,0.0015059958781575293,0.03880716271717799,0.001425231535910437,0.03775223881984269
935,6,train,16,0.0013153916995306777,0.0362683291527288,0.001425231535910437,0.03775223881984269
935,7,train,8,0.0009083629829075259,0.03013906075025441,0.001425231535910437,0.03775223881984269
935,-1,train,120,0.001425231535910437,0.03775223881984269,0.001425231535910437,0.03775223881984269
936,0,train,16,0.0012681893997652013,0.03561164696788399,0.001468585107241847,0.03832212294800286
936,1,train,16,0.0003452196599209947,0.018580087726407395,0.001468585107241847,0.03832212294800286
936,2,train,16,0.0020907517579376116,0.04572473901442863,0.001468585107241847,0.03832212294800286
936,3,train,16,0.0031327405128491635,0.05597088987008482,0.001468585107241847,0.03832212294800286
936,4,train,16,0.0012884793573090315,0.03589539465320073,0.001468585107241847,0.03832212294800286
936,5,train,16,0.0007212273274727007,0.026855675889329255,0.001468585107241847,0.03832212294800286
936,6,train,16,0.0011492194948024516,0.033900140041044836,0.001468585107241847,0.03832212294800286
936,7,train,8,0.0017528533478776206,0.04186709146665935,0.001468585107241847,0.03832212294800286
936,-1,train,120,0.001468585107241847,0.03832212294800286,0.001468585107241847,0.03832212294800286
937,0,train,16,0.0012106313506743175,0.034794128106252604,0.0014569021880226506,0.03816938810123435
937,1,train,16,0.002533673268225227,0.05033560636592378,0.0014569021880226506,0.03816938810123435
937,2,train,16,0.0010657068959962091,0.032645166502810324,0.0014569021880226506,0.03816938810123435
937,3,train,16,0.00040263753042510294,0.02006582992116456,0.0014569021880226506,0.03816938810123435
937,4,train,16,0.0009492936447538468,0.03081060928890967,0.0014569021880226506,0.03816938810123435
937,5,train,16,0.0021208490528451377,0.04605267693462713,0.0014569021880226506,0.03816938810123435
937,6,train,16,0.0016917786077590862,0.04113123639959157,0.0014569021880226506,0.03816938810123435
937,7,train,8,0.001680647153502278,0.04099569676810333,0.0014569021880226506,0.03816938810123435
937,-1,train,120,0.0014569021880226506,0.03816938810123435,0.0014569021880226506,0.03816938810123435
938,0,train,16,0.002156354321653229,0.046436562336732344,0.0015691203233106985,0.03961212343854718
938,1,train,16,0.0007030685449433378,0.026515439746369242,0.0015691203233106985,0.03961212343854718
938,2,train,16,0.0008342715476811529,0.02888375923734916,0.0015691203233106985,0.03961212343854718
938,3,train,16,0.0027882186732751963,0.052803585799405674,0.0015691203233106985,0.03961212343854718
938,4,train,16,0.0006229128638819577,0.024958222370232173,0.0015691203233106985,0.03961212343854718
938,5,train,16,0.00044572847393224235,0.021112282537239842,0.0015691203233106985,0.03961212343854718
938,6,train,16,0.001717720101219349,0.04144538697152373,0.0015691203233106985,0.03961212343854718
938,7,train,8,0.0032846880598991226,0.05731219817716925,0.0015691203233106985,0.03961212343854718
938,-1,train,120,0.0015691203233106985,0.03961212343854718,0.0015691203233106985,0.03961212343854718
939,0,train,16,0.0007023119515579249,0.026501168871540835,0.0014108367773670663,0.037561107243624575
939,1,train,16,0.0015951076431884466,0.03993879871989701,0.0014108367773670663,0.037561107243624575
939,2,train,16,0.0011907356963414973,0.03450703835946367,0.0014108367773670663,0.037561107243624575
939,3,train,16,0.0022450098238577776,0.04738153462961893,0.0014108367773670663,0.037561107243624575
939,4,train,16,0.0023638292597246723,0.04861922726375515,0.0014108367773670663,0.037561107243624575
939,5,train,16,0.0011764518977157913,0.034299444568619344,0.0014108367773670663,0.037561107243624575
939,6,train,16,0.0008564664872168536,0.02926544869324326,0.0014108367773670663,0.037561107243624575
939,7,train,8,0.001156781459333567,0.03401149010751465,0.0014108367773670663,0.037561107243624575
939,-1,train,120,0.0014108367773670663,0.037561107243624575,0.0014108367773670663,0.037561107243624575
940,0,train,16,0.0016467881296575886,0.04058063737372281,0.0014550584835865672,0.03814522884433343
940,1,train,16,8.764955427425377e-05,0.00936213406624012,0.0014550584835865672,0.03814522884433343
940,2,train,16,0.0009481660907594471,0.03079230570709909,0.0014550584835865672,0.03814522884433343
940,3,train,16,0.0022060024522953343,0.04696810036924353,0.0014550584835865672,0.03814522884433343
940,4,train,16,0.0018002165080532894,0.04242895836634797,0.0014550584835865672,0.03814522884433343
940,5,train,16,0.0012926740577009475,0.03595377668202532,0.0014550584835865672,0.03814522884433343
940,6,train,16,0.001762062410609911,0.041976927122050166,0.0014550584835865672,0.03814522884433343
940,7,train,8,0.0018969086653417664,0.043553514959665036,0.0014550584835865672,0.03814522884433343
940,-1,train,120,0.0014550584835865672,0.03814522884433343,0.0014550584835865672,0.03814522884433343
941,0,train,16,0.0005377705860016923,0.02318988111228025,0.0014059226048922962,0.03749563447779349
941,1,train,16,0.0011015021185307708,0.033188885466836196,0.0014059226048922962,0.03749563447779349
941,2,train,16,0.0024390640600771515,0.04938688145729746,0.0014059226048922962,0.03749563447779349
941,3,train,16,0.0014850557719321873,0.0385364213690398,0.0014059226048922962,0.03749563447779349
941,4,train,16,0.0016983697437955858,0.04121128175385456,0.0014059226048922962,0.03749563447779349
941,5,train,16,0.0015186375267395695,0.03896970011097814,0.0014059226048922962,0.03749563447779349
941,6,train,16,0.0013562734157960244,0.036827617568830386,0.0014059226048922962,0.03749563447779349
941,7,train,8,0.001110707616265388,0.03332728036107039,0.0014059226048922962,0.03749563447779349
941,-1,train,120,0.0014059226048922962,0.03749563447779349,0.0014059226048922962,0.03749563447779349
942,0,train,16,0.0014540071485804416,0.038131445666017456,0.0013795157367197616,0.037141832705451704
942,1,train,16,0.0016562551309339802,0.04069711452835422,0.0013795157367197616,0.037141832705451704
942,2,train,16,0.00021056409836088384,0.014510826935804997,0.0013795157367197616,0.037141832705451704
942,3,train,16,0.0017151758011023234,0.041414680985156986,0.0013795157367197616,0.037141832705451704
942,4,train,16,0.002675232509103716,0.05172264986544788,0.0013795157367197616,0.037141832705451704
942,5,train,16,0.0016595454940880178,0.04073751948864852,0.0013795157367197616,0.037141832705451704
942,6,train,16,0.0009128880884359149,0.030214037936626657,0.0013795157367197616,0.037141832705451704
942,7,train,8,0.0007524576231528157,0.02743096103224996,0.0013795157367197616,0.037141832705451704
942,-1,train,120,0.0013795157367197616,0.037141832705451704,0.0013795157367197616,0.037141832705451704
943,0,train,16,0.0010413721230973525,0.03227029784643074,0.0013350209664833048,0.03653793872789357
943,1,train,16,0.002074419245253906,0.04554579283813057,0.0013350209664833048,0.03653793872789357
943,2,train,16,0.0015325956603567978,0.039148380047669885,0.0013350209664833048,0.03653793872789357
943,3,train,16,0.0009392950826708126,0.03064792134339314,0.0013350209664833048,0.03653793872789357
943,4,train,16,0.0016749344099438405,0.04092596254144599,0.0013350209664833048,0.03653793872789357
943,5,train,16,0.0004318293042103498,0.020780502982612085,0.0013350209664833048,0.03653793872789357
943,6,train,16,0.0028663313680188417,0.053538130038495384,0.0013350209664833048,0.03653793872789357
943,7,train,8,0.00011939053831453744,0.010926597746532882,0.0013350209664833048,0.03653793872789357
943,-1,train,120,0.0013350209664833048,0.03653793872789357,0.0013350209664833048,0.03653793872789357
944,0,train,16,0.0012075519435710742,0.03474984810860436,0.0013841548478848052,0.037204231585732356
944,1,train,16,0.0014682693873891376,0.038318003436885094,0.0013841548478848052,0.037204231585732356
944,2,train,16,0.0011340517557221915,0.03367568493323026,0.0013841548478848052,0.037204231585732356
944,3,train,16,0.0003532386296335629,0.018794643642100876,0.0013841548478848052,0.037204231585732356
944,4,train,16,0.0014351418960293033,0.0378832667021906,0.0013841548478848052,0.037204231585732356
944,5,train,16,0.002859728772647819,0.05347643193639436,0.0013841548478848052,0.037204231585732356
944,6,train,16,0.0016984636558518278,0.041212421135524514,0.0013841548478848052,0.037204231585732356
944,7,train,8,0.0009167927422335237,0.030278585538851113,0.0013841548478848052,0.037204231585732356
944,-1,train,120,0.0013841548478848052,0.037204231585732356,0.0013841548478848052,0.037204231585732356
945,0,train,16,0.000959223000524257,0.030971325456367816,0.0013623499297945943,0.03691002478723896
945,1,train,16,0.0023084294449140677,0.04804611789639271,0.0013623499297945943,0.03691002478723896
945,2,train,16,0.0021533877535330386,0.04640460918414289,0.0013623499297945943,0.03691002478723896
945,3,train,16,0.0015891941834639978,0.03986469846197257,0.0013623499297945943,0.03691002478723896
945,4,train,16,0.000974575362376073,0.031218189607600134,0.0013623499297945943,0.03691002478723896
945,5,train,16,0.0012712106320026707,0.03565404089304143,0.0013623499297945943,0.03691002478723896
945,6,train,16,0.0008918071943564626,0.029863141066479637,0.0013623499297945943,0.03691002478723896
945,7,train,8,0.0007509718671861862,0.02740386591680426,0.0013623499297945943,0.03691002478723896
945,-1,train,120,0.0013623499297945943,0.03691002478723896,0.0013623499297945943,0.03691002478723896
946,0,train,16,0.0014359017337266602,0.03789329404692419,0.0014556302607820052,0.038152722848861065
946,1,train,16,0.0010369024544338407,0.03220096977474189,0.0014556302607820052,0.038152722848861065
946,2,train,16,0.001738037742560582,0.04168977983343858,0.0014556302607820052,0.038152722848861065
946,3,train,16,0.0006479234961592778,0.025454341401012083,0.0014556302607820052,0.038152722848861065
946,4,train,16,0.0024920886739997474,0.049920824051689565,0.0014556302607820052,0.038152722848861065
946,5,train,16,0.0012880214291724726,0.03588901543888426,0.0014556302607820052,0.038152722848861065
946,6,train,16,0.000691278922838217,0.026292183683334806,0.0014556302607820052,0.038152722848861065
946,7,train,8,0.0023148876333652433,0.04811327917909195,0.0014556302607820052,0.038152722848861065
946,-1,train,120,0.0014556302607820052,0.038152722848861065,0.0014556302607820052,0.038152722848861065
947,0,train,16,0.0019517797982104089,0.044178951981802474,0.0013601141288528307,0.03687972517322805
947,1,train,16,0.0014250915622598928,0.03775038492863209,0.0013601141288528307,0.03687972517322805
947,2,train,16,0.001026580028831569,0.03204028758971381,0.0013601141288528307,0.03687972517322805
947,3,train,16,0.0005584160438167672,0.02363082825075683,0.0013601141288528307,0.03687972517322805
947,4,train,16,0.0014893960470012562,0.0385926942179638,0.0013601141288528307,0.03687972517322805
947,5,train,16,0.0018052139448578597,0.04248780936760402,0.0013601141288528307,0.03687972517322805
947,6,train,16,0.0017219474976316374,0.04149635523310014,0.0013601141288528307,0.03687972517322805
947,7,train,8,0.0009024881082132546,0.030041439849202545,0.0013601141288528307,0.03687972517322805
947,-1,train,120,0.0013601141288528307,0.03687972517322805,0.0013601141288528307,0.03687972517322805
948,0,train,16,0.001642808547737565,0.04053157470093612,0.0014441014043156072,0.038001334243886846
948,1,train,16,0.0010207443561595008,0.031949090067785985,0.0014441014043156072,0.038001334243886846
948,2,train,16,0.0017932835672047787,0.0423471789757568,0.0014441014043156072,0.038001334243886846
948,3,train,16,0.00017114952016789302,0.01308241262794799,0.0014441014043156072,0.038001334243886846
948,4,train,16,0.0013303997377129481,0.036474645134846044,0.0014441014043156072,0.038001334243886846
948,5,train,16,0.0015401618316216122,0.039244895612316415,0.0014441014043156072,0.038001334243886846
948,6,train,16,0.0019275353427031135,0.0439037053413845,0.0014441014043156072,0.038001334243886846
948,7,train,8,0.0021267283312174463,0.0461164648603668,0.0014441014043156072,0.038001334243886846
948,-1,train,120,0.0014441014043156072,0.038001334243886846,0.0014441014043156072,0.038001334243886846
949,0,train,16,0.0010978339026494577,0.033133576665513455,0.001403472936770087,0.037462954191709
949,1,train,16,0.001782509415312813,0.04221977516890412,0.001403472936770087,0.037462954191709
949,2,train,16,0.0013909037921988501,0.03729482259240349,0.001403472936770087,0.037462954191709
949,3,train,16,0.0013377675405434604,0.03657550465193147,0.001403472936770087,0.037462954191709
949,4,train,16,0.0010148875240415319,0.03185729938399569,0.001403472936770087,0.037462954191709
949,5,train,16,0.0012002877332281455,0.034645168973872036,0.001403472936770087,0.037462954191709
949,6,train,16,0.0017080502610405852,0.041328564710628235,0.001403472936770087,0.037462954191709
949,7,train,8,0.0016955433251458513,0.041176975667790994,0.001403472936770087,0.037462954191709
949,-1,train,120,0.001403472936770087,0.037462954191709,0.001403472936770087,0.037462954191709
950,0,train,16,0.0017587433116625947,0.041937373685801964,0.0013065636041844277,0.03614641896764364
950,1,train,16,0.0012473485744590334,0.03531782233460938,0.0013065636041844277,0.03614641896764364
950,2,train,16,0.001427477391711013,0.037781971781671385,0.0013065636041844277,0.03614641896764364
950,3,train,16,0.0013538330699670482,0.036794470643930294,0.0013065636041844277,0.03614641896764364
950,4,train,16,0.0021648532192898437,0.04652798318528156,0.0013065636041844277,0.03614641896764364
950,5,train,16,0.0006632483711144329,0.025753608894957477,0.0013065636041844277,0.03614641896764364
950,6,train,16,0.001615638974501193,0.04019501181118365,0.0013065636041844277,0.03614641896764364
950,7,train,8,0.00022136592077026375,0.014878370904445949,0.0013065636041844277,0.03614641896764364
950,-1,train,120,0.0013065636041844277,0.03614641896764364,0.0013065636041844277,0.03614641896764364
951,0,train,16,0.0006437017546316764,0.025371278143437637,0.0014269161269509422,0.037774543371838956
951,1,train,16,0.0009329967190569554,0.0305449949919288,0.0014269161269509422,0.037774543371838956
951,2,train,16,0.0008087241708587204,0.0284380760751975,0.0014269161269509422,0.037774543371838956
951,3,train,16,0.0014604056287825017,0.03821525387567773,0.0014269161269509422,0.037774543371838956
951,4,train,16,0.002064602023565354,0.04543789193575505,0.0014269161269509422,0.037774543371838956
951,5,train,16,0.002083217951796803,0.04564228249985755,0.0014269161269509422,0.037774543371838956
951,6,train,16,0.0013024682992119193,0.036089725673824666,0.0014269161269509422,0.037774543371838956
951,7,train,8,0.002119212467703608,0.04603490488426807,0.0014269161269509422,0.037774543371838956
951,-1,train,120,0.0014269161269509422,0.037774543371838956,0.0014269161269509422,0.037774543371838956
952,0,train,16,0.0014862685788804668,0.03855215401090407,0.0013985430744180472,0.0373970998129273
952,1,train,16,0.0012834803801143831,0.03582569441217271,0.0013985430744180472,0.0373970998129273
952,2,train,16,0.0014016651509167581,0.03743881877031857,0.0013985430744180472,0.0373970998129273
952,3,train,16,0.002336830294510025,0.048340772589089066,0.0013985430744180472,0.0373970998129273
952,4,train,16,0.0019694527326322665,0.04437851656637777,0.0013985430744180472,0.0373970998129273
952,5,train,16,0.0007983539460717148,0.028255157866692495,0.0013985430744180472,0.0373970998129273
952,6,train,16,4.4057258889123486e-05,0.0066375642286250975,0.0013985430744180472,0.0373970998129273
952,7,train,8,0.001868236253329639,0.04322309860861018,0.0013985430744180472,0.0373970998129273
952,-1,train,120,0.0013985430744180472,0.0373970998129273,0.0013985430744180472,0.0373970998129273
953,0,train,16,0.0016099760722274481,0.04012450712753302,0.0014177908829337933,0.03765356401369986
953,1,train,16,0.001984764480855359,0.044550695627064665,0.0014177908829337933,0.03765356401369986
953,2,train,16,0.00022582680184203373,0.015027534789247161,0.0014177908829337933,0.03765356401369986
953,3,train,16,0.0009102419228996222,0.030170215824544943,0.0014177908829337933,0.03765356401369986
953,4,train,16,0.0022430568762142355,0.04736092140377165,0.0014177908829337933,0.03765356401369986
953,5,train,16,0.002018149672906275,0.044923820773686146,0.0014177908829337933,0.03765356401369986
953,6,train,16,6.303717766557257e-05,0.007939595560579429,0.0014177908829337933,0.03765356401369986
953,7,train,8,0.0022872740588598004,0.04782545408942607,0.0014177908829337933,0.03765356401369986
953,-1,train,120,0.0014177908829337933,0.03765356401369986,0.0014177908829337933,0.03765356401369986
954,0,train,16,0.001081094669950377,0.03288000410508455,0.001349727059731268,0.036738631707390355
954,1,train,16,0.0007585208399899131,0.02754125705173809,0.001349727059731268,0.036738631707390355
954,2,train,16,0.0020199544054569107,0.04494390287299169,0.001349727059731268,0.036738631707390355
954,3,train,16,0.0005484261625285816,0.023418500432960725,0.001349727059731268,0.036738631707390355
954,4,train,16,0.0007265387669956024,0.02695438307577457,0.001349727059731268,0.036738631707390355
954,5,train,16,0.0028568357263008435,0.05344937535931401,0.001349727059731268,0.036738631707390355
954,6,train,16,0.0015647373248077335,0.03955676079771615,0.001349727059731268,0.036738631707390355
954,7,train,8,0.0012417085818201812,0.035237885603710405,0.001349727059731268,0.036738631707390355
954,-1,train,120,0.001349727059731268,0.036738631707390355,0.001349727059731268,0.036738631707390355
955,0,train,16,0.0006781592909458497,0.026041491718905997,0.0013166348277146658,0.03628546303569331
955,1,train,16,0.0009904537962497958,0.03147147591470403,0.0013166348277146658,0.03628546303569331
955,2,train,16,0.0007459012430537426,0.027311192633309563,0.0013166348277146658,0.03628546303569331
955,3,train,16,0.0014123061637417913,0.03758066209823599,0.0013166348277146658,0.03628546303569331
955,4,train,16,0.0035303343626661163,0.059416616890110095,0.0013166348277146658,0.03628546303569331
955,5,train,16,0.0009910624517040028,0.03148114438364658,0.0013166348277146658,0.03628546303569331
955,6,train,16,0.0014546650398651333,0.038140071314368744,0.0013166348277146658,0.03628546303569331
955,7,train,8,0.0007301962734908955,0.0270221441320058,0.0013166348277146658,0.03628546303569331
955,-1,train,120,0.0013166348277146658,0.03628546303569331,0.0013166348277146658,0.03628546303569331
956,0,train,16,0.0016268204013541933,0.04033386172131542,0.001337104010367566,0.036566432836244306
956,1,train,16,0.00039061410657741135,0.01976395978991587,0.001337104010367566,0.036566432836244306
956,2,train,16,6.272302813790458e-05,0.00791978712705743,0.001337104010367566,0.036566432836244306
956,3,train,16,0.0027483361545361635,0.05242457586415138,0.001337104010367566,0.036566432836244306
956,4,train,16,0.001792340063481303,0.0423360374088235,0.001337104010367566,0.036566432836244306
956,5,train,16,0.0010554750007118864,0.03248807474615704,0.001337104010367566,0.036566432836244306
956,6,train,16,0.0020229827475082215,0.04497758049860198,0.001337104010367566,0.036566432836244306
956,7,train,8,0.0009975405806334442,0.031583865827878706,0.001337104010367566,0.036566432836244306
956,-1,train,120,0.001337104010367566,0.036566432836244306,0.001337104010367566,0.036566432836244306
957,0,train,16,0.0016343647184112683,0.04042727691066105,0.001352173482667228,0.03677191159930672
957,1,train,16,0.0024241075868827963,0.04923522709283259,0.001352173482667228,0.03677191159930672
957,2,train,16,0.0006429482279302332,0.025356423800099122,0.001352173482667228,0.03677191159930672
957,3,train,16,0.0020045377460608384,0.04477206434888655,0.001352173482667228,0.03677191159930672
957,4,train,16,0.0011355672732239646,0.03369817907875683,0.001352173482667228,0.03677191159930672
957,5,train,16,0.0009968086542148258,0.03157227667139045,0.001352173482667228,0.03677191159930672
957,6,train,16,0.0005596318825470025,0.023656539952981344,0.001352173482667228,0.03677191159930672
957,7,train,8,0.001419421772066893,0.03767521429357626,0.001352173482667228,0.03677191159930672
957,-1,train,120,0.001352173482667228,0.03677191159930672,0.001352173482667228,0.03677191159930672
958,0,train,16,0.001795934440517848,0.042378466707962054,0.0013294564994253584,0.03646171278787323
958,1,train,16,0.0008393256016530369,0.028971116679428095,0.0013294564994253584,0.03646171278787323
958,2,train,16,0.0019710011027192637,0.044395958179988225,0.0013294564994253584,0.03646171278787323
958,3,train,16,0.0006141213571136887,0.024781472053001387,0.0013294564994253584,0.03646171278787323
958,4,train,16,0.001610379606561649,0.040129535339468475,0.0013294564994253584,0.03646171278787323
958,5,train,16,0.0013620534907244366,0.03690600887016146,0.0013294564994253584,0.03646171278787323
958,6,train,16,0.0011835409321551496,0.034402629727320985,0.0013294564994253584,0.03646171278787323
958,7,train,8,0.0012592954639577929,0.03548655328371287,0.0013294564994253584,0.03646171278787323
958,-1,train,120,0.0013294564994253584,0.03646171278787323,0.0013294564994253584,0.03646171278787323
959,0,train,16,0.0010080509165538809,0.031749817583001654,0.001299366322505614,0.03604672415775966
959,1,train,16,0.0011276702828570202,0.033580802296208176,0.001299366322505614,0.03604672415775966
959,2,train,16,0.0015336259989066122,0.03916153723880885,0.001299366322505614,0.03604672415775966
959,3,train,16,0.0020331531857787767,0.04509049995041945,0.001299366322505614,0.03604672415775966
959,4,train,16,0.0018672424231537122,0.04321160056227624,0.001299366322505614,0.03604672415775966
959,5,train,16,0.0002722260494370999,0.016499274209403877,0.001299366322505614,0.03604672415775966
959,6,train,16,0.0016873432135347858,0.04107728342447667,0.001299366322505614,0.03604672415775966
959,7,train,8,0.0008656185098230235,0.029421395443163866,0.001299366322505614,0.03604672415775966
959,-1,train,120,0.001299366322505614,0.03604672415775966,0.001299366322505614,0.03604672415775966
960,0,train,16,0.002025763001277663,0.045008476993536044,0.001359566666835185,0.03687230216348289
960,1,train,16,0.0010586162540290145,0.03253638354256684,0.001359566666835185,0.03687230216348289
960,2,train,16,0.0007671182319717427,0.027696899320533024,0.001359566666835185,0.03687230216348289
960,3,train,16,0.0015566055577921414,0.039453840849683335,0.001359566666835185,0.03687230216348289
960,4,train,16,0.0008367696758785892,0.02892697142596489,0.001359566666835185,0.03687230216348289
960,5,train,16,0.0017657008018989707,0.042020242763446417,0.001359566666835185,0.03687230216348289
960,6,train,16,0.0015020846661505305,0.03875673704210057,0.001359566666835185,0.03687230216348289
960,7,train,8,0.0013638751456828257,0.03693068027646967,0.001359566666835185,0.03687230216348289
960,-1,train,120,0.001359566666835185,0.03687230216348289,0.001359566666835185,0.03687230216348289
961,0,train,16,0.0006254800287981432,0.025009598733249264,0.0013485711714994087,0.03672289710111947
961,1,train,16,0.0014672217140699194,0.03830433022609741,0.0013485711714994087,0.03672289710111947
961,2,train,16,0.0009216239154665231,0.03035825942748568,0.0013485711714994087,0.03672289710111947
961,3,train,16,0.0004941542621066166,0.022229580790168235,0.0013485711714994087,0.03672289710111947
961,4,train,16,0.0020912058640567195,0.04572970439502883,0.0013485711714994087,0.03672289710111947
961,5,train,16,0.002033195544851775,0.04509096965969766,0.0013485711714994087,0.03672289710111947
961,6,train,16,0.001990797599521354,0.044618354962070866,0.0013485711714994087,0.03672289710111947
961,7,train,8,0.0011648904431242188,0.03413049139880964,0.0013485711714994087,0.03672289710111947
961,-1,train,120,0.0013485711714994087,0.03672289710111947,0.0013485711714994087,0.03672289710111947
962,0,train,16,0.0008517708873306895,0.029185114139415137,0.0013700899165271117,0.03701472567137452
962,1,train,16,0.001972051775887003,0.044407789585690964,0.0013700899165271117,0.03701472567137452
962,2,train,16,0.002177091924864599,0.046659317663941456,0.0013700899165271117,0.03701472567137452
962,3,train,16,0.0011068375842976182,0.03326916867457944,0.0013700899165271117,0.03701472567137452
962,4,train,16,0.0006639119860849926,0.025766489595693717,0.0013700899165271117,0.03701472567137452
962,5,train,16,0.000785699577669403,0.028030333170859796,0.0013700899165271117,0.03701472567137452
962,6,train,16,0.0012859317901930036,0.03585989110682022,0.0013700899165271117,0.03701472567137452
962,7,train,8,0.002117423805889584,0.04601547354846611,0.0013700899165271117,0.03701472567137452
962,-1,train,120,0.0013700899165271117,0.03701472567137452,0.0013700899165271117,0.03701472567137452
963,0,train,16,0.001115369889588792,0.033397153914499836,0.0012293401434728785,0.03506194722876752
963,1,train,16,0.0015017990631327062,0.03875305230730486,0.0012293401434728785,0.03506194722876752
963,2,train,16,0.0013269934646189282,0.03642792149737517,0.0012293401434728785,0.03506194722876752
963,3,train,16,0.0015450191145970585,0.03930673116143161,0.0012293401434728785,0.03506194722876752
963,4,train,16,0.00044914584309254404,0.021193061201547642,0.0012293401434728785,0.03506194722876752
963,5,train,16,0.0017656019263051492,0.04201906622362221,0.0012293401434728785,0.03506194722876752
963,6,train,16,0.0021072318816578554,0.04590459543071756,0.0012293401434728785,0.03506194722876752
963,7,train,8,2.3559964789996066e-05,0.004853860812795941,0.0012293401434728785,0.03506194722876752
963,-1,train,120,0.0012293401434728785,0.03506194722876752,0.0012293401434728785,0.03506194722876752
964,0,train,16,0.0017530024160319925,0.04186887168329226,0.0013040485749570632,0.036111612743784556
964,1,train,16,0.0010171813677144971,0.03189328091800053,0.0013040485749570632,0.036111612743784556
964,2,train,16,0.001691166558275562,0.041123795523705764,0.0013040485749570632,0.036111612743784556
964,3,train,16,0.0012407127058374576,0.035223752012490915,0.0013040485749570632,0.036111612743784556
964,4,train,16,0.002138964126150319,0.04624893648669469,0.0013040485749570632,0.036111612743784556
964,5,train,16,0.0005685726879759692,0.02384476227551806,0.0013040485749570632,0.036111612743784556
964,6,train,16,0.0007713102920554278,0.027772473639476693,0.0013040485749570632,0.036111612743784556
964,7,train,8,0.0012514784456152804,0.035376241259004335,0.0013040485749570632,0.036111612743784556
964,-1,train,120,0.0013040485749570632,0.036111612743784556,0.0013040485749570632,0.036111612743784556
965,0,train,16,0.000975940453042049,0.031240045663251663,0.001450803277829159,0.03808941162356225
965,1,train,16,0.0013628942316735993,0.036917397411973654,0.001450803277829159,0.03808941162356225
965,2,train,16,0.001038053646047292,0.03221883992398379,0.001450803277829159,0.03808941162356225
965,3,train,16,0.0004587109540070657,0.021417538467505215,0.001450803277829159,0.03808941162356225
965,4,train,16,0.00169064217976925,0.041117419420110136,0.001450803277829159,0.03808941162356225
965,5,train,16,0.002089012252032494,0.045705713560040766,0.001450803277829159,0.03808941162356225
965,6,train,16,0.00030755689617113476,0.017537300139164373,0.001450803277829159,0.03808941162356225
965,7,train,8,0.003683615609890388,0.060692797018183205,0.001450803277829159,0.03808941162356225
965,-1,train,120,0.001450803277829159,0.03808941162356225,0.001450803277829159,0.03808941162356225
966,0,train,16,0.000967071462449106,0.03109777262842318,0.0012545184684751986,0.035419182210706085
966,1,train,16,0.0006749164965319533,0.02597915503883745,0.0012545184684751986,0.035419182210706085
966,2,train,16,0.0011078285166607887,0.033284057995695004,0.0012545184684751986,0.035419182210706085
966,3,train,16,0.002858360470022861,0.05346363689483592,0.0012545184684751986,0.035419182210706085
966,4,train,16,0.001057067882274278,0.032512580369362845,0.0012545184684751986,0.035419182210706085
966,5,train,16,0.0017460086098677417,0.04178526785683851,0.0012545184684751986,0.035419182210706085
966,6,train,16,0.0011048799850828226,0.03323973503328242,0.0012545184684751986,0.035419182210706085
966,7,train,8,0.0005200143249120381,0.0228038225942941,0.0012545184684751986,0.035419182210706085
966,-1,train,120,0.0012545184684751986,0.035419182210706085,0.0012545184684751986,0.035419182210706085
967,0,train,16,0.002795760772530985,0.05287495411374827,0.0013605724718764017,0.03688593867419401
967,1,train,16,0.0006291046201346154,0.02508195806021961,0.0013605724718764017,0.03688593867419401
967,2,train,16,0.0012256081033355116,0.035008686112670835,0.0013605724718764017,0.03688593867419401
967,3,train,16,0.0007504595069906366,0.02739451600212416,0.0013605724718764017,0.03688593867419401
967,4,train,16,0.0017982471966389718,0.042405744854193655,0.0013605724718764017,0.03688593867419401
967,5,train,16,0.0009203544248403507,0.030337343734090343,0.0013605724718764017,0.03688593867419401
967,6,train,16,0.0004142338311165156,0.020352735224448717,0.0013605724718764017,0.03688593867419401
967,7,train,8,0.002350811319423625,0.04848516597294089,0.0013605724718764017,0.03688593867419401
967,-1,train,120,0.0013605724718764017,0.03688593867419401,0.0013605724718764017,0.03688593867419401
968,0,train,16,0.0015153514221306367,0.03892751497502296,0.001256777411781689,0.035451056567917534
968,1,train,16,0.0006204506558008248,0.024908846938403728,0.001256777411781689,0.035451056567917534
968,2,train,16,0.0010695406913889464,0.03270383297702192,0.001256777411781689,0.035451056567917534
968,3,train,16,0.0011476447316107648,0.0338769055790337,0.001256777411781689,0.035451056567917534
968,4,train,16,0.0025239100013760463,0.05023853104317488,0.001256777411781689,0.035451056567917534
968,5,train,16,0.0010807715562362124,0.032875090208792014,0.001256777411781689,0.035451056567917534
968,6,train,16,0.0012806322512109707,0.03578592252843247,0.001256777411781689,0.035451056567917534
968,7,train,8,0.0008159179844991106,0.02856427811969192,0.001256777411781689,0.035451056567917534
968,-1,train,120,0.001256777411781689,0.035451056567917534,0.001256777411781689,0.035451056567917534
969,0,train,16,0.001191483496469307,0.03451787213124973,0.00128120409854644,0.03579391147313241
969,1,train,16,0.0008434765511822966,0.029042667769719376,0.00128120409854644,0.03579391147313241
969,2,train,16,0.0014747758331736377,0.03840281022495148,0.00128120409854644,0.03579391147313241
969,3,train,16,0.001103088371406409,0.03321277422026665,0.00128120409854644,0.03579391147313241
969,4,train,16,0.0013104232261468474,0.03619976831620401,0.00128120409854644,0.03579391147313241
969,5,train,16,0.0017612247017092884,0.041966947729246265,0.00128120409854644,0.03579391147313241
969,6,train,16,0.001560320018770845,0.03950088630361153,0.00128120409854644,0.03579391147313241
969,7,train,8,0.0010048405895128891,0.03169922064519708,0.00128120409854644,0.03579391147313241
969,-1,train,120,0.00128120409854644,0.03579391147313241,0.00128120409854644,0.03579391147313241
970,0,train,16,3.771451268558656e-05,0.006141214268008124,0.0013717121419154863,0.037036632432167566
970,1,train,16,0.0011159942405274989,0.03340649997421907,0.0013717121419154863,0.037036632432167566
970,2,train,16,0.001689578770891423,0.04110448601906394,0.0013717121419154863,0.037036632432167566
970,3,train,16,0.0002072008956304985,0.014394474482609585,0.0013717121419154863,0.037036632432167566
970,4,train,16,0.00246338191319462,0.049632468336711,0.0013717121419154863,0.037036632432167566
970,5,train,16,0.0014044988355318261,0.03747664386697168,0.0013717121419154863,0.037036632432167566
970,6,train,16,0.0013065978761280582,0.036146893035613144,0.0013717121419154863,0.037036632432167566
970,7,train,8,0.0027487300907343775,0.05242833290058323,0.0013717121419154863,0.037036632432167566
970,-1,train,120,0.0013717121419154863,0.037036632432167566,0.0013717121419154863,0.037036632432167566
971,0,train,16,0.00027137401199102374,0.016473433521613633,0.001264244341206577,0.035556213819901816
971,1,train,16,0.002570267453806965,0.05069780521686284,0.001264244341206577,0.035556213819901816
971,2,train,16,0.001089089384242386,0.03300135427891386,0.001264244341206577,0.035556213819901816
971,3,train,16,0.00022475896687783624,0.014991963409701754,0.001264244341206577,0.035556213819901816
971,4,train,16,0.0008572003327443666,0.029277983754766423,0.001264244341206577,0.035556213819901816
971,5,train,16,0.0018811914258058463,0.04337270369490293,0.001264244341206577,0.035556213819901816
971,6,train,16,0.002065673377502717,0.04544967961936274,0.001264244341206577,0.035556213819901816
971,7,train,8,0.0011543997766814752,0.03397645915455987,0.001264244341206577,0.035556213819901816
971,-1,train,120,0.001264244341206577,0.035556213819901816,0.001264244341206577,0.035556213819901816
972,0,train,16,0.001975756591351462,0.04444948358925514,0.0013666578697445872,0.036968336042410496
972,1,train,16,0.002242039747469034,0.04735018212709465,0.0013666578697445872,0.036968336042410496
972,2,train,16,0.0013572865603056939,0.03684137022839533,0.0013666578697445872,0.036968336042410496
972,3,train,16,0.0003627501135391495,0.019045999935397184,0.0013666578697445872,0.036968336042410496
972,4,train,16,0.0006237564883956051,0.02497511738502154,0.0013666578697445872,0.036968336042410496
972,5,train,16,0.0004157282819614209,0.020389415929874522,0.0013666578697445872,0.036968336042410496
972,6,train,16,0.0017309894946957224,0.04160516187561013,0.0013666578697445872,0.036968336042410496
972,7,train,8,0.002224955680238609,0.0471694358694124,0.0013666578697445872,0.036968336042410496
972,-1,train,120,0.0013666578697445872,0.036968336042410496,0.0013666578697445872,0.036968336042410496
973,0,train,16,0.0016369827260708334,0.04045964317774977,0.0012898548852312375,0.03591454977068817
973,1,train,16,0.0011163711904921727,0.033412141363465056,0.0012898548852312375,0.03591454977068817
973,2,train,16,0.0014630508873726572,0.03824984820064855,0.0012898548852312375,0.03591454977068817
973,3,train,16,0.0016708871681996018,0.04087648673992913,0.0012898548852312375,0.03591454977068817
973,4,train,16,0.0010971731007226064,0.03312360337769136,0.0012898548852312375,0.03591454977068817
973,5,train,16,0.001227891847064455,0.03504128774837556,0.0012898548852312375,0.03591454977068817
973,6,train,16,0.0005835390280400627,0.02415655248664558,0.0012898548852312375,0.03591454977068817
973,7,train,8,0.0015229431338875117,0.03902490402150288,0.0012898548852312375,0.03591454977068817
973,-1,train,120,0.0012898548852312375,0.03591454977068817,0.0012898548852312375,0.03591454977068817
974,0,train,16,0.0019531477526968945,0.04419443124078977,0.0012376296155840777,0.03517996042613007
974,1,train,16,0.0014379002612218196,0.03791965534154839,0.0012376296155840777,0.03517996042613007
974,2,train,16,0.0008803881496005427,0.029671335487310692,0.0012376296155840777,0.03517996042613007
974,3,train,16,0.0008233988413437129,0.028694927101209248,0.0012376296155840777,0.03517996042613007
974,4,train,16,0.0016673458297229583,0.04083314621386599,0.0012376296155840777,0.03517996042613007
974,5,train,16,0.0012981990595951449,0.03603052954919127,0.0012376296155840777,0.03517996042613007
974,6,train,16,0.0009837478262603862,0.03136475452255901,0.0012376296155840777,0.03517996042613007
974,7,train,8,0.0008569092042311616,0.029273011533341792,0.0012376296155840777,0.03517996042613007
974,-1,train,120,0.0012376296155840777,0.03517996042613007,0.0012376296155840777,0.03517996042613007
975,0,train,16,0.0014783213426264878,0.03844894462305159,0.0012731242582201523,0.03568086683672571
975,1,train,16,0.001168639546332251,0.0341853703553472,0.0012731242582201523,0.03568086683672571
975,2,train,16,0.0014937906104275464,0.03864958745481698,0.0012731242582201523,0.03568086683672571
975,3,train,16,0.0012480632654410483,0.03532793887903805,0.0012731242582201523,0.03568086683672571
975,4,train,16,0.000683135368744719,0.026136858432962425,0.0012731242582201523,0.03568086683672571
975,5,train,16,0.000430306449094911,0.02074382918110615,0.0012731242582201523,0.03568086683672571
975,6,train,16,0.002453499163849811,0.04953280896385557,0.0012731242582201523,0.03568086683672571
975,7,train,8,0.001229238319244444,0.035060495136897935,0.0012731242582201523,0.03568086683672571
975,-1,train,120,0.0012731242582201523,0.03568086683672571,0.0012731242582201523,0.03568086683672571
976,0,train,16,0.002729801647808058,0.05224750374714622,0.0012311230640748303,0.03508736331038327
976,1,train,16,0.0018069411378817991,0.04250813025624391,0.0012311230640748303,0.03508736331038327
976,2,train,16,0.0006038647423129954,0.024573659522199687,0.0012311230640748303,0.03508736331038327
976,3,train,16,0.0013805990426107248,0.03715641320971017,0.0012311230640748303,0.03508736331038327
976,4,train,16,0.0009867054386088173,0.0314118677987925,0.0012311230640748303,0.03508736331038327
976,5,train,16,0.0012175825925560247,0.03489387614691186,0.0012311230640748303,0.03508736331038327
976,6,train,16,0.0004246131642434532,0.020606143847004786,0.0012311230640748303,0.03508736331038327
976,7,train,8,0.0006988767465767699,0.026436277093735607,0.0012311230640748303,0.03508736331038327
976,-1,train,120,0.0012311230640748303,0.03508736331038327,0.0012311230640748303,0.03508736331038327
977,0,train,16,0.0010522746172757463,0.03243878261087716,0.0012480179662582764,0.03532729774916667
977,1,train,16,0.0012809691923865115,0.035790629952356406,0.0012480179662582764,0.03532729774916667
977,2,train,16,0.0012320837419479518,0.035101050439380756,0.0012480179662582764,0.03532729774916667
977,3,train,16,0.000362741211655138,0.01904576623964334,0.0012480179662582764,0.03532729774916667
977,4,train,16,0.0005833623094460128,0.0241528944320554,0.0012480179662582764,0.03532729774916667
977,5,train,16,0.001982851473942793,0.04452922045065232,0.0012480179662582764,0.03532729774916667
977,6,train,16,0.002503715574963779,0.05003714195439003,0.0012480179662582764,0.03532729774916667
977,7,train,8,0.000986145608448281,0.031402955409455986,0.0012480179662582764,0.03532729774916667
977,-1,train,120,0.0012480179662582764,0.03532729774916667,0.0012480179662582764,0.03532729774916667
978,0,train,16,0.0014030383436314225,0.037457153437379924,0.0012590989101646404,0.03548378376335647
978,1,train,16,0.002553387828919939,0.05053105806254149,0.0012590989101646404,0.03548378376335647
978,2,train,16,0.0007699796807063659,0.027748507720350764,0.0012590989101646404,0.03548378376335647
978,3,train,16,0.0014209018649547606,0.03769485196886652,0.0012590989101646404,0.03548378376335647
978,4,train,16,0.0004747771848159318,0.021789382387207117,0.0012590989101646404,0.03548378376335647
978,5,train,16,0.000879598912178442,0.02965803284404483,0.0012590989101646404,0.03548378376335647
978,6,train,16,0.0011988102279647524,0.03462383901251784,0.0012590989101646404,0.03548378376335647
978,7,train,8,0.0013722972381455107,0.03704453047543606,0.0012590989101646404,0.03548378376335647
978,-1,train,120,0.0012590989101646404,0.03548378376335647,0.0012590989101646404,0.03548378376335647
979,0,train,16,0.0013635858645079785,0.03692676352603865,0.0013714172460158394,0.037032651080038
979,1,train,16,0.001079228503628137,0.03285161340981805,0.0013714172460158394,0.037032651080038
979,2,train,16,0.0010434123789023607,0.032301894354702494,0.0013714172460158394,0.037032651080038
979,3,train,16,0.0010188034519064747,0.031918700661312555,0.0013714172460158394,0.037032651080038
979,4,train,16,0.0016248371069618483,0.040309268251381696,0.0013714172460158394,0.037032651080038
979,5,train,16,0.000745142210787561,0.02729729310366801,0.0013714172460158394,0.037032651080038
979,6,train,16,0.0007146661769199135,0.026733241047802517,0.0013714172460158394,0.037032651080038
979,7,train,8,0.003381662274512441,0.05815206165315587,0.0013714172460158394,0.037032651080038
979,-1,train,120,0.0013714172460158394,0.037032651080038,0.0013714172460158394,0.037032651080038
980,0,train,16,0.0020776279681992763,0.04558100446676528,0.0012024058365094428,0.034675724022858456
980,1,train,16,0.0020266737786311466,0.04501859369895007,0.0012024058365094428,0.034675724022858456
980,2,train,16,0.0015110525632251865,0.03887225955903755,0.0012024058365094428,0.034675724022858456
980,3,train,16,0.0013186741800545218,0.036313553668768386,0.0012024058365094428,0.034675724022858456
980,4,train,16,0.0003041717113555267,0.017440519239848528,0.0012024058365094428,0.034675724022858456
980,5,train,16,0.0014975023046767215,0.03869757491984119,0.0012024058365094428,0.034675724022858456
980,6,train,16,0.0005518640625609258,0.02349178712999345,0.0012024058365094428,0.034675724022858456
980,7,train,8,0.0003316801233722372,0.018212087287629533,0.0012024058365094428,0.034675724022858456
980,-1,train,120,0.0012024058365094428,0.034675724022858456,0.0012024058365094428,0.034675724022858456
981,0,train,16,0.0009993266955271947,0.03161212893063665,0.0012616243754377007,0.035519352125815876
981,1,train,16,0.000558134961574041,0.023624880138829088,0.0012616243754377007,0.035519352125815876
981,2,train,16,0.0014651492969578767,0.03827726867160034,0.0012616243754377007,0.035519352125815876
981,3,train,16,0.0019448375449440084,0.04410031229984668,0.0012616243754377007,0.035519352125815876
981,4,train,16,0.0009005347626813225,0.030008911387808163,0.0012616243754377007,0.035519352125815876
981,5,train,16,0.0007877285401986626,0.028066502101235603,0.0012616243754377007,0.035519352125815876
981,6,train,16,0.0017203723536328944,0.04147737158539454,0.0012616243754377007,0.035519352125815876
981,7,train,8,0.0017169108479856052,0.041435622934687555,0.0012616243754377007,0.035519352125815876
981,-1,train,120,0.0012616243754377007,0.035519352125815876,0.0012616243754377007,0.035519352125815876
982,0,train,16,0.0009109155554227727,0.03018137762632403,0.0011963484940949493,0.03458827104807277
982,1,train,16,0.0030199349123999257,0.054953934457870494,0.0011963484940949493,0.03458827104807277
982,2,train,16,0.0009390041699124114,0.030643174931987895,0.0011963484940949493,0.03458827104807277
982,3,train,16,0.001546404296724544,0.03932434737824067,0.0011963484940949493,0.03458827104807277
982,4,train,16,0.0003189942877206887,0.01786041118565552,0.0011963484940949493,0.03458827104807277
982,5,train,16,0.000865716367532454,0.029423058432672393,0.0011963484940949493,0.03458827104807277
982,6,train,16,0.0012014240029787075,0.03466156376995573,0.0011963484940949493,0.03458827104807277
982,7,train,8,0.0007683943600680905,0.02771992712955953,0.0011963484940949493,0.03458827104807277
982,-1,train,120,0.0011963484940949493,0.03458827104807277,0.0011963484940949493,0.03458827104807277
983,0,train,16,0.0011784528438150504,0.034328600959186356,0.0012260067923895997,0.035014379794444446
983,1,train,16,0.001534312557458381,0.03917030198324211,0.0012260067923895997,0.035014379794444446
983,2,train,16,0.0011499033416926372,0.03391022473668727,0.0012260067923895997,0.035014379794444446
983,3,train,16,0.0014522502844207842,0.03810840175631595,0.0012260067923895997,0.035014379794444446
983,4,train,16,0.001449881832631905,0.03807731388414767,0.0012260067923895997,0.035014379794444446
983,5,train,16,0.0006483602179556183,0.025462918488571146,0.0012260067923895997,0.035014379794444446
983,6,train,16,0.0010728981250984967,0.032755123646515165,0.0012260067923895997,0.035014379794444446
983,7,train,8,0.001321995136043926,0.036359251037994804,0.0012260067923895997,0.035014379794444446
983,-1,train,120,0.0012260067923895997,0.035014379794444446,0.0012260067923895997,0.035014379794444446
984,0,train,16,0.0009728276510059754,0.031190185171075458,0.001185627808962477,0.03443294656230392
984,1,train,16,0.00187616632706145,0.04331473568038307,0.001185627808962477,0.03443294656230392
984,2,train,16,0.0001871852487917019,0.013681566021172499,0.001185627808962477,0.03443294656230392
984,3,train,16,0.0014357701451700633,0.03789155770313571,0.001185627808962477,0.03443294656230392
984,4,train,16,0.0021199702061929335,0.046043134191678714,0.001185627808962477,0.03443294656230392
984,5,train,16,0.0012297687515299104,0.03506805885032575,0.001185627808962477,0.03443294656230392
984,6,train,16,0.0009670716971267445,0.031097776401645575,0.001185627808962477,0.03443294656230392
984,7,train,8,0.0006962624448210349,0.026386785420377278,0.001185627808962477,0.03443294656230392
984,-1,train,120,0.001185627808962477,0.03443294656230392,0.001185627808962477,0.03443294656230392
985,0,train,16,0.0012780510221676229,0.03574983947051543,0.0012239662308753598,0.034985228752651594
985,1,train,16,0.0011211959835742346,0.033484264716045875,0.0012239662308753598,0.034985228752651594
985,2,train,16,0.0024375222975092647,0.04937126996046653,0.0012239662308753598,0.034985228752651594
985,3,train,16,0.0018721624564348193,0.04326849265267765,0.0012239662308753598,0.034985228752651594
985,4,train,16,0.0006612811369522641,0.025715387163180416,0.0012239662308753598,0.034985228752651594
985,5,train,16,0.0010926598989365133,0.03305540650085116,0.0012239662308753598,0.034985228752651594
985,6,train,16,5.9159848901246336e-05,0.007691543986823863,0.0012239662308753598,0.034985228752651594
985,7,train,8,0.0012696972025269127,0.03563281075816098,0.0012239662308753598,0.034985228752651594
985,-1,train,120,0.0012239662308753598,0.034985228752651594,0.0012239662308753598,0.034985228752651594
986,0,train,16,0.0009888079395983529,0.03144531665603564,0.0012334649796451934,0.03512072009007209
986,1,train,16,0.0011022145106912213,0.03319961612264848,0.0012334649796451934,0.03512072009007209
986,2,train,16,0.002062053008576855,0.04540983383119624,0.0012334649796451934,0.03512072009007209
986,3,train,16,0.0013679727515078257,0.036986115658552546,0.0012334649796451934,0.03512072009007209
986,4,train,16,0.0011550671339034518,0.03398627861216129,0.0012334649796451934,0.03512072009007209
986,5,train,16,0.0001838104589844008,0.01355767159155291,0.0012334649796451934,0.03512072009007209
986,6,train,16,0.0013075007176502455,0.036159379386961905,0.0012334649796451934,0.03512072009007209
986,7,train,8,0.0017002933162491934,0.04123461308475191,0.0012334649796451934,0.03512072009007209
986,-1,train,120,0.0012334649796451934,0.03512072009007209,0.0012334649796451934,0.03512072009007209
987,0,train,16,0.0006974702558285213,0.02640966216801194,0.0011736115396161564,0.03425801423924271
987,1,train,16,0.0008238055055633995,0.028702012221504602,0.0011736115396161564,0.03425801423924271
987,2,train,16,0.0016170135893440983,0.04021210749692309,0.0011736115396161564,0.03425801423924271
987,3,train,16,0.0014255626574061764,0.03775662402024546,0.0011736115396161564,0.03425801423924271
987,4,train,16,0.002072348438836202,0.045523053926952245,0.0011736115396161564,0.03425801423924271
987,5,train,16,0.0003881774407071434,0.01970221918229374,0.0011736115396161564,0.03425801423924271
987,6,train,16,0.0016491375227611436,0.0406095742745617,0.0011736115396161564,0.03425801423924271
987,7,train,8,0.0007153769064825685,0.026746530737323082,0.0011736115396161564,0.03425801423924271
987,-1,train,120,0.0011736115396161564,0.03425801423924271,0.0011736115396161564,0.03425801423924271
988,0,train,16,0.0007455979643463766,0.02730563979009422,0.0012476031141674905,0.03532142570972314
988,1,train,16,0.0012404752420451446,0.03522038106047611,0.0012476031141674905,0.03532142570972314
988,2,train,16,0.0012035230530431542,0.034691829773639125,0.0012476031141674905,0.03532142570972314
988,3,train,16,0.0016182144235771512,0.04022703597802293,0.0012476031141674905,0.03532142570972314
988,4,train,16,0.0012083772491986579,0.034761721033324255,0.0012476031141674905,0.03532142570972314
988,5,train,16,0.0009053354796442424,0.03008879325669679,0.0012476031141674905,0.03532142570972314
988,6,train,16,0.0010540138572229802,0.032465579576267854,0.0012476031141674905,0.03532142570972314
988,7,train,8,0.002005287644262217,0.04478043818747442,0.0012476031141674905,0.03532142570972314
988,-1,train,120,0.0012476031141674905,0.03532142570972314,0.0012476031141674905,0.03532142570972314
989,0,train,16,0.0014823209730065157,0.03850092171632409,0.0011736750493629735,0.03425894115939623
989,1,train,16,0.0015380963248718496,0.03921857117325731,0.0011736750493629735,0.03425894115939623
989,2,train,16,0.0017627859045116986,0.041985543994471464,0.0011736750493629735,0.03425894115939623
989,3,train,16,0.001728070751287985,0.041570070378674905,0.0011736750493629735,0.03425894115939623
989,4,train,16,0.0005199904043831685,0.02280329810319482,0.0011736750493629735,0.03425894115939623
989,5,train,16,0.0008795482890856434,0.02965717938519514,0.0011736750493629735,0.03425894115939623
989,6,train,16,0.0006729667967714203,0.025941603589050163,0.0011736750493629735,0.03425894115939623
989,7,train,8,0.000805620950985507,0.028383462632059306,0.0011736750493629735,0.03425894115939623
989,-1,train,120,0.0011736750493629735,0.03425894115939623,0.0011736750493629735,0.03425894115939623
990,0,train,16,0.0011994711353984198,0.03463338180712966,0.0012239900469815338,0.0349855691247339
990,1,train,16,0.001016157196705916,0.03187722065528794,0.0012239900469815338,0.0349855691247339
990,2,train,16,0.0005440459733696737,0.02332479310454165,0.0012239900469815338,0.0349855691247339
990,3,train,16,0.0010915753971159955,0.033038998125185265,0.0012239900469815338,0.0349855691247339
990,4,train,16,0.0013382167025735613,0.03658164433938914,0.0012239900469815338,0.0349855691247339
990,5,train,16,0.0015919447237564299,0.03989918199357513,0.0012239900469815338,0.0349855691247339
990,6,train,16,0.001311944908797581,0.036220780068871805,0.0012239900469815338,0.0349855691247339
990,7,train,8,0.0016985643381346922,0.04121364262152391,0.0012239900469815338,0.0349855691247339
990,-1,train,120,0.0012239900469815338,0.0349855691247339,0.0012239900469815338,0.0349855691247339
991,0,train,16,0.0006500951231808303,0.025496963018775985,0.0011816777620391068,0.03437554017087014
991,1,train,16,0.0010665834631718779,0.032658589424099105,0.0011816777620391068,0.03437554017087014
991,2,train,16,0.0016215858762066548,0.040268919481489134,0.0011816777620391068,0.03437554017087014
991,3,train,16,0.001830412524719649,0.04278332063689831,0.0011816777620391068,0.03437554017087014
991,4,train,16,0.0012256242351130393,0.035008916508698744,0.0011816777620391068,0.03437554017087014
991,5,train,16,0.0007967375345835422,0.028226539543194845,0.0011816777620391068,0.03437554017087014
991,6,train,16,0.0011987967090738914,0.0346236437867809,0.0011816777620391068,0.03437554017087014
991,7,train,8,0.0010635866302633708,0.0326126759138739,0.0011816777620391068,0.03437554017087014
991,-1,train,120,0.0011816777620391068,0.03437554017087014,0.0011816777620391068,0.03437554017087014
992,0,train,16,0.0005620717704840554,0.023708052861507952,0.0012055162108917043,0.034720544507419585
992,1,train,16,0.0005629873466536713,0.02372735439642758,0.0012055162108917043,0.034720544507419585
992,2,train,16,0.001050426760030195,0.032410287873300275,0.0012055162108917043,0.034720544507419585
992,3,train,16,0.0013518479979983127,0.03676748560886796,0.0012055162108917043,0.034720544507419585
992,4,train,16,0.0014508617653293178,0.038090179381689945,0.0012055162108917043,0.034720544507419585
992,5,train,16,0.0004870723719979116,0.022069716173931907,0.0012055162108917043,0.034720544507419585
992,6,train,16,0.002813555194198253,0.053042956122356655,0.0012055162108917043,0.034720544507419585
992,7,train,8,0.0013653064804419169,0.03695005386250359,0.0012055162108917043,0.034720544507419585
992,-1,train,120,0.0012055162108917043,0.034720544507419585,0.0012055162108917043,0.034720544507419585
993,0,train,16,0.0009193463935560171,0.03032072547872193,0.0011150687116283262,0.033392644573742976
993,1,train,16,0.0012078570727911422,0.034754238198975704,0.0011150687116283262,0.033392644573742976
993,2,train,16,0.0011767280621668,0.03430347011844137,0.0011150687116283262,0.033392644573742976
993,3,train,16,0.00045538039110350014,0.021339643649871478,0.0011150687116283262,0.033392644573742976
993,4,train,16,0.0010605292217469634,0.03256576763638412,0.0011150687116283262,0.033392644573742976
993,5,train,16,0.0009450804958769038,0.030742161535534614,0.0011150687116283262,0.033392644573742976
993,6,train,16,0.003090522571656547,0.055592468659491516,0.0011150687116283262,0.033392644573742976
993,7,train,8,6.510548412873593e-05,0.008068796944324224,0.0011150687116283262,0.033392644573742976
993,-1,train,120,0.0011150687116283262,0.033392644573742976,0.0011150687116283262,0.033392644573742976
994,0,train,16,0.00017252144794057647,0.013134742020328244,0.001168336349289315,0.034180935465392324
994,1,train,16,0.0016217986775641812,0.040271561647944334,0.001168336349289315,0.034180935465392324
994,2,train,16,0.000903012148635951,0.03005016054259862,0.001168336349289315,0.034180935465392324
994,3,train,16,0.0013071843453234487,0.03615500442986349,0.001168336349289315,0.034180935465392324
994,4,train,16,0.001975102514168113,0.04444212544611377,0.001168336349289315,0.034180935465392324
994,5,train,16,0.0006705892125125387,0.025895737342515247,0.001168336349289315,0.034180935465392324
994,6,train,16,0.0015286192307646807,0.03909756041960522,0.001168336349289315,0.034180935465392324
994,7,train,8,0.0011678632174050298,0.03417401377369989,0.001168336349289315,0.034180935465392324
994,-1,train,120,0.001168336349289315,0.034180935465392324,0.001168336349289315,0.034180935465392324
995,0,train,16,0.0004407885753563096,0.02099496547642576,0.0011657309341736707,0.034142802084387726
995,1,train,16,0.0016543037542271887,0.040673133076112894,0.0011657309341736707,0.034142802084387726
995,2,train,16,0.001342040966411859,0.036633877305191964,0.0011657309341736707,0.034142802084387726
995,3,train,16,0.00033486452323701295,0.01829930390034039,0.0011657309341736707,0.034142802084387726
995,4,train,16,0.0023002180024044717,0.04796058801145449,0.0011657309341736707,0.034142802084387726
995,5,train,16,0.0006002982111616933,0.02450098388150348,0.0011657309341736707,0.034142802084387726
995,6,train,16,0.001524079083813897,0.039039455475376406,0.0011657309341736707,0.034142802084387726
995,7,train,8,0.0011292543567769317,0.0336043800236953,0.0011657309341736707,0.034142802084387726
995,-1,train,120,0.0011657309341736707,0.034142802084387726,0.0011657309341736707,0.034142802084387726
996,0,train,16,0.002013477093698095,0.04487178505138942,0.0011373695075039612,0.03372490930312432
996,1,train,16,0.0012139350236189158,0.03484157033801599,0.0011373695075039612,0.03372490930312432
996,2,train,16,0.0005830357295021577,0.024146132806355507,0.0011373695075039612,0.03372490930312432
996,3,train,16,0.0009142634433410242,0.03023678956736353,0.0011373695075039612,0.03372490930312432
996,4,train,16,0.0016690265573563224,0.040853721462754435,0.0011373695075039612,0.03372490930312432
996,5,train,16,0.0011334705639837947,0.03366705457838263,0.0011373695075039612,0.03372490930312432
996,6,train,16,0.0009347870218229633,0.030574286938912627,0.0011373695075039612,0.03372490930312432
996,7,train,8,0.0006369606267084164,0.025238078902888317,0.0011373695075039612,0.03372490930312432
996,-1,train,120,0.0011373695075039612,0.03372490930312432,0.0011373695075039612,0.03372490930312432
997,0,train,16,0.0006099079370136788,0.024696314239450363,0.0012457985861184574,0.035295872083268565
997,1,train,16,0.0012219694430863392,0.03495667952031971,0.0012457985861184574,0.035295872083268565
997,2,train,16,0.0006727013816377792,0.025936487457591074,0.0012457985861184574,0.035295872083268565
997,3,train,16,0.0010837754771359832,0.03292074539156097,0.0012457985861184574,0.035295872083268565
997,4,train,16,0.001172275797098694,0.0342385133599386,0.0012457985861184574,0.035295872083268565
997,5,train,16,0.0013383748364036794,0.036583805657745334,0.0012457985861184574,0.035295872083268565
997,6,train,16,0.0013136992880991736,0.0362449898344471,0.0012457985861184574,0.035295872083268565
997,7,train,8,0.0025536845284723306,0.05053399379103467,0.0012457985861184574,0.035295872083268565
997,-1,train,120,0.0012457985861184574,0.035295872083268565,0.0012457985861184574,0.035295872083268565
998,0,train,16,0.0012968237404252588,0.03601143902186164,0.001122617937567258,0.03350549115543985
998,1,train,16,3.627118844542677e-05,0.006022556636962974,0.001122617937567258,0.03350549115543985
998,2,train,16,0.0003782727267252097,0.01944923460512546,0.001122617937567258,0.03350549115543985
998,3,train,16,0.0013962701279576564,0.03736669811419864,0.001122617937567258,0.03350549115543985
998,4,train,16,0.002276428142750462,0.04771192872595345,0.001122617937567258,0.03350549115543985
998,5,train,16,0.0012678437679839699,0.03560679384589365,0.001122617937567258,0.03350549115543985
998,6,train,16,0.0016527331305040062,0.040653820613861205,0.001122617937567258,0.03350549115543985
998,7,train,8,0.0006763006757460729,0.02600578158306481,0.001122617937567258,0.03350549115543985
998,-1,train,120,0.001122617937567258,0.03350549115543985,0.001122617937567258,0.03350549115543985
999,0,train,16,0.0015064985946064654,0.03881363928577769,0.001078217976819628,0.03283622963769787
999,1,train,16,0.0012283571334793567,0.03504792623650302,0.001078217976819628,0.03283622963769787
999,2,train,16,0.0011705650852977007,0.03421352196570386,0.001078217976819628,0.03283622963769787
999,3,train,16,0.0018904447748957793,0.04347924533493859,0.001078217976819628,0.03283622963769787
999,4,train,16,0.000652384172205709,0.025541812234172206,0.001078217976819628,0.03283622963769787
999,5,train,16,0.0010387327854436326,0.03222937767695232,0.001078217976819628,0.03283622963769787
999,6,train,16,0.0010960342739992194,0.03310640835245073,0.001078217976819628,0.03283622963769787
999,7,train,8,4.272699462916155e-05,0.00653658891388785,0.001078217976819628,0.03283622963769787
999,-1,train,120,0.001078217976819628,0.03283622963769787,0.001078217976819628,0.03283622963769787
1000,0,train,16,0.0005324541687115828,0.02307496844443309,0.0011177067642031086,0.03343212174246661
1000,1,train,16,0.0017519428982553005,0.04185621696062964,0.0011177067642031086,0.03343212174246661
1000,2,train,16,0.0014960323188789471,0.03867857700173246,0.0011177067642031086,0.03343212174246661
1000,3,train,16,0.0006822108087701172,0.026119165545057468,0.0011177067642031086,0.03343212174246661
1000,4,train,16,0.0021964069421327856,0.04686583982105501,0.0011177067642031086,0.03343212174246661
1000,5,train,16,0.0011919586697250874,0.034524754448440144,0.0011177067642031086,0.03343212174246661
1000,6,train,16,0.00045992347235245613,0.021445826455337554,0.0011177067642031086,0.03343212174246661
1000,7,train,8,0.0006307248347985916,0.02511423570006843,0.0011177067642031086,0.03343212174246661
1000,-1,train,120,0.0011177067642031086,0.03343212174246661,0.0011177067642031086,0.03343212174246661
