epoch,batch_idx,phase,batch_size,batch_MSE,batch_RMSE,epoch_MSE,epoch_RMSE
1,0,train,16,0.21347332030315358,0.46203173084015947,0.20486733124267142,0.4526227250621332
1,1,train,14,0.1962613421821893,0.44301393000919204,0.20486733124267142,0.4526227250621332
1,-1,train,30,0.20486733124267142,0.4526227250621332,0.20486733124267142,0.4526227250621332
2,0,train,16,0.219245421161067,0.4682365013121756,0.2025411006906744,0.45004566511707944
2,1,train,14,0.18583678022028183,0.43108790312450407,0.2025411006906744,0.45004566511707944
2,-1,train,30,0.2025411006906744,0.45004566511707944,0.2025411006906744,0.45004566511707944
3,0,train,16,0.20269251396789426,0.45021385359392735,0.2018260017841177,0.44925048890804525
3,1,train,14,0.2009594896003411,0.4482850539560081,0.2018260017841177,0.44925048890804525
3,-1,train,30,0.2018260017841177,0.44925048890804525,0.2018260017841177,0.44925048890804525
4,0,train,16,0.19720371864891847,0.44407625319185723,0.20032453599861086,0.44757629070205546
4,1,train,14,0.20344535334830324,0.4510491695461851,0.20032453599861086,0.44757629070205546
4,-1,train,30,0.20032453599861086,0.44757629070205546,0.20032453599861086,0.44757629070205546
5,0,train,16,0.20308412898235098,0.4506485648289041,0.19801309755658827,0.4449866262671141
5,1,train,14,0.19294206613082557,0.43925171158553905,0.19801309755658827,0.4449866262671141
5,-1,train,30,0.19801309755658827,0.4449866262671141,0.19801309755658827,0.4449866262671141
6,0,train,16,0.2010475064747533,0.44838321386371427,0.19626061700882697,0.44301311155407913
6,1,train,14,0.19147372754290062,0.4375771103964427,0.19626061700882697,0.44301311155407913
6,-1,train,30,0.19626061700882697,0.44301311155407913,0.19626061700882697,0.44301311155407913
7,0,train,16,0.18887291162403133,0.4345951122873235,0.19525593692590273,0.4418777397945078
7,1,train,14,0.20163896222777414,0.4490422722058293,0.19525593692590273,0.4418777397945078
7,-1,train,30,0.19525593692590273,0.4418777397945078,0.19525593692590273,0.4418777397945078
8,0,train,16,0.19861866069344156,0.4456665353080053,0.1926864161477728,0.4389606088793991
8,1,train,14,0.18675417160210403,0.4321506353137804,0.1926864161477728,0.4389606088793991
8,-1,train,30,0.1926864161477728,0.4389606088793991,0.1926864161477728,0.4389606088793991
9,0,train,16,0.2008482530171781,0.44816096775285785,0.19066459729987972,0.43665157425558393
9,1,train,14,0.18048094158258138,0.4248304857029229,0.19066459729987972,0.43665157425558393
9,-1,train,30,0.19066459729987972,0.43665157425558393,0.19066459729987972,0.43665157425558393
10,0,train,16,0.18919103146543317,0.43496095395498796,0.18962912952167055,0.43546426893795837
10,1,train,14,0.19006722757790792,0.43596700285446827,0.18962912952167055,0.43546426893795837
10,-1,train,30,0.18962912952167055,0.43546426893795837,0.18962912952167055,0.43546426893795837
11,0,train,16,0.1934524670345245,0.439832316951045,0.1874770259280284,0.4329861729062816
11,1,train,14,0.1815015848215323,0.42603002807493784,0.1874770259280284,0.4329861729062816
11,-1,train,30,0.1874770259280284,0.4329861729062816,0.1874770259280284,0.4329861729062816
12,0,train,16,0.18591047683747872,0.4311733721340857,0.18616793468023057,0.4314718237385039
12,1,train,14,0.18642539252298243,0.431770069044836,0.18616793468023057,0.4314718237385039
12,-1,train,30,0.18616793468023057,0.4314718237385039,0.18616793468023057,0.4314718237385039
13,0,train,16,0.18377521041694794,0.42869011000599017,0.18447980824497645,0.4295111270327888
13,1,train,14,0.18518440607300493,0.4303305776644334,0.18447980824497645,0.4295111270327888
13,-1,train,30,0.18447980824497645,0.4295111270327888,0.18447980824497645,0.4295111270327888
14,0,train,16,0.18451704349169246,0.4295544709250417,0.18258621786967968,0.4273010857342627
14,1,train,14,0.1806553922476669,0.4250357540815442,0.18258621786967968,0.4273010857342627
14,-1,train,30,0.18258621786967968,0.4273010857342627,0.18258621786967968,0.4273010857342627
15,0,train,16,0.1799287004342607,0.42418003304523977,0.181090635698808,0.42554745410918393
15,1,train,14,0.18225257096335534,0.426910495260254,0.181090635698808,0.42554745410918393
15,-1,train,30,0.181090635698808,0.42554745410918393,0.181090635698808,0.42554745410918393
16,0,train,16,0.18708750136928082,0.43253612724173784,0.17875457704748,0.42279377602736773
16,1,train,14,0.17042165272567913,0.4128215749275698,0.17875457704748,0.42279377602736773
16,-1,train,30,0.17875457704748,0.42279377602736773,0.17875457704748,0.42279377602736773
17,0,train,16,0.17162660835499294,0.4142784188863728,0.17805095075063404,0.42196084030468284
17,1,train,14,0.18447529314627512,0.4295058709101368,0.17805095075063404,0.42196084030468284
17,-1,train,30,0.17805095075063404,0.42196084030468284,0.17805095075063404,0.42196084030468284
18,0,train,16,0.16878267661242613,0.41083168890973604,0.17643740520424564,0.4200445276446839
18,1,train,14,0.18409213379606515,0.42905959235992513,0.17643740520424564,0.4200445276446839
18,-1,train,30,0.17643740520424564,0.4200445276446839,0.17643740520424564,0.4200445276446839
19,0,train,16,0.19187177998520819,0.4380317111639387,0.17299154155699825,0.4159225186942855
19,1,train,14,0.1541113031287883,0.3925701251098819,0.17299154155699825,0.4159225186942855
19,-1,train,30,0.17299154155699825,0.4159225186942855,0.17299154155699825,0.4159225186942855
20,0,train,16,0.18540177112161688,0.4305830594921459,0.17165707156263668,0.41431518384273186
20,1,train,14,0.1579123720036565,0.397381896924931,0.17165707156263668,0.41431518384273186
20,-1,train,30,0.17165707156263668,0.41431518384273186,0.17165707156263668,0.41431518384273186
21,0,train,16,0.17275083430127788,0.415633052464885,0.17077333672637812,0.41324730698018847
21,1,train,14,0.16879583915147833,0.4108477079788548,0.17077333672637812,0.41324730698018847
21,-1,train,30,0.17077333672637812,0.41324730698018847,0.17077333672637812,0.41324730698018847
22,0,train,16,0.17092760569124305,0.41343391937677665,0.16912092768270448,0.4112431491012397
22,1,train,14,0.16731424967416594,0.4090406455038007,0.16912092768270448,0.4112431491012397
22,-1,train,30,0.16912092768270448,0.4112431491012397,0.16912092768270448,0.4112431491012397
23,0,train,16,0.16480562251695985,0.4059625875828459,0.16778690458154616,0.4096179983613344
23,1,train,14,0.17076818664613244,0.41324107570053153,0.16778690458154616,0.4096179983613344
23,-1,train,30,0.16778690458154616,0.4096179983613344,0.16778690458154616,0.4096179983613344
24,0,train,16,0.16334710768851077,0.40416222941847346,0.1661171164084808,0.4075746758674793
24,1,train,14,0.1688871251284509,0.4109587876277266,0.1661171164084808,0.4075746758674793
24,-1,train,30,0.1661171164084808,0.4075746758674793,0.1661171164084808,0.4075746758674793
25,0,train,16,0.17058853781567546,0.4130236528525642,0.16383293243982325,0.40476281009972154
25,1,train,14,0.15707732706397104,0.39632982106317843,0.16383293243982325,0.40476281009972154
25,-1,train,30,0.16383293243982325,0.40476281009972154,0.16383293243982325,0.40476281009972154
26,0,train,16,0.1721113769829416,0.4148630822126037,0.16197366926063592,0.40245952499678267
26,1,train,14,0.15183596153833023,0.3896613421143163,0.16197366926063592,0.40245952499678267
26,-1,train,30,0.16197366926063592,0.40245952499678267,0.16197366926063592,0.40245952499678267
27,0,train,16,0.1670767158393464,0.40875018757102294,0.16057867534484188,0.4007226913276086
27,1,train,14,0.15408063485033732,0.39253106227448714,0.16057867534484188,0.4007226913276086
27,-1,train,30,0.16057867534484188,0.4007226913276086,0.16057867534484188,0.4007226913276086
28,0,train,16,0.1588034679626777,0.39850152818110707,0.15943415717146747,0.3992920700082428
28,1,train,14,0.16006484638025723,0.4000810497639912,0.15943415717146747,0.3992920700082428
28,-1,train,30,0.15943415717146747,0.3992920700082428,0.15943415717146747,0.3992920700082428
29,0,train,16,0.1688801377259377,0.41095028619765883,0.156968153336645,0.3961920662212268
29,1,train,14,0.14505616894735224,0.3808624015932161,0.156968153336645,0.3961920662212268
29,-1,train,30,0.156968153336645,0.3961920662212268,0.156968153336645,0.3961920662212268
30,0,train,16,0.16162265423112926,0.40202320111049467,0.15575644040696357,0.39465990473693113
30,1,train,14,0.1498902265827979,0.38715659181111445,0.15575644040696357,0.39465990473693113
30,-1,train,30,0.15575644040696357,0.39465990473693113,0.15575644040696357,0.39465990473693113
31,0,train,16,0.16121256747942012,0.401512848461192,0.15406052222675792,0.3925054422893496
31,1,train,14,0.14690847697409573,0.38328641637044186,0.15406052222675792,0.3925054422893496
31,-1,train,30,0.15406052222675792,0.3925054422893496,0.15406052222675792,0.3925054422893496
32,0,train,16,0.1438464156001084,0.37927090001753155,0.15357129212350082,0.3918817323166529
32,1,train,14,0.16329616864689322,0.4040992064418009,0.15357129212350082,0.3918817323166529
32,-1,train,30,0.15357129212350082,0.3918817323166529,0.15357129212350082,0.3918817323166529
33,0,train,16,0.1527752523133065,0.3908647493869286,0.15121739809443074,0.38886681279640045
33,1,train,14,0.149659543875555,0.3868585579711983,0.15121739809443074,0.38886681279640045
33,-1,train,30,0.15121739809443074,0.38886681279640045,0.15121739809443074,0.38886681279640045
34,0,train,16,0.15921717877398792,0.3990202736378039,0.14903442666404332,0.3860497722626492
34,1,train,14,0.13885167455409875,0.3726280646356347,0.14903442666404332,0.3860497722626492
34,-1,train,30,0.14903442666404332,0.3860497722626492,0.14903442666404332,0.3860497722626492
35,0,train,16,0.15710619970009515,0.3963662444004221,0.14747915301167738,0.38403014596731516
35,1,train,14,0.13785210632325962,0.3712844008617378,0.14747915301167738,0.38403014596731516
35,-1,train,30,0.14747915301167738,0.38403014596731516,0.14747915301167738,0.38403014596731516
36,0,train,16,0.13517531194811688,0.3676619533594915,0.1473553678579798,0.38386894620166895
36,1,train,14,0.15953542376784274,0.3994188575516218,0.1473553678579798,0.38386894620166895
36,-1,train,30,0.1473553678579798,0.38386894620166895,0.1473553678579798,0.38386894620166895
37,0,train,16,0.13759744703305452,0.37094129863504616,0.14546727235651363,0.3814017204425193
37,1,train,14,0.15333709767997278,0.3915828107565152,0.14546727235651363,0.3814017204425193
37,-1,train,30,0.14546727235651363,0.3814017204425193,0.14546727235651363,0.3814017204425193
38,0,train,16,0.14363368367716112,0.37899034773614104,0.14334485903538197,0.3786091111362509
38,1,train,14,0.1430560343936028,0.37822749026690644,0.14334485903538197,0.3786091111362509
38,-1,train,30,0.14334485903538197,0.3786091111362509,0.14334485903538197,0.3786091111362509
39,0,train,16,0.133088196840335,0.3648125502779955,0.14243189594826505,0.37740150496290426
39,1,train,14,0.1517755950561951,0.38958387422504426,0.14243189594826505,0.37740150496290426
39,-1,train,30,0.14243189594826505,0.37740150496290426,0.14243189594826505,0.37740150496290426
40,0,train,16,0.1354778618762183,0.3680731746218655,0.1405820965937401,0.3749427910945083
40,1,train,14,0.14568633131126194,0.3816887885585087,0.1405820965937401,0.3749427910945083
40,-1,train,30,0.1405820965937401,0.3749427910945083,0.1405820965937401,0.3749427910945083
41,0,train,16,0.14975211351605106,0.38697818222226826,0.13789762220543555,0.37134569097464365
41,1,train,14,0.12604313089482003,0.35502553555317684,0.13789762220543555,0.37134569097464365
41,-1,train,30,0.13789762220543555,0.37134569097464365,0.13789762220543555,0.37134569097464365
42,0,train,16,0.13068610861443203,0.36150533691002684,0.13762314377148674,0.3709759342214623
42,1,train,14,0.14456017892854145,0.38021070333243046,0.13762314377148674,0.3709759342214623
42,-1,train,30,0.13762314377148674,0.3709759342214623,0.13762314377148674,0.3709759342214623
43,0,train,16,0.14406862044435828,0.37956372382560255,0.13501351773606,0.3674418562658043
43,1,train,14,0.1259584150277617,0.3549062059583654,0.13501351773606,0.3674418562658043
43,-1,train,30,0.13501351773606,0.3674418562658043,0.13501351773606,0.3674418562658043
44,0,train,16,0.14276373667880643,0.37784088804522786,0.13346520716797367,0.36532890272735563
44,1,train,14,0.1241666776571409,0.35237292412604704,0.13346520716797367,0.36532890272735563
44,-1,train,30,0.13346520716797367,0.36532890272735563,0.13346520716797367,0.36532890272735563
45,0,train,16,0.11545904727759067,0.33979265336023773,0.1337972486041026,0.3657830622159843
45,1,train,14,0.15213544993061454,0.3900454459811248,0.1337972486041026,0.3657830622159843
45,-1,train,30,0.1337972486041026,0.3657830622159843,0.1337972486041026,0.3657830622159843
46,0,train,16,0.1359624869851715,0.36873091406223524,0.13070275421021277,0.36152835879113654
46,1,train,14,0.12544302143525407,0.3541793633672833,0.13070275421021277,0.36152835879113654
46,-1,train,30,0.13070275421021277,0.36152835879113654,0.13070275421021277,0.36152835879113654
47,0,train,16,0.12493474789478307,0.3534610981349759,0.1298722646711315,0.3603779469822363
47,1,train,14,0.13480978144747996,0.36716451550698626,0.1298722646711315,0.3603779469822363
47,-1,train,30,0.1298722646711315,0.3603779469822363,0.1298722646711315,0.3603779469822363
48,0,train,16,0.13095464476630703,0.36187656012279523,0.12782335808588502,0.3575239265921723
48,1,train,14,0.12469207140546301,0.3531176452762776,0.12782335808588502,0.3575239265921723
48,-1,train,30,0.12782335808588502,0.3575239265921723,0.12782335808588502,0.3575239265921723
49,0,train,16,0.1411303402060761,0.3756731827081567,0.12550330676056878,0.35426445878830237
49,1,train,14,0.10987627331506149,0.3314759015600704,0.12550330676056878,0.35426445878830237
49,-1,train,30,0.12550330676056878,0.35426445878830237,0.12550330676056878,0.35426445878830237
50,0,train,16,0.13358143507203668,0.36548794107608623,0.12445053102025261,0.3527754682801124
50,1,train,14,0.11531962696846855,0.3395874364114028,0.12445053102025261,0.3527754682801124
50,-1,train,30,0.12445053102025261,0.3527754682801124,0.12445053102025261,0.3527754682801124
51,0,train,16,0.1267406362775239,0.35600651156618457,0.12333240195477882,0.351187132387818
51,1,train,14,0.11992416763203373,0.3463006896210773,0.12333240195477882,0.351187132387818
51,-1,train,30,0.12333240195477882,0.351187132387818,0.12333240195477882,0.351187132387818
52,0,train,16,0.12039192184979959,0.34697539084177076,0.12221680357362447,0.3495951995860705
52,1,train,14,0.12404168529744936,0.35219552140458765,0.12221680357362447,0.3495951995860705
52,-1,train,30,0.12221680357362447,0.3495951995860705,0.12221680357362447,0.3495951995860705
53,0,train,16,0.11145786464709717,0.33385305846599217,0.1212625734132766,0.3482277608308628
53,1,train,14,0.13106728217945604,0.362032156278218,0.1212625734132766,0.3482277608308628
53,-1,train,30,0.1212625734132766,0.3482277608308628,0.1212625734132766,0.3482277608308628
54,0,train,16,0.12216179941124641,0.3495165223723285,0.11893048983482438,0.34486300154528665
54,1,train,14,0.11569918025840233,0.3401458220504881,0.11893048983482438,0.34486300154528665
54,-1,train,30,0.11893048983482438,0.34486300154528665,0.11893048983482438,0.34486300154528665
55,0,train,16,0.1079214689158079,0.32851403153565284,0.11842892292232199,0.3441350358831864
55,1,train,14,0.12893637692883608,0.35907711835876716,0.11842892292232199,0.3441350358831864
55,-1,train,30,0.11842892292232199,0.3441350358831864,0.11842892292232199,0.3441350358831864
56,0,train,16,0.11774552176098421,0.3431406734285287,0.1161492796232419,0.34080680689100373
56,1,train,14,0.11455303748549958,0.33845684730183784,0.1161492796232419,0.34080680689100373
56,-1,train,30,0.1161492796232419,0.34080680689100373,0.1161492796232419,0.34080680689100373
57,0,train,16,0.11808221981517128,0.34363093547463286,0.11460541593379348,0.3385342167843503
57,1,train,14,0.11112861205241568,0.33335958371166663,0.11460541593379348,0.3385342167843503
57,-1,train,30,0.11460541593379348,0.3385342167843503,0.11460541593379348,0.3385342167843503
58,0,train,16,0.12641305848130244,0.35554614114247174,0.11251460427745799,0.33543196668990566
58,1,train,14,0.09861615007361355,0.31403208446528763,0.11251460427745799,0.33543196668990566
58,-1,train,30,0.11251460427745799,0.33543196668990566,0.11251460427745799,0.33543196668990566
59,0,train,16,0.10411325213262548,0.32266585213286125,0.11261832856410345,0.3355865440748533
59,1,train,14,0.1211234049955814,0.3480278796240057,0.11261832856410345,0.3355865440748533
59,-1,train,30,0.11261832856410345,0.3355865440748533,0.11261832856410345,0.3355865440748533
60,0,train,16,0.10455362928212583,0.3233475363786244,0.11111513355903808,0.333339366950617
60,1,train,14,0.11767663783595034,0.3430402860247617,0.11111513355903808,0.333339366950617
60,-1,train,30,0.11111513355903808,0.333339366950617,0.11111513355903808,0.333339366950617
61,0,train,16,0.10018313694311162,0.31651719849498167,0.10994314014621634,0.33157674850057917
61,1,train,14,0.11970314334932107,0.3459814205261911,0.10994314014621634,0.33157674850057917
61,-1,train,30,0.10994314014621634,0.33157674850057917,0.10994314014621634,0.33157674850057917
62,0,train,16,0.10675127026325992,0.3267281289746261,0.10801555184900766,0.3286571950361161
62,1,train,14,0.1092798334347554,0.3305750042498002,0.10801555184900766,0.3286571950361161
62,-1,train,30,0.10801555184900766,0.3286571950361161,0.10801555184900766,0.3286571950361161
63,0,train,16,0.09983884758658657,0.3159728589397934,0.1070431079875262,0.3271744305222005
63,1,train,14,0.11424736838846584,0.33800498278644625,0.1070431079875262,0.3271744305222005
63,-1,train,30,0.1070431079875262,0.3271744305222005,0.1070431079875262,0.3271744305222005
64,0,train,16,0.10750242484785048,0.3278756240525521,0.10504994273875237,0.3241140890778313
64,1,train,14,0.10259746062965427,0.32030838363935193,0.10504994273875237,0.3241140890778313
64,-1,train,30,0.10504994273875237,0.3241140890778313,0.10504994273875237,0.3241140890778313
65,0,train,16,0.10663371794327225,0.3265481862501647,0.10366132741587668,0.3219647921992041
65,1,train,14,0.1006889368884811,0.3173152011620009,0.10366132741587668,0.3219647921992041
65,-1,train,30,0.10366132741587668,0.3219647921992041,0.10366132741587668,0.3219647921992041
66,0,train,16,0.09866400816177465,0.31410827458342233,0.1027925506505994,0.32061277368595187
66,1,train,14,0.10692109313942416,0.3269879097756126,0.1027925506505994,0.32061277368595187
66,-1,train,30,0.1027925506505994,0.32061277368595187,0.1027925506505994,0.32061277368595187
67,0,train,16,0.09685534632492497,0.31121591592482056,0.10150755210345658,0.31860249858319784
67,1,train,14,0.10615975788198817,0.32582166576516697,0.10150755210345658,0.31860249858319784
67,-1,train,30,0.10150755210345658,0.31860249858319784,0.10150755210345658,0.31860249858319784
68,0,train,16,0.09816072476937922,0.31330611990412705,0.10000966810197759,0.3162430522588245
68,1,train,14,0.10185861143457597,0.31915295930725124,0.10000966810197759,0.3162430522588245
68,-1,train,30,0.10000966810197759,0.3162430522588245,0.10000966810197759,0.3162430522588245
69,0,train,16,0.08701638901688538,0.29498540475231205,0.09938622529881067,0.31525580930224056
69,1,train,14,0.11175606158073596,0.3342993592287248,0.09938622529881067,0.31525580930224056
69,-1,train,30,0.09938622529881067,0.31525580930224056,0.09938622529881067,0.31525580930224056
70,0,train,16,0.09801254304212428,0.3130695498481516,0.09719560943535971,0.3117621039115558
70,1,train,14,0.09637867582859512,0.31044915176014753,0.09719560943535971,0.3117621039115558
70,-1,train,30,0.09719560943535971,0.3117621039115558,0.09719560943535971,0.3117621039115558
71,0,train,16,0.10511188662508437,0.3242096337635333,0.09530507082591015,0.30871519370758244
71,1,train,14,0.08549825502673593,0.29240084648772124,0.09530507082591015,0.30871519370758244
71,-1,train,30,0.09530507082591015,0.30871519370758244,0.09530507082591015,0.30871519370758244
72,0,train,16,0.10665800445883415,0.3265853708585768,0.09381574205266134,0.30629355535606906
72,1,train,14,0.08097347964648853,0.28455839408896116,0.09381574205266134,0.30629355535606906
72,-1,train,30,0.09381574205266134,0.30629355535606906,0.09381574205266134,0.30629355535606906
73,0,train,16,0.09679237000310877,0.3111147216110301,0.0931490582968229,0.3052033064971985
73,1,train,14,0.08950574659053703,0.2991751102457172,0.0931490582968229,0.3052033064971985
73,-1,train,30,0.0931490582968229,0.3052033064971985,0.0931490582968229,0.3052033064971985
74,0,train,16,0.09311224978631724,0.3051429989141439,0.09203525031358063,0.303373120618127
74,1,train,14,0.09095825084084402,0.3015928560839,0.09203525031358063,0.303373120618127
74,-1,train,30,0.09203525031358063,0.303373120618127,0.09203525031358063,0.303373120618127
75,0,train,16,0.07586068393417555,0.27542818289742166,0.09192463185740837,0.3031907516026971
75,1,train,14,0.10798857978064118,0.3286161587333179,0.09192463185740837,0.3031907516026971
75,-1,train,30,0.09192463185740837,0.3031907516026971,0.09192463185740837,0.3031907516026971
76,0,train,16,0.08691041107452288,0.29480571750650103,0.08978500304318343,0.2996414574840795
76,1,train,14,0.092659595011844,0.3044003860244661,0.08978500304318343,0.2996414574840795
76,-1,train,30,0.08978500304318343,0.2996414574840795,0.08978500304318343,0.2996414574840795
77,0,train,16,0.09338616994843736,0.30559150830551124,0.08800637926201103,0.29665869153289787
77,1,train,14,0.0826265885755847,0.28744841028536705,0.08800637926201103,0.29665869153289787
77,-1,train,30,0.08800637926201103,0.29665869153289787,0.08800637926201103,0.29665869153289787
78,0,train,16,0.09719262180421569,0.3117573123508343,0.08640527157783592,0.29394773613320435
78,1,train,14,0.07561792135145615,0.27498712942873554,0.08640527157783592,0.29394773613320435
78,-1,train,30,0.08640527157783592,0.29394773613320435,0.08640527157783592,0.29394773613320435
79,0,train,16,0.07983284455646057,0.2825470660906968,0.08634028307530742,0.29383717102386386
79,1,train,14,0.09284772159415426,0.30470924107114683,0.08634028307530742,0.29383717102386386
79,-1,train,30,0.08634028307530742,0.29383717102386386,0.08634028307530742,0.29383717102386386
80,0,train,16,0.09513082779126952,0.3084328578333857,0.08394145174034176,0.2897265119735192
80,1,train,14,0.072752075689414,0.26972592698777403,0.08394145174034176,0.2897265119735192
80,-1,train,30,0.08394145174034176,0.2897265119735192,0.08394145174034176,0.2897265119735192
81,0,train,16,0.0816001594735661,0.28565741627615077,0.08363796509769438,0.28920229096204336
81,1,train,14,0.08567577072182266,0.29270423762190845,0.08363796509769438,0.28920229096204336
81,-1,train,30,0.08363796509769438,0.28920229096204336,0.08363796509769438,0.28920229096204336
82,0,train,16,0.09073504406579305,0.30122258226400134,0.08170389563228436,0.28583893302397484
82,1,train,14,0.07267274719877567,0.2695788329946839,0.08170389563228436,0.28583893302397484
82,-1,train,30,0.08170389563228436,0.28583893302397484,0.08170389563228436,0.28583893302397484
83,0,train,16,0.07056293897920193,0.2656368554609882,0.08189126751257297,0.28616650312811415
83,1,train,14,0.09321959604594401,0.3053188432539728,0.08189126751257297,0.28616650312811415
83,-1,train,30,0.08189126751257297,0.28616650312811415,0.08189126751257297,0.28616650312811415
84,0,train,16,0.07589546925922822,0.27549132338283944,0.08027241838609535,0.283323875425449
84,1,train,14,0.08464936751296248,0.29094564357103286,0.08027241838609535,0.283323875425449
84,-1,train,30,0.08027241838609535,0.283323875425449,0.08027241838609535,0.283323875425449
85,0,train,16,0.08595006672341535,0.2931724180809227,0.07831864728496048,0.27985468958900883
85,1,train,14,0.07068722784650561,0.2658706976078891,0.07831864728496048,0.27985468958900883
85,-1,train,30,0.07831864728496048,0.27985468958900883,0.07831864728496048,0.27985468958900883
86,0,train,16,0.0841968715462358,0.2901669718390358,0.07722147151543979,0.27788751594024474
86,1,train,14,0.07024607148464379,0.2650397545362653,0.07722147151543979,0.27788751594024474
86,-1,train,30,0.07722147151543979,0.27788751594024474,0.07722147151543979,0.27788751594024474
87,0,train,16,0.06936782461766676,0.2633777223260668,0.07706631241757886,0.27760819947829146
87,1,train,14,0.08476480021749094,0.29114395102335705,0.07706631241757886,0.27760819947829146
87,-1,train,30,0.07706631241757886,0.27760819947829146,0.07706631241757886,0.27760819947829146
88,0,train,16,0.08775958163246807,0.2962424372578447,0.07456138437629248,0.27305930560281677
88,1,train,14,0.0613631871201169,0.247715940383571,0.07456138437629248,0.27305930560281677
88,-1,train,30,0.07456138437629248,0.27305930560281677,0.07456138437629248,0.27305930560281677
89,0,train,16,0.07802062928551308,0.2793217307792451,0.07408898635647834,0.272192921209348
89,1,train,14,0.07015734342744362,0.2648723153284307,0.07408898635647834,0.272192921209348
89,-1,train,30,0.07408898635647834,0.272192921209348,0.07408898635647834,0.272192921209348
90,0,train,16,0.06977189012751597,0.2641436921970994,0.0735164730106788,0.27113921334008256
90,1,train,14,0.07726105589384163,0.27795873055876774,0.0735164730106788,0.27113921334008256
90,-1,train,30,0.0735164730106788,0.27113921334008256,0.0735164730106788,0.27113921334008256
91,0,train,16,0.06974544612396691,0.2640936313582115,0.0723806268336853,0.26903647863010194
91,1,train,14,0.0750158075434037,0.2738901377257014,0.0723806268336853,0.26903647863010194
91,-1,train,30,0.0723806268336853,0.26903647863010194,0.0723806268336853,0.26903647863010194
92,0,train,16,0.06913333464751145,0.26293218640461546,0.07130427652667828,0.26702860619543795
92,1,train,14,0.07347521840584513,0.2710631262378657,0.07130427652667828,0.26702860619543795
92,-1,train,30,0.07130427652667828,0.26702860619543795,0.07130427652667828,0.26702860619543795
93,0,train,16,0.06170547554951668,0.24840586858912306,0.07071403725670328,0.2659211109647056
93,1,train,14,0.07972259896388986,0.28235190625156026,0.07071403725670328,0.2659211109647056
93,-1,train,30,0.07071403725670328,0.2659211109647056,0.07071403725670328,0.2659211109647056
94,0,train,16,0.0739116361667663,0.27186694570463377,0.06874979801928986,0.26220182688015325
94,1,train,14,0.06358795987181343,0.2521665320216254,0.06874979801928986,0.26220182688015325
94,-1,train,30,0.06874979801928986,0.26220182688015325,0.06874979801928986,0.26220182688015325
95,0,train,16,0.06282249659858634,0.2506441633044471,0.06847399664747819,0.26167536499922606
95,1,train,14,0.07412549669637006,0.2722599799757027,0.06847399664747819,0.26167536499922606
95,-1,train,30,0.06847399664747819,0.26167536499922606,0.06847399664747819,0.26167536499922606
96,0,train,16,0.07534530815001286,0.27449099830415724,0.06651997477813405,0.25791466569029
96,1,train,14,0.05769464140625525,0.24019708867148087,0.06651997477813405,0.25791466569029
96,-1,train,30,0.06651997477813405,0.25791466569029,0.06651997477813405,0.25791466569029
97,0,train,16,0.0747143698261928,0.2733392943325068,0.06551901641557442,0.25596682678732885
97,1,train,14,0.05632366300495603,0.2373260689535729,0.06551901641557442,0.25596682678732885
97,-1,train,30,0.06551901641557442,0.25596682678732885,0.06551901641557442,0.25596682678732885
98,0,train,16,0.06784483828445136,0.2604704172923508,0.06499336969145456,0.25493797224316067
98,1,train,14,0.06214190109845777,0.24928277336883464,0.06499336969145456,0.25493797224316067
98,-1,train,30,0.06499336969145456,0.25493797224316067,0.06499336969145456,0.25493797224316067
99,0,train,16,0.052186825265189515,0.22844435923259193,0.06510962490461465,0.25516587723403505
99,1,train,14,0.07803242454403979,0.27934284408955207,0.06510962490461465,0.25516587723403505
99,-1,train,30,0.06510962490461465,0.25516587723403505,0.06510962490461465,0.25516587723403505
100,0,train,16,0.06523306389467931,0.2554076425925413,0.06319123931143741,0.25137867712166323
100,1,train,14,0.0611494147281955,0.24728407698069746,0.06319123931143741,0.25137867712166323
100,-1,train,30,0.06319123931143741,0.25137867712166323,0.06319123931143741,0.25137867712166323
101,0,train,16,0.05524922748987891,0.23505154219846955,0.06292254756816615,0.2508436715728865
101,1,train,14,0.0705958676464534,0.26569882883907,0.06292254756816615,0.2508436715728865
101,-1,train,30,0.06292254756816615,0.2508436715728865,0.06292254756816615,0.2508436715728865
102,0,train,16,0.06532937305213574,0.25559611313972624,0.06121184738881752,0.24741028149375183
102,1,train,14,0.05709432172549931,0.23894418119196648,0.06121184738881752,0.24741028149375183
102,-1,train,30,0.06121184738881752,0.24741028149375183,0.06121184738881752,0.24741028149375183
103,0,train,16,0.04557911196963588,0.2134926508562669,0.06165648013250926,0.24830722931986748
103,1,train,14,0.07773384829538264,0.27880790572611575,0.06165648013250926,0.24830722931986748
103,-1,train,30,0.06165648013250926,0.24830722931986748,0.06165648013250926,0.24830722931986748
104,0,train,16,0.050844727408979884,0.22548775445460423,0.06031810839804556,0.2455974519372006
104,1,train,14,0.06979148938711123,0.26418078920904003,0.06031810839804556,0.2455974519372006
104,-1,train,30,0.06031810839804556,0.2455974519372006,0.06031810839804556,0.2455974519372006
105,0,train,16,0.06408958352084557,0.2531592058781303,0.05842942240503232,0.2417217871955946
105,1,train,14,0.05276926128921908,0.22971560958981233,0.05842942240503232,0.2417217871955946
105,-1,train,30,0.05842942240503232,0.2417217871955946,0.05842942240503232,0.2417217871955946
106,0,train,16,0.044247273134445084,0.2103503580563748,0.05890255782711947,0.24269849160454102
106,1,train,14,0.07355784251979386,0.27121549092888086,0.05890255782711947,0.24269849160454102
106,-1,train,30,0.05890255782711947,0.24269849160454102,0.05890255782711947,0.24269849160454102
107,0,train,16,0.04523775317495379,0.212691685721266,0.057888017823244084,0.240599288908434
107,1,train,14,0.07053828247153437,0.26559044122771885,0.057888017823244084,0.240599288908434
107,-1,train,30,0.057888017823244084,0.240599288908434,0.057888017823244084,0.240599288908434
108,0,train,16,0.04541640035444417,0.21311123939024,0.05694068570808998,0.2386224752786082
108,1,train,14,0.0684649710617358,0.2616581186619972,0.05694068570808998,0.2386224752786082
108,-1,train,30,0.05694068570808998,0.2386224752786082,0.05694068570808998,0.2386224752786082
109,0,train,16,0.05137117257871208,0.22665209590628557,0.055610800861674,0.23581942426711588
109,1,train,14,0.05985042914463591,0.24464347353779115,0.055610800861674,0.23581942426711588
109,-1,train,30,0.055610800861674,0.23581942426711588,0.055610800861674,0.23581942426711588
110,0,train,16,0.059322133469569195,0.24356135463075662,0.05415467219830157,0.23271156438454357
110,1,train,14,0.04898721092703394,0.22133054675537658,0.05415467219830157,0.23271156438454357
110,-1,train,30,0.05415467219830157,0.23271156438454357,0.05415467219830157,0.23271156438454357
111,0,train,16,0.06249192940700221,0.24998385829289502,0.05306026233218281,0.23034813290361789
111,1,train,14,0.043628595257363414,0.20887459217761123,0.05306026233218281,0.23034813290361789
111,-1,train,30,0.05306026233218281,0.23034813290361789,0.05306026233218281,0.23034813290361789
112,0,train,16,0.05986487758995442,0.24467300135068934,0.05238910409319113,0.2288866621129137
112,1,train,14,0.044913330596427825,0.21192765415685566,0.05238910409319113,0.2288866621129137
112,-1,train,30,0.05238910409319113,0.2288866621129137,0.05238910409319113,0.2288866621129137
113,0,train,16,0.054976997772357775,0.23447174194848677,0.051907198846483496,0.22783151416448844
113,1,train,14,0.048837399920609224,0.2209918548739053,0.051907198846483496,0.22783151416448844
113,-1,train,30,0.051907198846483496,0.22783151416448844,0.051907198846483496,0.22783151416448844
114,0,train,16,0.05546980748241555,0.2355202910205733,0.051067523544428,0.22598124600158306
114,1,train,14,0.04666523960644045,0.2160213869190744,0.051067523544428,0.22598124600158306
114,-1,train,30,0.051067523544428,0.22598124600158306,0.051067523544428,0.22598124600158306
115,0,train,16,0.04386332567024535,0.2094357315986108,0.05109869664237347,0.22605020823342206
115,1,train,14,0.058334067614501606,0.24152446587147566,0.05109869664237347,0.22605020823342206
115,-1,train,30,0.05109869664237347,0.22605020823342206,0.05109869664237347,0.22605020823342206
116,0,train,16,0.043723488847544914,0.20910162325420842,0.05034625306266524,0.22437970733260448
116,1,train,14,0.05696901727778557,0.23868183273509858,0.05034625306266524,0.22437970733260448
116,-1,train,30,0.05034625306266524,0.22437970733260448,0.05034625306266524,0.22437970733260448
117,0,train,16,0.05402275829836427,0.23242796367555318,0.048861588439740214,0.22104657527258867
117,1,train,14,0.04370041858111617,0.20904645077378417,0.048861588439740214,0.22104657527258867
117,-1,train,30,0.048861588439740214,0.22104657527258867,0.048861588439740214,0.22104657527258867
118,0,train,16,0.05715570124561438,0.23907258572578827,0.047935919769735,0.21894273171250742
118,1,train,14,0.03871613829385562,0.1967641692327534,0.047935919769735,0.21894273171250742
118,-1,train,30,0.047935919769735,0.21894273171250742,0.047935919769735,0.21894273171250742
119,0,train,16,0.04097089570057165,0.2024126866097371,0.04842313311018088,0.22005256896973704
119,1,train,14,0.05587537051979011,0.2363797168112994,0.04842313311018088,0.22005256896973704
119,-1,train,30,0.04842313311018088,0.22005256896973704,0.04842313311018088,0.22005256896973704
120,0,train,16,0.05346620630362838,0.23122760713986637,0.04687970293826309,0.2165172116443935
120,1,train,14,0.04029319957289779,0.20073166061410888,0.04687970293826309,0.2165172116443935
120,-1,train,30,0.04687970293826309,0.2165172116443935,0.04687970293826309,0.2165172116443935
121,0,train,16,0.0611343965537125,0.24725370887756667,0.04571063706195014,0.21380046085532683
121,1,train,14,0.03028687757018778,0.17403125457856064,0.04571063706195014,0.21380046085532683
121,-1,train,30,0.04571063706195014,0.21380046085532683,0.04571063706195014,0.21380046085532683
122,0,train,16,0.04160333824811616,0.20396896393352631,0.04651005916668906,0.21566190940147278
122,1,train,14,0.05141678008526195,0.2267526848468656,0.04651005916668906,0.21566190940147278
122,-1,train,30,0.04651005916668906,0.21566190940147278,0.04651005916668906,0.21566190940147278
123,0,train,16,0.04996667385786284,0.2235322658093521,0.045327412416044294,0.21290235418154563
123,1,train,14,0.04068815097422575,0.20171304116052027,0.045327412416044294,0.21290235418154563
123,-1,train,30,0.045327412416044294,0.21290235418154563,0.045327412416044294,0.21290235418154563
124,0,train,16,0.04841086350581174,0.22002468840066958,0.04488546972410041,0.21186191192401813
124,1,train,14,0.04136007594238908,0.20337176781055202,0.04488546972410041,0.21186191192401813
124,-1,train,30,0.04488546972410041,0.21186191192401813,0.04488546972410041,0.21186191192401813
125,0,train,16,0.04363295729819012,0.20888503368645184,0.044683163196169245,0.21138392369375975
125,1,train,14,0.04573336909414837,0.21385361604178774,0.044683163196169245,0.21138392369375975
125,-1,train,30,0.044683163196169245,0.21138392369375975,0.044683163196169245,0.21138392369375975
126,0,train,16,0.05340395251347311,0.2310929521068808,0.043485735478647904,0.20853233676973915
126,1,train,14,0.0335675184438227,0.18321440566675617,0.043485735478647904,0.20853233676973915
126,-1,train,30,0.043485735478647904,0.20853233676973915,0.043485735478647904,0.20853233676973915
127,0,train,16,0.041599141774671625,0.20395867663492923,0.04381345988797607,0.20931664981070203
127,1,train,14,0.046027778001280516,0.21454085392129985,0.04381345988797607,0.20931664981070203
127,-1,train,30,0.04381345988797607,0.20931664981070203,0.04381345988797607,0.20931664981070203
128,0,train,16,0.03702455028957412,0.1924176454735223,0.04365997475154415,0.20894969430832902
128,1,train,14,0.05029539921351418,0.22426635773899345,0.04365997475154415,0.20894969430832902
128,-1,train,30,0.04365997475154415,0.20894969430832902,0.04365997475154415,0.20894969430832902
129,0,train,16,0.03553265146026718,0.18850106487833743,0.04330487085197619,0.20809822404810713
129,1,train,14,0.051077090243685216,0.22600241203067992,0.04330487085197619,0.20809822404810713
129,-1,train,30,0.04330487085197619,0.20809822404810713,0.04330487085197619,0.20809822404810713
130,0,train,16,0.04632576648915182,0.21523421310087257,0.04206824162311401,0.20510544025723454
130,1,train,14,0.0378107167570762,0.19444977952437026,0.04206824162311401,0.20510544025723454
130,-1,train,30,0.04206824162311401,0.20510544025723454,0.04206824162311401,0.20510544025723454
131,0,train,16,0.044493819301282024,0.2109355809276425,0.041759208767874506,0.20435070043401982
131,1,train,14,0.03902459823446699,0.19754644576520983,0.041759208767874506,0.20435070043401982
131,-1,train,30,0.041759208767874506,0.20435070043401982,0.041759208767874506,0.20435070043401982
132,0,train,16,0.03969544611793722,0.19923716048452714,0.041685994429725995,0.2041714829003453
132,1,train,14,0.04367654274151478,0.20898933643015086,0.041685994429725995,0.2041714829003453
132,-1,train,30,0.041685994429725995,0.2041714829003453,0.041685994429725995,0.2041714829003453
133,0,train,16,0.05517567526732664,0.2348950303163663,0.040149874773288415,0.20037433661347057
133,1,train,14,0.025124074279250192,0.15850575471966372,0.040149874773288415,0.20037433661347057
133,-1,train,30,0.040149874773288415,0.20037433661347057,0.040149874773288415,0.20037433661347057
134,0,train,16,0.03955871723472372,0.19889373352301404,0.04086406948749162,0.20214863216824303
134,1,train,14,0.04216942174025951,0.20535194603475154,0.04086406948749162,0.20214863216824303
134,-1,train,30,0.04086406948749162,0.20214863216824303,0.04086406948749162,0.20214863216824303
135,0,train,16,0.043069118253451756,0.20753100552315493,0.04021470175327013,0.20053603604656728
135,1,train,14,0.03736028525308851,0.19328808875119158,0.04021470175327013,0.20053603604656728
135,-1,train,30,0.04021470175327013,0.20053603604656728,0.04021470175327013,0.20053603604656728
136,0,train,16,0.03163759982728961,0.17786961468246792,0.040658614157526606,0.2016398129277217
136,1,train,14,0.049679628487763604,0.22288927405275383,0.040658614157526606,0.2016398129277217
136,-1,train,30,0.040658614157526606,0.2016398129277217,0.040658614157526606,0.2016398129277217
137,0,train,16,0.04160625881043451,0.20397612313806365,0.03956166578443621,0.19890114575948578
137,1,train,14,0.037517072758437915,0.19369324396694354,0.03956166578443621,0.19890114575948578
137,-1,train,30,0.03956166578443621,0.19890114575948578,0.03956166578443621,0.19890114575948578
138,0,train,16,0.029805442251829472,0.1726425273558907,0.0400559810522281,0.2001399036979585
138,1,train,14,0.050306519852626734,0.22429114974208575,0.0400559810522281,0.2001399036979585
138,-1,train,30,0.0400559810522281,0.2001399036979585,0.0400559810522281,0.2001399036979585
139,0,train,16,0.02823958859456327,0.16804638822230983,0.03980404881295938,0.19950952060731184
139,1,train,14,0.051368509031355494,0.22664621998029327,0.03980404881295938,0.19950952060731184
139,-1,train,30,0.03980404881295938,0.19950952060731184,0.03980404881295938,0.19950952060731184
140,0,train,16,0.02864440841351505,0.16924659055211436,0.03943253542968432,0.1985762710640028
140,1,train,14,0.050220662445853596,0.2240996707847952,0.03943253542968432,0.1985762710640028
140,-1,train,30,0.03943253542968432,0.1985762710640028,0.03943253542968432,0.1985762710640028
141,0,train,16,0.03833278129536231,0.1957875922916524,0.03838558756742226,0.19592240190295304
141,1,train,14,0.038438393839482214,0.19605711881868051,0.03838558756742226,0.19592240190295304
141,-1,train,30,0.03838558756742226,0.19592240190295304,0.03838558756742226,0.19592240190295304
142,0,train,16,0.03211647892653893,0.1792107109704633,0.038510601449320454,0.19624118183837064
142,1,train,14,0.044904723972101976,0.2119073476123515,0.038510601449320454,0.19624118183837064
142,-1,train,30,0.038510601449320454,0.19624118183837064,0.038510601449320454,0.19624118183837064
143,0,train,16,0.03438595084215841,0.18543449205085447,0.03803541540907006,0.19502670434858416
143,1,train,14,0.04168487997598171,0.20416875367200954,0.03803541540907006,0.19502670434858416
143,-1,train,30,0.03803541540907006,0.19502670434858416,0.03803541540907006,0.19502670434858416
144,0,train,16,0.03330674179266308,0.1825013473721854,0.03779198947006849,0.19440161900063613
144,1,train,14,0.042277237147473896,0.2056142921770612,0.03779198947006849,0.19440161900063613
144,-1,train,30,0.03779198947006849,0.19440161900063613,0.03779198947006849,0.19440161900063613
145,0,train,16,0.0372901228102962,0.19310650639037566,0.037201591742089424,0.19287714157486216
145,1,train,14,0.037113060673882654,0.19264750367934347,0.037201591742089424,0.19287714157486216
145,-1,train,30,0.037201591742089424,0.19287714157486216,0.037201591742089424,0.19287714157486216
146,0,train,16,0.042749703645288725,0.20676001461909585,0.03651629081976388,0.19109236201314767
146,1,train,14,0.03028287799423904,0.1740197632288903,0.03651629081976388,0.19109236201314767
146,-1,train,30,0.03651629081976388,0.19109236201314767,0.03651629081976388,0.19109236201314767
147,0,train,16,0.03934497679428483,0.19835568253590524,0.03647204861450245,0.1909765656160526
147,1,train,14,0.03359912043472007,0.18330062857153565,0.03647204861450245,0.1909765656160526
147,-1,train,30,0.03647204861450245,0.1909765656160526,0.03647204861450245,0.1909765656160526
148,0,train,16,0.030974454443809373,0.1759956091605963,0.03679244694462462,0.1918135734108111
148,1,train,14,0.04261043944543987,0.20642296249555153,0.03679244694462462,0.1918135734108111
148,-1,train,30,0.03679244694462462,0.1918135734108111,0.03679244694462462,0.1918135734108111
149,0,train,16,0.05261858284233878,0.22938740776759908,0.0349683272912661,0.1869982013048952
149,1,train,14,0.017318071740193425,0.13159814489647423,0.0349683272912661,0.1869982013048952
149,-1,train,30,0.0349683272912661,0.1869982013048952,0.0349683272912661,0.1869982013048952
150,0,train,16,0.03438012557149101,0.18541878430054223,0.03602459083093171,0.18980145107699178
150,1,train,14,0.03766905609037241,0.1940851774102608,0.03602459083093171,0.18980145107699178
150,-1,train,30,0.03602459083093171,0.18980145107699178,0.03602459083093171,0.18980145107699178
151,0,train,16,0.02448343146116914,0.1564718232180131,0.03647587740088252,0.19098658958388287
151,1,train,14,0.0484683233405959,0.22015522555823175,0.03647587740088252,0.19098658958388287
151,-1,train,30,0.03647587740088252,0.19098658958388287,0.03647587740088252,0.19098658958388287
152,0,train,16,0.037744508703119656,0.19427946032228846,0.03527357005636794,0.18781259291210464
152,1,train,14,0.03280263140961623,0.18111496738153982,0.03527357005636794,0.18781259291210464
152,-1,train,30,0.03527357005636794,0.18781259291210464,0.03527357005636794,0.18781259291210464
153,0,train,16,0.03491031808246321,0.18684303059644267,0.03523766609881332,0.18771698404463386
153,1,train,14,0.03556501411516342,0.18858688744227,0.03523766609881332,0.18771698404463386
153,-1,train,30,0.03523766609881332,0.18771698404463386,0.03523766609881332,0.18771698404463386
154,0,train,16,0.033299592116810404,0.18248175831246916,0.03511736204735578,0.18739627009990295
154,1,train,14,0.03693513197790115,0.19218515025334593,0.03511736204735578,0.18739627009990295
154,-1,train,30,0.03511736204735578,0.18739627009990295,0.03511736204735578,0.18739627009990295
155,0,train,16,0.049225221489016355,0.22186757647077762,0.033739038474775954,0.1836818947930796
155,1,train,14,0.01825285546053555,0.13510312898129173,0.033739038474775954,0.1836818947930796
155,-1,train,30,0.033739038474775954,0.1836818947930796,0.033739038474775954,0.1836818947930796
156,0,train,16,0.030457970162213188,0.1745221194067193,0.034865536394551824,0.18672315441463552
156,1,train,14,0.03927310262689047,0.19817442475478633,0.034865536394551824,0.18672315441463552
156,-1,train,30,0.034865536394551824,0.18672315441463552,0.034865536394551824,0.18672315441463552
157,0,train,16,0.05245388268206632,0.22902812639950212,0.033067570997420165,0.1818449091875276
157,1,train,14,0.013681259312774014,0.11696691546233924,0.033067570997420165,0.1818449091875276
157,-1,train,30,0.033067570997420165,0.1818449091875276,0.033067570997420165,0.1818449091875276
158,0,train,16,0.04412425477410072,0.21005774152385034,0.03345190915778268,0.18289863082533636
158,1,train,14,0.02277956354146464,0.15092900165794723,0.03345190915778268,0.18289863082533636
158,-1,train,30,0.03345190915778268,0.18289863082533636,0.03345190915778268,0.18289863082533636
159,0,train,16,0.04566602351438189,0.21369610084038007,0.03313528309510304,0.18203099487478236
159,1,train,14,0.020604542675824192,0.14354282523283493,0.03313528309510304,0.18203099487478236
159,-1,train,30,0.03313528309510304,0.18203099487478236,0.03313528309510304,0.18203099487478236
160,0,train,16,0.0358893519796446,0.1894448520800832,0.03363845714201753,0.18340789825418516
160,1,train,14,0.03138756230439047,0.17716535300218966,0.03363845714201753,0.18340789825418516
160,-1,train,30,0.03363845714201753,0.18340789825418516,0.03363845714201753,0.18340789825418516
161,0,train,16,0.021294068403554568,0.14592487246372554,0.0344897964510886,0.18571428714853525
161,1,train,14,0.04768552449862263,0.21837015477995758,0.0344897964510886,0.18571428714853525
161,-1,train,30,0.0344897964510886,0.18571428714853525,0.0344897964510886,0.18571428714853525
162,0,train,16,0.04687699851775075,0.21651096627596197,0.032461670680382575,0.18017122600565988
162,1,train,14,0.018046342843014405,0.1343366772069877,0.032461670680382575,0.18017122600565988
162,-1,train,30,0.032461670680382575,0.18017122600565988,0.032461670680382575,0.18017122600565988
163,0,train,16,0.03851425294976235,0.1962504852217246,0.032878192817510046,0.18132344806315054
163,1,train,14,0.027242132685257745,0.16505190906274833,0.032878192817510046,0.18132344806315054
163,-1,train,30,0.032878192817510046,0.18132344806315054,0.032878192817510046,0.18132344806315054
164,0,train,16,0.023366372878486544,0.1528606322062242,0.03378418352509886,0.18380474293417692
164,1,train,14,0.04420199417171118,0.21024270301656411,0.03378418352509886,0.18380474293417692
164,-1,train,30,0.03378418352509886,0.18380474293417692,0.03378418352509886,0.18380474293417692
165,0,train,16,0.026118496516632,0.16161217935734917,0.03341862355881589,0.18280761351436076
165,1,train,14,0.04071875060099979,0.20178887630640047,0.03341862355881589,0.18280761351436076
165,-1,train,30,0.03341862355881589,0.18280761351436076,0.03341862355881589,0.18280761351436076
166,0,train,16,0.02969872307234044,0.1723331746134227,0.032981635848043124,0.18160846854715537
166,1,train,14,0.036264548623745806,0.19043253037164057,0.032981635848043124,0.18160846854715537
166,-1,train,30,0.032981635848043124,0.18160846854715537,0.032981635848043124,0.18160846854715537
167,0,train,16,0.03279851681707317,0.1811036079626057,0.03259393200668811,0.18053789631733308
167,1,train,14,0.03238934719630304,0.17997040644590165,0.03259393200668811,0.18053789631733308
167,-1,train,30,0.03259393200668811,0.18053789631733308,0.03259393200668811,0.18053789631733308
168,0,train,16,0.025114633307522272,0.15847597075746933,0.03298581309920088,0.18161996888888865
168,1,train,14,0.04085699289087948,0.20213112796123087,0.03298581309920088,0.18161996888888865
168,-1,train,30,0.03298581309920088,0.18161996888888865,0.03298581309920088,0.18161996888888865
169,0,train,16,0.02859525874752592,0.1691013268650661,0.032582229828752376,0.1805054842068583
169,1,train,14,0.03656920090997884,0.19123075304453213,0.032582229828752376,0.1805054842068583
169,-1,train,30,0.032582229828752376,0.1805054842068583,0.032582229828752376,0.1805054842068583
170,0,train,16,0.03825181134263887,0.19558070288921367,0.031733849357264705,0.178139971250881
170,1,train,14,0.025215887371890535,0.15879511129720125,0.031733849357264705,0.178139971250881
170,-1,train,30,0.031733849357264705,0.178139971250881,0.031733849357264705,0.178139971250881
171,0,train,16,0.023013203112423043,0.15170103200843113,0.03268865971343235,0.18080005451722725
171,1,train,14,0.042364116314441654,0.2058254510852379,0.03268865971343235,0.18080005451722725
171,-1,train,30,0.03268865971343235,0.18080005451722725,0.03268865971343235,0.18080005451722725
172,0,train,16,0.012666128894338182,0.1125438976326046,0.03329056581579728,0.18245702457235588
172,1,train,14,0.05391500273725638,0.23219604375883834,0.03329056581579728,0.18245702457235588
172,-1,train,30,0.03329056581579728,0.18245702457235588,0.03329056581579728,0.18245702457235588
173,0,train,16,0.03524651449129375,0.1877405510040219,0.03153161642002514,0.17757144032761896
173,1,train,14,0.027816718348756524,0.1667834474663374,0.03153161642002514,0.17757144032761896
173,-1,train,30,0.03153161642002514,0.17757144032761896,0.03153161642002514,0.17757144032761896
174,0,train,16,0.03659911857179631,0.1913089610337067,0.03129830947926911,0.17691328237096587
174,1,train,14,0.025997500386741906,0.16123740380799334,0.03129830947926911,0.17691328237096587
174,-1,train,30,0.03129830947926911,0.17691328237096587,0.03129830947926911,0.17691328237096587
175,0,train,16,0.029455537028716332,0.17162615485035004,0.0316842918966581,0.1780008199325444
175,1,train,14,0.033913046764599865,0.18415495313621044,0.0316842918966581,0.1780008199325444
175,-1,train,30,0.0316842918966581,0.1780008199325444,0.0316842918966581,0.1780008199325444
176,0,train,16,0.039721470003579805,0.199302458598934,0.030830233468725585,0.17558540220851387
176,1,train,14,0.021938996933871368,0.1481181856959886,0.030830233468725585,0.17558540220851387
176,-1,train,30,0.030830233468725585,0.17558540220851387,0.030830233468725585,0.17558540220851387
177,0,train,16,0.04764012337814151,0.21826617552461378,0.03014067201510459,0.1736106909585484
177,1,train,14,0.012641220652067674,0.11243318305583844,0.03014067201510459,0.1736106909585484
177,-1,train,30,0.03014067201510459,0.1736106909585484,0.03014067201510459,0.1736106909585484
178,0,train,16,0.0405467122955787,0.2013621421607813,0.030530581537483198,0.17473002471665594
178,1,train,14,0.0205144507793877,0.14322866605323006,0.030530581537483198,0.17473002471665594
178,-1,train,30,0.030530581537483198,0.17473002471665594,0.030530581537483198,0.17473002471665594
179,0,train,16,0.02451725508976953,0.1565798680858096,0.03156819716206464,0.1776744133578739
179,1,train,14,0.038619139234359744,0.196517529076568,0.03156819716206464,0.1776744133578739
179,-1,train,30,0.03156819716206464,0.1776744133578739,0.03156819716206464,0.1776744133578739
180,0,train,16,0.02586750149624321,0.16083376976320368,0.031361997914985215,0.17709318991701858
180,1,train,14,0.03685649433372722,0.19198045299906766,0.031361997914985215,0.17709318991701858
180,-1,train,30,0.031361997914985215,0.17709318991701858,0.031361997914985215,0.17709318991701858
181,0,train,16,0.036313414321313256,0.19056078904463336,0.030498994248846844,0.1746396124848164
181,1,train,14,0.024684574176380432,0.15711325270765808,0.030498994248846844,0.1746396124848164
181,-1,train,30,0.030498994248846844,0.1746396124848164,0.030498994248846844,0.1746396124848164
182,0,train,16,0.02321165311939727,0.15235371055342653,0.03133971124886881,0.17703025517935855
182,1,train,14,0.039467769378340345,0.198664967667529,0.03133971124886881,0.17703025517935855
182,-1,train,30,0.03133971124886881,0.17703025517935855,0.03133971124886881,0.17703025517935855
183,0,train,16,0.03237572089705679,0.1799325454081523,0.03058798017099055,0.17489419707637685
183,1,train,14,0.028800239444924314,0.16970633295467885,0.03058798017099055,0.17489419707637685
183,-1,train,30,0.03058798017099055,0.17489419707637685,0.03058798017099055,0.17489419707637685
184,0,train,16,0.039775132117910714,0.19943703797918458,0.029952114551768293,0.17306679216929022
184,1,train,14,0.020129096985625875,0.141877048833227,0.029952114551768293,0.17306679216929022
184,-1,train,30,0.029952114551768293,0.17306679216929022,0.029952114551768293,0.17306679216929022
185,0,train,16,0.029604709359841906,0.17206019109556372,0.030585039596906033,0.17488579015147582
185,1,train,14,0.03156536983397016,0.1776664566933504,0.030585039596906033,0.17488579015147582
185,-1,train,30,0.030585039596906033,0.17488579015147582,0.030585039596906033,0.17488579015147582
186,0,train,16,0.030187960952793476,0.17374683005106445,0.030455411746739755,0.17451478947854177
186,1,train,14,0.030722862540686034,0.17527938424323047,0.030455411746739755,0.17451478947854177
186,-1,train,30,0.030455411746739755,0.17451478947854177,0.030455411746739755,0.17451478947854177
187,0,train,16,0.024452693486962253,0.15637357029550183,0.03077490474063591,0.1754277764227658
187,1,train,14,0.037097115994309565,0.19260611619133378,0.03077490474063591,0.1754277764227658
187,-1,train,30,0.03077490474063591,0.1754277764227658,0.03077490474063591,0.1754277764227658
188,0,train,16,0.03613296661630281,0.19008673445641283,0.02985022821673343,0.17277218588862453
188,1,train,14,0.02356748981716405,0.15351706685956468,0.02985022821673343,0.17277218588862453
188,-1,train,30,0.02985022821673343,0.17277218588862453,0.02985022821673343,0.17277218588862453
189,0,train,16,0.025884030332360336,0.16088514640065543,0.030500295619881733,0.17464333832093834
189,1,train,14,0.03511656090740313,0.18739413253195292,0.030500295619881733,0.17464333832093834
189,-1,train,30,0.030500295619881733,0.17464333832093834,0.030500295619881733,0.17464333832093834
190,0,train,16,0.03253199619247201,0.1803662834137024,0.029941988599607675,0.17303753523327728
190,1,train,14,0.02735198100674334,0.16538434329386606,0.029941988599607675,0.17303753523327728
190,-1,train,30,0.029941988599607675,0.17303753523327728,0.029941988599607675,0.17303753523327728
191,0,train,16,0.022634613782881133,0.15044804346644436,0.03057524276749781,0.1748577786874173
191,1,train,14,0.03851587175211449,0.1962546095053935,0.03057524276749781,0.1748577786874173
191,-1,train,30,0.03057524276749781,0.1748577786874173,0.03057524276749781,0.1748577786874173
192,0,train,16,0.03771315825615826,0.19419875966688938,0.029413157949116045,0.17150264706154258
192,1,train,14,0.02111315764207383,0.1453036738767256,0.029413157949116045,0.17150264706154258
192,-1,train,30,0.029413157949116045,0.17150264706154258,0.029413157949116045,0.17150264706154258
193,0,train,16,0.042267710348357065,0.20559112419644254,0.0290143959075849,0.17033612625507516
193,1,train,14,0.015761081466812737,0.12554314583764714,0.0290143959075849,0.17033612625507516
193,-1,train,30,0.0290143959075849,0.17033612625507516,0.0290143959075849,0.17033612625507516
194,0,train,16,0.029723654782373498,0.1724054952209282,0.029838752126544167,0.1727389710706422
194,1,train,14,0.029953849470714833,0.17307180437816794,0.029838752126544167,0.1727389710706422
194,-1,train,30,0.029838752126544167,0.1727389710706422,0.029838752126544167,0.1727389710706422
195,0,train,16,0.01741888143155855,0.13198061005904826,0.030658646814162614,0.17509610736439177
195,1,train,14,0.04389841219676668,0.2095194792776239,0.030658646814162614,0.17509610736439177
195,-1,train,30,0.030658646814162614,0.17509610736439177,0.030658646814162614,0.17509610736439177
196,0,train,16,0.040269317250056544,0.20067216361532694,0.02894356770271313,0.1701280920445331
196,1,train,14,0.017617818155369717,0.13273212932583323,0.02894356770271313,0.1701280920445331
196,-1,train,30,0.02894356770271313,0.1701280920445331,0.02894356770271313,0.1701280920445331
197,0,train,16,0.025575212413404835,0.15992252003206064,0.02993083929910538,0.17300531581169806
197,1,train,14,0.03428646618480593,0.18516605030298056,0.02993083929910538,0.17300531581169806
197,-1,train,30,0.02993083929910538,0.17300531581169806,0.02993083929910538,0.17300531581169806
198,0,train,16,0.039168709705798,0.19791086303131014,0.028890676753410595,0.16997257647459074
198,1,train,14,0.018612643801023187,0.13642816351847292,0.028890676753410595,0.16997257647459074
198,-1,train,30,0.028890676753410595,0.16997257647459074,0.028890676753410595,0.16997257647459074
199,0,train,16,0.042204696423786325,0.20543781644036796,0.02861162905334659,0.1691497237755551
199,1,train,14,0.015018561682906854,0.12255024146409037,0.02861162905334659,0.1691497237755551
199,-1,train,30,0.02861162905334659,0.1691497237755551,0.02861162905334659,0.1691497237755551
200,0,train,16,0.031044399085694407,0.17619420843403,0.029349336932112363,0.1713164817876913
200,1,train,14,0.027654274778530316,0.16629574492009805,0.029349336932112363,0.1713164817876913
200,-1,train,30,0.029349336932112363,0.1713164817876913,0.029349336932112363,0.1713164817876913
201,0,train,16,0.02080995302465343,0.14425655279623673,0.030027639411524195,0.17328485049629755
201,1,train,14,0.03924532579839496,0.19810433058970459,0.030027639411524195,0.17328485049629755
201,-1,train,30,0.030027639411524195,0.17328485049629755,0.030027639411524195,0.17328485049629755
202,0,train,16,0.025232005278651916,0.15884585382896185,0.029651503800343277,0.17219612016634775
202,1,train,14,0.03407100232203464,0.18458332081213252,0.029651503800343277,0.17219612016634775
202,-1,train,30,0.029651503800343277,0.17219612016634775,0.029651503800343277,0.17219612016634775
203,0,train,16,0.015249931932176584,0.12349061475341591,0.030302252354173956,0.174075421453386
203,1,train,14,0.04535457277617133,0.21296613058458694,0.030302252354173956,0.174075421453386
203,-1,train,30,0.030302252354173956,0.174075421453386,0.030302252354173956,0.174075421453386
204,0,train,16,0.0473812496899975,0.2176723447983172,0.027946149957296454,0.16717102008810156
204,1,train,14,0.00851105022459541,0.09225535336551158,0.027946149957296454,0.16717102008810156
204,-1,train,30,0.027946149957296454,0.16717102008810156,0.027946149957296454,0.16717102008810156
205,0,train,16,0.024537343267669365,0.15664400169706263,0.029525275534820344,0.1718292045457359
205,1,train,14,0.03451320780197133,0.1857773070156076,0.029525275534820344,0.1718292045457359
205,-1,train,30,0.029525275534820344,0.1718292045457359,0.029525275534820344,0.1718292045457359
206,0,train,16,0.02855255729456585,0.16897501973536164,0.029189931635786752,0.17085061204393373
206,1,train,14,0.02982730597700765,0.17270583654586677,0.029189931635786752,0.17085061204393373
206,-1,train,30,0.029189931635786752,0.17085061204393373,0.029189931635786752,0.17085061204393373
207,0,train,16,0.028205206061723193,0.16794405634532944,0.029161034206394536,0.17076602181462955
207,1,train,14,0.030116862351065882,0.17354210541268042,0.029161034206394536,0.17076602181462955
207,-1,train,30,0.029161034206394536,0.17076602181462955,0.029161034206394536,0.17076602181462955
208,0,train,16,0.03686784645614129,0.1920100165515885,0.02848997231484785,0.168789728108223
208,1,train,14,0.02011209817355442,0.14181712933758892,0.02848997231484785,0.168789728108223
208,-1,train,30,0.02848997231484785,0.168789728108223,0.02848997231484785,0.168789728108223
209,0,train,16,0.04466887894450711,0.21135013353321333,0.027883164174715667,0.16698252655507304
209,1,train,14,0.01109744940492423,0.10534443224453882,0.027883164174715667,0.16698252655507304
209,-1,train,30,0.027883164174715667,0.16698252655507304,0.027883164174715667,0.16698252655507304
210,0,train,16,0.029002624291660027,0.17030156867057927,0.02895277624189278,0.1701551534391268
210,1,train,14,0.028902928192125532,0.17000861211163842,0.02895277624189278,0.1701551534391268
210,-1,train,30,0.02895277624189278,0.1701551534391268,0.02895277624189278,0.1701551534391268
211,0,train,16,0.01675687041221073,0.12944833105224157,0.029780921109656713,0.1725714956464616
211,1,train,14,0.042804971807102694,0.20689362437519115,0.029780921109656713,0.1725714956464616
211,-1,train,30,0.029780921109656713,0.1725714956464616,0.029780921109656713,0.1725714956464616
212,0,train,16,0.018547336992593307,0.13618860816012957,0.029609439732823144,0.1720739368202609
212,1,train,14,0.04067154247305298,0.20167186832340542,0.029609439732823144,0.1720739368202609
212,-1,train,30,0.029609439732823144,0.1720739368202609,0.029609439732823144,0.1720739368202609
213,0,train,16,0.028587449273979305,0.1690782341816335,0.028841742143081127,0.16982856692288587
213,1,train,14,0.02909603501218295,0.1705755991113118,0.028841742143081127,0.16982856692288587
213,-1,train,30,0.028841742143081127,0.16982856692288587,0.028841742143081127,0.16982856692288587
214,0,train,16,0.025771176600209222,0.16053403564418736,0.029001093640804484,0.1702970746689575
214,1,train,14,0.03223101068139975,0.17952997154068662,0.029001093640804484,0.1702970746689575
214,-1,train,30,0.029001093640804484,0.1702970746689575,0.029001093640804484,0.1702970746689575
215,0,train,16,0.0308725986291692,0.17570600054969437,0.028588611114950598,0.16908166995552948
215,1,train,14,0.02630462360073199,0.162187001947542,0.028588611114950598,0.16908166995552948
215,-1,train,30,0.028588611114950598,0.16908166995552948,0.028588611114950598,0.16908166995552948
216,0,train,16,0.02606820421943821,0.16145650875526268,0.02889002256447453,0.16997065206815715
216,1,train,14,0.031711840909510854,0.17807818762979044,0.02889002256447453,0.16997065206815715
216,-1,train,30,0.02889002256447453,0.16997065206815715,0.02889002256447453,0.16997065206815715
217,0,train,16,0.036934910379847544,0.19218457373017103,0.02807072015522343,0.16754318892519454
217,1,train,14,0.019206529930599323,0.13858762545984876,0.02807072015522343,0.16754318892519454
217,-1,train,30,0.02807072015522343,0.16754318892519454,0.02807072015522343,0.16754318892519454
218,0,train,16,0.04650658169783639,0.21565384693493503,0.027352716394118976,0.16538656654673914
218,1,train,14,0.008198851090401561,0.09054750736713607,0.027352716394118976,0.16538656654673914
218,-1,train,30,0.027352716394118976,0.16538656654673914,0.027352716394118976,0.16538656654673914
219,0,train,16,0.03434830189966937,0.18533294876969225,0.028171860662114835,0.16784475166687468
219,1,train,14,0.021995419424560302,0.14830852782143145,0.028171860662114835,0.16784475166687468
219,-1,train,30,0.028171860662114835,0.16784475166687468,0.028171860662114835,0.16784475166687468
220,0,train,16,0.04364374152996026,0.20891084588876727,0.02747103655147171,0.16574388842871918
220,1,train,14,0.011298331572983157,0.10629361021709234,0.02747103655147171,0.16574388842871918
220,-1,train,30,0.02747103655147171,0.16574388842871918,0.02747103655147171,0.16574388842871918
221,0,train,16,0.025920559525630132,0.16099863206136297,0.02869800017558123,0.16940484106300277
221,1,train,14,0.03147544082553233,0.1774131923661043,0.02869800017558123,0.16940484106300277
221,-1,train,30,0.02869800017558123,0.16940484106300277,0.02869800017558123,0.16940484106300277
222,0,train,16,0.02400671310943764,0.15494099880095533,0.02879400188687123,0.16968795445426063
222,1,train,14,0.03358129066430482,0.18325198679497262,0.02879400188687123,0.16968795445426063
222,-1,train,30,0.02879400188687123,0.16968795445426063,0.02879400188687123,0.16968795445426063
223,0,train,16,0.047060093836045966,0.21693338571101953,0.0271109972251767,0.16465417463634713
223,1,train,14,0.0071619006143074405,0.0846280131771238,0.0271109972251767,0.16465417463634713
223,-1,train,30,0.0271109972251767,0.16465417463634713,0.0271109972251767,0.16465417463634713
224,0,train,16,0.023636490568489862,0.15374163576757555,0.028745902019991547,0.1695461648637077
224,1,train,14,0.03385531347149323,0.183998134423948,0.028745902019991547,0.1695461648637077
224,-1,train,30,0.028745902019991547,0.1695461648637077,0.028745902019991547,0.1695461648637077
225,0,train,16,0.010912335938350642,0.10446212681326493,0.029618226969565377,0.17209946824312206
225,1,train,14,0.04832411800078011,0.21982747326205637,0.029618226969565377,0.17209946824312206
225,-1,train,30,0.029618226969565377,0.17209946824312206,0.029618226969565377,0.17209946824312206
226,0,train,16,0.024983416027330257,0.158061431182089,0.02857395977283644,0.16903833817461777
226,1,train,14,0.03216450351834262,0.1793446500967972,0.02857395977283644,0.16903833817461777
226,-1,train,30,0.02857395977283644,0.16903833817461777,0.02857395977283644,0.16903833817461777
227,0,train,16,0.032971939786438025,0.18158177162490188,0.027965453393537544,0.16722874571537497
227,1,train,14,0.022958967000637064,0.1515221666972759,0.027965453393537544,0.16722874571537497
227,-1,train,30,0.027965453393537544,0.16722874571537497,0.027965453393537544,0.16722874571537497
228,0,train,16,0.03520534846279544,0.18763088355277613,0.02776934911219149,0.16664137875147184
228,1,train,14,0.02033334976158754,0.14259505517929974,0.02776934911219149,0.16664137875147184
228,-1,train,30,0.02776934911219149,0.16664137875147184,0.02776934911219149,0.16664137875147184
229,0,train,16,0.020457445662876647,0.143029527241324,0.028787613014559957,0.1696691280538683
229,1,train,14,0.03711778036624327,0.1926597528448619,0.028787613014559957,0.1696691280538683
229,-1,train,30,0.028787613014559957,0.1696691280538683,0.028787613014559957,0.1696691280538683
230,0,train,16,0.027425190861649656,0.16560552787165547,0.028255611735889613,0.16809405621820664
230,1,train,14,0.02908603261012957,0.170546277033917,0.028255611735889613,0.16809405621820664
230,-1,train,30,0.028255611735889613,0.16809405621820664,0.028255611735889613,0.16809405621820664
231,0,train,16,0.02625048343301082,0.16202000935998867,0.028301634180955118,0.16823089544122125
231,1,train,14,0.03035278492889942,0.17422050662565364,0.028301634180955118,0.16823089544122125
231,-1,train,30,0.028301634180955118,0.16823089544122125,0.028301634180955118,0.16823089544122125
232,0,train,16,0.04664393026977245,0.21597205900248403,0.026815463719126725,0.16375427847579044
232,1,train,14,0.006986997168481001,0.083588259752677,0.026815463719126725,0.16375427847579044
232,-1,train,30,0.026815463719126725,0.16375427847579044,0.026815463719126725,0.16375427847579044
233,0,train,16,0.022911242366495315,0.1513646007707724,0.02847581348756035,0.16874778068928892
233,1,train,14,0.034040384608625386,0.1845003647926621,0.02847581348756035,0.16874778068928892
233,-1,train,30,0.02847581348756035,0.16874778068928892,0.02847581348756035,0.16874778068928892
234,0,train,16,0.00978876474885115,0.09893818650476241,0.029384000568586602,0.17141762035621252
234,1,train,14,0.04897923638832205,0.22131253102416512,0.029384000568586602,0.17141762035621252
234,-1,train,30,0.029384000568586602,0.17141762035621252,0.029384000568586602,0.17141762035621252
235,0,train,16,0.034950057403784464,0.18694934448610528,0.027546574898321192,0.16597160871161426
235,1,train,14,0.020143092392857918,0.1419263625717855,0.027546574898321192,0.16597160871161426
235,-1,train,30,0.027546574898321192,0.16597160871161426,0.027546574898321192,0.16597160871161426
236,0,train,16,0.027930166743303775,0.167123208272531,0.02801415261008689,0.16737428897559772
236,1,train,14,0.028098138476870003,0.16762499359245328,0.02801415261008689,0.16737428897559772
236,-1,train,30,0.02801415261008689,0.16737428897559772,0.02801415261008689,0.16737428897559772
237,0,train,16,0.028300350468947598,0.1682270800702063,0.02795451424876162,0.1671960353858955
237,1,train,14,0.02760867802857564,0.16615859300251565,0.02795451424876162,0.1671960353858955
237,-1,train,30,0.02795451424876162,0.1671960353858955,0.02795451424876162,0.1671960353858955
238,0,train,16,0.024970691288118425,0.1580211735436692,0.028164134499773084,0.16782173428901598
238,1,train,14,0.03135757771142775,0.17708070959714314,0.028164134499773084,0.16782173428901598
238,-1,train,30,0.028164134499773084,0.16782173428901598,0.028164134499773084,0.16782173428901598
239,0,train,16,0.03812574054082749,0.19525813821919816,0.02718900532445969,0.16489088914933928
239,1,train,14,0.01625227010809189,0.12748439162537462,0.02718900532445969,0.16489088914933928
239,-1,train,30,0.02718900532445969,0.16489088914933928,0.02718900532445969,0.16489088914933928
240,0,train,16,0.0067058452187617025,0.08188922529100945,0.029405968836444064,0.17148168659202084
240,1,train,14,0.052106092454126424,0.22826758958320478,0.029405968836444064,0.17148168659202084
240,-1,train,30,0.029405968836444064,0.17148168659202084,0.029405968836444064,0.17148168659202084
241,0,train,16,0.043405063711700796,0.20833881950251326,0.026756978660838954,0.16357560533538903
241,1,train,14,0.01010889360997711,0.10054299383834316,0.026756978660838954,0.16357560533538903
241,-1,train,30,0.026756978660838954,0.16357560533538903,0.026756978660838954,0.16357560533538903
242,0,train,16,0.015043908905817374,0.12265361350493256,0.028742757828576704,0.16953689223463048
242,1,train,14,0.042441606751336035,0.20601360817027606,0.028742757828576704,0.16953689223463048
242,-1,train,30,0.028742757828576704,0.16953689223463048,0.028742757828576704,0.16953689223463048
243,0,train,16,0.03464468994625177,0.18613084093253265,0.027313449038713362,0.1652678100499712
243,1,train,14,0.01998220813117495,0.14135843848591054,0.027313449038713362,0.1652678100499712
243,-1,train,30,0.027313449038713362,0.1652678100499712,0.027313449038713362,0.1652678100499712
244,0,train,16,0.014889166904748934,0.12202117400168273,0.02869269753481115,0.16938918954529286
244,1,train,14,0.04249622816487336,0.2061461330340042,0.02869269753481115,0.16938918954529286
244,-1,train,30,0.02869269753481115,0.16938918954529286,0.02869269753481115,0.16938918954529286
245,0,train,16,0.019214225808415124,0.13861538806501653,0.02835081628647798,0.16837700640668837
245,1,train,14,0.037487406764540834,0.19361664898593,0.02835081628647798,0.16837700640668837
245,-1,train,30,0.02835081628647798,0.16837700640668837,0.02835081628647798,0.16837700640668837
246,0,train,16,0.017227932084230686,0.13125521736003748,0.028469405814793368,0.16872879367432628
246,1,train,14,0.03971087954535605,0.19927588801798388,0.028469405814793368,0.16872879367432628
246,-1,train,30,0.028469405814793368,0.16872879367432628,0.028469405814793368,0.16872879367432628
247,0,train,16,0.02461405124050978,0.15688865873768498,0.027904191484091942,0.16704547729313698
247,1,train,14,0.0311943317276741,0.17661917146129438,0.027904191484091942,0.16704547729313698
247,-1,train,30,0.027904191484091942,0.16704547729313698,0.027904191484091942,0.16704547729313698
248,0,train,16,0.028489249266112425,0.16878758623225948,0.027598148359044575,0.16612690438049033
248,1,train,14,0.026707047451976725,0.1634229098137,0.027598148359044575,0.16612690438049033
248,-1,train,30,0.027598148359044575,0.16612690438049033,0.027598148359044575,0.16612690438049033
249,0,train,16,0.023589119520069073,0.15358749792892998,0.02791709831765824,0.16708410552071745
249,1,train,14,0.03224507711524741,0.1795691429930193,0.02791709831765824,0.16708410552071745
249,-1,train,30,0.02791709831765824,0.16708410552071745,0.02791709831765824,0.16708410552071745
250,0,train,16,0.03261044846237858,0.1805836328751268,0.02724600312982111,0.16506363357754217
250,1,train,14,0.021881557797263643,0.14792416231726188,0.02724600312982111,0.16506363357754217
250,-1,train,30,0.02724600312982111,0.16506363357754217,0.02724600312982111,0.16506363357754217
251,0,train,16,0.03112062853876456,0.1764103980460465,0.027320607981726905,0.1652894672437627
251,1,train,14,0.02352058742468925,0.15336423124278115,0.027320607981726905,0.1652894672437627
251,-1,train,30,0.027320607981726905,0.1652894672437627,0.027320607981726905,0.1652894672437627
252,0,train,16,0.02561796620863067,0.16005613455482007,0.027681541962395917,0.16637770873045438
252,1,train,14,0.029745117716161167,0.17246772949210287,0.027681541962395917,0.16637770873045438
252,-1,train,30,0.027681541962395917,0.16637770873045438,0.027681541962395917,0.16637770873045438
253,0,train,16,0.014879504254653193,0.12198157342260016,0.028420447015194347,0.16858364990471153
253,1,train,14,0.041961389775735505,0.20484479435840078,0.028420447015194347,0.16858364990471153
253,-1,train,30,0.028420447015194347,0.16858364990471153,0.028420447015194347,0.16858364990471153
254,0,train,16,0.03565832094332323,0.1888341095864919,0.026906172706397752,0.16403101141673715
254,1,train,14,0.01815402446947227,0.13473687123231068,0.026906172706397752,0.16403101141673715
254,-1,train,30,0.026906172706397752,0.16403101141673715,0.026906172706397752,0.16403101141673715
255,0,train,16,0.022928957151484606,0.15142310639887363,0.027785565902980112,0.16669002940482106
255,1,train,14,0.032642174654475616,0.18067145500735754,0.027785565902980112,0.16669002940482106
255,-1,train,30,0.027785565902980112,0.16669002940482106,0.027785565902980112,0.16669002940482106
256,0,train,16,0.026491752178451556,0.16276287100703143,0.027500211368390395,0.1658318768162213
256,1,train,14,0.028508670558329233,0.16884510818596207,0.027500211368390395,0.1658318768162213
256,-1,train,30,0.027500211368390395,0.1658318768162213,0.027500211368390395,0.1658318768162213
257,0,train,16,0.023022392276790777,0.15173131607150442,0.02771838632436561,0.16648839696617182
257,1,train,14,0.032414380371940436,0.18003994104625906,0.02771838632436561,0.16648839696617182
257,-1,train,30,0.02771838632436561,0.16648839696617182,0.02771838632436561,0.16648839696617182
258,0,train,16,0.01899799280971571,0.13783320648419853,0.02797710500900499,0.1672635794457508
258,1,train,14,0.03695621720829427,0.19223999898120647,0.02797710500900499,0.1672635794457508
258,-1,train,30,0.02797710500900499,0.1672635794457508,0.02797710500900499,0.1672635794457508
259,0,train,16,0.038274915307539244,0.19563975901523506,0.0265716657063483,0.16300817680824572
259,1,train,14,0.014868416105157354,0.12193611485182458,0.0265716657063483,0.16300817680824572
259,-1,train,30,0.0265716657063483,0.16300817680824572,0.0265716657063483,0.16300817680824572
260,0,train,16,0.010379236152865729,0.10187853627170804,0.02853671494399684,0.16892813544225496
260,1,train,14,0.04669419373512795,0.21608839333737467,0.02853671494399684,0.16892813544225496
260,-1,train,30,0.02853671494399684,0.16892813544225496,0.02853671494399684,0.16892813544225496
261,0,train,16,0.02399329927753171,0.15489770584980175,0.02753089496980792,0.16592436520839224
261,1,train,14,0.03106849066208413,0.1762625617142907,0.02753089496980792,0.16592436520839224
261,-1,train,30,0.02753089496980792,0.16592436520839224,0.02753089496980792,0.16592436520839224
262,0,train,16,0.04315414482530845,0.20773575721408302,0.02614054046724206,0.16168036512589296
262,1,train,14,0.00912693610917567,0.09553499939381206,0.02614054046724206,0.16168036512589296
262,-1,train,30,0.02614054046724206,0.16168036512589296,0.02614054046724206,0.16168036512589296
263,0,train,16,0.02719214650350473,0.16490041389731178,0.027245255029558692,0.16506136746543296
263,1,train,14,0.02729836355561265,0.16522216423837527,0.027245255029558692,0.16506136746543296
263,-1,train,30,0.027245255029558692,0.16506136746543296,0.027245255029558692,0.16506136746543296
264,0,train,16,0.015225821180264798,0.12339295433802044,0.0280776054771723,0.16756373556701432
264,1,train,14,0.040929389774079804,0.2023101326530132,0.0280776054771723,0.16756373556701432
264,-1,train,30,0.0280776054771723,0.16756373556701432,0.0280776054771723,0.16756373556701432
265,0,train,16,0.018885049713889906,0.1374228864268609,0.027779493939520495,0.16667181507237658
265,1,train,14,0.03667393816515108,0.19150440769118365,0.027779493939520495,0.16667181507237658
265,-1,train,30,0.027779493939520495,0.16667181507237658,0.027779493939520495,0.16667181507237658
266,0,train,16,0.04545017633826812,0.21319046962345226,0.02587094847432975,0.16084448537121113
266,1,train,14,0.006291720610391386,0.07932036693303546,0.02587094847432975,0.16084448537121113
266,-1,train,30,0.02587094847432975,0.16084448537121113,0.02587094847432975,0.16084448537121113
267,0,train,16,0.03996333973007949,0.1999083283159546,0.026219478325685212,0.16192429813244585
267,1,train,14,0.012475616921290936,0.1116943012032885,0.026219478325685212,0.16192429813244585
267,-1,train,30,0.026219478325685212,0.16192429813244585,0.026219478325685212,0.16192429813244585
268,0,train,16,0.017492185369513077,0.13225802572816925,0.027792298564955922,0.1667102233366506
268,1,train,14,0.03809241176039877,0.19517277412692266,0.027792298564955922,0.1667102233366506
268,-1,train,30,0.027792298564955922,0.1667102233366506,0.027792298564955922,0.1667102233366506
269,0,train,16,0.018833090352633534,0.13723370705709853,0.027665995367669588,0.1663309813825121
269,1,train,14,0.036498900382705646,0.19104685389376513,0.027665995367669588,0.1663309813825121
269,-1,train,30,0.027665995367669588,0.1663309813825121,0.027665995367669588,0.1663309813825121
270,0,train,16,0.027552555446040915,0.16598962451322347,0.027015417437821307,0.16436367432562862
270,1,train,14,0.0264782794296017,0.16272147808326257,0.027015417437821307,0.16436367432562862
270,-1,train,30,0.027015417437821307,0.16436367432562862,0.027015417437821307,0.16436367432562862
271,0,train,16,0.02765479725067784,0.16629731582523466,0.02697901986971346,0.16425291434161363
271,1,train,14,0.026303242488749077,0.16218274411523895,0.02697901986971346,0.16425291434161363
271,-1,train,30,0.02697901986971346,0.16425291434161363,0.02697901986971346,0.16425291434161363
272,0,train,16,0.016801663879906968,0.12962123236533035,0.027733066822355195,0.1665324797820389
272,1,train,14,0.03866446976480342,0.19663282982453215,0.027733066822355195,0.1665324797820389
272,-1,train,30,0.027733066822355195,0.1665324797820389,0.027733066822355195,0.1665324797820389
273,0,train,16,0.029985127698083612,0.17316214279710104,0.02675523396518467,0.16357027225380738
273,1,train,14,0.023525340232285728,0.1533797256233226,0.02675523396518467,0.16357027225380738
273,-1,train,30,0.02675523396518467,0.16357027225380738,0.02675523396518467,0.16357027225380738
274,0,train,16,0.016424649073879534,0.12815868707925943,0.027697520130670526,0.16642571955881857
274,1,train,14,0.03897039118746152,0.19740919732236772,0.027697520130670526,0.16642571955881857
274,-1,train,30,0.027697520130670526,0.16642571955881857,0.027697520130670526,0.16642571955881857
275,0,train,16,0.03596810029042667,0.1896525778639106,0.026271265709358175,0.1620841315778882
275,1,train,14,0.016574431128289678,0.12874172256222796,0.026271265709358175,0.1620841315778882
275,-1,train,30,0.026271265709358175,0.1620841315778882,0.026271265709358175,0.1620841315778882
276,0,train,16,0.042965766355036315,0.20728185244983777,0.025744915939135915,0.16045222322902203
276,1,train,14,0.008524065523235515,0.09232586594901515,0.025744915939135915,0.16045222322902203
276,-1,train,30,0.025744915939135915,0.16045222322902203,0.025744915939135915,0.16045222322902203
277,0,train,16,0.030371980263813853,0.17427558711366847,0.02661330996790139,0.16313586352455242
277,1,train,14,0.022854639671988926,0.1511775104702711,0.02661330996790139,0.16313586352455242
277,-1,train,30,0.02661330996790139,0.16313586352455242,0.02661330996790139,0.16313586352455242
278,0,train,16,0.010766510333377485,0.10376179611676682,0.02798654027615576,0.16729178185480528
278,1,train,14,0.04520657021893403,0.21261836754837066,0.02798654027615576,0.16729178185480528
278,-1,train,30,0.02798654027615576,0.16729178185480528,0.02798654027615576,0.16729178185480528
279,0,train,16,0.037430067112516875,0.19346851710941726,0.026052881173549213,0.16140904923067112
279,1,train,14,0.014675695234581553,0.12114328390208659,0.026052881173549213,0.16140904923067112
279,-1,train,30,0.026052881173549213,0.16140904923067112,0.026052881173549213,0.16140904923067112
280,0,train,16,0.026977872647573915,0.16424942206161308,0.026768061771683317,0.16360947946767423
280,1,train,14,0.026558250895792723,0.16296702395206436,0.026768061771683317,0.16360947946767423
280,-1,train,30,0.026768061771683317,0.16360947946767423,0.026768061771683317,0.16360947946767423
281,0,train,16,0.029572670789323723,0.17196706309443016,0.026555510721805606,0.16295861659269695
281,1,train,14,0.023538350654287492,0.1534221322179023,0.026555510721805606,0.16295861659269695
281,-1,train,30,0.026555510721805606,0.16295861659269695,0.026555510721805606,0.16295861659269695
282,0,train,16,0.022056808432253636,0.14851534746366665,0.027060945002454373,0.16450211245590243
282,1,train,14,0.032065081572655106,0.17906725432824144,0.027060945002454373,0.16450211245590243
282,-1,train,30,0.027060945002454373,0.16450211245590243,0.027060945002454373,0.16450211245590243
283,0,train,16,0.02693343759745867,0.16411409932561757,0.0266837456482577,0.1633516013030105
283,1,train,14,0.026434053699056725,0.1625855273357894,0.0266837456482577,0.1633516013030105
283,-1,train,30,0.0266837456482577,0.1633516013030105,0.0266837456482577,0.1633516013030105
284,0,train,16,0.0455560132870375,0.2134385468631135,0.025339926346186675,0.1591851951224946
284,1,train,14,0.005123839405335852,0.07158099891267132,0.025339926346186675,0.1591851951224946
284,-1,train,30,0.025339926346186675,0.1591851951224946,0.025339926346186675,0.1591851951224946
285,0,train,16,0.04146808345211053,0.20363713672145003,0.02559086777139371,0.15997145924005854
285,1,train,14,0.009713652090676888,0.09855786163811027,0.02559086777139371,0.15997145924005854
285,-1,train,30,0.02559086777139371,0.15997145924005854,0.02559086777139371,0.15997145924005854
286,0,train,16,0.023106197195054433,0.15200722744348188,0.026870812203461714,0.16392318995023772
286,1,train,14,0.030635427211868998,0.17502978949844222,0.026870812203461714,0.16392318995023772
286,-1,train,30,0.026870812203461714,0.16392318995023772,0.026870812203461714,0.16392318995023772
287,0,train,16,0.03346189192224429,0.18292591921935034,0.02610301648879612,0.16156427974275786
287,1,train,14,0.018744141055347954,0.1369092438637653,0.02610301648879612,0.16156427974275786
287,-1,train,30,0.02610301648879612,0.16156427974275786,0.02610301648879612,0.16156427974275786
288,0,train,16,0.030721616878327286,0.17527583084477816,0.026268941875303396,0.16207696281490283
288,1,train,14,0.02181626687227951,0.1477033069104396,0.026268941875303396,0.16207696281490283
288,-1,train,30,0.026268941875303396,0.16207696281490283,0.026268941875303396,0.16207696281490283
289,0,train,16,0.011276944118156126,0.10619295700825043,0.027631597716348644,0.1662275480067869
289,1,train,14,0.04398625131454116,0.20972899493046057,0.027631597716348644,0.1662275480067869
289,-1,train,30,0.027631597716348644,0.1662275480067869,0.027631597716348644,0.1662275480067869
290,0,train,16,0.03423955112304683,0.185039323180363,0.025963127978793313,0.1611307791168196
290,1,train,14,0.017686704834539796,0.1329913712785149,0.025963127978793313,0.1611307791168196
290,-1,train,30,0.025963127978793313,0.1611307791168196,0.025963127978793313,0.1611307791168196
291,0,train,16,0.03141534819040899,0.17724375360054015,0.0261356060546284,0.1616651046287615
291,1,train,14,0.020855863918847813,0.14441559444480992,0.0261356060546284,0.1616651046287615
291,-1,train,30,0.0261356060546284,0.1616651046287615,0.0261356060546284,0.1616651046287615
292,0,train,16,0.019949643010591493,0.14124320518379457,0.026926664917475585,0.16409346396939636
292,1,train,14,0.03390368682435967,0.1841295381636517,0.026926664917475585,0.16409346396939636
292,-1,train,30,0.026926664917475585,0.16409346396939636,0.026926664917475585,0.16409346396939636
293,0,train,16,0.014075473016276313,0.11864009868622123,0.027312119383835928,0.16526378727306212
293,1,train,14,0.040548765751395544,0.20136724100855022,0.027312119383835928,0.16526378727306212
293,-1,train,30,0.027312119383835928,0.16526378727306212,0.027312119383835928,0.16526378727306212
294,0,train,16,0.041623785732884444,0.20401908178620068,0.025321871497178246,0.15912847481572318
294,1,train,14,0.009019957261472044,0.09497345556244673,0.025321871497178246,0.15912847481572318
294,-1,train,30,0.025321871497178246,0.15912847481572318,0.025321871497178246,0.15912847481572318
295,0,train,16,0.04499713484285234,0.21212528100830494,0.025058812626829137,0.15829975561203224
295,1,train,14,0.005120490410805934,0.07155760204762268,0.025058812626829137,0.15829975561203224
295,-1,train,30,0.025058812626829137,0.15829975561203224,0.025058812626829137,0.15829975561203224
296,0,train,16,0.03156420421437091,0.17766317630384443,0.02598321378423152,0.16119309471634174
296,1,train,14,0.020402223354092135,0.14283635165493458,0.02598321378423152,0.16119309471634174
296,-1,train,30,0.02598321378423152,0.16119309471634174,0.02598321378423152,0.16119309471634174
297,0,train,16,0.015531774156511201,0.12462653873277232,0.027098028875563063,0.16461478935855994
297,1,train,14,0.03866428359461493,0.19663235642847524,0.027098028875563063,0.16461478935855994
297,-1,train,30,0.027098028875563063,0.16461478935855994,0.027098028875563063,0.16461478935855994
298,0,train,16,0.019153250856648586,0.13839527035505436,0.026805866963613707,0.1637249735489785
298,1,train,14,0.03445848307057883,0.18562996275003352,0.026805866963613707,0.1637249735489785
298,-1,train,30,0.026805866963613707,0.1637249735489785,0.026805866963613707,0.1637249735489785
299,0,train,16,0.014586502795722673,0.12077459499299789,0.02710334787259646,0.16463094445637022
299,1,train,14,0.039620192949470244,0.19904821764956912,0.02710334787259646,0.16463094445637022
299,-1,train,30,0.02710334787259646,0.16463094445637022,0.02710334787259646,0.16463094445637022
300,0,train,16,0.029858918982442077,0.17279733499808983,0.02598401884260395,0.16119559188328925
300,1,train,14,0.02210911870276582,0.14869135382652826,0.02598401884260395,0.16119559188328925
300,-1,train,30,0.02598401884260395,0.16119559188328925,0.02598401884260395,0.16119559188328925
301,0,train,16,0.03234304304094925,0.17984171663145693,0.025780053001717592,0.16056167974245159
301,1,train,14,0.01921706296248593,0.1386256215945881,0.025780053001717592,0.16056167974245159
301,-1,train,30,0.025780053001717592,0.16056167974245159,0.025780053001717592,0.16056167974245159
302,0,train,16,0.008546561512288999,0.09244761496268575,0.02744673894677923,0.16567057356929513
302,1,train,14,0.04634691638126946,0.2152833397670834,0.02744673894677923,0.16567057356929513
302,-1,train,30,0.02744673894677923,0.16567057356929513,0.02744673894677923,0.16567057356929513
303,0,train,16,0.03462267741486201,0.18607169966134562,0.025561540426728247,0.15987976865985343
303,1,train,14,0.016500403438594484,0.12845389615965133,0.025561540426728247,0.15987976865985343
303,-1,train,30,0.025561540426728247,0.15987976865985343,0.025561540426728247,0.15987976865985343
304,0,train,16,0.024375894387135895,0.15612781426490252,0.02625779830681718,0.16204258177040126
304,1,train,14,0.028139702226498465,0.16774892615602183,0.02625779830681718,0.16204258177040126
304,-1,train,30,0.02625779830681718,0.16204258177040126,0.02625779830681718,0.16204258177040126
305,0,train,16,0.03924458255529677,0.19810245469275933,0.025171131949664402,0.15865412679682933
305,1,train,14,0.011097681344032034,0.10534553309956732,0.025171131949664402,0.15865412679682933
305,-1,train,30,0.025171131949664402,0.15865412679682933,0.025171131949664402,0.15865412679682933
306,0,train,16,0.022883829655501942,0.15127402174696733,0.026309305572892697,0.16220143517519411
306,1,train,14,0.029734781490283455,0.1724377612075831,0.026309305572892697,0.16220143517519411
306,-1,train,30,0.026309305572892697,0.16220143517519411,0.026309305572892697,0.16220143517519411
307,0,train,16,0.018857854074921476,0.13732390205248857,0.026562288963522036,0.1629794126984204
307,1,train,14,0.034266723852122594,0.18511273282009152,0.026562288963522036,0.1629794126984204
307,-1,train,30,0.026562288963522036,0.1629794126984204,0.026562288963522036,0.1629794126984204
308,0,train,16,0.005294626724487101,0.07276418572681963,0.027505051008164437,0.16584646818115975
308,1,train,14,0.049715475291841775,0.22296967348014343,0.027505051008164437,0.16584646818115975
308,-1,train,30,0.027505051008164437,0.16584646818115975,0.027505051008164437,0.16584646818115975
309,0,train,16,0.022852377760859403,0.1511700293075959,0.02621923463034405,0.16192354563294384
309,1,train,14,0.02958609149982869,0.17200607983390787,0.02621923463034405,0.16192354563294384
309,-1,train,30,0.02621923463034405,0.16192354563294384,0.02621923463034405,0.16192354563294384
310,0,train,16,0.023169554429293793,0.15221548682474392,0.026166258158231974,0.1617598780854881
310,1,train,14,0.029162961887170154,0.17077166593779589,0.026166258158231974,0.1617598780854881
310,-1,train,30,0.026166258158231974,0.1617598780854881,0.026166258158231974,0.1617598780854881
311,0,train,16,0.03365945315934184,0.1834651279108426,0.025391055342704173,0.15934571014841967
311,1,train,14,0.017122657526066513,0.13085357284410126,0.025391055342704173,0.15934571014841967
311,-1,train,30,0.025391055342704173,0.15934571014841967,0.025391055342704173,0.15934571014841967
312,0,train,16,0.027569925338602457,0.1660419384932688,0.025793232957584344,0.16060271777770246
312,1,train,14,0.024016540576566228,0.15497270913475775,0.025793232957584344,0.16060271777770246
312,-1,train,30,0.025793232957584344,0.16060271777770246,0.025793232957584344,0.16060271777770246
313,0,train,16,0.018085367784165522,0.13448184927403967,0.02643971590031222,0.1626029393962859
313,1,train,14,0.03479406401645892,0.1865316702773524,0.02643971590031222,0.1626029393962859
313,-1,train,30,0.02643971590031222,0.1626029393962859,0.02643971590031222,0.1626029393962859
314,0,train,16,0.01570751471934421,0.12532962426874267,0.026579955976450506,0.16303360382586932
314,1,train,14,0.0374523972335568,0.19352621846550094,0.026579955976450506,0.16303360382586932
314,-1,train,30,0.026579955976450506,0.16303360382586932,0.026579955976450506,0.16303360382586932
315,0,train,16,0.018474433411175155,0.13592068794401813,0.026352188327503096,0.16233357116598862
315,1,train,14,0.03422994324383104,0.18501335963608423,0.026352188327503096,0.16233357116598862
315,-1,train,30,0.026352188327503096,0.16233357116598862,0.026352188327503096,0.16233357116598862
316,0,train,16,0.02577551164634227,0.16054753702982263,0.02580112158498124,0.16062727534569352
316,1,train,14,0.025826731523620212,0.16070697409764212,0.02580112158498124,0.16062727534569352
316,-1,train,30,0.02580112158498124,0.16062727534569352,0.02580112158498124,0.16062727534569352
317,0,train,16,0.025646282472114056,0.160144567413678,0.02578648202435652,0.16058169890855098
317,1,train,14,0.025926681576598984,0.16101764368105437,0.02578648202435652,0.16058169890855098
317,-1,train,30,0.02578648202435652,0.16058169890855098,0.02578648202435652,0.16058169890855098
318,0,train,16,0.038722304202484695,0.1967798368799118,0.024824943233299118,0.15755933242210415
318,1,train,14,0.010927582264113545,0.1045350767164474,0.024824943233299118,0.15755933242210415
318,-1,train,30,0.024824943233299118,0.15755933242210415,0.024824943233299118,0.15755933242210415
319,0,train,16,0.013323342990495073,0.11542678627812122,0.02660463381291492,0.16310926954932672
319,1,train,14,0.03988592463533476,0.19971460796680537,0.02660463381291492,0.16310926954932672
319,-1,train,30,0.02660463381291492,0.16310926954932672,0.02660463381291492,0.16310926954932672
320,0,train,16,0.018621493834388395,0.1364605944380589,0.026190695616531815,0.1618353966736938
320,1,train,14,0.033759897398675236,0.18373866604140576,0.026190695616531815,0.1618353966736938
320,-1,train,30,0.026190695616531815,0.1618353966736938,0.026190695616531815,0.1618353966736938
321,0,train,16,0.026187322689423143,0.1618249754809904,0.025621785869355568,0.1600680663635179
321,1,train,14,0.02505624904928799,0.15829165817972843,0.025621785869355568,0.1600680663635179
321,-1,train,30,0.025621785869355568,0.1600680663635179,0.025621785869355568,0.1600680663635179
322,0,train,16,0.015185860123001304,0.12323092194332275,0.026375145032014696,0.16240426420514548
322,1,train,14,0.037564429941028085,0.1938154533081098,0.026375145032014696,0.16240426420514548
322,-1,train,30,0.026375145032014696,0.16240426420514548,0.026375145032014696,0.16240426420514548
323,0,train,16,0.01496369630820244,0.12232618815365105,0.02636056062634733,0.16235935644842686
323,1,train,14,0.03775742494449222,0.19431269887604416,0.02636056062634733,0.16235935644842686
323,-1,train,30,0.02636056062634733,0.16235935644842686,0.02636056062634733,0.16235935644842686
324,0,train,16,0.01807589829327639,0.1344466373446223,0.026108552396962057,0.161581411050164
324,1,train,14,0.034141206500647725,0.18477339229620623,0.026108552396962057,0.161581411050164
324,-1,train,30,0.026108552396962057,0.161581411050164,0.026108552396962057,0.161581411050164
325,0,train,16,0.014009794927468358,0.11836297954794969,0.026368321144066217,0.16238325389049887
325,1,train,14,0.03872684736066408,0.19679138030072374,0.026368321144066217,0.16238325389049887
325,-1,train,30,0.026368321144066217,0.16238325389049887,0.026368321144066217,0.16238325389049887
326,0,train,16,0.02391914692811515,0.15465816153089093,0.025634156263405754,0.16010670274353211
326,1,train,14,0.02734916559869636,0.16537583136207165,0.025634156263405754,0.16010670274353211
326,-1,train,30,0.025634156263405754,0.16010670274353211,0.025634156263405754,0.16010670274353211
327,0,train,16,0.035128861572046734,0.18742694996196982,0.024803630413573446,0.15749168363305235
327,1,train,14,0.014478399255100156,0.12032622014798003,0.024803630413573446,0.15749168363305235
327,-1,train,30,0.024803630413573446,0.15749168363305235,0.024803630413573446,0.15749168363305235
328,0,train,16,0.029499767514558357,0.1717549635805567,0.025176936193339647,0.15867241787197814
328,1,train,14,0.020854104872120933,0.14440950409208161,0.025176936193339647,0.15867241787197814
328,-1,train,30,0.025176936193339647,0.15867241787197814,0.025176936193339647,0.15867241787197814
329,0,train,16,0.034691193731946,0.18625572134016716,0.02477716825100353,0.15740764991258693
329,1,train,14,0.014863142770061058,0.12191448958208806,0.02477716825100353,0.15740764991258693
329,-1,train,30,0.02477716825100353,0.15740764991258693,0.02477716825100353,0.15740764991258693
330,0,train,16,0.03187189651753665,0.17852701901263196,0.024943249298227214,0.15793431957059623
330,1,train,14,0.018014602078917776,0.1342184863531018,0.024943249298227214,0.15793431957059623
330,-1,train,30,0.024943249298227214,0.15793431957059623,0.024943249298227214,0.15793431957059623
331,0,train,16,0.03892980071847809,0.1973063625899532,0.024410442921695558,0.15623841692008902
331,1,train,14,0.009891085124913029,0.09945393468793996,0.024410442921695558,0.15623841692008902
331,-1,train,30,0.024410442921695558,0.15623841692008902,0.024410442921695558,0.15623841692008902
332,0,train,16,0.02705296236877199,0.16447784765363385,0.02522311776457358,0.15881787608633224
332,1,train,14,0.023393273160375178,0.1529485964642212,0.02522311776457358,0.15881787608633224
332,-1,train,30,0.02522311776457358,0.15881787608633224,0.02522311776457358,0.15881787608633224
333,0,train,16,0.02521201304461812,0.15878291168957107,0.02532473797212729,0.15913748135535918
333,1,train,14,0.025437462899636457,0.1594912627689569,0.02532473797212729,0.15913748135535918
333,-1,train,30,0.02532473797212729,0.15913748135535918,0.02532473797212729,0.15913748135535918
334,0,train,16,0.015430427139406228,0.1242192704028092,0.025995477244242546,0.16123112988577157
334,1,train,14,0.036560527349078865,0.19120807344115695,0.025995477244242546,0.16123112988577157
334,-1,train,30,0.025995477244242546,0.16123112988577157,0.025995477244242546,0.16123112988577157
335,0,train,16,0.03125925764742884,0.17680287793876218,0.024835368724394007,0.1575924132831083
335,1,train,14,0.018411479801359175,0.1356889081736572,0.024835368724394007,0.1575924132831083
335,-1,train,30,0.024835368724394007,0.1575924132831083,0.024835368724394007,0.1575924132831083
336,0,train,16,0.03528854858760605,0.18785246494950777,0.02451576844834121,0.15657512078341568
336,1,train,14,0.013742988309076372,0.11723049223250907,0.02451576844834121,0.15657512078341568
336,-1,train,30,0.02451576844834121,0.15657512078341568,0.02451576844834121,0.15657512078341568
337,0,train,16,0.017896336407982927,0.13377718941577046,0.025724571573846375,0.16038881374287414
337,1,train,14,0.033552806739709826,0.18317425239293275,0.025724571573846375,0.16038881374287414
337,-1,train,30,0.025724571573846375,0.16038881374287414,0.025724571573846375,0.16038881374287414
338,0,train,16,0.02336857078446434,0.1528678212851362,0.025302764812417347,0.15906842808180807
338,1,train,14,0.027236958840370352,0.16503623493151542,0.025302764812417347,0.15906842808180807
338,-1,train,30,0.025302764812417347,0.15906842808180807,0.025302764812417347,0.15906842808180807
339,0,train,16,0.019744626752965087,0.14051557477007695,0.02553097545073447,0.15978415268960333
339,1,train,14,0.031317324148503856,0.17696701429504838,0.02553097545073447,0.15978415268960333
339,-1,train,30,0.02553097545073447,0.15978415268960333,0.02553097545073447,0.15978415268960333
340,0,train,16,0.021857253985850332,0.1478419899279306,0.025348894042048774,0.1592133601242332
340,1,train,14,0.028840534098247217,0.16982501022595942,0.025348894042048774,0.1592133601242332
340,-1,train,30,0.025348894042048774,0.1592133601242332,0.025348894042048774,0.1592133601242332
341,0,train,16,0.02467268706041705,0.15707541838370842,0.025119249719316596,0.15849053510956607
341,1,train,14,0.025565812378216143,0.15989312798934213,0.025119249719316596,0.15849053510956607
341,-1,train,30,0.025119249719316596,0.15849053510956607,0.025119249719316596,0.15849053510956607
342,0,train,16,0.02007448656743355,0.14168446127728174,0.025416364727962763,0.15942510695609635
342,1,train,14,0.03075824288849198,0.1753802807857599,0.025416364727962763,0.15942510695609635
342,-1,train,30,0.025416364727962763,0.15942510695609635,0.025416364727962763,0.15942510695609635
343,0,train,16,0.034368611752527325,0.18538773355464305,0.024364363631934623,0.156090882603484
343,1,train,14,0.014360115511341918,0.11983369939771499,0.024364363631934623,0.156090882603484
343,-1,train,30,0.024364363631934623,0.156090882603484,0.024364363631934623,0.156090882603484
344,0,train,16,0.031023802895100705,0.17613575132579048,0.024573540406978168,0.15675949861803642
344,1,train,14,0.01812327791885563,0.1346227243776311,0.024573540406978168,0.15675949861803642
344,-1,train,30,0.024573540406978168,0.15675949861803642,0.024573540406978168,0.15675949861803642
345,0,train,16,0.01672586705260521,0.12932852373937162,0.025557268349325056,0.15986640782017045
345,1,train,14,0.0343886696460449,0.18544182280716748,0.025557268349325056,0.15986640782017045
345,-1,train,30,0.025557268349325056,0.15986640782017045,0.025557268349325056,0.15986640782017045
346,0,train,16,0.02522249034931432,0.1588159008075524,0.024922898299622256,0.15786987774627007
346,1,train,14,0.024623306249930196,0.15691815143548626,0.024922898299622256,0.15786987774627007
346,-1,train,30,0.024922898299622256,0.15786987774627007,0.024922898299622256,0.15786987774627007
347,0,train,16,0.017354893004434546,0.1317379710046976,0.025451749422103948,0.15953604427245885
347,1,train,14,0.03354860583977335,0.18316278508412495,0.025451749422103948,0.15953604427245885
347,-1,train,30,0.025451749422103948,0.15953604427245885,0.025451749422103948,0.15953604427245885
348,0,train,16,0.031492284222306335,0.1774606554205927,0.024417003174454367,0.15625940987490758
348,1,train,14,0.0173417221266024,0.1316879725965982,0.024417003174454367,0.15625940987490758
348,-1,train,30,0.024417003174454367,0.15625940987490758,0.024417003174454367,0.15625940987490758
349,0,train,16,0.016349051567404693,0.12786340980673358,0.025465065439256265,0.15957777238467852
349,1,train,14,0.03458107931110784,0.18595988629569507,0.025465065439256265,0.15957777238467852
349,-1,train,30,0.025465065439256265,0.15957777238467852,0.025465065439256265,0.15957777238467852
350,0,train,16,0.03439959325136458,0.18547127338583888,0.024143224707032306,0.15538090200224836
350,1,train,14,0.013886856162700032,0.11784250575535142,0.024143224707032306,0.15538090200224836
350,-1,train,30,0.024143224707032306,0.15538090200224836,0.024143224707032306,0.15538090200224836
351,0,train,16,0.02706877385590037,0.1645259063366629,0.024630663910093272,0.15694159394530588
351,1,train,14,0.022192553964286175,0.14897165490215303,0.024630663910093272,0.15694159394530588
351,-1,train,30,0.024630663910093272,0.15694159394530588,0.024630663910093272,0.15694159394530588
352,0,train,16,0.03374846404630763,0.18370755032471484,0.024127902849107548,0.15533158999092087
352,1,train,14,0.014507341651907464,0.12044642648043762,0.024127902849107548,0.15533158999092087
352,-1,train,30,0.024127902849107548,0.15533158999092087,0.024127902849107548,0.15533158999092087
353,0,train,16,0.029936954326323578,0.17302298785515055,0.024364673705666223,0.1560918758477398
353,1,train,14,0.018792393085008872,0.13708534963667296,0.024364673705666223,0.1560918758477398
353,-1,train,30,0.024364673705666223,0.1560918758477398,0.024364673705666223,0.1560918758477398
354,0,train,16,0.029350296011003085,0.17131928090849285,0.02437476232536025,0.15612418879007905
354,1,train,14,0.019399228639717415,0.13928111372227542,0.02437476232536025,0.15612418879007905
354,-1,train,30,0.02437476232536025,0.15612418879007905,0.02437476232536025,0.15612418879007905
355,0,train,16,0.024509383208067715,0.15655472911435067,0.024687264501892174,0.15712181421397914
355,1,train,14,0.024865145795716633,0.1576868599335932,0.024687264501892174,0.15712181421397914
355,-1,train,30,0.024687264501892174,0.15712181421397914,0.024687264501892174,0.15712181421397914
356,0,train,16,0.039351309646683236,0.1983716452688822,0.023605887395459046,0.15364207560254792
356,1,train,14,0.007860465144234854,0.08865926428882011,0.023605887395459046,0.15364207560254792
356,-1,train,30,0.023605887395459046,0.15364207560254792,0.023605887395459046,0.15364207560254792
357,0,train,16,0.037653005114593234,0.19404382266537948,0.023690160848227476,0.15391608378667734
357,1,train,14,0.009727316581861722,0.09862715945347773,0.023690160848227476,0.15391608378667734
357,-1,train,30,0.023690160848227476,0.15391608378667734,0.023690160848227476,0.15391608378667734
358,0,train,16,0.029845064338020415,0.17275724105814036,0.02421134185716641,0.1555999417003953
358,1,train,14,0.018577619376312412,0.13629974092533123,0.02421134185716641,0.1555999417003953
358,-1,train,30,0.02421134185716641,0.1555999417003953,0.02421134185716641,0.1555999417003953
359,0,train,16,0.017267799597555207,0.131406999804254,0.02507900410507354,0.15836351885795397
359,1,train,14,0.03289020861259187,0.18135657863058585,0.02507900410507354,0.15836351885795397
359,-1,train,30,0.02507900410507354,0.15836351885795397,0.02507900410507354,0.15836351885795397
360,0,train,16,0.04108019760438765,0.20268250443584826,0.023354372113476303,0.15282137322206046
360,1,train,14,0.0056285466225649596,0.07502364042463522,0.023354372113476303,0.15282137322206046
360,-1,train,30,0.023354372113476303,0.15282137322206046,0.023354372113476303,0.15282137322206046
361,0,train,16,0.026751032885963553,0.16355742993200753,0.02433612553225223,0.1560004023464434
361,1,train,14,0.021921218178540907,0.14805815809519213,0.02433612553225223,0.1560004023464434
361,-1,train,30,0.02433612553225223,0.1560004023464434,0.02433612553225223,0.1560004023464434
362,0,train,16,0.013307015426895243,0.11535603766988203,0.025265277395280103,0.15895055015721116
362,1,train,14,0.037223539363664966,0.19293402852702,0.025265277395280103,0.15895055015721116
362,-1,train,30,0.025265277395280103,0.15895055015721116,0.025265277395280103,0.15895055015721116
363,0,train,16,0.021411859757704935,0.14632791858597913,0.02465491380805695,0.1570188326541022
363,1,train,14,0.02789796785840896,0.16702684771739232,0.02465491380805695,0.1570188326541022
363,-1,train,30,0.02465491380805695,0.1570188326541022,0.02465491380805695,0.1570188326541022
364,0,train,16,0.03398851089810738,0.1843597323118782,0.023729092028998776,0.1540425007230108
364,1,train,14,0.013469673159890174,0.11605892106981769,0.023729092028998776,0.1540425007230108
364,-1,train,30,0.023729092028998776,0.1540425007230108,0.023729092028998776,0.1540425007230108
365,0,train,16,0.01230171289183189,0.11091308710802297,0.02524089304155304,0.1588738274277832
365,1,train,14,0.038180073191274186,0.19539721899575282,0.02524089304155304,0.1588738274277832
365,-1,train,30,0.02524089304155304,0.1588738274277832,0.02524089304155304,0.1588738274277832
366,0,train,16,0.029367385010113017,0.17136914836140435,0.023992888195546472,0.15489637889746316
366,1,train,14,0.018618391380979923,0.13644922638468832,0.023992888195546472,0.15489637889746316
366,-1,train,30,0.023992888195546472,0.15489637889746316,0.023992888195546472,0.15489637889746316
367,0,train,16,0.0175292356396853,0.13239801977252266,0.02480322396591149,0.15749039324959313
367,1,train,14,0.032077212292137676,0.17910112309010706,0.02480322396591149,0.15749039324959313
367,-1,train,30,0.02480322396591149,0.15749039324959313,0.02480322396591149,0.15749039324959313
368,0,train,16,0.03805979730196657,0.19508920344797803,0.02331039674660433,0.1526774271023858
368,1,train,14,0.008560996191242093,0.09252565153103269,0.02331039674660433,0.1526774271023858
368,-1,train,30,0.02331039674660433,0.1526774271023858,0.02331039674660433,0.1526774271023858
369,0,train,16,0.02054254286747187,0.14332669977178666,0.024525322803429,0.15660562826229776
369,1,train,14,0.028508102739386133,0.16884342669877953,0.024525322803429,0.15660562826229776
369,-1,train,30,0.024525322803429,0.15660562826229776,0.024525322803429,0.15660562826229776
370,0,train,16,0.00809081582970703,0.08994896236036873,0.025382740659258406,0.15931961793595414
370,1,train,14,0.04267466548880978,0.20657847295594423,0.025382740659258406,0.15931961793595414
370,-1,train,30,0.025382740659258406,0.15931961793595414,0.025382740659258406,0.15931961793595414
371,0,train,16,0.03596177458585186,0.1896359000449331,0.023363029213413253,0.15284969484239494
371,1,train,14,0.010764283840974642,0.10375106669800867,0.023363029213413253,0.15284969484239494
371,-1,train,30,0.023363029213413253,0.15284969484239494,0.023363029213413253,0.15284969484239494
372,0,train,16,0.03892741523831152,0.19730031738015913,0.023121265683851037,0.1520567844058628
372,1,train,14,0.007315116129390553,0.08552845216295307,0.023121265683851037,0.1520567844058628
372,-1,train,30,0.023121265683851037,0.1520567844058628,0.023121265683851037,0.1520567844058628
373,0,train,16,0.003935801129622707,0.06273596360639332,0.02558589290672047,0.15995590925852182
373,1,train,14,0.04723598468381823,0.21733841051185185,0.02558589290672047,0.15995590925852182
373,-1,train,30,0.02558589290672047,0.15995590925852182,0.02558589290672047,0.15995590925852182
374,0,train,16,0.01682152413659051,0.12969781854985268,0.02463074573105114,0.15694185461836221
374,1,train,14,0.032439967325511763,0.18011098613219506,0.02463074573105114,0.15694185461836221
374,-1,train,30,0.02463074573105114,0.15694185461836221,0.02463074573105114,0.15694185461836221
375,0,train,16,0.011625398337464659,0.10782114049417517,0.024961827004320827,0.15799312328174547
375,1,train,14,0.038298255671177,0.19569940130510619,0.024961827004320827,0.15799312328174547
375,-1,train,30,0.024961827004320827,0.15799312328174547,0.024961827004320827,0.15799312328174547
376,0,train,16,0.02374659925075584,0.15409931619172046,0.024068815272096283,0.15514127520455762
376,1,train,14,0.024391031293436727,0.15617628274945183,0.024068815272096283,0.15514127520455762
376,-1,train,30,0.024068815272096283,0.15514127520455762,0.024068815272096283,0.15514127520455762
377,0,train,16,0.03174403283201173,0.17816855174808974,0.02346625734933813,0.15318700124141776
377,1,train,14,0.015188481866664527,0.12324155900776543,0.02346625734933813,0.15318700124141776
377,-1,train,30,0.02346625734933813,0.15318700124141776,0.02346625734933813,0.15318700124141776
378,0,train,16,0.029168835988709667,0.17078886377252372,0.02361503744922533,0.15367184989198682
378,1,train,14,0.018061238909740995,0.13439210880755237,0.02361503744922533,0.15367184989198682
378,-1,train,30,0.02361503744922533,0.15367184989198682,0.02361503744922533,0.15367184989198682
379,0,train,16,0.012341465529107495,0.11109214881848084,0.024783448677913527,0.15742759820918797
379,1,train,14,0.03722543182671956,0.19293893289515093,0.024783448677913527,0.15742759820918797
379,-1,train,30,0.024783448677913527,0.15742759820918797,0.024783448677913527,0.15742759820918797
380,0,train,16,0.029345168113936372,0.17130431434711846,0.023537696377455772,0.15341999992652774
380,1,train,14,0.01773022464097517,0.13315488966228453,0.023537696377455772,0.15341999992652774
380,-1,train,30,0.023537696377455772,0.15341999992652774,0.023537696377455772,0.15341999992652774
381,0,train,16,0.004510737078255095,0.06716202110013586,0.025276921936648114,0.15898717538420548
381,1,train,14,0.04604310679504113,0.21457657559724716,0.025276921936648114,0.15898717538420548
381,-1,train,30,0.025276921936648114,0.15898717538420548,0.025276921936648114,0.15898717538420548
382,0,train,16,0.01867673518907626,0.1366628522645282,0.02422922527366196,0.1556573971055085
382,1,train,14,0.02978171535824766,0.17257379684716814,0.02422922527366196,0.1556573971055085
382,-1,train,30,0.02422922527366196,0.1556573971055085,0.02422922527366196,0.1556573971055085
383,0,train,16,0.01244271500056649,0.11154691838220583,0.024640939294446967,0.15697432686413076
383,1,train,14,0.036839163588327443,0.19193531094701527,0.024640939294446967,0.15697432686413076
383,-1,train,30,0.024640939294446967,0.15697432686413076,0.024640939294446967,0.15697432686413076
384,0,train,16,0.020028128019478814,0.14152076886266132,0.024070804211647083,0.15514768516367586
384,1,train,14,0.02811348040381535,0.16767074999478992,0.024070804211647083,0.15514768516367586
384,-1,train,30,0.024070804211647083,0.15514768516367586,0.024070804211647083,0.15514768516367586
385,0,train,16,0.004437481387943037,0.06661442327261445,0.025148337090881493,0.1585822723096169
385,1,train,14,0.04585919279381995,0.21414759581610984,0.025148337090881493,0.1585822723096169
385,-1,train,30,0.025148337090881493,0.1585822723096169,0.025148337090881493,0.1585822723096169
386,0,train,16,0.02607657089801666,0.16148241668372648,0.023572706235655667,0.15353405562172734
386,1,train,14,0.021068841573294677,0.14515109911156263,0.023572706235655667,0.15353405562172734
386,-1,train,30,0.023572706235655667,0.15353405562172734,0.023572706235655667,0.15353405562172734
387,0,train,16,0.004818879276054511,0.0694181480310049,0.025061270826946758,0.15830751980543045
387,1,train,14,0.045303662377839005,0.21284657004010896,0.025061270826946758,0.15830751980543045
387,-1,train,30,0.025061270826946758,0.15830751980543045,0.025061270826946758,0.15830751980543045
388,0,train,16,0.01864590608975205,0.13655001314445944,0.02403103443358101,0.15501946469260242
388,1,train,14,0.029416162777409972,0.17151140713494822,0.02403103443358101,0.15501946469260242
388,-1,train,30,0.02403103443358101,0.15501946469260242,0.02403103443358101,0.15501946469260242
389,0,train,16,0.03576348403925455,0.18911235824042422,0.02278400943554644,0.1509437293680875
389,1,train,14,0.009804534831838334,0.09901785107665352,0.02278400943554644,0.1509437293680875
389,-1,train,30,0.02278400943554644,0.1509437293680875,0.02278400943554644,0.1509437293680875
390,0,train,16,0.02755840549990138,0.16600724532351405,0.023328828139292403,0.1527377757442225
390,1,train,14,0.01909925077868343,0.1382000389966784,0.023328828139292403,0.1527377757442225
390,-1,train,30,0.023328828139292403,0.1527377757442225,0.023328828139292403,0.1527377757442225
391,0,train,16,0.02621513373906671,0.16191088208970608,0.02339444299189898,0.1529524206800892
391,1,train,14,0.020573752244731257,0.14343553341041843,0.02339444299189898,0.1529524206800892
391,-1,train,30,0.02339444299189898,0.1529524206800892,0.02339444299189898,0.1529524206800892
392,0,train,16,0.028739927942226295,0.16952854609836746,0.023178981351905027,0.15224644939014187
392,1,train,14,0.017618034761583756,0.13273294527578205,0.023178981351905027,0.15224644939014187
392,-1,train,30,0.023178981351905027,0.15224644939014187,0.023178981351905027,0.15224644939014187
393,0,train,16,0.03150074928474324,0.17748450435106508,0.02295008865894026,0.15149286669325476
393,1,train,14,0.014399428033137283,0.11999761678107312,0.02295008865894026,0.15149286669325476
393,-1,train,30,0.02295008865894026,0.15149286669325476,0.02295008865894026,0.15149286669325476
394,0,train,16,0.022979946229849182,0.15159137914093,0.02351811153682823,0.15335615910953243
394,1,train,14,0.02405627684380728,0.1551008602291015,0.02351811153682823,0.15335615910953243
394,-1,train,30,0.02351811153682823,0.15335615910953243,0.02351811153682823,0.15335615910953243
395,0,train,16,0.02438873209808582,0.1561689216780529,0.023389048054483087,0.15293478366442045
395,1,train,14,0.022389364010880358,0.14963075890631697,0.023389048054483087,0.15293478366442045
395,-1,train,30,0.023389048054483087,0.15293478366442045,0.023389048054483087,0.15293478366442045
396,0,train,16,0.025688058583935264,0.160274946838036,0.023261246789703934,0.1525163820371567
396,1,train,14,0.0208344349954726,0.14434138351655287,0.023261246789703934,0.1525163820371567
396,-1,train,30,0.023261246789703934,0.1525163820371567,0.023261246789703934,0.1525163820371567
397,0,train,16,0.025012554160641944,0.1581535777674408,0.023274008357272724,0.15255821301153447
397,1,train,14,0.021535462553903505,0.14674965946775995,0.023274008357272724,0.15255821301153447
397,-1,train,30,0.023274008357272724,0.15255821301153447,0.023274008357272724,0.15255821301153447
398,0,train,16,0.01881744776568977,0.13717670270745602,0.02368194304149342,0.1538893857336932
398,1,train,14,0.02854643831729707,0.16895691260583887,0.02368194304149342,0.1538893857336932
398,-1,train,30,0.02368194304149342,0.1538893857336932,0.02368194304149342,0.1538893857336932
399,0,train,16,0.030773482329615548,0.17542372225447603,0.02280137573260377,0.15100124414256913
399,1,train,14,0.014829269135591997,0.12177548659558703,0.02280137573260377,0.15100124414256913
399,-1,train,30,0.02280137573260377,0.15100124414256913,0.02280137573260377,0.15100124414256913
400,0,train,16,0.03306462278296278,0.18183680260872048,0.022601088238040048,0.1503365831660413
400,1,train,14,0.012137553693117314,0.11017056636469341,0.022601088238040048,0.1503365831660413
400,-1,train,30,0.022601088238040048,0.1503365831660413,0.022601088238040048,0.1503365831660413
401,0,train,16,0.035056569530684215,0.18723399672784913,0.022426904631605425,0.14975615056352584
401,1,train,14,0.009797239732526632,0.0989810069282316,0.022426904631605425,0.14975615056352584
401,-1,train,30,0.022426904631605425,0.14975615056352584,0.022426904631605425,0.14975615056352584
402,0,train,16,0.030836210185438882,0.17560242078467733,0.022693511057544778,0.1506436558821671
402,1,train,14,0.014550811929650674,0.12062674632787984,0.022693511057544778,0.1506436558821671
402,-1,train,30,0.022693511057544778,0.1506436558821671,0.022693511057544778,0.1506436558821671
403,0,train,16,0.030243440716772235,0.17390641367348197,0.022700510593338986,0.15066688618717447
403,1,train,14,0.015157580469905734,0.12311612595393723,0.022700510593338986,0.15066688618717447
403,-1,train,30,0.022700510593338986,0.15066688618717447,0.022700510593338986,0.15066688618717447
404,0,train,16,0.013475637132956098,0.11608461195591817,0.0238707485390869,0.15450161338667923
404,1,train,14,0.034265859945217705,0.1851103993437908,0.0238707485390869,0.15450161338667923
404,-1,train,30,0.0238707485390869,0.15450161338667923,0.0238707485390869,0.15450161338667923
405,0,train,16,0.02280132391344805,0.15100107255727707,0.023163369099428774,0.15219516779263648
405,1,train,14,0.023525414285409496,0.15337996702767118,0.023163369099428774,0.15219516779263648
405,-1,train,30,0.023163369099428774,0.15219516779263648,0.023163369099428774,0.15219516779263648
406,0,train,16,0.03324087380472927,0.1823207991555798,0.022389928379608078,0.14963264476579993
406,1,train,14,0.011538982954486883,0.10741965813800974,0.022389928379608078,0.14963264476579993
406,-1,train,30,0.022389928379608078,0.14963264476579993,0.022389928379608078,0.14963264476579993
407,0,train,16,0.03324007041372111,0.1823185959076065,0.022355676239254847,0.14951814685600823
407,1,train,14,0.011471282064788584,0.10710407118680683,0.022355676239254847,0.14951814685600823
407,-1,train,30,0.022355676239254847,0.14951814685600823,0.022355676239254847,0.14951814685600823
408,0,train,16,0.03199207432389047,0.17886328388993217,0.02240778630797564,0.14969230544011153
408,1,train,14,0.012823498292060809,0.1132408861324425,0.02240778630797564,0.14969230544011153
408,-1,train,30,0.02240778630797564,0.14969230544011153,0.02240778630797564,0.14969230544011153
409,0,train,16,0.027974191027643647,0.16725486847217227,0.022660082760724627,0.15053266343463345
409,1,train,14,0.01734597449380561,0.13170411722419922,0.022660082760724627,0.15053266343463345
409,-1,train,30,0.022660082760724627,0.15053266343463345,0.022660082760724627,0.15053266343463345
410,0,train,16,0.02272869272523041,0.15076038181574897,0.023002783328165972,0.15166668496464863
410,1,train,14,0.023276873931101533,0.15256760446143713,0.023002783328165972,0.15166668496464863
410,-1,train,30,0.023002783328165972,0.15166668496464863,0.023002783328165972,0.15166668496464863
411,0,train,16,0.03257979541276068,0.18049874075117722,0.0222717720021138,0.149237300974367
411,1,train,14,0.011963748591466919,0.10937892206209987,0.0222717720021138,0.149237300974367
411,-1,train,30,0.0222717720021138,0.149237300974367,0.0222717720021138,0.149237300974367
412,0,train,16,0.0235328330553498,0.15340414940721062,0.02287754051171425,0.15125323306202168
412,1,train,14,0.0222222479680787,0.1490712848541888,0.02287754051171425,0.15125323306202168
412,-1,train,30,0.02287754051171425,0.15125323306202168,0.02287754051171425,0.15125323306202168
413,0,train,16,0.011844443835988363,0.10883218198670999,0.023683701096902016,0.15389509770262993
413,1,train,14,0.035522958357815666,0.1884753521228059,0.023683701096902016,0.15389509770262993
413,-1,train,30,0.023683701096902016,0.15389509770262993,0.023683701096902016,0.15389509770262993
414,0,train,16,0.034523569308581546,0.18580519182353744,0.022030258378946913,0.14842593566808637
414,1,train,14,0.009536947449312282,0.09765729593487771,0.022030258378946913,0.14842593566808637
414,-1,train,30,0.022030258378946913,0.14842593566808637,0.022030258378946913,0.14842593566808637
415,0,train,16,0.02287812582309907,0.15125516792195587,0.022821545463327694,0.15106801601705006
415,1,train,14,0.022764965103556318,0.15088063196963458,0.022821545463327694,0.15106801601705006
415,-1,train,30,0.022821545463327694,0.15106801601705006,0.022821545463327694,0.15106801601705006
416,0,train,16,0.011000339704842037,0.10488250428380338,0.02363464437721532,0.1537356314496263
416,1,train,14,0.036268949049588606,0.19044408378731173,0.02363464437721532,0.1537356314496263
416,-1,train,30,0.02363464437721532,0.1537356314496263,0.02363464437721532,0.1537356314496263
417,0,train,16,0.024898991960458288,0.15779414425275193,0.022611818510175026,0.15037226642627632
417,1,train,14,0.02032464505989176,0.14256452945909007,0.022611818510175026,0.15037226642627632
417,-1,train,30,0.022611818510175026,0.15037226642627632,0.022611818510175026,0.15037226642627632
418,0,train,16,0.017850303785373972,0.1336050290422257,0.023078234148495663,0.15191522026609336
418,1,train,14,0.028306164511617358,0.16824435952392983,0.023078234148495663,0.15191522026609336
418,-1,train,30,0.023078234148495663,0.15191522026609336,0.023078234148495663,0.15191522026609336
419,0,train,16,0.018077057605260693,0.1344509486960233,0.02302893159918023,0.15175286356171414
419,1,train,14,0.02798080559309976,0.16727464121348387,0.02302893159918023,0.15175286356171414
419,-1,train,30,0.02302893159918023,0.15175286356171414,0.02302893159918023,0.15175286356171414
420,0,train,16,0.023951589122319934,0.15476300954142735,0.02257503535306884,0.15024990966076765
420,1,train,14,0.02119848158381774,0.1455969834296636,0.02257503535306884,0.15024990966076765
420,-1,train,30,0.02257503535306884,0.15024990966076765,0.02257503535306884,0.15024990966076765
421,0,train,16,0.020789664552307453,0.14418621484839475,0.02276926463265363,0.15089487941164084
421,1,train,14,0.024748864712999807,0.15731771900520236,0.02276926463265363,0.15089487941164084
421,-1,train,30,0.02276926463265363,0.15089487941164084,0.02276926463265363,0.15089487941164084
422,0,train,16,0.020432238860893626,0.1429413826045265,0.022758549275741384,0.15085936920105886
422,1,train,14,0.025084859690589146,0.15838200557698828,0.022758549275741384,0.15085936920105886
422,-1,train,30,0.022758549275741384,0.15085936920105886,0.022758549275741384,0.15085936920105886
423,0,train,16,0.011020342026575059,0.10497781683086699,0.02339367692675607,0.1529499163999643
423,1,train,14,0.03576701182693708,0.18912168523714323,0.02339367692675607,0.1529499163999643
423,-1,train,30,0.02339367692675607,0.1529499163999643,0.02339367692675607,0.1529499163999643
424,0,train,16,0.015832568928614836,0.12582753644816716,0.02301785186666354,0.15171635332640823
424,1,train,14,0.030203134804712237,0.17379049112282363,0.02301785186666354,0.15171635332640823
424,-1,train,30,0.02301785186666354,0.15171635332640823,0.02301785186666354,0.15171635332640823
425,0,train,16,0.027534669476448594,0.16593573899690384,0.02215457740377143,0.1488441379556865
425,1,train,14,0.01677448533109427,0.1295163515973727,0.02215457740377143,0.1488441379556865
425,-1,train,30,0.02215457740377143,0.1488441379556865,0.02215457740377143,0.1488441379556865
426,0,train,16,0.027081819598746892,0.1645655480310107,0.022147328764187416,0.14881978619856776
426,1,train,14,0.01721283792962794,0.13119770550443305,0.022147328764187416,0.14881978619856776
426,-1,train,30,0.022147328764187416,0.14881978619856776,0.022147328764187416,0.14881978619856776
427,0,train,16,0.02299618473760138,0.15164492981171965,0.022403734404422358,0.14967877072057467
427,1,train,14,0.021811284071243338,0.14768643834571724,0.022403734404422358,0.14967877072057467
427,-1,train,30,0.022403734404422358,0.14967877072057467,0.022403734404422358,0.14967877072057467
428,0,train,16,0.027293082563731946,0.16520618197795126,0.022061612395044554,0.14853151987051286
428,1,train,14,0.01683014222635716,0.12973103802235286,0.022061612395044554,0.14853151987051286
428,-1,train,30,0.022061612395044554,0.14853151987051286,0.022061612395044554,0.14853151987051286
429,0,train,16,0.015522533731492812,0.12458946075608808,0.022865415202894514,0.15121314494082355
429,1,train,14,0.030208296674296215,0.17380534132844197,0.022865415202894514,0.15121314494082355
429,-1,train,30,0.022865415202894514,0.15121314494082355,0.022865415202894514,0.15121314494082355
430,0,train,16,0.02408703678307113,0.15519998963618242,0.022221246677166073,0.14906792638648353
430,1,train,14,0.02035545657126101,0.14267255016737107,0.022221246677166073,0.14906792638648353
430,-1,train,30,0.022221246677166073,0.14906792638648353,0.022221246677166073,0.14906792638648353
431,0,train,16,0.029696884569935394,0.1723278403797117,0.02179280825312254,0.14762387426538615
431,1,train,14,0.013888731936309687,0.1178504643024782,0.02179280825312254,0.14762387426538615
431,-1,train,30,0.02179280825312254,0.14762387426538615,0.02179280825312254,0.14762387426538615
432,0,train,16,0.011675009654955507,0.10805095860266815,0.02303716540244706,0.15177999012533588
432,1,train,14,0.034399321149938614,0.18547053984376768,0.02303716540244706,0.15177999012533588
432,-1,train,30,0.02303716540244706,0.15177999012533588,0.02303716540244706,0.15177999012533588
433,0,train,16,0.017716655034378626,0.1331039256910878,0.022572310624808717,0.1502408420663593
433,1,train,14,0.027427966215238804,0.16561390707074936,0.022572310624808717,0.1502408420663593
433,-1,train,30,0.022572310624808717,0.1502408420663593,0.022572310624808717,0.1502408420663593
434,0,train,16,0.017738761950238414,0.13318694361775263,0.022535655178828166,0.15011880354848345
434,1,train,14,0.027332548407417917,0.16532558303970357,0.022535655178828166,0.15011880354848345
434,-1,train,30,0.022535655178828166,0.15011880354848345,0.022535655178828166,0.15011880354848345
435,0,train,16,0.012894228909359507,0.11355275826398717,0.022846672825133856,0.15115115886136585
435,1,train,14,0.032799116740908206,0.18110526425509615,0.022846672825133856,0.15115115886136585
435,-1,train,30,0.022846672825133856,0.15115115886136585,0.022846672825133856,0.15115115886136585
436,0,train,16,0.024141443393338617,0.15537516980952465,0.02201407281383381,0.14837140160365747
436,1,train,14,0.019886702234328996,0.14102021923940197,0.02201407281383381,0.14837140160365747
436,-1,train,30,0.02201407281383381,0.14837140160365747,0.02201407281383381,0.14837140160365747
437,0,train,16,0.02150362601738445,0.1466411470815216,0.022164416581788096,0.14887718623680424
437,1,train,14,0.02282520714619174,0.15108013484966096,0.022164416581788096,0.14887718623680424
437,-1,train,30,0.022164416581788096,0.14887718623680424,0.022164416581788096,0.14887718623680424
438,0,train,16,0.013088204362865069,0.11440369033761572,0.02273509329062851,0.15078160793222928
438,1,train,14,0.03238198221839195,0.1799499436465373,0.02273509329062851,0.15078160793222928
438,-1,train,30,0.02273509329062851,0.15078160793222928,0.02273509329062851,0.15078160793222928
439,0,train,16,0.026856950063468953,0.16388090207058587,0.021715759392365523,0.14736267978143422
439,1,train,14,0.01657456872126209,0.12874225693711483,0.021715759392365523,0.14736267978143422
439,-1,train,30,0.021715759392365523,0.14736267978143422,0.021715759392365523,0.14736267978143422
440,0,train,16,0.023806301644339174,0.1542929086002956,0.021896027617448757,0.14797306382395667
440,1,train,14,0.019985753590558344,0.1413709786008371,0.021896027617448757,0.14797306382395667
440,-1,train,30,0.021896027617448757,0.14797306382395667,0.021896027617448757,0.14797306382395667
441,0,train,16,0.03351570711724877,0.1830729557232547,0.021173327179968626,0.14551057411737686
441,1,train,14,0.008830947242688477,0.09397311978799298,0.021173327179968626,0.14551057411737686
441,-1,train,30,0.021173327179968626,0.14551057411737686,0.021173327179968626,0.14551057411737686
442,0,train,16,0.019464339819096198,0.13951465807970215,0.02213542912691025,0.1487798008027644
442,1,train,14,0.024806518434724308,0.15750085217142257,0.02213542912691025,0.1487798008027644
442,-1,train,30,0.02213542912691025,0.1487798008027644,0.02213542912691025,0.1487798008027644
443,0,train,16,0.029166256137647166,0.17078131085586376,0.02141474175173622,0.1463377659790398
443,1,train,14,0.013663227365825275,0.11688980864825331,0.02141474175173622,0.1463377659790398
443,-1,train,30,0.02141474175173622,0.1463377659790398,0.02141474175173622,0.1463377659790398
444,0,train,16,0.013197666182675613,0.11488109584555509,0.02251529261605591,0.15005096672816176
444,1,train,14,0.031832919049436206,0.1784178215578147,0.02251529261605591,0.15005096672816176
444,-1,train,30,0.02251529261605591,0.15005096672816176,0.02251529261605591,0.15005096672816176
445,0,train,16,0.026762643052710866,0.16359291871199946,0.021515367019137085,0.14668117472646952
445,1,train,14,0.016268090985563304,0.12754642678477238,0.021515367019137085,0.14668117472646952
445,-1,train,30,0.021515367019137085,0.14668117472646952,0.021515367019137085,0.14668117472646952
446,0,train,16,0.017938304751619127,0.133933956678727,0.0221090236389533,0.14869103415792526
446,1,train,14,0.02627974252628747,0.1621102789038606,0.0221090236389533,0.14869103415792526
446,-1,train,30,0.0221090236389533,0.14869103415792526,0.0221090236389533,0.14869103415792526
447,0,train,16,0.012826054488540234,0.1132521721140051,0.02244091300356734,0.14980291386874736
447,1,train,14,0.03205577151859445,0.17904125647066502,0.02244091300356734,0.14980291386874736
447,-1,train,30,0.02244091300356734,0.14980291386874736,0.02244091300356734,0.14980291386874736
448,0,train,16,0.015029542661020329,0.12259503522174268,0.022246994744088328,0.1491542649208809
448,1,train,14,0.029464446827156328,0.17165210988262372,0.022246994744088328,0.1491542649208809
448,-1,train,30,0.022246994744088328,0.1491542649208809,0.022246994744088328,0.1491542649208809
449,0,train,16,0.006317371408089129,0.0794818935864586,0.02283803129325272,0.15112257042961094
449,1,train,14,0.03935869117841631,0.19839024970601835,0.02283803129325272,0.15112257042961094
449,-1,train,30,0.02283803129325272,0.15112257042961094,0.02283803129325272,0.15112257042961094
450,0,train,16,0.026394880952426324,0.16246501454906015,0.021370303405838405,0.14618585227660852
450,1,train,14,0.01634572585925048,0.1278504042201294,0.021370303405838405,0.14618585227660852
450,-1,train,30,0.021370303405838405,0.14618585227660852,0.021370303405838405,0.14618585227660852
451,0,train,16,0.02580710802228527,0.1606459088252336,0.021378337041828087,0.14621332716899677
451,1,train,14,0.016949566061370908,0.1301904991209839,0.021378337041828087,0.14621332716899677
451,-1,train,30,0.021378337041828087,0.14621332716899677,0.021378337041828087,0.14621332716899677
452,0,train,16,0.02413219756706566,0.15534541373038876,0.0214623677109198,0.14650040174320272
452,1,train,14,0.01879253785477394,0.13708587766350674,0.0214623677109198,0.14650040174320272
452,-1,train,30,0.0214623677109198,0.14650040174320272,0.0214623677109198,0.14650040174320272
453,0,train,16,0.013015127771724144,0.11408386288921034,0.022218320107411312,0.14905810983442436
453,1,train,14,0.03142151244309848,0.17726114194345718,0.022218320107411312,0.14905810983442436
453,-1,train,30,0.022218320107411312,0.14905810983442436,0.022218320107411312,0.14905810983442436
454,0,train,16,0.0064775417709790825,0.08048317694387494,0.022655961374858594,0.15051897347131554
454,1,train,14,0.038834380978738106,0.1970644081987869,0.022655961374858594,0.15051897347131554
454,-1,train,30,0.022655961374858594,0.15051897347131554,0.022655961374858594,0.15051897347131554
455,0,train,16,0.018025460595789893,0.13425893115837728,0.021797067022000394,0.14763829795144753
455,1,train,14,0.025568673448210896,0.15990207455880895,0.021797067022000394,0.14763829795144753
455,-1,train,30,0.021797067022000394,0.14763829795144753,0.021797067022000394,0.14763829795144753
456,0,train,16,0.023934524814751477,0.15470786927222377,0.021341338669802992,0.14608675049368094
456,1,train,14,0.018748152524854504,0.1369238931846977,0.021341338669802992,0.14608675049368094
456,-1,train,30,0.021341338669802992,0.14608675049368094,0.021341338669802992,0.14608675049368094
457,0,train,16,0.027529004685115654,0.16591866888664353,0.021049546231946305,0.1450846174890581
457,1,train,14,0.014570087778776952,0.1207066186204259,0.021049546231946305,0.1450846174890581
457,-1,train,30,0.021049546231946305,0.1450846174890581,0.021049546231946305,0.1450846174890581
458,0,train,16,0.02190169935136812,0.14799222733430334,0.021414832853665813,0.14633807725149942
458,1,train,14,0.020927966355963504,0.1446650142776874,0.021414832853665813,0.14633807725149942
458,-1,train,30,0.021414832853665813,0.14633807725149942,0.021414832853665813,0.14633807725149942
459,0,train,16,0.01701309887357034,0.13043427031869476,0.02172865289400551,0.14740642080318453
459,1,train,14,0.026444206914440684,0.16261674856680872,0.02172865289400551,0.14740642080318453
459,-1,train,30,0.02172865289400551,0.14740642080318453,0.02172865289400551,0.14740642080318453
460,0,train,16,0.034140525738300835,0.18477155013232105,0.020480122628079248,0.14310877900422198
460,1,train,14,0.006819719517857663,0.08258159309348338,0.020480122628079248,0.14310877900422198
460,-1,train,30,0.020480122628079248,0.14310877900422198,0.020480122628079248,0.14310877900422198
461,0,train,16,0.028052782003872657,0.16748964745282813,0.020875365022339585,0.14448309597437198
461,1,train,14,0.013697948040806512,0.1170382332436991,0.020875365022339585,0.14448309597437198
461,-1,train,30,0.020875365022339585,0.14448309597437198,0.020875365022339585,0.14448309597437198
462,0,train,16,0.014986075581870553,0.12241762774155752,0.021770722606884407,0.14754905152824402
462,1,train,14,0.02855536963189826,0.16898334128516415,0.021770722606884407,0.14754905152824402
462,-1,train,30,0.021770722606884407,0.14754905152824402,0.021770722606884407,0.14754905152824402
463,0,train,16,0.019694613937531406,0.14033750011145063,0.0214022798573341,0.1462951805676937
463,1,train,14,0.023109945777136792,0.1520195572192499,0.0214022798573341,0.1462951805676937
463,-1,train,30,0.0214022798573341,0.1462951805676937,0.0214022798573341,0.1462951805676937
464,0,train,16,0.026207135007991312,0.16188617917534318,0.020906013748764305,0.14458912043706576
464,1,train,14,0.015604892489537298,0.12491954406551962,0.020906013748764305,0.14458912043706576
464,-1,train,30,0.020906013748764305,0.14458912043706576,0.020906013748764305,0.14458912043706576
465,0,train,16,0.02314835007368414,0.152145818456125,0.02108607736034599,0.14521045885316247
465,1,train,14,0.01902380464700784,0.13792680902206012,0.02108607736034599,0.14521045885316247
465,-1,train,30,0.02108607736034599,0.14521045885316247,0.02108607736034599,0.14521045885316247
466,0,train,16,0.028075345754071817,0.16755699255498654,0.020703540052491594,0.14388724770629116
466,1,train,14,0.013331734350911367,0.11546312983334277,0.020703540052491594,0.14388724770629116
466,-1,train,30,0.020703540052491594,0.14388724770629116,0.020703540052491594,0.14388724770629116
467,0,train,16,0.003626753459771944,0.06022253282428384,0.022415005123771106,0.1497164156790133
467,1,train,14,0.041203256787770266,0.20298585366416613,0.022415005123771106,0.1497164156790133
467,-1,train,30,0.022415005123771106,0.1497164156790133,0.022415005123771106,0.1497164156790133
468,0,train,16,0.02351354465219255,0.1533412685880502,0.020959344136568685,0.1447734234470149
468,1,train,14,0.01840514362094482,0.1356655579760199,0.020959344136568685,0.1447734234470149
468,-1,train,30,0.020959344136568685,0.1447734234470149,0.020959344136568685,0.1447734234470149
469,0,train,16,0.019143035228981198,0.13835835800189736,0.021237782056423182,0.14573188414490215
469,1,train,14,0.02333252888386517,0.1527498899635125,0.021237782056423182,0.14573188414490215
469,-1,train,30,0.021237782056423182,0.14573188414490215,0.021237782056423182,0.14573188414490215
470,0,train,16,0.025340492157134697,0.15918697232228113,0.020761810099844354,0.1440895905325723
470,1,train,14,0.01618312804255401,0.1272129240390064,0.020761810099844354,0.1440895905325723
470,-1,train,30,0.020761810099844354,0.1440895905325723,0.020761810099844354,0.1440895905325723
471,0,train,16,0.029549678875216468,0.1719002003350097,0.020431156989756123,0.14293759823697935
471,1,train,14,0.011312635104295778,0.10636087205497978,0.020431156989756123,0.14293759823697935
471,-1,train,30,0.020431156989756123,0.14293759823697935,0.020431156989756123,0.14293759823697935
472,0,train,16,0.012331061661261225,0.11104531354929494,0.021619930700366528,0.1470371745524462
472,1,train,14,0.03090879973947183,0.17580898651511484,0.021619930700366528,0.1470371745524462
472,-1,train,30,0.021619930700366528,0.1470371745524462,0.021619930700366528,0.1470371745524462
473,0,train,16,0.02569417754999786,0.16029403466753794,0.02063818689348177,0.14365996969748313
473,1,train,14,0.015582196236965681,0.1248286675285997,0.02063818689348177,0.14365996969748313
473,-1,train,30,0.02063818689348177,0.14365996969748313,0.02063818689348177,0.14365996969748313
474,0,train,16,0.010463880072710697,0.1022931086276622,0.021687475275070735,0.14726668080414773
474,1,train,14,0.032911070477430776,0.1814140856643463,0.021687475275070735,0.14726668080414773
474,-1,train,30,0.021687475275070735,0.14726668080414773,0.021687475275070735,0.14726668080414773
475,0,train,16,0.018705594884224193,0.13676839870461374,0.02106445185351235,0.14513597711633167
475,1,train,14,0.02342330882280051,0.1530467537153288,0.02106445185351235,0.14513597711633167
475,-1,train,30,0.02106445185351235,0.14513597711633167,0.02106445185351235,0.14513597711633167
476,0,train,16,0.015898264567017657,0.12608832050201024,0.02123016233131597,0.14570573884139215
476,1,train,14,0.02656206009561429,0.16297871055942947,0.02123016233131597,0.14570573884139215
476,-1,train,30,0.02123016233131597,0.14570573884139215,0.02123016233131597,0.14570573884139215
477,0,train,16,0.018384325291181454,0.13558880960898453,0.021020707637482223,0.14498519799442364
477,1,train,14,0.023657089983782992,0.15380861479053437,0.021020707637482223,0.14498519799442364
477,-1,train,30,0.021020707637482223,0.14498519799442364,0.021020707637482223,0.14498519799442364
478,0,train,16,0.020827531354115893,0.14431746725229033,0.02081208413230421,0.14426393912653365
478,1,train,14,0.020796636910492525,0.14421039113216677,0.02081208413230421,0.14426393912653365
478,-1,train,30,0.02081208413230421,0.14426393912653365,0.02081208413230421,0.14426393912653365
479,0,train,16,0.02260120030348888,0.1503369558807444,0.020651329703871315,0.1437057051890123
479,1,train,14,0.018701459104253748,0.13675327822123223,0.020651329703871315,0.1437057051890123
479,-1,train,30,0.020651329703871315,0.1437057051890123,0.020651329703871315,0.1437057051890123
480,0,train,16,0.010665898032188518,0.10327583469615977,0.02146709546758408,0.14651653649873136
480,1,train,14,0.032268292902979646,0.17963377439384734,0.02146709546758408,0.14651653649873136
480,-1,train,30,0.02146709546758408,0.14651653649873136,0.02146709546758408,0.14651653649873136
481,0,train,16,0.025241108856653427,0.15887450662914246,0.020394865204997583,0.142810592061645
481,1,train,14,0.01554862155334174,0.12469411194335417,0.020394865204997583,0.142810592061645
481,-1,train,30,0.020394865204997583,0.142810592061645,0.020394865204997583,0.142810592061645
482,0,train,16,0.01884786814181535,0.1372875381883416,0.02081629806952095,0.14427854334418874
482,1,train,14,0.022784727997226546,0.15094610957963292,0.02081629806952095,0.14427854334418874
482,-1,train,30,0.02081629806952095,0.14427854334418874,0.02081629806952095,0.14427854334418874
483,0,train,16,0.011658431234518474,0.10797421560038524,0.021293227373945137,0.1459219907140289
483,1,train,14,0.0309280235133718,0.1758636503469998,0.021293227373945137,0.1459219907140289
483,-1,train,30,0.021293227373945137,0.1459219907140289,0.021293227373945137,0.1459219907140289
484,0,train,16,0.006163364556856505,0.07850709876728668,0.021652903108984916,0.14714925453085012
484,1,train,14,0.03714244166111333,0.19272374441441648,0.021652903108984916,0.14714925453085012
484,-1,train,30,0.021652903108984916,0.14714925453085012,0.021652903108984916,0.14714925453085012
485,0,train,16,0.01011355866962928,0.10056619048979275,0.021335229590479128,0.14606583991638541
485,1,train,14,0.03255690051132898,0.18043530838316812,0.021335229590479128,0.14606583991638541
485,-1,train,30,0.021335229590479128,0.14606583991638541,0.021335229590479128,0.14606583991638541
486,0,train,16,0.012308401897570482,0.1109432372773144,0.021143708800341228,0.14540876452381138
486,1,train,14,0.029979015703111976,0.1731444937129448,0.021143708800341228,0.14540876452381138
486,-1,train,30,0.021143708800341228,0.14540876452381138,0.021143708800341228,0.14540876452381138
487,0,train,16,0.03126196819750617,0.17681054323061782,0.019767211080102078,0.14059591416574693
487,1,train,14,0.008272453962697983,0.09095303163005608,0.019767211080102078,0.14059591416574693
487,-1,train,30,0.019767211080102078,0.14059591416574693,0.019767211080102078,0.14059591416574693
488,0,train,16,0.01668397070168569,0.12916644572676642,0.020762727460105053,0.144092773795583
488,1,train,14,0.02484148421852441,0.15761181497122737,0.020762727460105053,0.144092773795583
488,-1,train,30,0.020762727460105053,0.144092773795583,0.020762727460105053,0.144092773795583
489,0,train,16,0.02897097118094132,0.17020861077202093,0.019859686137540376,0.14092439865949535
489,1,train,14,0.010748401094139432,0.10367449587116126,0.019859686137540376,0.14092439865949535
489,-1,train,30,0.019859686137540376,0.14092439865949535,0.019859686137540376,0.14092439865949535
490,0,train,16,0.01187488380401792,0.1089719404434826,0.021036903267398502,0.1450410399417989
490,1,train,14,0.030198922730779083,0.17377837244829716,0.021036903267398502,0.1450410399417989
490,-1,train,30,0.021036903267398502,0.1450410399417989,0.021036903267398502,0.1450410399417989
491,0,train,16,0.024597692098349905,0.1568365139192717,0.02009693153791623,0.14176364674314862
491,1,train,14,0.01559617097748256,0.12488463066960065,0.02009693153791623,0.14176364674314862
491,-1,train,30,0.02009693153791623,0.14176364674314862,0.02009693153791623,0.14176364674314862
492,0,train,16,0.02225833687727988,0.14919228156067552,0.02022747540834255,0.14222332933925624
492,1,train,14,0.018196613939405217,0.1348948254730522,0.02022747540834255,0.14222332933925624
492,-1,train,30,0.02022747540834255,0.14222332933925624,0.02022747540834255,0.14222332933925624
493,0,train,16,0.018299892896065883,0.1352770967165761,0.02047560932232457,0.14309300934121333
493,1,train,14,0.022651325748583254,0.1505035738731252,0.02047560932232457,0.14309300934121333
493,-1,train,30,0.02047560932232457,0.14309300934121333,0.02047560932232457,0.14309300934121333
494,0,train,16,0.018317557975111178,0.13534237316934847,0.020438387782613338,0.14296288952946265
494,1,train,14,0.022559217590115498,0.1501972622590555,0.020438387782613338,0.14296288952946265
494,-1,train,30,0.020438387782613338,0.14296288952946265,0.020438387782613338,0.14296288952946265
495,0,train,16,0.028850606491655207,0.16985466284931716,0.01966000264189591,0.14021413139158231
495,1,train,14,0.010469398792136615,0.10232008010227814,0.01966000264189591,0.14021413139158231
495,-1,train,30,0.01966000264189591,0.14021413139158231,0.01966000264189591,0.14021413139158231
496,0,train,16,0.015923333600865654,0.12618769195474516,0.020539526832418102,0.14331617784611095
496,1,train,14,0.025155720063970547,0.15860554865442303,0.020539526832418102,0.14331617784611095
496,-1,train,30,0.020539526832418102,0.14331617784611095,0.020539526832418102,0.14331617784611095
497,0,train,16,0.02043769194281873,0.14296045587091114,0.020185006028314658,0.14207394563506237
497,1,train,14,0.019932320113810586,0.14118186892731865,0.020185006028314658,0.14207394563506237
497,-1,train,30,0.020185006028314658,0.14207394563506237,0.020185006028314658,0.14207394563506237
498,0,train,16,0.03462443904410638,0.18607643333884702,0.019148503539085496,0.13837811799228047
498,1,train,14,0.0036725680340646168,0.06060171642837038,0.019148503539085496,0.13837811799228047
498,-1,train,30,0.019148503539085496,0.13837811799228047,0.019148503539085496,0.13837811799228047
499,0,train,16,0.018627236537118175,0.13648163443159,0.020247491104718504,0.1422936790750682
499,1,train,14,0.02186774567231883,0.14787746844032335,0.020247491104718504,0.1422936790750682
499,-1,train,30,0.020247491104718504,0.1422936790750682,0.020247491104718504,0.1422936790750682
500,0,train,16,0.01146147615457604,0.10705828391383844,0.02072381260682777,0.1439576764428621
500,1,train,14,0.029986149059079502,0.17316509191831794,0.02072381260682777,0.1439576764428621
500,-1,train,30,0.02072381260682777,0.1439576764428621,0.02072381260682777,0.1439576764428621
501,0,train,16,0.034817433862710974,0.18659430286777506,0.019036044574286787,0.13797117298293432
501,1,train,14,0.0032546552858626005,0.05704958620237837,0.019036044574286787,0.13797117298293432
501,-1,train,30,0.019036044574286787,0.13797117298293432,0.019036044574286787,0.13797117298293432
502,0,train,16,0.009613304311846014,0.09804745948695465,0.02078491650823442,0.14416974893587914
502,1,train,14,0.03195652870462283,0.17876389094171907,0.02078491650823442,0.14416974893587914
502,-1,train,30,0.02078491650823442,0.14416974893587914,0.02078491650823442,0.14416974893587914
503,0,train,16,0.00973605798582948,0.09867146490160912,0.020742693936113485,0.14402324095823385
503,1,train,14,0.03174932988639749,0.1781834164180199,0.020742693936113485,0.14402324095823385
503,-1,train,30,0.020742693936113485,0.14402324095823385,0.020742693936113485,0.14402324095823385
504,0,train,16,0.028132828481318362,0.16772843671041104,0.019400960086966585,0.13928732924055434
504,1,train,14,0.01066909169261481,0.10329129533806229,0.019400960086966585,0.13928732924055434
504,-1,train,30,0.019400960086966585,0.13928732924055434,0.019400960086966585,0.13928732924055434
505,0,train,16,0.02393297488653914,0.15470285998177002,0.019665362081162138,0.14023324171237767
505,1,train,14,0.015397749275785135,0.1240876677022545,0.019665362081162138,0.14023324171237767
505,-1,train,30,0.019665362081162138,0.14023324171237767,0.019665362081162138,0.14023324171237767
506,0,train,16,0.027916864510314766,0.16708340584963777,0.019342153637300116,0.13907607140446596
506,1,train,14,0.010767442764285465,0.10376628915156148,0.019342153637300116,0.13907607140446596
506,-1,train,30,0.019342153637300116,0.13907607140446596,0.019342153637300116,0.13907607140446596
507,0,train,16,0.023913196078906834,0.1546389216171234,0.01959255492128017,0.13997340790764567
507,1,train,14,0.015271913763653501,0.12357958473653123,0.01959255492128017,0.13997340790764567
507,-1,train,30,0.01959255492128017,0.13997340790764567,0.01959255492128017,0.13997340790764567
508,0,train,16,0.015967341077718657,0.126361944737008,0.02012423164122039,0.14185990145640306
508,1,train,14,0.024281122204722116,0.15582401036015636,0.02012423164122039,0.14185990145640306
508,-1,train,30,0.02012423164122039,0.14185990145640306,0.02012423164122039,0.14185990145640306
509,0,train,16,0.013507408709467905,0.11622137802258199,0.02026600443609233,0.1423587174573174
509,1,train,14,0.027024600162716756,0.16439160612001075,0.02026600443609233,0.1423587174573174
509,-1,train,30,0.02026600443609233,0.1423587174573174,0.02026600443609233,0.1423587174573174
510,0,train,16,0.021837579488936904,0.14777543601335408,0.01963873671142271,0.14013827711022678
510,1,train,14,0.01743989393390851,0.13206019057198318,0.01963873671142271,0.14013827711022678
510,-1,train,30,0.01963873671142271,0.14013827711022678,0.01963873671142271,0.14013827711022678
511,0,train,16,0.006092706906593032,0.07805579354918527,0.02073160453538659,0.1439847371612234
511,1,train,14,0.03537050216418015,0.18807047127122362,0.02073160453538659,0.1439847371612234
511,-1,train,30,0.02073160453538659,0.1439847371612234,0.02073160453538659,0.1439847371612234
512,0,train,16,0.009905491327414313,0.09952633484366996,0.020418750827079977,0.14289419451846172
512,1,train,14,0.03093201032674564,0.17587498493744255,0.020418750827079977,0.14289419451846172
512,-1,train,30,0.020418750827079977,0.14289419451846172,0.020418750827079977,0.14289419451846172
513,0,train,16,0.0058839937154493436,0.07670719467852637,0.02067229681641765,0.1437786382478901
513,1,train,14,0.035460599917385954,0.18830985082407653,0.02067229681641765,0.1437786382478901
513,-1,train,30,0.02067229681641765,0.1437786382478901,0.02067229681641765,0.1437786382478901
514,0,train,16,0.027603593964368112,0.16614329346792217,0.019092858292842557,0.13817690940545224
514,1,train,14,0.010582122621317002,0.10286944454655621,0.019092858292842557,0.13817690940545224
514,-1,train,30,0.019092858292842557,0.13817690940545224,0.019092858292842557,0.13817690940545224
515,0,train,16,0.03402925536893328,0.18447020184553733,0.01861128540215174,0.1364231849875663
515,1,train,14,0.0031933154353702,0.05650942784500831,0.01861128540215174,0.1364231849875663
515,-1,train,30,0.01861128540215174,0.1364231849875663,0.01861128540215174,0.1364231849875663
516,0,train,16,0.02138525246439385,0.14623697365712218,0.019461447859374606,0.1395042933367092
516,1,train,14,0.01753764325435536,0.13242976725176012,0.019461447859374606,0.1395042933367092
516,-1,train,30,0.019461447859374606,0.1395042933367092,0.019461447859374606,0.1395042933367092
517,0,train,16,0.02514772607608574,0.15858034580642627,0.019158643828704,0.13841475293011218
517,1,train,14,0.01316956158132226,0.11475871026341425,0.019158643828704,0.13841475293011218
517,-1,train,30,0.019158643828704,0.13841475293011218,0.019158643828704,0.13841475293011218
518,0,train,16,0.02164897817476359,0.1471359173511471,0.01937508406713906,0.139194411048501
518,1,train,14,0.01710118995951453,0.13077151815098934,0.01937508406713906,0.139194411048501
518,-1,train,30,0.01937508406713906,0.139194411048501,0.01937508406713906,0.139194411048501
519,0,train,16,0.013664849303817844,0.11689674633546412,0.019906971747805764,0.14109206833768426
519,1,train,14,0.026149094191793683,0.16170681553909125,0.019906971747805764,0.14109206833768426
519,-1,train,30,0.019906971747805764,0.14109206833768426,0.019906971747805764,0.14109206833768426
520,0,train,16,0.02515692541015499,0.15860934843241425,0.019056945768229323,0.1380468969887745
520,1,train,14,0.012956966126303654,0.11382867005418122,0.019056945768229323,0.1380468969887745
520,-1,train,30,0.019056945768229323,0.1380468969887745,0.019056945768229323,0.1380468969887745
521,0,train,16,0.031215892620745856,0.17668019872285026,0.018596031452716977,0.13636726679345368
521,1,train,14,0.005976170284688096,0.07730569374042313,0.018596031452716977,0.13636726679345368
521,-1,train,30,0.018596031452716977,0.13636726679345368,0.018596031452716977,0.13636726679345368
522,0,train,16,0.02744383700977071,0.16566181518313358,0.01882257939717368,0.13719540588946
522,1,train,14,0.010201321784576644,0.10100159298039138,0.01882257939717368,0.13719540588946
522,-1,train,30,0.01882257939717368,0.13719540588946,0.01882257939717368,0.13719540588946
523,0,train,16,0.025271062267052065,0.15896874619576032,0.018942722041283975,0.13763256170428556
523,1,train,14,0.012614381815515885,0.11231376503134372,0.018942722041283975,0.13763256170428556
523,-1,train,30,0.018942722041283975,0.13763256170428556,0.018942722041283975,0.13763256170428556
524,0,train,16,0.029594247995298924,0.1720297881045574,0.018602212482010265,0.1363899280812563
524,1,train,14,0.0076101769687216035,0.08723632826249397,0.018602212482010265,0.1363899280812563
524,-1,train,30,0.018602212482010265,0.1363899280812563,0.018602212482010265,0.1363899280812563
525,0,train,16,0.02693588142560121,0.16412154467223738,0.018753671625270106,0.13694404559990955
525,1,train,14,0.010571461824939005,0.10281761437097733,0.018753671625270106,0.13694404559990955
525,-1,train,30,0.018753671625270106,0.13694404559990955,0.018753671625270106,0.13694404559990955
526,0,train,16,0.005765355793277126,0.07592994003209226,0.020237342107103772,0.14225801245309092
526,1,train,14,0.03470932842093042,0.18630439721308356,0.020237342107103772,0.14225801245309092
526,-1,train,30,0.020237342107103772,0.14225801245309092,0.020237342107103772,0.14225801245309092
527,0,train,16,0.021446009304234043,0.14644456051432583,0.01907839618060518,0.13812456762142344
527,1,train,14,0.01671078305697632,0.12927019400069112,0.01907839618060518,0.13812456762142344
527,-1,train,30,0.01907839618060518,0.13812456762142344,0.01907839618060518,0.13812456762142344
528,0,train,16,0.00722530293376068,0.08500178194461973,0.0200578798236352,0.1416258444763356
528,1,train,14,0.032890456713509715,0.181357262643407,0.0200578798236352,0.1416258444763356
528,-1,train,30,0.0200578798236352,0.1416258444763356,0.0200578798236352,0.1416258444763356
529,0,train,16,0.017078570966380678,0.1306850066625115,0.01932010404080766,0.13899677708784353
529,1,train,14,0.02156163711523464,0.14683881338132176,0.01932010404080766,0.13899677708784353
529,-1,train,30,0.01932010404080766,0.13899677708784353,0.01932010404080766,0.13899677708784353
530,0,train,16,0.011109443946812042,0.10540134698765496,0.01970904147048771,0.14038889368638713
530,1,train,14,0.02830863899416338,0.16825171319830112,0.01970904147048771,0.14038889368638713
530,-1,train,30,0.01970904147048771,0.14038889368638713,0.01970904147048771,0.14038889368638713
531,0,train,16,0.007297009527642072,0.08542253524475887,0.01994862337801269,0.14123959564517555
531,1,train,14,0.03260023722838331,0.18055535779473095,0.01994862337801269,0.14123959564517555
531,-1,train,30,0.01994862337801269,0.14123959564517555,0.01994862337801269,0.14123959564517555
532,0,train,16,0.015103768914721063,0.12289739181415146,0.019356113135043644,0.13912624890739936
532,1,train,14,0.02360845735536623,0.15365043883883386,0.019356113135043644,0.13912624890739936
532,-1,train,30,0.019356113135043644,0.13912624890739936,0.019356113135043644,0.13912624890739936
533,0,train,16,0.01922363667862721,0.1386493298888502,0.019029085817069098,0.13794595252151873
533,1,train,14,0.018834534955510986,0.13723897025084014,0.019029085817069098,0.13794595252151873
533,-1,train,30,0.019029085817069098,0.13794595252151873,0.019029085817069098,0.13794595252151873
534,0,train,16,0.013231932892728077,0.11503013906245649,0.019417871440321678,0.13934802273560137
534,1,train,14,0.025603809987915283,0.16001190576927482,0.019417871440321678,0.13934802273560137
534,-1,train,30,0.019417871440321678,0.13934802273560137,0.019417871440321678,0.13934802273560137
535,0,train,16,0.016719266034231618,0.12930300087094507,0.019135099565354648,0.1383296770955338
535,1,train,14,0.021550933096477674,0.14680236066384517,0.019135099565354648,0.1383296770955338
535,-1,train,30,0.019135099565354648,0.1383296770955338,0.019135099565354648,0.1383296770955338
536,0,train,16,0.02045582505175001,0.14302386182644494,0.018833588968734986,0.13723552371283096
536,1,train,14,0.017211352885719962,0.1311920458172673,0.018833588968734986,0.13723552371283096
536,-1,train,30,0.018833588968734986,0.13723552371283096,0.018833588968734986,0.13723552371283096
537,0,train,16,0.01711074739260334,0.1308080555340662,0.01903605995020926,0.13797122870442685
537,1,train,14,0.020961372507815178,0.14478042860765117,0.01903605995020926,0.13797122870442685
537,-1,train,30,0.01903605995020926,0.13797122870442685,0.01903605995020926,0.13797122870442685
538,0,train,16,0.026767644328768825,0.16360820373309165,0.018314793373472506,0.13533215942071014
538,1,train,14,0.009861942418176185,0.0993073130145821,0.018314793373472506,0.13533215942071014
538,-1,train,30,0.018314793373472506,0.13533215942071014,0.018314793373472506,0.13533215942071014
539,0,train,16,0.012952729445351044,0.11381005862994291,0.019262567422133964,0.138789651711264
539,1,train,14,0.025572405398916885,0.1599137436211062,0.019262567422133964,0.138789651711264
539,-1,train,30,0.019262567422133964,0.138789651711264,0.019262567422133964,0.138789651711264
540,0,train,16,0.015129372684631876,0.12300151496884856,0.019071680475037267,0.13810025515920407
540,1,train,14,0.02301398826544266,0.15170361981654445,0.019071680475037267,0.13810025515920407
540,-1,train,30,0.019071680475037267,0.13810025515920407,0.019071680475037267,0.13810025515920407
541,0,train,16,0.02652111364081645,0.16285304308122844,0.01822641956076297,0.13500525753007908
541,1,train,14,0.009931725480709494,0.09965804272967382,0.01822641956076297,0.13500525753007908
541,-1,train,30,0.01822641956076297,0.13500525753007908,0.01822641956076297,0.13500525753007908
542,0,train,16,0.018802322354328042,0.13712156050135968,0.01873924212057058,0.13689135151853304
542,1,train,14,0.01867616188681312,0.13666075474258554,0.01873924212057058,0.13689135151853304
542,-1,train,30,0.01873924212057058,0.13689135151853304,0.01873924212057058,0.13689135151853304
543,0,train,16,0.02251119735781908,0.1500373198834846,0.018441440514939313,0.1357992655169361
543,1,train,14,0.014371683672059547,0.11988195724152799,0.018441440514939313,0.1357992655169361
543,-1,train,30,0.018441440514939313,0.1357992655169361,0.018441440514939313,0.1357992655169361
544,0,train,16,0.01885302432673099,0.1373063156840609,0.018664817941552753,0.1366192444041203
544,1,train,14,0.018476611556374513,0.13592870026736265,0.018664817941552753,0.1366192444041203
544,-1,train,30,0.018664817941552753,0.1366192444041203,0.018664817941552753,0.1366192444041203
545,0,train,16,0.024453875472789027,0.1563773496155662,0.01823516200744865,0.13503763181961037
545,1,train,14,0.012016448542108272,0.10961956277101396,0.01823516200744865,0.13503763181961037
545,-1,train,30,0.01823516200744865,0.13503763181961037,0.01823516200744865,0.13503763181961037
546,0,train,16,0.014755314178341633,0.12147145417068832,0.018887193639650475,0.13743068667386651
546,1,train,14,0.02301907310095932,0.151720378001636,0.018887193639650475,0.13743068667386651
546,-1,train,30,0.018887193639650475,0.13743068667386651,0.018887193639650475,0.13743068667386651
547,0,train,16,0.014579171458015624,0.12074423985439481,0.018864205655793866,0.1373470263813304
547,1,train,14,0.023149239853572107,0.15214874253036764,0.018864205655793866,0.1373470263813304
547,-1,train,30,0.018864205655793866,0.1373470263813304,0.018864205655793866,0.1373470263813304
548,0,train,16,0.02441552067729505,0.15625466609767227,0.018131676420532383,0.13465391349876313
548,1,train,14,0.011847832163769714,0.10884774762837178,0.018131676420532383,0.13465391349876313
548,-1,train,30,0.018131676420532383,0.13465391349876313,0.018131676420532383,0.13465391349876313
549,0,train,16,0.01624453789470988,0.12745406189961103,0.01867613296420194,0.1366606489235359
549,1,train,14,0.021107728033693998,0.14528498901708325,0.01867613296420194,0.1366606489235359
549,-1,train,30,0.01867613296420194,0.1366606489235359,0.01867613296420194,0.1366606489235359
550,0,train,16,0.022375058782054223,0.14958294950312426,0.01820468614829531,0.13492474253559023
550,1,train,14,0.014034313514536403,0.11846650798658835,0.01820468614829531,0.13492474253559023
550,-1,train,30,0.01820468614829531,0.13492474253559023,0.01820468614829531,0.13492474253559023
551,0,train,16,0.010753338760753507,0.10369830645074926,0.01900386396415932,0.13785450287951903
551,1,train,14,0.027254389167565136,0.165089034062124,0.01900386396415932,0.13785450287951903
551,-1,train,30,0.01900386396415932,0.13785450287951903,0.01900386396415932,0.13785450287951903
552,0,train,16,0.016281953077641305,0.12760075657158662,0.018567238720295632,0.13626165535577364
552,1,train,14,0.02085252436294996,0.1444040316713836,0.018567238720295632,0.13626165535577364
552,-1,train,30,0.018567238720295632,0.13626165535577364,0.018567238720295632,0.13626165535577364
553,0,train,16,0.026179760317950863,0.16180160789667963,0.01783155650575198,0.1335348512776795
553,1,train,14,0.009483352693553097,0.09738250712295868,0.01783155650575198,0.1335348512776795
553,-1,train,30,0.01783155650575198,0.1335348512776795,0.01783155650575198,0.1335348512776795
554,0,train,16,0.0143867743492876,0.11994488046301768,0.01863324593572894,0.1365036480674745
554,1,train,14,0.02287971752217028,0.15126042946577364,0.01863324593572894,0.1365036480674745
554,-1,train,30,0.01863324593572894,0.1365036480674745,0.01863324593572894,0.1365036480674745
555,0,train,16,0.03142129228466918,0.17726052094211273,0.017396644808754726,0.1318963411499907
555,1,train,14,0.003371997332840269,0.05806890159836217,0.017396644808754726,0.1318963411499907
555,-1,train,30,0.017396644808754726,0.1318963411499907,0.017396644808754726,0.1318963411499907
556,0,train,16,0.022033138748470512,0.14843563840422727,0.018019239252497515,0.13423575996170883
556,1,train,14,0.014005339756524519,0.1183441581005354,0.018019239252497515,0.13423575996170883
556,-1,train,30,0.018019239252497515,0.13423575996170883,0.018019239252497515,0.13423575996170883
557,0,train,16,0.02789785823567768,0.16702651955805606,0.017566119848535743,0.1325372394783283
557,1,train,14,0.007234381461393808,0.08505516716457506,0.017566119848535743,0.1325372394783283
557,-1,train,30,0.017566119848535743,0.1325372394783283,0.017566119848535743,0.1325372394783283
558,0,train,16,0.025495363257751157,0.15967267536354227,0.017702297927547038,0.13304998281678596
558,1,train,14,0.009909232597342919,0.09954512844606168,0.017702297927547038,0.13304998281678596
558,-1,train,30,0.017702297927547038,0.13304998281678596,0.017702297927547038,0.13304998281678596
559,0,train,16,0.025712587272223513,0.16035144923643038,0.017653598906686552,0.1328668465294731
559,1,train,14,0.009594610541149587,0.09795208288316072,0.017653598906686552,0.1328668465294731
559,-1,train,30,0.017653598906686552,0.1328668465294731,0.017653598906686552,0.1328668465294731
560,0,train,16,0.01041599263631553,0.10205877050168462,0.018709675951216455,0.13678331751795048
560,1,train,14,0.027003359266117383,0.16432698885489683,0.018709675951216455,0.13678331751795048
560,-1,train,30,0.018709675951216455,0.13678331751795048,0.018709675951216455,0.13678331751795048
561,0,train,16,0.018113486316580385,0.1345863526386698,0.018123816114958863,0.13462472326790076
561,1,train,14,0.01813414591333734,0.1346630829638819,0.018123816114958863,0.13462472326790076
561,-1,train,30,0.018123816114958863,0.13462472326790076,0.018123816114958863,0.13462472326790076
562,0,train,16,0.019839480210777465,0.14085268975343518,0.017966371893012582,0.13403869550623276
562,1,train,14,0.0160932635752477,0.12685922739496602,0.017966371893012582,0.13403869550623276
562,-1,train,30,0.017966371893012582,0.13403869550623276,0.017966371893012582,0.13403869550623276
563,0,train,16,0.031006740044476677,0.17608730801644018,0.01714428774870874,0.13093619724395825
563,1,train,14,0.0032818354529407967,0.057287306211243665,0.01714428774870874,0.13093619724395825
563,-1,train,30,0.01714428774870874,0.13093619724395825,0.01714428774870874,0.13093619724395825
564,0,train,16,0.015936391449259756,0.12623942113800965,0.018173918187614553,0.13481067534737207
564,1,train,14,0.020411444925969347,0.14286862820776766,0.018173918187614553,0.13481067534737207
564,-1,train,30,0.018173918187614553,0.13481067534737207,0.018173918187614553,0.13481067534737207
565,0,train,16,0.014036027904514711,0.11847374352368001,0.018274557779775474,0.1351834227254787
565,1,train,14,0.022513087655036235,0.15004361917467945,0.018274557779775474,0.1351834227254787
565,-1,train,30,0.018274557779775474,0.1351834227254787,0.018274557779775474,0.1351834227254787
566,0,train,16,0.029125644011830477,0.17066236847011845,0.017170740702950806,0.13103717298137504
566,1,train,14,0.0052158373940711334,0.07222075459361481,0.017170740702950806,0.13103717298137504
566,-1,train,30,0.017170740702950806,0.13103717298137504,0.017170740702950806,0.13103717298137504
567,0,train,16,0.023619713863586727,0.1536870647243506,0.01752644316788726,0.13238747360640757
567,1,train,14,0.011433172472187789,0.10692601401056614,0.01752644316788726,0.13238747360640757
567,-1,train,30,0.01752644316788726,0.13238747360640757,0.01752644316788726,0.13238747360640757
568,0,train,16,0.030873446794576077,0.17570841412572158,0.016983297679849765,0.13031998189015284
568,1,train,14,0.003093148565123449,0.05561608189295115,0.016983297679849765,0.13031998189015284
568,-1,train,30,0.016983297679849765,0.13031998189015284,0.016983297679849765,0.13031998189015284
569,0,train,16,0.010488693540394988,0.10241432292601943,0.018393191641362015,0.13562150139768406
569,1,train,14,0.026297689742329045,0.16216562441630175,0.018393191641362015,0.13562150139768406
569,-1,train,30,0.018393191641362015,0.13562150139768406,0.018393191641362015,0.13562150139768406
570,0,train,16,0.02128413191080445,0.14589082188679467,0.01758918968757072,0.13262424245804658
570,1,train,14,0.01389424746433699,0.11787386251555936,0.01758918968757072,0.13262424245804658
570,-1,train,30,0.01758918968757072,0.13262424245804658,0.01758918968757072,0.13262424245804658
571,0,train,16,0.010397296645202626,0.10196713512305142,0.01832963489279936,0.13538698199162044
571,1,train,14,0.026261973140396095,0.16205546316121555,0.01832963489279936,0.13538698199162044
571,-1,train,30,0.01832963489279936,0.13538698199162044,0.01832963489279936,0.13538698199162044
572,0,train,16,0.01992022144489785,0.14113901460934836,0.017615213389674398,0.1327223168486536
572,1,train,14,0.015310205334450948,0.12373441451128683,0.017615213389674398,0.1327223168486536
572,-1,train,30,0.017615213389674398,0.1327223168486536,0.017615213389674398,0.1327223168486536
573,0,train,16,0.021123388629438737,0.1453388751485257,0.017496706112923376,0.1322751152444154
573,1,train,14,0.013870023596408014,0.11777106434268145,0.017496706112923376,0.1322751152444154
573,-1,train,30,0.017496706112923376,0.1322751152444154,0.017496706112923376,0.1322751152444154
574,0,train,16,0.011976412991842112,0.10943679907527501,0.01811279660386191,0.1345837902715699
574,1,train,14,0.024249180215881704,0.15572148283355672,0.01811279660386191,0.1345837902715699
574,-1,train,30,0.01811279660386191,0.1345837902715699,0.01811279660386191,0.1345837902715699
575,0,train,16,0.013772141105723093,0.11735476601196516,0.017949699912979164,0.13397649015024674
575,1,train,14,0.022127258720235233,0.14875234021767603,0.017949699912979164,0.13397649015024674
575,-1,train,30,0.017949699912979164,0.13397649015024674,0.017949699912979164,0.13397649015024674
576,0,train,16,0.01780959865126023,0.1334526082594875,0.017628310938030748,0.1327716496019792
576,1,train,14,0.017447023224801267,0.1320871803953785,0.017628310938030748,0.1327716496019792
576,-1,train,30,0.017628310938030748,0.1327716496019792,0.017628310938030748,0.1327716496019792
577,0,train,16,0.017548552695140378,0.1324709503821135,0.017610392530509562,0.1327041541569425
577,1,train,14,0.01767223236587875,0.1329369488362011,0.017610392530509562,0.1327041541569425
577,-1,train,30,0.017610392530509562,0.1327041541569425,0.017610392530509562,0.1327041541569425
578,0,train,16,0.02481911402283766,0.15754083287464765,0.017060999733020662,0.13061776193542998
578,1,train,14,0.009302885443203665,0.09645146677580214,0.017060999733020662,0.13061776193542998
578,-1,train,30,0.017060999733020662,0.13061776193542998,0.017060999733020662,0.13061776193542998
579,0,train,16,0.012119940122112916,0.11009059960829043,0.01792801853384747,0.13389555083664084
579,1,train,14,0.023736096945582024,0.15406523600599203,0.01792801853384747,0.13389555083664084
579,-1,train,30,0.01792801853384747,0.13389555083664084,0.01792801853384747,0.13389555083664084
580,0,train,16,0.015572361519404495,0.12478926844646736,0.01764697154330307,0.13284190431977053
580,1,train,14,0.019721581567201645,0.14043354858153248,0.01764697154330307,0.13284190431977053
580,-1,train,30,0.01764697154330307,0.13284190431977053,0.01764697154330307,0.13284190431977053
581,0,train,16,0.021248535004171055,0.14576877239028616,0.017209301841013942,0.13118422862910747
581,1,train,14,0.01317006867785683,0.1147609196453951,0.017209301841013942,0.13118422862910747
581,-1,train,30,0.017209301841013942,0.13118422862910747,0.017209301841013942,0.13118422862910747
582,0,train,16,0.017414413965640498,0.1319636842682126,0.017447534473020592,0.13208911564932438
582,1,train,14,0.017480654980400686,0.1322144280341623,0.017447534473020592,0.13208911564932438
582,-1,train,30,0.017447534473020592,0.13208911564932438,0.017447534473020592,0.13208911564932438
583,0,train,16,0.012024305168644018,0.10965539279325946,0.017793907571127865,0.13339380634470202
583,1,train,14,0.023563509973611715,0.15350410409370727,0.017793907571127865,0.13339380634470202
583,-1,train,30,0.017793907571127865,0.13339380634470202,0.017793907571127865,0.13339380634470202
584,0,train,16,0.017339594163189094,0.13167989278241798,0.017383157855388458,0.13184520414254156
584,1,train,14,0.017426721547587825,0.1320103084898593,0.017383157855388458,0.13184520414254156
584,-1,train,30,0.017383157855388458,0.13184520414254156,0.017383157855388458,0.13184520414254156
585,0,train,16,0.019000223861035927,0.1378412995478348,0.017230454796973355,0.13126482696051275
585,1,train,14,0.015460685732910786,0.12434100583842317,0.017230454796973355,0.13126482696051275
585,-1,train,30,0.017230454796973355,0.13126482696051275,0.017230454796973355,0.13126482696051275
586,0,train,16,0.013322356703519353,0.11542251385028551,0.01759668068105209,0.13265248087032555
586,1,train,14,0.021871004658584825,0.14788848724151865,0.01759668068105209,0.13265248087032555
586,-1,train,30,0.01759668068105209,0.13265248087032555,0.01759668068105209,0.13265248087032555
587,0,train,16,0.017459378871075286,0.13213394291806813,0.017268117091741843,0.13140820785530044
587,1,train,14,0.017076855312408403,0.13067844241652257,0.017268117091741843,0.13140820785530044
587,-1,train,30,0.017268117091741843,0.13140820785530044,0.017268117091741843,0.13140820785530044
588,0,train,16,0.01198931550445656,0.10949573281391636,0.017620872659849792,0.1327436351010842
588,1,train,14,0.023252429815243024,0.15248747428967083,0.017620872659849792,0.1327436351010842
588,-1,train,30,0.017620872659849792,0.1327436351010842,0.017620872659849792,0.1327436351010842
589,0,train,16,0.01919587669046394,0.13854918509491113,0.017073466461996097,0.1306654754018677
589,1,train,14,0.01495105623352825,0.12227451179018566,0.017073466461996097,0.1306654754018677
589,-1,train,30,0.017073466461996097,0.1306654754018677,0.017073466461996097,0.1306654754018677
590,0,train,16,0.01562705020040822,0.12500820053263795,0.0172925032081786,0.13150096276521553
590,1,train,14,0.01895795621594898,0.13768789422439787,0.0172925032081786,0.13150096276521553
590,-1,train,30,0.0172925032081786,0.13150096276521553,0.0172925032081786,0.13150096276521553
591,0,train,16,0.020724985265640528,0.1439617493143249,0.01689558749234076,0.12998302770877726
591,1,train,14,0.013066189719040989,0.1143074350995638,0.01689558749234076,0.12998302770877726
591,-1,train,30,0.01689558749234076,0.12998302770877726,0.01689558749234076,0.12998302770877726
592,0,train,16,0.029501592872674554,0.17176027734221483,0.016246491239842224,0.1274617246072021
592,1,train,14,0.002991389607009896,0.054693597495592626,0.016246491239842224,0.1274617246072021
592,-1,train,30,0.016246491239842224,0.1274617246072021,0.016246491239842224,0.1274617246072021
593,0,train,16,0.013602313252329487,0.1166289554627387,0.01732981480765152,0.1316427544821648
593,1,train,14,0.021057316362973554,0.14511139294684464,0.01732981480765152,0.1316427544821648
593,-1,train,30,0.01732981480765152,0.1316427544821648,0.01732981480765152,0.1316427544821648
594,0,train,16,0.01721761897412704,0.13121592500198687,0.01703859197971134,0.13053195769508452
594,1,train,14,0.01685956498529564,0.1298443875771904,0.01703859197971134,0.13053195769508452
594,-1,train,30,0.01703859197971134,0.13053195769508452,0.01703859197971134,0.13053195769508452
595,0,train,16,0.016842799533843482,0.1297798117345047,0.01703046149531986,0.1305008103243802
595,1,train,14,0.01721812345679624,0.13121784732572106,0.01703046149531986,0.1305008103243802
595,-1,train,30,0.01703046149531986,0.1305008103243802,0.01703046149531986,0.1305008103243802
596,0,train,16,0.01876984490269106,0.13700308355176194,0.016856996914284023,0.1298344981670281
596,1,train,14,0.014944148925876987,0.12224626344341567,0.016856996914284023,0.1298344981670281
596,-1,train,30,0.016856996914284023,0.1298344981670281,0.016856996914284023,0.1298344981670281
597,0,train,16,0.025834803126853666,0.16073208493282748,0.016325566273385057,0.1277715393715872
597,1,train,14,0.006816329419916451,0.08256106479398416,0.016325566273385057,0.1277715393715872
597,-1,train,30,0.016325566273385057,0.1277715393715872,0.016325566273385057,0.1277715393715872
598,0,train,16,0.016981543599978933,0.13031325182029238,0.016915102287531514,0.13005807275033532
598,1,train,14,0.016848660975084098,0.12980239202373775,0.016915102287531514,0.13005807275033532
598,-1,train,30,0.016915102287531514,0.13005807275033532,0.016915102287531514,0.13005807275033532
599,0,train,16,0.02053853534686417,0.14331271871981274,0.01662966058380443,0.12895604128463478
599,1,train,14,0.012720785820744688,0.11278646115888506,0.01662966058380443,0.12895604128463478
599,-1,train,30,0.01662966058380443,0.12895604128463478,0.01662966058380443,0.12895604128463478
600,0,train,16,0.022100010701082702,0.1486607234648167,0.016484028104883607,0.1283901402167768
600,1,train,14,0.010868045508684514,0.10424991850684831,0.016484028104883607,0.1283901402167768
600,-1,train,30,0.016484028104883607,0.1283901402167768,0.016484028104883607,0.1283901402167768
601,0,train,16,0.02204481041987746,0.14847494879567213,0.0164518862739754,0.1282649066345717
601,1,train,14,0.010858962128073342,0.10420634399149287,0.0164518862739754,0.1282649066345717
601,-1,train,30,0.0164518862739754,0.1282649066345717,0.0164518862739754,0.1282649066345717
602,0,train,16,0.016953980543792085,0.13020745195184524,0.016776685598461485,0.12952484548711682
602,1,train,14,0.016599390653130885,0.128838622521086,0.016776685598461485,0.12952484548711682
602,-1,train,30,0.016776685598461485,0.12952484548711682,0.016776685598461485,0.12952484548711682
603,0,train,16,0.007830161109152056,0.08848819756980054,0.017395778926337518,0.1318930586738268
603,1,train,14,0.02696139674352298,0.16419925926606058,0.017395778926337518,0.1318930586738268
603,-1,train,30,0.017395778926337518,0.1318930586738268,0.017395778926337518,0.1318930586738268
604,0,train,16,0.013129584491802607,0.11458439898957715,0.016982279192130023,0.13031607418937244
604,1,train,14,0.02083497389245744,0.14434325024904157,0.016982279192130023,0.13031607418937244
604,-1,train,30,0.016982279192130023,0.13031607418937244,0.016982279192130023,0.13031607418937244
605,0,train,16,0.014811397591466829,0.1217020854031139,0.0168272958827008,0.12972006738627914
605,1,train,14,0.018843194173934773,0.13727051458319361,0.0168272958827008,0.12972006738627914
605,-1,train,30,0.0168272958827008,0.12972006738627914,0.0168272958827008,0.12972006738627914
606,0,train,16,0.026976195908775757,0.16424431773664427,0.015931550003153577,0.12622024403063709
606,1,train,14,0.0048869040975314006,0.06990639525487923,0.015931550003153577,0.12622024403063709
606,-1,train,30,0.015931550003153577,0.12622024403063709,0.015931550003153577,0.12622024403063709
607,0,train,16,0.006109699164926539,0.07816456463722253,0.017377799437343862,0.13182488170805942
607,1,train,14,0.028645899709761186,0.1692509961854322,0.017377799437343862,0.13182488170805942
607,-1,train,30,0.017377799437343862,0.13182488170805942,0.017377799437343862,0.13182488170805942
608,0,train,16,0.023992556923852465,0.15489530956053016,0.016071130441850497,0.12677196236491134
608,1,train,14,0.00814970395984853,0.0902757107966951,0.016071130441850497,0.12677196236491134
608,-1,train,30,0.016071130441850497,0.12677196236491134,0.016071130441850497,0.12677196236491134
609,0,train,16,0.011740940382440676,0.10835561998549349,0.016906352217791812,0.13002442931154057
609,1,train,14,0.022071764053142946,0.14856568935370962,0.016906352217791812,0.13002442931154057
609,-1,train,30,0.016906352217791812,0.13002442931154057,0.016906352217791812,0.13002442931154057
610,0,train,16,0.01670418835238254,0.12924468403916092,0.01651904039255553,0.12852641904509565
610,1,train,14,0.01633389243272852,0.12780411743261058,0.01651904039255553,0.12852641904509565
610,-1,train,30,0.01651904039255553,0.12852641904509565,0.01651904039255553,0.12852641904509565
611,0,train,16,0.011002681388436516,0.104893667055912,0.016889998122190934,0.12996152554579735
611,1,train,14,0.022777314855945353,0.1509215519928991,0.016889998122190934,0.12996152554579735
611,-1,train,30,0.016889998122190934,0.12996152554579735,0.016889998122190934,0.12996152554579735
612,0,train,16,0.02169696641929097,0.147298901622826,0.016100025251549216,0.12688587490949974
612,1,train,14,0.010503084083807457,0.10248455534278059,0.016100025251549216,0.12688587490949974
612,-1,train,30,0.016100025251549216,0.12688587490949974,0.016100025251549216,0.12688587490949974
613,0,train,16,0.02002883625808573,0.14152327108318877,0.016180143620781132,0.1272011934723143
613,1,train,14,0.012331450983476535,0.11104706652350856,0.016180143620781132,0.1272011934723143
613,-1,train,30,0.016180143620781132,0.1272011934723143,0.016180143620781132,0.1272011934723143
614,0,train,16,0.011322834082940143,0.10640880641629312,0.016762534274162553,0.12947020612543472
614,1,train,14,0.022202234465384964,0.14900414244370846,0.016762534274162553,0.12947020612543472
614,-1,train,30,0.016762534274162553,0.12947020612543472,0.016762534274162553,0.12947020612543472
615,0,train,16,0.01648476503722827,0.12839301007931964,0.016363601159741642,0.1279202922125401
615,1,train,14,0.01624243728225501,0.12744582096818635,0.016363601159741642,0.1279202922125401
615,-1,train,30,0.016363601159741642,0.1279202922125401,0.016363601159741642,0.1279202922125401
616,0,train,16,0.014098787170139232,0.11873831382556867,0.016498823215639637,0.12844774507806525
616,1,train,14,0.018898859261140044,0.13747312195894892,0.016498823215639637,0.12844774507806525
616,-1,train,30,0.016498823215639637,0.12844774507806525,0.016498823215639637,0.12844774507806525
617,0,train,16,0.011145957788011706,0.10557441824614383,0.01667373055005498,0.1291268002780793
617,1,train,14,0.022201503312098247,0.14900168895720023,0.01667373055005498,0.1291268002780793
617,-1,train,30,0.01667373055005498,0.1291268002780793,0.01667373055005498,0.1291268002780793
618,0,train,16,0.006192676384993145,0.07869355999694731,0.016994947049535594,0.13036466948347467
618,1,train,14,0.027797217714078042,0.166724976275536,0.016994947049535594,0.13036466948347467
618,-1,train,30,0.016994947049535594,0.13036466948347467,0.016994947049535594,0.13036466948347467
619,0,train,16,0.011484035001649845,0.10716358990650623,0.016582570262135415,0.1287733290015266
619,1,train,14,0.021681105522620987,0.14724505262527834,0.016582570262135415,0.1287733290015266
619,-1,train,30,0.016582570262135415,0.1287733290015266,0.016582570262135415,0.1287733290015266
620,0,train,16,0.010904241213463218,0.10442337484233699,0.016588757458410257,0.12879735035477344
620,1,train,14,0.0222732737033573,0.14924233214258378,0.016588757458410257,0.12879735035477344
620,-1,train,30,0.016588757458410257,0.12879735035477344,0.016588757458410257,0.12879735035477344
621,0,train,16,0.0027096495937616876,0.052054294671637684,0.01714185563430213,0.13092690951176586
621,1,train,14,0.03157406167484257,0.17769091612922303,0.01714185563430213,0.13092690951176586
621,-1,train,30,0.01714185563430213,0.13092690951176586,0.01714185563430213,0.13092690951176586
622,0,train,16,0.015981983791652492,0.1264198710316242,0.01616054312742201,0.12712412488360347
622,1,train,14,0.01633910246319153,0.12782449868155765,0.01616054312742201,0.12712412488360347
622,-1,train,30,0.01616054312742201,0.12712412488360347,0.01616054312742201,0.12712412488360347
623,0,train,16,0.007427640290562037,0.08618375885607471,0.016733192504052728,0.12935684173654183
623,1,train,14,0.02603874471754342,0.1613652525097749,0.016733192504052728,0.12935684173654183
623,-1,train,30,0.016733192504052728,0.12935684173654183,0.016733192504052728,0.12935684173654183
624,0,train,16,0.027960088407303175,0.16721270408465733,0.015250795234450895,0.1234941101204867
624,1,train,14,0.0025415020615986166,0.05041331234504054,0.015250795234450895,0.1234941101204867
624,-1,train,30,0.015250795234450895,0.1234941101204867,0.015250795234450895,0.1234941101204867
625,0,train,16,0.021111911338926048,0.1452993851980319,0.015693244438756453,0.1252726803367616
625,1,train,14,0.010274577538586857,0.10136359079367135,0.015693244438756453,0.1252726803367616
625,-1,train,30,0.015693244438756453,0.1252726803367616,0.015693244438756453,0.1252726803367616
626,0,train,16,0.019516569699685325,0.13970171688166658,0.01577017728572788,0.12557936648083506
626,1,train,14,0.012023784871770435,0.10965302034951173,0.01577017728572788,0.12557936648083506
626,-1,train,30,0.01577017728572788,0.12557936648083506,0.01577017728572788,0.12557936648083506
627,0,train,16,0.0174272809692936,0.13201242732899657,0.015885029438322092,0.12603582601118657
627,1,train,14,0.014342777907350586,0.11976133728107158,0.015885029438322092,0.12603582601118657
627,-1,train,30,0.015885029438322092,0.12603582601118657,0.015885029438322092,0.12603582601118657
628,0,train,16,0.027225461689475712,0.16500139905308595,0.015161972260579472,0.12313396063060536
628,1,train,14,0.003098482831683232,0.05566401738720654,0.015161972260579472,0.12313396063060536
628,-1,train,30,0.015161972260579472,0.12313396063060536,0.015161972260579472,0.12313396063060536
629,0,train,16,0.0041579033242119855,0.06448180614880437,0.016763652416206774,0.12947452419764582
629,1,train,14,0.02936940150820156,0.17137503175259097,0.016763652416206774,0.12947452419764582
629,-1,train,30,0.016763652416206774,0.12947452419764582,0.016763652416206774,0.12947452419764582
630,0,train,16,0.01733469576090392,0.13166129180933903,0.015789667865693444,0.12565694515502693
630,1,train,14,0.014244639970482968,0.11935091105845388,0.015789667865693444,0.12565694515502693
630,-1,train,30,0.015789667865693444,0.12565694515502693,0.015789667865693444,0.12565694515502693
631,0,train,16,0.01926568290673058,0.13880087502148744,0.01561814126626641,0.12497256205370205
631,1,train,14,0.011970599625802244,0.10941023547092038,0.01561814126626641,0.12497256205370205
631,-1,train,30,0.01561814126626641,0.12497256205370205,0.01561814126626641,0.12497256205370205
632,0,train,16,0.01780132313142051,0.13342159919376065,0.015688918881261664,0.12525541457861877
632,1,train,14,0.013576514631102819,0.11651830170021711,0.015688918881261664,0.12525541457861877
632,-1,train,30,0.015688918881261664,0.12525541457861877,0.015688918881261664,0.12525541457861877
633,0,train,16,0.013678531068308922,0.11695525241864481,0.015948396498137854,0.12628696091892405
633,1,train,14,0.018218261927966786,0.13497504187058726,0.015948396498137854,0.12628696091892405
633,-1,train,30,0.015948396498137854,0.12628696091892405,0.015948396498137854,0.12628696091892405
634,0,train,16,0.017491756049202924,0.1322564026775374,0.015643729350583658,0.12507489496531132
634,1,train,14,0.01379570265196439,0.11745510909264181,0.015643729350583658,0.12507489496531132
634,-1,train,30,0.015643729350583658,0.12507489496531132,0.015643729350583658,0.12507489496531132
635,0,train,16,0.02103149425185053,0.14502239224288963,0.015358970950032719,0.12393131545349109
635,1,train,14,0.009686447648214908,0.098419752327543,0.015358970950032719,0.12393131545349109
635,-1,train,30,0.015358970950032719,0.12393131545349109,0.015358970950032719,0.12393131545349109
636,0,train,16,0.021996549133525944,0.1483123364171907,0.015260659479854409,0.12353404178547066
636,1,train,14,0.008524769826182875,0.09232968009358028,0.015260659479854409,0.12353404178547066
636,-1,train,30,0.015260659479854409,0.12353404178547066,0.015260659479854409,0.12353404178547066
637,0,train,16,0.01894130920812296,0.13762742898173663,0.015440605800785732,0.12426023418932435
637,1,train,14,0.011939902393448507,0.10926986040738089,0.015440605800785732,0.12426023418932435
637,-1,train,30,0.015440605800785732,0.12426023418932435,0.015440605800785732,0.12426023418932435
638,0,train,16,0.023800606914500692,0.15427445321407135,0.015065160859539257,0.12274021696061668
638,1,train,14,0.0063297148045778195,0.079559504803498,0.015065160859539257,0.12274021696061668
638,-1,train,30,0.015065160859539257,0.12274021696061668,0.015065160859539257,0.12274021696061668
639,0,train,16,0.009270036427527936,0.09628102838840025,0.01606596570112705,0.12675159052701093
639,1,train,14,0.022861894974726165,0.15120150453856657,0.01606596570112705,0.12675159052701093
639,-1,train,30,0.01606596570112705,0.12675159052701093,0.01606596570112705,0.12675159052701093
640,0,train,16,0.02510600843714888,0.15844875650237486,0.014913943398182332,0.12212265718605345
640,1,train,14,0.0047218783592157835,0.06871592507720306,0.014913943398182332,0.12212265718605345
640,-1,train,30,0.014913943398182332,0.12212265718605345,0.014913943398182332,0.12212265718605345
641,0,train,16,0.017620621652469224,0.13274268963852293,0.015404483746335036,0.12411480067395281
641,1,train,14,0.013188345840200849,0.11484052351065302,0.015404483746335036,0.12411480067395281
641,-1,train,30,0.015404483746335036,0.12411480067395281,0.015404483746335036,0.12411480067395281
642,0,train,16,0.01747178564273849,0.13218088228915137,0.015382966390538742,0.12402808710344097
642,1,train,14,0.013294147138338994,0.11530024778090893,0.015382966390538742,0.12402808710344097
642,-1,train,30,0.015382966390538742,0.12402808710344097,0.015382966390538742,0.12402808710344097
643,0,train,16,0.026256015935501524,0.16203708197663128,0.014737876023926658,0.12139965413429586
643,1,train,14,0.0032197361123517915,0.056742718584429766,0.014737876023926658,0.12139965413429586
643,-1,train,30,0.014737876023926658,0.12139965413429586,0.014737876023926658,0.12139965413429586
644,0,train,16,0.02181759724468014,0.1477078103712872,0.015012535725382217,0.12252565333587173
644,1,train,14,0.008207474206084293,0.09059511138071576,0.015012535725382217,0.12252565333587173
644,-1,train,30,0.015012535725382217,0.12252565333587173,0.015012535725382217,0.12252565333587173
645,0,train,16,0.025017396569060907,0.15816888622311567,0.0147530646453002,0.12146219430464855
645,1,train,14,0.004488732721539494,0.06699800535493197,0.0147530646453002,0.12146219430464855
645,-1,train,30,0.0147530646453002,0.12146219430464855,0.0147530646453002,0.12146219430464855
646,0,train,16,0.015226303166389722,0.12339490737623543,0.015414900726373016,0.12415675868180925
646,1,train,14,0.015603498286356309,0.12491396353633291,0.015414900726373016,0.12415675868180925
646,-1,train,30,0.015414900726373016,0.12415675868180925,0.015414900726373016,0.12415675868180925
647,0,train,16,0.016994101086131953,0.13036142483929805,0.015258239199347627,0.1235242453907233
647,1,train,14,0.0135223773125633,0.11628575713544329,0.015258239199347627,0.1235242453907233
647,-1,train,30,0.015258239199347627,0.1235242453907233,0.015258239199347627,0.1235242453907233
648,0,train,16,0.017305423405302594,0.13155007945760655,0.01520401163149689,0.12330454830012107
648,1,train,14,0.013102599857691185,0.11446658839019876,0.01520401163149689,0.12330454830012107
648,-1,train,30,0.01520401163149689,0.12330454830012107,0.01520401163149689,0.12330454830012107
649,0,train,16,0.009311432557909768,0.09649576445580277,0.01574307408156983,0.12547140742643254
649,1,train,14,0.02217471560522989,0.14891177121110974,0.01574307408156983,0.12547140742643254
649,-1,train,30,0.01574307408156983,0.12547140742643254,0.01574307408156983,0.12547140742643254
650,0,train,16,0.01500082270403702,0.12247784576827361,0.01530612284613328,0.12371791643142589
650,1,train,14,0.015611422988229541,0.1249456801503339,0.01530612284613328,0.12371791643142589
650,-1,train,30,0.01530612284613328,0.12371791643142589,0.01530612284613328,0.12371791643142589
651,0,train,16,0.015232505518948145,0.1234200369427434,0.015257956022636604,0.12352309914601643
651,1,train,14,0.015283406526325063,0.12362607543040854,0.015257956022636604,0.12352309914601643
651,-1,train,30,0.015257956022636604,0.12352309914601643,0.015257956022636604,0.12352309914601643
652,0,train,16,0.021680242504094036,0.14724212204425077,0.014768272800837137,0.12152478266113928
652,1,train,14,0.007856303097580238,0.08863578903343862,0.014768272800837137,0.12152478266113928
652,-1,train,30,0.014768272800837137,0.12152478266113928,0.014768272800837137,0.12152478266113928
653,0,train,16,0.011380926183245235,0.10668142379648499,0.015467232461905745,0.1243673287560111
653,1,train,14,0.019553538740566256,0.13983396847892954,0.015467232461905745,0.1243673287560111
653,-1,train,30,0.015467232461905745,0.1243673287560111,0.015467232461905745,0.1243673287560111
654,0,train,16,0.0026258975317412538,0.05124351209413006,0.016064700091101107,0.12674659794685264
654,1,train,14,0.029503502650460957,0.1717658366802344,0.016064700091101107,0.12674659794685264
654,-1,train,30,0.016064700091101107,0.12674659794685264,0.016064700091101107,0.12674659794685264
655,0,train,16,0.01816136570116652,0.13476411132481272,0.014924821305440886,0.12216718587837277
655,1,train,14,0.01168827690971525,0.10811233467886655,0.014924821305440886,0.12216718587837277
655,-1,train,30,0.014924821305440886,0.12216718587837277,0.014924821305440886,0.12216718587837277
656,0,train,16,0.012014002370558918,0.10960840465292303,0.01532739476700341,0.12380385602639124
656,1,train,14,0.018640787163447903,0.136531268079689,0.01532739476700341,0.12380385602639124
656,-1,train,30,0.01532739476700341,0.12380385602639124,0.01532739476700341,0.12380385602639124
657,0,train,16,0.007525536077276719,0.08674984770751312,0.015616833028600608,0.12496732784452345
657,1,train,14,0.023708129979924497,0.1539744458665934,0.015616833028600608,0.12496732784452345
657,-1,train,30,0.015616833028600608,0.12496732784452345,0.015616833028600608,0.12496732784452345
658,0,train,16,0.025862589787003558,0.16081849951732405,0.014298023957171663,0.11957434489543174
658,1,train,14,0.0027334581273397674,0.05228248394385798,0.014298023957171663,0.11957434489543174
658,-1,train,30,0.014298023957171663,0.11957434489543174,0.014298023957171663,0.11957434489543174
659,0,train,16,0.01590170262163284,0.12610195328238513,0.014958161730941232,0.12230356385216758
659,1,train,14,0.014014620840249624,0.11838336386608392,0.014958161730941232,0.12230356385216758
659,-1,train,30,0.014958161730941232,0.12230356385216758,0.014958161730941232,0.12230356385216758
660,0,train,16,0.024249370719714728,0.15572209451363903,0.014336633638251606,0.11973568239356056
660,1,train,14,0.004423896556788484,0.06651237897405628,0.014336633638251606,0.11973568239356056
660,-1,train,30,0.014336633638251606,0.11973568239356056,0.014336633638251606,0.11973568239356056
661,0,train,16,0.01984221251759068,0.14086238858400307,0.014613737699029948,0.12088729337291802
661,1,train,14,0.009385262880469217,0.09687756644584554,0.014613737699029948,0.12088729337291802
661,-1,train,30,0.014613737699029948,0.12088729337291802,0.014613737699029948,0.12088729337291802
662,0,train,16,0.013287216655542975,0.11527018979572722,0.01504678684412727,0.12266534491912241
662,1,train,14,0.016806357032711564,0.12963933443485262,0.01504678684412727,0.12266534491912241
662,-1,train,30,0.01504678684412727,0.12266534491912241,0.01504678684412727,0.12266534491912241
663,0,train,16,0.019894580023192898,0.14104814788997727,0.014546751724282481,0.12060991553053373
663,1,train,14,0.009198923425372063,0.09591101826887286,0.014546751724282481,0.12060991553053373
663,-1,train,30,0.014546751724282481,0.12060991553053373,0.014546751724282481,0.12060991553053373
664,0,train,16,0.00545965611153548,0.07388948579828851,0.015550384813597653,0.12470118208580724
664,1,train,14,0.025641113515659827,0.16012842819330936,0.015550384813597653,0.12470118208580724
664,-1,train,30,0.015550384813597653,0.12470118208580724,0.015550384813597653,0.12470118208580724
665,0,train,16,0.018243960778651407,0.13507020685055385,0.014605025715308358,0.12085125450448729
665,1,train,14,0.010966090651965308,0.10471910356742607,0.014605025715308358,0.12085125450448729
665,-1,train,30,0.014605025715308358,0.12085125450448729,0.014605025715308358,0.12085125450448729
666,0,train,16,0.012246773380479253,0.1106651407647379,0.014998058309008765,0.12246655996233732
666,1,train,14,0.017749343237538275,0.13322666113634415,0.014998058309008765,0.12246655996233732
666,-1,train,30,0.014998058309008765,0.12246655996233732,0.014998058309008765,0.12246655996233732
667,0,train,16,0.008733948308501622,0.09345559538359179,0.015218827314192261,0.12336461127159709
667,1,train,14,0.0217037063198829,0.14732177815884148,0.015218827314192261,0.12336461127159709
667,-1,train,30,0.015218827314192261,0.12336461127159709,0.015218827314192261,0.12336461127159709
668,0,train,16,0.012089150937850433,0.10995067502225911,0.014947823418529035,0.12226129157885186
668,1,train,14,0.017806495899207637,0.1334409828321406,0.014947823418529035,0.12226129157885186
668,-1,train,30,0.014947823418529035,0.12226129157885186,0.014947823418529035,0.12226129157885186
669,0,train,16,0.021165824659374045,0.14548479184909344,0.014275857231688819,0.11948161880259582
669,1,train,14,0.007385889804003592,0.08594119968911064,0.014275857231688819,0.11948161880259582
669,-1,train,30,0.014275857231688819,0.11948161880259582,0.014275857231688819,0.11948161880259582
670,0,train,16,0.01911596396285469,0.13826049313833177,0.014392076294219722,0.11996698001625164
670,1,train,14,0.00966818862558475,0.0983269476063645,0.014392076294219722,0.11996698001625164
670,-1,train,30,0.014392076294219722,0.11996698001625164,0.014392076294219722,0.11996698001625164
671,0,train,16,0.01155192830939739,0.1074798972338427,0.014893857142050148,0.12204039143681139
671,1,train,14,0.018235785974702906,0.13503994214565893,0.014893857142050148,0.12204039143681139
671,-1,train,30,0.014893857142050148,0.12204039143681139,0.014893857142050148,0.12204039143681139
672,0,train,16,0.019314540575574794,0.13897676271799828,0.01431317404838937,0.11963767821380257
672,1,train,14,0.009311807521203948,0.09649770733651628,0.01431317404838937,0.11963767821380257
672,-1,train,30,0.01431317404838937,0.11963767821380257,0.01431317404838937,0.11963767821380257
673,0,train,16,0.012856496447770038,0.11338649146953106,0.014741204545463396,0.12141336230194515
673,1,train,14,0.016625912643156753,0.1289415086120709,0.014741204545463396,0.12141336230194515
673,-1,train,30,0.014741204545463396,0.12141336230194515,0.014741204545463396,0.12141336230194515
674,0,train,16,0.017708695031554283,0.13307402087392672,0.014369291208499581,0.1198719784123862
674,1,train,14,0.011029887385444881,0.10502327068533374,0.014369291208499581,0.1198719784123862
674,-1,train,30,0.014369291208499581,0.1198719784123862,0.014369291208499581,0.1198719784123862
675,0,train,16,0.017063627666191024,0.1306278211798353,0.014385308707975521,0.1199387706622655
675,1,train,14,0.011706989749760017,0.10819884356942092,0.014385308707975521,0.1199387706622655
675,-1,train,30,0.014385308707975521,0.1199387706622655,0.014385308707975521,0.1199387706622655
676,0,train,16,0.00419073524867491,0.06473588841342111,0.015273247223139733,0.12358497976347989
676,1,train,14,0.026355759197604557,0.16234456935051617,0.015273247223139733,0.12358497976347989
676,-1,train,30,0.015273247223139733,0.12358497976347989,0.015273247223139733,0.12358497976347989
677,0,train,16,0.018941086534841504,0.13762662000805478,0.014194785493417024,0.11914187128552675
677,1,train,14,0.009448484451992542,0.09720331502573636,0.014194785493417024,0.11914187128552675
677,-1,train,30,0.014194785493417024,0.11914187128552675,0.014194785493417024,0.11914187128552675
678,0,train,16,0.024837373841910503,0.15759877487439583,0.013754818988240915,0.11728094043040801
678,1,train,14,0.0026722641345713265,0.05169394678849088,0.013754818988240915,0.11728094043040801
678,-1,train,30,0.013754818988240915,0.11728094043040801,0.013754818988240915,0.11728094043040801
679,0,train,16,0.009837261330591193,0.09918296895430784,0.01477949904687884,0.12157096300876637
679,1,train,14,0.01972173676316649,0.14043410114059365,0.01477949904687884,0.12157096300876637
679,-1,train,30,0.01477949904687884,0.12157096300876637,0.01477949904687884,0.12157096300876637
680,0,train,16,0.01657720169610933,0.12875248229105848,0.014270201861251237,0.11945795018018364
680,1,train,14,0.011963202026393144,0.10937642353996195,0.014270201861251237,0.11945795018018364
680,-1,train,30,0.014270201861251237,0.11945795018018364,0.014270201861251237,0.11945795018018364
681,0,train,16,0.011576369672299419,0.10759353917545152,0.014597097123572954,0.12081844695067452
681,1,train,14,0.01761782457484649,0.13273215350790663,0.014597097123572954,0.12081844695067452
681,-1,train,30,0.014597097123572954,0.12081844695067452,0.014597097123572954,0.12081844695067452
682,0,train,16,0.024531885740728655,0.15662658056897194,0.013658917522347621,0.11687137169703973
682,1,train,14,0.002785949303966586,0.05278209264482213,0.013658917522347621,0.11687137169703973
682,-1,train,30,0.013658917522347621,0.11687137169703973,0.013658917522347621,0.11687137169703973
683,0,train,16,0.015708105301237667,0.12533198036111,0.014244697702246104,0.11935115291544571
683,1,train,14,0.012781290103254541,0.11305436790878334,0.014244697702246104,0.11935115291544571
683,-1,train,30,0.014244697702246104,0.11935115291544571,0.014244697702246104,0.11935115291544571
684,0,train,16,0.021893870822705493,0.14796577584936826,0.013781888402625782,0.11739628785709445
684,1,train,14,0.00566990598254607,0.07529877809464156,0.013781888402625782,0.11739628785709445
684,-1,train,30,0.013781888402625782,0.11739628785709445,0.013781888402625782,0.11739628785709445
685,0,train,16,0.005067909771424239,0.0711892532017596,0.014947362833385068,0.12225940795450085
685,1,train,14,0.024826815895345897,0.15756527503021056,0.014947362833385068,0.12225940795450085
685,-1,train,30,0.014947362833385068,0.12225940795450085,0.014947362833385068,0.12225940795450085
686,0,train,16,0.01688087032123193,0.12992640347993908,0.014079783388396837,0.11865826304306346
686,1,train,14,0.011278696455561746,0.10620120741103534,0.014079783388396837,0.11865826304306346
686,-1,train,30,0.014079783388396837,0.11865826304306346,0.014079783388396837,0.11865826304306346
687,0,train,16,0.021892218418221136,0.14796019200521854,0.013696769020980683,0.11703319623500284
687,1,train,14,0.005501319623740232,0.07417088123880039,0.013696769020980683,0.11703319623500284
687,-1,train,30,0.013696769020980683,0.11703319623500284,0.013696769020980683,0.11703319623500284
688,0,train,16,0.02051074018528042,0.14321571207545777,0.013763685831140864,0.11731873606181097
688,1,train,14,0.00701663147700131,0.08376533577203227,0.013763685831140864,0.11731873606181097
688,-1,train,30,0.013763685831140864,0.11731873606181097,0.013763685831140864,0.11731873606181097
689,0,train,16,0.016028669725165933,0.12660438272495125,0.014053073752130801,0.11854566104303776
689,1,train,14,0.01207747777909567,0.10989757858613478,0.014053073752130801,0.11854566104303776
689,-1,train,30,0.014053073752130801,0.11854566104303776,0.014053073752130801,0.11854566104303776
690,0,train,16,0.01993480319428391,0.14119066256053872,0.01375087825019533,0.11726413880720453
690,1,train,14,0.007566953306106754,0.08698823659614416,0.01375087825019533,0.11726413880720453
690,-1,train,30,0.01375087825019533,0.11726413880720453,0.01375087825019533,0.11726413880720453
691,0,train,16,0.018977400142663865,0.13775848483002368,0.01378849675983745,0.11742442999579539
691,1,train,14,0.008599593377011036,0.09273399256481431,0.01378849675983745,0.11742442999579539
691,-1,train,30,0.01378849675983745,0.11742442999579539,0.01378849675983745,0.11742442999579539
692,0,train,16,0.02013825379162741,0.14190931538002505,0.013681076119113632,0.11696613235938698
692,1,train,14,0.007223898446599852,0.08499352002711649,0.013681076119113632,0.11696613235938698
692,-1,train,30,0.013681076119113632,0.11696613235938698,0.013681076119113632,0.11696613235938698
693,0,train,16,0.013979949151251479,0.11823683500183638,0.014089963817234957,0.11870115339471204
693,1,train,14,0.014199978483218434,0.11916366259568574,0.014089963817234957,0.11870115339471204
693,-1,train,30,0.014089963817234957,0.11870115339471204,0.014089963817234957,0.11870115339471204
694,0,train,16,0.018295293111592694,0.13526009430572158,0.013757471885226915,0.11729224989412947
694,1,train,14,0.009219650658861135,0.09601901196565779,0.013757471885226915,0.11729224989412947
694,-1,train,30,0.013757471885226915,0.11729224989412947,0.013757471885226915,0.11729224989412947
695,0,train,16,0.011854921587574294,0.10888030853912149,0.014187949674266662,0.11911318010307113
695,1,train,14,0.01652097776095903,0.12853395567304007,0.014187949674266662,0.11911318010307113
695,-1,train,30,0.014187949674266662,0.11911318010307113,0.014187949674266662,0.11911318010307113
696,0,train,16,0.02410292334765212,0.15525116214589868,0.01329957360786443,0.11532377728753264
696,1,train,14,0.002496223868076738,0.049962224410816,0.01329957360786443,0.11532377728753264
696,-1,train,30,0.01329957360786443,0.11532377728753264,0.01329957360786443,0.11532377728753264
697,0,train,16,0.01673872247924856,0.12937821485570342,0.013786796402268157,0.11741718955190572
697,1,train,14,0.010834870325287757,0.10409068318196282,0.013786796402268157,0.11741718955190572
697,-1,train,30,0.013786796402268157,0.11741718955190572,0.013786796402268157,0.11741718955190572
698,0,train,16,0.007964674059833698,0.0892450226053739,0.014384414801828643,0.1199350440939955
698,1,train,14,0.020804155543823588,0.14423645705515506,0.014384414801828643,0.1199350440939955
698,-1,train,30,0.014384414801828643,0.1199350440939955,0.014384414801828643,0.1199350440939955
699,0,train,16,0.020876003947953563,0.1444853070313849,0.01344677835449062,0.11596024471555164
699,1,train,14,0.006017552761027676,0.07757288676482058,0.01344677835449062,0.11596024471555164
699,-1,train,30,0.01344677835449062,0.11596024471555164,0.01344677835449062,0.11596024471555164
700,0,train,16,0.019959600105637326,0.14127844883646382,0.013479367978900965,0.1161006803550305
700,1,train,14,0.006999135852164604,0.083660838222938,0.013479367978900965,0.1161006803550305
700,-1,train,30,0.013479367978900965,0.1161006803550305,0.013479367978900965,0.1161006803550305
701,0,train,16,0.01498616901330877,0.1224180093503761,0.01380651795885076,0.11750114024489618
701,1,train,14,0.01262686690439275,0.11236933257963558,0.01380651795885076,0.11750114024489618
701,-1,train,30,0.01380651795885076,0.11750114024489618,0.01380651795885076,0.11750114024489618
702,0,train,16,0.006207713904415201,0.07878904685560804,0.014405734161420734,0.12002388996121037
702,1,train,14,0.022603754418426266,0.1503454502751123,0.014405734161420734,0.12002388996121037
702,-1,train,30,0.014405734161420734,0.12002388996121037,0.014405734161420734,0.12002388996121037
703,0,train,16,0.012119823765241015,0.11009007114740645,0.013957966878290087,0.11814383978138719
703,1,train,14,0.01579610999133916,0.12568257632360644,0.013957966878290087,0.11814383978138719
703,-1,train,30,0.013957966878290087,0.11814383978138719,0.013957966878290087,0.11814383978138719
704,0,train,16,0.008104062310229709,0.09002256556125085,0.014219061166616458,0.11924370493496274
704,1,train,14,0.020334060023003208,0.1425975456415825,0.014219061166616458,0.11924370493496274
704,-1,train,30,0.014219061166616458,0.11924370493496274,0.014219061166616458,0.11924370493496274
705,0,train,16,0.017146005497616912,0.13094275656796336,0.013548169300741115,0.11639660347596538
705,1,train,14,0.009950333103865318,0.0997513564011303,0.013548169300741115,0.11639660347596538
705,-1,train,30,0.013548169300741115,0.11639660347596538,0.013548169300741115,0.11639660347596538
706,0,train,16,0.022819391216662818,0.15106088579332116,0.013123679079561875,0.11455862725941628
706,1,train,14,0.003427966942460932,0.058548842366531316,0.013123679079561875,0.11455862725941628
706,-1,train,30,0.013123679079561875,0.11455862725941628,0.013123679079561875,0.11455862725941628
707,0,train,16,0.02261748097998768,0.15039109341974902,0.013108996842514903,0.11449452756579637
707,1,train,14,0.0036005127050421264,0.06000427238990676,0.013108996842514903,0.11449452756579637
707,-1,train,30,0.013108996842514903,0.11449452756579637,0.013108996842514903,0.11449452756579637
708,0,train,16,0.007179539272175667,0.08473216197038565,0.014181987944901648,0.11908815199213417
708,1,train,14,0.02118443661762763,0.14554874309875585,0.014181987944901648,0.11908815199213417
708,-1,train,30,0.014181987944901648,0.11908815199213417,0.014181987944901648,0.11908815199213417
709,0,train,16,0.009971066189894278,0.09985522615213627,0.013953058860341469,0.11812306658879741
709,1,train,14,0.01793505153078866,0.1339218112586171,0.013953058860341469,0.11812306658879741
709,-1,train,30,0.013953058860341469,0.11812306658879741,0.013953058860341469,0.11812306658879741
710,0,train,16,0.009060437187711469,0.0951863287857635,0.013991210110944383,0.11828444576927426
710,1,train,14,0.018921983034177296,0.13755719913613135,0.013991210110944383,0.11828444576927426
710,-1,train,30,0.013991210110944383,0.11828444576927426,0.013991210110944383,0.11828444576927426
711,0,train,16,0.009482764142949757,0.09737948522635431,0.013935811776296964,0.11805003928968835
711,1,train,14,0.01838885940964417,0.1356055286839153,0.013935811776296964,0.11805003928968835
711,-1,train,30,0.013935811776296964,0.11805003928968835,0.013935811776296964,0.11805003928968835
712,0,train,16,0.01330958658910012,0.11536718159468107,0.013638394219682638,0.11678353573891587
712,1,train,14,0.013967201850265159,0.11818291691384655,0.013638394219682638,0.11678353573891587
712,-1,train,30,0.013638394219682638,0.11678353573891587,0.013638394219682638,0.11678353573891587
713,0,train,16,0.01518985321166244,0.12324712252893551,0.013478645669601195,0.11609756961108701
713,1,train,14,0.011767438127539947,0.10847782320612794,0.013478645669601195,0.11609756961108701
713,-1,train,30,0.013478645669601195,0.11609756961108701,0.013478645669601195,0.11609756961108701
714,0,train,16,0.009452083497386174,0.09722182623971931,0.013858221755782513,0.11772094867007535
714,1,train,14,0.018264360014178853,0.13514569920711075,0.013858221755782513,0.11772094867007535
714,-1,train,30,0.013858221755782513,0.11772094867007535,0.013858221755782513,0.11772094867007535
715,0,train,16,0.018792591631957307,0.13708607380750717,0.013177211884176676,0.11479203754693387
715,1,train,14,0.007561832136396046,0.0869587956241118,0.013177211884176676,0.11479203754693387
715,-1,train,30,0.013177211884176676,0.11479203754693387,0.013177211884176676,0.11479203754693387
716,0,train,16,0.00959406661112983,0.09794930633307125,0.013797785732681471,0.1174639763190463
716,1,train,14,0.018001504854233113,0.13416968679337785,0.013797785732681471,0.1174639763190463
716,-1,train,30,0.013797785732681471,0.1174639763190463,0.013797785732681471,0.1174639763190463
717,0,train,16,0.02185734776211942,0.1478423070779113,0.012907539651021996,0.11361135353045484
717,1,train,14,0.003957731539924571,0.06291050420974681,0.012907539651021996,0.11361135353045484
717,-1,train,30,0.012907539651021996,0.11361135353045484,0.012907539651021996,0.11361135353045484
718,0,train,16,0.009403636953948264,0.09697235149231076,0.013761514234967876,0.11730948058434099
718,1,train,14,0.018119391515987487,0.13460828918007794,0.013761514234967876,0.11730948058434099
718,-1,train,30,0.013761514234967876,0.11730948058434099,0.013761514234967876,0.11730948058434099
719,0,train,16,0.016235195678662308,0.12741740728276615,0.013251761326083678,0.11511629478958953
719,1,train,14,0.010268326973505049,0.10133275370532989,0.013251761326083678,0.11511629478958953
719,-1,train,30,0.013251761326083678,0.11511629478958953,0.013251761326083678,0.11511629478958953
720,0,train,16,0.01158508113342737,0.10763401476033202,0.013556268943629511,0.11643139157301828
720,1,train,14,0.01552745675383165,0.12460921616731103,0.013556268943629511,0.11643139157301828
720,-1,train,30,0.013556268943629511,0.11643139157301828,0.013556268943629511,0.11643139157301828
721,0,train,16,0.012065944482077954,0.10984509311789013,0.013497567399943632,0.11617903167070912
721,1,train,14,0.01492919031780931,0.12218506585425778,0.013497567399943632,0.11617903167070912
721,-1,train,30,0.013497567399943632,0.11617903167070912,0.013497567399943632,0.11617903167070912
722,0,train,16,0.01756944643799612,0.13254978852490154,0.013083409661853423,0.11438273323300778
722,1,train,14,0.008597372885710726,0.09272201942209157,0.013083409661853423,0.11438273323300778
722,-1,train,30,0.013083409661853423,0.11438273323300778,0.013083409661853423,0.11438273323300778
723,0,train,16,0.017591530346514336,0.13263306656529636,0.01305638612035012,0.11426454445868202
723,1,train,14,0.008521241894185905,0.09231057303573575,0.01305638612035012,0.11426454445868202
723,-1,train,30,0.01305638612035012,0.11426454445868202,0.01305638612035012,0.11426454445868202
724,0,train,16,0.003567598668335058,0.05972937860328917,0.014032751215488014,0.11845991396032673
724,1,train,14,0.02449790376264097,0.15651806209712976,0.014032751215488014,0.11845991396032673
724,-1,train,30,0.014032751215488014,0.11845991396032673,0.014032751215488014,0.11845991396032673
725,0,train,16,0.016143561249841835,0.12705731482225585,0.0131107987022699,0.114502396054711
725,1,train,14,0.010078036154697965,0.10038942252397891,0.0131107987022699,0.114502396054711
725,-1,train,30,0.0131107987022699,0.114502396054711,0.0131107987022699,0.114502396054711
726,0,train,16,0.008205308124716282,0.09058315585535913,0.013653086312420602,0.1168464219067944
726,1,train,14,0.019100864500124923,0.1382058772271459,0.013653086312420602,0.1168464219067944
726,-1,train,30,0.013653086312420602,0.1168464219067944,0.013653086312420602,0.1168464219067944
727,0,train,16,0.012255275074147452,0.11070354589690183,0.01333894655070467,0.11549435722451842
727,1,train,14,0.014422618027261889,0.12009420480298742,0.01333894655070467,0.11549435722451842
727,-1,train,30,0.01333894655070467,0.11549435722451842,0.01333894655070467,0.11549435722451842
728,0,train,16,0.008092100635404375,0.08995610393633316,0.013613459807403729,0.11667673207372466
728,1,train,14,0.01913481897940308,0.13832866289892012,0.013613459807403729,0.11667673207372466
728,-1,train,30,0.013613459807403729,0.11667673207372466,0.013613459807403729,0.11667673207372466
729,0,train,16,0.009451594028681362,0.09721930892925212,0.013491607761281877,0.11615338032654011
729,1,train,14,0.017531621493882394,0.13240702962411927,0.013491607761281877,0.11615338032654011
729,-1,train,30,0.013491607761281877,0.11615338032654011,0.013491607761281877,0.11615338032654011
730,0,train,16,0.004869802032887219,0.06978396687554542,0.01379536900471275,0.11745368876588232
730,1,train,14,0.02272093597653828,0.15073465419915316,0.01379536900471275,0.11745368876588232
730,-1,train,30,0.01379536900471275,0.11745368876588232,0.01379536900471275,0.11745368876588232
731,0,train,16,0.013189195172588273,0.11484422132866882,0.01317915191195556,0.11480048742037448
731,1,train,14,0.013169108651322849,0.11475673684504474,0.01317915191195556,0.11480048742037448
731,-1,train,30,0.01317915191195556,0.11480048742037448,0.01317915191195556,0.11480048742037448
732,0,train,16,0.021277587893176207,0.14586839237194674,0.01258899062607697,0.11220067123719434
732,1,train,14,0.003900393358977732,0.062453129296919395,0.01258899062607697,0.11220067123719434
732,-1,train,30,0.01258899062607697,0.11220067123719434,0.01258899062607697,0.11220067123719434
733,0,train,16,0.012919518113271883,0.11366405814184131,0.01315067414419638,0.11467638878250562
733,1,train,14,0.013381830175120877,0.1156798607153418,0.01315067414419638,0.11467638878250562
733,-1,train,30,0.01315067414419638,0.11467638878250562,0.01315067414419638,0.11467638878250562
734,0,train,16,0.013006863672899988,0.11404763773485178,0.013120990596019105,0.11454689256378413
734,1,train,14,0.013235117519138223,0.11504398080359625,0.013120990596019105,0.11454689256378413
734,-1,train,30,0.013120990596019105,0.11454689256378413,0.013120990596019105,0.11454689256378413
735,0,train,16,0.010866153470126219,0.10424084357931021,0.01325041593281136,0.11511045101471612
735,1,train,14,0.0156346783954965,0.12503870758887625,0.01325041593281136,0.11511045101471612
735,-1,train,30,0.01325041593281136,0.11511045101471612,0.01325041593281136,0.11511045101471612
736,0,train,16,0.012627947631347735,0.1123741412930383,0.013102931292889364,0.11446803611877582
736,1,train,14,0.013577914954430993,0.11652431057264828,0.013102931292889364,0.11446803611877582
736,-1,train,30,0.013102931292889364,0.11446803611877582,0.013102931292889364,0.11446803611877582
737,0,train,16,0.002480644861294056,0.049806072534321115,0.013807630024638516,0.11750587229853032
737,1,train,14,0.025134615187982975,0.15853900210352964,0.013807630024638516,0.11750587229853032
737,-1,train,30,0.013807630024638516,0.11750587229853032,0.013807630024638516,0.11750587229853032
738,0,train,16,0.006189087778378242,0.07867075554726954,0.013514373171934286,0.11625133621569382
738,1,train,14,0.02083965856549033,0.14435947688146536,0.013514373171934286,0.11625133621569382
738,-1,train,30,0.013514373171934286,0.11625133621569382,0.013514373171934286,0.11625133621569382
739,0,train,16,0.018324281288494518,0.1353672090592641,0.012632856463296462,0.11239598063674902
739,1,train,14,0.006941431638098407,0.08331525453419925,0.012632856463296462,0.11239598063674902
739,-1,train,30,0.012632856463296462,0.11239598063674902,0.012632856463296462,0.11239598063674902
740,0,train,16,0.014645255017636633,0.12101758144020493,0.012867527435322042,0.11343512434568952
740,1,train,14,0.01108979985300745,0.10530811864717482,0.012867527435322042,0.11343512434568952
740,-1,train,30,0.012867527435322042,0.11343512434568952,0.012867527435322042,0.11343512434568952
741,0,train,16,0.021679942319901682,0.14724110268502366,0.01235498043838553,0.11115295964744047
741,1,train,14,0.0030300185568693776,0.05504560433739807,0.01235498043838553,0.11115295964744047
741,-1,train,30,0.01235498043838553,0.11115295964744047,0.01235498043838553,0.11115295964744047
742,0,train,16,0.014592636376083056,0.12079998500034285,0.012823876041660909,0.11324255402303901
742,1,train,14,0.011055115707238763,0.10514331033041885,0.012823876041660909,0.11324255402303901
742,-1,train,30,0.012823876041660909,0.11324255402303901,0.012823876041660909,0.11324255402303901
743,0,train,16,0.021842616836432144,0.14779247895759834,0.01229614259703483,0.1108879731848086
743,1,train,14,0.002749668357637518,0.05243728022731078,0.01229614259703483,0.1108879731848086
743,-1,train,30,0.01229614259703483,0.1108879731848086,0.01229614259703483,0.1108879731848086
744,0,train,16,0.009995012027232497,0.09997505702540257,0.013108461780618825,0.11449219091544552
744,1,train,14,0.016221911534005155,0.12736526816210594,0.013108461780618825,0.11449219091544552
744,-1,train,30,0.013108461780618825,0.11449219091544552,0.013108461780618825,0.11449219091544552
745,0,train,16,0.012502944337934438,0.11181656557923086,0.01290766155235876,0.11361189001314413
745,1,train,14,0.013312378766783081,0.11537928222511648,0.01290766155235876,0.11361189001314413
745,-1,train,30,0.01290766155235876,0.11361189001314413,0.01290766155235876,0.11361189001314413
746,0,train,16,0.011783822074191926,0.10855331443208874,0.012937115949559935,0.11374144341250438
746,1,train,14,0.014090409824927944,0.11870303207975752,0.012937115949559935,0.11374144341250438
746,-1,train,30,0.012937115949559935,0.11374144341250438,0.012937115949559935,0.11374144341250438
747,0,train,16,0.010320415512594274,0.10158944587207017,0.013020452200271097,0.1141071960932837
747,1,train,14,0.015720488887947918,0.12538137376798802,0.013020452200271097,0.1141071960932837
747,-1,train,30,0.013020452200271097,0.1141071960932837,0.013020452200271097,0.1141071960932837
748,0,train,16,0.007598989286880955,0.08717218184077392,0.013193650150070912,0.11486361543182816
748,1,train,14,0.018788311013260867,0.13707046003155043,0.013193650150070912,0.11486361543182816
748,-1,train,30,0.013193650150070912,0.11486361543182816,0.013193650150070912,0.11486361543182816
749,0,train,16,0.01953139325540995,0.13975476111893273,0.012326268109503727,0.11102372768693963
749,1,train,14,0.0051211429635975025,0.07156216153525201,0.012326268109503727,0.11102372768693963
749,-1,train,30,0.012326268109503727,0.11102372768693963,0.012326268109503727,0.11102372768693963
750,0,train,16,0.0191465554640868,0.13837107885713257,0.012331403068877617,0.11104685078325102
750,1,train,14,0.005516250673668434,0.07427146607997202,0.012331403068877617,0.11104685078325102
750,-1,train,30,0.012331403068877617,0.11104685078325102,0.012331403068877617,0.11104685078325102
751,0,train,16,0.02163429501397086,0.1470860122988276,0.012135828633654507,0.11016273704685495
751,1,train,14,0.002637362253338152,0.05135525536240816,0.012135828633654507,0.11016273704685495
751,-1,train,30,0.012135828633654507,0.11016273704685495,0.012135828633654507,0.11016273704685495
752,0,train,16,0.016079555752436556,0.12680518819211048,0.012503561059093424,0.1118193232813248
752,1,train,14,0.008927566365750294,0.09448579981007883,0.012503561059093424,0.1118193232813248
752,-1,train,30,0.012503561059093424,0.1118193232813248,0.012503561059093424,0.1118193232813248
753,0,train,16,0.00981913471368132,0.09909154713537033,0.012925683351140405,0.11369117534417703
753,1,train,14,0.01603223198859949,0.12661845042725603,0.012925683351140405,0.11369117534417703
753,-1,train,30,0.012925683351140405,0.11369117534417703,0.012925683351140405,0.11369117534417703
754,0,train,16,0.007688726529654156,0.08768538378574936,0.013058853454682955,0.11427534053628086
754,1,train,14,0.018428980379711753,0.13575338073032198,0.013058853454682955,0.11427534053628086
754,-1,train,30,0.013058853454682955,0.11427534053628086,0.013058853454682955,0.11427534053628086
755,0,train,16,0.009017407284981066,0.09496002993355186,0.012942918446980034,0.11376694795493124
755,1,train,14,0.016868429608979003,0.12987851865870276,0.012942918446980034,0.11376694795493124
755,-1,train,30,0.012942918446980034,0.11376694795493124,0.012942918446980034,0.11376694795493124
756,0,train,16,0.01861039109929141,0.13641990726903244,0.012245808516086486,0.11066078129168656
756,1,train,14,0.005881225932881562,0.07668915133760161,0.012245808516086486,0.11066078129168656
756,-1,train,30,0.012245808516086486,0.11066078129168656,0.012245808516086486,0.11066078129168656
757,0,train,16,0.01719017510716171,0.1311113080827192,0.01232250306367138,0.1110067703506024
757,1,train,14,0.007454831020181051,0.08634136332130186,0.01232250306367138,0.1110067703506024
757,-1,train,30,0.01232250306367138,0.1110067703506024,0.01232250306367138,0.1110067703506024
758,0,train,16,0.020457268829679486,0.14302890906973836,0.01206766121908881,0.1098529071945245
758,1,train,14,0.003678053608498134,0.06064695877369395,0.01206766121908881,0.1098529071945245
758,-1,train,30,0.01206766121908881,0.1098529071945245,0.01206766121908881,0.1098529071945245
759,0,train,16,0.01818351659566398,0.13484627023267637,0.012205301713619058,0.11047760729495845
759,1,train,14,0.006227086831574137,0.07891189283988909,0.012205301713619058,0.11047760729495845
759,-1,train,30,0.012205301713619058,0.11047760729495845,0.012205301713619058,0.11047760729495845
760,0,train,16,0.021533891559066425,0.14674430673476374,0.01195224275145,0.1093263131704806
760,1,train,14,0.0023705939438335736,0.04868874555617113,0.01195224275145,0.1093263131704806
760,-1,train,30,0.01195224275145,0.1093263131704806,0.01195224275145,0.1093263131704806
761,0,train,16,0.012357744495575442,0.11116539252652079,0.012578366087053983,0.11215331509613964
761,1,train,14,0.012798987678532521,0.11313261103029719,0.012578366087053983,0.11215331509613964
761,-1,train,30,0.012578366087053983,0.11215331509613964,0.012578366087053983,0.11215331509613964
762,0,train,16,0.010201504338059771,0.1010024966922094,0.012713646616582988,0.1127548075098485
762,1,train,14,0.015225788895106205,0.1233928235154144,0.012713646616582988,0.1127548075098485
762,-1,train,30,0.012713646616582988,0.1127548075098485,0.012713646616582988,0.1127548075098485
763,0,train,16,0.012971939124008227,0.11389442095207397,0.012495133254349533,0.11178163200789981
763,1,train,14,0.01201832738469084,0.10962813226855067,0.012495133254349533,0.11178163200789981
763,-1,train,30,0.012495133254349533,0.11178163200789981,0.012495133254349533,0.11178163200789981
764,0,train,16,0.01715039757172853,0.13095952646420395,0.01218262701527829,0.1103749383477893
764,1,train,14,0.00721485645882805,0.0849403111533508,0.01218262701527829,0.1103749383477893
764,-1,train,30,0.01218262701527829,0.1103749383477893,0.01218262701527829,0.1103749383477893
765,0,train,16,0.014884838729486224,0.12200343736750299,0.012319624681751419,0.1109938046998634
765,1,train,14,0.009754410634016613,0.09876441987890484,0.012319624681751419,0.1109938046998634
765,-1,train,30,0.012319624681751419,0.1109938046998634,0.012319624681751419,0.1109938046998634
766,0,train,16,0.018153733929801505,0.13473579305367042,0.01206649960068926,0.10984761991362972
766,1,train,14,0.005979265271577014,0.07732570899498442,0.01206649960068926,0.10984761991362972
766,-1,train,30,0.01206649960068926,0.10984761991362972,0.01206649960068926,0.10984761991362972
767,0,train,16,0.008008999721861898,0.0894930149333561,0.012767551430244526,0.11299359021751865
767,1,train,14,0.017526103138627156,0.1323861893802641,0.012767551430244526,0.11299359021751865
767,-1,train,30,0.012767551430244526,0.11299359021751865,0.012767551430244526,0.11299359021751865
768,0,train,16,0.004451238401067669,0.0667176018833686,0.013004368632936981,0.11403669862345622
768,1,train,14,0.021557498864806294,0.14682472157237791,0.013004368632936981,0.11403669862345622
768,-1,train,30,0.013004368632936981,0.11403669862345622,0.013004368632936981,0.11403669862345622
769,0,train,16,0.012829718428352154,0.11326834698340113,0.012384672591845579,0.11128644388174859
769,1,train,14,0.011939626755339005,0.1092685991277412,0.012384672591845579,0.11128644388174859
769,-1,train,30,0.012384672591845579,0.11128644388174859,0.012384672591845579,0.11128644388174859
770,0,train,16,0.016220205616703842,0.12735857103746037,0.01212602490102016,0.11011823146518546
770,1,train,14,0.008031844185336479,0.08962055671181964,0.01212602490102016,0.11011823146518546
770,-1,train,30,0.01212602490102016,0.11011823146518546,0.01212602490102016,0.11011823146518546
771,0,train,16,0.005926772256283871,0.0769855327726182,0.012836294594711285,0.11329737240868071
771,1,train,14,0.0197458169331387,0.14051980975342482,0.012836294594711285,0.11329737240868071
771,-1,train,30,0.012836294594711285,0.11329737240868071,0.012836294594711285,0.11329737240868071
772,0,train,16,0.006836157587699954,0.08268105942536025,0.012750695045369461,0.11291897557704578
772,1,train,14,0.01866523250303897,0.13662076161052158,0.012750695045369461,0.11291897557704578
772,-1,train,30,0.012750695045369461,0.11291897557704578,0.012750695045369461,0.11291897557704578
773,0,train,16,0.007903613554188019,0.08890226967962077,0.01265586561608617,0.11249829161407816
773,1,train,14,0.017408117677984322,0.13193982597375337,0.01265586561608617,0.11249829161407816
773,-1,train,30,0.01265586561608617,0.11249829161407816,0.01265586561608617,0.11249829161407816
774,0,train,16,0.008418467150115249,0.0917522051512401,0.01259827544591114,0.11224203956589145
774,1,train,14,0.016778083741707032,0.12953024257565116,0.01259827544591114,0.11224203956589145
774,-1,train,30,0.01259827544591114,0.11224203956589145,0.01259827544591114,0.11224203956589145
775,0,train,16,0.007109985848068358,0.08432073201810072,0.01267182359591159,0.11256919470224343
775,1,train,14,0.01823366134375482,0.13503207524049543,0.01267182359591159,0.11256919470224343
775,-1,train,30,0.01267182359591159,0.11256919470224343,0.01267182359591159,0.11256919470224343
776,0,train,16,0.014745128773543123,0.12142952183692038,0.01211213842725765,0.11005516083881596
776,1,train,14,0.009479148080972178,0.0973609165988703,0.01211213842725765,0.11005516083881596
776,-1,train,30,0.01211213842725765,0.11005516083881596,0.01211213842725765,0.11005516083881596
777,0,train,16,0.01900950699494583,0.13787496870333582,0.011798826346835154,0.10862240260109861
777,1,train,14,0.0045881456987244785,0.06773585238796717,0.011798826346835154,0.10862240260109861
777,-1,train,30,0.011798826346835154,0.10862240260109861,0.011798826346835154,0.10862240260109861
778,0,train,16,0.01291516707687192,0.11364491663454164,0.012201791344241743,0.11046171890859631
778,1,train,14,0.011488415611611567,0.10718402684920719,0.012201791344241743,0.11046171890859631
778,-1,train,30,0.012201791344241743,0.11046171890859631,0.012201791344241743,0.11046171890859631
779,0,train,16,0.01742857738203355,0.1320173374297238,0.011861862902307682,0.10891217977025197
779,1,train,14,0.006295148422581814,0.07934197138073779,0.011861862902307682,0.10891217977025197
779,-1,train,30,0.011861862902307682,0.10891217977025197,0.011861862902307682,0.10891217977025197
780,0,train,16,0.011384009110744876,0.10669587204172838,0.012270639731780464,0.11077291966803288
780,1,train,14,0.013157270352816053,0.11470514527612112,0.012270639731780464,0.11077291966803288
780,-1,train,30,0.012270639731780464,0.11077291966803288,0.012270639731780464,0.11077291966803288
781,0,train,16,0.01516536906262439,0.12314775297432101,0.011987251108564072,0.10948630557546488
781,1,train,14,0.008809133154503752,0.0938569824493828,0.011987251108564072,0.10948630557546488
781,-1,train,30,0.011987251108564072,0.10948630557546488,0.011987251108564072,0.10948630557546488
782,0,train,16,0.018570313012111563,0.1362729357286749,0.011724125898801936,0.10827800283899743
782,1,train,14,0.004877938785492308,0.06984224212818707,0.011724125898801936,0.10827800283899743
782,-1,train,30,0.011724125898801936,0.10827800283899743,0.011724125898801936,0.10827800283899743
783,0,train,16,0.018772432558338655,0.13701252701245478,0.011689741506148878,0.10811910796038264
783,1,train,14,0.004607050453959102,0.06787525656643296,0.011689741506148878,0.10811910796038264
783,-1,train,30,0.011689741506148878,0.10811910796038264,0.011689741506148878,0.10811910796038264
784,0,train,16,0.012600688648233004,0.11225278904433958,0.012108691497773265,0.11003949971611678
784,1,train,14,0.011616694347313525,0.10778076984004858,0.012108691497773265,0.11003949971611678
784,-1,train,30,0.012108691497773265,0.11003949971611678,0.012108691497773265,0.11003949971611678
785,0,train,16,0.012479502094817251,0.11171169184475388,0.012099615353360009,0.10999825159228672
785,1,train,14,0.011719728611902768,0.10825769539345814,0.012099615353360009,0.10999825159228672
785,-1,train,30,0.012099615353360009,0.10999825159228672,0.012099615353360009,0.10999825159228672
786,0,train,16,0.018333182654677253,0.13540008365830966,0.011667672766563865,0.10801700221059583
786,1,train,14,0.005002162878450478,0.07072597032526651,0.011667672766563865,0.10801700221059583
786,-1,train,30,0.011667672766563865,0.10801700221059583,0.011667672766563865,0.10801700221059583
787,0,train,16,0.01997787675878232,0.14134311712560438,0.01153824850416642,0.10741623948065962
787,1,train,14,0.0030986202495505186,0.05566525172448714,0.01153824850416642,0.10741623948065962
787,-1,train,30,0.01153824850416642,0.10741623948065962,0.01153824850416642,0.10741623948065962
788,0,train,16,0.016582708160312383,0.1287738644302965,0.011754695373479672,0.10841907292298561
788,1,train,14,0.006926682586646959,0.0832266939548061,0.011754695373479672,0.10841907292298561
788,-1,train,30,0.011754695373479672,0.10841907292298561,0.011754695373479672,0.10841907292298561
789,0,train,16,0.014936382602100149,0.12221449423902285,0.011851327648098098,0.10886380320427032
789,1,train,14,0.008766272694096045,0.0936283754750452,0.011851327648098098,0.10886380320427032
789,-1,train,30,0.011851327648098098,0.10886380320427032,0.011851327648098098,0.10886380320427032
790,0,train,16,0.01822617227187963,0.13500434167788689,0.011601378844099128,0.10770969707551464
790,1,train,14,0.004976585416318628,0.07054491772139669,0.011601378844099128,0.10770969707551464
790,-1,train,30,0.011601378844099128,0.10770969707551464,0.011601378844099128,0.10770969707551464
791,0,train,16,0.014787466859869003,0.12160372880742187,0.011825945765650225,0.10874716440280283
791,1,train,14,0.008864424671431446,0.09415107366053478,0.011825945765650225,0.10874716440280283
791,-1,train,30,0.011825945765650225,0.10874716440280283,0.011825945765650225,0.10874716440280283
792,0,train,16,0.0052244217865554405,0.07228016177731923,0.012492004525690523,0.11176763630716417
792,1,train,14,0.019759587264825608,0.14056879904454475,0.012492004525690523,0.11176763630716417
792,-1,train,30,0.012492004525690523,0.11176763630716417,0.012492004525690523,0.11176763630716417
793,0,train,16,0.01502310051227323,0.1225687583043625,0.01177522563119136,0.10851371171972397
793,1,train,14,0.008527350750109491,0.0923436557112046,0.01177522563119136,0.10851371171972397
793,-1,train,30,0.01177522563119136,0.10851371171972397,0.01177522563119136,0.10851371171972397
794,0,train,16,0.020340310487184595,0.14261946040840498,0.011387594834202427,0.10671267419665964
794,1,train,14,0.00243487918122026,0.04934449494341046,0.011387594834202427,0.10671267419665964
794,-1,train,30,0.011387594834202427,0.10671267419665964,0.011387594834202427,0.10671267419665964
795,0,train,16,0.016674600167691945,0.12913016753528955,0.011623388783417109,0.10781182116733354
795,1,train,14,0.006572177399142273,0.08106896693027656,0.011623388783417109,0.10781182116733354
795,-1,train,30,0.011623388783417109,0.10781182116733354,0.011623388783417109,0.10781182116733354
796,0,train,16,0.013677411077018567,0.11695046420180882,0.011818867383486607,0.10871461439699176
796,1,train,14,0.009960323689954647,0.0998014212822375,0.011818867383486607,0.10871461439699176
796,-1,train,30,0.011818867383486607,0.10871461439699176,0.011818867383486607,0.10871461439699176
797,0,train,16,0.015370705715235234,0.12397865023960873,0.01168096791407372,0.1080785266094691
797,1,train,14,0.007991230112912204,0.08939368049762916,0.01168096791407372,0.1080785266094691
797,-1,train,30,0.01168096791407372,0.1080785266094691,0.01168096791407372,0.1080785266094691
798,0,train,16,0.008323502256777898,0.09123323000298683,0.012164033182914312,0.1102906758657064
798,1,train,14,0.016004564109050726,0.12650914634543514,0.012164033182914312,0.1102906758657064
798,-1,train,30,0.012164033182914312,0.1102906758657064,0.012164033182914312,0.1102906758657064
799,0,train,16,0.01762864205227967,0.13277289652741509,0.011484658966757301,0.10716650114078233
799,1,train,14,0.005340675881234933,0.07307992803249694,0.011484658966757301,0.10716650114078233
799,-1,train,30,0.011484658966757301,0.10716650114078233,0.011484658966757301,0.10716650114078233
800,0,train,16,0.009062049135671324,0.09519479573837702,0.012076278539372605,0.1098921222807741
800,1,train,14,0.015090507943073888,0.12284342857098172,0.012076278539372605,0.1098921222807741
800,-1,train,30,0.012076278539372605,0.1098921222807741,0.012076278539372605,0.1098921222807741
801,0,train,16,0.019861980559637768,0.14093253903778846,0.011298855798134397,0.1062960761182387
801,1,train,14,0.002735731036631025,0.05230421624143722,0.011298855798134397,0.1062960761182387
801,-1,train,30,0.011298855798134397,0.1062960761182387,0.011298855798134397,0.1062960761182387
802,0,train,16,0.015780806402167485,0.12562167966624027,0.01156345357698621,0.10753349978953633
802,1,train,14,0.007346100751804937,0.08570939710326364,0.01156345357698621,0.10753349978953633
802,-1,train,30,0.01156345357698621,0.10753349978953633,0.01156345357698621,0.10753349978953633
803,0,train,16,0.014871216736405887,0.12194759832159831,0.011613034540303335,0.10776379048782264
803,1,train,14,0.008354852344200782,0.09140488140247643,0.011613034540303335,0.10776379048782264
803,-1,train,30,0.011613034540303335,0.10776379048782264,0.011613034540303335,0.10776379048782264
804,0,train,16,0.010571220890579493,0.10281644270533528,0.01189926051334373,0.10908373166216734
804,1,train,14,0.013227300136107968,0.11501000015697752,0.01189926051334373,0.10908373166216734
804,-1,train,30,0.01189926051334373,0.10908373166216734,0.01189926051334373,0.10908373166216734
805,0,train,16,0.013698219534717327,0.11703939308932411,0.011659650409140784,0.10797986112762316
805,1,train,14,0.009621081283564242,0.09808711069026471,0.011659650409140784,0.10797986112762316
805,-1,train,30,0.011659650409140784,0.10797986112762316,0.011659650409140784,0.10797986112762316
806,0,train,16,0.008918280864867081,0.09443665000870732,0.011982746695916417,0.10946573297574186
806,1,train,14,0.015047212526965751,0.12266708004581242,0.011982746695916417,0.10946573297574186
806,-1,train,30,0.011982746695916417,0.10946573297574186,0.011982746695916417,0.10946573297574186
807,0,train,16,0.009137223961552369,0.09558882759795921,0.011953479324864678,0.10933196844868695
807,1,train,14,0.014769734688176987,0.12153079728273401,0.011953479324864678,0.10933196844868695
807,-1,train,30,0.011953479324864678,0.10933196844868695,0.011953479324864678,0.10933196844868695
808,0,train,16,0.016474922432795837,0.12835467437065093,0.011414534045142899,0.10683882274315315
808,1,train,14,0.006354145657489961,0.07971289517694086,0.011414534045142899,0.10683882274315315
808,-1,train,30,0.011414534045142899,0.10683882274315315,0.011414534045142899,0.10683882274315315
809,0,train,16,0.013294226647965984,0.11530059257421874,0.011624048471890077,0.1078148805679906
809,1,train,14,0.00995387029581417,0.09976908487008473,0.011624048471890077,0.1078148805679906
809,-1,train,30,0.011624048471890077,0.1078148805679906,0.011624048471890077,0.1078148805679906
810,0,train,16,0.01409263639379399,0.1187124104455553,0.011546321030523684,0.10745380882278527
810,1,train,14,0.00900000566725338,0.0948683596740946,0.011546321030523684,0.10745380882278527
810,-1,train,30,0.011546321030523684,0.10745380882278527,0.011546321030523684,0.10745380882278527
811,0,train,16,0.018875250279113215,0.13738722749627497,0.011195045582800168,0.10580664243231692
811,1,train,14,0.0035148408864871202,0.059286093533704176,0.011195045582800168,0.10580664243231692
811,-1,train,30,0.011195045582800168,0.10580664243231692,0.011195045582800168,0.10580664243231692
812,0,train,16,0.008168962728306249,0.09038231424513453,0.011932876850428428,0.10923770800611128
812,1,train,14,0.015696790972550605,0.12528683479340758,0.011932876850428428,0.10923770800611128
812,-1,train,30,0.011932876850428428,0.10923770800611128,0.011932876850428428,0.10923770800611128
813,0,train,16,0.014770654205813605,0.12153458028813695,0.011449502909450467,0.10700235001835458
813,1,train,14,0.00812835161308733,0.09015737137409968,0.011449502909450467,0.10700235001835458
813,-1,train,30,0.011449502909450467,0.10700235001835458,0.011449502909450467,0.10700235001835458
814,0,train,16,0.01157783551330781,0.10760035089769833,0.01165681280205832,0.10796672080811902
814,1,train,14,0.01173579009080883,0.10833185169103697,0.01165681280205832,0.10796672080811902
814,-1,train,30,0.01165681280205832,0.10796672080811902,0.01165681280205832,0.10796672080811902
815,0,train,16,0.006063025678483748,0.07786543314259382,0.012034107384486983,0.1097000792364663
815,1,train,14,0.018005189090490217,0.13418341585490443,0.012034107384486983,0.1097000792364663
815,-1,train,30,0.012034107384486983,0.1097000792364663,0.012034107384486983,0.1097000792364663
816,0,train,16,0.013687728006551002,0.11699456400427757,0.011475630820892261,0.107124370807451
816,1,train,14,0.009263533635233521,0.09624725261135261,0.011475630820892261,0.107124370807451
816,-1,train,30,0.011475630820892261,0.107124370807451,0.011475630820892261,0.107124370807451
817,0,train,16,0.00346702663576197,0.05888146258171557,0.012186534538002858,0.11039263806070973
817,1,train,14,0.020906042440243747,0.14458921965431498,0.012186534538002858,0.11039263806070973
817,-1,train,30,0.012186534538002858,0.11039263806070973,0.012186534538002858,0.11039263806070973
818,0,train,16,0.003613240545637495,0.060110236612722585,0.012158028582200341,0.11026345079943917
818,1,train,14,0.02070281661876319,0.14388473379328048,0.012158028582200341,0.11026345079943917
818,-1,train,30,0.012158028582200341,0.11026345079943917,0.012158028582200341,0.11026345079943917
819,0,train,16,0.00923277716592,0.09608734134067816,0.011739118834597018,0.10834721424474658
819,1,train,14,0.014245460503274037,0.11935434848916916,0.011739118834597018,0.10834721424474658
819,-1,train,30,0.011739118834597018,0.10834721424474658,0.011739118834597018,0.10834721424474658
820,0,train,16,0.013162770359354856,0.11472911731271558,0.011446686862396149,0.10698919039976024
820,1,train,14,0.00973060336543744,0.09864382071593455,0.011446686862396149,0.10698919039976024
820,-1,train,30,0.011446686862396149,0.10698919039976024,0.011446686862396149,0.10698919039976024
821,0,train,16,0.013941769467130194,0.11807527034536146,0.01137092534392057,0.10663454104520059
821,1,train,14,0.008800081220710946,0.09380874810331362,0.01137092534392057,0.10663454104520059
821,-1,train,30,0.01137092534392057,0.10663454104520059,0.01137092534392057,0.10663454104520059
822,0,train,16,0.008159399397415315,0.0903293938727329,0.011763885760495158,0.10846144826847537
822,1,train,14,0.015368372123574999,0.12396923861819512,0.011763885760495158,0.10846144826847537
822,-1,train,30,0.011763885760495158,0.10846144826847537,0.011763885760495158,0.10846144826847537
823,0,train,16,0.011746412049096495,0.10838086569637878,0.011491714312698895,0.10719941377031357
823,1,train,14,0.011237016576301294,0.10600479506277673,0.011491714312698895,0.10719941377031357
823,-1,train,30,0.011491714312698895,0.10719941377031357,0.011491714312698895,0.10719941377031357
824,0,train,16,0.00962216462705164,0.09809263288877325,0.011625857256832427,0.10782326862432073
824,1,train,14,0.013629549886613213,0.11674566324542086,0.011625857256832427,0.10782326862432073
824,-1,train,30,0.011625857256832427,0.10782326862432073,0.011625857256832427,0.10782326862432073
825,0,train,16,0.00513670235121747,0.0716707914789384,0.011933669876442142,0.10924133776388012
825,1,train,14,0.018730637401666816,0.13685991890128685,0.011933669876442142,0.10924133776388012
825,-1,train,30,0.011933669876442142,0.10924133776388012,0.011933669876442142,0.10924133776388012
826,0,train,16,0.007803639930644554,0.08833821330910284,0.011721884950187993,0.10826765421947587
826,1,train,14,0.01564012996973143,0.12506050523539167,0.011721884950187993,0.10826765421947587
826,-1,train,30,0.011721884950187993,0.10826765421947587,0.011721884950187993,0.10826765421947587
827,0,train,16,0.010179891656954997,0.10089544913897255,0.011536385331930122,0.10740756645567444
827,1,train,14,0.012892879006905245,0.11354681416449008,0.011536385331930122,0.10740756645567444
827,-1,train,30,0.011536385331930122,0.10740756645567444,0.011536385331930122,0.10740756645567444
828,0,train,16,0.009851294298254798,0.0992536865726145,0.011542671347457744,0.10743682491333102
828,1,train,14,0.013234048396660692,0.11503933412820457,0.011542671347457744,0.10743682491333102
828,-1,train,30,0.011542671347457744,0.10743682491333102,0.011542671347457744,0.10743682491333102
829,0,train,16,0.01086843916286642,0.10425180652087723,0.011454547116355174,0.1070259179654871
829,1,train,14,0.012040655069843928,0.10972991875438498,0.011454547116355174,0.1070259179654871
829,-1,train,30,0.011454547116355174,0.1070259179654871,0.011454547116355174,0.1070259179654871
830,0,train,16,0.01832845458773279,0.13538262291643188,0.010911596791523438,0.10445858888345869
830,1,train,14,0.0034947389953140845,0.05911631750467957,0.010911596791523438,0.10445858888345869
830,-1,train,30,0.010911596791523438,0.10445858888345869,0.010911596791523438,0.10445858888345869
831,0,train,16,0.014908128719189007,0.12209884814849405,0.011133554431943832,0.1055156596526972
831,1,train,14,0.007358980144698655,0.08578449827736159,0.011133554431943832,0.1055156596526972
831,-1,train,30,0.011133554431943832,0.1055156596526972,0.011133554431943832,0.1055156596526972
832,0,train,16,0.003639297525099193,0.06032659053103526,0.011926571769054971,0.10920884473821235
832,1,train,14,0.02021384601301075,0.14217540579513305,0.011926571769054971,0.10920884473821235
832,-1,train,30,0.011926571769054971,0.10920884473821235,0.011926571769054971,0.10920884473821235
833,0,train,16,0.004977319601519431,0.0705501212013093,0.011810255009490404,0.10867499716811777
833,1,train,14,0.01864319041746138,0.13654006890821968,0.011810255009490404,0.10867499716811777
833,-1,train,30,0.011810255009490404,0.10867499716811777,0.011810255009490404,0.10867499716811777
834,0,train,16,0.009488800884472365,0.09741047625626499,0.011469498150659205,0.10709574291566964
834,1,train,14,0.013450195416846047,0.1159749775462192,0.011469498150659205,0.10709574291566964
834,-1,train,30,0.011469498150659205,0.10709574291566964,0.011469498150659205,0.10709574291566964
835,0,train,16,0.0074047195833435355,0.08605068031888845,0.011600836500077333,0.10770717942680207
835,1,train,14,0.01579695341681113,0.12568593165828518,0.011600836500077333,0.10770717942680207
835,-1,train,30,0.011600836500077333,0.10770717942680207,0.011600836500077333,0.10770717942680207
836,0,train,16,0.006725860853124366,0.08201134588045952,0.011633770691433693,0.10785995870309655
836,1,train,14,0.01654168052974302,0.12861446469873838,0.011633770691433693,0.10785995870309655
836,-1,train,30,0.011633770691433693,0.10785995870309655,0.011633770691433693,0.10785995870309655
837,0,train,16,0.006189295278125168,0.07867207432199286,0.01165857207418041,0.10797486778959449
837,1,train,14,0.017127848870235652,0.1308734078040136,0.01165857207418041,0.10797486778959449
837,-1,train,30,0.01165857207418041,0.10797486778959449,0.01165857207418041,0.10797486778959449
838,0,train,16,0.013468536135161044,0.11605402248591405,0.011122374025550462,0.1054626665012338
838,1,train,14,0.008776211915939879,0.09368143848137622,0.011122374025550462,0.1054626665012338
838,-1,train,30,0.011122374025550462,0.1054626665012338,0.011122374025550462,0.1054626665012338
839,0,train,16,0.018557316367327308,0.1362252413003086,0.010745231641962921,0.10365920915173393
839,1,train,14,0.002933146916598536,0.05415853503002584,0.010745231641962921,0.10365920915173393
839,-1,train,30,0.010745231641962921,0.10365920915173393,0.010745231641962921,0.10365920915173393
840,0,train,16,0.013711487424363986,0.11709606066970821,0.011070419025870288,0.10521605878320234
840,1,train,14,0.00842935062737659,0.09181149507211278,0.011070419025870288,0.10521605878320234
840,-1,train,30,0.011070419025870288,0.10521605878320234,0.011070419025870288,0.10521605878320234
841,0,train,16,0.010408277605848284,0.10202096650124563,0.011289459598971346,0.10625186868460877
841,1,train,14,0.01217064159209441,0.11032063085431668,0.011289459598971346,0.10625186868460877
841,-1,train,30,0.011289459598971346,0.10625186868460877,0.011289459598971346,0.10625186868460877
842,0,train,16,0.012171133861929223,0.11032286191868494,0.011147207892480209,0.10558033856964189
842,1,train,14,0.010123281923031194,0.10061452143220279,0.011147207892480209,0.10558033856964189
842,-1,train,30,0.011147207892480209,0.10558033856964189,0.011147207892480209,0.10558033856964189
843,0,train,16,0.01365829799751751,0.11686872121109869,0.011024403127994721,0.10499715771388633
843,1,train,14,0.008390508258471931,0.0915997175676428,0.011024403127994721,0.10499715771388633
843,-1,train,30,0.011024403127994721,0.10499715771388633,0.011024403127994721,0.10499715771388633
844,0,train,16,0.007995640653225621,0.08941834628992879,0.01141306336616684,0.10683193982216573
844,1,train,14,0.014830486079108057,0.121780483161745,0.01141306336616684,0.10683193982216573
844,-1,train,30,0.01141306336616684,0.10683193982216573,0.01141306336616684,0.10683193982216573
845,0,train,16,0.005759621982910941,0.07589217339693825,0.011557309246554702,0.10750492661527053
845,1,train,14,0.017354996510198464,0.13173836385122772,0.011557309246554702,0.10750492661527053
845,-1,train,30,0.011557309246554702,0.10750492661527053,0.011557309246554702,0.10750492661527053
846,0,train,16,0.017986070681252544,0.1341121570971571,0.010675274897170083,0.10332122191094181
846,1,train,14,0.0033644791130876235,0.058004130138186054,0.010675274897170083,0.10332122191094181
846,-1,train,30,0.010675274897170083,0.10332122191094181,0.010675274897170083,0.10332122191094181
847,0,train,16,0.010585691583712361,0.10288679013222427,0.011180429224715738,0.10573754879282826
847,1,train,14,0.011775166865719116,0.10851344094497749,0.011180429224715738,0.10573754879282826
847,-1,train,30,0.011180429224715738,0.10573754879282826,0.011180429224715738,0.10573754879282826
848,0,train,16,0.013569343593379513,0.11648752548397409,0.010952101470958656,0.1046522884172088
848,1,train,14,0.0083348593485378,0.0912954508644204,0.010952101470958656,0.1046522884172088
848,-1,train,30,0.010952101470958656,0.1046522884172088,0.010952101470958656,0.1046522884172088
849,0,train,16,0.01350689841338305,0.11621918263945522,0.010940750648344402,0.10459804323382155
849,1,train,14,0.008374602883305752,0.09151285638261845,0.010940750648344402,0.10459804323382155
849,-1,train,30,0.010940750648344402,0.10459804323382155,0.010940750648344402,0.10459804323382155
850,0,train,16,0.016841063242484005,0.12977312218824053,0.010694206146951398,0.10341279488995256
850,1,train,14,0.004547349051418793,0.06743403481491221,0.010694206146951398,0.10341279488995256
850,-1,train,30,0.010694206146951398,0.10341279488995256,0.010694206146951398,0.10341279488995256
851,0,train,16,0.006692189445699918,0.08180580325196934,0.011395171637326118,0.106748169245782
851,1,train,14,0.016098153828952317,0.12687850026285902,0.011395171637326118,0.106748169245782
851,-1,train,30,0.011395171637326118,0.106748169245782,0.011395171637326118,0.106748169245782
852,0,train,16,0.006164216645891395,0.07851252540767871,0.011421685723806484,0.10687228697752511
852,1,train,14,0.016679154801721573,0.1291478021559855,0.011421685723806484,0.10687228697752511
852,-1,train,30,0.011421685723806484,0.10687228697752511,0.011421685723806484,0.10687228697752511
853,0,train,16,0.008759377379493437,0.09359154544879274,0.011218574297976706,0.10591777139827248
853,1,train,14,0.013677771216459975,0.11695200390100195,0.011218574297976706,0.10591777139827248
853,-1,train,30,0.011218574297976706,0.10591777139827248,0.011218574297976706,0.10591777139827248
854,0,train,16,0.004589789641106132,0.0677479862512985,0.011500304485058718,0.10723947260714554
854,1,train,14,0.018410819329011303,0.13568647437755652,0.011500304485058718,0.10723947260714554
854,-1,train,30,0.011500304485058718,0.10723947260714554,0.011500304485058718,0.10723947260714554
855,0,train,16,0.005980716846233303,0.07733509453174091,0.011384680889294325,0.10669902009528637
855,1,train,14,0.016788644932355348,0.12957100343964056,0.011384680889294325,0.10669902009528637
855,-1,train,30,0.011384680889294325,0.10669902009528637,0.011384680889294325,0.10669902009528637
856,0,train,16,0.008471812087887713,0.09204244720718649,0.011189084287897938,0.10577846797859165
856,1,train,14,0.013906356487908163,0.11792521565767079,0.011189084287897938,0.10577846797859165
856,-1,train,30,0.011189084287897938,0.10577846797859165,0.011189084287897938,0.10577846797859165
857,0,train,16,0.013545728470620097,0.11638611803226404,0.01081354657567933,0.10398820402179917
857,1,train,14,0.008081364680738565,0.08989641083346189,0.01081354657567933,0.10398820402179917
857,-1,train,30,0.01081354657567933,0.10398820402179917,0.01081354657567933,0.10398820402179917
858,0,train,16,0.0126247224731494,0.11235979028615797,0.010865185571002373,0.10423620086612123
858,1,train,14,0.009105648668855345,0.0954235226181435,0.010865185571002373,0.10423620086612123
858,-1,train,30,0.010865185571002373,0.10423620086612123,0.010865185571002373,0.10423620086612123
859,0,train,16,0.017553959827363744,0.13249135755725255,0.0105023830084092,0.10248113489032604
859,1,train,14,0.003450806189454654,0.05874356296186548,0.0105023830084092,0.10248113489032604
859,-1,train,30,0.0105023830084092,0.10248113489032604,0.0105023830084092,0.10248113489032604
860,0,train,16,0.014657097778558522,0.12106650147154052,0.010690337649427653,0.10339408904491423
860,1,train,14,0.0067235775202967845,0.08199742386378235,0.010690337649427653,0.10339408904491423
860,-1,train,30,0.010690337649427653,0.10339408904491423,0.010690337649427653,0.10339408904491423
861,0,train,16,0.008684045786953061,0.09318822772728894,0.011099364215091636,0.1053535201836732
861,1,train,14,0.013514682643230212,0.11625266725211174,0.011099364215091636,0.1053535201836732
861,-1,train,30,0.011099364215091636,0.1053535201836732,0.011099364215091636,0.1053535201836732
862,0,train,16,0.008038317370420692,0.08965666383722234,0.011126795134850601,0.1054836249607047
862,1,train,14,0.01421527289928051,0.11922781931781068,0.011126795134850601,0.1054836249607047
862,-1,train,30,0.011126795134850601,0.1054836249607047,0.011126795134850601,0.1054836249607047
863,0,train,16,0.010894740894437201,0.10437787550260448,0.010908552752927804,0.10444401731515215
863,1,train,14,0.010922364611418406,0.10451011726822626,0.010908552752927804,0.10444401731515215
863,-1,train,30,0.010908552752927804,0.10444401731515215,0.010908552752927804,0.10444401731515215
864,0,train,16,0.013684471754574684,0.11698064692321838,0.010696981247298887,0.10342621160662749
864,1,train,14,0.007709490740023092,0.08780370573058457,0.010696981247298887,0.10342621160662749
864,-1,train,30,0.010696981247298887,0.10342621160662749,0.010696981247298887,0.10342621160662749
865,0,train,16,0.008382344007630164,0.09155514189618279,0.011055586203171252,0.10514554770969264
865,1,train,14,0.01372882839871234,0.117170083206902,0.011055586203171252,0.10514554770969264
865,-1,train,30,0.011055586203171252,0.10514554770969264,0.011055586203171252,0.10514554770969264
866,0,train,16,0.012540016644406654,0.11198221575056752,0.010745570918252506,0.10366084563735965
866,1,train,14,0.008951125192098359,0.09461038628025127,0.010745570918252506,0.10366084563735965
866,-1,train,30,0.010745570918252506,0.10366084563735965,0.010745570918252506,0.10366084563735965
867,0,train,16,0.011403250803916416,0.10678600471932835,0.010811743765792171,0.10397953532206311
867,1,train,14,0.010220236727667927,0.10109518647130498,0.010811743765792171,0.10397953532206311
867,-1,train,30,0.010811743765792171,0.10397953532206311,0.010811743765792171,0.10397953532206311
868,0,train,16,0.00684068136084416,0.08270841166921392,0.011122474033269124,0.1054631406381828
868,1,train,14,0.015404266705694086,0.12411392631648588,0.011122474033269124,0.1054631406381828
868,-1,train,30,0.011122474033269124,0.1054631406381828,0.011122474033269124,0.1054631406381828
869,0,train,16,0.010000634185049843,0.10000317087497697,0.010881542174498564,0.10431463068284604
869,1,train,14,0.011762450163947285,0.10845483006278367,0.010881542174498564,0.10431463068284604
869,-1,train,30,0.010881542174498564,0.10431463068284604,0.010881542174498564,0.10431463068284604
870,0,train,16,0.01737967532419635,0.13183199658730937,0.01034604107556522,0.10171549083382148
870,1,train,14,0.0033124068269340867,0.0575535127245426,0.01034604107556522,0.10171549083382148
870,-1,train,30,0.01034604107556522,0.10171549083382148,0.01034604107556522,0.10171549083382148
871,0,train,16,0.01740047193203465,0.13191084842436065,0.010335686088662248,0.10166457637083945
871,1,train,14,0.0032709002452898425,0.05719178477097775,0.010335686088662248,0.10166457637083945
871,-1,train,30,0.010335686088662248,0.10166457637083945,0.010335686088662248,0.10166457637083945
872,0,train,16,0.007551342754865395,0.08689846232739332,0.011011173239047599,0.10493413762473869
872,1,train,14,0.014471003723229802,0.12029548504923118,0.011011173239047599,0.10493413762473869
872,-1,train,30,0.011011173239047599,0.10493413762473869,0.011011173239047599,0.10493413762473869
873,0,train,16,0.014382488612244625,0.11992701368851234,0.010509142534240654,0.10251410895208841
873,1,train,14,0.006635796456236683,0.08146039808542972,0.010509142534240654,0.10251410895208841
873,-1,train,30,0.010509142534240654,0.10251410895208841,0.010509142534240654,0.10251410895208841
874,0,train,16,0.003575857682479297,0.05979847558658412,0.011273010181480315,0.10617443280507938
874,1,train,14,0.018970162680481333,0.1377322136628949,0.011273010181480315,0.10617443280507938
874,-1,train,30,0.011273010181480315,0.10617443280507938,0.011273010181480315,0.10617443280507938
875,0,train,16,0.013527454608158221,0.11630758620209698,0.010540511456748457,0.10266699302477139
875,1,train,14,0.007553568305338694,0.08691126684923361,0.010540511456748457,0.10266699302477139
875,-1,train,30,0.010540511456748457,0.10266699302477139,0.010540511456748457,0.10266699302477139
876,0,train,16,0.008412982948907664,0.09172231434557059,0.01088893503725253,0.10435006007306623
876,1,train,14,0.013364887125597398,0.11560660502582626,0.01088893503725253,0.10435006007306623
876,-1,train,30,0.01088893503725253,0.10435006007306623,0.01088893503725253,0.10435006007306623
877,0,train,16,0.014614097673157573,0.12088878224697928,0.010433571210645653,0.10214485405856553
877,1,train,14,0.006253044748133734,0.07907619583751949,0.010433571210645653,0.10214485405856553
877,-1,train,30,0.010433571210645653,0.10214485405856553,0.010433571210645653,0.10214485405856553
878,0,train,16,0.009526124967700228,0.09760186969367046,0.010780728069447949,0.10383028493386671
878,1,train,14,0.01203533117119567,0.10970565696989226,0.010780728069447949,0.10383028493386671
878,-1,train,30,0.010780728069447949,0.10383028493386671,0.010780728069447949,0.10383028493386671
879,0,train,16,0.013507193353409521,0.11622045152816057,0.010485350083247788,0.10239799843379649
879,1,train,14,0.007463506813086055,0.0863915899441957,0.010485350083247788,0.10239799843379649
879,-1,train,30,0.010485350083247788,0.10239799843379649,0.010485350083247788,0.10239799843379649
880,0,train,16,0.008639075112177059,0.09294662507147346,0.0108145511030554,0.10399303391600516
880,1,train,14,0.01299002709393374,0.11397380003287484,0.0108145511030554,0.10399303391600516
880,-1,train,30,0.0108145511030554,0.10399303391600516,0.0108145511030554,0.10399303391600516
881,0,train,16,0.016514567867817152,0.1285090186244419,0.010240711302433002,0.10119639965153406
881,1,train,14,0.003966854737048853,0.06298297180229631,0.010240711302433002,0.10119639965153406
881,-1,train,30,0.010240711302433002,0.10119639965153406,0.010240711302433002,0.10119639965153406
882,0,train,16,0.012616014861940552,0.11232103481512513,0.010501894280240296,0.1024787503838737
882,1,train,14,0.00838777369854004,0.09158478966804498,0.010501894280240296,0.1024787503838737
882,-1,train,30,0.010501894280240296,0.1024787503838737,0.010501894280240296,0.1024787503838737
883,0,train,16,0.010392841104146662,0.1019452848548998,0.010644951938292128,0.10317437636492953
883,1,train,14,0.010897062772437592,0.10438899737250852,0.010644951938292128,0.10317437636492953
883,-1,train,30,0.010644951938292128,0.10317437636492953,0.010644951938292128,0.10317437636492953
884,0,train,16,0.01815722977184498,0.13474876538152392,0.010082412807351393,0.10041121853334613
884,1,train,14,0.0020075958428578053,0.04480620317386651,0.010082412807351393,0.10041121853334613
884,-1,train,30,0.010082412807351393,0.10041121853334613,0.010082412807351393,0.10041121853334613
885,0,train,16,0.005840102978107504,0.0764205664602632,0.010943938604864334,0.1046132812068541
885,1,train,14,0.016047774231621164,0.12667980988153227,0.010943938604864334,0.1046132812068541
885,-1,train,30,0.010943938604864334,0.1046132812068541,0.010943938604864334,0.1046132812068541
886,0,train,16,0.003785735576177942,0.06152833149190657,0.011080882058151276,0.10526576869120975
886,1,train,14,0.01837602854012461,0.13555821089157458,0.011080882058151276,0.10526576869120975
886,-1,train,30,0.011080882058151276,0.10526576869120975,0.011080882058151276,0.10526576869120975
887,0,train,16,0.015218048073203682,0.12336145294703561,0.010253271980413632,0.1012584415266877
887,1,train,14,0.005288495887623582,0.07272204540318969,0.010253271980413632,0.1012584415266877
887,-1,train,30,0.010253271980413632,0.1012584415266877,0.010253271980413632,0.1012584415266877
888,0,train,16,0.01115310599852545,0.10560826671489998,0.010520100740431849,0.10256754233397546
888,1,train,14,0.009887095482338246,0.09943387492368104,0.010520100740431849,0.10256754233397546
888,-1,train,30,0.010520100740431849,0.10256754233397546,0.010520100740431849,0.10256754233397546
889,0,train,16,0.009938480501109539,0.09969192796364978,0.010591285610848263,0.10291397189326755
889,1,train,14,0.01124409072058699,0.10603815690866655,0.010591285610848263,0.10291397189326755
889,-1,train,30,0.010591285610848263,0.10291397189326755,0.010591285610848263,0.10291397189326755
890,0,train,16,0.008629145126932882,0.09289319203759165,0.010670080311394207,0.103296080813331
890,1,train,14,0.012711015495855531,0.11274313946247697,0.010670080311394207,0.103296080813331
890,-1,train,30,0.010670080311394207,0.103296080813331,0.010670080311394207,0.103296080813331
891,0,train,16,0.009312066233433525,0.096499047836927,0.01060656980089182,0.10298820224128499
891,1,train,14,0.011901073368350114,0.10909204081118895,0.01060656980089182,0.10298820224128499
891,-1,train,30,0.01060656980089182,0.10298820224128499,0.01060656980089182,0.10298820224128499
892,0,train,16,0.005341096131101129,0.07308280325152511,0.0108760176760342,0.10428814734203595
892,1,train,14,0.01641093922096727,0.1281051881110491,0.0108760176760342,0.10428814734203595
892,-1,train,30,0.0108760176760342,0.10428814734203595,0.0108760176760342,0.10428814734203595
893,0,train,16,0.012431498272963252,0.11149662897578227,0.010358714012935068,0.10177776777339473
893,1,train,14,0.008285929752906885,0.09102708252441624,0.010358714012935068,0.10177776777339473
893,-1,train,30,0.010358714012935068,0.10177776777339473,0.010358714012935068,0.10177776777339473
894,0,train,16,0.011556321217793914,0.10750033124504275,0.010404384967087439,0.10200188707610972
894,1,train,14,0.009252448716380963,0.09618964973624222,0.010404384967087439,0.10200188707610972
894,-1,train,30,0.010404384967087439,0.10200188707610972,0.010404384967087439,0.10200188707610972
895,0,train,16,0.013560253340102338,0.11644850080658976,0.010248972060159357,0.10123720689627583
895,1,train,14,0.006937690780216377,0.08329280149098346,0.010248972060159357,0.10123720689627583
895,-1,train,30,0.010248972060159357,0.10123720689627583,0.010248972060159357,0.10123720689627583
896,0,train,16,0.007636906679705779,0.08738939683797903,0.01065396425627743,0.10321804230015909
896,1,train,14,0.013671021832849082,0.11692314498357065,0.01065396425627743,0.10321804230015909
896,-1,train,30,0.01065396425627743,0.10321804230015909,0.01065396425627743,0.10321804230015909
897,0,train,16,0.010052875025687564,0.10026402657826766,0.010467489253358412,0.10231074847423614
897,1,train,14,0.01088210348102926,0.10431732109783716,0.010467489253358412,0.10231074847423614
897,-1,train,30,0.010467489253358412,0.10231074847423614,0.010467489253358412,0.10231074847423614
898,0,train,16,0.003061203621775089,0.0553281449334341,0.010962885785106022,0.1047038002419493
898,1,train,14,0.018864567948436956,0.13734834527010858,0.010962885785106022,0.1047038002419493
898,-1,train,30,0.010962885785106022,0.1047038002419493,0.010962885785106022,0.1047038002419493
899,0,train,16,0.008709919562367704,0.09332694981819402,0.010538772971569809,0.10265852605395136
899,1,train,14,0.012367626380771912,0.11120983041427548,0.010538772971569809,0.10265852605395136
899,-1,train,30,0.010538772971569809,0.10265852605395136,0.010538772971569809,0.10265852605395136
900,0,train,16,0.01165771102630703,0.10797088045536644,0.010311497306732639,0.10154554301756744
900,1,train,14,0.008965283587158247,0.0946851814549576,0.010311497306732639,0.10154554301756744
900,-1,train,30,0.010311497306732639,0.10154554301756744,0.010311497306732639,0.10154554301756744
901,0,train,16,0.01482492949081759,0.12175766707200655,0.010073810864398859,0.10036837581827684
901,1,train,14,0.0053226922379801265,0.07295678335823289,0.010073810864398859,0.10036837581827684
901,-1,train,30,0.010073810864398859,0.10036837581827684,0.010073810864398859,0.10036837581827684
902,0,train,16,0.007527259898923828,0.08675978272750473,0.010577097955863712,0.1028450191106196
902,1,train,14,0.013626936012803594,0.11673446797241847,0.010577097955863712,0.1028450191106196
902,-1,train,30,0.010577097955863712,0.1028450191106196,0.010577097955863712,0.1028450191106196
903,0,train,16,0.007929786891144156,0.08904935087435593,0.010534110325043863,0.10263581404677347
903,1,train,14,0.013138433758943571,0.11462300711001945,0.010534110325043863,0.10263581404677347
903,-1,train,30,0.010534110325043863,0.10263581404677347,0.010534110325043863,0.10263581404677347
904,0,train,16,0.009738155541614687,0.09868209331796061,0.010392637136156981,0.10194428447027809
904,1,train,14,0.011047118730699274,0.10510527451417113,0.010392637136156981,0.10194428447027809
904,-1,train,30,0.010392637136156981,0.10194428447027809,0.010392637136156981,0.10194428447027809
905,0,train,16,0.013202940002819527,0.11490404693838911,0.010130102222497807,0.10064840894171058
905,1,train,14,0.007057264442176087,0.0840075261043681,0.010130102222497807,0.10064840894171058
905,-1,train,30,0.010130102222497807,0.10064840894171058,0.010130102222497807,0.10064840894171058
906,0,train,16,0.010037962477917921,0.10018963258699935,0.010341298420056539,0.10169217482213928
906,1,train,14,0.010644634362195156,0.10317283732744367,0.010341298420056539,0.10169217482213928
906,-1,train,30,0.010341298420056539,0.10169217482213928,0.010341298420056539,0.10169217482213928
907,0,train,16,0.006380806288355951,0.07987994922604766,0.010588599998083058,0.10290092321297734
907,1,train,14,0.014796393707810166,0.12164042793335679,0.010588599998083058,0.10290092321297734
907,-1,train,30,0.010588599998083058,0.10290092321297734,0.010588599998083058,0.10290092321297734
908,0,train,16,0.008543242047736705,0.09242966000011417,0.010419887931667825,0.10207785230728468
908,1,train,14,0.012296533815598948,0.11088973719690631,0.010419887931667825,0.10207785230728468
908,-1,train,30,0.010419887931667825,0.10207785230728468,0.010419887931667825,0.10207785230728468
909,0,train,16,0.004750756272314899,0.06892573011811264,0.0106818159658046,0.10335287110576367
909,1,train,14,0.016612875659294302,0.1288909448304818,0.0106818159658046,0.10335287110576367
909,-1,train,30,0.0106818159658046,0.10335287110576367,0.0106818159658046,0.10335287110576367
910,0,train,16,0.006948079644631034,0.08335514168082875,0.010505739753363157,0.10249751096179437
910,1,train,14,0.01406339986209528,0.11858920634735388,0.010505739753363157,0.10249751096179437
910,-1,train,30,0.010505739753363157,0.10249751096179437,0.010505739753363157,0.10249751096179437
911,0,train,16,0.01129795222003379,0.10629182574419253,0.01018162964762583,0.10090406160123501
911,1,train,14,0.009065307075217872,0.0952119061631363,0.01018162964762583,0.10090406160123501
911,-1,train,30,0.01018162964762583,0.10090406160123501,0.01018162964762583,0.10090406160123501
912,0,train,16,0.01307863249777265,0.11436184896097408,0.010040358267795146,0.1002015881500645
912,1,train,14,0.007002084037817644,0.08367845623467036,0.010040358267795146,0.1002015881500645
912,-1,train,30,0.010040358267795146,0.1002015881500645,0.010040358267795146,0.1002015881500645
913,0,train,16,0.010132898536572284,0.10066229947985633,0.010236314970646953,0.10117467554011207
913,1,train,14,0.010339731404721622,0.10168446983055782,0.010236314970646953,0.10117467554011207
913,-1,train,30,0.010236314970646953,0.10117467554011207,0.010236314970646953,0.10117467554011207
914,0,train,16,0.013547009488026321,0.1163916212105765,0.009983512925023733,0.09991753061912476
914,1,train,14,0.0064200163620211454,0.08012500459919579,0.009983512925023733,0.09991753061912476
914,-1,train,30,0.009983512925023733,0.09991753061912476,0.009983512925023733,0.09991753061912476
915,0,train,16,0.0057198770520102745,0.07562986878218336,0.01052237804215584,0.10257864320683834
915,1,train,14,0.015324879032301406,0.12379369544650247,0.01052237804215584,0.10257864320683834
915,-1,train,30,0.01052237804215584,0.10257864320683834,0.01052237804215584,0.10257864320683834
916,0,train,16,0.016400577565684298,0.12806473974394472,0.009760070151831812,0.09879306732677051
916,1,train,14,0.003119562737979327,0.05585304591496624,0.009760070151831812,0.09879306732677051
916,-1,train,30,0.009760070151831812,0.09879306732677051,0.009760070151831812,0.09879306732677051
917,0,train,16,0.010588360179592122,0.1028997579180443,0.010148345792281764,0.10073899836846585
917,1,train,14,0.009708331404971406,0.09853086524014394,0.010148345792281764,0.10073899836846585
917,-1,train,30,0.010148345792281764,0.10073899836846585,0.010148345792281764,0.10073899836846585
918,0,train,16,0.01308582459152236,0.11439328910177538,0.009957105078147446,0.09978529489933598
918,1,train,14,0.006828385564772531,0.0826340460389816,0.009957105078147446,0.09978529489933598
918,-1,train,30,0.009957105078147446,0.09978529489933598,0.009957105078147446,0.09978529489933598
919,0,train,16,0.008055263569511804,0.0897511201574209,0.01030697916990145,0.10152329373055943
919,1,train,14,0.012558694770291095,0.11206558245193346,0.01030697916990145,0.10152329373055943
919,-1,train,30,0.01030697916990145,0.10152329373055943,0.01030697916990145,0.10152329373055943
920,0,train,16,0.015440489474268468,0.12425976611223952,0.009769238071328169,0.09883945604528674
920,1,train,14,0.004097986668387868,0.06401551896523114,0.009769238071328169,0.09883945604528674
920,-1,train,30,0.009769238071328169,0.09883945604528674,0.009769238071328169,0.09883945604528674
921,0,train,16,0.00930484049405549,0.09646160113773505,0.010189483220774998,0.10094297014044612
921,1,train,14,0.011074125947494507,0.1052336730685312,0.010189483220774998,0.10094297014044612
921,-1,train,30,0.010189483220774998,0.10094297014044612,0.010189483220774998,0.10094297014044612
922,0,train,16,0.01012478039346527,0.10062196774792903,0.010112916452128794,0.1005629974301124
922,1,train,14,0.010101052510792317,0.10050399251170233,0.010112916452128794,0.1005629974301124
922,-1,train,30,0.010112916452128794,0.1005629974301124,0.010112916452128794,0.1005629974301124
923,0,train,16,0.016072174574020204,0.12677608044903504,0.009680978102108212,0.09839196157262144
923,1,train,14,0.003289781630196221,0.05735661801567646,0.009680978102108212,0.09839196157262144
923,-1,train,30,0.009680978102108212,0.09839196157262144,0.009680978102108212,0.09839196157262144
924,0,train,16,0.013916288911449864,0.11796732137100453,0.009817274736410208,0.09908216154490276
924,1,train,14,0.0057182605613705535,0.07561918117363182,0.009817274736410208,0.09908216154490276
924,-1,train,30,0.009817274736410208,0.09908216154490276,0.009817274736410208,0.09908216154490276
925,0,train,16,0.015019463679613779,0.12255392151870857,0.009726688331419459,0.09862397442518456
925,1,train,14,0.0044339129832251375,0.06658763386113924,0.009726688331419459,0.09862397442518456
925,-1,train,30,0.009726688331419459,0.09862397442518456,0.009726688331419459,0.09862397442518456
926,0,train,16,0.012758975468650999,0.11295563495749558,0.009871840955079831,0.09935713842034619
926,1,train,14,0.006984706441508665,0.08357455618493385,0.009871840955079831,0.09935713842034619
926,-1,train,30,0.009871840955079831,0.09935713842034619,0.009871840955079831,0.09935713842034619
927,0,train,16,0.01027342997714477,0.10135793001608098,0.0100343695343736,0.10017170026695964
927,1,train,14,0.00979530909160243,0.09897125386496036,0.0100343695343736,0.10017170026695964
927,-1,train,30,0.0100343695343736,0.10017170026695964,0.0100343695343736,0.10017170026695964
928,0,train,16,0.010761518497670635,0.1037377390233209,0.009987442964584332,0.09993719510064475
928,1,train,14,0.009213367431498027,0.09598628772641447,0.009987442964584332,0.09993719510064475
928,-1,train,30,0.009987442964584332,0.09993719510064475,0.009987442964584332,0.09993719510064475
929,0,train,16,0.006635040877034311,0.0814557602446525,0.010271641030975866,0.10134910473692338
929,1,train,14,0.01390824118491742,0.11793320645567736,0.010271641030975866,0.10134910473692338
929,-1,train,30,0.010271641030975866,0.10134910473692338,0.010271641030975866,0.10134910473692338
930,0,train,16,0.010607828541947186,0.10299431315343185,0.009972649352976294,0.09986315312955171
930,1,train,14,0.0093374701640054,0.09663058606882916,0.009972649352976294,0.09986315312955171
930,-1,train,30,0.009972649352976294,0.09986315312955171,0.009972649352976294,0.09986315312955171
931,0,train,16,0.007972948041792622,0.08929136599802145,0.010147764256621035,0.10073611197887794
931,1,train,14,0.012322580471449449,0.11100711901247347,0.010147764256621035,0.10073611197887794
931,-1,train,30,0.010147764256621035,0.10073611197887794,0.010147764256621035,0.10073611197887794
932,0,train,16,0.010134097682132906,0.10066825558304318,0.009980993013326594,0.09990491986547306
932,1,train,14,0.009827888344520282,0.09913570670812955,0.009980993013326594,0.09990491986547306
932,-1,train,30,0.009980993013326594,0.09990491986547306,0.009980993013326594,0.09990491986547306
933,0,train,16,0.015592702337302871,0.12487074251922614,0.009595585820490603,0.09795706110582637
933,1,train,14,0.003598469303678335,0.05998724284111027,0.009595585820490603,0.09795706110582637
933,-1,train,30,0.009595585820490603,0.09795706110582637,0.009595585820490603,0.09795706110582637
934,0,train,16,0.011156497601260184,0.10562432296237541,0.009881146825931334,0.09940395779812458
934,1,train,14,0.008605796050602486,0.09276742990189221,0.009881146825931334,0.09940395779812458
934,-1,train,30,0.009881146825931334,0.09940395779812458,0.009881146825931334,0.09940395779812458
935,0,train,16,0.009082141986446822,0.095300272751167,0.01001695533531798,0.10008474077159804
935,1,train,14,0.010951768684189135,0.10465069844100007,0.01001695533531798,0.10008474077159804
935,-1,train,30,0.01001695533531798,0.10008474077159804,0.01001695533531798,0.10008474077159804
936,0,train,16,0.009358925495570805,0.0967415396588808,0.009984254603404654,0.09992124200291275
936,1,train,14,0.010609583711238503,0.1030028335107268,0.009984254603404654,0.09992124200291275
936,-1,train,30,0.009984254603404654,0.09992124200291275,0.009984254603404654,0.09992124200291275
937,0,train,16,0.014565253662171374,0.12068659271920545,0.009604319577038677,0.09800163048153167
937,1,train,14,0.004643385491905979,0.06814239129870611,0.009604319577038677,0.09800163048153167
937,-1,train,30,0.009604319577038677,0.09800163048153167,0.009604319577038677,0.09800163048153167
938,0,train,16,0.003925673110973586,0.06265519221081033,0.010349450972140977,0.10173225138637686
938,1,train,14,0.016773228833308368,0.1295115007762182,0.010349450972140977,0.10173225138637686
938,-1,train,30,0.010349450972140977,0.10173225138637686,0.010349450972140977,0.10173225138637686
939,0,train,16,0.010166269066953287,0.10082791809292349,0.00989031994894735,0.09945008772719785
939,1,train,14,0.009614370830941412,0.09805289812617173,0.00989031994894735,0.09945008772719785
939,-1,train,30,0.00989031994894735,0.09945008772719785,0.00989031994894735,0.09945008772719785
940,0,train,16,0.009782007385371574,0.09890403118868095,0.00990371462799262,0.09951740866799447
940,1,train,14,0.010025421870613668,0.10012702867165123,0.00990371462799262,0.09951740866799447
940,-1,train,30,0.00990371462799262,0.09951740866799447,0.00990371462799262,0.09951740866799447
941,0,train,16,0.0121617399011698,0.11028027884064222,0.009721998977986852,0.09860019765693602
941,1,train,14,0.007282258054803904,0.08533614741013273,0.009721998977986852,0.09860019765693602
941,-1,train,30,0.009721998977986852,0.09860019765693602,0.009721998977986852,0.09860019765693602
942,0,train,16,0.01335923561630957,0.11558215959355306,0.009626859734053904,0.09811656197632439
942,1,train,14,0.005894483851798238,0.07677554201565912,0.009626859734053904,0.09811656197632439
942,-1,train,30,0.009626859734053904,0.09811656197632439,0.009626859734053904,0.09811656197632439
943,0,train,16,0.009766279025472979,0.09882448596108648,0.009867572796069125,0.09933565722372367
943,1,train,14,0.009968866566665272,0.09984421148301624,0.009867572796069125,0.09933565722372367
943,-1,train,30,0.009867572796069125,0.09933565722372367,0.009867572796069125,0.09933565722372367
944,0,train,16,0.01321287374594617,0.11494726506509917,0.009609635591826277,0.09802874880271745
944,1,train,14,0.006006397437706387,0.07750095120517159,0.009609635591826277,0.09802874880271745
944,-1,train,30,0.009609635591826277,0.09802874880271745,0.009609635591826277,0.09802874880271745
945,0,train,16,0.01399962661874366,0.11832001782768485,0.009541513710341754,0.09768067214317147
945,1,train,14,0.005083400801939848,0.07129797193426926,0.009541513710341754,0.09768067214317147
945,-1,train,30,0.009541513710341754,0.09768067214317147,0.009541513710341754,0.09768067214317147
946,0,train,16,0.011173340826869257,0.10570402464839859,0.009729120935406909,0.09863630637552741
946,1,train,14,0.00828490104394456,0.09102143178364401,0.009729120935406909,0.09863630637552741
946,-1,train,30,0.009729120935406909,0.09863630637552741,0.009729120935406909,0.09863630637552741
947,0,train,16,0.013375646045170917,0.11565312812531668,0.009563478446106052,0.09779303884278294
947,1,train,14,0.0057513108470411845,0.07583739741737704,0.009563478446106052,0.09779303884278294
947,-1,train,30,0.009563478446106052,0.09779303884278294,0.009563478446106052,0.09779303884278294
948,0,train,16,0.008828951777989506,0.09396250197812692,0.009871364246276847,0.09935473942533816
948,1,train,14,0.010913776714564187,0.1044690227510729,0.009871364246276847,0.09935473942533816
948,-1,train,30,0.009871364246276847,0.09935473942533816,0.009871364246276847,0.09935473942533816
949,0,train,16,0.0031200467694073404,0.055857378826859934,0.010272224737346621,0.10135198437794211
949,1,train,14,0.0174244027052859,0.13200152538999654,0.010272224737346621,0.10135198437794211
949,-1,train,30,0.010272224737346621,0.10135198437794211,0.010272224737346621,0.10135198437794211
950,0,train,16,0.014245320004900957,0.11935375991103488,0.009462483689963648,0.09727529845733524
950,1,train,14,0.004679647375026338,0.06840794818605758,0.009462483689963648,0.09727529845733524
950,-1,train,30,0.009462483689963648,0.09727529845733524,0.009462483689963648,0.09727529845733524
951,0,train,16,0.005832055850518656,0.07636789803653533,0.010047639690227619,0.10023791543237329
951,1,train,14,0.01426322352993658,0.11942873829165482,0.010047639690227619,0.10023791543237329
951,-1,train,30,0.010047639690227619,0.10023791543237329,0.010047639690227619,0.10023791543237329
952,0,train,16,0.014511544827383144,0.12046387353635589,0.009422974992959627,0.09707200931761754
952,1,train,14,0.00433440515853611,0.06583619945391828,0.009422974992959627,0.09707200931761754
952,-1,train,30,0.009422974992959627,0.09707200931761754,0.009422974992959627,0.09707200931761754
953,0,train,16,0.007307600782069097,0.08548450609361381,0.00991917459357262,0.09959505305773284
953,1,train,14,0.012530748405076142,0.11194082546183114,0.00991917459357262,0.09959505305773284
953,-1,train,30,0.00991917459357262,0.09959505305773284,0.00991917459357262,0.09959505305773284
954,0,train,16,0.005435374391780652,0.07372499163635525,0.010038567328197632,0.10019265106881659
954,1,train,14,0.014641760264614612,0.12100314154853423,0.010038567328197632,0.10019265106881659
954,-1,train,30,0.010038567328197632,0.10019265106881659,0.010038567328197632,0.10019265106881659
955,0,train,16,0.0035172255440477293,0.059306201564825654,0.010163730253231962,0.10081532747172903
955,1,train,14,0.016810234962416196,0.12965429018129787,0.010163730253231962,0.10081532747172903
955,-1,train,30,0.010163730253231962,0.10081532747172903,0.010163730253231962,0.10081532747172903
956,0,train,16,0.005892743314164102,0.07676420594368251,0.00998434652682689,0.09992170198123573
956,1,train,14,0.014075949739489675,0.11864210778425034,0.00998434652682689,0.09992170198123573
956,-1,train,30,0.00998434652682689,0.09992170198123573,0.00998434652682689,0.09992170198123573
957,0,train,16,0.013117424815760961,0.1145313267877438,0.009460356030468237,0.09726436156408079
957,1,train,14,0.005803287245175513,0.07617930982343903,0.009460356030468237,0.09726436156408079
957,-1,train,30,0.009460356030468237,0.09726436156408079,0.009460356030468237,0.09726436156408079
958,0,train,16,0.007566111510215112,0.086983397899916,0.009836559157835982,0.09917942910622132
958,1,train,14,0.012107006805456852,0.11003184450629214,0.009836559157835982,0.09917942910622132
958,-1,train,30,0.009836559157835982,0.09917942910622132,0.009836559157835982,0.09917942910622132
959,0,train,16,0.009675734680897077,0.09836531238651701,0.009677502149235913,0.09837429618165465
959,1,train,14,0.00967926961757475,0.0983832791564438,0.009677502149235913,0.09837429618165465
959,-1,train,30,0.009677502149235913,0.09837429618165465,0.009677502149235913,0.09837429618165465
960,0,train,16,0.013620359513807759,0.11670629594759556,0.009383986510188505,0.0968709786787999
960,1,train,14,0.005147613506569251,0.07174687105769317,0.009383986510188505,0.0968709786787999
960,-1,train,30,0.009383986510188505,0.0968709786787999,0.009383986510188505,0.0968709786787999
961,0,train,16,0.010107926897572268,0.10053818626557905,0.009622972692495079,0.09809675169186327
961,1,train,14,0.00913801848741789,0.09559298346331643,0.009622972692495079,0.09809675169186327
961,-1,train,30,0.009622972692495079,0.09809675169186327,0.009622972692495079,0.09809675169186327
962,0,train,16,0.004778647058419501,0.06912775895701741,0.009987185578657524,0.09993590735395123
962,1,train,14,0.015195724098895549,0.12327093777081259,0.009987185578657524,0.09993590735395123
962,-1,train,30,0.009987185578657524,0.09993590735395123,0.009987185578657524,0.09993590735395123
963,0,train,16,0.013138027995867985,0.11462123710668973,0.009381522432550832,0.09685825949577472
963,1,train,14,0.005625016869233677,0.07500011246147353,0.009381522432550832,0.09685825949577472
963,-1,train,30,0.009381522432550832,0.09685825949577472,0.009381522432550832,0.09685825949577472
964,0,train,16,0.00407061324059494,0.06380135767046764,0.010016900110954912,0.1000844648831921
964,1,train,14,0.015963186981314884,0.12634550637563208,0.010016900110954912,0.1000844648831921
964,-1,train,30,0.010016900110954912,0.1000844648831921,0.010016900110954912,0.1000844648831921
965,0,train,16,0.014303287239162988,0.11959635127863637,0.009272231384722392,0.09629242641413908
965,1,train,14,0.004241175530281795,0.06512430829023672,0.009272231384722392,0.09629242641413908
965,-1,train,30,0.009272231384722392,0.09629242641413908,0.009272231384722392,0.09629242641413908
966,0,train,16,0.00729857979802014,0.08543172594545975,0.009757666550087704,0.09878090174769465
966,1,train,14,0.012216753302155268,0.11052942278938793,0.009757666550087704,0.09878090174769465
966,-1,train,30,0.009757666550087704,0.09878090174769465,0.009757666550087704,0.09878090174769465
967,0,train,16,0.01442576702045141,0.12010731460011671,0.009240916289095291,0.09612968474459536
967,1,train,14,0.00405606555773917,0.06368724799941641,0.009240916289095291,0.09612968474459536
967,-1,train,30,0.009240916289095291,0.09612968474459536,0.009240916289095291,0.09612968474459536
968,0,train,16,0.007654388216487518,0.0874893605902313,0.009708532836251376,0.09853188740834805
968,1,train,14,0.011762677456015235,0.10845587792284582,0.009708532836251376,0.09853188740834805
968,-1,train,30,0.009708532836251376,0.09853188740834805,0.009708532836251376,0.09853188740834805
969,0,train,16,0.012587158907163642,0.11219250824882936,0.00934772175297018,0.09668361677642279
969,1,train,14,0.0061082845987767195,0.078155515472529,0.00934772175297018,0.09668361677642279
969,-1,train,30,0.00934772175297018,0.09668361677642279,0.00934772175297018,0.09668361677642279
970,0,train,16,0.006290151590010881,0.07931047591592728,0.00978393244382896,0.09891376266136558
970,1,train,14,0.013277713297647039,0.11522896032528905,0.00978393244382896,0.09891376266136558
970,-1,train,30,0.00978393244382896,0.09891376266136558,0.00978393244382896,0.09891376266136558
971,0,train,16,0.0045145870412898114,0.06719067674379989,0.009896261506532056,0.09947995530021139
971,1,train,14,0.0152779359717743,0.1236039480428287,0.009896261506532056,0.09947995530021139
971,-1,train,30,0.009896261506532056,0.09947995530021139,0.009896261506532056,0.09947995530021139
972,0,train,16,0.004222626987092495,0.06498174349071048,0.009907490712458007,0.0995363788393872
972,1,train,14,0.01559235443782352,0.12486934947305331,0.009907490712458007,0.0995363788393872
972,-1,train,30,0.009907490712458007,0.0995363788393872,0.009907490712458007,0.0995363788393872
973,0,train,16,0.00551886448190686,0.07428906031110408,0.00980088958975067,0.09899944237090767
973,1,train,14,0.01408291469759448,0.11867145696246625,0.00980088958975067,0.09899944237090767
973,-1,train,30,0.00980088958975067,0.09899944237090767,0.00980088958975067,0.09899944237090767
974,0,train,16,0.00436250499804903,0.06604926190389285,0.009876250893137463,0.09937932829888449
974,1,train,14,0.015389996788225896,0.12405642582400113,0.009876250893137463,0.09937932829888449
974,-1,train,30,0.009876250893137463,0.09937932829888449,0.009876250893137463,0.09937932829888449
975,0,train,16,0.009867229186939937,0.09933392767297555,0.009467361489918839,0.09730036736785139
975,1,train,14,0.009067493792897742,0.0952233888963092,0.009467361489918839,0.09730036736785139
975,-1,train,30,0.009467361489918839,0.09730036736785139,0.009467361489918839,0.09730036736785139
976,0,train,16,0.004737066570442956,0.06882635084357556,0.009820410922195526,0.09909798646892644
976,1,train,14,0.014903755273948096,0.12208093738970101,0.009820410922195526,0.09909798646892644
976,-1,train,30,0.009820410922195526,0.09909798646892644,0.009820410922195526,0.09909798646892644
977,0,train,16,0.014865479321510264,0.12192407195263068,0.009096476926852436,0.0953754524332778
977,1,train,14,0.003327474532194607,0.05768426589802983,0.009096476926852436,0.0953754524332778
977,-1,train,30,0.009096476926852436,0.0953754524332778,0.009096476926852436,0.0953754524332778
978,0,train,16,0.014297845153048577,0.11957359722383774,0.009115973397734768,0.09547760678679984
978,1,train,14,0.003934101642420959,0.06272241738342807,0.009115973397734768,0.09547760678679984
978,-1,train,30,0.009115973397734768,0.09547760678679984,0.009115973397734768,0.09547760678679984
979,0,train,16,0.01138921581654347,0.1067202690052057,0.009311097072997628,0.09649402610005257
979,1,train,14,0.007232978329451786,0.0850469184006792,0.009311097072997628,0.09649402610005257
979,-1,train,30,0.009311097072997628,0.09649402610005257,0.009311097072997628,0.09649402610005257
980,0,train,16,0.013829570378953692,0.1175991937853049,0.009135889572564643,0.09558184750549993
980,1,train,14,0.004442208766175591,0.06664989697047995,0.009135889572564643,0.09558184750549993
980,-1,train,30,0.009135889572564643,0.09558184750549993,0.009135889572564643,0.09558184750549993
981,0,train,16,0.0151815321534749,0.12321336028805846,0.00902454432055918,0.09499760165687963
981,1,train,14,0.002867556487643461,0.05354957037776738,0.00902454432055918,0.09499760165687963
981,-1,train,30,0.00902454432055918,0.09499760165687963,0.00902454432055918,0.09499760165687963
982,0,train,16,0.00927185285175797,0.09629046085546569,0.009426570251731773,0.09709052606578962
982,1,train,14,0.009581287651705574,0.0978840520805385,0.009426570251731773,0.09709052606578962
982,-1,train,30,0.009426570251731773,0.09709052606578962,0.009426570251731773,0.09709052606578962
983,0,train,16,0.012179355229740821,0.11036011611873567,0.009206993557379101,0.09595307997859735
983,1,train,14,0.00623463188501738,0.07895968518818562,0.009206993557379101,0.09595307997859735
983,-1,train,30,0.009206993557379101,0.09595307997859735,0.009206993557379101,0.09595307997859735
984,0,train,16,0.00901252704421507,0.09493433016677934,0.009420405802286928,0.0970587749885961
984,1,train,14,0.009828284560358785,0.09913770503879331,0.009420405802286928,0.0970587749885961
984,-1,train,30,0.009420405802286928,0.0970587749885961,0.009420405802286928,0.0970587749885961
985,0,train,16,0.012414584878446225,0.1114207560486206,0.009167457086855542,0.09574683852146525
985,1,train,14,0.005920329295264859,0.07694367612263439,0.009167457086855542,0.09574683852146525
985,-1,train,30,0.009167457086855542,0.09574683852146525,0.009167457086855542,0.09574683852146525
986,0,train,16,0.011506669018588473,0.1072691429004095,0.009221606954985148,0.0960291984501857
986,1,train,14,0.006936544891381823,0.08328592252825097,0.009221606954985148,0.0960291984501857
986,-1,train,30,0.009221606954985148,0.0960291984501857,0.009221606954985148,0.0960291984501857
987,0,train,16,0.011315676342552115,0.10637516788495384,0.009224540099968754,0.09604446938772036
987,1,train,14,0.007133403857385391,0.08445948056544861,0.009224540099968754,0.09604446938772036
987,-1,train,30,0.009224540099968754,0.09604446938772036,0.009224540099968754,0.09604446938772036
988,0,train,16,0.004088756636112297,0.0639433861795909,0.009728290805496573,0.09863209825151532
988,1,train,14,0.01536782497488085,0.12396703180636717,0.009728290805496573,0.09863209825151532
988,-1,train,30,0.009728290805496573,0.09863209825151532,0.009728290805496573,0.09863209825151532
989,0,train,16,0.00971595521662794,0.09856954507670175,0.009314993063706943,0.09651421171882897
989,1,train,14,0.008914030910785947,0.09441414571337256,0.009314993063706943,0.09651421171882897
989,-1,train,30,0.009314993063706943,0.09651421171882897,0.009314993063706943,0.09651421171882897
990,0,train,16,0.010494379639603956,0.1024420794381096,0.009249400952349756,0.09617380595749425
990,1,train,14,0.008004422265095556,0.08946743689798851,0.009249400952349756,0.09617380595749425
990,-1,train,30,0.009249400952349756,0.09617380595749425,0.009249400952349756,0.09617380595749425
991,0,train,16,0.008398252412324494,0.09164197953080506,0.009385648686862137,0.09687955763143294
991,1,train,14,0.010373044961399779,0.10184814657812767,0.009385648686862137,0.09687955763143294
991,-1,train,30,0.009385648686862137,0.09687955763143294,0.009385648686862137,0.09687955763143294
992,0,train,16,0.01176966807024098,0.10848810105371455,0.009135029163034842,0.09557734649504998
992,1,train,14,0.006500390255828705,0.08062499771056558,0.009135029163034842,0.09557734649504998
992,-1,train,30,0.009135029163034842,0.09557734649504998,0.009135029163034842,0.09557734649504998
993,0,train,16,0.008715292947895475,0.09335573334239025,0.009340290578301182,0.0966451787638741
993,1,train,14,0.009965288208706888,0.09982629016800579,0.009340290578301182,0.0966451787638741
993,-1,train,30,0.009340290578301182,0.0966451787638741,0.009340290578301182,0.0966451787638741
994,0,train,16,0.013396219233402567,0.11574203745140556,0.008999269914078047,0.09486448183634404
994,1,train,14,0.004602320594753526,0.06784040532568718,0.008999269914078047,0.09486448183634404
994,-1,train,30,0.008999269914078047,0.09486448183634404,0.008999269914078047,0.09486448183634404
995,0,train,16,0.00698145589054365,0.08355510690881587,0.009440548960172997,0.09716248741244224
995,1,train,14,0.011899642029802343,0.10908548038030699,0.009440548960172997,0.09716248741244224
995,-1,train,30,0.009440548960172997,0.09716248741244224,0.009440548960172997,0.09716248741244224
996,0,train,16,0.0033351758535036143,0.05775098140727666,0.009695276297415976,0.09846459413116969
996,1,train,14,0.01605537674132834,0.12670981312166923,0.009695276297415976,0.09846459413116969
996,-1,train,30,0.009695276297415976,0.09846459413116969,0.009695276297415976,0.09846459413116969
997,0,train,16,0.007456644747914789,0.08635186592028449,0.009387311138612929,0.09688813724400387
997,1,train,14,0.01131797752931107,0.1063859837070235,0.009387311138612929,0.09688813724400387
997,-1,train,30,0.009387311138612929,0.09688813724400387,0.009387311138612929,0.09688813724400387
998,0,train,16,0.009169035310017528,0.09575507981312285,0.00925242449548756,0.09618952383439457
998,1,train,14,0.009335813680957592,0.0966220144737088,0.00925242449548756,0.09618952383439457
998,-1,train,30,0.00925242449548756,0.09618952383439457,0.00925242449548756,0.09618952383439457
999,0,train,16,0.01139692229396467,0.10675636886839432,0.009081704932046408,0.0952979796850196
999,1,train,14,0.006766487570128145,0.08225866258412025,0.009081704932046408,0.0952979796850196
999,-1,train,30,0.009081704932046408,0.0952979796850196,0.009081704932046408,0.0952979796850196
1000,0,train,16,0.006118500954128911,0.07822084731149945,0.009447512644546303,0.09719831605818233
1000,1,train,14,0.012776524334963695,0.11303328861430023,0.009447512644546303,0.09719831605818233
1000,-1,train,30,0.009447512644546303,0.09719831605818233,0.009447512644546303,0.09719831605818233
