epoch,batch_idx,phase,batch_size,batch_MSE,batch_RMSE,epoch_MSE,epoch_RMSE
1,0,train,16,0.4045182445305288,0.6360174875980446,0.38732960790369,0.6223581026255623
1,1,train,14,0.3701409712768511,0.6083921196702429,0.38732960790369,0.6223581026255623
1,-1,train,30,0.38732960790369,0.6223581026255623,0.38732960790369,0.6223581026255623
2,0,train,16,0.39446575312379745,0.6280650866938852,0.3853682782422768,0.6207803784288586
2,1,train,14,0.37627080336075625,0.6134091647185883,0.3853682782422768,0.6207803784288586
2,-1,train,30,0.3853682782422768,0.6207803784288586,0.3853682782422768,0.6207803784288586
3,0,train,16,0.40464056820485633,0.6361136440958143,0.3819779081586717,0.6180436134761621
3,1,train,14,0.35931524811248705,0.5994291018231322,0.3819779081586717,0.6180436134761621
3,-1,train,30,0.3819779081586717,0.6180436134761621,0.3819779081586717,0.6180436134761621
4,0,train,16,0.4023908315631197,0.634342834406695,0.37949355040073524,0.6160304784673687
4,1,train,14,0.35659626923835075,0.5971568213110781,0.37949355040073524,0.6160304784673687
4,-1,train,30,0.37949355040073524,0.6160304784673687,0.37949355040073524,0.6160304784673687
5,0,train,16,0.35050785255735556,0.5920370364743709,0.38056672267295616,0.616900901825371
5,1,train,14,0.41062559278855676,0.6408007434363328,0.38056672267295616,0.616900901825371
5,-1,train,30,0.38056672267295616,0.616900901825371,0.38056672267295616,0.616900901825371
6,0,train,16,0.3468129572381076,0.5889082757425876,0.3782201890899767,0.6149960886786002
6,1,train,14,0.4096274209418457,0.6400214222522912,0.3782201890899767,0.6149960886786002
6,-1,train,30,0.3782201890899767,0.6149960886786002,0.3782201890899767,0.6149960886786002
7,0,train,16,0.3914689565145424,0.6256748009266014,0.3724370123927481,0.6102761771466654
7,1,train,14,0.35340506827095386,0.5944788207084873,0.3724370123927481,0.6102761771466654
7,-1,train,30,0.3724370123927481,0.6102761771466654,0.3724370123927481,0.6102761771466654
8,0,train,16,0.38503948786848036,0.620515501714889,0.3703181249564586,0.6085376939487468
8,1,train,14,0.35559676204443685,0.5963193456902407,0.3703181249564586,0.6085376939487468
8,-1,train,30,0.3703181249564586,0.6085376939487468,0.3703181249564586,0.6085376939487468
9,0,train,16,0.36951180197530364,0.6078748242650814,0.36887370198076297,0.6073497361329492
9,1,train,14,0.36823560198622235,0.6068241936394942,0.36887370198076297,0.6073497361329492
9,-1,train,30,0.36887370198076297,0.6073497361329492,0.36887370198076297,0.6073497361329492
10,0,train,16,0.3574305756262068,0.5978549787583999,0.367194309504451,0.605965600925045
10,1,train,14,0.3769580433826952,0.6139690899244807,0.367194309504451,0.605965600925045
10,-1,train,30,0.367194309504451,0.605965600925045,0.367194309504451,0.605965600925045
11,0,train,16,0.3628126168417745,0.6023392871478453,0.3642821779930425,0.6035579325906028
11,1,train,14,0.3657517391443106,0.6047741224162213,0.3642821779930425,0.6035579325906028
11,-1,train,30,0.3642821779930425,0.6035579325906028,0.3642821779930425,0.6035579325906028
12,0,train,16,0.3905042872828391,0.6249034223644795,0.35980770946012797,0.5998397364797767
12,1,train,14,0.32911113163741684,0.5736820823743904,0.35980770946012797,0.5998397364797767
12,-1,train,30,0.35980770946012797,0.5998397364797767,0.35980770946012797,0.5998397364797767
13,0,train,16,0.37148539431533867,0.6094960166525608,0.35867651644556336,0.5988960815079385
13,1,train,14,0.34586763857578806,0.5881051254459427,0.35867651644556336,0.5988960815079385
13,-1,train,30,0.35867651644556336,0.5988960815079385,0.35867651644556336,0.5988960815079385
14,0,train,16,0.35441064957735885,0.5953239870670077,0.3574145011788923,0.5978415351737384
14,1,train,14,0.36041835278042567,0.6003485260916576,0.3574145011788923,0.5978415351737384
14,-1,train,30,0.3574145011788923,0.5978415351737384,0.3574145011788923,0.5978415351737384
15,0,train,16,0.3621984015568049,0.6018292129473318,0.35441257277881727,0.5953256023209629
15,1,train,14,0.34662674400082966,0.5887501541408118,0.35441257277881727,0.5953256023209629
15,-1,train,30,0.35441257277881727,0.5953256023209629,0.35441257277881727,0.5953256023209629
16,0,train,16,0.33476865233980013,0.5785919566843287,0.35392537338546154,0.5949162742650949
16,1,train,14,0.37308209443112295,0.6108044649731393,0.35392537338546154,0.5949162742650949
16,-1,train,30,0.35392537338546154,0.5949162742650949,0.35392537338546154,0.5949162742650949
17,0,train,16,0.3366362087500008,0.5802035925000816,0.35137711638086844,0.5927707114735582
17,1,train,14,0.36611802401173615,0.6050768744645065,0.35137711638086844,0.5927707114735582
17,-1,train,30,0.35137711638086844,0.5927707114735582,0.35137711638086844,0.5927707114735582
18,0,train,16,0.3507848140153302,0.5922708958030355,0.34795583041249956,0.5898778097305404
18,1,train,14,0.345126846809669,0.58747497547527,0.34795583041249956,0.5898778097305404
18,-1,train,30,0.34795583041249956,0.5898778097305404,0.34795583041249956,0.5898778097305404
19,0,train,16,0.3554620802066934,0.5962064073848028,0.3452394897859161,0.5875708381003231
19,1,train,14,0.3350168993651388,0.5788064437833591,0.3452394897859161,0.5875708381003231
19,-1,train,30,0.3452394897859161,0.5875708381003231,0.3452394897859161,0.5875708381003231
20,0,train,16,0.3719630910684124,0.6098877692398925,0.3416967098966126,0.584548295606627
20,1,train,14,0.31143032872481285,0.5580594311762976,0.3416967098966126,0.584548295606627
20,-1,train,30,0.3416967098966126,0.584548295606627,0.3416967098966126,0.584548295606627
21,0,train,16,0.34109868649792946,0.5840365455157147,0.34153611784860505,0.5844109152373911
21,1,train,14,0.3419735491992807,0.5847850452938077,0.34153611784860505,0.5844109152373911
21,-1,train,30,0.34153611784860505,0.5844109152373911,0.34153611784860505,0.5844109152373911
22,0,train,16,0.36085583224385714,0.6007127701687863,0.3377914643141034,0.5811983003365576
22,1,train,14,0.31472709638434965,0.5610054334713254,0.3377914643141034,0.5811983003365576
22,-1,train,30,0.3377914643141034,0.5811983003365576,0.3377914643141034,0.5811983003365576
23,0,train,16,0.3254727116714655,0.5705021574643391,0.3380043673665549,0.5813814301872351
23,1,train,14,0.35053602306164433,0.5920608271635984,0.3380043673665549,0.5813814301872351
23,-1,train,30,0.3380043673665549,0.5813814301872351,0.3380043673665549,0.5813814301872351
24,0,train,16,0.34321757968032074,0.5858477444527039,0.33443542307756313,0.5783039192998463
24,1,train,14,0.32565326647480547,0.5706603775230986,0.33443542307756313,0.5783039192998463
24,-1,train,30,0.33443542307756313,0.5783039192998463,0.33443542307756313,0.5783039192998463
25,0,train,16,0.30742315128493536,0.554457528837814,0.33469767762616287,0.5785306194370035
25,1,train,14,0.36197220396739044,0.6016412585315193,0.33469767762616287,0.5785306194370035
25,-1,train,30,0.33469767762616287,0.5785306194370035,0.33469767762616287,0.5785306194370035
26,0,train,16,0.3251533069757371,0.57022215580924,0.33115921191814585,0.5754643446106334
26,1,train,14,0.3371651168605546,0.5806592088829339,0.33115921191814585,0.5754643446106334
26,-1,train,30,0.33115921191814585,0.5754643446106334,0.33115921191814585,0.5754643446106334
27,0,train,16,0.32253520411108655,0.5679218292257189,0.32908877576022966,0.5736625974910946
27,1,train,14,0.3356423474093728,0.5793464830387536,0.32908877576022966,0.5736625974910946
27,-1,train,30,0.32908877576022966,0.5736625974910946,0.32908877576022966,0.5736625974910946
28,0,train,16,0.31548877995986707,0.5616838790279343,0.32735516347952687,0.5721495988633802
28,1,train,14,0.3392215469991867,0.582427289023434,0.32735516347952687,0.5721495988633802
28,-1,train,30,0.32735516347952687,0.5721495988633802,0.32735516347952687,0.5721495988633802
29,0,train,16,0.3283250073932327,0.5729965160393496,0.32421763839710616,0.5694011225815296
29,1,train,14,0.32011026940097953,0.5657828818557341,0.32421763839710616,0.5694011225815296
29,-1,train,30,0.32421763839710616,0.5694011225815296,0.32421763839710616,0.5694011225815296
30,0,train,16,0.3197131387914791,0.5654318162179054,0.3226253522474195,0.5680011903573966
30,1,train,14,0.3255375657033599,0.5705589940605265,0.3226253522474195,0.5680011903573966
30,-1,train,30,0.3226253522474195,0.5680011903573966,0.3226253522474195,0.5680011903573966
31,0,train,16,0.3200748477959074,0.5657515778112399,0.32040323756257705,0.5660417277573951
31,1,train,14,0.3207316273292467,0.5663317290504274,0.32040323756257705,0.5660417277573951
31,-1,train,30,0.32040323756257705,0.5660417277573951,0.32040323756257705,0.5660417277573951
32,0,train,16,0.32069188779222574,0.5662966429286207,0.3181750357853051,0.5640700628337805
32,1,train,14,0.31565818377838445,0.561834658755033,0.3181750357853051,0.5640700628337805
32,-1,train,30,0.3181750357853051,0.5640700628337805,0.3181750357853051,0.5640700628337805
33,0,train,16,0.28777003714686805,0.536442016574828,0.31836492223887436,0.5642383558735389
33,1,train,14,0.34895980733088067,0.590728200893508,0.31836492223887436,0.5642383558735389
33,-1,train,30,0.31836492223887436,0.5642383558735389,0.31836492223887436,0.5642383558735389
34,0,train,16,0.307704369286975,0.5547110682931926,0.31479630306344486,0.5610671110156474
34,1,train,14,0.3218882368399148,0.5673519514727299,0.31479630306344486,0.5610671110156474
34,-1,train,30,0.31479630306344486,0.5610671110156474,0.31479630306344486,0.5610671110156474
35,0,train,16,0.31413785461701277,0.5604800216038148,0.31220313607828043,0.5587514081219666
35,1,train,14,0.31026841753954804,0.5570174301936592,0.31220313607828043,0.5587514081219666
35,-1,train,30,0.31220313607828043,0.5587514081219666,0.31220313607828043,0.5587514081219666
36,0,train,16,0.2930577689495698,0.5413481033028285,0.31160043184142167,0.5582118162860955
36,1,train,14,0.3301430947332735,0.5745807991338324,0.31160043184142167,0.5582118162860955
36,-1,train,30,0.31160043184142167,0.5582118162860955,0.31160043184142167,0.5582118162860955
37,0,train,16,0.31273388822011955,0.5592261512305371,0.30809493532518717,0.5550630012216515
37,1,train,14,0.30345598243025484,0.5508683893910186,0.30809493532518717,0.5550630012216515
37,-1,train,30,0.30809493532518717,0.5550630012216515,0.30809493532518717,0.5550630012216515
38,0,train,16,0.3140062055804029,0.560362566184076,0.30592302996592935,0.5531030916257198
38,1,train,14,0.2978398543514559,0.5457470607813256,0.30592302996592935,0.5531030916257198
38,-1,train,30,0.30592302996592935,0.5531030916257198,0.30592302996592935,0.5531030916257198
39,0,train,16,0.30854505708966584,0.5554683223098018,0.30425578246921303,0.5515938564462198
39,1,train,14,0.2999665078487602,0.5476919826405716,0.30425578246921303,0.5515938564462198
39,-1,train,30,0.30425578246921303,0.5515938564462198,0.30425578246921303,0.5515938564462198
40,0,train,16,0.305033098584246,0.5522980160966052,0.30246481795378555,0.5499680153916094
40,1,train,14,0.29989653732332516,0.5476281012907621,0.30246481795378555,0.5499680153916094
40,-1,train,30,0.30246481795378555,0.5499680153916094,0.30246481795378555,0.5499680153916094
41,0,train,16,0.30017804491605915,0.5478850654252762,0.30079600771148324,0.5484487284254411
41,1,train,14,0.3014139705069073,0.549011812720735,0.30079600771148324,0.5484487284254411
41,-1,train,30,0.30079600771148324,0.5484487284254411,0.30079600771148324,0.5484487284254411
42,0,train,16,0.29237245473094164,0.540714762819494,0.29935068735865344,0.5471294977961373
42,1,train,14,0.30632891998636524,0.5534698907676597,0.29935068735865344,0.5471294977961373
42,-1,train,30,0.29935068735865344,0.5471294977961373,0.29935068735865344,0.5471294977961373
43,0,train,16,0.29944552363405025,0.5472161580527847,0.296853370585869,0.5448425190693812
43,1,train,14,0.29426121753768786,0.5424584938386419,0.296853370585869,0.5448425190693812
43,-1,train,30,0.296853370585869,0.5448425190693812,0.296853370585869,0.5448425190693812
44,0,train,16,0.30253479366330244,0.5500316296935136,0.29466204492368187,0.5428278225401512
44,1,train,14,0.28678929618406135,0.5355271199333058,0.29466204492368187,0.5428278225401512
44,-1,train,30,0.29466204492368187,0.5428278225401512,0.29466204492368187,0.5428278225401512
45,0,train,16,0.28310182074579393,0.5320731347717097,0.2940961231745639,0.5423063001427919
45,1,train,14,0.30509042560333394,0.552349912286889,0.2940961231745639,0.5423063001427919
45,-1,train,30,0.2940961231745639,0.5423063001427919,0.2940961231745639,0.5423063001427919
46,0,train,16,0.2827345725591041,0.5317279121497236,0.2921706706757753,0.5405281405031336
46,1,train,14,0.3016067687924465,0.5491873712973073,0.2921706706757753,0.5405281405031336
46,-1,train,30,0.2921706706757753,0.5405281405031336,0.2921706706757753,0.5405281405031336
47,0,train,16,0.2842888049429786,0.5331874013355704,0.29012955339080326,0.5386367545858742
47,1,train,14,0.29597030183862794,0.5440315265116792,0.29012955339080326,0.5386367545858742
47,-1,train,30,0.29012955339080326,0.5386367545858742,0.29012955339080326,0.5386367545858742
48,0,train,16,0.2987010992052757,0.5465355424903999,0.28717809765955804,0.5358900051872194
48,1,train,14,0.2756550961138404,0.5250286621831616,0.28717809765955804,0.5358900051872194
48,-1,train,30,0.28717809765955804,0.5358900051872194,0.28717809765955804,0.5358900051872194
49,0,train,16,0.2833738071434477,0.5323286645893189,0.28637175892659195,0.5351371402982529
49,1,train,14,0.28936971070973627,0.537930953477987,0.28637175892659195,0.5351371402982529
49,-1,train,30,0.28637175892659195,0.5351371402982529,0.28637175892659195,0.5351371402982529
50,0,train,16,0.2829597128397365,0.531939576305182,0.28450538751338583,0.5333904644005045
50,1,train,14,0.28605106218703513,0.5348374165922155,0.28450538751338583,0.5333904644005045
50,-1,train,30,0.28450538751338583,0.5333904644005045,0.28450538751338583,0.5333904644005045
51,0,train,16,0.2739550359525861,0.5234071416713628,0.2832683987331531,0.5322296484912815
51,1,train,14,0.2925817615137202,0.540908274584259,0.2832683987331531,0.5322296484912815
51,-1,train,30,0.2832683987331531,0.5322296484912815,0.2832683987331531,0.5322296484912815
52,0,train,16,0.27755361886945035,0.5268335779631461,0.2811403517954778,0.5302266984936517
52,1,train,14,0.2847270847215053,0.5335982428021154,0.2811403517954778,0.5302266984936517
52,-1,train,30,0.2811403517954778,0.5302266984936517,0.2811403517954778,0.5302266984936517
53,0,train,16,0.3004939914326819,0.5481733224379693,0.2776417622604874,0.5269172252455668
53,1,train,14,0.2547895330882929,0.5047668106049494,0.2776417622604874,0.5269172252455668
53,-1,train,30,0.2776417622604874,0.5269172252455668,0.2776417622604874,0.5269172252455668
54,0,train,16,0.28563323197272056,0.5344466596141476,0.27685062242278446,0.5261659647134015
54,1,train,14,0.26806801287284837,0.5177528492175087,0.27685062242278446,0.5261659647134015
54,-1,train,30,0.27685062242278446,0.5261659647134015,0.27685062242278446,0.5261659647134015
55,0,train,16,0.29059553424384144,0.5390691367940122,0.27465754041240636,0.524077799961424
55,1,train,14,0.2587195465809713,0.5086448137757539,0.27465754041240636,0.524077799961424
55,-1,train,30,0.27465754041240636,0.524077799961424,0.27465754041240636,0.524077799961424
56,0,train,16,0.30191395789051817,0.5494669761600948,0.27202124293456365,0.5215565577524298
56,1,train,14,0.2421285279786091,0.4920655728443203,0.27202124293456365,0.5215565577524298
56,-1,train,30,0.27202124293456365,0.5215565577524298,0.27202124293456365,0.5215565577524298
57,0,train,16,0.2611299792869631,0.5110087859195408,0.2731181135327731,0.5226070354795973
57,1,train,14,0.2851062477785831,0.5339534134908992,0.2731181135327731,0.5226070354795973
57,-1,train,30,0.2731181135327731,0.5226070354795973,0.2731181135327731,0.5226070354795973
58,0,train,16,0.2836364914277663,0.5325753387341234,0.26970553976291134,0.5193318204798464
58,1,train,14,0.2557745880980563,0.505741621876286,0.26970553976291134,0.5193318204798464
58,-1,train,30,0.26970553976291134,0.5193318204798464,0.26970553976291134,0.5193318204798464
59,0,train,16,0.2732730358647377,0.5227552351385281,0.2686496033195718,0.5183141936312103
59,1,train,14,0.2640261707744059,0.5138347699157833,0.2686496033195718,0.5183141936312103
59,-1,train,30,0.2686496033195718,0.5183141936312103,0.2686496033195718,0.5183141936312103
60,0,train,16,0.2983876364883143,0.5462486947245863,0.26506939779808614,0.5148489077371012
60,1,train,14,0.23175115910785798,0.4814053999571027,0.26506939779808614,0.5148489077371012
60,-1,train,30,0.26506939779808614,0.5148489077371012,0.26506939779808614,0.5148489077371012
61,0,train,16,0.2520835369311099,0.5020792138010793,0.2666037266121001,0.516336834452182
61,1,train,14,0.28112391629309025,0.5302111997054478,0.2666037266121001,0.516336834452182
61,-1,train,30,0.2666037266121001,0.516336834452182,0.2666037266121001,0.516336834452182
62,0,train,16,0.2693992668319641,0.5190368646174991,0.2635997365323048,0.5134196495385668
62,1,train,14,0.2578002062326455,0.5077402940801975,0.2635997365323048,0.5134196495385668
62,-1,train,30,0.2635997365323048,0.5134196495385668,0.2635997365323048,0.5134196495385668
63,0,train,16,0.26104250644356747,0.5109231903560137,0.2624420822690159,0.512291013262009
63,1,train,14,0.26384165809446425,0.5136551937773668,0.2624420822690159,0.512291013262009
63,-1,train,30,0.2624420822690159,0.512291013262009,0.2624420822690159,0.512291013262009
64,0,train,16,0.25109076426187726,0.5010895770836561,0.2614122884699645,0.5112849386300798
64,1,train,14,0.27173381267805174,0.5212809345046601,0.2614122884699645,0.5112849386300798
64,-1,train,30,0.2614122884699645,0.5112849386300798,0.2614122884699645,0.5112849386300798
65,0,train,16,0.2852930587378851,0.5341283167347385,0.25723448768635127,0.5071828937240995
65,1,train,14,0.22917591663481743,0.4787232150573204,0.25723448768635127,0.5071828937240995
65,-1,train,30,0.25723448768635127,0.5071828937240995,0.25723448768635127,0.5071828937240995
66,0,train,16,0.23585750513123474,0.4856516293921341,0.2590441618329922,0.5089638119090514
66,1,train,14,0.2822308185347497,0.5312540056646629,0.2590441618329922,0.5089638119090514
66,-1,train,30,0.2590441618329922,0.5089638119090514,0.2590441618329922,0.5089638119090514
67,0,train,16,0.23681027683772815,0.4866315616950139,0.2572603765738021,0.5072084153223427
67,1,train,14,0.27771047630987605,0.5269824250483843,0.2572603765738021,0.5072084153223427
67,-1,train,30,0.2572603765738021,0.5072084153223427,0.2572603765738021,0.5072084153223427
68,0,train,16,0.251207380879616,0.5012059266206017,0.25452577367633533,0.5045054743769738
68,1,train,14,0.2578441664730547,0.5077835823193328,0.25452577367633533,0.5045054743769738
68,-1,train,30,0.25452577367633533,0.5045054743769738,0.25452577367633533,0.5045054743769738
69,0,train,16,0.2670938677987207,0.5168112496828224,0.251695604273674,0.5016927389086611
69,1,train,14,0.23629734074862724,0.4861042488485646,0.251695604273674,0.5016927389086611
69,-1,train,30,0.251695604273674,0.5016927389086611,0.251695604273674,0.5016927389086611
70,0,train,16,0.27848124312227895,0.5277132205301275,0.2491950718175512,0.4991944228630276
70,1,train,14,0.21990890051282347,0.4689444535473508,0.2491950718175512,0.4991944228630276
70,-1,train,30,0.2491950718175512,0.4991944228630276,0.2491950718175512,0.4991944228630276
71,0,train,16,0.2562441743406337,0.5062056640740339,0.24910470947092525,0.4991039064873418
71,1,train,14,0.24196524460121682,0.491899628584142,0.24910470947092525,0.4991039064873418
71,-1,train,30,0.24910470947092525,0.4991039064873418,0.24910470947092525,0.4991039064873418
72,0,train,16,0.2570876274218877,0.5070380926734082,0.24737269724616984,0.49736575801533606
72,1,train,14,0.237657767070452,0.48750155596721123,0.24737269724616984,0.49736575801533606
72,-1,train,30,0.24737269724616984,0.49736575801533606,0.24737269724616984,0.49736575801533606
73,0,train,16,0.2560723849342836,0.5060359522151401,0.2457834241362065,0.49576549308741374
73,1,train,14,0.2354944633381294,0.48527771774328293,0.2457834241362065,0.49576549308741374
73,-1,train,30,0.2457834241362065,0.49576549308741374,0.2457834241362065,0.49576549308741374
74,0,train,16,0.23627920826429796,0.48608559767215687,0.24554381600492736,0.4955237794545559
74,1,train,14,0.25480842374555673,0.5047855225197695,0.24554381600492736,0.4955237794545559
74,-1,train,30,0.24554381600492736,0.4955237794545559,0.24554381600492736,0.4955237794545559
75,0,train,16,0.25384546550740367,0.5038307905511569,0.2426439664711458,0.49258904420535565
75,1,train,14,0.23144246743488794,0.4810846780296458,0.2426439664711458,0.49258904420535565
75,-1,train,30,0.2426439664711458,0.49258904420535565,0.2426439664711458,0.49258904420535565
76,0,train,16,0.2688275122182863,0.518485787865286,0.23993660796540217,0.48983324505937953
76,1,train,14,0.21104570371251805,0.4593971089509794,0.23993660796540217,0.48983324505937953
76,-1,train,30,0.23993660796540217,0.48983324505937953,0.23993660796540217,0.48983324505937953
77,0,train,16,0.25334825134135314,0.5033371150047979,0.23941044286071395,0.4892958643404969
77,1,train,14,0.22547263438007473,0.4748395880506118,0.23941044286071395,0.4892958643404969
77,-1,train,30,0.23941044286071395,0.4892958643404969,0.23941044286071395,0.4892958643404969
78,0,train,16,0.23802250938480243,0.4878755060307931,0.2388825981170078,0.48875617450525144
78,1,train,14,0.23974268684921313,0.4896352589930724,0.2388825981170078,0.48875617450525144
78,-1,train,30,0.2388825981170078,0.48875617450525144,0.2388825981170078,0.48875617450525144
79,0,train,16,0.24480213562384723,0.49477483325634825,0.23678236648090187,0.48660288375728095
79,1,train,14,0.2287625973379565,0.4782913310294851,0.23678236648090187,0.48660288375728095
79,-1,train,30,0.23678236648090187,0.48660288375728095,0.23678236648090187,0.48660288375728095
80,0,train,16,0.23523580378158063,0.48501113779126825,0.23585862991963585,0.48565278741054896
80,1,train,14,0.23648145605769105,0.4862935903933868,0.23585862991963585,0.48565278741054896
80,-1,train,30,0.23585862991963585,0.48565278741054896,0.23585862991963585,0.48565278741054896
81,0,train,16,0.22747836577623493,0.47694692134055644,0.2348109080288993,0.4845729130160902
81,1,train,14,0.24214345028156373,0.49208073553184717,0.2348109080288993,0.4845729130160902
81,-1,train,30,0.2348109080288993,0.4845729130160902,0.2348109080288993,0.4845729130160902
82,0,train,16,0.23922307405137588,0.48910435905987987,0.23237778401527287,0.482055789318283
82,1,train,14,0.22553249397916986,0.4749026152582968,0.23237778401527287,0.482055789318283
82,-1,train,30,0.23237778401527287,0.482055789318283,0.23237778401527287,0.482055789318283
83,0,train,16,0.2073763555617536,0.4553859413308162,0.23306914843160997,0.48277235673929175
83,1,train,14,0.25876194130146635,0.5086864862579566,0.23306914843160997,0.48277235673929175
83,-1,train,30,0.23306914843160997,0.48277235673929175,0.23306914843160997,0.48277235673929175
84,0,train,16,0.243966571178583,0.49392972291469056,0.22887362641532266,0.47840738541051253
84,1,train,14,0.21378068165206232,0.46236423050671027,0.22887362641532266,0.47840738541051253
84,-1,train,30,0.22887362641532266,0.47840738541051253,0.22887362641532266,0.47840738541051253
85,0,train,16,0.2108886260179544,0.4592261164371582,0.2296670962221845,0.4792359504692699
85,1,train,14,0.2484455664264146,0.4984431426215177,0.2296670962221845,0.4792359504692699
85,-1,train,30,0.2296670962221845,0.4792359504692699,0.2296670962221845,0.4792359504692699
86,0,train,16,0.24658079915831357,0.49656902758661214,0.22555048299908959,0.4749215545741103
86,1,train,14,0.20452016683986557,0.4522390593921157,0.22555048299908959,0.4749215545741103
86,-1,train,30,0.22555048299908959,0.4749215545741103,0.22555048299908959,0.4749215545741103
87,0,train,16,0.22463740818143554,0.47395928958238126,0.22556278761152193,0.4749345087604416
87,1,train,14,0.2264881670416083,0.4759077295459786,0.22556278761152193,0.4749345087604416
87,-1,train,30,0.22556278761152193,0.4749345087604416,0.22556278761152193,0.4749345087604416
88,0,train,16,0.2326811965501762,0.4823703935257389,0.2234391673195647,0.47269352367000406
88,1,train,14,0.21419713808895322,0.46281436677025617,0.2234391673195647,0.47269352367000406
88,-1,train,30,0.2234391673195647,0.47269352367000406,0.2234391673195647,0.47269352367000406
89,0,train,16,0.22435792087631523,0.47366435466088774,0.22249295182133597,0.4716915854892219
89,1,train,14,0.2206279827663567,0.4697105308233537,0.22249295182133597,0.4716915854892219
89,-1,train,30,0.22249295182133597,0.4716915854892219,0.22249295182133597,0.4716915854892219
90,0,train,16,0.21458870144727038,0.4632371978233941,0.22165879171163233,0.4708065332083151
90,1,train,14,0.2287288819759943,0.47825608409720655,0.22165879171163233,0.4708065332083151
90,-1,train,30,0.22165879171163233,0.4708065332083151,0.22165879171163233,0.4708065332083151
91,0,train,16,0.2442533118009901,0.494219902271236,0.21801391436741588,0.4669196016097588
91,1,train,14,0.19177451693384165,0.4379206742480214,0.21801391436741588,0.4669196016097588
91,-1,train,30,0.21801391436741588,0.4669196016097588,0.21801391436741588,0.4669196016097588
92,0,train,16,0.2275155066612522,0.4769858558293445,0.2176914985346882,0.46657421546275807
92,1,train,14,0.2078674904081242,0.45592487364490675,0.2176914985346882,0.46657421546275807
92,-1,train,30,0.2176914985346882,0.46657421546275807,0.2176914985346882,0.46657421546275807
93,0,train,16,0.18929696790872433,0.43508271387027586,0.21891729223799322,0.467885982091784
93,1,train,14,0.2485376165672621,0.49853547172419144,0.21891729223799322,0.467885982091784
93,-1,train,30,0.21891729223799322,0.467885982091784,0.21891729223799322,0.467885982091784
94,0,train,16,0.21301724711300926,0.461537915141334,0.2157190806846121,0.4644556821534344
94,1,train,14,0.21842091425621493,0.46735523347472524,0.2157190806846121,0.4644556821534344
94,-1,train,30,0.2157190806846121,0.4644556821534344,0.2157190806846121,0.4644556821534344
95,0,train,16,0.20151171142854296,0.44890055850772004,0.21504850238879697,0.46373322329632255
95,1,train,14,0.22858529334905098,0.4781059436453922,0.21504850238879697,0.46373322329632255
95,-1,train,30,0.21504850238879697,0.46373322329632255,0.21504850238879697,0.46373322329632255
96,0,train,16,0.23282393818822691,0.48251832938058103,0.21132735893317864,0.45970355549329683
96,1,train,14,0.18983077967813036,0.43569574209318407,0.21132735893317864,0.45970355549329683
96,-1,train,30,0.21132735893317864,0.45970355549329683,0.21132735893317864,0.45970355549329683
97,0,train,16,0.1972797675043487,0.4441618708357897,0.21239278796957878,0.46086092041914206
97,1,train,14,0.2275058084348089,0.4769756895637438,0.21239278796957878,0.46086092041914206
97,-1,train,30,0.21239278796957878,0.46086092041914206,0.21239278796957878,0.46086092041914206
98,0,train,16,0.21077956644830712,0.4591073583033789,0.20996209216579353,0.4582162067908484
98,1,train,14,0.20914461788327993,0.45732331876177046,0.20996209216579353,0.4582162067908484
98,-1,train,30,0.20996209216579353,0.4582162067908484,0.20996209216579353,0.4582162067908484
99,0,train,16,0.22257804682974988,0.4717817788233771,0.2076597374022468,0.45569697980373625
99,1,train,14,0.19274142797474372,0.4390232658695251,0.2076597374022468,0.45569697980373625
99,-1,train,30,0.2076597374022468,0.45569697980373625,0.2076597374022468,0.45569697980373625
100,0,train,16,0.1872940893662914,0.43277487145892773,0.20873526381220653,0.45687554521139184
100,1,train,14,0.23017643825812167,0.4797670666668583,0.20873526381220653,0.45687554521139184
100,-1,train,30,0.20873526381220653,0.45687554521139184,0.20873526381220653,0.45687554521139184
101,0,train,16,0.1999461599947415,0.44715339649245817,0.2063940851158981,0.454306157911048
101,1,train,14,0.2128420102370547,0.4613480359089596,0.2063940851158981,0.454306157911048
101,-1,train,30,0.2063940851158981,0.454306157911048,0.2063940851158981,0.454306157911048
102,0,train,16,0.19664572934496305,0.44344754971130806,0.20520003187939195,0.4529901013039821
102,1,train,14,0.21375433441382086,0.46233573776404185,0.20520003187939195,0.4529901013039821
102,-1,train,30,0.20520003187939195,0.4529901013039821,0.20520003187939195,0.4529901013039821
103,0,train,16,0.19288403480249816,0.43918564958625206,0.20404629155111786,0.451714834327054
103,1,train,14,0.2152085482997376,0.46390575368250997,0.20404629155111786,0.451714834327054
103,-1,train,30,0.20404629155111786,0.451714834327054,0.20404629155111786,0.451714834327054
104,0,train,16,0.20257661766725388,0.45008512269042383,0.20193951492084322,0.4493768072796406
104,1,train,14,0.20130241217443254,0.448667373646037,0.20193951492084322,0.4493768072796406
104,-1,train,30,0.20193951492084322,0.4493768072796406,0.20193951492084322,0.4493768072796406
105,0,train,16,0.19118610699057995,0.4372483356064148,0.2013476643289666,0.4487178003255126
105,1,train,14,0.21150922166735325,0.45990131731421824,0.2013476643289666,0.4487178003255126
105,-1,train,30,0.2013476643289666,0.4487178003255126,0.2013476643289666,0.4487178003255126
106,0,train,16,0.1935475612080401,0.43994040642800714,0.1997761098063543,0.4469632085601166
106,1,train,14,0.20600465840466847,0.4538773605332926,0.1997761098063543,0.4469632085601166
106,-1,train,30,0.1997761098063543,0.4469632085601166,0.1997761098063543,0.4469632085601166
107,0,train,16,0.21508771044682953,0.4637754957377864,0.19684582354547764,0.4436731043746935
107,1,train,14,0.17860393664412574,0.42261558968420193,0.19684582354547764,0.4436731043746935
107,-1,train,30,0.19684582354547764,0.4436731043746935,0.19684582354547764,0.4436731043746935
108,0,train,16,0.1912596935827294,0.4373324748777861,0.1971604746367271,0.4440275606724509
108,1,train,14,0.20306125569072475,0.4506231859222567,0.1971604746367271,0.4440275606724509
108,-1,train,30,0.1971604746367271,0.4440275606724509,0.1971604746367271,0.4440275606724509
109,0,train,16,0.19201234915373674,0.4381921372568622,0.19572807849136153,0.4424116617940372
109,1,train,14,0.19944380782898635,0.4465913208169034,0.19572807849136153,0.4424116617940372
109,-1,train,30,0.19572807849136153,0.4424116617940372,0.19572807849136153,0.4424116617940372
110,0,train,16,0.16731504457467836,0.4090416171671024,0.19612823299683374,0.44286367315104286
110,1,train,14,0.2249414214189891,0.47427989775973967,0.19612823299683374,0.44286367315104286
110,-1,train,30,0.19612823299683374,0.44286367315104286,0.19612823299683374,0.44286367315104286
111,0,train,16,0.2142205630198806,0.46283967312653806,0.1914068894777388,0.43750073083109103
111,1,train,14,0.16859321593559698,0.41060104229726085,0.1914068894777388,0.43750073083109103
111,-1,train,30,0.1914068894777388,0.43750073083109103,0.1914068894777388,0.43750073083109103
112,0,train,16,0.20787544235585909,0.45593359423918206,0.19050066750101582,0.4364638215259265
112,1,train,14,0.17312589264617256,0.4160839971041575,0.19050066750101582,0.4364638215259265
112,-1,train,30,0.19050066750101582,0.4364638215259265,0.19050066750101582,0.4364638215259265
113,0,train,16,0.20198628352435666,0.44942884144695994,0.18956973765185667,0.4353960698626673
113,1,train,14,0.17715319177935668,0.4208957017829437,0.18956973765185667,0.4353960698626673
113,-1,train,30,0.18956973765185667,0.4353960698626673,0.18956973765185667,0.4353960698626673
114,0,train,16,0.17352218817689177,0.416559945478309,0.19026788124158744,0.4361970669795791
114,1,train,14,0.2070135743062831,0.45498744411937686,0.19026788124158744,0.4361970669795791
114,-1,train,30,0.19026788124158744,0.4361970669795791,0.19026788124158744,0.4361970669795791
115,0,train,16,0.16707650044974143,0.40874992409753597,0.1893891834113708,0.43518867564697816
115,1,train,14,0.21170186637300012,0.4601107109957343,0.1893891834113708,0.43518867564697816
115,-1,train,30,0.1893891834113708,0.43518867564697816,0.1893891834113708,0.43518867564697816
116,0,train,16,0.1620203202803385,0.4025174782296273,0.1884235318708964,0.4340777947222092
116,1,train,14,0.21482674346145425,0.4634940597909042,0.1884235318708964,0.4340777947222092
116,-1,train,30,0.1884235318708964,0.4340777947222092,0.1884235318708964,0.4340777947222092
117,0,train,16,0.18890853051448095,0.434636089751508,0.18517565156893162,0.4303204057082718
117,1,train,14,0.18144277262338232,0.42596099894636164,0.18517565156893162,0.4303204057082718
117,-1,train,30,0.18517565156893162,0.4303204057082718,0.18517565156893162,0.4303204057082718
118,0,train,16,0.17262511901221633,0.41548179143280917,0.18502442848765388,0.43014465995482715
118,1,train,14,0.19742373796309143,0.44432391108637337,0.18502442848765388,0.43014465995482715
118,-1,train,30,0.18502442848765388,0.43014465995482715,0.18502442848765388,0.43014465995482715
119,0,train,16,0.1737368163621726,0.41681748567229354,0.18364089977937864,0.4285334290103616
119,1,train,14,0.1935449831965847,0.43993747646294545,0.18364089977937864,0.4285334290103616
119,-1,train,30,0.18364089977937864,0.4285334290103616,0.18364089977937864,0.4285334290103616
120,0,train,16,0.1700252639128089,0.41234119841801997,0.1826073879302329,0.4273258568472459
120,1,train,14,0.19518951194765694,0.4418025712325098,0.1826073879302329,0.4273258568472459
120,-1,train,30,0.1826073879302329,0.4273258568472459,0.1826073879302329,0.4273258568472459
121,0,train,16,0.18978824916055284,0.43564693176992864,0.17990029412421243,0.42414654793386264
121,1,train,14,0.17001233908787206,0.4123255256322025,0.17990029412421243,0.42414654793386264
121,-1,train,30,0.17990029412421243,0.42414654793386264,0.17990029412421243,0.42414654793386264
122,0,train,16,0.174100718030492,0.4172537813255765,0.1797402607025021,0.4239578525071827
122,1,train,14,0.18537980337451215,0.4305575494338848,0.1797402607025021,0.4239578525071827
122,-1,train,30,0.1797402607025021,0.4239578525071827,0.1797402607025021,0.4239578525071827
123,0,train,16,0.17741108033604003,0.4212019472130204,0.17822385480034106,0.42216567221926166
123,1,train,14,0.1790366292646421,0.4231272022272287,0.17822385480034106,0.42216567221926166
123,-1,train,30,0.17822385480034106,0.42216567221926166,0.17822385480034106,0.42216567221926166
124,0,train,16,0.2049092471938869,0.4526690261039371,0.17498839245392006,0.41831613936581513
124,1,train,14,0.14506753771395325,0.38087732633218435,0.17498839245392006,0.41831613936581513
124,-1,train,30,0.17498839245392006,0.41831613936581513,0.17498839245392006,0.41831613936581513
125,0,train,16,0.16742337584794323,0.40917401658456176,0.1764091713827206,0.4200109181708502
125,1,train,14,0.185394966917498,0.43057515826798226,0.1764091713827206,0.4200109181708502
125,-1,train,30,0.1764091713827206,0.4200109181708502,0.1764091713827206,0.4200109181708502
126,0,train,16,0.18052129804821668,0.4248779801875083,0.17421247012497781,0.4173876736620019
126,1,train,14,0.16790364220173898,0.4097604693009551,0.17421247012497781,0.4173876736620019
126,-1,train,30,0.17421247012497781,0.4173876736620019,0.17421247012497781,0.4173876736620019
127,0,train,16,0.15696906800217064,0.39619322054039574,0.17464842661117114,0.41790959143237083
127,1,train,14,0.19232778522017163,0.43855191850016073,0.17464842661117114,0.41790959143237083
127,-1,train,30,0.17464842661117114,0.41790959143237083,0.17464842661117114,0.41790959143237083
128,0,train,16,0.16666137708199605,0.40824181202076304,0.17271909453245538,0.4155948682701164
128,1,train,14,0.17877681198291467,0.4228200704589538,0.17271909453245538,0.4155948682701164
128,-1,train,30,0.17271909453245538,0.4155948682701164,0.17271909453245538,0.4155948682701164
129,0,train,16,0.18852865835314125,0.4341988695898934,0.16991951710593675,0.4122129511623049
129,1,train,14,0.15131037585873225,0.38898634405173177,0.16991951710593675,0.4122129511623049
129,-1,train,30,0.16991951710593675,0.4122129511623049,0.16991951710593675,0.4122129511623049
130,0,train,16,0.13886403225026067,0.37264464607754755,0.17224453560528297,0.41502353620642163
130,1,train,14,0.2056250389603053,0.45345897163944754,0.17224453560528297,0.41502353620642163
130,-1,train,30,0.17224453560528297,0.41502353620642163,0.17224453560528297,0.41502353620642163
131,0,train,16,0.16485599787331898,0.40602462717588816,0.16916490419086425,0.41129661339581225
131,1,train,14,0.17347381050840951,0.41650187335522215,0.16916490419086425,0.41129661339581225
131,-1,train,30,0.16916490419086425,0.41129661339581225,0.16916490419086425,0.41129661339581225
132,0,train,16,0.13646548071599382,0.36941234510502463,0.16998744352766681,0.41229533532125584
132,1,train,14,0.20350940633933978,0.45112016840232244,0.16998744352766681,0.41229533532125584
132,-1,train,30,0.16998744352766681,0.41229533532125584,0.16998744352766681,0.41229533532125584
133,0,train,16,0.18236063021141835,0.4270370361121133,0.16549601780704645,0.406812017776081
133,1,train,14,0.14863140540267455,0.3855274379375281,0.16549601780704645,0.406812017776081
133,-1,train,30,0.16549601780704645,0.406812017776081,0.16549601780704645,0.406812017776081
134,0,train,16,0.14345183876145065,0.37875036470140944,0.1670778447256134,0.40875156846868904
134,1,train,14,0.19070385068977616,0.43669652012556287,0.1670778447256134,0.40875156846868904
134,-1,train,30,0.1670778447256134,0.40875156846868904,0.1670778447256134,0.40875156846868904
135,0,train,16,0.14708291128631837,0.3835138997302684,0.16562782502443085,0.4069739856851183
135,1,train,14,0.1841727387625433,0.4291535142143698,0.16562782502443085,0.4069739856851183
135,-1,train,30,0.16562782502443085,0.4069739856851183,0.16562782502443085,0.4069739856851183
136,0,train,16,0.1528760321749527,0.39099364723093993,0.16403025424584344,0.4050064866713167
136,1,train,14,0.17518447631673423,0.4185504465613843,0.16403025424584344,0.4050064866713167
136,-1,train,30,0.16403025424584344,0.4050064866713167,0.16403025424584344,0.4050064866713167
137,0,train,16,0.18622159765099386,0.4315340052081572,0.16046663426728702,0.40058286816498656
137,1,train,14,0.1347116708835802,0.36703088546276347,0.16046663426728702,0.40058286816498656
137,-1,train,30,0.16046663426728702,0.40058286816498656,0.16046663426728702,0.40058286816498656
138,0,train,16,0.157132700223825,0.3963996723306226,0.16137597978511437,0.40171629265579256
138,1,train,14,0.16561925934640376,0.4069634619304339,0.16137597978511437,0.40171629265579256
138,-1,train,30,0.16137597978511437,0.40171629265579256,0.16137597978511437,0.40171629265579256
139,0,train,16,0.1684338009900724,0.41040687249371494,0.15940412450143948,0.39925446084100236
139,1,train,14,0.15037444801280658,0.38778144361586797,0.15940412450143948,0.39925446084100236
139,-1,train,30,0.15940412450143948,0.39925446084100236,0.15940412450143948,0.39925446084100236
140,0,train,16,0.13975413294056105,0.373837040621393,0.16030059742215952,0.40037557046123523
140,1,train,14,0.18084706190375796,0.4252611690523342,0.16030059742215952,0.40037557046123523
140,-1,train,30,0.16030059742215952,0.40037557046123523,0.16030059742215952,0.40037557046123523
141,0,train,16,0.1552294361649186,0.39399167017199566,0.1580443136046038,0.3975478758647866
141,1,train,14,0.16085919104428903,0.40107255084870747,0.1580443136046038,0.3975478758647866
141,-1,train,30,0.1580443136046038,0.3975478758647866,0.1580443136046038,0.3975478758647866
142,0,train,16,0.15920647486596712,0.3990068606753111,0.15661817628347208,0.3957501437567295
142,1,train,14,0.15402987770097704,0.3924664032767353,0.15661817628347208,0.3957501437567295
142,-1,train,30,0.15661817628347208,0.3957501437567295,0.15661817628347208,0.3957501437567295
143,0,train,16,0.1565467770542151,0.39565992601502503,0.15567006720102017,0.3945504621731169
143,1,train,14,0.15479335734782523,0.39343786974289247,0.15567006720102017,0.3945504621731169
143,-1,train,30,0.15567006720102017,0.3945504621731169,0.15567006720102017,0.3945504621731169
144,0,train,16,0.17817940348721958,0.42211302217204766,0.1529959697785804,0.3911469925470224
144,1,train,14,0.12781253606994122,0.35750879159811055,0.1529959697785804,0.3911469925470224
144,-1,train,30,0.1529959697785804,0.3911469925470224,0.1529959697785804,0.3911469925470224
145,0,train,16,0.16970364469523144,0.4119510222043774,0.15248046767982734,0.39048747442117443
145,1,train,14,0.13525729066442324,0.3677734229990297,0.15248046767982734,0.39048747442117443
145,-1,train,30,0.15248046767982734,0.39048747442117443,0.15248046767982734,0.39048747442117443
146,0,train,16,0.16992952154766475,0.4122250860242069,0.15134986221643446,0.389037096195767
146,1,train,14,0.13277020288520416,0.3643764576440198,0.15134986221643446,0.389037096195767
146,-1,train,30,0.15134986221643446,0.389037096195767,0.15134986221643446,0.389037096195767
147,0,train,16,0.18053576764171467,0.4248950077862938,0.1494834345896241,0.38663087640490396
147,1,train,14,0.11843110153753351,0.34413820121796057,0.1494834345896241,0.38663087640490396
147,-1,train,30,0.1494834345896241,0.38663087640490396,0.1494834345896241,0.38663087640490396
148,0,train,16,0.15655923999476964,0.3956756752629224,0.15009851757852852,0.38742549939121007
148,1,train,14,0.1436377951622874,0.37899577195832596,0.15009851757852852,0.38742549939121007
148,-1,train,30,0.15009851757852852,0.38742549939121007,0.15009851757852852,0.38742549939121007
149,0,train,16,0.15583842257515237,0.3947637553970126,0.14905383134778435,0.3860749038046689
149,1,train,14,0.14226924012041633,0.3771859489965345,0.14905383134778435,0.3860749038046689
149,-1,train,30,0.14905383134778435,0.3860749038046689,0.14905383134778435,0.3860749038046689
150,0,train,16,0.13182671728424122,0.36307949168775866,0.1496895518583087,0.3868973402057821
150,1,train,14,0.1675523864323762,0.40933163380366316,0.1496895518583087,0.3868973402057821
150,-1,train,30,0.1496895518583087,0.3868973402057821,0.1496895518583087,0.3868973402057821
151,0,train,16,0.16975891908861804,0.41201810529225297,0.1458924199664429,0.3819586626409236
151,1,train,14,0.12202592084426775,0.3493220875413803,0.1458924199664429,0.3819586626409236
151,-1,train,30,0.1458924199664429,0.3819586626409236,0.1458924199664429,0.3819586626409236
152,0,train,16,0.1353438685866806,0.3678911096869298,0.14728472525348385,0.3837769212100747
152,1,train,14,0.1592255819202871,0.39903080322236667,0.14728472525348385,0.3837769212100747
152,-1,train,30,0.14728472525348385,0.3837769212100747,0.14728472525348385,0.3837769212100747
153,0,train,16,0.13421282404429957,0.3663506845145776,0.1462987488409082,0.3824901944375937
153,1,train,14,0.15838467363751685,0.3979757199095403,0.1462987488409082,0.3824901944375937
153,-1,train,30,0.1462987488409082,0.3824901944375937,0.1462987488409082,0.3824901944375937
154,0,train,16,0.1450583532816606,0.3808652691985194,0.14446464833764622,0.38008505408348564
154,1,train,14,0.1438709433936318,0.3793032340932935,0.14446464833764622,0.38008505408348564
154,-1,train,30,0.14446464833764622,0.38008505408348564,0.14446464833764622,0.38008505408348564
155,0,train,16,0.14777198213797685,0.3844112148962057,0.143219696894258,0.37844378300384063
155,1,train,14,0.13866741165053914,0.37238073480047157,0.143219696894258,0.37844378300384063
155,-1,train,30,0.143219696894258,0.37844378300384063,0.143219696894258,0.37844378300384063
156,0,train,16,0.12994903776853514,0.3604844487194075,0.14345002627926767,0.3787479719804024
156,1,train,14,0.15695101479000023,0.39617043654215317,0.14345002627926767,0.3787479719804024
156,-1,train,30,0.14345002627926767,0.3787479719804024,0.14345002627926767,0.3787479719804024
157,0,train,16,0.12085672626899296,0.34764454011100615,0.14306261910122647,0.3782361948587502
157,1,train,14,0.16526851193345996,0.40653230121782447,0.14306261910122647,0.3782361948587502
157,-1,train,30,0.14306261910122647,0.3782361948587502,0.14306261910122647,0.3782361948587502
158,0,train,16,0.13844576669361408,0.3720830104877325,0.14077469359675165,0.3751995383749181
158,1,train,14,0.14310362049988926,0.37829039176258394,0.14077469359675165,0.3751995383749181
158,-1,train,30,0.14077469359675165,0.3751995383749181,0.14077469359675165,0.3751995383749181
159,0,train,16,0.14816060281492793,0.38491635820646536,0.1390567066237911,0.3729030793970346
159,1,train,14,0.1299528104326543,0.36048968145101506,0.1390567066237911,0.3729030793970346
159,-1,train,30,0.1390567066237911,0.3729030793970346,0.1390567066237911,0.3729030793970346
160,0,train,16,0.14723920421913092,0.3837176099935093,0.1381071229619699,0.37162766711046946
160,1,train,14,0.12897504170480886,0.3591309534206274,0.1381071229619699,0.37162766711046946
160,-1,train,30,0.1381071229619699,0.37162766711046946,0.1381071229619699,0.37162766711046946
161,0,train,16,0.13944866259735517,0.37342825629209575,0.13765843868446298,0.37102350152579683
161,1,train,14,0.1358682147715708,0.3686030585488552,0.13765843868446298,0.37102350152579683
161,-1,train,30,0.13765843868446298,0.37102350152579683,0.13765843868446298,0.37102350152579683
162,0,train,16,0.11617435302726382,0.34084359026870936,0.13831855102528706,0.3719120205442237
162,1,train,14,0.1604627490233103,0.4005780186471923,0.13831855102528706,0.3719120205442237
162,-1,train,30,0.13831855102528706,0.3719120205442237,0.13831855102528706,0.3719120205442237
163,0,train,16,0.16459527793743337,0.4057034359448209,0.1338615472103746,0.36587094338082465
163,1,train,14,0.10312781648331584,0.32113519969526205,0.1338615472103746,0.36587094338082465
163,-1,train,30,0.1338615472103746,0.36587094338082465,0.1338615472103746,0.36587094338082465
164,0,train,16,0.13857151652979371,0.3722519530234781,0.13473173219750192,0.3670582136357964
164,1,train,14,0.13089194786521013,0.36178992228254525,0.13473173219750192,0.3670582136357964
164,-1,train,30,0.13473173219750192,0.3670582136357964,0.13473173219750192,0.3670582136357964
165,0,train,16,0.12167296088720479,0.3488165146423042,0.1349597513444091,0.3673686858517055
165,1,train,14,0.14824654180161342,0.3850279753493419,0.1349597513444091,0.3673686858517055
165,-1,train,30,0.1349597513444091,0.3673686858517055,0.1349597513444091,0.3673686858517055
166,0,train,16,0.1137119855521947,0.33721207800462116,0.13455581520870102,0.36681850445240766
166,1,train,14,0.15539964486520733,0.39420761644748487,0.13455581520870102,0.36681850445240766
166,-1,train,30,0.13455581520870102,0.36681850445240766,0.13455581520870102,0.36681850445240766
167,0,train,16,0.11715853698501368,0.3422842926355425,0.13334126681155964,0.3651592348709801
167,1,train,14,0.14952399663810562,0.38668332862706356,0.13334126681155964,0.3651592348709801
167,-1,train,30,0.13334126681155964,0.3651592348709801,0.13334126681155964,0.3651592348709801
168,0,train,16,0.12326853133543253,0.35109618530458647,0.13194310137191867,0.36323972989187
168,1,train,14,0.1406176714084048,0.37499022841722796,0.13194310137191867,0.36323972989187
168,-1,train,30,0.13194310137191867,0.36323972989187,0.13194310137191867,0.36323972989187
169,0,train,16,0.14149152173940424,0.3761535879656131,0.1296866671733983,0.36012035095700756
169,1,train,14,0.11788181260739236,0.3433392092485103,0.1296866671733983,0.36012035095700756
169,-1,train,30,0.1296866671733983,0.36012035095700756,0.1296866671733983,0.36012035095700756
170,0,train,16,0.1082151045799115,0.3289606429041497,0.13112294022063417,0.3621090170385628
170,1,train,14,0.15403077586135686,0.39246754752636154,0.13112294022063417,0.3621090170385628
170,-1,train,30,0.13112294022063417,0.3621090170385628,0.13112294022063417,0.3621090170385628
171,0,train,16,0.14023268341753736,0.374476545884435,0.1278906643801251,0.35761804258192165
171,1,train,14,0.11554864534271286,0.3399244700557947,0.1278906643801251,0.35761804258192165
171,-1,train,30,0.1278906643801251,0.35761804258192165,0.1278906643801251,0.35761804258192165
172,0,train,16,0.11370691593382232,0.33720456096236645,0.12885517181003603,0.35896402578815056
172,1,train,14,0.14400342768624977,0.37947783556651865,0.12885517181003603,0.35896402578815056
172,-1,train,30,0.12885517181003603,0.35896402578815056,0.12885517181003603,0.35896402578815056
173,0,train,16,0.12533851121740347,0.3540317940770341,0.12709731181489414,0.3565070992489408
173,1,train,14,0.1288561124123848,0.3589653359481731,0.12709731181489414,0.3565070992489408
173,-1,train,30,0.12709731181489414,0.3565070992489408,0.12709731181489414,0.3565070992489408
174,0,train,16,0.11464951678323199,0.3385993455150674,0.12694709365582985,0.35629635650091884
174,1,train,14,0.13924467052842773,0.37315502211336743,0.12694709365582985,0.35629635650091884
174,-1,train,30,0.12694709365582985,0.35629635650091884,0.12694709365582985,0.35629635650091884
175,0,train,16,0.1224424997282671,0.34991784711310037,0.12547509539131002,0.35422463972924023
175,1,train,14,0.12850769105435292,0.3584796940613972,0.12547509539131002,0.35422463972924023
175,-1,train,30,0.12547509539131002,0.35422463972924023,0.12547509539131002,0.35422463972924023
176,0,train,16,0.1451978036892095,0.381048295743741,0.12294058864063248,0.3506288474165132
176,1,train,14,0.10068337359205547,0.31730643484186616,0.12294058864063248,0.3506288474165132
176,-1,train,30,0.12294058864063248,0.3506288474165132,0.12294058864063248,0.3506288474165132
177,0,train,16,0.11445311775343446,0.33830920435813516,0.12424404454152699,0.3524826868677765
177,1,train,14,0.1340349713296195,0.36610786843445403,0.12424404454152699,0.3524826868677765
177,-1,train,30,0.12424404454152699,0.3524826868677765,0.12424404454152699,0.3524826868677765
178,0,train,16,0.14121579055462694,0.37578689513423286,0.12143638154794584,0.3484772324671238
178,1,train,14,0.10165697254126475,0.31883690586452623,0.12143638154794584,0.3484772324671238
178,-1,train,30,0.12143638154794584,0.3484772324671238,0.12143638154794584,0.3484772324671238
179,0,train,16,0.11450879946753494,0.3383914884679207,0.12246166482698759,0.3499452311819488
179,1,train,14,0.13041453018644023,0.3611295199598618,0.12246166482698759,0.3499452311819488
179,-1,train,30,0.12246166482698759,0.3499452311819488,0.12246166482698759,0.3499452311819488
180,0,train,16,0.12140310791433118,0.3484294877221662,0.12109250835536275,0.3479834886246225
180,1,train,14,0.12078190879639433,0.34753691717052787,0.12109250835536275,0.3479834886246225
180,-1,train,30,0.12109250835536275,0.3479834886246225,0.12109250835536275,0.3479834886246225
181,0,train,16,0.1155180641369671,0.33987948472505236,0.12064301051796364,0.3473370272774897
181,1,train,14,0.1257679568989602,0.3546377826726309,0.12064301051796364,0.3473370272774897
181,-1,train,30,0.12064301051796364,0.3473370272774897,0.12064301051796364,0.3473370272774897
182,0,train,16,0.08724604848778976,0.2953744208420725,0.12179969810636046,0.3489981348178819
182,1,train,14,0.15635334772493117,0.3954154115925822,0.12179969810636046,0.3489981348178819
182,-1,train,30,0.12179969810636046,0.3489981348178819,0.12179969810636046,0.3489981348178819
183,0,train,16,0.15076611954322786,0.38828613102096227,0.11640004579012958,0.34117450929125637
183,1,train,14,0.08203397203703129,0.2864157328727444,0.11640004579012958,0.34117450929125637
183,-1,train,30,0.11640004579012958,0.34117450929125637,0.11640004579012958,0.34117450929125637
184,0,train,16,0.11447614751492785,0.3383432392038119,0.11814482292796648,0.34372201402873004
184,1,train,14,0.1218134983410051,0.3490179054733512,0.11814482292796648,0.34372201402873004
184,-1,train,30,0.11814482292796648,0.34372201402873004,0.11814482292796648,0.34372201402873004
185,0,train,16,0.11079632675923178,0.3328608219049394,0.11756394250904618,0.3428759870697366
185,1,train,14,0.1243315582588606,0.35260680404504474,0.11756394250904618,0.3428759870697366
185,-1,train,30,0.11756394250904618,0.3428759870697366,0.11756394250904618,0.3428759870697366
186,0,train,16,0.12394509513486877,0.3520583689317281,0.11578755171837324,0.3402756995707646
186,1,train,14,0.1076300083018777,0.32807012710985695,0.11578755171837324,0.3402756995707646
186,-1,train,30,0.11578755171837324,0.3402756995707646,0.11578755171837324,0.3402756995707646
187,0,train,16,0.14317878645662277,0.3783897282652144,0.11358211119963868,0.33701945225704505
187,1,train,14,0.08398543594265459,0.28980240844867833,0.11358211119963868,0.33701945225704505
187,-1,train,30,0.11358211119963868,0.33701945225704505,0.11358211119963868,0.33701945225704505
188,0,train,16,0.1319423974622938,0.36323876095798724,0.11356492822921097,0.3369939587428994
188,1,train,14,0.09518745899612814,0.3085246489279716,0.11356492822921097,0.3369939587428994
188,-1,train,30,0.11356492822921097,0.3369939587428994,0.11356492822921097,0.3369939587428994
189,0,train,16,0.13145333010978905,0.36256493226702036,0.11278414455252911,0.3358335071914789
189,1,train,14,0.09411495899526917,0.30678161450006936,0.11278414455252911,0.3358335071914789
189,-1,train,30,0.11278414455252911,0.3358335071914789,0.11278414455252911,0.3358335071914789
190,0,train,16,0.11595280225331395,0.34051843159117534,0.11308352950806246,0.33627894597798186
190,1,train,14,0.11021425676281096,0.3319853261257355,0.11308352950806246,0.33627894597798186
190,-1,train,30,0.11308352950806246,0.33627894597798186,0.11308352950806246,0.33627894597798186
191,0,train,16,0.10726670734682808,0.3275159650258718,0.11290291345366178,0.3360102877199771
191,1,train,14,0.11853911956049548,0.3442951053391487,0.11290291345366178,0.3360102877199771
191,-1,train,30,0.11290291345366178,0.3360102877199771,0.11290291345366178,0.3360102877199771
192,0,train,16,0.1057859361102651,0.32524749977557876,0.1122099345075867,0.334977513435733
192,1,train,14,0.11863393290490831,0.3444327697895604,0.1122099345075867,0.334977513435733
192,-1,train,30,0.1122099345075867,0.334977513435733,0.1122099345075867,0.334977513435733
193,0,train,16,0.09240650493626452,0.3039843827177056,0.11238283549965067,0.33523549260132146
193,1,train,14,0.13235916606303683,0.36381199274218107,0.11238283549965067,0.33523549260132146
193,-1,train,30,0.11238283549965067,0.33523549260132146,0.11238283549965067,0.33523549260132146
194,0,train,16,0.09586413112228381,0.3096193326042219,0.11134518225892172,0.33368425533567164
194,1,train,14,0.12682623339555962,0.35612670974747124,0.11134518225892172,0.33368425533567164
194,-1,train,30,0.11134518225892172,0.33368425533567164,0.11134518225892172,0.33368425533567164
195,0,train,16,0.11123292522545149,0.3335160044517376,0.10946977744457734,0.3308621728825726
195,1,train,14,0.10770662966370319,0.32818688222368547,0.10946977744457734,0.3308621728825726
195,-1,train,30,0.10946977744457734,0.3308621728825726,0.10946977744457734,0.3308621728825726
196,0,train,16,0.09099904820386145,0.301660484989104,0.11014720589963296,0.33188432608309926
196,1,train,14,0.12929536359540447,0.3595766449526505,0.11014720589963296,0.33188432608309926
196,-1,train,30,0.11014720589963296,0.33188432608309926,0.11014720589963296,0.33188432608309926
197,0,train,16,0.1048613601880868,0.32382303838375487,0.10839220356647197,0.32922971245996613
197,1,train,14,0.11192304694485714,0.33454902024196265,0.10839220356647197,0.32922971245996613
197,-1,train,30,0.10839220356647197,0.32922971245996613,0.10839220356647197,0.32922971245996613
198,0,train,16,0.1043628661567435,0.3230524201375738,0.10767009405358988,0.3281312146894743
198,1,train,14,0.11097732195043626,0.33313258914497734,0.10767009405358988,0.3281312146894743
198,-1,train,30,0.10767009405358988,0.3281312146894743,0.10767009405358988,0.3281312146894743
199,0,train,16,0.10082457467592265,0.31752885644602863,0.10717173059454738,0.32737093730896055
199,1,train,14,0.11351888651317209,0.33692563944166093,0.10717173059454738,0.32737093730896055
199,-1,train,30,0.10717173059454738,0.32737093730896055,0.10717173059454738,0.32737093730896055
200,0,train,16,0.11778557638605558,0.34319903319510614,0.10521543396998453,0.32436928641593754
200,1,train,14,0.0926452915539135,0.30437689063710716,0.10521543396998453,0.32436928641593754
200,-1,train,30,0.10521543396998453,0.32436928641593754,0.10521543396998453,0.32436928641593754
201,0,train,16,0.07674607020039105,0.27703081092252363,0.10741267355528195,0.3277387275792746
201,1,train,14,0.13807927691017283,0.3715902002343076,0.10741267355528195,0.3277387275792746
201,-1,train,30,0.10741267355528195,0.3277387275792746,0.10741267355528195,0.3277387275792746
202,0,train,16,0.08310330107198392,0.28827643169705,0.10622053507973364,0.32591492000172934
202,1,train,14,0.12933776908748337,0.359635605978445,0.10622053507973364,0.32591492000172934
202,-1,train,30,0.10622053507973364,0.32591492000172934,0.10622053507973364,0.32591492000172934
203,0,train,16,0.08021464704668156,0.2832219042494446,0.1056994164217663,0.32511446664485155
203,1,train,14,0.13118418579685107,0.3621935750352994,0.1056994164217663,0.32511446664485155
203,-1,train,30,0.1056994164217663,0.32511446664485155,0.1056994164217663,0.32511446664485155
204,0,train,16,0.11423238747864238,0.33798282127741697,0.102538254554429,0.3202159498751257
204,1,train,14,0.09084412163021563,0.301403585961109,0.102538254554429,0.3202159498751257
204,-1,train,30,0.102538254554429,0.3202159498751257,0.102538254554429,0.3202159498751257
205,0,train,16,0.08572028647864378,0.29278026996135476,0.10385969257353647,0.3222726990819056
205,1,train,14,0.12199909866842915,0.34928369367668616,0.10385969257353647,0.3222726990819056
205,-1,train,30,0.10385969257353647,0.3222726990819056,0.10385969257353647,0.3222726990819056
206,0,train,16,0.1251936245613169,0.35382711111688,0.10031625913448422,0.31672742087556016
206,1,train,14,0.07543889370765153,0.2746614164888318,0.10031625913448422,0.31672742087556016
206,-1,train,30,0.10031625913448422,0.31672742087556016,0.10031625913448422,0.31672742087556016
207,0,train,16,0.09961860512328014,0.31562415167930374,0.10143265846363862,0.3184849422871333
207,1,train,14,0.10324671180399711,0.3213202636062611,0.10143265846363862,0.3184849422871333
207,-1,train,30,0.10143265846363862,0.3184849422871333,0.10143265846363862,0.3184849422871333
208,0,train,16,0.12148986029734847,0.34855395607760425,0.09916190067141303,0.31489982640740377
208,1,train,14,0.07683394104547758,0.2771893595459205,0.09916190067141303,0.31489982640740377
208,-1,train,30,0.09916190067141303,0.31489982640740377,0.09916190067141303,0.31489982640740377
209,0,train,16,0.08916998252425162,0.29861343326155243,0.10077448682804799,0.3174499753158724
209,1,train,14,0.11237899113184435,0.3352297587205592,0.10077448682804799,0.3174499753158724
209,-1,train,30,0.10077448682804799,0.3174499753158724,0.10077448682804799,0.3174499753158724
210,0,train,16,0.07584153620046923,0.2753934207646748,0.10103251602888869,0.3178561247308107
210,1,train,14,0.12622349585730813,0.35527946163169655,0.10103251602888869,0.3178561247308107
210,-1,train,30,0.10103251602888869,0.3178561247308107,0.10103251602888869,0.3178561247308107
211,0,train,16,0.10200249134930384,0.3193782887882391,0.0984708583595855,0.3138006666015633
211,1,train,14,0.09493922536986717,0.3081220949069819,0.0984708583595855,0.3138006666015633
211,-1,train,30,0.0984708583595855,0.3138006666015633,0.0984708583595855,0.3138006666015633
212,0,train,16,0.0634360253252711,0.25186509350299235,0.10054707206448697,0.31709158308679053
212,1,train,14,0.13765811880370285,0.371023070446708,0.10054707206448697,0.31709158308679053
212,-1,train,30,0.10054707206448697,0.31709158308679053,0.10054707206448697,0.31709158308679053
213,0,train,16,0.08276693623103244,0.28769243339203837,0.09848469506935627,0.3138227128003266
213,1,train,14,0.1142024539076801,0.337938535694999,0.09848469506935627,0.3138227128003266
213,-1,train,30,0.09848469506935627,0.3138227128003266,0.09848469506935627,0.3138227128003266
214,0,train,16,0.09046873772147224,0.30078021497677043,0.09726296452089392,0.31187010841197
214,1,train,14,0.10405719132031559,0.3225789691227802,0.09726296452089392,0.31187010841197
214,-1,train,30,0.09726296452089392,0.31187010841197,0.09726296452089392,0.31187010841197
215,0,train,16,0.11375702627497375,0.33727885536299745,0.0949348476420549,0.30811499094016004
215,1,train,14,0.07611266900913603,0.2758852460881807,0.0949348476420549,0.30811499094016004
215,-1,train,30,0.0949348476420549,0.30811499094016004,0.0949348476420549,0.30811499094016004
216,0,train,16,0.08943039742866654,0.29904915553912964,0.09602382009674831,0.30987710482826625
216,1,train,14,0.10261724276483009,0.32033926197834395,0.09602382009674831,0.30987710482826625
216,-1,train,30,0.09602382009674831,0.30987710482826625,0.09602382009674831,0.30987710482826625
217,0,train,16,0.12400387237145982,0.3521418355882468,0.0928972256127646,0.304790461813956
217,1,train,14,0.06179057885406939,0.24857710846751233,0.0928972256127646,0.304790461813956
217,-1,train,30,0.0928972256127646,0.304790461813956,0.0928972256127646,0.304790461813956
218,0,train,16,0.11573252830851248,0.34019483874467066,0.09284682469195502,0.3047077693331022
218,1,train,14,0.06996112107539754,0.2645016466402384,0.09284682469195502,0.3047077693331022
218,-1,train,30,0.09284682469195502,0.3047077693331022,0.09284682469195502,0.3047077693331022
219,0,train,16,0.06561146398355563,0.2561473481876313,0.09579985308290448,0.3095155134769572
219,1,train,14,0.12598824218225332,0.3549482246500936,0.09579985308290448,0.3095155134769572
219,-1,train,30,0.09579985308290448,0.3095155134769572,0.09579985308290448,0.3095155134769572
220,0,train,16,0.09643436276928567,0.31053882650851516,0.09296183718614916,0.30489643682101164
220,1,train,14,0.08948931160301264,0.2991476418142263,0.09296183718614916,0.30489643682101164
220,-1,train,30,0.09296183718614916,0.30489643682101164,0.09296183718614916,0.30489643682101164
221,0,train,16,0.09222198571750483,0.303680729908081,0.09263943282143892,0.30436726634353917
221,1,train,14,0.09305687992537302,0.3050522576959119,0.09263943282143892,0.30436726634353917
221,-1,train,30,0.09263943282143892,0.30436726634353917,0.09263943282143892,0.30436726634353917
222,0,train,16,0.11008728391820578,0.33179403840064065,0.09074783712958676,0.30124381674913553
222,1,train,14,0.07140839034096771,0.2672234838874902,0.09074783712958676,0.30124381674913553
222,-1,train,30,0.09074783712958676,0.30124381674913553,0.09074783712958676,0.30124381674913553
223,0,train,16,0.08856954230996698,0.2976063546195998,0.09167863303969698,0.30278479657951285
223,1,train,14,0.09478772376942698,0.3078761500497026,0.09167863303969698,0.30278479657951285
223,-1,train,30,0.09167863303969698,0.30278479657951285,0.09167863303969698,0.30278479657951285
224,0,train,16,0.08244195940781245,0.2871270788480467,0.09151494024767926,0.3025143637047326
224,1,train,14,0.10058792108754605,0.31715598857273064,0.09151494024767926,0.3025143637047326
224,-1,train,30,0.09151494024767926,0.3025143637047326,0.09151494024767926,0.3025143637047326
225,0,train,16,0.06832241946233705,0.2613855762323871,0.09193199520079735,0.30320289444660214
225,1,train,14,0.11554157093925765,0.33991406405039737,0.09193199520079735,0.30320289444660214
225,-1,train,30,0.09193199520079735,0.30320289444660214,0.09193199520079735,0.30320289444660214
226,0,train,16,0.08484884843439329,0.2912882566022758,0.09016157957944773,0.30026917853727136
226,1,train,14,0.09547431072450216,0.30898917574002843,0.09016157957944773,0.30026917853727136
226,-1,train,30,0.09016157957944773,0.30026917853727136,0.09016157957944773,0.30026917853727136
227,0,train,16,0.07862562739260102,0.28040261659371335,0.09003591312157277,0.3000598492327369
227,1,train,14,0.10144619885054451,0.3185061990771051,0.09003591312157277,0.3000598492327369
227,-1,train,30,0.09003591312157277,0.3000598492327369,0.09003591312157277,0.3000598492327369
228,0,train,16,0.11285535920255167,0.335939517179137,0.0870064817420445,0.29496861145220943
228,1,train,14,0.061157604281537326,0.24730063542485556,0.0870064817420445,0.29496861145220943
228,-1,train,30,0.0870064817420445,0.29496861145220943,0.0870064817420445,0.29496861145220943
229,0,train,16,0.10271214938827007,0.32048736229104274,0.0871695449775006,0.295244889841468
229,1,train,14,0.07162694056673112,0.2676320992831972,0.0871695449775006,0.295244889841468
229,-1,train,30,0.0871695449775006,0.295244889841468,0.0871695449775006,0.295244889841468
230,0,train,16,0.0935604505326529,0.3058765282473516,0.08726734023784277,0.2954104606100515
230,1,train,14,0.08097422994303266,0.28455971243841366,0.08726734023784277,0.2954104606100515
230,-1,train,30,0.08726734023784277,0.2954104606100515,0.08726734023784277,0.2954104606100515
231,0,train,16,0.06678731399793814,0.2584324166932975,0.08863412362743397,0.2977148360888889
231,1,train,14,0.11048093325692983,0.33238672244379713,0.08863412362743397,0.2977148360888889
231,-1,train,30,0.08863412362743397,0.2977148360888889,0.08863412362743397,0.2977148360888889
232,0,train,16,0.07802826265145345,0.2793353945554581,0.08728439415154632,0.2954393239762546
232,1,train,14,0.0965405256516392,0.3107097128376247,0.08728439415154632,0.2954393239762546
232,-1,train,30,0.08728439415154632,0.2954393239762546,0.08728439415154632,0.2954393239762546
233,0,train,16,0.07905684272533088,0.2811704869386737,0.08667348169583985,0.29440360340158855
233,1,train,14,0.09429012066634883,0.30706696446597576,0.08667348169583985,0.29440360340158855
233,-1,train,30,0.08667348169583985,0.29440360340158855,0.08667348169583985,0.29440360340158855
234,0,train,16,0.09305262927493202,0.3050452905306555,0.08514000388914957,0.29178760064325826
234,1,train,14,0.07722737850336711,0.2778981441164498,0.08514000388914957,0.29178760064325826
234,-1,train,30,0.08514000388914957,0.29178760064325826,0.08514000388914957,0.29178760064325826
235,0,train,16,0.08224403425887024,0.2867822070123428,0.08539211025037942,0.292219284528553
235,1,train,14,0.0885401862418886,0.2975570302343546,0.08539211025037942,0.292219284528553
235,-1,train,30,0.08539211025037942,0.292219284528553,0.08539211025037942,0.292219284528553
236,0,train,16,0.09057030785042508,0.3009490120442748,0.08427603134860309,0.29030334367451416
236,1,train,14,0.07798175484678109,0.27925213490102646,0.08427603134860309,0.29030334367451416
236,-1,train,30,0.08427603134860309,0.29030334367451416,0.08427603134860309,0.29030334367451416
237,0,train,16,0.10317295755904259,0.3212054756056356,0.08286212248525036,0.28785781643938446
237,1,train,14,0.06255128741145814,0.2501025537883573,0.08286212248525036,0.28785781643938446
237,-1,train,30,0.08286212248525036,0.28785781643938446,0.08286212248525036,0.28785781643938446
238,0,train,16,0.061771193156299926,0.2485381120800187,0.08532275280896728,0.29210058680010775
238,1,train,14,0.10887431246163463,0.3299610771918934,0.08532275280896728,0.29210058680010775
238,-1,train,30,0.08532275280896728,0.29210058680010775,0.08532275280896728,0.29210058680010775
239,0,train,16,0.0830576150752872,0.2881971808940663,0.08329206683358578,0.2886036500697553
239,1,train,14,0.08352651859188436,0.28900954757911435,0.08329206683358578,0.2886036500697553
239,-1,train,30,0.08329206683358578,0.2886036500697553,0.08329206683358578,0.2886036500697553
240,0,train,16,0.08304298968317168,0.2881718058436177,0.08279912084367264,0.2877483637549876
240,1,train,14,0.08255525200417357,0.28732429762234446,0.08279912084367264,0.2877483637549876
240,-1,train,30,0.08279912084367264,0.2877483637549876,0.08279912084367264,0.2877483637549876
241,0,train,16,0.1002962212008861,0.3166957865221546,0.0810772828617895,0.2847407291937518
241,1,train,14,0.061858344522692885,0.24871337825435302,0.0810772828617895,0.2847407291937518
241,-1,train,30,0.0810772828617895,0.2847407291937518,0.0810772828617895,0.2847407291937518
242,0,train,16,0.06256658956624388,0.25013314367800976,0.08329193664060194,0.28860342451294985
242,1,train,14,0.10401728371496002,0.3225171060811504,0.08329193664060194,0.28860342451294985
242,-1,train,30,0.08329193664060194,0.28860342451294985,0.08329193664060194,0.28860342451294985
243,0,train,16,0.07967274954249105,0.2822636171072904,0.08159153397453808,0.28564231824878134
243,1,train,14,0.08351031840658513,0.28898151914367315,0.08159153397453808,0.28564231824878134
243,-1,train,30,0.08159153397453808,0.28564231824878134,0.08159153397453808,0.28564231824878134
244,0,train,16,0.08450746848890005,0.29070168298257243,0.08076974803287852,0.2842001900648177
244,1,train,14,0.077032027576857,0.27754644219816077,0.08076974803287852,0.2842001900648177
244,-1,train,30,0.08076974803287852,0.2842001900648177,0.08076974803287852,0.2842001900648177
245,0,train,16,0.08335912504253412,0.2887198036895532,0.08038493021339335,0.2835223628100495
245,1,train,14,0.07741073538425257,0.27822784796682837,0.08038493021339335,0.2835223628100495
245,-1,train,30,0.08038493021339335,0.2835223628100495,0.08038493021339335,0.2835223628100495
246,0,train,16,0.09550998180415819,0.3090468925651222,0.07905179614838823,0.2811615125659773
246,1,train,14,0.06259361049261825,0.25018715093429206,0.07905179614838823,0.2811615125659773
246,-1,train,30,0.07905179614838823,0.2811615125659773,0.07905179614838823,0.2811615125659773
247,0,train,16,0.11065019024900723,0.3326412335369853,0.07751330842393833,0.27841211975044894
247,1,train,14,0.04437642659886945,0.21065713042493828,0.07751330842393833,0.27841211975044894
247,-1,train,30,0.07751330842393833,0.27841211975044894,0.07751330842393833,0.27841211975044894
248,0,train,16,0.08065479992019757,0.2839978871755872,0.0792079217011592,0.28143901950717354
248,1,train,14,0.07776104348212082,0.2788566719340257,0.0792079217011592,0.28143901950717354
248,-1,train,30,0.0792079217011592,0.28143901950717354,0.0792079217011592,0.28143901950717354
249,0,train,16,0.10854766467086711,0.3294657260943346,0.07676514355430852,0.27706523339154
249,1,train,14,0.044982622437749926,0.21209107109388156,0.07676514355430852,0.27706523339154
249,-1,train,30,0.07676514355430852,0.27706523339154,0.07676514355430852,0.27706523339154
250,0,train,16,0.04773690532240376,0.21848776927417188,0.08067582253657812,0.2840348966880269
250,1,train,14,0.11361473975075248,0.3370678563001113,0.08067582253657812,0.2840348966880269
250,-1,train,30,0.08067582253657812,0.2840348966880269,0.08067582253657812,0.2840348966880269
251,0,train,16,0.0681585181308935,0.26107186392044146,0.07877733083704207,0.28067299627331815
251,1,train,14,0.08939614354319063,0.2989918787244741,0.07877733083704207,0.28067299627331815
251,-1,train,30,0.07877733083704207,0.28067299627331815,0.07877733083704207,0.28067299627331815
252,0,train,16,0.08002537474227885,0.2828875655490691,0.07749478442815269,0.27837885054032513
252,1,train,14,0.07496419411402655,0.2737958986435453,0.07749478442815269,0.27837885054032513
252,-1,train,30,0.07749478442815269,0.27837885054032513,0.07749478442815269,0.27837885054032513
253,0,train,16,0.08062720551001101,0.2839493009500305,0.07702471186213028,0.2775332626229337
253,1,train,14,0.07342221821424955,0.2709653450429585,0.07702471186213028,0.2775332626229337
253,-1,train,30,0.07702471186213028,0.2775332626229337,0.07702471186213028,0.2775332626229337
254,0,train,16,0.09110640024965959,0.3018383677560883,0.07585326568381699,0.2754147158083914
254,1,train,14,0.06060013111797439,0.24617093881686034,0.07585326568381699,0.2754147158083914
254,-1,train,30,0.07585326568381699,0.2754147158083914,0.07585326568381699,0.2754147158083914
255,0,train,16,0.05080387572294747,0.22539715109767353,0.07832691452580055,0.2798694597947417
255,1,train,14,0.10584995332865364,0.3253458979742232,0.07832691452580055,0.2798694597947417
255,-1,train,30,0.07832691452580055,0.2798694597947417,0.07832691452580055,0.2798694597947417
256,0,train,16,0.06238619237633444,0.24977228104082014,0.07708144133092842,0.27763544681997726
256,1,train,14,0.0917766902855224,0.30294667894783467,0.07708144133092842,0.27763544681997726
256,-1,train,30,0.07708144133092842,0.27763544681997726,0.07708144133092842,0.27763544681997726
257,0,train,16,0.0886336962199099,0.29771411827441085,0.07479556102974036,0.2734877712617885
257,1,train,14,0.060957425839570825,0.24689557679223584,0.07479556102974036,0.2734877712617885
257,-1,train,30,0.07479556102974036,0.2734877712617885,0.07479556102974036,0.2734877712617885
258,0,train,16,0.049686193341503294,0.22290400028151872,0.07718227295847516,0.2778169774482387
258,1,train,14,0.10467835257544701,0.3235403414961526,0.07718227295847516,0.2778169774482387
258,-1,train,30,0.07718227295847516,0.2778169774482387,0.07718227295847516,0.2778169774482387
259,0,train,16,0.09120755088589165,0.3020058788929309,0.07381341922331025,0.2716862514432967
259,1,train,14,0.05641928756072884,0.23752744591042282,0.07381341922331025,0.2716862514432967
259,-1,train,30,0.07381341922331025,0.2716862514432967,0.07381341922331025,0.2716862514432967
260,0,train,16,0.06551385782127113,0.25595674990371153,0.07526239344260521,0.27433992316577843
260,1,train,14,0.0850109290639393,0.29156633732984216,0.07526239344260521,0.27433992316577843
260,-1,train,30,0.07526239344260521,0.27433992316577843,0.07526239344260521,0.27433992316577843
261,0,train,16,0.06654811846313301,0.25796921999171335,0.07480220769178769,0.2734999226540799
261,1,train,14,0.08305629692044238,0.2881948939874584,0.07480220769178769,0.2734999226540799
261,-1,train,30,0.07480220769178769,0.2734999226540799,0.07480220769178769,0.2734999226540799
262,0,train,16,0.06588070456114196,0.2566723681293761,0.07446203331272065,0.2728773228260653
262,1,train,14,0.08304336206429934,0.2881724519524712,0.07446203331272065,0.2728773228260653
262,-1,train,30,0.07446203331272065,0.2728773228260653,0.07446203331272065,0.2728773228260653
263,0,train,16,0.06290554322444677,0.250809774977864,0.07429883338051765,0.2725781234444864
263,1,train,14,0.08569212353658853,0.2927321703137333,0.07429883338051765,0.2725781234444864
263,-1,train,30,0.07429883338051765,0.2725781234444864,0.07429883338051765,0.2725781234444864
264,0,train,16,0.0814450764483415,0.2853858378552473,0.07259873120265842,0.26944151722156406
264,1,train,14,0.06375238595697534,0.2524923483137169,0.07259873120265842,0.26944151722156406
264,-1,train,30,0.07259873120265842,0.26944151722156406,0.07259873120265842,0.26944151722156406
265,0,train,16,0.050982821231962884,0.2257937581775964,0.07441035150367707,0.2727826085066221
265,1,train,14,0.09783788177539125,0.3127904758386854,0.07441035150367707,0.2727826085066221
265,-1,train,30,0.07441035150367707,0.2727826085066221,0.07441035150367707,0.2727826085066221
266,0,train,16,0.05222822590402484,0.22853495554077682,0.07395958792911231,0.2719551211672843
266,1,train,14,0.09569094995419977,0.3093395382976443,0.07395958792911231,0.2719551211672843
266,-1,train,30,0.07395958792911231,0.2719551211672843,0.07395958792911231,0.2719551211672843
267,0,train,16,0.10012519950470998,0.3164256618934532,0.07017150085258049,0.2648990389800999
267,1,train,14,0.04021780220045101,0.20054376629666404,0.07017150085258049,0.2648990389800999
267,-1,train,30,0.07017150085258049,0.2648990389800999,0.07017150085258049,0.2648990389800999
268,0,train,16,0.0904960070997158,0.3008255426317981,0.07050561666289859,0.2655289375245165
268,1,train,14,0.050515226226081386,0.22475592589758647,0.07050561666289859,0.2655289375245165
268,-1,train,30,0.07050561666289859,0.2655289375245165,0.07050561666289859,0.2655289375245165
269,0,train,16,0.06783339487555619,0.2604484495549094,0.07177678460864227,0.26791189710171937
269,1,train,14,0.07572017434172836,0.2751729898477108,0.07177678460864227,0.26791189710171937
269,-1,train,30,0.07177678460864227,0.26791189710171937,0.07177678460864227,0.26791189710171937
270,0,train,16,0.0893506897766928,0.29891585735235393,0.06988844973146714,0.26436423686169647
270,1,train,14,0.05042620968624148,0.2245578092301434,0.06988844973146714,0.26436423686169647
270,-1,train,30,0.06988844973146714,0.26436423686169647,0.06988844973146714,0.26436423686169647
271,0,train,16,0.07362734691453611,0.27134359567628663,0.0706718680141431,0.26584181013178326
271,1,train,14,0.06771638911375011,0.2602237289598128,0.0706718680141431,0.26584181013178326
271,-1,train,30,0.0706718680141431,0.26584181013178326,0.0706718680141431,0.26584181013178326
272,0,train,16,0.06988470845377105,0.264357160776422,0.07060150312841998,0.26570943364589067
272,1,train,14,0.07131829780306889,0.2670548591639345,0.07060150312841998,0.26570943364589067
272,-1,train,30,0.07060150312841998,0.26570943364589067,0.07060150312841998,0.26570943364589067
273,0,train,16,0.07735994133231568,0.2781365515934856,0.06973014556329575,0.26406466170863485
273,1,train,14,0.06210034979427583,0.24919941772459228,0.06973014556329575,0.26406466170863485
273,-1,train,30,0.06973014556329575,0.26406466170863485,0.06973014556329575,0.26406466170863485
274,0,train,16,0.06471516208321082,0.2543917492435846,0.0703070259188104,0.26515472071756596
274,1,train,14,0.07589888975440998,0.2754975313036579,0.0703070259188104,0.26515472071756596
274,-1,train,30,0.0703070259188104,0.26515472071756596,0.0703070259188104,0.26515472071756596
275,0,train,16,0.07206749482943471,0.2684538970278411,0.06945622771449173,0.26354549458203935
275,1,train,14,0.06684496059954875,0.2585439239269582,0.06945622771449173,0.26354549458203935
275,-1,train,30,0.06945622771449173,0.26354549458203935,0.06945622771449173,0.26354549458203935
276,0,train,16,0.06964374658953071,0.2639010166511882,0.06930609258157214,0.2632605032692374
276,1,train,14,0.06896843857361357,0.2626184277114109,0.06930609258157214,0.2632605032692374
276,-1,train,30,0.06930609258157214,0.2632605032692374,0.06930609258157214,0.2632605032692374
277,0,train,16,0.07808904907573079,0.279444178818831,0.06838577838858394,0.26150674635386356
277,1,train,14,0.05868250770143709,0.24224472688055995,0.06838577838858394,0.26150674635386356
277,-1,train,30,0.06838577838858394,0.26150674635386356,0.06838577838858394,0.26150674635386356
278,0,train,16,0.07038891957837645,0.26530910195162255,0.06862141211864459,0.26195688980945814
278,1,train,14,0.06685390465891272,0.2585612203307231,0.06862141211864459,0.26195688980945814
278,-1,train,30,0.06862141211864459,0.26195688980945814,0.06862141211864459,0.26195688980945814
279,0,train,16,0.06823980969943831,0.2612275056333814,0.06846702237670174,0.261662038470814
279,1,train,14,0.06869423505396519,0.26209585089040455,0.06846702237670174,0.261662038470814
279,-1,train,30,0.06846702237670174,0.261662038470814,0.06846702237670174,0.261662038470814
280,0,train,16,0.07827306704748391,0.2797732421935377,0.06744233293107876,0.2596966170959467
280,1,train,14,0.05661159881467361,0.23793192054592763,0.06744233293107876,0.2596966170959467
280,-1,train,30,0.06744233293107876,0.2596966170959467,0.06744233293107876,0.2596966170959467
281,0,train,16,0.09203647151959034,0.30337513332438826,0.06615703515607407,0.25721009924976523
281,1,train,14,0.040277598792557816,0.20069279706197185,0.06615703515607407,0.25721009924976523
281,-1,train,30,0.06615703515607407,0.25721009924976523,0.06615703515607407,0.25721009924976523
282,0,train,16,0.08564267472073149,0.2926476972756346,0.06631639463593084,0.257519697568809
282,1,train,14,0.04699011455113019,0.21677203360011685,0.06631639463593084,0.257519697568809
282,-1,train,30,0.06631639463593084,0.257519697568809,0.06631639463593084,0.257519697568809
283,0,train,16,0.05221148394171247,0.22849832371751103,0.0684169279205937,0.26156629737141923
283,1,train,14,0.08462237189947494,0.2908992469902164,0.0684169279205937,0.26156629737141923
283,-1,train,30,0.0684169279205937,0.26156629737141923,0.0684169279205937,0.26156629737141923
284,0,train,16,0.07489275790447215,0.2736654123276673,0.06650283843901701,0.2578814426030245
284,1,train,14,0.05811291897356187,0.24106621284112353,0.06650283843901701,0.2578814426030245
284,-1,train,30,0.06650283843901701,0.2578814426030245,0.06650283843901701,0.2578814426030245
285,0,train,16,0.09146193749016567,0.30242674731274294,0.06503197014545413,0.2550136665856442
285,1,train,14,0.03860200280074259,0.19647392397145882,0.06503197014545413,0.2550136665856442
285,-1,train,30,0.06503197014545413,0.2550136665856442,0.06503197014545413,0.2550136665856442
286,0,train,16,0.0678237847284673,0.2604299996706741,0.06644156240659994,0.2577626086277836
286,1,train,14,0.06505934008473259,0.25506732461201803,0.06644156240659994,0.2577626086277836
286,-1,train,30,0.06644156240659994,0.2577626086277836,0.06644156240659994,0.2577626086277836
287,0,train,16,0.0673252714449331,0.25947113798057214,0.06619805358621289,0.25728982410156237
287,1,train,14,0.06507083572749267,0.25508985814315055,0.06619805358621289,0.25728982410156237
287,-1,train,30,0.06619805358621289,0.25728982410156237,0.06619805358621289,0.25728982410156237
288,0,train,16,0.03608669862272249,0.18996499315063944,0.06816361653566785,0.26108162810827545
288,1,train,14,0.10024053444861321,0.31660785594898494,0.06816361653566785,0.26108162810827545
288,-1,train,30,0.06816361653566785,0.26108162810827545,0.06816361653566785,0.26108162810827545
289,0,train,16,0.060421434507744766,0.24580771856828412,0.06614904015228984,0.2571945570036229
289,1,train,14,0.07187664579683492,0.26809820177844335,0.06614904015228984,0.2571945570036229
289,-1,train,30,0.06614904015228984,0.2571945570036229,0.06614904015228984,0.2571945570036229
290,0,train,16,0.0566199363461645,0.23794944073513705,0.06615455799389683,0.25720528375967866
290,1,train,14,0.07568917964162916,0.27511666551052333,0.06615455799389683,0.25720528375967866
290,-1,train,30,0.06615455799389683,0.25720528375967866,0.06615455799389683,0.25720528375967866
291,0,train,16,0.04971076715458484,0.2229591154328184,0.06638238904234094,0.25764780038327695
291,1,train,14,0.08305401093009704,0.2881909279108158,0.06638238904234094,0.25764780038327695
291,-1,train,30,0.06638238904234094,0.25764780038327695,0.06638238904234094,0.25764780038327695
292,0,train,16,0.04783905091311588,0.2187214002175276,0.06625728037284379,0.2574048957825857
292,1,train,14,0.08467550983257169,0.29099056656972866,0.06625728037284379,0.2574048957825857
292,-1,train,30,0.06625728037284379,0.2574048957825857,0.06625728037284379,0.2574048957825857
293,0,train,16,0.042272209952411495,0.20560206699450154,0.0664014575004623,0.25768480261835836
293,1,train,14,0.0905307050485131,0.3008832083192964,0.0664014575004623,0.25768480261835836
293,-1,train,30,0.0664014575004623,0.25768480261835836,0.0664014575004623,0.25768480261835836
294,0,train,16,0.07616354951571633,0.27597744385314593,0.06372461855799415,0.2524373557102715
294,1,train,14,0.05128568760027196,0.22646343545983744,0.06372461855799415,0.2524373557102715
294,-1,train,30,0.06372461855799415,0.2524373557102715,0.06372461855799415,0.2524373557102715
295,0,train,16,0.05515351376437263,0.23484785237334538,0.06497824188946859,0.25490830094264993
295,1,train,14,0.07480297001456455,0.27350131629402546,0.06497824188946859,0.25490830094264993
295,-1,train,30,0.06497824188946859,0.25490830094264993,0.06497824188946859,0.25490830094264993
296,0,train,16,0.07337973981013167,0.27088695023963716,0.06343020395257037,0.2518535367084814
296,1,train,14,0.05348066809500908,0.23125887679180895,0.06343020395257037,0.2518535367084814
296,-1,train,30,0.06343020395257037,0.2518535367084814,0.06343020395257037,0.2518535367084814
297,0,train,16,0.061027141720792405,0.24703672140147992,0.06407528563044167,0.2531309653725551
297,1,train,14,0.06712342954009093,0.2590818973608363,0.06407528563044167,0.2531309653725551
297,-1,train,30,0.06407528563044167,0.2531309653725551,0.06407528563044167,0.2531309653725551
298,0,train,16,0.03416864762971511,0.18484763355183942,0.06575865032494657,0.2564344951931128
298,1,train,14,0.09734865302017803,0.3120074566740001,0.06575865032494657,0.2564344951931128
298,-1,train,30,0.06575865032494657,0.2564344951931128,0.06575865032494657,0.2564344951931128
299,0,train,16,0.07116319639071626,0.26676430868974255,0.06287452096987876,0.25074792316164607
299,1,train,14,0.05458584554904126,0.233636139218746,0.06287452096987876,0.25074792316164607
299,-1,train,30,0.06287452096987876,0.25074792316164607,0.06287452096987876,0.25074792316164607
300,0,train,16,0.09228048972826723,0.30377703950145285,0.061134480477512604,0.24725387858942194
300,1,train,14,0.02998847122675797,0.17317179685721912,0.061134480477512604,0.24725387858942194
300,-1,train,30,0.061134480477512604,0.24725387858942194,0.061134480477512604,0.24725387858942194
301,0,train,16,0.08957635748542703,0.2992930962876141,0.061100239543157506,0.24718462642963357
301,1,train,14,0.03262412160088798,0.18062148709632522,0.061100239543157506,0.24718462642963357
301,-1,train,30,0.061100239543157506,0.24718462642963357,0.061100239543157506,0.24718462642963357
302,0,train,16,0.055386182162365745,0.2353426909049137,0.0633209022879942,0.2516364486476357
302,1,train,14,0.07125562241362264,0.26693748783867477,0.0633209022879942,0.2516364486476357
302,-1,train,30,0.0633209022879942,0.2516364486476357,0.0633209022879942,0.2516364486476357
303,0,train,16,0.07963045689393337,0.28218869023037296,0.061364319109584176,0.2477182252269384
303,1,train,14,0.043098181325234984,0.2076010147500127,0.061364319109584176,0.2477182252269384
303,-1,train,30,0.061364319109584176,0.2477182252269384,0.061364319109584176,0.2477182252269384
304,0,train,16,0.07497186041635757,0.2738098983169848,0.06147874684880334,0.247949081161442
304,1,train,14,0.04798563328124911,0.2190562331485893,0.06147874684880334,0.247949081161442
304,-1,train,30,0.06147874684880334,0.247949081161442,0.06147874684880334,0.247949081161442
305,0,train,16,0.06698020233789027,0.25880533676470097,0.06183561524387257,0.24866768033637296
305,1,train,14,0.056691028149854876,0.2380987781359973,0.06183561524387257,0.24866768033637296
305,-1,train,30,0.06183561524387257,0.24866768033637296,0.06183561524387257,0.24866768033637296
306,0,train,16,0.055011750067836644,0.23454583788214328,0.062481494661123946,0.2499629865822617
306,1,train,14,0.06995123925441125,0.2644829659059563,0.062481494661123946,0.2499629865822617
306,-1,train,30,0.062481494661123946,0.2499629865822617,0.062481494661123946,0.2499629865822617
307,0,train,16,0.063913683386721,0.25281155706715824,0.06163310948889564,0.2482601649256192
307,1,train,14,0.059352535591070274,0.24362375826480936,0.06163310948889564,0.2482601649256192
307,-1,train,30,0.06163310948889564,0.2482601649256192,0.06163310948889564,0.2482601649256192
308,0,train,16,0.04816563589835777,0.21946670794987966,0.06255509275888474,0.2501101612467689
308,1,train,14,0.07694454961941172,0.2773888058653624,0.06255509275888474,0.2501101612467689
308,-1,train,30,0.06255509275888474,0.2501101612467689,0.06255509275888474,0.2501101612467689
309,0,train,16,0.05056647707081865,0.2248699114395224,0.06218189838097636,0.24936298518620673
309,1,train,14,0.07379731969113407,0.27165662092268994,0.06218189838097636,0.24936298518620673
309,-1,train,30,0.06218189838097636,0.24936298518620673,0.06218189838097636,0.24936298518620673
310,0,train,16,0.0474438670216848,0.2178161312246749,0.062203123387369955,0.249405540009379
310,1,train,14,0.0769623797530551,0.2774209432488021,0.062203123387369955,0.249405540009379
310,-1,train,30,0.062203123387369955,0.249405540009379,0.062203123387369955,0.249405540009379
311,0,train,16,0.06630717889375452,0.2575018036708763,0.06065623673641038,0.2462848690772748
311,1,train,14,0.055005294579066236,0.2345320758000198,0.06065623673641038,0.2462848690772748
311,-1,train,30,0.06065623673641038,0.2462848690772748,0.06065623673641038,0.2462848690772748
312,0,train,16,0.08559451654945167,0.2925654055924105,0.059084352028121345,0.24307272991456969
312,1,train,14,0.03257418750679102,0.18048320560869652,0.059084352028121345,0.24307272991456969
312,-1,train,30,0.059084352028121345,0.24307272991456969,0.059084352028121345,0.24307272991456969
313,0,train,16,0.021253912543960418,0.14578721666854202,0.06350022435178336,0.25199250852313715
313,1,train,14,0.1057465361596063,0.325186924951798,0.06350022435178336,0.25199250852313715
313,-1,train,30,0.06350022435178336,0.25199250852313715,0.06350022435178336,0.25199250852313715
314,0,train,16,0.08751307159560374,0.29582608335913135,0.058568181090430785,0.24200863846241272
314,1,train,14,0.029623290585257832,0.17211417891986072,0.058568181090430785,0.24200863846241272
314,-1,train,30,0.058568181090430785,0.24200863846241272,0.058568181090430785,0.24200863846241272
315,0,train,16,0.0385733494724015,0.1964009915260142,0.061881451719997975,0.24875982738375982
315,1,train,14,0.08518955396759445,0.29187249607935734,0.061881451719997975,0.24875982738375982
315,-1,train,30,0.061881451719997975,0.24875982738375982,0.061881451719997975,0.24875982738375982
316,0,train,16,0.0887579849276058,0.29792278349868745,0.0581121635280487,0.24106464595217753
316,1,train,14,0.02746634212849161,0.16572972614619144,0.0581121635280487,0.24106464595217753
316,-1,train,30,0.0581121635280487,0.24106464595217753,0.0581121635280487,0.24106464595217753
317,0,train,16,0.046883848807983665,0.21652678542846301,0.060927096568446096,0.2468341478978265
317,1,train,14,0.07497034432890852,0.2738071297992595,0.060927096568446096,0.2468341478978265
317,-1,train,30,0.060927096568446096,0.2468341478978265,0.060927096568446096,0.2468341478978265
318,0,train,16,0.04170655067813387,0.20422181734117897,0.06112114398569014,0.24722690789169804
318,1,train,14,0.08053573729324641,0.28378819089815277,0.06112114398569014,0.24722690789169804
318,-1,train,30,0.06112114398569014,0.24722690789169804,0.06112114398569014,0.24722690789169804
319,0,train,16,0.08815190291221452,0.29690386139660513,0.057624402808238565,0.24005083380034023
319,1,train,14,0.027096902704262613,0.16461136869688744,0.057624402808238565,0.24005083380034023
319,-1,train,30,0.057624402808238565,0.24005083380034023,0.057624402808238565,0.24005083380034023
320,0,train,16,0.06107501498675292,0.2471335974463062,0.05938754763038413,0.2436956044543769
320,1,train,14,0.05770008027401535,0.24020841008177743,0.05938754763038413,0.2436956044543769
320,-1,train,30,0.05938754763038413,0.2436956044543769,0.05938754763038413,0.2436956044543769
321,0,train,16,0.054012011335758586,0.23240484361509892,0.05972391806458593,0.24438477461696734
321,1,train,14,0.06543582479341327,0.25580427047532506,0.05972391806458593,0.24438477461696734
321,-1,train,30,0.05972391806458593,0.24438477461696734,0.05972391806458593,0.24438477461696734
322,0,train,16,0.057696503012885265,0.2402009638050715,0.059294234251231245,0.24350407440375868
322,1,train,14,0.06089196548957722,0.24676297430849956,0.059294234251231245,0.24350407440375868
322,-1,train,30,0.059294234251231245,0.24350407440375868,0.059294234251231245,0.24350407440375868
323,0,train,16,0.02248791390728985,0.14995970761271124,0.06165832953617315,0.24831095331493766
323,1,train,14,0.10082874516505645,0.31753542348068264,0.06165832953617315,0.24831095331493766
323,-1,train,30,0.06165832953617315,0.24831095331493766,0.06165832953617315,0.24831095331493766
324,0,train,16,0.04592917216443226,0.21431092404362465,0.059810474020373774,0.24456180000231798
324,1,train,14,0.0736917758763153,0.27146229181290593,0.059810474020373774,0.24456180000231798
324,-1,train,30,0.059810474020373774,0.24456180000231798,0.059810474020373774,0.24456180000231798
325,0,train,16,0.0685475429920585,0.2618158570294368,0.0580346738126027,0.24090386840522654
325,1,train,14,0.04752180463314691,0.2179949646967721,0.0580346738126027,0.24090386840522654
325,-1,train,30,0.0580346738126027,0.24090386840522654,0.0580346738126027,0.24090386840522654
326,0,train,16,0.05379332239696141,0.2319338750526999,0.05893516841208444,0.24276566563681207
326,1,train,14,0.06407701442720747,0.2531343801762366,0.05893516841208444,0.24276566563681207
326,-1,train,30,0.05893516841208444,0.24276566563681207,0.05893516841208444,0.24276566563681207
327,0,train,16,0.023232764896378807,0.152422980210921,0.060977667188675394,0.24693656511070894
327,1,train,14,0.09872256948097198,0.31420147911964386,0.060977667188675394,0.24693656511070894
327,-1,train,30,0.060977667188675394,0.24693656511070894,0.060977667188675394,0.24693656511070894
328,0,train,16,0.06536155872812603,0.25565906736927213,0.05780176492967036,0.2404199761452246
328,1,train,14,0.050241971131214695,0.22414720861794085,0.05780176492967036,0.2404199761452246
328,-1,train,30,0.05780176492967036,0.2404199761452246,0.05780176492967036,0.2404199761452246
329,0,train,16,0.06239937046171947,0.24979865984772512,0.05786572237988047,0.24055295130153875
329,1,train,14,0.05333207429804147,0.2309373817683951,0.05786572237988047,0.24055295130153875
329,-1,train,30,0.05786572237988047,0.24055295130153875,0.05786572237988047,0.24055295130153875
330,0,train,16,0.03940397787103244,0.19850435227226743,0.05936270566444139,0.24364462986990168
330,1,train,14,0.07932143345785035,0.281640610455684,0.05936270566444139,0.24364462986990168
330,-1,train,30,0.05936270566444139,0.24364462986990168,0.05936270566444139,0.24364462986990168
331,0,train,16,0.06592318602476614,0.25675510905289917,0.057324209905398604,0.23942474789670054
331,1,train,14,0.048725233786031066,0.22073793010271495,0.057324209905398604,0.23942474789670054
331,-1,train,30,0.057324209905398604,0.23942474789670054,0.057324209905398604,0.23942474789670054
332,0,train,16,0.04972690855677889,0.22299531061611785,0.058343194999077766,0.2415433604947107
332,1,train,14,0.06695948144137664,0.2587653018497199,0.058343194999077766,0.2415433604947107
332,-1,train,30,0.058343194999077766,0.2415433604947107,0.058343194999077766,0.2415433604947107
333,0,train,16,0.04923294874928542,0.22188498991433697,0.05823615968334353,0.24132169335421036
333,1,train,14,0.06723937061740165,0.2593055545440584,0.05823615968334353,0.24132169335421036
333,-1,train,30,0.05823615968334353,0.24132169335421036,0.05823615968334353,0.24132169335421036
334,0,train,16,0.04514106959898467,0.21246427840694698,0.058395730485782976,0.24165208562266327
334,1,train,14,0.07165039137258128,0.2676759073442757,0.058395730485782976,0.24165208562266327
334,-1,train,30,0.058395730485782976,0.24165208562266327,0.058395730485782976,0.24165208562266327
335,0,train,16,0.06846701366361424,0.2616620218213072,0.05659084826472169,0.237888310483558
335,1,train,14,0.044714682865829136,0.21145846605380722,0.05659084826472169,0.237888310483558
335,-1,train,30,0.05659084826472169,0.237888310483558,0.05659084826472169,0.237888310483558
336,0,train,16,0.07016290330525914,0.2648828105129873,0.056337177834832164,0.23735454037121803
336,1,train,14,0.0425114523644052,0.2061830554735408,0.056337177834832164,0.23735454037121803
336,-1,train,30,0.056337177834832164,0.23735454037121803,0.056337177834832164,0.23735454037121803
337,0,train,16,0.06430376647443861,0.25358187331597387,0.056625694103057775,0.23796153912567
337,1,train,14,0.04894762173167694,0.22124109412963255,0.056625694103057775,0.23796153912567
337,-1,train,30,0.056625694103057775,0.23796153912567,0.056625694103057775,0.23796153912567
338,0,train,16,0.07402182437612197,0.27206952121860684,0.055802556177910925,0.23622564674038027
338,1,train,14,0.03758328797969989,0.19386409667522217,0.055802556177910925,0.23622564674038027
338,-1,train,30,0.055802556177910925,0.23622564674038027,0.055802556177910925,0.23622564674038027
339,0,train,16,0.049580770522496015,0.22266739887665643,0.057422358996579215,0.2396296287953124
339,1,train,14,0.06526394747066241,0.25546809481941657,0.057422358996579215,0.2396296287953124
339,-1,train,30,0.057422358996579215,0.2396296287953124,0.057422358996579215,0.2396296287953124
340,0,train,16,0.036708020465486914,0.19159337270763546,0.058222402817530355,0.24129318850214226
340,1,train,14,0.0797367851695738,0.2823770266320789,0.058222402817530355,0.24129318850214226
340,-1,train,30,0.058222402817530355,0.24129318850214226,0.058222402817530355,0.24129318850214226
341,0,train,16,0.07024445602178865,0.26503670693281084,0.055699612693384,0.2360076538872924
341,1,train,14,0.04115476936497934,0.20286638303321558,0.055699612693384,0.2360076538872924
341,-1,train,30,0.055699612693384,0.2360076538872924,0.055699612693384,0.2360076538872924
342,0,train,16,0.051210134208863105,0.22629656252109334,0.05693976780232138,0.23862055192778633
342,1,train,14,0.06266940139577966,0.2503385735274923,0.05693976780232138,0.23862055192778633
342,-1,train,30,0.05693976780232138,0.23862055192778633,0.05693976780232138,0.23862055192778633
343,0,train,16,0.08573143756646828,0.29279931278346316,0.05435524266857539,0.23314210831288154
343,1,train,14,0.02297904777068249,0.15158841568761938,0.05435524266857539,0.23314210831288154
343,-1,train,30,0.05435524266857539,0.23314210831288154,0.05435524266857539,0.23314210831288154
344,0,train,16,0.05281099682293131,0.22980643338020657,0.056591418834745486,0.23788950971983924
344,1,train,14,0.06037184084655965,0.245706818884946,0.056591418834745486,0.23788950971983924
344,-1,train,30,0.056591418834745486,0.23788950971983924,0.056591418834745486,0.23788950971983924
345,0,train,16,0.07283600502946878,0.26988146477568403,0.05504574470080874,0.23461829575037138
345,1,train,14,0.03725548437214869,0.19301679816054532,0.05504574470080874,0.23461829575037138
345,-1,train,30,0.05504574470080874,0.23461829575037138,0.05504574470080874,0.23461829575037138
346,0,train,16,0.05907884323211884,0.24306139807077312,0.0559175486287775,0.23646891683427973
346,1,train,14,0.05275625402543617,0.2296872961777298,0.0559175486287775,0.23646891683427973
346,-1,train,30,0.0559175486287775,0.23646891683427973,0.0559175486287775,0.23646891683427973
347,0,train,16,0.03422459524454296,0.184998906063098,0.05758279895300722,0.2399641618096486
347,1,train,14,0.08094100266147149,0.2845013227763124,0.05758279895300722,0.2399641618096486
347,-1,train,30,0.05758279895300722,0.2399641618096486,0.05758279895300722,0.2399641618096486
348,0,train,16,0.06583292468722941,0.25657927563860145,0.055214722658265034,0.2349781322980184
348,1,train,14,0.044596520629300654,0.21117888300988016,0.055214722658265034,0.2349781322980184
348,-1,train,30,0.055214722658265034,0.2349781322980184,0.055214722658265034,0.2349781322980184
349,0,train,16,0.09000923888900159,0.30001539775318464,0.053382962232726344,0.2310475324099488
349,1,train,14,0.016756685576451096,0.12944761711383912,0.053382962232726344,0.2310475324099488
349,-1,train,30,0.053382962232726344,0.2310475324099488,0.053382962232726344,0.2310475324099488
350,0,train,16,0.06068879996081478,0.2463509690681463,0.05537007397263523,0.23530846557792015
350,1,train,14,0.05005134798445569,0.22372158587059873,0.05537007397263523,0.23530846557792015
350,-1,train,30,0.05537007397263523,0.23530846557792015,0.05537007397263523,0.23530846557792015
351,0,train,16,0.07099401823337732,0.2664470270680034,0.05453210902836048,0.23352111045548
351,1,train,14,0.03807019982334364,0.19511586256207783,0.05453210902836048,0.23352111045548
351,-1,train,30,0.05453210902836048,0.23352111045548,0.05453210902836048,0.23352111045548
352,0,train,16,0.05939130914179442,0.24370332197529523,0.055257706539944065,0.23506957808262657
352,1,train,14,0.05112410393809372,0.22610639959561896,0.055257706539944065,0.23506957808262657
352,-1,train,30,0.055257706539944065,0.23506957808262657,0.055257706539944065,0.23506957808262657
353,0,train,16,0.06420577085706862,0.2533885768085622,0.05481452141450445,0.2341250123641309
353,1,train,14,0.04542327197194027,0.2131273609181615,0.05481452141450445,0.2341250123641309
353,-1,train,30,0.05481452141450445,0.2341250123641309,0.05481452141450445,0.2341250123641309
354,0,train,16,0.06457511039430329,0.25411633240369125,0.05468968534967657,0.23385825910084204
354,1,train,14,0.04480426030504984,0.21167016867062263,0.05468968534967657,0.23385825910084204
354,-1,train,30,0.05468968534967657,0.23385825910084204,0.05468968534967657,0.23385825910084204
355,0,train,16,0.04978564334052842,0.22312696686086247,0.055649456324636096,0.2359013699083498
355,1,train,14,0.061513269308743776,0.2480186874183955,0.055649456324636096,0.2359013699083498
355,-1,train,30,0.055649456324636096,0.2359013699083498,0.055649456324636096,0.2359013699083498
356,0,train,16,0.045613149811239394,0.21357235263778734,0.055853163828491675,0.23633273964580462
356,1,train,14,0.06609317784574395,0.257085934748955,0.055853163828491675,0.23633273964580462
356,-1,train,30,0.055853163828491675,0.23633273964580462,0.055853163828491675,0.23633273964580462
357,0,train,16,0.05742585056043739,0.23963691401876588,0.054917016830234006,0.23434380049455972
357,1,train,14,0.05240818310003063,0.22892833616664982,0.054917016830234006,0.23434380049455972
357,-1,train,30,0.054917016830234006,0.23434380049455972,0.054917016830234006,0.23434380049455972
358,0,train,16,0.08927543744595072,0.2987899553966812,0.052550668348682314,0.22923932548470455
358,1,train,14,0.015825899251413904,0.12580103040680513,0.052550668348682314,0.22923932548470455
358,-1,train,30,0.052550668348682314,0.22923932548470455,0.052550668348682314,0.22923932548470455
359,0,train,16,0.03082450552828896,0.17556909046950422,0.056635512801467995,0.23798216908303865
359,1,train,14,0.08244652007464703,0.2871350206342776,0.056635512801467995,0.23798216908303865
359,-1,train,30,0.056635512801467995,0.23798216908303865,0.056635512801467995,0.23798216908303865
360,0,train,16,0.0333035282114288,0.18249254289265848,0.05637365209349447,0.23743136291040928
360,1,train,14,0.07944377597556014,0.2818577229304887,0.05637365209349447,0.23743136291040928
360,-1,train,30,0.05637365209349447,0.23743136291040928,0.05637365209349447,0.23743136291040928
361,0,train,16,0.0593561222027735,0.2436311191181732,0.05442163295097001,0.23328444644032745
361,1,train,14,0.04948714369916653,0.22245706034910767,0.05442163295097001,0.23328444644032745
361,-1,train,30,0.05442163295097001,0.23328444644032745,0.05442163295097001,0.23328444644032745
362,0,train,16,0.03351354861808678,0.1830670604398475,0.05618508746156067,0.23703393736248124
362,1,train,14,0.07885662630503457,0.2808142202685515,0.05618508746156067,0.23703393736248124
362,-1,train,30,0.05618508746156067,0.23703393736248124,0.05618508746156067,0.23703393736248124
363,0,train,16,0.03566087659062878,0.18884087637645824,0.05594497334921289,0.23652689772880567
363,1,train,14,0.07622907010779699,0.2760961247605569,0.05594497334921289,0.23652689772880567
363,-1,train,30,0.05594497334921289,0.23652689772880567,0.05594497334921289,0.23652689772880567
364,0,train,16,0.06637299341725757,0.2576295662715317,0.05366906406431418,0.2316658457009021
364,1,train,14,0.0409651347113708,0.20239845530875675,0.05366906406431418,0.2316658457009021
364,-1,train,30,0.05366906406431418,0.2316658457009021,0.05366906406431418,0.2316658457009021
365,0,train,16,0.07137196401303647,0.267155318144776,0.053230382802966617,0.23071710557079772
365,1,train,14,0.03508880159289677,0.18732005123023207,0.053230382802966617,0.23071710557079772
365,-1,train,30,0.053230382802966617,0.23071710557079772,0.053230382802966617,0.23071710557079772
366,0,train,16,0.043515890712025544,0.20860462773396363,0.05514532612930585,0.2348304199402323
366,1,train,14,0.06677476154658615,0.2584081297997146,0.05514532612930585,0.2348304199402323
366,-1,train,30,0.05514532612930585,0.2348304199402323,0.05514532612930585,0.2348304199402323
367,0,train,16,0.0742425471568835,0.2724748560085563,0.0528672722570851,0.22992884172518485
367,1,train,14,0.03149199735728671,0.17745984716911797,0.0528672722570851,0.22992884172518485
367,-1,train,30,0.0528672722570851,0.22992884172518485,0.0528672722570851,0.22992884172518485
368,0,train,16,0.02327627676701276,0.1525656474014146,0.0564345770433554,0.2375596283953892
368,1,train,14,0.08959287731969805,0.29932069310306303,0.0564345770433554,0.2375596283953892
368,-1,train,30,0.0564345770433554,0.2375596283953892,0.0564345770433554,0.2375596283953892
369,0,train,16,0.0664201867920393,0.2577211415309953,0.05327337582411969,0.23081025935629396
369,1,train,14,0.040126564856200066,0.20031616224408869,0.05327337582411969,0.23081025935629396
369,-1,train,30,0.05327337582411969,0.23081025935629396,0.05327337582411969,0.23081025935629396
370,0,train,16,0.03194811017528102,0.17874034288677254,0.05566219640422097,0.23592837134228042
370,1,train,14,0.07937628263316092,0.28173796803618945,0.05566219640422097,0.23592837134228042
370,-1,train,30,0.05566219640422097,0.23592837134228042,0.05566219640422097,0.23592837134228042
371,0,train,16,0.034418473365333296,0.1855221640810965,0.055414635098548846,0.23540313315363678
371,1,train,14,0.0764107968317644,0.2764250293149381,0.055414635098548846,0.23540313315363678
371,-1,train,30,0.055414635098548846,0.23540313315363678,0.055414635098548846,0.23540313315363678
372,0,train,16,0.07178251328539223,0.2679225882328555,0.05267307463010454,0.22950615379571968
372,1,train,14,0.03356363597481685,0.18320380993531998,0.05267307463010454,0.22950615379571968
372,-1,train,30,0.05267307463010454,0.22950615379571968,0.05267307463010454,0.22950615379571968
373,0,train,16,0.052325575881465664,0.22874784344659002,0.05399081826145206,0.23235924397676125
373,1,train,14,0.05565606064143845,0.235915367539799,0.05399081826145206,0.23235924397676125
373,-1,train,30,0.05399081826145206,0.23235924397676125,0.05399081826145206,0.23235924397676125
374,0,train,16,0.056212572198137446,0.23709190664832372,0.05364394062274441,0.23161161590633664
374,1,train,14,0.051075309047351386,0.22599847133852782,0.05364394062274441,0.23161161590633664
374,-1,train,30,0.05364394062274441,0.23161161590633664,0.05364394062274441,0.23161161590633664
375,0,train,16,0.06322514510973927,0.2514461077641475,0.05307513789918206,0.23038041995617176
375,1,train,14,0.042925130688624843,0.20718380894419536,0.05307513789918206,0.23038041995617176
375,-1,train,30,0.05307513789918206,0.23038041995617176,0.05307513789918206,0.23038041995617176
376,0,train,16,0.030872122861677103,0.17570464667070448,0.05532019626518857,0.23520245803390016
376,1,train,14,0.07976826966870003,0.2824327701749569,0.05532019626518857,0.23520245803390016
376,-1,train,30,0.05532019626518857,0.23520245803390016,0.05532019626518857,0.23520245803390016
377,0,train,16,0.045178592360753424,0.21255256375954026,0.05423117286198052,0.23287587436654
377,1,train,14,0.06328375336320761,0.25156262314423344,0.05423117286198052,0.23287587436654
377,-1,train,30,0.05423117286198052,0.23287587436654,0.05423117286198052,0.23287587436654
378,0,train,16,0.024042042852326004,0.15505496719655906,0.05567848276196416,0.23596288428895795
378,1,train,14,0.08731492267160232,0.29549098577046695,0.05567848276196416,0.23596288428895795
378,-1,train,30,0.05567848276196416,0.23596288428895795,0.05567848276196416,0.23596288428895795
379,0,train,16,0.056386461057863956,0.23745833541458164,0.05330185218817095,0.2308719389362227
379,1,train,14,0.05021724331847793,0.2240920420686061,0.05330185218817095,0.2308719389362227
379,-1,train,30,0.05330185218817095,0.2308719389362227,0.05330185218817095,0.2308719389362227
380,0,train,16,0.07303017894483531,0.27024096459425856,0.05205293458859969,0.22815112226022402
380,1,train,14,0.03107569023236408,0.17628298338853945,0.05205293458859969,0.22815112226022402
380,-1,train,30,0.05205293458859969,0.22815112226022402,0.05205293458859969,0.22815112226022402
381,0,train,16,0.062252449748217496,0.24950440827411746,0.052759121977293544,0.22969353925892985
381,1,train,14,0.043265794206369584,0.20800431295136546,0.052759121977293544,0.22969353925892985
381,-1,train,30,0.052759121977293544,0.22969353925892985,0.052759121977293544,0.22969353925892985
382,0,train,16,0.05970561351739049,0.24434732148601607,0.05288041161352717,0.22995741260835054
382,1,train,14,0.04605520970966385,0.21460477559845645,0.05288041161352717,0.22995741260835054
382,-1,train,30,0.05288041161352717,0.22995741260835054,0.05288041161352717,0.22995741260835054
383,0,train,16,0.05724354860396913,0.23925624047027305,0.052996891681442046,0.23021053772892772
383,1,train,14,0.04875023475891496,0.2207945532818121,0.052996891681442046,0.23021053772892772
383,-1,train,30,0.052996891681442046,0.23021053772892772,0.052996891681442046,0.23021053772892772
384,0,train,16,0.03027026362951073,0.17398351539588666,0.054865709683184924,0.23423430509467422
384,1,train,14,0.07946115573685912,0.28188855197907403,0.054865709683184924,0.23423430509467422
384,-1,train,30,0.054865709683184924,0.23423430509467422,0.054865709683184924,0.23423430509467422
385,0,train,16,0.05733556225769534,0.23944845428128228,0.05287392601840686,0.22994331044500263
385,1,train,14,0.04841228977911838,0.22002792954331588,0.05287392601840686,0.22994331044500263
385,-1,train,30,0.05287392601840686,0.22994331044500263,0.05287392601840686,0.22994331044500263
386,0,train,16,0.061089437446853107,0.24716277520462726,0.05255036327806811,0.2292386600860948
386,1,train,14,0.044011289109283126,0.2097886772666321,0.05255036327806811,0.2292386600860948
386,-1,train,30,0.05255036327806811,0.2292386600860948,0.05255036327806811,0.2292386600860948
387,0,train,16,0.0687815267339855,0.26226232427473356,0.051944187428089345,0.22791267500533915
387,1,train,14,0.03510684812219319,0.18736821534666223,0.051944187428089345,0.22791267500533915
387,-1,train,30,0.051944187428089345,0.22791267500533915,0.051944187428089345,0.22791267500533915
388,0,train,16,0.012862028161507236,0.11341088202420099,0.05588904031098113,0.23640862994184694
388,1,train,14,0.09891605246045503,0.31450922476209664,0.05588904031098113,0.23640862994184694
388,-1,train,30,0.05588904031098113,0.23640862994184694,0.05588904031098113,0.23640862994184694
389,0,train,16,0.0443202932101758,0.21052385425451386,0.053582795134832134,0.2314795782241538
389,1,train,14,0.06284529705948846,0.250689642904306,0.053582795134832134,0.2314795782241538
389,-1,train,30,0.053582795134832134,0.2314795782241538,0.053582795134832134,0.2314795782241538
390,0,train,16,0.05673447171373547,0.23818999079250888,0.052644199450320506,0.229443237970354
390,1,train,14,0.04855392718690554,0.22034955681123014,0.052644199450320506,0.229443237970354
390,-1,train,30,0.052644199450320506,0.229443237970354,0.052644199450320506,0.229443237970354
391,0,train,16,0.032210040158908285,0.1794715580778979,0.054343092283123055,0.2331160489608621
391,1,train,14,0.07647614440733783,0.27654320531761006,0.054343092283123055,0.2331160489608621
391,-1,train,30,0.054343092283123055,0.2331160489608621,0.054343092283123055,0.2331160489608621
392,0,train,16,0.05244649811982357,0.22901200431379917,0.052846572356711495,0.22988382360816842
392,1,train,14,0.05324664659359942,0.23075234905326408,0.052846572356711495,0.22988382360816842
392,-1,train,30,0.052846572356711495,0.22988382360816842,0.052846572356711495,0.22988382360816842
393,0,train,16,0.02494137392304005,0.15792838225930148,0.05476407127735944,0.23401724568364493
393,1,train,14,0.08458676863167883,0.2908380453649055,0.05476407127735944,0.23401724568364493
393,-1,train,30,0.05476407127735944,0.23401724568364493,0.05476407127735944,0.23401724568364493
394,0,train,16,0.05869644134393983,0.24227348460766363,0.05230161864179601,0.2286954714064011
394,1,train,14,0.045906795939652204,0.21425871263417084,0.05230161864179601,0.2286954714064011
394,-1,train,30,0.05230161864179601,0.2286954714064011,0.05230161864179601,0.2286954714064011
395,0,train,16,0.048280331864093036,0.2197278586435799,0.05299627238869467,0.23020919266765755
395,1,train,14,0.0577122129132963,0.24023366315588726,0.05299627238869467,0.23020919266765755
395,-1,train,30,0.05299627238869467,0.23020919266765755,0.05299627238869467,0.23020919266765755
396,0,train,16,0.05560130537998418,0.2357992904569142,0.05242550506088868,0.22896616575574802
396,1,train,14,0.04924970474179319,0.22192274498526102,0.05242550506088868,0.22896616575574802
396,-1,train,30,0.05242550506088868,0.22896616575574802,0.05242550506088868,0.22896616575574802
397,0,train,16,0.05164019719003618,0.22724479573806786,0.0526613956596121,0.2294807086872709
397,1,train,14,0.05368259412918802,0.23169504554303275,0.0526613956596121,0.2294807086872709
397,-1,train,30,0.0526613956596121,0.2294807086872709,0.0526613956596121,0.2294807086872709
398,0,train,16,0.06592622239486713,0.25676102195400907,0.05159656479305868,0.22714877237849795
398,1,train,14,0.037266907191250226,0.19304638611289834,0.05159656479305868,0.22714877237849795
398,-1,train,30,0.05159656479305868,0.22714877237849795,0.05159656479305868,0.22714877237849795
399,0,train,16,0.05603413845323892,0.2367153109818605,0.052255642252482803,0.22859493050477475
399,1,train,14,0.04847714605172669,0.22017526212480523,0.052255642252482803,0.22859493050477475
399,-1,train,30,0.052255642252482803,0.22859493050477475,0.052255642252482803,0.22859493050477475
400,0,train,16,0.055093547761537374,0.23472014775373964,0.05227803469280874,0.2286439036860785
400,1,train,14,0.04946252162408011,0.22240171227776126,0.05227803469280874,0.2286439036860785
400,-1,train,30,0.05227803469280874,0.2286439036860785,0.05227803469280874,0.2286439036860785
401,0,train,16,0.05052492375384001,0.2247774983263227,0.05256023986025851,0.22926020121307256
401,1,train,14,0.054595555966677006,0.23365691936400473,0.05256023986025851,0.22926020121307256
401,-1,train,30,0.05256023986025851,0.22926020121307256,0.05256023986025851,0.22926020121307256
402,0,train,16,0.030267090734604162,0.17397439677896331,0.0539653029520665,0.23230433261578765
402,1,train,14,0.07766351516952884,0.2786817453108991,0.0539653029520665,0.23230433261578765
402,-1,train,30,0.0539653029520665,0.23230433261578765,0.0539653029520665,0.23230433261578765
403,0,train,16,0.044200724956890064,0.21023968454335654,0.05292706463611841,0.23005882864197671
403,1,train,14,0.06165340431534676,0.24830103567111184,0.05292706463611841,0.23005882864197671
403,-1,train,30,0.05292706463611841,0.23005882864197671,0.05292706463611841,0.23005882864197671
404,0,train,16,0.06422790295604815,0.25343224529654496,0.05145453915501236,0.2268359300353724
404,1,train,14,0.03868117535397656,0.19667530438257,0.05145453915501236,0.2268359300353724
404,-1,train,30,0.05145453915501236,0.2268359300353724,0.05145453915501236,0.2268359300353724
405,0,train,16,0.04868095538113895,0.22063761098493373,0.05252474563875267,0.22918277779700785
405,1,train,14,0.0563685358963664,0.2374205886109425,0.05252474563875267,0.22918277779700785
405,-1,train,30,0.05252474563875267,0.22918277779700785,0.05252474563875267,0.22918277779700785
406,0,train,16,0.06322590922068778,0.2514476271923992,0.05144862456417079,0.2268228925046385
406,1,train,14,0.0396713399076538,0.19917665502677215,0.05144862456417079,0.2268228925046385
406,-1,train,30,0.05144862456417079,0.2268228925046385,0.05144862456417079,0.2268228925046385
407,0,train,16,0.07362532585166152,0.2713398714742482,0.05066886450918138,0.22509745558131344
407,1,train,14,0.027712403166701233,0.1664704273037744,0.05066886450918138,0.22509745558131344
407,-1,train,30,0.05066886450918138,0.22509745558131344,0.05066886450918138,0.22509745558131344
408,0,train,16,0.0278956835049968,0.16702000929528413,0.053895311184330455,0.23215363702585073
408,1,train,14,0.07989493886366411,0.2826569278536511,0.053895311184330455,0.23215363702585073
408,-1,train,30,0.053895311184330455,0.23215363702585073,0.053895311184330455,0.23215363702585073
409,0,train,16,0.06285075625422366,0.2507005310210245,0.0513609689439217,0.2266295853235444
409,1,train,14,0.03987118163361973,0.19967769438177047,0.0513609689439217,0.2266295853235444
409,-1,train,30,0.0513609689439217,0.2266295853235444,0.0513609689439217,0.2266295853235444
410,0,train,16,0.061030416322629004,0.24704334907588385,0.05145354676579968,0.22683374256445993
410,1,train,14,0.04187667720897036,0.20463791732953687,0.05145354676579968,0.22683374256445993
410,-1,train,30,0.05145354676579968,0.22683374256445993,0.05145354676579968,0.22683374256445993
411,0,train,16,0.05643771867330435,0.23756624060102552,0.05174635386958464,0.2274782492230513
411,1,train,14,0.04705498906586494,0.21692161963682857,0.05174635386958464,0.2274782492230513
411,-1,train,30,0.05174635386958464,0.2274782492230513,0.05174635386958464,0.2274782492230513
412,0,train,16,0.07014009396869621,0.2648397514888885,0.05073362378075476,0.22524125683532037
412,1,train,14,0.031327153592813316,0.17699478408363709,0.05073362378075476,0.22524125683532037
412,-1,train,30,0.05073362378075476,0.22524125683532037,0.05073362378075476,0.22524125683532037
413,0,train,16,0.060833637876998116,0.24664476048965264,0.05136151350347689,0.22663078675121986
413,1,train,14,0.04188938912995566,0.2046689745172816,0.05136151350347689,0.22663078675121986
413,-1,train,30,0.05136151350347689,0.22663078675121986,0.05136151350347689,0.22663078675121986
414,0,train,16,0.07530930693022275,0.27442541232586815,0.050294136519818906,0.2242635425561161
414,1,train,14,0.025278966109415057,0.15899360398901288,0.050294136519818906,0.2242635425561161
414,-1,train,30,0.050294136519818906,0.2242635425561161,0.050294136519818906,0.2242635425561161
415,0,train,16,0.06933411190949343,0.2633137138652171,0.050685680378097245,0.22513480490163498
415,1,train,14,0.03203724884670106,0.1789895216114649,0.050685680378097245,0.22513480490163498
415,-1,train,30,0.050685680378097245,0.22513480490163498,0.050685680378097245,0.22513480490163498
416,0,train,16,0.0472668506015263,0.21740940780363277,0.05222874386152949,0.2285360887508349
416,1,train,14,0.057190637121532675,0.23914563998018587,0.05222874386152949,0.2285360887508349
416,-1,train,30,0.05222874386152949,0.2285360887508349,0.05222874386152949,0.2285360887508349
417,0,train,16,0.053580491867522395,0.2314746030723941,0.05174427003421313,0.2274736688810666
417,1,train,14,0.04990804820090386,0.22340109265825864,0.05174427003421313,0.2274736688810666
417,-1,train,30,0.05174427003421313,0.2274736688810666,0.05174427003421313,0.2274736688810666
418,0,train,16,0.04246169679388992,0.20606236141976517,0.052507175808813554,0.2291444431113562
418,1,train,14,0.06255265482373719,0.25010528747656896,0.052507175808813554,0.2291444431113562
418,-1,train,30,0.052507175808813554,0.2291444431113562,0.052507175808813554,0.2291444431113562
419,0,train,16,0.04271304263941882,0.20667133966619278,0.05245611773386748,0.2290330057739877
419,1,train,14,0.06219919282831613,0.24939766002975275,0.05245611773386748,0.2290330057739877
419,-1,train,30,0.05245611773386748,0.2290330057739877,0.05245611773386748,0.2290330057739877
420,0,train,16,0.03213880098950136,0.1792729789720173,0.05318148737889643,0.2306111172057766
420,1,train,14,0.07422417376829149,0.2724411381717003,0.05318148737889643,0.2306111172057766
420,-1,train,30,0.05318148737889643,0.2306111172057766,0.05318148737889643,0.2306111172057766
421,0,train,16,0.061514813640698295,0.24802180073674632,0.05105181323894613,0.22594648313028934
421,1,train,14,0.04058881283719397,0.20146665440512473,0.05105181323894613,0.22594648313028934
421,-1,train,30,0.05105181323894613,0.22594648313028934,0.05105181323894613,0.22594648313028934
422,0,train,16,0.050333276222688156,0.22435078832642455,0.05181803920808313,0.22763575995015178
422,1,train,14,0.05330280219347811,0.23087399635619016,0.05181803920808313,0.22763575995015178
422,-1,train,30,0.05181803920808313,0.22763575995015178,0.05181803920808313,0.22763575995015178
423,0,train,16,0.03551393107736265,0.18845140242874991,0.05284652427295103,0.2298837190254043
423,1,train,14,0.07017911746853941,0.26491341504072496,0.05284652427295103,0.2298837190254043
423,-1,train,30,0.05284652427295103,0.2298837190254043,0.05284652427295103,0.2298837190254043
424,0,train,16,0.05422361184395985,0.23285963979178498,0.05148037583216719,0.2268928730307922
424,1,train,14,0.048737139820374524,0.22076489716522987,0.05148037583216719,0.2268928730307922
424,-1,train,30,0.05148037583216719,0.2268928730307922,0.05148037583216719,0.2268928730307922
425,0,train,16,0.05220944855565821,0.22849386984262446,0.05159514165419054,0.22714563974285426
425,1,train,14,0.050980834752722866,0.22578935925486582,0.05159514165419054,0.22714563974285426
425,-1,train,30,0.05159514165419054,0.22714563974285426,0.05159514165419054,0.22714563974285426
426,0,train,16,0.036431765573548554,0.19087107055169086,0.05269248376772655,0.22954843447021492
426,1,train,14,0.06895320196190455,0.26258941707902955,0.05269248376772655,0.22954843447021492
426,-1,train,30,0.05269248376772655,0.22954843447021492,0.05269248376772655,0.22954843447021492
427,0,train,16,0.0701331360541108,0.26482661507883004,0.05026086597189183,0.22418935294052622
427,1,train,14,0.03038859588967287,0.17432325114474223,0.05026086597189183,0.22418935294052622
427,-1,train,30,0.05026086597189183,0.22418935294052622,0.05026086597189183,0.22418935294052622
428,0,train,16,0.0683537668545086,0.26144553324642705,0.05035605923266456,0.22440155799963726
428,1,train,14,0.03235835161082053,0.1798842728278949,0.05035605923266456,0.22440155799963726
428,-1,train,30,0.05035605923266456,0.22440155799963726,0.05035605923266456,0.22440155799963726
429,0,train,16,0.0670114261441594,0.25886565269297396,0.05042498429499769,0.22455508075970512
429,1,train,14,0.03383854244583598,0.18395255487716386,0.05042498429499769,0.22455508075970512
429,-1,train,30,0.05042498429499769,0.22455508075970512,0.05042498429499769,0.22455508075970512
430,0,train,16,0.08215367502749443,0.28662462390292714,0.049322528632795105,0.22208675924691032
430,1,train,14,0.016491382238095775,0.12841877681280015,0.049322528632795105,0.22208675924691032
430,-1,train,30,0.049322528632795105,0.22208675924691032,0.049322528632795105,0.22208675924691032
431,0,train,16,0.046818788338611916,0.2163764967333835,0.05180997712272743,0.22761805095977655
431,1,train,14,0.05680116590684295,0.23832995176192803,0.05180997712272743,0.22761805095977655
431,-1,train,30,0.05180997712272743,0.22761805095977655,0.05180997712272743,0.22761805095977655
432,0,train,16,0.07662498047355613,0.2768121754431263,0.04965630651353661,0.2228369505121101
432,1,train,14,0.022687632553517086,0.1506241433287409,0.04965630651353661,0.2228369505121101
432,-1,train,30,0.04965630651353661,0.2228369505121101,0.04965630651353661,0.2228369505121101
433,0,train,16,0.05840676517605103,0.24167491631539056,0.05092885652332211,0.22567422653755148
433,1,train,14,0.04345094787059319,0.20844890949725112,0.05092885652332211,0.22567422653755148
433,-1,train,30,0.05092885652332211,0.22567422653755148,0.05092885652332211,0.22567422653755148
434,0,train,16,0.036881494188772984,0.19204555237956691,0.05243995254962506,0.2289977129790275
434,1,train,14,0.06799841091047713,0.2607650492502343,0.05243995254962506,0.2289977129790275
434,-1,train,30,0.05243995254962506,0.2289977129790275,0.05243995254962506,0.2289977129790275
435,0,train,16,0.06273825654176797,0.250476059817636,0.05056751911645184,0.22487222842416943
435,1,train,14,0.03839678169113571,0.19595096756876632,0.05056751911645184,0.22487222842416943
435,-1,train,30,0.05056751911645184,0.22487222842416943,0.05056751911645184,0.22487222842416943
436,0,train,16,0.04782968367718788,0.21869998554455344,0.051606187527117764,0.2271699529583914
436,1,train,14,0.05538269137704764,0.2353352744002642,0.051606187527117764,0.2271699529583914
436,-1,train,30,0.051606187527117764,0.2271699529583914,0.051606187527117764,0.2271699529583914
437,0,train,16,0.05812775690286298,0.24109698650722075,0.05084656972360409,0.22549183959426133
437,1,train,14,0.0435653825443452,0.20872321994532664,0.05084656972360409,0.22549183959426133
437,-1,train,30,0.05084656972360409,0.22549183959426133,0.05084656972360409,0.22549183959426133
438,0,train,16,0.043960269812295,0.209667045127018,0.051831891036657696,0.22766618334012123
438,1,train,14,0.059703512261020386,0.24434302171541628,0.051831891036657696,0.22766618334012123
438,-1,train,30,0.051831891036657696,0.22766618334012123,0.051831891036657696,0.22766618334012123
439,0,train,16,0.062467265270747606,0.24993452196674953,0.050486006236490355,0.22469091267002847
439,1,train,14,0.038504747202233104,0.19622626532203355,0.050486006236490355,0.22469091267002847
439,-1,train,30,0.050486006236490355,0.22469091267002847,0.050486006236490355,0.22469091267002847
440,0,train,16,0.056828111971118096,0.23838647606590038,0.050864594135134,0.22553180293504949
440,1,train,14,0.04490107629914991,0.21189874067381786,0.050864594135134,0.22553180293504949
440,-1,train,30,0.050864594135134,0.22553180293504949,0.050864594135134,0.22553180293504949
441,0,train,16,0.032437212131034565,0.1801033373678416,0.0525812054992133,0.22930592120399618
441,1,train,14,0.07272519886739204,0.2696760999187582,0.0525812054992133,0.22930592120399618
441,-1,train,30,0.0525812054992133,0.22930592120399618,0.0525812054992133,0.22930592120399618
442,0,train,16,0.05228221593657854,0.22865304707477338,0.05114041269845155,0.22614246106923738
442,1,train,14,0.04999860946032456,0.22360368838712066,0.05114041269845155,0.22614246106923738
442,-1,train,30,0.05114041269845155,0.22614246106923738,0.05114041269845155,0.22614246106923738
443,0,train,16,0.04653736928683222,0.21572521708607045,0.0515268162752099,0.22699518998254103
443,1,train,14,0.056516263263587586,0.23773149405072014,0.0515268162752099,0.22699518998254103
443,-1,train,30,0.0515268162752099,0.22699518998254103,0.0515268162752099,0.22699518998254103
444,0,train,16,0.022866948859742702,0.15121821603147784,0.05319507425919221,0.2306405737488359
444,1,train,14,0.08352319965864172,0.28900380561273187,0.05319507425919221,0.2306405737488359
444,-1,train,30,0.05319507425919221,0.2306405737488359,0.05319507425919221,0.2306405737488359
445,0,train,16,0.04728321534821254,0.2174470403298526,0.05142756070237881,0.2267764553527963
445,1,train,14,0.055571906056545085,0.23573694249426644,0.05142756070237881,0.2267764553527963
445,-1,train,30,0.05142756070237881,0.2267764553527963,0.05142756070237881,0.2267764553527963
446,0,train,16,0.0551868725599011,0.2349188637804574,0.05084107541864327,0.2254796563298855
446,1,train,14,0.04649527827738544,0.21562763801837984,0.05084107541864327,0.2254796563298855
446,-1,train,30,0.05084107541864327,0.2254796563298855,0.05084107541864327,0.2254796563298855
447,0,train,16,0.05078377156973236,0.22535254950794845,0.05113038620854912,0.22612029145689053
447,1,train,14,0.05147700084736589,0.22688543551177076,0.05113038620854912,0.22612029145689053
447,-1,train,30,0.05113038620854912,0.22612029145689053,0.05113038620854912,0.22612029145689053
448,0,train,16,0.03929978885348724,0.19824174346864296,0.0519279122804958,0.22787696741991237
448,1,train,14,0.06455603570750436,0.2540787982250868,0.0519279122804958,0.22787696741991237
448,-1,train,30,0.0519279122804958,0.22787696741991237,0.0519279122804958,0.22787696741991237
449,0,train,16,0.023741512940802456,0.15408281195773413,0.05301723786298644,0.23025472386682197
449,1,train,14,0.08229296278517043,0.2868675003990003,0.05301723786298644,0.23025472386682197
449,-1,train,30,0.05301723786298644,0.23025472386682197,0.05301723786298644,0.23025472386682197
450,0,train,16,0.04732884459342305,0.2175519353934206,0.051309240667476594,0.22651543141136454
450,1,train,14,0.05528963674153013,0.23513748476482887,0.051309240667476594,0.22651543141136454
450,-1,train,30,0.051309240667476594,0.22651543141136454,0.051309240667476594,0.22651543141136454
451,0,train,16,0.0585374661779483,0.2419451718426063,0.05048989214621391,0.22469955973747235
451,1,train,14,0.04244231811447952,0.20601533465856256,0.05048989214621391,0.22469955973747235
451,-1,train,30,0.05048989214621391,0.22469955973747235,0.05048989214621391,0.22469955973747235
452,0,train,16,0.05851064240953452,0.2418897319224909,0.05046656022199551,0.22464763569197765
452,1,train,14,0.04242247803445651,0.20596717708037005,0.05046656022199551,0.22464763569197765
452,-1,train,30,0.05046656022199551,0.22464763569197765,0.05046656022199551,0.22464763569197765
453,0,train,16,0.05242165192367872,0.22895775139461585,0.05087988725115608,0.22556570495347045
453,1,train,14,0.049338122578633445,0.22212186425166128,0.05087988725115608,0.22556570495347045
453,-1,train,30,0.05087988725115608,0.22556570495347045,0.05087988725115608,0.22556570495347045
454,0,train,16,0.04692907722374012,0.21663120094700145,0.05124955237767773,0.22638363981895365
454,1,train,14,0.05557002753161534,0.23573295809371955,0.05124955237767773,0.22638363981895365
454,-1,train,30,0.05124955237767773,0.22638363981895365,0.05124955237767773,0.22638363981895365
455,0,train,16,0.04926827969512779,0.22196459108409114,0.05106140781625487,0.22596771410149474
455,1,train,14,0.052854535937381965,0.2299011438366107,0.05106140781625487,0.22596771410149474
455,-1,train,30,0.05106140781625487,0.22596771410149474,0.05106140781625487,0.22596771410149474
456,0,train,16,0.07030735930928951,0.2651553493884095,0.049540328025359466,0.22257656665821643
456,1,train,14,0.028773296741429425,0.16962693400940024,0.049540328025359466,0.22257656665821643
456,-1,train,30,0.049540328025359466,0.22257656665821643,0.049540328025359466,0.22257656665821643
457,0,train,16,0.0654218175418575,0.2557768901637861,0.049866868628543226,0.22330890852929094
457,1,train,14,0.03431191971522896,0.18523476918556345,0.049866868628543226,0.22330890852929094
457,-1,train,30,0.049866868628543226,0.22330890852929094,0.049866868628543226,0.22330890852929094
458,0,train,16,0.05413609241653546,0.23267164076555497,0.05065185703863631,0.22505967439467317
458,1,train,14,0.047167621660737166,0.21718108034710842,0.05065185703863631,0.22505967439467317
458,-1,train,30,0.05065185703863631,0.22505967439467317,0.05065185703863631,0.22505967439467317
459,0,train,16,0.08417506370970146,0.29012939132342563,0.04849172515688736,0.2202083675905331
459,1,train,14,0.012808386604073256,0.11317414282455714,0.04849172515688736,0.2202083675905331
459,-1,train,30,0.04849172515688736,0.2202083675905331,0.04849172515688736,0.2202083675905331
460,0,train,16,0.06485167563290303,0.2546599215285025,0.049844683800007034,0.22325923004437473
460,1,train,14,0.03483769196711103,0.18664857879745836,0.049844683800007034,0.22325923004437473
460,-1,train,30,0.049844683800007034,0.22325923004437473,0.049844683800007034,0.22325923004437473
461,0,train,16,0.05311649800125682,0.23047016726955535,0.05066182641115555,0.2250818215919614
461,1,train,14,0.048207154821054275,0.21956127805479334,0.05066182641115555,0.2250818215919614
461,-1,train,30,0.05066182641115555,0.2250818215919614,0.05066182641115555,0.2250818215919614
462,0,train,16,0.045647756783811,0.2136533565938317,0.05117577784183232,0.22622063973438036
462,1,train,14,0.056703798899853636,0.2381255948020994,0.05117577784183232,0.22622063973438036
462,-1,train,30,0.05117577784183232,0.22622063973438036,0.05117577784183232,0.22622063973438036
463,0,train,16,0.043211644474442874,0.20787410727275024,0.05133025603987291,0.22656181505247724
463,1,train,14,0.05944886760530294,0.24382138463494735,0.05133025603987291,0.22656181505247724
463,-1,train,30,0.05133025603987291,0.22656181505247724,0.05133025603987291,0.22656181505247724
464,0,train,16,0.04424201788927679,0.21033786603766044,0.05123735292779191,0.22635669402028277
464,1,train,14,0.05823268796630703,0.24131450011614933,0.05123735292779191,0.22635669402028277
464,-1,train,30,0.05123735292779191,0.22635669402028277,0.05123735292779191,0.22635669402028277
465,0,train,16,0.031690468262496115,0.1780181683494584,0.05211312109215946,0.22828298467507266
465,1,train,14,0.07253577392182281,0.2693246626690968,0.05211312109215946,0.22828298467507266
465,-1,train,30,0.05211312109215946,0.22828298467507266,0.05211312109215946,0.22828298467507266
466,0,train,16,0.0807953795172608,0.28424528055406795,0.0485961622391642,0.22044537246030863
466,1,train,14,0.01639694496106759,0.12805055627004355,0.0485961622391642,0.22044537246030863
466,-1,train,30,0.0485961622391642,0.22044537246030863,0.0485961622391642,0.22044537246030863
467,0,train,16,0.051509412775045366,0.22695685223197243,0.050659189424367826,0.22507596367530636
467,1,train,14,0.049808966073690286,0.22317922410854082,0.050659189424367826,0.22507596367530636
467,-1,train,30,0.050659189424367826,0.22507596367530636,0.050659189424367826,0.22507596367530636
468,0,train,16,0.04273876872739691,0.2067335694254731,0.05126700320977825,0.22642217914722543
468,1,train,14,0.05979523769215959,0.2445306477563898,0.05126700320977825,0.22642217914722543
468,-1,train,30,0.05126700320977825,0.22642217914722543,0.05126700320977825,0.22642217914722543
469,0,train,16,0.07050318455309694,0.26552435773973154,0.049266718353872446,0.22196107396089174
469,1,train,14,0.02803025215464796,0.16742237650519706,0.049266718353872446,0.22196107396089174
469,-1,train,30,0.049266718353872446,0.22196107396089174,0.049266718353872446,0.22196107396089174
470,0,train,16,0.061542190990630984,0.2480769860156943,0.049887010141314185,0.22335400184754736
470,1,train,14,0.038231829291997386,0.19552961231485472,0.049887010141314185,0.22335400184754736
470,-1,train,30,0.049887010141314185,0.22335400184754736,0.049887010141314185,0.22335400184754736
471,0,train,16,0.03980506562055262,0.1995120688593866,0.051420055138239065,0.22675990637288387
471,1,train,14,0.0630350446559255,0.25106780888024155,0.051420055138239065,0.22675990637288387
471,-1,train,30,0.051420055138239065,0.22675990637288387,0.051420055138239065,0.22675990637288387
472,0,train,16,0.042194952424966924,0.20541409986894016,0.05123044430346611,0.2263414330242391
472,1,train,14,0.060265936181965296,0.24549121406267332,0.05123044430346611,0.2263414330242391
472,-1,train,30,0.05123044430346611,0.2263414330242391,0.05123044430346611,0.2263414330242391
473,0,train,16,0.05409733212579767,0.23258833187801503,0.05036178188942409,0.22441430856659764
473,1,train,14,0.046626231653050514,0.21593108079442966,0.05036178188942409,0.22441430856659764
473,-1,train,30,0.05036178188942409,0.22441430856659764,0.05036178188942409,0.22441430856659764
474,0,train,16,0.03457444317196382,0.18594204250777666,0.051738628248435004,0.22746126757853743
474,1,train,14,0.06890281332490618,0.26249345387057976,0.051738628248435004,0.22746126757853743
474,-1,train,30,0.051738628248435004,0.22746126757853743,0.051738628248435004,0.22746126757853743
475,0,train,16,0.06318110837540404,0.25135852556737365,0.04967774167177656,0.22288504138182214
475,1,train,14,0.036174374968149084,0.19019562289429556,0.04967774167177656,0.22288504138182214
475,-1,train,30,0.04967774167177656,0.22288504138182214,0.04967774167177656,0.22288504138182214
476,0,train,16,0.055470007273170065,0.2355207151678384,0.05020891739278224,0.2240734642762999
476,1,train,14,0.044947827512394414,0.21200902695968965,0.05020891739278224,0.2240734642762999
476,-1,train,30,0.05020891739278224,0.2240734642762999,0.05020891739278224,0.2240734642762999
477,0,train,16,0.05813983277266891,0.24112202880008476,0.05000059817457669,0.2236081353049944
477,1,train,14,0.04186136357648446,0.20460049749813528,0.05000059817457669,0.2236081353049944
477,-1,train,30,0.05000059817457669,0.2236081353049944,0.05000059817457669,0.2236081353049944
478,0,train,16,0.05942951629678134,0.24378169803490446,0.04989165301827586,0.22336439514451684
478,1,train,14,0.040353789739770385,0.20088252721371858,0.04989165301827586,0.22336439514451684
478,-1,train,30,0.04989165301827586,0.22336439514451684,0.04989165301827586,0.22336439514451684
479,0,train,16,0.04182109656464337,0.20450206982972904,0.051129007543774106,0.22611724291564786
479,1,train,14,0.060436918522904844,0.24583921274464096,0.051129007543774106,0.22611724291564786
479,-1,train,30,0.051129007543774106,0.22611724291564786,0.051129007543774106,0.22611724291564786
480,0,train,16,0.05653677690847784,0.23777463470369972,0.05006076508867521,0.2237426313617394
480,1,train,14,0.04358475326887259,0.208769617686273,0.05006076508867521,0.2237426313617394
480,-1,train,30,0.05006076508867521,0.2237426313617394,0.05006076508867521,0.2237426313617394
481,0,train,16,0.04066770929547873,0.20166236459855053,0.051175544652696234,0.2262201243318026
481,1,train,14,0.06168338000991373,0.24836138993393023,0.051175544652696234,0.2262201243318026
481,-1,train,30,0.051175544652696234,0.2262201243318026,0.051175544652696234,0.2262201243318026
482,0,train,16,0.036829469536225214,0.19191005584967458,0.05143241728386272,0.22678716296091964
482,1,train,14,0.06603536503150022,0.25697347145474025,0.05143241728386272,0.22678716296091964
482,-1,train,30,0.05143241728386272,0.22678716296091964,0.05143241728386272,0.22678716296091964
483,0,train,16,0.06218568057774412,0.24937056878818742,0.04960672114902142,0.2227256634270542
483,1,train,14,0.03702776172029872,0.19242599024118007,0.04960672114902142,0.2227256634270542
483,-1,train,30,0.04960672114902142,0.2227256634270542,0.04960672114902142,0.2227256634270542
484,0,train,16,0.08233027409796294,0.2869325253399533,0.04815238381034042,0.21943651430502722
484,1,train,14,0.013974493522717905,0.11821376198530316,0.04815238381034042,0.21943651430502722
484,-1,train,30,0.04815238381034042,0.21943651430502722,0.04815238381034042,0.21943651430502722
485,0,train,16,0.04479228048616818,0.21164186846219293,0.05081024460244806,0.22541127878269104
485,1,train,14,0.05682820871872794,0.2383866789875809,0.05081024460244806,0.22541127878269104
485,-1,train,30,0.05081024460244806,0.22541127878269104,0.05081024460244806,0.22541127878269104
486,0,train,16,0.03459669380830101,0.18600186506672725,0.05152198691810737,0.22698455215742627
486,1,train,14,0.06844728002791373,0.26162431085033694,0.05152198691810737,0.22698455215742627
486,-1,train,30,0.05152198691810737,0.22698455215742627,0.05152198691810737,0.22698455215742627
487,0,train,16,0.05994486499556092,0.24483640455528854,0.04969625692381936,0.22292657294234655
487,1,train,14,0.03944764885207781,0.19861432187049807,0.04969625692381936,0.22292657294234655
487,-1,train,30,0.04969625692381936,0.22292657294234655,0.04969625692381936,0.22292657294234655
488,0,train,16,0.06693943006654542,0.25872655462195104,0.049182737932663166,0.22177181500962462
488,1,train,14,0.031426045798780916,0.17727392870577702,0.049182737932663166,0.22177181500962462
488,-1,train,30,0.049182737932663166,0.22177181500962462,0.049182737932663166,0.22177181500962462
489,0,train,16,0.0605382896746926,0.24604530004593178,0.04961706033693346,0.2227488728073241
489,1,train,14,0.03869583099917432,0.1967125593325813,0.04961706033693346,0.2227488728073241
489,-1,train,30,0.04961706033693346,0.2227488728073241,0.04961706033693346,0.2227488728073241
490,0,train,16,0.04857776340196699,0.22040363745176028,0.05045286665724118,0.22461715575004768
490,1,train,14,0.052327969912515364,0.22875307629082361,0.05045286665724118,0.22461715575004768
490,-1,train,30,0.05045286665724118,0.22461715575004768,0.05045286665724118,0.22461715575004768
491,0,train,16,0.03740689691748845,0.19340862679179657,0.051234997079695546,0.22635149012033376
491,1,train,14,0.06506309724190264,0.2550746895360311,0.051234997079695546,0.22635149012033376
491,-1,train,30,0.051234997079695546,0.22635149012033376,0.051234997079695546,0.22635149012033376
492,0,train,16,0.0581986723588937,0.241244009995883,0.04973239562778315,0.22300761338524555
492,1,train,14,0.0412661188966726,0.20314063822059977,0.04973239562778315,0.22300761338524555
492,-1,train,30,0.04973239562778315,0.22300761338524555,0.04973239562778315,0.22300761338524555
493,0,train,16,0.043387565897888995,0.20829682162214813,0.05077307371080157,0.22532881242930647
493,1,train,14,0.05815858152371414,0.24116090380431515,0.05077307371080157,0.22532881242930647
493,-1,train,30,0.05077307371080157,0.22532881242930647,0.05077307371080157,0.22532881242930647
494,0,train,16,0.03250685720992046,0.18029658124856518,0.051532651739084764,0.22700804333565971
494,1,train,14,0.07055844626824907,0.2656283988361355,0.051532651739084764,0.22700804333565971
494,-1,train,30,0.051532651739084764,0.22700804333565971,0.051532651739084764,0.22700804333565971
495,0,train,16,0.06172774311568746,0.2484506854804137,0.049430374020378406,0.22232942679811507
495,1,train,14,0.03713300492506936,0.19269926031271983,0.049430374020378406,0.22232942679811507
495,-1,train,30,0.049430374020378406,0.22232942679811507,0.049430374020378406,0.22232942679811507
496,0,train,16,0.034236786445800214,0.18503185251680376,0.0513756428452285,0.2266619572077072
496,1,train,14,0.06851449924465677,0.26175274448352354,0.0513756428452285,0.2266619572077072
496,-1,train,30,0.0513756428452285,0.2266619572077072,0.0513756428452285,0.2266619572077072
497,0,train,16,0.03472455008536454,0.1863452443325682,0.05132309698728832,0.22654601516532644
497,1,train,14,0.0679216438892121,0.2606178119185488,0.05132309698728832,0.22654601516532644
497,-1,train,30,0.05132309698728832,0.22654601516532644,0.05132309698728832,0.22654601516532644
498,0,train,16,0.048853083793688835,0.2210273372089725,0.05029733127397845,0.22427066521054076
498,1,train,14,0.05174157875426807,0.22746775321849044,0.05029733127397845,0.22427066521054076
498,-1,train,30,0.05029733127397845,0.22427066521054076,0.05029733127397845,0.22427066521054076
499,0,train,16,0.06748957751147473,0.25978756227247435,0.04895166247243031,0.22125022592628082
499,1,train,14,0.03041374743338589,0.1743953767546201,0.04895166247243031,0.22125022592628082
499,-1,train,30,0.04895166247243031,0.22125022592628082,0.04895166247243031,0.22125022592628082
500,0,train,16,0.06764393250766565,0.2600844718695556,0.048924495535289804,0.22118882326033068
500,1,train,14,0.03020505856291396,0.17379602573969855,0.048924495535289804,0.22118882326033068
500,-1,train,30,0.048924495535289804,0.22118882326033068,0.048924495535289804,0.22118882326033068
501,0,train,16,0.01795989718753536,0.134014540955582,0.052453874003812975,0.2290281074536769
501,1,train,14,0.08694785082009059,0.2948692096847187,0.052453874003812975,0.2290281074536769
501,-1,train,30,0.052453874003812975,0.2290281074536769,0.052453874003812975,0.2290281074536769
502,0,train,16,0.03829722990051757,0.1956967805062658,0.05098240527283805,0.22579283707159103
502,1,train,14,0.06366758064515854,0.25232435602842335,0.05098240527283805,0.22579283707159103
502,-1,train,30,0.05098240527283805,0.22579283707159103,0.05098240527283805,0.22579283707159103
503,0,train,16,0.060505943984264586,0.24597956009446106,0.04938113985407291,0.22221867575447593
503,1,train,14,0.03825633572388123,0.1955922690800463,0.04938113985407291,0.22221867575447593
503,-1,train,30,0.04938113985407291,0.22221867575447593,0.04938113985407291,0.22221867575447593
504,0,train,16,0.03684042216903215,0.19193858957758375,0.05105311194307294,0.2259493570317759
504,1,train,14,0.06526580171711373,0.2554717239091515,0.05105311194307294,0.2259493570317759
504,-1,train,30,0.05105311194307294,0.2259493570317759,0.05105311194307294,0.2259493570317759
505,0,train,16,0.038820599201150954,0.19702943739743803,0.05089416385730628,0.22559734895895006
505,1,train,14,0.06296772851346161,0.2509337133855505,0.05089416385730628,0.22559734895895006
505,-1,train,30,0.05089416385730628,0.22559734895895006,0.05089416385730628,0.22559734895895006
506,0,train,16,0.06666245115221094,0.25819072630946865,0.04889348908484025,0.22111872169683022
506,1,train,14,0.031124527017469567,0.17642144715841543,0.04889348908484025,0.22111872169683022
506,-1,train,30,0.04889348908484025,0.22111872169683022,0.04889348908484025,0.22111872169683022
507,0,train,16,0.06109917956075291,0.24718248230963477,0.04927038347734693,0.22196933003761338
507,1,train,14,0.03744158739394095,0.1934982878320657,0.04927038347734693,0.22196933003761338
507,-1,train,30,0.04927038347734693,0.22196933003761338,0.04927038347734693,0.22196933003761338
508,0,train,16,0.04590611209153034,0.214257116781521,0.05033819726215387,0.22436175534648028
508,1,train,14,0.05477028243277741,0.23403051602895167,0.05033819726215387,0.22436175534648028
508,-1,train,30,0.05033819726215387,0.22436175534648028,0.05033819726215387,0.22436175534648028
509,0,train,16,0.07894706885646847,0.2809752103949181,0.047964319623867206,0.21900757891878356
509,1,train,14,0.016981570391265938,0.13031335461596383,0.047964319623867206,0.21900757891878356
509,-1,train,30,0.047964319623867206,0.21900757891878356,0.047964319623867206,0.21900757891878356
510,0,train,16,0.07858251048220126,0.2803257221201816,0.04797479601193922,0.21903149547939268
510,1,train,14,0.01736708154167718,0.13178422341721022,0.04797479601193922,0.21903149547939268
510,-1,train,30,0.04797479601193922,0.21903149547939268,0.04797479601193922,0.21903149547939268
511,0,train,16,0.04088008162004256,0.2021882331394252,0.05064609942415084,0.2250468827248021
511,1,train,14,0.06041211722825913,0.24578876546388187,0.05064609942415084,0.2250468827248021
511,-1,train,30,0.05064609942415084,0.2250468827248021,0.05064609942415084,0.2250468827248021
512,0,train,16,0.040228629571839924,0.20057075951354406,0.05067536748737694,0.22511189992396435
512,1,train,14,0.06112210540291397,0.2472288522865282,0.05067536748737694,0.22511189992396435
512,-1,train,30,0.05067536748737694,0.22511189992396435,0.05067536748737694,0.22511189992396435
513,0,train,16,0.01003967484760765,0.10019817786570596,0.05281709486038748,0.22981970076646493
513,1,train,14,0.09559451487316731,0.3091836264635747,0.05281709486038748,0.22981970076646493
513,-1,train,30,0.05281709486038748,0.22981970076646493,0.05281709486038748,0.22981970076646493
514,0,train,16,0.06091453703289618,0.24680870534261182,0.04916701179316619,0.22173635649835638
514,1,train,14,0.0374194865534362,0.19344117078180695,0.04916701179316619,0.22173635649835638
514,-1,train,30,0.04916701179316619,0.22173635649835638,0.04916701179316619,0.22173635649835638
515,0,train,16,0.04482165519783584,0.21171125430131446,0.05029709114802512,0.22427012986134628
515,1,train,14,0.0557725270982144,0.23616207802738864,0.05029709114802512,0.22427012986134628
515,-1,train,30,0.05029709114802512,0.22427012986134628,0.05029709114802512,0.22427012986134628
516,0,train,16,0.06013163228213403,0.24521752034088842,0.04918785953295961,0.22178336171354154
516,1,train,14,0.038244086783785186,0.19556095413907446,0.04918785953295961,0.22178336171354154
516,-1,train,30,0.04918785953295961,0.22178336171354154,0.04918785953295961,0.22178336171354154
517,0,train,16,0.053034266409450026,0.23029169852482748,0.04967673766449656,0.22288278907196168
517,1,train,14,0.046319208919543095,0.21521897899475106,0.04967673766449656,0.22288278907196168
517,-1,train,30,0.04967673766449656,0.22288278907196168,0.04967673766449656,0.22288278907196168
518,0,train,16,0.028604741898143726,0.16912936438757087,0.051404665714784546,0.22672597053444174
518,1,train,14,0.07420458953142536,0.272405193657216,0.051404665714784546,0.22672597053444174
518,-1,train,30,0.051404665714784546,0.22672597053444174,0.051404665714784546,0.22672597053444174
519,0,train,16,0.06621347036938065,0.2573197823125549,0.04870539957412709,0.22069299847101423
519,1,train,14,0.03119732877887354,0.17662765575886902,0.04870539957412709,0.22069299847101423
519,-1,train,30,0.04870539957412709,0.22069299847101423,0.04870539957412709,0.22069299847101423
520,0,train,16,0.039575449433628125,0.19893579223867214,0.05058592636740267,0.2249131529444258
520,1,train,14,0.06159640330117721,0.24818622705778257,0.05058592636740267,0.2249131529444258
520,-1,train,30,0.05058592636740267,0.2249131529444258,0.05058592636740267,0.2249131529444258
521,0,train,16,0.04230051469915631,0.20567088928469265,0.05037496930136186,0.2244436884863592
521,1,train,14,0.058449423903567416,0.24176315662972184,0.05037496930136186,0.2244436884863592
521,-1,train,30,0.05037496930136186,0.2244436884863592,0.05037496930136186,0.2244436884863592
522,0,train,16,0.03138915636742657,0.17716985174522942,0.051137171602041884,0.22613529490559825
522,1,train,14,0.0708851868366572,0.2662427216594985,0.051137171602041884,0.22613529490559825
522,-1,train,30,0.051137171602041884,0.22613529490559825,0.051137171602041884,0.22613529490559825
523,0,train,16,0.04545515909522043,0.21320215546569982,0.0501158050517459,0.22386559595379077
523,1,train,14,0.05477645100827137,0.23404369465608632,0.0501158050517459,0.22386559595379077
523,-1,train,30,0.0501158050517459,0.22386559595379077,0.0501158050517459,0.22386559595379077
524,0,train,16,0.04138948875446679,0.2034440678773082,0.05038835661027586,0.2244735098185883
524,1,train,14,0.05938722446608493,0.2436949414043815,0.05038835661027586,0.2244735098185883
524,-1,train,30,0.05038835661027586,0.2244735098185883,0.05038835661027586,0.2244735098185883
525,0,train,16,0.05299729375509423,0.23021141100104972,0.049542288923544536,0.22258097161155654
525,1,train,14,0.04608728409199485,0.21467949154960017,0.049542288923544536,0.22258097161155654
525,-1,train,30,0.049542288923544536,0.22258097161155654,0.049542288923544536,0.22258097161155654
526,0,train,16,0.045811075926392664,0.21403522122863952,0.05003836917582998,0.2236925773820624
526,1,train,14,0.0542656624252673,0.23294991398424533,0.05003836917582998,0.2236925773820624
526,-1,train,30,0.05003836917582998,0.2236925773820624,0.05003836917582998,0.2236925773820624
527,0,train,16,0.03483716659009096,0.1866471713959013,0.05080350378718146,0.22539632602857895
527,1,train,14,0.06676984098427197,0.25839860871195103,0.05080350378718146,0.22539632602857895
527,-1,train,30,0.05080350378718146,0.22539632602857895,0.05080350378718146,0.22539632602857895
528,0,train,16,0.052388865864666755,0.2288861417051429,0.04953325692978171,0.22256068145515215
528,1,train,14,0.04667764799489667,0.21605010528786295,0.04953325692978171,0.22256068145515215
528,-1,train,30,0.04953325692978171,0.22256068145515215,0.04953325692978171,0.22256068145515215
529,0,train,16,0.0803879833373665,0.28352774703257266,0.047530216610254146,0.21801425781414882
529,1,train,14,0.014672449883141784,0.12112988847985366,0.047530216610254146,0.21801425781414882
529,-1,train,30,0.047530216610254146,0.21801425781414882,0.047530216610254146,0.21801425781414882
530,0,train,16,0.0674829494077248,0.259774805182729,0.048422954385635875,0.22005216287425097
530,1,train,14,0.029362959363546957,0.17135623526311192,0.048422954385635875,0.22005216287425097
530,-1,train,30,0.048422954385635875,0.22005216287425097,0.048422954385635875,0.22005216287425097
531,0,train,16,0.031638472999632745,0.1778720691947804,0.05096299665449487,0.22574985416273224
531,1,train,14,0.070287520309357,0.2651179366043667,0.05096299665449487,0.22574985416273224
531,-1,train,30,0.05096299665449487,0.22574985416273224,0.05096299665449487,0.22574985416273224
532,0,train,16,0.04073609070602966,0.20183183769175184,0.050295869012225956,0.22426740514891136
532,1,train,14,0.05985564731842225,0.24465413815920273,0.050295869012225956,0.22426740514891136
532,-1,train,30,0.050295869012225956,0.22426740514891136,0.050295869012225956,0.22426740514891136
533,0,train,16,0.042243502815153135,0.20553224276291332,0.05017139736803193,0.2239897260323159
533,1,train,14,0.05809929192091072,0.24103794705587483,0.05017139736803193,0.2239897260323159
533,-1,train,30,0.05017139736803193,0.2239897260323159,0.05017139736803193,0.2239897260323159
534,0,train,16,0.05824891080876193,0.24134811125998465,0.04901190942068685,0.22138633521671308
534,1,train,14,0.039774908032611765,0.19943647618380086,0.04901190942068685,0.22138633521671308
534,-1,train,30,0.04901190942068685,0.22138633521671308,0.04901190942068685,0.22138633521671308
535,0,train,16,0.03490805617709428,0.18683697754217252,0.05066010299638379,0.22507799314100832
535,1,train,14,0.06641214981567331,0.25770554867071316,0.05066010299638379,0.22507799314100832
535,-1,train,30,0.05066010299638379,0.22507799314100832,0.05066010299638379,0.22507799314100832
536,0,train,16,0.012849018343987004,0.11335351050579336,0.052219174142587824,0.228515150794401
536,1,train,14,0.09158932994118864,0.3026372910617405,0.052219174142587824,0.228515150794401
536,-1,train,30,0.052219174142587824,0.228515150794401,0.052219174142587824,0.228515150794401
537,0,train,16,0.05215631523295234,0.22837757165044106,0.04939366385902007,0.2222468534288395
537,1,train,14,0.046631012485087796,0.21594215078369436,0.04939366385902007,0.2222468534288395
537,-1,train,30,0.04939366385902007,0.2222468534288395,0.04939366385902007,0.2222468534288395
538,0,train,16,0.0677536373197549,0.26029528870065033,0.048264628408035054,0.2196921218615612
538,1,train,14,0.02877561949631521,0.1696337805282757,0.048264628408035054,0.2196921218615612
538,-1,train,30,0.048264628408035054,0.2196921218615612,0.048264628408035054,0.2196921218615612
539,0,train,16,0.04466323852730691,0.21133678933708372,0.0498920357210155,0.2233652518209032
539,1,train,14,0.05512083291472408,0.23477826329267384,0.0498920357210155,0.2233652518209032
539,-1,train,30,0.0498920357210155,0.2233652518209032,0.0498920357210155,0.2233652518209032
540,0,train,16,0.028722424009521786,0.1694769129100533,0.0510139970913393,0.2258627837677985
540,1,train,14,0.07330557017315682,0.2707500141701877,0.0510139970913393,0.2258627837677985
540,-1,train,30,0.0510139970913393,0.2258627837677985,0.0510139970913393,0.2258627837677985
541,0,train,16,0.05918101268653975,0.24327147939398844,0.048821210276976196,0.22095522233469883
541,1,train,14,0.038461407867412645,0.19611580218690344,0.048821210276976196,0.22095522233469883
541,-1,train,30,0.048821210276976196,0.22095522233469883,0.048821210276976196,0.22095522233469883
542,0,train,16,0.03647046682831355,0.1909724242614979,0.05042341683750767,0.22455159059224603
542,1,train,14,0.0643763668467018,0.2537249827011558,0.05042341683750767,0.22455159059224603
542,-1,train,30,0.05042341683750767,0.22455159059224603,0.05042341683750767,0.22455159059224603
543,0,train,16,0.05036508164853679,0.22442166038182854,0.04941385706834217,0.22229227847215516
543,1,train,14,0.048462632488147556,0.22014230054250716,0.04941385706834217,0.22229227847215516
543,-1,train,30,0.04941385706834217,0.22229227847215516,0.04941385706834217,0.22229227847215516
544,0,train,16,0.06254830669251875,0.2500965947239561,0.04852740521493558,0.22028936700380156
544,1,train,14,0.03450650373735241,0.18575926285747477,0.04852740521493558,0.22028936700380156
544,-1,train,30,0.04852740521493558,0.22028936700380156,0.04852740521493558,0.22028936700380156
545,0,train,16,0.04392317757708263,0.2095785713690277,0.04983773233885387,0.22324366136321513
545,1,train,14,0.05575228710062511,0.2361192222175592,0.04983773233885387,0.22324366136321513
545,-1,train,30,0.04983773233885387,0.22324366136321513,0.04983773233885387,0.22324366136321513
546,0,train,16,0.04330859777901184,0.20810717858596767,0.049864436032590845,0.22330346175684523
546,1,train,14,0.05642027428616985,0.23752952297802868,0.049864436032590845,0.22330346175684523
546,-1,train,30,0.049864436032590845,0.22330346175684523,0.049864436032590845,0.22330346175684523
547,0,train,16,0.028473410338283257,0.16874066000310434,0.05090380270011032,0.2256187108821215
547,1,train,14,0.07333419506193739,0.27080287122173835,0.05090380270011032,0.2256187108821215
547,-1,train,30,0.05090380270011032,0.2256187108821215,0.05090380270011032,0.2256187108821215
548,0,train,16,0.024375471902230425,0.15612646124930402,0.05117834604913069,0.2262263159960191
548,1,train,14,0.07798122019603096,0.2792511776090317,0.05117834604913069,0.2262263159960191
548,-1,train,30,0.05117834604913069,0.2262263159960191,0.05117834604913069,0.2262263159960191
549,0,train,16,0.04756670945715761,0.21809793547202047,0.049506014756435235,0.22249947136214782
549,1,train,14,0.05144532005571287,0.22681560805137038,0.049506014756435235,0.22249947136214782
549,-1,train,30,0.049506014756435235,0.22249947136214782,0.049506014756435235,0.22249947136214782
550,0,train,16,0.05953589976490623,0.24399979460013124,0.048634777126114706,0.22053293886881095
550,1,train,14,0.03773365448732319,0.19425152377091714,0.048634777126114706,0.22053293886881095
550,-1,train,30,0.048634777126114706,0.22053293886881095,0.048634777126114706,0.22053293886881095
551,0,train,16,0.08176074960680764,0.2859383667974755,0.04703419622748459,0.21687368726400302
551,1,train,14,0.01230764284816153,0.11093981633372903,0.04703419622748459,0.21687368726400302
551,-1,train,30,0.04703419622748459,0.21687368726400302,0.04703419622748459,0.21687368726400302
552,0,train,16,0.0733203823618785,0.2707773667828951,0.047613768290842726,0.21820579344014385
552,1,train,14,0.021907154219806955,0.14801065576439743,0.047613768290842726,0.21820579344014385
552,-1,train,30,0.047613768290842726,0.21820579344014385,0.047613768290842726,0.21820579344014385
553,0,train,16,0.01854504814344417,0.13618020466809475,0.0515065568756555,0.22695056042154974
553,1,train,14,0.08446806560786684,0.29063390305996106,0.0515065568756555,0.22695056042154974
553,-1,train,30,0.0515065568756555,0.22695056042154974,0.0515065568756555,0.22695056042154974
554,0,train,16,0.0364607045694502,0.1909468632092452,0.05020629558837347,0.22406761387664545
554,1,train,14,0.06395188660729674,0.2528871024929835,0.05020629558837347,0.22406761387664545
554,-1,train,30,0.05020629558837347,0.22406761387664545,0.05020629558837347,0.22406761387664545
555,0,train,16,0.04213965820903023,0.20527946368068636,0.04978158824074677,0.2231178796975867
555,1,train,14,0.057423518272463316,0.23963204767406074,0.04978158824074677,0.2231178796975867
555,-1,train,30,0.04978158824074677,0.2231178796975867,0.04978158824074677,0.2231178796975867
556,0,train,16,0.06940606726149139,0.2634503126995513,0.04781992878368051,0.218677682408792
556,1,train,14,0.026233790305869625,0.16196848553304938,0.04781992878368051,0.218677682408792
556,-1,train,30,0.04781992878368051,0.218677682408792,0.04781992878368051,0.218677682408792
557,0,train,16,0.01896646131973478,0.137718776206205,0.05140218091569768,0.2267204907274543
557,1,train,14,0.08383790051166058,0.28954775169505387,0.05140218091569768,0.2267204907274543
557,-1,train,30,0.05140218091569768,0.2267204907274543,0.05140218091569768,0.2267204907274543
558,0,train,16,0.04160808111564276,0.20398059004631483,0.04976283850559447,0.2230758581863902
558,1,train,14,0.05791759589554618,0.2406607485560248,0.04976283850559447,0.2230758581863902
558,-1,train,30,0.04976283850559447,0.2230758581863902,0.04976283850559447,0.2230758581863902
559,0,train,16,0.051746113229311545,0.2274777202921454,0.04902016465395556,0.22140497883732327
559,1,train,14,0.04629421607859958,0.2151609074125678,0.04902016465395556,0.22140497883732327
559,-1,train,30,0.04902016465395556,0.22140497883732327,0.04902016465395556,0.22140497883732327
560,0,train,16,0.0407094074779657,0.2017657242396877,0.04978919233483225,0.22313491957744366
560,1,train,14,0.0588689771916988,0.24262929994478985,0.04978919233483225,0.22313491957744366
560,-1,train,30,0.04978919233483225,0.22313491957744366,0.04978919233483225,0.22313491957744366
561,0,train,16,0.05065752504833054,0.2250722662798119,0.04905875891559598,0.22149211930810536
561,1,train,14,0.04745999278286142,0.21785314499189912,0.04905875891559598,0.22149211930810536
561,-1,train,30,0.04905875891559598,0.22149211930810536,0.04905875891559598,0.22149211930810536
562,0,train,16,0.052961687777244,0.23013406479103435,0.0488744711089459,0.2210757135212864
562,1,train,14,0.04478725444064779,0.21162999418949996,0.0488744711089459,0.2210757135212864
562,-1,train,30,0.0488744711089459,0.2210757135212864,0.0488744711089459,0.2210757135212864
563,0,train,16,0.03621689155740169,0.19030736075465313,0.05005162464941229,0.22372220419397867
563,1,train,14,0.0638863577414229,0.25275750778448286,0.05005162464941229,0.22372220419397867
563,-1,train,30,0.05005162464941229,0.22372220419397867,0.05005162464941229,0.22372220419397867
564,0,train,16,0.05280725366293251,0.2297982890774701,0.04884613325229259,0.22101161338783215
564,1,train,14,0.04488501284165267,0.21186083366600036,0.04884613325229259,0.22101161338783215
564,-1,train,30,0.04884613325229259,0.22101161338783215,0.04884613325229259,0.22101161338783215
565,0,train,16,0.040592710877208525,0.2014763283296788,0.04969845769031789,0.22293150896703204
565,1,train,14,0.05880420450342724,0.24249578244461747,0.04969845769031789,0.22293150896703204
565,-1,train,30,0.04969845769031789,0.22293150896703204,0.04969845769031789,0.22293150896703204
566,0,train,16,0.03961339854288887,0.1990311496798651,0.049748138459689555,0.22304290721672715
566,1,train,14,0.05988287837649024,0.24470978398194512,0.049748138459689555,0.22304290721672715
566,-1,train,30,0.049748138459689555,0.22304290721672715,0.049748138459689555,0.22304290721672715
567,0,train,16,0.03348063880044586,0.18297715376638107,0.0501674291427731,0.22398086780520585
567,1,train,14,0.06685421948510034,0.25856182913396236,0.0501674291427731,0.22398086780520585
567,-1,train,30,0.0501674291427731,0.22398086780520585,0.0501674291427731,0.22398086780520585
568,0,train,16,0.051451145143254017,0.2268284487079476,0.048863240440852794,0.22105031201256603
568,1,train,14,0.04627533573845157,0.2151170280067377,0.048863240440852794,0.22105031201256603
568,-1,train,30,0.048863240440852794,0.22105031201256603,0.048863240440852794,0.22105031201256603
569,0,train,16,0.045234500247751296,0.21268403853545592,0.049287225088567206,0.22200726359416081
569,1,train,14,0.05333994992938312,0.23095443258223713,0.049287225088567206,0.22200726359416081
569,-1,train,30,0.049287225088567206,0.22200726359416081,0.049287225088567206,0.22200726359416081
570,0,train,16,0.055518279125457336,0.23562317187716775,0.04853554922787974,0.22030785103549927
570,1,train,14,0.041552819330302145,0.2038450865983827,0.04853554922787974,0.22030785103549927
570,-1,train,30,0.04853554922787974,0.22030785103549927,0.04853554922787974,0.22030785103549927
571,0,train,16,0.04631317499369225,0.21520496043003343,0.04916899695760759,0.22174083286036333
571,1,train,14,0.05202481892152293,0.22808949761337746,0.04916899695760759,0.22174083286036333
571,-1,train,30,0.04916899695760759,0.22174083286036333,0.04916899695760759,0.22174083286036333
572,0,train,16,0.06764036731766786,0.2600776178714113,0.047628185272178415,0.21823882622525814
572,1,train,14,0.027616003226688973,0.16618063433110664,0.047628185272178415,0.21823882622525814
572,-1,train,30,0.047628185272178415,0.21823882622525814,0.047628185272178415,0.21823882622525814
573,0,train,16,0.0126687574271838,0.1125555748383162,0.05153323031828686,0.22700931769045707
573,1,train,14,0.09039770320938992,0.30066210803722826,0.05153323031828686,0.22700931769045707
573,-1,train,30,0.05153323031828686,0.22700931769045707,0.05153323031828686,0.22700931769045707
574,0,train,16,0.0376703246812183,0.19408844551188076,0.049726451300115215,0.2229942853530449
574,1,train,14,0.06178257791901213,0.24856101447936707,0.049726451300115215,0.2229942853530449
574,-1,train,30,0.049726451300115215,0.2229942853530449,0.049726451300115215,0.2229942853530449
575,0,train,16,0.043517678632375795,0.20860891311824573,0.04928760582405808,0.22200812107681575
575,1,train,14,0.05505753301574036,0.23464341673215627,0.04928760582405808,0.22200812107681575
575,-1,train,30,0.04928760582405808,0.22200812107681575,0.04928760582405808,0.22200812107681575
576,0,train,16,0.073937293539842,0.2719141289816364,0.04709692062001817,0.21701824950915571
576,1,train,14,0.02025654770019433,0.14232549912153594,0.04709692062001817,0.21701824950915571
576,-1,train,30,0.04709692062001817,0.21701824950915571,0.04709692062001817,0.21701824950915571
577,0,train,16,0.03537645951638787,0.1880863086893564,0.049825643303651315,0.22321658384549145
577,1,train,14,0.06427482709091475,0.25352480567178187,0.049825643303651315,0.22321658384549145
577,-1,train,30,0.049825643303651315,0.22321658384549145,0.049825643303651315,0.22321658384549145
578,0,train,16,0.0405898818631922,0.201469307496681,0.04943301655109524,0.2223353695458625
578,1,train,14,0.058276151238998285,0.2414045385633797,0.04943301655109524,0.2223353695458625
578,-1,train,30,0.04943301655109524,0.2223353695458625,0.04943301655109524,0.2223353695458625
579,0,train,16,0.04690860519278325,0.21658394491001232,0.04896007204763131,0.22126922978044486
579,1,train,14,0.051011538902479364,0.22585734192733112,0.04896007204763131,0.22126922978044486
579,-1,train,30,0.04896007204763131,0.22126922978044486,0.04896007204763131,0.22126922978044486
580,0,train,16,0.04244470860250377,0.20602113630038973,0.04925796169609118,0.2219413474233478
580,1,train,14,0.056071214789678595,0.23679361222313114,0.04925796169609118,0.2219413474233478
580,-1,train,30,0.04925796169609118,0.2219413474233478,0.04925796169609118,0.2219413474233478
581,0,train,16,0.037554769542657705,0.1937905300644428,0.04958651043180469,0.22268028747916752
581,1,train,14,0.061618251320951674,0.2482302385305861,0.04958651043180469,0.22268028747916752
581,-1,train,30,0.04958651043180469,0.22268028747916752,0.04958651043180469,0.22268028747916752
582,0,train,16,0.031205165771337834,0.17664983943196166,0.05001870833689665,0.2236486269506179
582,1,train,14,0.06883225090245547,0.26235901147560275,0.05001870833689665,0.2236486269506179
582,-1,train,30,0.05001870833689665,0.2236486269506179,0.05001870833689665,0.2236486269506179
583,0,train,16,0.02787108796753726,0.16694636254658937,0.05023774944546198,0.22413779120322833
583,1,train,14,0.0726044109233867,0.2694520568178812,0.05023774944546198,0.22413779120322833
583,-1,train,30,0.05023774944546198,0.22413779120322833,0.05023774944546198,0.22413779120322833
584,0,train,16,0.074088184124492,0.2721914475594191,0.04692176712873021,0.21661432807810801
584,1,train,14,0.019755350132968415,0.14055372685549258,0.04692176712873021,0.21661432807810801
584,-1,train,30,0.04692176712873021,0.21661432807810801,0.04692176712873021,0.21661432807810801
585,0,train,16,0.08000300911260143,0.28284803183441354,0.046476581891040744,0.215584280250302
585,1,train,14,0.01295015466948006,0.11379874634406154,0.046476581891040744,0.215584280250302
585,-1,train,30,0.046476581891040744,0.215584280250302,0.046476581891040744,0.215584280250302
586,0,train,16,0.05055958769621427,0.2248545923396146,0.048549758191452026,0.22034009664936618
586,1,train,14,0.04653992868668978,0.2157311490876776,0.048549758191452026,0.22034009664936618
586,-1,train,30,0.048549758191452026,0.22034009664936618,0.048549758191452026,0.22034009664936618
587,0,train,16,0.07899062579283943,0.28105270999020704,0.046502591475450425,0.21564459528458027
587,1,train,14,0.01401455715806142,0.11838309489982689,0.046502591475450425,0.21564459528458027
587,-1,train,30,0.046502591475450425,0.21564459528458027,0.046502591475450425,0.21564459528458027
588,0,train,16,0.05282507766107847,0.22983706763940073,0.04834387706243767,0.2198724108714817
588,1,train,14,0.04386267646379687,0.20943418169868278,0.04834387706243767,0.2198724108714817
588,-1,train,30,0.04834387706243767,0.2198724108714817,0.04834387706243767,0.2198724108714817
589,0,train,16,0.07069423269250487,0.26588387068888714,0.04705004419879019,0.2169102215175444
589,1,train,14,0.023405855705075515,0.1529897241813172,0.04705004419879019,0.2169102215175444
589,-1,train,30,0.04705004419879019,0.2169102215175444,0.04705004419879019,0.2169102215175444
590,0,train,16,0.05048471212679092,0.22468803289626024,0.04846837803906051,0.22015534978523804
590,1,train,14,0.0464520439513301,0.2155273624190908,0.04846837803906051,0.22015534978523804
590,-1,train,30,0.04846837803906051,0.22015534978523804,0.04846837803906051,0.22015534978523804
591,0,train,16,0.046073545013333994,0.214647490116549,0.048760910694937126,0.22081872813449752
591,1,train,14,0.05144827637654026,0.22682212497139748,0.048760910694937126,0.22081872813449752
591,-1,train,30,0.048760910694937126,0.22081872813449752,0.048760910694937126,0.22081872813449752
592,0,train,16,0.05203429366903495,0.22811026647004504,0.048312746371678345,0.21980160684507824
592,1,train,14,0.04459119907432174,0.21116628299594076,0.048312746371678345,0.21980160684507824
592,-1,train,30,0.048312746371678345,0.21980160684507824,0.048312746371678345,0.21980160684507824
593,0,train,16,0.03867872284535907,0.19666906936617937,0.04924468124771906,0.22191142658213672
593,1,train,14,0.059810639650079045,0.24456213862754603,0.04924468124771906,0.22191142658213672
593,-1,train,30,0.04924468124771906,0.22191142658213672,0.04924468124771906,0.22191142658213672
594,0,train,16,0.05773252777745711,0.24027594090432175,0.04786189824405739,0.21877362328228098
594,1,train,14,0.03799126871065767,0.19491349032495844,0.04786189824405739,0.21877362328228098
594,-1,train,30,0.04786189824405739,0.21877362328228098,0.04786189824405739,0.21877362328228098
595,0,train,16,0.0567484384294047,0.23821930742365258,0.04791045725462902,0.21888457518662438
595,1,train,14,0.03907247607985335,0.1976675898569448,0.04791045725462902,0.21888457518662438
595,-1,train,30,0.04791045725462902,0.21888457518662438,0.04791045725462902,0.21888457518662438
596,0,train,16,0.05292341431394887,0.23005089505139698,0.04815918573637748,0.21945201237714243
596,1,train,14,0.04339495715880609,0.20831456300222048,0.04815918573637748,0.21945201237714243
596,-1,train,30,0.04815918573637748,0.21945201237714243,0.04815918573637748,0.21945201237714243
597,0,train,16,0.06765498631588837,0.26010572142090294,0.04708796038833424,0.2169976045681939
597,1,train,14,0.026520934460780108,0.16285249295230364,0.04708796038833424,0.2169976045681939
597,-1,train,30,0.04708796038833424,0.2169976045681939,0.04708796038833424,0.2169976045681939
598,0,train,16,0.026563886256921593,0.16298431291667795,0.049996863378093316,0.22359978394017585
598,1,train,14,0.07342984049926504,0.2709794097330368,0.049996863378093316,0.22359978394017585
598,-1,train,30,0.049996863378093316,0.22359978394017585,0.049996863378093316,0.22359978394017585
599,0,train,16,0.03664415005708297,0.19142661794296784,0.049255608429074005,0.22193604580841303
599,1,train,14,0.06186706680106503,0.24873091243563802,0.049255608429074005,0.22193604580841303
599,-1,train,30,0.049255608429074005,0.22193604580841303,0.049255608429074005,0.22193604580841303
600,0,train,16,0.018825395680972325,0.13720566927416783,0.05050350647600655,0.22472985221373362
600,1,train,14,0.08218161727104077,0.28667336337902194,0.05050350647600655,0.22472985221373362
600,-1,train,30,0.05050350647600655,0.22472985221373362,0.05050350647600655,0.22472985221373362
601,0,train,16,0.058882789961610005,0.2426577630359474,0.04761875346690585,0.21821721624772378
601,1,train,14,0.036354716972201696,0.1906691295731999,0.04761875346690585,0.21821721624772378
601,-1,train,30,0.04761875346690585,0.21821721624772378,0.04761875346690585,0.21821721624772378
602,0,train,16,0.07417832285892507,0.272356976886815,0.046507233246302446,0.21565535756456977
602,1,train,14,0.018836143633679824,0.13724483099075108,0.046507233246302446,0.21565535756456977
602,-1,train,30,0.046507233246302446,0.21565535756456977,0.046507233246302446,0.21565535756456977
603,0,train,16,0.06187146900710653,0.24873976161262704,0.047358938794770586,0.21762108995860346
603,1,train,14,0.032846408582434636,0.18123578173869154,0.047358938794770586,0.21762108995860346
603,-1,train,30,0.047358938794770586,0.21762108995860346,0.047358938794770586,0.21762108995860346
604,0,train,16,0.05255475580490615,0.2292482405710154,0.047999668436249074,0.21908826631348624
604,1,train,14,0.04344458106759199,0.20843363708286625,0.047999668436249074,0.21908826631348624
604,-1,train,30,0.047999668436249074,0.21908826631348624,0.047999668436249074,0.21908826631348624
605,0,train,16,0.049843210337629264,0.22325593012869616,0.04816927302456861,0.21947499407579127
605,1,train,14,0.04649533571150796,0.21562777119728332,0.04816927302456861,0.21947499407579127
605,-1,train,30,0.04816927302456861,0.21947499407579127,0.04816927302456861,0.21947499407579127
606,0,train,16,0.023602939870821238,0.15363248312391894,0.050026346329126066,0.2236657021743076
606,1,train,14,0.0764497527874309,0.2764954842080263,0.050026346329126066,0.2236657021743076
606,-1,train,30,0.050026346329126066,0.2236657021743076,0.050026346329126066,0.2236657021743076
607,0,train,16,0.0359443242613445,0.18958988438559823,0.04911322023962655,0.2216150271069779
607,1,train,14,0.06228211621790859,0.24956385198563633,0.04911322023962655,0.2216150271069779
607,-1,train,30,0.04911322023962655,0.2216150271069779,0.04911322023962655,0.2216150271069779
608,0,train,16,0.06262207247182776,0.2502440258464281,0.04718895055218063,0.21723017873256154
608,1,train,14,0.0317558286325335,0.17820165159878149,0.04718895055218063,0.21723017873256154
608,-1,train,30,0.04718895055218063,0.21723017873256154,0.04718895055218063,0.21723017873256154
609,0,train,16,0.06515662989990097,0.2552579673583196,0.04698071557960311,0.21675035312451768
609,1,train,14,0.028804801259305242,0.16971977274114305,0.04698071557960311,0.21675035312451768
609,-1,train,30,0.04698071557960311,0.21675035312451768,0.04698071557960311,0.21675035312451768
610,0,train,16,0.05455890222127061,0.23357847122813055,0.047712258364599566,0.21843135847354786
610,1,train,14,0.04086561450792853,0.20215245362826673,0.047712258364599566,0.21843135847354786
610,-1,train,30,0.047712258364599566,0.21843135847354786,0.047712258364599566,0.21843135847354786
611,0,train,16,0.02696468491218808,0.16420927169982846,0.04965917912549937,0.2228433959656408
611,1,train,14,0.07235367333881067,0.26898638132591524,0.04965917912549937,0.2228433959656408
611,-1,train,30,0.04965917912549937,0.2228433959656408,0.04965917912549937,0.2228433959656408
612,0,train,16,0.06441488328338933,0.25380087329122675,0.046959989309415945,0.21670253646281104
612,1,train,14,0.02950509533544256,0.17177047282767363,0.046959989309415945,0.21670253646281104
612,-1,train,30,0.046959989309415945,0.21670253646281104,0.046959989309415945,0.21670253646281104
613,0,train,16,0.07210692783445069,0.2685273316339525,0.046390863909291376,0.2153853846232176
613,1,train,14,0.020674799984132065,0.14378734292048123,0.046390863909291376,0.2153853846232176
613,-1,train,30,0.046390863909291376,0.2153853846232176,0.046390863909291376,0.2153853846232176
614,0,train,16,0.03534200927360953,0.1879947054403648,0.048985441234778174,0.22132654887016645
614,1,train,14,0.06262887319594682,0.25025761366229565,0.048985441234778174,0.22132654887016645
614,-1,train,30,0.048985441234778174,0.22132654887016645,0.048985441234778174,0.22132654887016645
615,0,train,16,0.04791925213085063,0.21890466447942727,0.048061223191270375,0.21922870065589126
615,1,train,14,0.048203194251690125,0.21955225858936211,0.048061223191270375,0.21922870065589126
615,-1,train,30,0.048061223191270375,0.21922870065589126,0.048061223191270375,0.21922870065589126
616,0,train,16,0.059174386083070636,0.24325785924214377,0.04723291276927691,0.21733134327399006
616,1,train,14,0.03529143945548317,0.18786015930868144,0.04723291276927691,0.21733134327399006
616,-1,train,30,0.04723291276927691,0.21733134327399006,0.04723291276927691,0.21733134327399006
617,0,train,16,0.050726145352654135,0.2252246552947837,0.04781000301367956,0.2186549862538688
617,1,train,14,0.044893860674704994,0.2118817138752304,0.04781000301367956,0.2186549862538688
617,-1,train,30,0.04781000301367956,0.2186549862538688,0.04781000301367956,0.2186549862538688
618,0,train,16,0.060310331800735285,0.24558161942770734,0.04710102120660063,0.21702769686517118
618,1,train,14,0.033891710612465986,0.18409701413240245,0.04710102120660063,0.21702769686517118
618,-1,train,30,0.04710102120660063,0.21702769686517118,0.04710102120660063,0.21702769686517118
619,0,train,16,0.017071942196551945,0.13065964257012164,0.05016251865969917,0.22396990570096503
619,1,train,14,0.0832530951228464,0.288536124467711,0.05016251865969917,0.22396990570096503
619,-1,train,30,0.05016251865969917,0.22396990570096503,0.05016251865969917,0.22396990570096503
620,0,train,16,0.04088130284361838,0.20219125313331035,0.04843690247898745,0.22008385329003
620,1,train,14,0.055992502114356524,0.2366273486187861,0.04843690247898745,0.22008385329003
620,-1,train,30,0.04843690247898745,0.22008385329003,0.04843690247898745,0.22008385329003
621,0,train,16,0.06229042603999743,0.2495805001196957,0.04688408012510151,0.21652731958139027
621,1,train,14,0.031477734210205575,0.177419655647861,0.04688408012510151,0.21652731958139027
621,-1,train,30,0.04688408012510151,0.21652731958139027,0.04688408012510151,0.21652731958139027
622,0,train,16,0.04301816641823092,0.2074082120318068,0.04823244787860267,0.21961886958684282
622,1,train,14,0.053446729338974416,0.23118548686925486,0.04823244787860267,0.21961886958684282
622,-1,train,30,0.04823244787860267,0.21961886958684282,0.04823244787860267,0.21961886958684282
623,0,train,16,0.025944853869323835,0.16107406330419505,0.049427051024513224,0.22232195353701178
623,1,train,14,0.07290924817970261,0.2700171257155787,0.049427051024513224,0.22232195353701178
623,-1,train,30,0.049427051024513224,0.22232195353701178,0.049427051024513224,0.22232195353701178
624,0,train,16,0.03090830050506328,0.17580756668887515,0.04904376655095064,0.2214582727083155
624,1,train,14,0.067179232596838,0.25918956884264843,0.04904376655095064,0.2214582727083155
624,-1,train,30,0.04904376655095064,0.2214582727083155,0.04904376655095064,0.2214582727083155
625,0,train,16,0.07349052762220533,0.2710913639756998,0.045984289169699766,0.2144394767054326
625,1,train,14,0.0184780507171942,0.13593399397205322,0.045984289169699766,0.2144394767054326
625,-1,train,30,0.045984289169699766,0.2144394767054326,0.045984289169699766,0.2144394767054326
626,0,train,16,0.06534011728721367,0.25561713026949834,0.046534533335121905,0.21571864392101556
626,1,train,14,0.027728949383030145,0.16652011705205513,0.046534533335121905,0.21571864392101556
626,-1,train,30,0.046534533335121905,0.21571864392101556,0.046534533335121905,0.21571864392101556
627,0,train,16,0.02707979598480432,0.16455939956381804,0.04923772231075409,0.22189574649090074
627,1,train,14,0.07139564863670385,0.26719964190975976,0.04923772231075409,0.22189574649090074
627,-1,train,30,0.04923772231075409,0.22189574649090074,0.04923772231075409,0.22189574649090074
628,0,train,16,0.0360723175972607,0.18992713760087235,0.04856776268568791,0.22038094900804814
628,1,train,14,0.061063207774115114,0.2471097079722185,0.04856776268568791,0.22038094900804814
628,-1,train,30,0.04856776268568791,0.22038094900804814,0.04856776268568791,0.22038094900804814
629,0,train,16,0.06848945638882399,0.2617049032571304,0.046227830133479746,0.21500658160502842
629,1,train,14,0.023966203878135497,0.1548102189073302,0.046227830133479746,0.21500658160502842
629,-1,train,30,0.046227830133479746,0.21500658160502842,0.046227830133479746,0.21500658160502842
630,0,train,16,0.040153712418141745,0.2003839125731947,0.04822297712174165,0.21959730672697617
630,1,train,14,0.05629224182534156,0.23725986138692226,0.04822297712174165,0.21959730672697617
630,-1,train,30,0.04822297712174165,0.21959730672697617,0.04822297712174165,0.21959730672697617
631,0,train,16,0.060216117716015614,0.2453897261826901,0.046764094531514644,0.21625007406129285
631,1,train,14,0.03331207134701367,0.18251594819909212,0.046764094531514644,0.21625007406129285
631,-1,train,30,0.046764094531514644,0.21625007406129285,0.046764094531514644,0.21625007406129285
632,0,train,16,0.05138017238170366,0.22667194881966243,0.04736579816265524,0.2176368492757034
632,1,train,14,0.04335142394360682,0.2082100476528614,0.04736579816265524,0.2176368492757034
632,-1,train,30,0.04736579816265524,0.2176368492757034,0.04736579816265524,0.2176368492757034
633,0,train,16,0.062017116552307454,0.2490323604520253,0.04658229305677007,0.21582931463721527
633,1,train,14,0.031147469561232682,0.17648645716097505,0.04658229305677007,0.21582931463721527
633,-1,train,30,0.04658229305677007,0.21582931463721527,0.04658229305677007,0.21582931463721527
634,0,train,16,0.012787378415173889,0.11308129118105209,0.05007138486288631,0.22376636222383003
634,1,train,14,0.08735539131059873,0.29555945478126516,0.05007138486288631,0.22376636222383003
634,-1,train,30,0.05007138486288631,0.22376636222383003,0.05007138486288631,0.22376636222383003
635,0,train,16,0.036261018113185994,0.19042326043103555,0.04836202604759113,0.21991367862775413
635,1,train,14,0.06046303398199626,0.24589232192566782,0.04836202604759113,0.21991367862775413
635,-1,train,30,0.04836202604759113,0.21991367862775413,0.04836202604759113,0.21991367862775413
636,0,train,16,0.017758170246554184,0.13325978480604786,0.04965508850195777,0.22283421752943997
636,1,train,14,0.08155200675736135,0.28557311980885275,0.04965508850195777,0.22283421752943997
636,-1,train,30,0.04965508850195777,0.22283421752943997,0.04965508850195777,0.22283421752943997
637,0,train,16,0.036850722341729744,0.19196541965085728,0.04826400809455693,0.21969071007795693
637,1,train,14,0.05967729384738411,0.24428936499034112,0.04826400809455693,0.21969071007795693
637,-1,train,30,0.04826400809455693,0.21969071007795693,0.04826400809455693,0.21969071007795693
638,0,train,16,0.0533004520545921,0.2308689066431253,0.04706225313330328,0.2169383625210241
638,1,train,14,0.040824054212014474,0.202049633041029,0.04706225313330328,0.2169383625210241
638,-1,train,30,0.04706225313330328,0.2169383625210241,0.04706225313330328,0.2169383625210241
639,0,train,16,0.03871007121288182,0.19674875149002044,0.04807305913173364,0.21925569349901416
639,1,train,14,0.057436047050585456,0.23965818794813887,0.04807305913173364,0.21925569349901416
639,-1,train,30,0.04807305913173364,0.21925569349901416,0.04807305913173364,0.21925569349901416
640,0,train,16,0.030039625006879678,0.17331943055202922,0.04866446224294538,0.2206002317381951
640,1,train,14,0.06728929947901108,0.2594018108630144,0.04866446224294538,0.2206002317381951
640,-1,train,30,0.04866446224294538,0.2206002317381951,0.04866446224294538,0.2206002317381951
641,0,train,16,0.056029289924080246,0.23670506949383285,0.04678080554719423,0.21628870878340883
641,1,train,14,0.03753232117030822,0.19373260223903518,0.04678080554719423,0.21628870878340883
641,-1,train,30,0.04678080554719423,0.21628870878340883,0.04678080554719423,0.21628870878340883
642,0,train,16,0.025073322748433685,0.15834558013545463,0.048960755563341014,0.2212707743090827
642,1,train,14,0.07284818837824834,0.26990403549826436,0.048960755563341014,0.2212707743090827
642,-1,train,30,0.048960755563341014,0.2212707743090827,0.048960755563341014,0.2212707743090827
643,0,train,16,0.06507155851258326,0.2550912748656513,0.04607892188304617,0.21466001463487833
643,1,train,14,0.02708628525350909,0.16457911548404036,0.04607892188304617,0.21466001463487833
643,-1,train,30,0.04607892188304617,0.21466001463487833,0.04607892188304617,0.21466001463487833
644,0,train,16,0.04127042382918741,0.20315123388546624,0.04774560278763511,0.21850767214822253
644,1,train,14,0.054220781746082816,0.23285356288037085,0.04774560278763511,0.21850767214822253
644,-1,train,30,0.04774560278763511,0.21850767214822253,0.04774560278763511,0.21850767214822253
645,0,train,16,0.02770064217776685,0.1664350989958754,0.04868560817276113,0.22064815470055743
645,1,train,14,0.0696705741677554,0.263951840622026,0.04868560817276113,0.22064815470055743
645,-1,train,30,0.04868560817276113,0.22064815470055743,0.04868560817276113,0.22064815470055743
646,0,train,16,0.06462680484259467,0.25421802619522216,0.046021472866225696,0.21452615893225166
646,1,train,14,0.027416140889856715,0.16557820173518226,0.046021472866225696,0.21452615893225166
646,-1,train,30,0.046021472866225696,0.21452615893225166,0.046021472866225696,0.21452615893225166
647,0,train,16,0.04796981484688075,0.21902012429656037,0.047177596649596906,0.21720404381501948
647,1,train,14,0.04638537845231307,0.2153726501956854,0.047177596649596906,0.21720404381501948
647,-1,train,30,0.047177596649596906,0.21720404381501948,0.047177596649596906,0.21720404381501948
648,0,train,16,0.05704875354004927,0.2388488089567316,0.04650297973868688,0.2156454955214388
648,1,train,14,0.035957205937324495,0.18962385381940874,0.04650297973868688,0.2156454955214388
648,-1,train,30,0.04650297973868688,0.2156454955214388,0.04650297973868688,0.2156454955214388
649,0,train,16,0.04720713208479308,0.21727202324457948,0.04717397287488958,0.21719570178732722
649,1,train,14,0.04714081366498608,0.21711935350167677,0.04717397287488958,0.21719570178732722
649,-1,train,30,0.04717397287488958,0.21719570178732722,0.04717397287488958,0.21719570178732722
650,0,train,16,0.03359600348769457,0.18329212609300644,0.04811437591005073,0.21934989379995315
650,1,train,14,0.06263274833240688,0.2502653558373729,0.04811437591005073,0.21934989379995315
650,-1,train,30,0.04811437591005073,0.21934989379995315,0.04811437591005073,0.21934989379995315
651,0,train,16,0.06798440220023909,0.2607381870770737,0.04563280399334799,0.2136183606185292
651,1,train,14,0.023281205786456878,0.15258180031201912,0.04563280399334799,0.2136183606185292
651,-1,train,30,0.04563280399334799,0.2136183606185292,0.04563280399334799,0.2136183606185292
652,0,train,16,0.07808377250420394,0.27943473746870473,0.0448865941163007,0.2118645655042407
652,1,train,14,0.01168941572839746,0.10811760138107698,0.0448865941163007,0.2118645655042407
652,-1,train,30,0.0448865941163007,0.2118645655042407,0.0448865941163007,0.2118645655042407
653,0,train,16,0.06371778542178157,0.252423821026823,0.04587568162343411,0.2141860911063884
653,1,train,14,0.028033577825086652,0.16743230818777674,0.04587568162343411,0.2141860911063884
653,-1,train,30,0.04587568162343411,0.2141860911063884,0.04587568162343411,0.2141860911063884
654,0,train,16,0.02091732325294297,0.14462822426118274,0.04890033558176797,0.22113420265026387
654,1,train,14,0.07688334791059297,0.27727846636656256,0.04890033558176797,0.22113420265026387
654,-1,train,30,0.04890033558176797,0.22113420265026387,0.04890033558176797,0.22113420265026387
655,0,train,16,0.04283732749486904,0.2069718036227859,0.04730499495489005,0.21749711481969147
655,1,train,14,0.05177266241491106,0.22753606838237989,0.04730499495489005,0.21749711481969147
655,-1,train,30,0.04730499495489005,0.21749711481969147,0.04730499495489005,0.21749711481969147
656,0,train,16,0.052255033743942615,0.22859359952532052,0.04660320119300891,0.21587774594202366
656,1,train,14,0.040951368642075214,0.20236444510356857,0.04660320119300891,0.21587774594202366
656,-1,train,30,0.04660320119300891,0.21587774594202366,0.04660320119300891,0.21587774594202366
657,0,train,16,0.010093257551425407,0.10046520567552433,0.04958476419582136,0.2226763664959112
657,1,train,14,0.08907627084021733,0.2984564806470406,0.04958476419582136,0.2226763664959112
657,-1,train,30,0.04958476419582136,0.2226763664959112,0.04958476419582136,0.2226763664959112
658,0,train,16,0.016912672641486392,0.1300487317949944,0.04906783297801949,0.2215126023006806
658,1,train,14,0.08122299331455259,0.2849964794774711,0.04906783297801949,0.2215126023006806
658,-1,train,30,0.04906783297801949,0.2215126023006806,0.04906783297801949,0.2215126023006806
659,0,train,16,0.046569733830201875,0.21580021740072894,0.04691741893399863,0.2166042911255422
659,1,train,14,0.04726510403779538,0.21740539100444445,0.04691741893399863,0.2166042911255422
659,-1,train,30,0.04691741893399863,0.2166042911255422,0.04691741893399863,0.2166042911255422
660,0,train,16,0.04314537915621045,0.20771465801962666,0.047131059626986764,0.2170968899523592
660,1,train,14,0.051116740097763076,0.22609011499347573,0.047131059626986764,0.2170968899523592
660,-1,train,30,0.047131059626986764,0.2170968899523592,0.047131059626986764,0.2170968899523592
661,0,train,16,0.04207651599502891,0.20512561028557333,0.04717553314781987,0.2171992936172212
661,1,train,14,0.052274550300610845,0.22863628386721746,0.04717553314781987,0.2171992936172212
661,-1,train,30,0.04717553314781987,0.2171992936172212,0.04717553314781987,0.2171992936172212
662,0,train,16,0.06287656590037466,0.25075200079037185,0.04566292641709838,0.21368885421822634
662,1,train,14,0.028449286933822104,0.16866916414633146,0.04566292641709838,0.21368885421822634
662,-1,train,30,0.04566292641709838,0.21368885421822634,0.04566292641709838,0.21368885421822634
663,0,train,16,0.050798250357209807,0.22538467196597423,0.04649266202075002,0.21562157132520396
663,1,train,14,0.04218707368429022,0.20539492127190054,0.04649266202075002,0.21562157132520396
663,-1,train,30,0.04649266202075002,0.21562157132520396,0.04649266202075002,0.21562157132520396
664,0,train,16,0.05434375536087079,0.233117471161796,0.046208753906580496,0.21496221506716126
664,1,train,14,0.038073752452290194,0.1951249662454556,0.046208753906580496,0.21496221506716126
664,-1,train,30,0.046208753906580496,0.21496221506716126,0.046208753906580496,0.21496221506716126
665,0,train,16,0.04396490643097683,0.20967810193479153,0.04691709918310537,0.2166035530251186
665,1,train,14,0.04986929193523391,0.22331433437026363,0.04691709918310537,0.2166035530251186
665,-1,train,30,0.04691709918310537,0.2166035530251186,0.04691709918310537,0.2166035530251186
666,0,train,16,0.0276395557392398,0.16625148341966697,0.04805246238090536,0.21920871876115092
666,1,train,14,0.06846536902257092,0.2616588791204512,0.04805246238090536,0.21920871876115092
666,-1,train,30,0.04805246238090536,0.21920871876115092,0.04805246238090536,0.21920871876115092
667,0,train,16,0.016846309300914124,0.12979333303723317,0.04879629448908804,0.22089883315465483
667,1,train,14,0.08074627967726195,0.2841588986416965,0.04879629448908804,0.22089883315465483
667,-1,train,30,0.04879629448908804,0.22089883315465483,0.04879629448908804,0.22089883315465483
668,0,train,16,0.055866587318668746,0.23636113749656212,0.045980459211595257,0.21443054635847772
668,1,train,14,0.036094331104521774,0.18998508126829794,0.045980459211595257,0.21443054635847772
668,-1,train,30,0.045980459211595257,0.21443054635847772,0.045980459211595257,0.21443054635847772
669,0,train,16,0.05050417929770983,0.2247313491654198,0.04633156563610248,0.21524768439196384
669,1,train,14,0.04215895197449513,0.20532645220354617,0.04633156563610248,0.21524768439196384
669,-1,train,30,0.04633156563610248,0.21524768439196384,0.04633156563610248,0.21524768439196384
670,0,train,16,0.059861704119657744,0.2446665161391271,0.04563419044831528,0.21362160576195302
670,1,train,14,0.031406676776972814,0.17721929008144913,0.04563419044831528,0.21362160576195302
670,-1,train,30,0.04563419044831528,0.21362160576195302,0.04563419044831528,0.21362160576195302
671,0,train,16,0.040387731733581275,0.20096699165181647,0.04699028732178008,0.21677243210745245
671,1,train,14,0.05359284290997889,0.2315012805795659,0.04699028732178008,0.21677243210745245
671,-1,train,30,0.04699028732178008,0.21677243210745245,0.04699028732178008,0.21677243210745245
672,0,train,16,0.026446622863977295,0.16262417675111315,0.04796261491888714,0.21900368699838627
672,1,train,14,0.06947860697379699,0.2635879492196049,0.04796261491888714,0.21900368699838627
672,-1,train,30,0.04796261491888714,0.21900368699838627,0.04796261491888714,0.21900368699838627
673,0,train,16,0.058047284369390544,0.24093004040465885,0.04567335831322324,0.21371326190300696
673,1,train,14,0.03329943225705594,0.18248132029623182,0.04567335831322324,0.21371326190300696
673,-1,train,30,0.04567335831322324,0.21371326190300696,0.04567335831322324,0.21371326190300696
674,0,train,16,0.04997180629880938,0.22354374582799086,0.04621656745324719,0.2149803885317151
674,1,train,14,0.04246132860768499,0.20606146803244169,0.04621656745324719,0.2149803885317151
674,-1,train,30,0.04621656745324719,0.2149803885317151,0.04621656745324719,0.2149803885317151
675,0,train,16,0.03878790798991568,0.19694645970394004,0.04698559290655463,0.21676160385675924
675,1,train,14,0.05518327782319358,0.23491121263829357,0.04698559290655463,0.21676160385675924
675,-1,train,30,0.04698559290655463,0.21676160385675924,0.04698559290655463,0.21676160385675924
676,0,train,16,0.03795372937785165,0.1948171691043981,0.04701394971043083,0.2168270041079543
676,1,train,14,0.05607417004301001,0.23679985228671493,0.04701394971043083,0.2168270041079543
676,-1,train,30,0.04701394971043083,0.2168270041079543,0.04701394971043083,0.2168270041079543
677,0,train,16,0.024736644404636906,0.15727887462922954,0.04792894281468702,0.21892679784504915
677,1,train,14,0.07112124122473713,0.2666856599533187,0.04792894281468702,0.21892679784504915
677,-1,train,30,0.04792894281468702,0.21892679784504915,0.04792894281468702,0.21892679784504915
678,0,train,16,0.03448205079168496,0.18569343227934842,0.04720228001278794,0.21726085706539025
678,1,train,14,0.059922509233890905,0.2447907458093359,0.04720228001278794,0.21726085706539025
678,-1,train,30,0.04720228001278794,0.21726085706539025,0.04720228001278794,0.21726085706539025
679,0,train,16,0.0366233541829201,0.19137229209820344,0.04701812885618778,0.21683664094471622
679,1,train,14,0.05741290352945545,0.23960989864664492,0.04701812885618778,0.21683664094471622
679,-1,train,30,0.04701812885618778,0.21683664094471622,0.04701812885618778,0.21683664094471622
680,0,train,16,0.03356445043726098,0.1832060327534576,0.047206109005042046,0.21726966885656646
680,1,train,14,0.06084776757282312,0.24667340264573137,0.047206109005042046,0.21726966885656646
680,-1,train,30,0.047206109005042046,0.21726966885656646,0.047206109005042046,0.21726966885656646
681,0,train,16,0.00996468251168041,0.09982325636684275,0.04886429551082754,0.22105269849252585
681,1,train,14,0.08776390850997468,0.29624974010110905,0.04886429551082754,0.22105269849252585
681,-1,train,30,0.04886429551082754,0.22105269849252585,0.04886429551082754,0.22105269849252585
682,0,train,16,0.044722499267914474,0.2114769473675901,0.04635099343649258,0.21529280860375383
682,1,train,14,0.04797948760507068,0.21904220507717384,0.04635099343649258,0.21529280860375383
682,-1,train,30,0.04635099343649258,0.21529280860375383,0.04635099343649258,0.21529280860375383
683,0,train,16,0.04308326369399986,0.2075650830318044,0.04643602717150437,0.2154902020313322
683,1,train,14,0.049788790649008874,0.22313401947934536,0.04643602717150437,0.2154902020313322
683,-1,train,30,0.04643602717150437,0.2154902020313322,0.04643602717150437,0.2154902020313322
684,0,train,16,0.04085539912409288,0.20212718551469736,0.04656388742940057,0.21578667111154148
684,1,train,14,0.052272375734708255,0.22863152830418698,0.04656388742940057,0.21578667111154148
684,-1,train,30,0.04656388742940057,0.21578667111154148,0.04656388742940057,0.21578667111154148
685,0,train,16,0.05049546188301194,0.22471195313781583,0.045845841500169765,0.21411642043563536
685,1,train,14,0.04119622111732758,0.20296852247904743,0.045845841500169765,0.21411642043563536
685,-1,train,30,0.045845841500169765,0.21411642043563536,0.045845841500169765,0.21411642043563536
686,0,train,16,0.021198132427101665,0.14559578437269968,0.04790729200570438,0.2188773446606669
686,1,train,14,0.07461645158430709,0.27316012077956603,0.04790729200570438,0.2188773446606669
686,-1,train,30,0.04790729200570438,0.2188773446606669,0.04790729200570438,0.2188773446606669
687,0,train,16,0.06294618190186575,0.2508907768369849,0.044898242896007294,0.2118920548203903
687,1,train,14,0.026850303890148832,0.16386062336677726,0.044898242896007294,0.2118920548203903
687,-1,train,30,0.044898242896007294,0.2118920548203903,0.044898242896007294,0.2118920548203903
688,0,train,16,0.030766456071534855,0.1754036945777792,0.047158722582388984,0.21716059168824575
688,1,train,14,0.06355098909324311,0.2520932150876796,0.047158722582388984,0.21716059168824575
688,-1,train,30,0.047158722582388984,0.21716059168824575,0.047158722582388984,0.21716059168824575
689,0,train,16,0.05561298072106263,0.23582404610442642,0.045360113341591624,0.21297913827788773
689,1,train,14,0.035107245962120615,0.18736927699631178,0.045360113341591624,0.21297913827788773
689,-1,train,30,0.045360113341591624,0.21297913827788773,0.045360113341591624,0.21297913827788773
690,0,train,16,0.04482033221571124,0.2117081297818089,0.04609485074132749,0.21469711395667965
690,1,train,14,0.04736936926694374,0.21764505339415308,0.04609485074132749,0.21469711395667965
690,-1,train,30,0.04609485074132749,0.21469711395667965,0.04609485074132749,0.21469711395667965
691,0,train,16,0.028804350592928938,0.16971844505806946,0.047206372118619194,0.21727027435574153
691,1,train,14,0.06560839364430945,0.25614135481079475,0.047206372118619194,0.21727027435574153
691,-1,train,30,0.047206372118619194,0.21727027435574153,0.047206372118619194,0.21727027435574153
692,0,train,16,0.054658043290633666,0.23379059709627686,0.045331476387645425,0.21291189818242998
692,1,train,14,0.03600490948465718,0.18974959679708722,0.045331476387645425,0.21291189818242998
692,-1,train,30,0.045331476387645425,0.21291189818242998,0.045331476387645425,0.21291189818242998
693,0,train,16,0.07528112820392409,0.2743740662014617,0.04383615624798842,0.20937085816318474
693,1,train,14,0.01239118429205276,0.11131569652143744,0.04383615624798842,0.20937085816318474
693,-1,train,30,0.04383615624798842,0.20937085816318474,0.04383615624798842,0.20937085816318474
694,0,train,16,0.06182578684602161,0.24864791743753176,0.04475874148617419,0.2115626183572471
694,1,train,14,0.027691696126326763,0.166408221330338,0.04475874148617419,0.2115626183572471
694,-1,train,30,0.04475874148617419,0.2115626183572471,0.04475874148617419,0.2115626183572471
695,0,train,16,0.06843035180385564,0.2615919566879984,0.04425541722899924,0.2103697155699918
695,1,train,14,0.02008048265414285,0.1417056196985245,0.04425541722899924,0.2103697155699918
695,-1,train,30,0.04425541722899924,0.2103697155699918,0.04425541722899924,0.2103697155699918
696,0,train,16,0.04199334045675814,0.20492276705324408,0.0461091586118028,0.21473043243053092
696,1,train,14,0.050224976766847465,0.22410929647573183,0.0461091586118028,0.21473043243053092
696,-1,train,30,0.0461091586118028,0.21473043243053092,0.0461091586118028,0.21473043243053092
697,0,train,16,0.07131283048652777,0.26704462265046225,0.04398870126501739,0.2097348356020463
697,1,train,14,0.016664572043507,0.12909133217806298,0.04398870126501739,0.2097348356020463
697,-1,train,30,0.04398870126501739,0.2097348356020463,0.04398870126501739,0.2097348356020463
698,0,train,16,0.05305345245816234,0.23033335072924707,0.04525663670929984,0.21273607289150526
698,1,train,14,0.03745982096043733,0.19354539767309717,0.04525663670929984,0.21273607289150526
698,-1,train,30,0.04525663670929984,0.21273607289150526,0.04525663670929984,0.21273607289150526
699,0,train,16,0.05595124585941582,0.23654015697004985,0.04502062258499137,0.21218063668721368
699,1,train,14,0.034089999310566915,0.18463477275574858,0.04502062258499137,0.21218063668721368
699,-1,train,30,0.04502062258499137,0.21218063668721368,0.04502062258499137,0.21218063668721368
700,0,train,16,0.05847794556082727,0.24182213620929593,0.04480753619611018,0.21167790672649373
700,1,train,14,0.031137126831393087,0.17645715296182551,0.04480753619611018,0.21167790672649373
700,-1,train,30,0.04480753619611018,0.21167790672649373,0.04480753619611018,0.21167790672649373
701,0,train,16,0.04287456452064148,0.20706174084229437,0.04588956344142826,0.21421849462973142
701,1,train,14,0.048904562362215055,0.22114375949190845,0.04588956344142826,0.21421849462973142
701,-1,train,30,0.04588956344142826,0.21421849462973142,0.04588956344142826,0.21421849462973142
702,0,train,16,0.03806440997071518,0.19510102503758195,0.0462009081462228,0.21494396513096803
702,1,train,14,0.054337406321730404,0.23310385308211962,0.0462009081462228,0.21494396513096803
702,-1,train,30,0.0462009081462228,0.21494396513096803,0.0462009081462228,0.21494396513096803
703,0,train,16,0.048426654013154234,0.2200605689648971,0.04542851333249614,0.21313965687430422
703,1,train,14,0.04243037265183804,0.20598634093511647,0.04542851333249614,0.21313965687430422
703,-1,train,30,0.04542851333249614,0.21313965687430422,0.04542851333249614,0.21313965687430422
704,0,train,16,0.06141533657324975,0.24782117862129893,0.0444704465763501,0.21088017113126142
704,1,train,14,0.027525556579450456,0.16590827760979998,0.0444704465763501,0.21088017113126142
704,-1,train,30,0.0444704465763501,0.21088017113126142,0.0444704465763501,0.21088017113126142
705,0,train,16,0.038046772282345286,0.19505581837603636,0.046105913851754755,0.21472287687099098
705,1,train,14,0.054165055421164225,0.23273387252646363,0.046105913851754755,0.21472287687099098
705,-1,train,30,0.046105913851754755,0.21472287687099098,0.046105913851754755,0.21472287687099098
706,0,train,16,0.05774373219660342,0.24029925550572023,0.044669544889484346,0.21135170898169797
706,1,train,14,0.03159535758236527,0.17775083004690942,0.044669544889484346,0.21135170898169797
706,-1,train,30,0.044669544889484346,0.21135170898169797,0.044669544889484346,0.21135170898169797
707,0,train,16,0.024670318729849306,0.15706787937019237,0.04700199993225156,0.21679944633751158
707,1,train,14,0.06933368113465382,0.2633128958760923,0.04700199993225156,0.21679944633751158
707,-1,train,30,0.04700199993225156,0.21679944633751158,0.04700199993225156,0.21679944633751158
708,0,train,16,0.06531015917952047,0.2555585239813387,0.044066402292356935,0.20991999021617005
708,1,train,14,0.022822645405193402,0.15107165652495308,0.044066402292356935,0.20991999021617005
708,-1,train,30,0.044066402292356935,0.20991999021617005,0.044066402292356935,0.20991999021617005
709,0,train,16,0.02404727116725347,0.15507182583323598,0.046975928649034784,0.21673931034548113
709,1,train,14,0.0699045861308161,0.26439475435570975,0.046975928649034784,0.21673931034548113
709,-1,train,30,0.046975928649034784,0.21673931034548113,0.046975928649034784,0.21673931034548113
710,0,train,16,0.03132599332982661,0.17699150637764122,0.046423389233058485,0.21546087633966982
710,1,train,14,0.06152078513629036,0.2480338386920026,0.046423389233058485,0.21546087633966982
710,-1,train,30,0.046423389233058485,0.21546087633966982,0.046423389233058485,0.21546087633966982
711,0,train,16,0.04809969305820402,0.21931642222643524,0.04519437785202374,0.21258969366369512
711,1,train,14,0.04228906264584346,0.20564304667516345,0.04519437785202374,0.21258969366369512
711,-1,train,30,0.04519437785202374,0.21258969366369512,0.04519437785202374,0.21258969366369512
712,0,train,16,0.04199314580639902,0.20492229211679003,0.04559818405330866,0.21353731302352913
712,1,train,14,0.0492032223002183,0.221817993634913,0.04559818405330866,0.21353731302352913
712,-1,train,30,0.04559818405330866,0.21353731302352913,0.04559818405330866,0.21353731302352913
713,0,train,16,0.030558906431433608,0.17481105923663298,0.04638026722519878,0.21536078386094062
713,1,train,14,0.06220162801896395,0.24940254212610574,0.04638026722519878,0.21536078386094062
713,-1,train,30,0.04638026722519878,0.21536078386094062,0.04638026722519878,0.21536078386094062
714,0,train,16,0.024680883750236984,0.15710150779109977,0.04676855093859801,0.21626037764370526
714,1,train,14,0.06885621812695904,0.2624046838891391,0.04676855093859801,0.21626037764370526
714,-1,train,30,0.04676855093859801,0.21626037764370526,0.04676855093859801,0.21626037764370526
715,0,train,16,0.03854101790027314,0.19631866416689253,0.04574497431200433,0.21388074787601696
715,1,train,14,0.05294893072373553,0.23010634655249196,0.04574497431200433,0.21388074787601696
715,-1,train,30,0.04574497431200433,0.21388074787601696,0.04574497431200433,0.21388074787601696
716,0,train,16,0.015927191605212773,0.1262029777985162,0.047324816715633974,0.21754267791776852
716,1,train,14,0.07872244182605517,0.28057519816629406,0.047324816715633974,0.21754267791776852
716,-1,train,30,0.047324816715633974,0.21754267791776852,0.047324816715633974,0.21754267791776852
717,0,train,16,0.045674157125518394,0.21371513078282126,0.045169395623131894,0.21253092862718098
717,1,train,14,0.0446646341207454,0.2113400911345157,0.045169395623131894,0.21253092862718098
717,-1,train,30,0.045169395623131894,0.21253092862718098,0.045169395623131894,0.21253092862718098
718,0,train,16,0.02696550220149653,0.16421176024114878,0.04646892341460578,0.21556651737829274
718,1,train,14,0.06597234462771503,0.25685082173844614,0.04646892341460578,0.21556651737829274
718,-1,train,30,0.04646892341460578,0.21556651737829274,0.04646892341460578,0.21556651737829274
719,0,train,16,0.07503249607585805,0.2739206017733205,0.043016624527721946,0.20740449495544194
719,1,train,14,0.01100075297958584,0.10488447444491411,0.043016624527721946,0.20740449495544194
719,-1,train,30,0.043016624527721946,0.20740449495544194,0.043016624527721946,0.20740449495544194
720,0,train,16,0.03269894955617238,0.18082850869310507,0.045996911536935386,0.21446890575777036
720,1,train,14,0.05929487351769839,0.24350538704040695,0.045996911536935386,0.21446890575777036
720,-1,train,30,0.045996911536935386,0.21446890575777036,0.045996911536935386,0.21446890575777036
721,0,train,16,0.04510489535867923,0.21237913117507387,0.04507356698723532,0.21230536259650937
721,1,train,14,0.04504223861579141,0.2122315683770711,0.04507356698723532,0.21230536259650937
721,-1,train,30,0.04507356698723532,0.21230536259650937,0.04507356698723532,0.21230536259650937
722,0,train,16,0.06615922749825187,0.2572143609875854,0.04354096970364193,0.2086647303778047
722,1,train,14,0.02092271190903198,0.14464685239932454,0.04354096970364193,0.2086647303778047
722,-1,train,30,0.04354096970364193,0.2086647303778047,0.04354096970364193,0.2086647303778047
723,0,train,16,0.038713296556551625,0.19675694792446752,0.045459518454568075,0.21321237875547489
723,1,train,14,0.052205740352584525,0.22848575525092266,0.045459518454568075,0.21321237875547489
723,-1,train,30,0.045459518454568075,0.21321237875547489,0.045459518454568075,0.21321237875547489
724,0,train,16,0.06389084638491677,0.2527663869760312,0.04363086297725794,0.20888002053154328
724,1,train,14,0.02337087956959912,0.15287537267198767,0.04363086297725794,0.20888002053154328
724,-1,train,30,0.04363086297725794,0.20888002053154328,0.04363086297725794,0.20888002053154328
725,0,train,16,0.07453881728374355,0.27301797978108244,0.04283940885999671,0.20697683169861478
725,1,train,14,0.011140000436249863,0.1055462004823,0.04283940885999671,0.20697683169861478
725,-1,train,30,0.04283940885999671,0.20697683169861478,0.04283940885999671,0.20697683169861478
726,0,train,16,0.015078197771963073,0.12279331322170224,0.04704653109165035,0.2169021232990824
726,1,train,14,0.07901486441133762,0.2810958278084853,0.04704653109165035,0.2169021232990824
726,-1,train,30,0.04704653109165035,0.2169021232990824,0.04704653109165035,0.2169021232990824
727,0,train,16,0.06812863564220716,0.2610146272571849,0.04322602761623414,0.20790870019370075
727,1,train,14,0.018323419590261125,0.13536402620438387,0.04322602761623414,0.20790870019370075
727,-1,train,30,0.04322602761623414,0.20790870019370075,0.04322602761623414,0.20790870019370075
728,0,train,16,0.03664605300432078,0.1914315883137388,0.04543451447533152,0.2131537343687216
728,1,train,14,0.05422297594634226,0.2328582743780909,0.04543451447533152,0.2131537343687216
728,-1,train,30,0.04543451447533152,0.2131537343687216,0.04543451447533152,0.2131537343687216
729,0,train,16,0.058069429971028284,0.24097599459495606,0.043871766835259444,0.20945588278981195
729,1,train,14,0.0296741036994906,0.17226173022320018,0.043871766835259444,0.20945588278981195
729,-1,train,30,0.043871766835259444,0.20945588278981195,0.043871766835259444,0.20945588278981195
730,0,train,16,0.06897382312528753,0.262628679175157,0.04306069212110231,0.20751070363020388
730,1,train,14,0.017147561116917096,0.1309486965071325,0.04306069212110231,0.20751070363020388
730,-1,train,30,0.04306069212110231,0.20751070363020388,0.04306069212110231,0.20751070363020388
731,0,train,16,0.04659557234014552,0.21586007583651387,0.04461930735080182,0.21123282735124724
731,1,train,14,0.042643042361458126,0.20650191854183372,0.04461930735080182,0.21123282735124724
731,-1,train,30,0.04461930735080182,0.21123282735124724,0.04461930735080182,0.21123282735124724
732,0,train,16,0.047579184928155105,0.21812653421387115,0.044513192318136954,0.21098149757297902
732,1,train,14,0.0414471997081188,0.2035858534086266,0.044513192318136954,0.21098149757297902
732,-1,train,30,0.044513192318136954,0.21098149757297902,0.044513192318136954,0.21098149757297902
733,0,train,16,0.03972977997473891,0.1993233051470372,0.045037092734823946,0.21221944476136947
733,1,train,14,0.050344405494908984,0.22437559023857515,0.045037092734823946,0.21221944476136947
733,-1,train,30,0.045037092734823946,0.21221944476136947,0.045037092734823946,0.21221944476136947
734,0,train,16,0.05633426119364171,0.23734839623145068,0.043820557823903074,0.20933360414396698
734,1,train,14,0.03130685445416444,0.17693743090189942,0.043820557823903074,0.20933360414396698
734,-1,train,30,0.043820557823903074,0.20933360414396698,0.043820557823903074,0.20933360414396698
735,0,train,16,0.03829435397256108,0.1956894324498926,0.045070847218502755,0.21229895717714384
735,1,train,14,0.05184734046444443,0.2277001108134215,0.045070847218502755,0.21229895717714384
735,-1,train,30,0.045070847218502755,0.21229895717714384,0.045070847218502755,0.21229895717714384
736,0,train,16,0.0370752748413131,0.1925494088313779,0.04512124492481218,0.2124176191487236
736,1,train,14,0.053167215008311265,0.2305801704577201,0.04512124492481218,0.2124176191487236
736,-1,train,30,0.04512124492481218,0.2124176191487236,0.04512124492481218,0.2124176191487236
737,0,train,16,0.04340092260909461,0.20832888088091533,0.044633006217974516,0.21126525085298462
737,1,train,14,0.04586508982685442,0.21416136399186111,0.044633006217974516,0.21126525085298462
737,-1,train,30,0.044633006217974516,0.21126525085298462,0.044633006217974516,0.21126525085298462
738,0,train,16,0.015561325941000589,0.12474504375325134,0.046587131593626846,0.21584052352055405
738,1,train,14,0.07761293724625311,0.27859098557967216,0.046587131593626846,0.21584052352055405
738,-1,train,30,0.046587131593626846,0.21584052352055405,0.046587131593626846,0.21584052352055405
739,0,train,16,0.032111508447125285,0.17919684273760317,0.0453675098892746,0.21299650205877702
739,1,train,14,0.05862351133142392,0.2421229260756278,0.0453675098892746,0.21299650205877702
739,-1,train,30,0.0453675098892746,0.21299650205877702,0.0453675098892746,0.21299650205877702
740,0,train,16,0.05254349212937631,0.22922367270719732,0.043877598694485466,0.20946980377726396
740,1,train,14,0.03521170525959462,0.18764782242167005,0.043877598694485466,0.20946980377726396
740,-1,train,30,0.043877598694485466,0.20946980377726396,0.043877598694485466,0.20946980377726396
741,0,train,16,0.04885633098304423,0.22103468276052116,0.044100101382051726,0.2100002413856987
741,1,train,14,0.03934387178105923,0.19835289708259676,0.044100101382051726,0.2100002413856987
741,-1,train,30,0.044100101382051726,0.2100002413856987,0.044100101382051726,0.2100002413856987
742,0,train,16,0.014072381844296072,0.11862707045314771,0.046543588459835084,0.21573963117571857
742,1,train,14,0.0790147950753741,0.28109570447691673,0.046543588459835084,0.21573963117571857
742,-1,train,30,0.046543588459835084,0.21573963117571857,0.046543588459835084,0.21573963117571857
743,0,train,16,0.044963248522290104,0.21204539259858984,0.044302572354157806,0.21048176252150164
743,1,train,14,0.04364189618602551,0.20890642925967,0.044302572354157806,0.21048176252150164
743,-1,train,30,0.044302572354157806,0.21048176252150164,0.044302572354157806,0.21048176252150164
744,0,train,16,0.050555093890548936,0.22484459942491156,0.04386649301011466,0.20944329306548506
744,1,train,14,0.03717789212968038,0.19281569471824742,0.04386649301011466,0.20944329306548506
744,-1,train,30,0.04386649301011466,0.20944329306548506,0.04386649301011466,0.20944329306548506
745,0,train,16,0.05543908067193304,0.23545505021539256,0.04348179599111718,0.2085228908084606
745,1,train,14,0.03152451131030132,0.1775514328590488,0.04348179599111718,0.2085228908084606
745,-1,train,30,0.04348179599111718,0.2085228908084606,0.04348179599111718,0.2085228908084606
746,0,train,16,0.023488832815168535,0.1532606694986308,0.04572589001193099,0.21383612887426434
746,1,train,14,0.06796294720869345,0.260697041043226,0.04572589001193099,0.21383612887426434
746,-1,train,30,0.04572589001193099,0.21383612887426434,0.04572589001193099,0.21383612887426434
747,0,train,16,0.06013491997246523,0.24522422386963574,0.04307429611646115,0.20754348006251883
747,1,train,14,0.02601367226045707,0.16128754527382785,0.04307429611646115,0.20754348006251883
747,-1,train,30,0.04307429611646115,0.20754348006251883,0.04307429611646115,0.20754348006251883
748,0,train,16,0.05267792929933413,0.22951672988985822,0.043569374882476114,0.20873278343967944
748,1,train,14,0.0344608204656181,0.185636258488524,0.043569374882476114,0.20873278343967944
748,-1,train,30,0.043569374882476114,0.20873278343967944,0.043569374882476114,0.20873278343967944
749,0,train,16,0.032045896040392846,0.17901367556807732,0.04500320139506969,0.21213957998230715
749,1,train,14,0.05796050674974654,0.24074988421543744,0.04500320139506969,0.21213957998230715
749,-1,train,30,0.04500320139506969,0.21213957998230715,0.04500320139506969,0.21213957998230715
750,0,train,16,0.03154075242092012,0.17759716332453096,0.04500236615937795,0.21213761137379186
750,1,train,14,0.05846397989783578,0.24179325858641257,0.04500236615937795,0.21213761137379186
750,-1,train,30,0.04500236615937795,0.21213761137379186,0.04500236615937795,0.21213761137379186
751,0,train,16,0.043901057356068134,0.2095257916249647,0.04408511331358897,0.2099645525168212
751,1,train,14,0.04426916927110981,0.2104023984442901,0.04408511331358897,0.2099645525168212
751,-1,train,30,0.04408511331358897,0.2099645525168212,0.04408511331358897,0.2099645525168212
752,0,train,16,0.059390276055454994,0.24370120240871812,0.04294510793810699,0.2072320147518404
752,1,train,14,0.026499939820758982,0.16278802112182267,0.04294510793810699,0.2072320147518404
752,-1,train,30,0.04294510793810699,0.2072320147518404,0.04294510793810699,0.2072320147518404
753,0,train,16,0.050931454008107495,0.22567998140753975,0.043509933283900334,0.20859034801231896
753,1,train,14,0.03608841255969318,0.18996950428869677,0.043509933283900334,0.20859034801231896
753,-1,train,30,0.043509933283900334,0.20859034801231896,0.043509933283900334,0.20859034801231896
754,0,train,16,0.05291310823044756,0.23002849438808132,0.04333178599129159,0.20816288331806798
754,1,train,14,0.033750463752135626,0.18371299287784634,0.04333178599129159,0.20816288331806798
754,-1,train,30,0.04333178599129159,0.20816288331806798,0.04333178599129159,0.20816288331806798
755,0,train,16,0.05225112308419027,0.22858504562676507,0.043342372946792225,0.20818831126360632
755,1,train,14,0.03443362280939418,0.18556298879193064,0.043342372946792225,0.20818831126360632
755,-1,train,30,0.043342372946792225,0.20818831126360632,0.043342372946792225,0.20818831126360632
756,0,train,16,0.04087815417939741,0.20218346663215914,0.044116094087611135,0.2100383157607467
756,1,train,14,0.04735403399582487,0.21760982054085903,0.044116094087611135,0.2100383157607467
756,-1,train,30,0.044116094087611135,0.2100383157607467,0.044116094087611135,0.2100383157607467
757,0,train,16,0.04029620156213951,0.20073913809254915,0.044119798985882516,0.21004713515276163
757,1,train,14,0.04794339640962552,0.21895980546581037,0.044119798985882516,0.21004713515276163
757,-1,train,30,0.044119798985882516,0.21004713515276163,0.044119798985882516,0.21004713515276163
758,0,train,16,0.07046362562332442,0.26544985519552355,0.041945036616055115,0.20480487449290632
758,1,train,14,0.013426447608785804,0.1158725489871773,0.041945036616055115,0.20480487449290632
758,-1,train,30,0.041945036616055115,0.20480487449290632,0.041945036616055115,0.20480487449290632
759,0,train,16,0.0387507216267732,0.1968520297755987,0.04415474626689525,0.21013030782563294
759,1,train,14,0.049558770907017304,0.22261799322385714,0.04415474626689525,0.21013030782563294
759,-1,train,30,0.04415474626689525,0.21013030782563294,0.04415474626689525,0.21013030782563294
760,0,train,16,0.02505235503635696,0.15827935758132505,0.04509968562612632,0.21236686565028529
760,1,train,14,0.06514701621589568,0.2552391353532911,0.04509968562612632,0.21236686565028529
760,-1,train,30,0.04509968562612632,0.21236686565028529,0.04509968562612632,0.21236686565028529
761,0,train,16,0.04502754253315846,0.21219694279880297,0.04363540669044212,0.20889089661936472
761,1,train,14,0.04224327084772578,0.20553167845304474,0.04363540669044212,0.20889089661936472
761,-1,train,30,0.04363540669044212,0.20889089661936472,0.04363540669044212,0.20889089661936472
762,0,train,16,0.053631723034824365,0.23158523924210792,0.04298525993658703,0.20732886903802622
762,1,train,14,0.032338796838349684,0.17982991085564626,0.04298525993658703,0.20732886903802622
762,-1,train,30,0.04298525993658703,0.20732886903802622,0.04298525993658703,0.20732886903802622
763,0,train,16,0.025616346410249385,0.16005107438017835,0.04494546334039244,0.21200345124641826
763,1,train,14,0.0642745802705355,0.25352431889374144,0.04494546334039244,0.21200345124641826
763,-1,train,30,0.04494546334039244,0.21200345124641826,0.04494546334039244,0.21200345124641826
764,0,train,16,0.028687419365297086,0.169373608821732,0.044685111706940304,0.21138853258145368
764,1,train,14,0.06068280404858352,0.246338799316274,0.044685111706940304,0.21138853258145368
764,-1,train,30,0.044685111706940304,0.21138853258145368,0.044685111706940304,0.21138853258145368
765,0,train,16,0.044766539287275066,0.2115810466163618,0.04350190232686739,0.20857109657588557
765,1,train,14,0.042237265366459706,0.20551706830932487,0.04350190232686739,0.20857109657588557
765,-1,train,30,0.04350190232686739,0.20857109657588557,0.04350190232686739,0.20857109657588557
766,0,train,16,0.0644412999398728,0.2538529100480686,0.04206468806934363,0.2050967773255924
766,1,train,14,0.019688076198814467,0.1403142052638095,0.04206468806934363,0.2050967773255924
766,-1,train,30,0.04206468806934363,0.2050967773255924,0.04206468806934363,0.2050967773255924
767,0,train,16,0.04737170985121758,0.2176504303952041,0.04323919037931127,0.207940352936392
767,1,train,14,0.03910667090740495,0.19775406672785506,0.04323919037931127,0.207940352936392
767,-1,train,30,0.04323919037931127,0.207940352936392,0.04323919037931127,0.207940352936392
768,0,train,16,0.039362295518503655,0.19839933346285127,0.04377268175447141,0.20921921937162324
768,1,train,14,0.048183067990439164,0.21950641901875936,0.04377268175447141,0.20921921937162324
768,-1,train,30,0.04377268175447141,0.20921921937162324,0.04377268175447141,0.20921921937162324
769,0,train,16,0.07261144835782779,0.269465115289211,0.04136998958717174,0.2033961395581827
769,1,train,14,0.010128530816515682,0.10064060222651533,0.04136998958717174,0.2033961395581827
769,-1,train,30,0.04136998958717174,0.2033961395581827,0.04136998958717174,0.2033961395581827
770,0,train,16,0.0583059027464557,0.2414661523825973,0.042348454978813524,0.2057874023812282
770,1,train,14,0.026391007211171342,0.162453092341055,0.042348454978813524,0.2057874023812282
770,-1,train,30,0.042348454978813524,0.2057874023812282,0.042348454978813524,0.2057874023812282
771,0,train,16,0.03987185882965317,0.19967939009735874,0.04362458774020567,0.2088649988394553
771,1,train,14,0.047377316650758165,0.21766331030000938,0.04362458774020567,0.2088649988394553
771,-1,train,30,0.04362458774020567,0.2088649988394553,0.04362458774020567,0.2088649988394553
772,0,train,16,0.043590483739694506,0.20878334162402543,0.043321961926130796,0.2081392849178905
772,1,train,14,0.043053440112567086,0.20749322907643777,0.043321961926130796,0.2081392849178905
772,-1,train,30,0.043321961926130796,0.2081392849178905,0.043321961926130796,0.2081392849178905
773,0,train,16,0.05842341304395354,0.24170935655028652,0.042227714272646606,0.2054938302544546
773,1,train,14,0.026032015501339673,0.1613444002788435,0.042227714272646606,0.2054938302544546
773,-1,train,30,0.042227714272646606,0.2054938302544546,0.042227714272646606,0.2054938302544546
774,0,train,16,0.03565387340545983,0.18882233290969538,0.04381470245641878,0.20931961794446974
774,1,train,14,0.051975531507377735,0.2279814279878467,0.04381470245641878,0.20931961794446974
774,-1,train,30,0.04381470245641878,0.20931961794446974,0.04381470245641878,0.20931961794446974
775,0,train,16,0.05018674519167552,0.22402398351889807,0.04274039115078821,0.20673749333584415
775,1,train,14,0.0352940371099009,0.18786707297954292,0.04274039115078821,0.20673749333584415
775,-1,train,30,0.04274039115078821,0.20673749333584415,0.04274039115078821,0.20673749333584415
776,0,train,16,0.03789140321206558,0.1946571427203882,0.04358195507962154,0.2087629159588013
776,1,train,14,0.0492725069471775,0.22197411323660582,0.04358195507962154,0.2087629159588013
776,-1,train,30,0.04358195507962154,0.2087629159588013,0.04358195507962154,0.2087629159588013
777,0,train,16,0.04527354398158487,0.21277580685215336,0.04301713486267303,0.20740572524082604
777,1,train,14,0.04076072574376118,0.20189285708949978,0.04301713486267303,0.20740572524082604
777,-1,train,30,0.04301713486267303,0.20740572524082604,0.04301713486267303,0.20740572524082604
778,0,train,16,0.012439600490501928,0.11153295697013474,0.04532918877035375,0.2129065258989347
778,1,train,14,0.07821877705020558,0.27967620036428836,0.04532918877035375,0.2129065258989347
778,-1,train,30,0.04532918877035375,0.2129065258989347,0.04532918877035375,0.2129065258989347
779,0,train,16,0.056411922285314685,0.23751194135309214,0.04214914986037056,0.20530258123163128
779,1,train,14,0.027886377435426442,0.16699214782565808,0.04214914986037056,0.20530258123163128
779,-1,train,30,0.04214914986037056,0.20530258123163128,0.04214914986037056,0.20530258123163128
780,0,train,16,0.052526971080326466,0.22918763291313618,0.04238607264624511,0.2058787814376341
780,1,train,14,0.03224517421216376,0.17956941335362145,0.04238607264624511,0.2058787814376341
780,-1,train,30,0.04238607264624511,0.2058787814376341,0.04238607264624511,0.2058787814376341
781,0,train,16,0.05920870622793631,0.2433283917423865,0.041870917538112604,0.20462384401167086
781,1,train,14,0.024533128848288906,0.1566305488986389,0.041870917538112604,0.20462384401167086
781,-1,train,30,0.041870917538112604,0.20462384401167086,0.041870917538112604,0.20462384401167086
782,0,train,16,0.05933925875815268,0.24359650809925967,0.04182431499503846,0.20450993862166814
782,1,train,14,0.024309371231924247,0.1559146280241987,0.04182431499503846,0.20450993862166814
782,-1,train,30,0.04182431499503846,0.20450993862166814,0.04182431499503846,0.20450993862166814
783,0,train,16,0.022281412131279543,0.1492695954683322,0.044426662861201435,0.2107763337312836
783,1,train,14,0.06657191359112333,0.2580153359611078,0.044426662861201435,0.2107763337312836
783,-1,train,30,0.044426662861201435,0.2107763337312836,0.044426662861201435,0.2107763337312836
784,0,train,16,0.015121379240767683,0.12296901740181419,0.04490132175697237,0.21189931985962665
784,1,train,14,0.07468126427317705,0.27327873000505737,0.04490132175697237,0.21189931985962665
784,-1,train,30,0.04490132175697237,0.21189931985962665,0.04490132175697237,0.21189931985962665
785,0,train,16,0.022961492521331117,0.15153050030053725,0.044303458346722,0.2104838671887278
785,1,train,14,0.06564542417211289,0.25621362994991675,0.044303458346722,0.2104838671887278
785,-1,train,30,0.044303458346722,0.2104838671887278,0.044303458346722,0.2104838671887278
786,0,train,16,0.04641987611736862,0.2154527236248561,0.042590885387189824,0.2063755930026364
786,1,train,14,0.03876189465701103,0.19688040699117582,0.042590885387189824,0.2063755930026364
786,-1,train,30,0.042590885387189824,0.2063755930026364,0.042590885387189824,0.2063755930026364
787,0,train,16,0.026510421254079094,0.1628202114421889,0.04397109255940631,0.2096928529049245
787,1,train,14,0.06143176386473352,0.247854319842793,0.04397109255940631,0.2096928529049245
787,-1,train,30,0.04397109255940631,0.2096928529049245,0.04397109255940631,0.2096928529049245
788,0,train,16,0.04291337337646204,0.20715543289149344,0.04276214131555692,0.20679008998391804
788,1,train,14,0.042610909254651795,0.20642410046952317,0.04276214131555692,0.20679008998391804
788,-1,train,30,0.04276214131555692,0.20679008998391804,0.04276214131555692,0.20679008998391804
789,0,train,16,0.047043677224924536,0.21689554450224313,0.04242827516072782,0.20598124953676686
789,1,train,14,0.0378128730965311,0.1944553241660693,0.04242827516072782,0.20598124953676686
789,-1,train,30,0.04242827516072782,0.20598124953676686,0.04242827516072782,0.20598124953676686
790,0,train,16,0.05903194439477044,0.24296490362760306,0.04153579482872364,0.20380332389027328
790,1,train,14,0.024039645262676837,0.15504723558540745,0.04153579482872364,0.20380332389027328
790,-1,train,30,0.04153579482872364,0.20380332389027328,0.04153579482872364,0.20380332389027328
791,0,train,16,0.025704890083483572,0.16032744644471691,0.04387189185429288,0.2094561812272268
791,1,train,14,0.06203889362510219,0.24907607999384884,0.04387189185429288,0.2094561812272268
791,-1,train,30,0.04387189185429288,0.2094561812272268,0.04387189185429288,0.2094561812272268
792,0,train,16,0.052668918476046954,0.22949709905802068,0.04190909303297937,0.20471710488618036
792,1,train,14,0.031149267589911784,0.17649155104398562,0.04190909303297937,0.20471710488618036
792,-1,train,30,0.04190909303297937,0.20471710488618036,0.04190909303297937,0.20471710488618036
793,0,train,16,0.050511553125232846,0.2247477544386881,0.042023195745007444,0.20499559933083306
793,1,train,14,0.033534838364782035,0.1831251986068057,0.042023195745007444,0.20499559933083306
793,-1,train,30,0.042023195745007444,0.20499559933083306,0.042023195745007444,0.20499559933083306
794,0,train,16,0.05868217132153958,0.24224403258189783,0.04140177573712851,0.20347426308289832
794,1,train,14,0.024121380152717455,0.15531059253224636,0.04140177573712851,0.20347426308289832
794,-1,train,30,0.04140177573712851,0.20347426308289832,0.04140177573712851,0.20347426308289832
795,0,train,16,0.055150760793812016,0.23484199112128992,0.0416151230112145,0.20399785050635827
795,1,train,14,0.02807948522861698,0.1675693445371706,0.0416151230112145,0.20399785050635827
795,-1,train,30,0.0416151230112145,0.20399785050635827,0.0416151230112145,0.20399785050635827
796,0,train,16,0.05187815461986644,0.22776776466362933,0.041807427735256336,0.2044686473160527
796,1,train,14,0.03173670085064623,0.17814797459035628,0.041807427735256336,0.2044686473160527
796,-1,train,30,0.041807427735256336,0.2044686473160527,0.041807427735256336,0.2044686473160527
797,0,train,16,0.041117259040235284,0.20277391114301485,0.04253559616497245,0.2062415965923762
797,1,train,14,0.04395393328970962,0.20965193366556298,0.04253559616497245,0.2062415965923762
797,-1,train,30,0.04253559616497245,0.2062415965923762,0.04253559616497245,0.2062415965923762
798,0,train,16,0.0189682583663567,0.13772530038579223,0.04408571983429286,0.20996599685256864
798,1,train,14,0.06920318130222902,0.2630649754380636,0.04408571983429286,0.20996599685256864
798,-1,train,30,0.04408571983429286,0.20996599685256864,0.04408571983429286,0.20996599685256864
799,0,train,16,0.05145631316537297,0.22683984033977136,0.041724400121141855,0.20426551378326654
799,1,train,14,0.03199248707691075,0.17886443770887142,0.041724400121141855,0.20426551378326654
799,-1,train,30,0.041724400121141855,0.20426551378326654,0.041724400121141855,0.20426551378326654
800,0,train,16,0.013880363251232116,0.11781495342795886,0.044364618230089733,0.21062910109975244
800,1,train,14,0.07484887320894736,0.27358522110842787,0.044364618230089733,0.21062910109975244
800,-1,train,30,0.044364618230089733,0.21062910109975244,0.044364618230089733,0.21062910109975244
801,0,train,16,0.04352864880480981,0.20863520509446581,0.04221249127207053,0.20545678687274005
801,1,train,14,0.04089633373933125,0.20222841971229277,0.04221249127207053,0.20545678687274005
801,-1,train,30,0.04221249127207053,0.20545678687274005,0.04221249127207053,0.20545678687274005
802,0,train,16,0.030877546569051006,0.1757200801532113,0.043076192729199034,0.20754804920595865
802,1,train,14,0.05527483888934706,0.2351060162763749,0.043076192729199034,0.20754804920595865
802,-1,train,30,0.043076192729199034,0.20754804920595865,0.043076192729199034,0.20754804920595865
803,0,train,16,0.03629487829023418,0.19051214735610478,0.042651436427138104,0.20652224196715013
803,1,train,14,0.04900799456404202,0.22137749335477178,0.042651436427138104,0.20652224196715013
803,-1,train,30,0.042651436427138104,0.20652224196715013,0.042651436427138104,0.20652224196715013
804,0,train,16,0.049860057088008836,0.22329365662286252,0.04164462038167449,0.20407013593780568
804,1,train,14,0.033429183675340146,0.18283649437500202,0.04164462038167449,0.20407013593780568
804,-1,train,30,0.04164462038167449,0.20407013593780568,0.04164462038167449,0.20407013593780568
805,0,train,16,0.029744524429641178,0.17246600949068538,0.0430399323268742,0.20746067657962122
805,1,train,14,0.05633534022410722,0.23735066931463922,0.0430399323268742,0.20746067657962122
805,-1,train,30,0.0430399323268742,0.20746067657962122,0.0430399323268742,0.20746067657962122
806,0,train,16,0.05644531282585624,0.23758222329512838,0.04110049194233764,0.20273256260980288
806,1,train,14,0.025755671058819048,0.16048573475178113,0.04110049194233764,0.20273256260980288
806,-1,train,30,0.04110049194233764,0.20273256260980288,0.04110049194233764,0.20273256260980288
807,0,train,16,0.04392576883886103,0.20958475335496385,0.04195204000505773,0.20482197149001796
807,1,train,14,0.03997831117125442,0.19994577057606,0.04195204000505773,0.20482197149001796
807,-1,train,30,0.04195204000505773,0.20482197149001796,0.04195204000505773,0.20482197149001796
808,0,train,16,0.054565907359359865,0.23359346600313946,0.04115813167462107,0.20287466986940747
808,1,train,14,0.027750355989882264,0.16658438099018247,0.04115813167462107,0.20287466986940747
808,-1,train,30,0.04115813167462107,0.20287466986940747,0.04115813167462107,0.20287466986940747
809,0,train,16,0.059767563839928234,0.24447405555585697,0.040745529302511636,0.2018552186655367
809,1,train,14,0.02172349476509504,0.1473889234817021,0.040745529302511636,0.2018552186655367
809,-1,train,30,0.040745529302511636,0.2018552186655367,0.040745529302511636,0.2018552186655367
810,0,train,16,0.027033369176438917,0.16441827506831141,0.04303952861470808,0.20745970359254848
810,1,train,14,0.05904568805297724,0.24299318519863317,0.04303952861470808,0.20745970359254848
810,-1,train,30,0.04303952861470808,0.20745970359254848,0.04303952861470808,0.20745970359254848
811,0,train,16,0.05069940322428068,0.22516527979304599,0.041314090301187004,0.20325867829243358
811,1,train,14,0.03192877737809333,0.17868625402669713,0.041314090301187004,0.20325867829243358
811,-1,train,30,0.041314090301187004,0.20325867829243358,0.041314090301187004,0.20325867829243358
812,0,train,16,0.050099268649693496,0.22382865913393105,0.041316418569532554,0.20326440556460582
812,1,train,14,0.032533568489371605,0.18037064198303338,0.041316418569532554,0.20326440556460582
812,-1,train,30,0.041316418569532554,0.20326440556460582,0.041316418569532554,0.20326440556460582
813,0,train,16,0.021601224672858955,0.14697355092961098,0.04331268820785088,0.20811700605152592
813,1,train,14,0.0650241517428428,0.2549983367452478,0.04331268820785088,0.20811700605152592
813,-1,train,30,0.04331268820785088,0.20811700605152592,0.04331268820785088,0.20811700605152592
814,0,train,16,0.03869592002470899,0.19671278561575245,0.042053327040791524,0.20506907870469288
814,1,train,14,0.04541073405687407,0.2130979447504693,0.042053327040791524,0.20506907870469288
814,-1,train,30,0.042053327040791524,0.20506907870469288,0.042053327040791524,0.20506907870469288
815,0,train,16,0.046057969897766525,0.2146112063657593,0.04148955508520433,0.20368985022627986
815,1,train,14,0.036921140272642136,0.1921487451758198,0.04148955508520433,0.20368985022627986
815,-1,train,30,0.04148955508520433,0.20368985022627986,0.04148955508520433,0.20368985022627986
816,0,train,16,0.02483755155530042,0.15759933868928644,0.04296377301751345,0.20727704411611397
816,1,train,14,0.06108999447972648,0.24716390205636113,0.04296377301751345,0.20727704411611397
816,-1,train,30,0.04296377301751345,0.20727704411611397,0.04296377301751345,0.20727704411611397
817,0,train,16,0.05063919710316498,0.2250315469065726,0.04108189877022195,0.20268670101963263
817,1,train,14,0.03152460043727891,0.17755168384805284,0.04108189877022195,0.20268670101963263
817,-1,train,30,0.04108189877022195,0.20268670101963263,0.04108189877022195,0.20268670101963263
818,0,train,16,0.011101544498574674,0.10536386713942629,0.04386781224481402,0.20944644242577629
818,1,train,14,0.07663407999105337,0.27682861122191355,0.04386781224481402,0.20944644242577629
818,-1,train,30,0.04386781224481402,0.20944644242577629,0.04386781224481402,0.20944644242577629
819,0,train,16,0.029546604811101773,0.17189125868147506,0.042506990791293595,0.2061722357430641
819,1,train,14,0.055467376771485416,0.2355151306635848,0.042506990791293595,0.2061722357430641
819,-1,train,30,0.042506990791293595,0.2061722357430641,0.042506990791293595,0.2061722357430641
820,0,train,16,0.04925102004792539,0.22192570839793527,0.041068655033480804,0.20265402792315973
820,1,train,14,0.032886290019036216,0.18134577474823121,0.041068655033480804,0.20265402792315973
820,-1,train,30,0.041068655033480804,0.20265402792315973,0.041068655033480804,0.20265402792315973
821,0,train,16,0.049233190744848464,0.22188553523122787,0.04102654499748644,0.20255010490613537
821,1,train,14,0.03281989925012442,0.18116263204680047,0.04102654499748644,0.20255010490613537
821,-1,train,30,0.04102654499748644,0.20255010490613537,0.04102654499748644,0.20255010490613537
822,0,train,16,0.03308975549589655,0.1819058973642596,0.0421351045053008,0.20526837190687902
822,1,train,14,0.05118045351470505,0.22623097381814244,0.0421351045053008,0.20526837190687902
822,-1,train,30,0.0421351045053008,0.20526837190687902,0.0421351045053008,0.20526837190687902
823,0,train,16,0.041512844452605814,0.20374701090471442,0.04149448347215963,0.20370194763958352
823,1,train,14,0.041476122491713445,0.2036568744032802,0.04149448347215963,0.20370194763958352
823,-1,train,30,0.04149448347215963,0.20370194763958352,0.04149448347215963,0.20370194763958352
824,0,train,16,0.0520146836810498,0.22806727884782113,0.040707161695921174,0.20176015884193085
824,1,train,14,0.029399639710792555,0.1714632313669393,0.040707161695921174,0.20176015884193085
824,-1,train,30,0.040707161695921174,0.20176015884193085,0.040707161695921174,0.20176015884193085
825,0,train,16,0.02184094040172958,0.14778680726549842,0.042815634893375296,0.2069193922603082
825,1,train,14,0.06379032938502101,0.252567474915162,0.042815634893375296,0.2069193922603082
825,-1,train,30,0.042815634893375296,0.2069193922603082,0.042815634893375296,0.2069193922603082
826,0,train,16,0.045248740265894066,0.2127175128330859,0.04110883409400515,0.20275313584259344
826,1,train,14,0.03696892792211622,0.19227305563213018,0.04110883409400515,0.20275313584259344
826,-1,train,30,0.04110883409400515,0.20275313584259344,0.04110883409400515,0.20275313584259344
827,0,train,16,0.05464168525157461,0.23375561009647364,0.04039980146457604,0.20099701854648502
827,1,train,14,0.02615791767757748,0.16173409559390214,0.04039980146457604,0.20099701854648502
827,-1,train,30,0.04039980146457604,0.20099701854648502,0.04039980146457604,0.20099701854648502
828,0,train,16,0.05678291833675018,0.238291666528123,0.040203988285537416,0.20050932219110765
828,1,train,14,0.023625058234324654,0.1537044509255495,0.040203988285537416,0.20050932219110765
828,-1,train,30,0.040203988285537416,0.20050932219110765,0.040203988285537416,0.20050932219110765
829,0,train,16,0.03017491815153443,0.1737092920702126,0.04206008032959089,0.20508554393128467
829,1,train,14,0.053945242507647345,0.23226115152484572,0.04206008032959089,0.20508554393128467
829,-1,train,30,0.04206008032959089,0.20508554393128467,0.04206008032959089,0.20508554393128467
830,0,train,16,0.03777374021237317,0.19435467633266035,0.041478929896086314,0.20366376677280207
830,1,train,14,0.04518411957979947,0.21256556536701673,0.041478929896086314,0.20366376677280207
830,-1,train,30,0.041478929896086314,0.20366376677280207,0.041478929896086314,0.20366376677280207
831,0,train,16,0.03405487098791681,0.18453961901964794,0.04170310521563221,0.20421338157827026
831,1,train,14,0.04935133944334761,0.22215161364110686,0.04170310521563221,0.20421338157827026
831,-1,train,30,0.04170310521563221,0.20421338157827026,0.04170310521563221,0.20421338157827026
832,0,train,16,0.05127844756917565,0.22644744990654156,0.04043518047745684,0.2010850080872685
832,1,train,14,0.029591913385738026,0.1720230024901845,0.04043518047745684,0.2010850080872685
832,-1,train,30,0.04043518047745684,0.2010850080872685,0.04043518047745684,0.2010850080872685
833,0,train,16,0.024916084027645294,0.15784829434506187,0.04227801795545313,0.20561619088839558
833,1,train,14,0.05963995188326096,0.24421292325194618,0.04227801795545313,0.20561619088839558
833,-1,train,30,0.04227801795545313,0.20561619088839558,0.04227801795545313,0.20561619088839558
834,0,train,16,0.049948019258426936,0.22349053505333719,0.04045202596471589,0.20112689020793786
834,1,train,14,0.030956032671004847,0.17594326548920491,0.04045202596471589,0.20112689020793786
834,-1,train,30,0.04045202596471589,0.20112689020793786,0.04045202596471589,0.20112689020793786
835,0,train,16,0.04014398927562998,0.20035964981909402,0.04111035427267706,0.20275688464926922
835,1,train,14,0.042076719269724144,0.2051261057733124,0.04111035427267706,0.20275688464926922
835,-1,train,30,0.04111035427267706,0.20275688464926922,0.04111035427267706,0.20275688464926922
836,0,train,16,0.025743324800450235,0.16044726485811542,0.04209647204188532,0.2051742479988298
836,1,train,14,0.058449619283320396,0.24176356070202223,0.04209647204188532,0.2051742479988298
836,-1,train,30,0.04209647204188532,0.2051742479988298,0.04209647204188532,0.2051742479988298
837,0,train,16,0.048657365776861035,0.22058414670338627,0.040424584362984566,0.20105865901021167
837,1,train,14,0.032191802949108096,0.17942074280614295,0.040424584362984566,0.20105865901021167
837,-1,train,30,0.040424584362984566,0.20105865901021167,0.040424584362984566,0.20105865901021167
838,0,train,16,0.05580840404256515,0.2362380241251716,0.039873397274896354,0.19968324234871676
838,1,train,14,0.023938390507227552,0.15472036229025432,0.039873397274896354,0.19968324234871676
838,-1,train,30,0.039873397274896354,0.19968324234871676,0.039873397274896354,0.19968324234871676
839,0,train,16,0.056799515240616376,0.23832648875149479,0.03976529233504658,0.19941236755789893
839,1,train,14,0.02273106942947678,0.1507682639996786,0.03976529233504658,0.19941236755789893
839,-1,train,30,0.03976529233504658,0.19941236755789893,0.03976529233504658,0.19941236755789893
840,0,train,16,0.01759985590578911,0.13266444853761353,0.04252175757540494,0.20620804440032145
840,1,train,14,0.06744365924502077,0.2596991706667943,0.04252175757540494,0.20620804440032145
840,-1,train,30,0.04252175757540494,0.20620804440032145,0.04252175757540494,0.20620804440032145
841,0,train,16,0.05341787842367745,0.23112308068143572,0.03992777067613825,0.19981934509986327
841,1,train,14,0.02643766292859905,0.16259662643671008,0.03992777067613825,0.19981934509986327
841,-1,train,30,0.03992777067613825,0.19981934509986327,0.03992777067613825,0.19981934509986327
842,0,train,16,0.036176314473173356,0.190200721536942,0.04111328365861221,0.20276410840829845
842,1,train,14,0.04605025284405106,0.21459322646358403,0.04111328365861221,0.20276410840829845
842,-1,train,30,0.04111328365861221,0.20276410840829845,0.04111328365861221,0.20276410840829845
843,0,train,16,0.06862572173872743,0.26196511549961654,0.03877195578215229,0.19690595669545471
843,1,train,14,0.00891818982557716,0.09443616799498569,0.03877195578215229,0.19690595669545471
843,-1,train,30,0.03877195578215229,0.19690595669545471,0.03877195578215229,0.19690595669545471
844,0,train,16,0.04880519936406107,0.22091898823790831,0.040134224635385365,0.2003352805558356
844,1,train,14,0.03146324990670966,0.17737883161953022,0.040134224635385365,0.2003352805558356
844,-1,train,30,0.040134224635385365,0.2003352805558356,0.040134224635385365,0.2003352805558356
845,0,train,16,0.04232888336450452,0.20573984389151392,0.0405574886176403,0.20138889894341322
845,1,train,14,0.03878609387077609,0.19694185403508338,0.0405574886176403,0.20138889894341322
845,-1,train,30,0.0405574886176403,0.20138889894341322,0.0405574886176403,0.20138889894341322
846,0,train,16,0.0507399672501232,0.22525533789485033,0.03991655462286357,0.19979127764460483
846,1,train,14,0.029093141995603946,0.1705671187409928,0.03991655462286357,0.19979127764460483
846,-1,train,30,0.03991655462286357,0.19979127764460483,0.03991655462286357,0.19979127764460483
847,0,train,16,0.03778652734204973,0.19438756992680814,0.040801461336254355,0.20199371608110575
847,1,train,14,0.04381639533045899,0.2093236616593045,0.040801461336254355,0.20199371608110575
847,-1,train,30,0.040801461336254355,0.20199371608110575,0.040801461336254355,0.20199371608110575
848,0,train,16,0.021159324579238612,0.1454624507535832,0.04195139776231151,0.20482040367676144
848,1,train,14,0.0627434709453844,0.25048646858739576,0.04195139776231151,0.20482040367676144
848,-1,train,30,0.04195139776231151,0.20482040367676144,0.04195139776231151,0.20482040367676144
849,0,train,16,0.04794571621450495,0.218965102732159,0.039997368975553296,0.1999934223307189
849,1,train,14,0.032049021736601645,0.17902240568320393,0.039997368975553296,0.1999934223307189
849,-1,train,30,0.039997368975553296,0.1999934223307189,0.039997368975553296,0.1999934223307189
850,0,train,16,0.03956531610135673,0.19891032175670706,0.04055268333582644,0.20137696823576037
850,1,train,14,0.04154005057029615,0.20381376442796045,0.04055268333582644,0.20137696823576037
850,-1,train,30,0.04055268333582644,0.20137696823576037,0.04055268333582644,0.20137696823576037
851,0,train,16,0.04882603455215347,0.22096613892665426,0.03985524764147935,0.19963779111550836
851,1,train,14,0.030884460730805235,0.17573975284722929,0.03985524764147935,0.19963779111550836
851,-1,train,30,0.03985524764147935,0.19963779111550836,0.03985524764147935,0.19963779111550836
852,0,train,16,0.04111457966169705,0.20276730422259168,0.04036230167330075,0.2009037124428037
852,1,train,14,0.03961002368490445,0.19902267128371193,0.04036230167330075,0.2009037124428037
852,-1,train,30,0.04036230167330075,0.2009037124428037,0.04036230167330075,0.2009037124428037
853,0,train,16,0.0364677847631646,0.19096540200561093,0.04065291661266282,0.2016256844071777
853,1,train,14,0.04483804846216105,0.211749966852798,0.04065291661266282,0.2016256844071777
853,-1,train,30,0.04065291661266282,0.2016256844071777,0.04065291661266282,0.2016256844071777
854,0,train,16,0.04767203443385598,0.21833926452623215,0.03981439301095714,0.19953544299436415
854,1,train,14,0.031956751588058295,0.17876451434235568,0.03981439301095714,0.19953544299436415
854,-1,train,30,0.03981439301095714,0.19953544299436415,0.03981439301095714,0.19953544299436415
855,0,train,16,0.02951094597342217,0.17178750237843896,0.04106748425822575,0.20265113929663892
855,1,train,14,0.05262402254302932,0.2293992644779606,0.04106748425822575,0.20265113929663892
855,-1,train,30,0.04106748425822575,0.20265113929663892,0.04106748425822575,0.20265113929663892
856,0,train,16,0.05143129866678006,0.22678469672087678,0.03946491262866811,0.19865777766971046
856,1,train,14,0.02749852659055615,0.16582679696163752,0.03946491262866811,0.19865777766971046
856,-1,train,30,0.03946491262866811,0.19865777766971046,0.03946491262866811,0.19865777766971046
857,0,train,16,0.05589152156819347,0.23641387769797584,0.039110861659567536,0.19776466231247566
857,1,train,14,0.022330201750941605,0.14943293395681423,0.039110861659567536,0.19776466231247566
857,-1,train,30,0.039110861659567536,0.19776466231247566,0.039110861659567536,0.19776466231247566
858,0,train,16,0.04122864540649382,0.20304838193517774,0.04011067092411751,0.20027648619874855
858,1,train,14,0.038992696441741206,0.19746568421308347,0.04011067092411751,0.20027648619874855
858,-1,train,30,0.04011067092411751,0.20027648619874855,0.04011067092411751,0.20027648619874855
859,0,train,16,0.03232926474893601,0.17980340583241466,0.040704837813411734,0.2017543997374326
859,1,train,14,0.04908041087788747,0.22154099141668449,0.040704837813411734,0.2017543997374326
859,-1,train,30,0.040704837813411734,0.2017543997374326,0.040704837813411734,0.2017543997374326
860,0,train,16,0.04864338311932681,0.2205524498148384,0.039501137785873226,0.19874893153391598
860,1,train,14,0.03035889245241964,0.17423803388588738,0.039501137785873226,0.19874893153391598
860,-1,train,30,0.039501137785873226,0.19874893153391598,0.039501137785873226,0.19874893153391598
861,0,train,16,0.059168874517841336,0.24324653033052976,0.03871517549532436,0.19676172263762168
861,1,train,14,0.018261476472807386,0.1351350305169144,0.03871517549532436,0.19676172263762168
861,-1,train,30,0.03871517549532436,0.19676172263762168,0.03871517549532436,0.19676172263762168
862,0,train,16,0.054640929256217025,0.23375399302732142,0.03899092436666337,0.19746119711645468
862,1,train,14,0.023340919477109718,0.15277735263156553,0.03899092436666337,0.19746119711645468
862,-1,train,30,0.03899092436666337,0.19746119711645468,0.03899092436666337,0.19746119711645468
863,0,train,16,0.05165385856510413,0.2272748524696565,0.03916419492261277,0.19789945660009473
863,1,train,14,0.02667453128012141,0.1633233947728292,0.03916419492261277,0.19789945660009473
863,-1,train,30,0.03916419492261277,0.19789945660009473,0.03916419492261277,0.19789945660009473
864,0,train,16,0.017366998274472033,0.13178390749432206,0.04156904673472035,0.20388488598893337
864,1,train,14,0.06577109519496867,0.25645875924789285,0.04156904673472035,0.20388488598893337
864,-1,train,30,0.04156904673472035,0.20388488598893337,0.04156904673472035,0.20388488598893337
865,0,train,16,0.059673049603467386,0.2442806779167509,0.03851222130636316,0.19624530900473305
865,1,train,14,0.017351393009258944,0.13172468640789753,0.03851222130636316,0.19624530900473305
865,-1,train,30,0.03851222130636316,0.19624530900473305,0.03851222130636316,0.19624530900473305
866,0,train,16,0.05495212746572172,0.23441870118597988,0.038806332295897424,0.1969932290610452
866,1,train,14,0.02266053712607313,0.1505341726189543,0.038806332295897424,0.1969932290610452
866,-1,train,30,0.038806332295897424,0.1969932290610452,0.038806332295897424,0.1969932290610452
867,0,train,16,0.04383552957850051,0.2093693616040812,0.03955682229336102,0.19888896976293335
867,1,train,14,0.03527811500822154,0.18782469222182036,0.03955682229336102,0.19888896976293335
867,-1,train,30,0.03955682229336102,0.19888896976293335,0.03955682229336102,0.19888896976293335
868,0,train,16,0.05520859141083823,0.23496508551450412,0.038706370737788376,0.19673934720281142
868,1,train,14,0.02220415006473852,0.1490105703121041,0.038706370737788376,0.19673934720281142
868,-1,train,30,0.038706370737788376,0.19673934720281142,0.038706370737788376,0.19673934720281142
869,0,train,16,0.03341101787281044,0.18278680989833607,0.04021820656912122,0.20054477447473226
869,1,train,14,0.047025395265432,0.21685339578948723,0.04021820656912122,0.20054477447473226
869,-1,train,30,0.04021820656912122,0.20054477447473226,0.04021820656912122,0.20054477447473226
870,0,train,16,0.031095987106258296,0.17634054300205126,0.040342137924979475,0.20085352355629582
870,1,train,14,0.04958828874370065,0.22268428041444832,0.040342137924979475,0.20085352355629582
870,-1,train,30,0.040342137924979475,0.20085352355629582,0.040342137924979475,0.20085352355629582
871,0,train,16,0.039235816572697264,0.19808032858589786,0.03972050783038027,0.19930004473250945
871,1,train,14,0.040205199088063276,0.20051234148566335,0.03972050783038027,0.19930004473250945
871,-1,train,30,0.03972050783038027,0.19930004473250945,0.03972050783038027,0.19930004473250945
872,0,train,16,0.05915130041294767,0.24321040358699228,0.038265885279483144,0.19561667945112232
872,1,train,14,0.017380470146018616,0.1318350110783119,0.038265885279483144,0.19561667945112232
872,-1,train,30,0.038265885279483144,0.19561667945112232,0.038265885279483144,0.19561667945112232
873,0,train,16,0.06742487157894396,0.25966299616800226,0.03763786450247609,0.1940048053592387
873,1,train,14,0.007850857426008214,0.0886050643361214,0.03763786450247609,0.1940048053592387
873,-1,train,30,0.03763786450247609,0.1940048053592387,0.03763786450247609,0.1940048053592387
874,0,train,16,0.04336130215413005,0.20823376804478674,0.03930191439465078,0.1982471043789815
874,1,train,14,0.0352425266351715,0.1877299300462542,0.03930191439465078,0.1982471043789815
874,-1,train,30,0.03930191439465078,0.1982471043789815,0.03930191439465078,0.1982471043789815
875,0,train,16,0.05578973981796334,0.23619851781491633,0.038376270717786785,0.1958986235729766
875,1,train,14,0.020962801617610233,0.14478536396200492,0.038376270717786785,0.1958986235729766
875,-1,train,30,0.038376270717786785,0.1958986235729766,0.038376270717786785,0.1958986235729766
876,0,train,16,0.043219760687934504,0.20789362830047126,0.039229122472815216,0.1980634304277678
876,1,train,14,0.03523848425769593,0.18771916326708876,0.039229122472815216,0.1980634304277678
876,-1,train,30,0.039229122472815216,0.1980634304277678,0.039229122472815216,0.1980634304277678
877,0,train,16,0.014314529345953597,0.11964334225502728,0.04125730606052668,0.20311894559722066
877,1,train,14,0.06820008277509977,0.26115145562508313,0.04125730606052668,0.20311894559722066
877,-1,train,30,0.04125730606052668,0.20311894559722066,0.04125730606052668,0.20311894559722066
878,0,train,16,0.042388278029669484,0.20588413739205233,0.03920859128115679,0.19801159380490022
878,1,train,14,0.03602890453264411,0.18981281445846618,0.03920859128115679,0.19801159380490022
878,-1,train,30,0.03920859128115679,0.19801159380490022,0.03920859128115679,0.19801159380490022
879,0,train,16,0.032337982755004886,0.17982764735992318,0.03988221025459791,0.19970530852883683
879,1,train,14,0.04742643775419095,0.21777611842025046,0.03988221025459791,0.19970530852883683
879,-1,train,30,0.03988221025459791,0.19970530852883683,0.03988221025459791,0.19970530852883683
880,0,train,16,0.008889045267127612,0.09428173347540664,0.041521179606328014,0.20376746454311104
880,1,train,14,0.07415331394552842,0.27231106100474217,0.041521179606328014,0.20376746454311104
880,-1,train,30,0.041521179606328014,0.20376746454311104,0.041521179606328014,0.20376746454311104
881,0,train,16,0.03506806372488841,0.18726468894291953,0.0396033224945925,0.1990058353279936
881,1,train,14,0.04413858126429659,0.21009184007070952,0.0396033224945925,0.1990058353279936
881,-1,train,30,0.0396033224945925,0.1990058353279936,0.0396033224945925,0.1990058353279936
882,0,train,16,0.05723142282592514,0.23923089856020927,0.03798859126622357,0.19490662191476094
882,1,train,14,0.018745759706522012,0.13691515513821695,0.03798859126622357,0.19490662191476094
882,-1,train,30,0.03798859126622357,0.19490662191476094,0.03798859126622357,0.19490662191476094
883,0,train,16,0.028827728874762194,0.1697873048103485,0.039967975834160625,0.19991992355480886
883,1,train,14,0.051108222793559054,0.2260712781260792,0.039967975834160625,0.19991992355480886
883,-1,train,30,0.039967975834160625,0.19991992355480886,0.039967975834160625,0.19991992355480886
884,0,train,16,0.012650953015064114,0.11247645538095569,0.04107636064880314,0.20267303878119344
884,1,train,14,0.06950176828254218,0.26363188024695,0.04107636064880314,0.20267303878119344
884,-1,train,30,0.04107636064880314,0.20267303878119344,0.04107636064880314,0.20267303878119344
885,0,train,16,0.041707342984189676,0.20422375714933283,0.038964467324149585,0.1973941927315735
885,1,train,14,0.03622159166410949,0.19031970907951043,0.038964467324149585,0.1973941927315735
885,-1,train,30,0.038964467324149585,0.1973941927315735,0.038964467324149585,0.1973941927315735
886,0,train,16,0.04715218564140116,0.21714554022913102,0.03853246648819167,0.19629688354172023
886,1,train,14,0.029912747334982177,0.17295302060091977,0.03853246648819167,0.19629688354172023
886,-1,train,30,0.03853246648819167,0.19629688354172023,0.03853246648819167,0.19629688354172023
887,0,train,16,0.03253728117327877,0.18038093350816978,0.03953163719614331,0.19882564521747015
887,1,train,14,0.046525993219007855,0.21569884844154327,0.03953163719614331,0.19882564521747015
887,-1,train,30,0.03953163719614331,0.19882564521747015,0.03953163719614331,0.19882564521747015
888,0,train,16,0.026642161388450426,0.1632242671555012,0.039906622371069546,0.19976641952808172
888,1,train,14,0.05317108335368866,0.23058855859233054,0.039906622371069546,0.19976641952808172
888,-1,train,30,0.039906622371069546,0.19976641952808172,0.039906622371069546,0.19976641952808172
889,0,train,16,0.03123398671506754,0.17673139708344848,0.039539373687368144,0.1988450997318469
889,1,train,14,0.04784476065966875,0.21873445238386374,0.039539373687368144,0.1988450997318469
889,-1,train,30,0.039539373687368144,0.1988450997318469,0.039539373687368144,0.1988450997318469
890,0,train,16,0.031693843706415696,0.178027648713383,0.039463440227050436,0.1986540717605618
890,1,train,14,0.04723303674768518,0.21733162850281404,0.039463440227050436,0.1986540717605618
890,-1,train,30,0.039463440227050436,0.1986540717605618,0.039463440227050436,0.1986540717605618
891,0,train,16,0.04584954317608805,0.21412506433411305,0.038412886006440675,0.1959920559778908
891,1,train,14,0.03097622883679329,0.17600065010332572,0.038412886006440675,0.1959920559778908
891,-1,train,30,0.038412886006440675,0.1959920559778908,0.038412886006440675,0.1959920559778908
892,0,train,16,0.05330859622800919,0.23088654406008416,0.03783922786929168,0.19452307798637078
892,1,train,14,0.022369859510574176,0.14956556926837866,0.03783922786929168,0.19452307798637078
892,-1,train,30,0.03783922786929168,0.19452307798637078,0.03783922786929168,0.19452307798637078
893,0,train,16,0.03430709702479387,0.18522175094948723,0.03914820612658547,0.19785905621574532
893,1,train,14,0.04398931522837707,0.2097362992626147,0.03914820612658547,0.19785905621574532
893,-1,train,30,0.03914820612658547,0.19785905621574532,0.03914820612658547,0.19785905621574532
894,0,train,16,0.04675997816958715,0.21624055625526667,0.03822085549280932,0.19550154856882673
894,1,train,14,0.02968173281603149,0.17228387276826432,0.03822085549280932,0.19550154856882673
894,-1,train,30,0.03822085549280932,0.19550154856882673,0.03822085549280932,0.19550154856882673
895,0,train,16,0.039569175036042424,0.19892002170732442,0.038688501123862434,0.19669392752157458
895,1,train,14,0.03780782721168244,0.19444234932668972,0.038688501123862434,0.19669392752157458
895,-1,train,30,0.038688501123862434,0.19669392752157458,0.038688501123862434,0.19669392752157458
896,0,train,16,0.015345828145519949,0.12387827955505334,0.04037256859547942,0.20092926266594277
896,1,train,14,0.06539930904543889,0.25573288612425055,0.04037256859547942,0.20092926266594277
896,-1,train,30,0.04037256859547942,0.20092926266594277,0.04037256859547942,0.20092926266594277
897,0,train,16,0.0255134999919019,0.15972945874791505,0.03960723256149494,0.19901565908615065
897,1,train,14,0.05370096513108798,0.23173468693980187,0.03960723256149494,0.19901565908615065
897,-1,train,30,0.03960723256149494,0.19901565908615065,0.03960723256149494,0.19901565908615065
898,0,train,16,0.01959257551368228,0.13997348146589153,0.03998370102105092,0.19995924840089524
898,1,train,14,0.06037482652841956,0.24571289450987216,0.03998370102105092,0.19995924840089524
898,-1,train,30,0.03998370102105092,0.19995924840089524,0.03998370102105092,0.19995924840089524
899,0,train,16,0.02443167682456643,0.15630635567553364,0.039597048907925605,0.1989900723853469
899,1,train,14,0.05476242099128478,0.23401371966464868,0.039597048907925605,0.1989900723853469
899,-1,train,30,0.039597048907925605,0.1989900723853469,0.039597048907925605,0.1989900723853469
900,0,train,16,0.05725977395601683,0.23929014596513754,0.03721876020960982,0.1929216426677158
900,1,train,14,0.01717774646320281,0.1310639022126337,0.03721876020960982,0.1929216426677158
900,-1,train,30,0.03721876020960982,0.1929216426677158,0.03721876020960982,0.1929216426677158
901,0,train,16,0.027381464164034513,0.1654734545600427,0.03929876304351921,0.19823915618141438
901,1,train,14,0.05121606192300391,0.22630965936743377,0.03929876304351921,0.19823915618141438
901,-1,train,30,0.03929876304351921,0.19823915618141438,0.03929876304351921,0.19823915618141438
902,0,train,16,0.032786316181341264,0.18106992069734074,0.03887200138352921,0.19715983714623322
902,1,train,14,0.044957686585717166,0.21203227722617415,0.03887200138352921,0.19715983714623322
902,-1,train,30,0.03887200138352921,0.19715983714623322,0.03887200138352921,0.19715983714623322
903,0,train,16,0.031573787558641056,0.17769014479886344,0.0389136086347263,0.19726532547492046
903,1,train,14,0.04625342971081154,0.21506610544391122,0.0389136086347263,0.19726532547492046
903,-1,train,30,0.0389136086347263,0.19726532547492046,0.0389136086347263,0.19726532547492046
904,0,train,16,0.02054551942368649,0.1433370832118698,0.03965863259078742,0.19914475285778288
904,1,train,14,0.05877174575788834,0.24242884679404048,0.03965863259078742,0.19914475285778288
904,-1,train,30,0.03965863259078742,0.19914475285778288,0.03965863259078742,0.19914475285778288
905,0,train,16,0.0536684540842098,0.2316645291886736,0.03725600956709573,0.19301815864600858
905,1,train,14,0.020843565049981656,0.14437300665284233,0.03725600956709573,0.19301815864600858
905,-1,train,30,0.03725600956709573,0.19301815864600858,0.03725600956709573,0.19301815864600858
906,0,train,16,0.026990207972246185,0.16428696835795037,0.03910946528953169,0.19776113189788252
906,1,train,14,0.0512287226068172,0.22633762967482274,0.03910946528953169,0.19776113189788252
906,-1,train,30,0.03910946528953169,0.19776113189788252,0.03910946528953169,0.19776113189788252
907,0,train,16,0.046767413111467905,0.2162577469397753,0.037656616830341216,0.19405312888572865
907,1,train,14,0.028545820549214524,0.16895508441362314,0.037656616830341216,0.19405312888572865
907,-1,train,30,0.037656616830341216,0.19405312888572865,0.037656616830341216,0.19405312888572865
908,0,train,16,0.051864715774492975,0.22773826155148585,0.03724872812589762,0.192999295661662
908,1,train,14,0.022632740477302273,0.15044181758175576,0.03724872812589762,0.192999295661662
908,-1,train,30,0.03724872812589762,0.192999295661662,0.03724872812589762,0.192999295661662
909,0,train,16,0.045183738875698785,0.21256466986707548,0.03768167092727728,0.1941176728875485
909,1,train,14,0.030179602978855774,0.17372277622365978,0.03768167092727728,0.1941176728875485
909,-1,train,30,0.03768167092727728,0.1941176728875485,0.03768167092727728,0.1941176728875485
910,0,train,16,0.02321459828840858,0.15236337581062118,0.039204583031213554,0.19800147229557044
910,1,train,14,0.05519456777401853,0.2349352416603744,0.039204583031213554,0.19800147229557044
910,-1,train,30,0.039204583031213554,0.19800147229557044,0.039204583031213554,0.19800147229557044
911,0,train,16,0.01883364135627495,0.13723571457996986,0.039472136832527836,0.1986759593723605
911,1,train,14,0.06011063230878072,0.2451746975297017,0.039472136832527836,0.1986759593723605
911,-1,train,30,0.039472136832527836,0.1986759593723605,0.039472136832527836,0.1986759593723605
912,0,train,16,0.06304670733627667,0.2510910339623394,0.03629865520053095,0.19052205961654664
912,1,train,14,0.009550603064785243,0.09772718692761621,0.03629865520053095,0.19052205961654664
912,-1,train,30,0.03629865520053095,0.19052205961654664,0.03629865520053095,0.19052205961654664
913,0,train,16,0.05711887156753068,0.23899554717092675,0.036662127648033185,0.19147356905858623
913,1,train,14,0.01620538372853569,0.1273003681398278,0.036662127648033185,0.19147356905858623
913,-1,train,30,0.036662127648033185,0.19147356905858623,0.036662127648033185,0.19147356905858623
914,0,train,16,0.04924172706999291,0.22190477027318029,0.03717709137682048,0.19281361823486556
914,1,train,14,0.025112455683648043,0.1584691000909895,0.03717709137682048,0.19281361823486556
914,-1,train,30,0.03717709137682048,0.19281361823486556,0.03717709137682048,0.19281361823486556
915,0,train,16,0.049197702412584955,0.22180555090570875,0.03713705199253649,0.19270976102039172
915,1,train,14,0.025076401572488017,0.15835530168733858,0.03713705199253649,0.19270976102039172
915,-1,train,30,0.03713705199253649,0.19270976102039172,0.03713705199253649,0.19270976102039172
916,0,train,16,0.048422781511837175,0.22005177007203822,0.03714940259773225,0.19274180293265977
916,1,train,14,0.02587602368362732,0.16086026135633164,0.03714940259773225,0.19274180293265977
916,-1,train,30,0.03714940259773225,0.19274180293265977,0.03714940259773225,0.19274180293265977
917,0,train,16,0.05704581098965,0.23884264901740226,0.03649225666202946,0.19102946542884283
917,1,train,14,0.01593870233440891,0.12624857359356148,0.03649225666202946,0.19102946542884283
917,-1,train,30,0.03649225666202946,0.19102946542884283,0.03649225666202946,0.19102946542884283
918,0,train,16,0.04553951441068491,0.21339989318339622,0.037266710993301,0.19304587794952008
918,1,train,14,0.028993907575917084,0.1702759747466362,0.037266710993301,0.19304587794952008
918,-1,train,30,0.037266710993301,0.19304587794952008,0.037266710993301,0.19304587794952008
919,0,train,16,0.03047830978651091,0.1745803820207497,0.03829782008340713,0.19569828840183331
919,1,train,14,0.046117330380303356,0.2147494595576514,0.03829782008340713,0.19569828840183331
919,-1,train,30,0.03829782008340713,0.19569828840183331,0.03829782008340713,0.19569828840183331
920,0,train,16,0.05996532554340356,0.24487818511129888,0.03615589515219935,0.19014703561244217
920,1,train,14,0.012346464760995149,0.11111464692377486,0.03615589515219935,0.19014703561244217
920,-1,train,30,0.03615589515219935,0.19014703561244217,0.03615589515219935,0.19014703561244217
921,0,train,16,0.0341525073203092,0.18480396997983892,0.037948632704380564,0.19480408800736335
921,1,train,14,0.04174475808845192,0.20431533982658256,0.037948632704380564,0.19480408800736335
921,-1,train,30,0.037948632704380564,0.19480408800736335,0.037948632704380564,0.19480408800736335
922,0,train,16,0.024752587424555567,0.1573295503856652,0.03857910975521684,0.19641565557566137
922,1,train,14,0.05240563208587812,0.22892276445534665,0.03857910975521684,0.19641565557566137
922,-1,train,30,0.03857910975521684,0.19641565557566137,0.03857910975521684,0.19641565557566137
923,0,train,16,0.05180502785514653,0.22760717883042822,0.03660789838923997,0.19133190635448122
923,1,train,14,0.021410768923333406,0.14632419117607795,0.03660789838923997,0.19133190635448122
923,-1,train,30,0.03660789838923997,0.19133190635448122,0.03660789838923997,0.19133190635448122
924,0,train,16,0.037977982033442964,0.19487940382052427,0.03754844092644849,0.19377420087939592
924,1,train,14,0.03711889981945401,0.19266265808260305,0.03754844092644849,0.19377420087939592
924,-1,train,30,0.03754844092644849,0.19377420087939592,0.03754844092644849,0.19377420087939592
925,0,train,16,0.037336037445530455,0.19322535404426214,0.03755005856140356,0.19377837485489335
925,1,train,14,0.03776407967727666,0.1943298218938016,0.03755005856140356,0.19377837485489335
925,-1,train,30,0.03755005856140356,0.19377837485489335,0.03755005856140356,0.19377837485489335
926,0,train,16,0.05147213956656945,0.22687472218510693,0.03650138560584602,0.1910533580072489
926,1,train,14,0.021530631645122596,0.14673319885125724,0.03650138560584602,0.1910533580072489
926,-1,train,30,0.03650138560584602,0.1910533580072489,0.03650138560584602,0.1910533580072489
927,0,train,16,0.041770967878339116,0.20437947029567113,0.03714697174448061,0.1927354968460159
927,1,train,14,0.032522975610622104,0.18034127539368824,0.03714697174448061,0.1927354968460159
927,-1,train,30,0.03714697174448061,0.1927354968460159,0.03714697174448061,0.1927354968460159
928,0,train,16,0.05518412664387732,0.23491301931539962,0.036149499428222084,0.190130217030913
928,1,train,14,0.017114872212566856,0.13082382127337075,0.036149499428222084,0.190130217030913
928,-1,train,30,0.036149499428222084,0.190130217030913,0.036149499428222084,0.190130217030913
929,0,train,16,0.018979832908219918,0.1377673143681763,0.03868364755994302,0.19668158927551663
929,1,train,14,0.058387462211666116,0.2416349772108047,0.03868364755994302,0.19668158927551663
929,-1,train,30,0.03868364755994302,0.19668158927551663,0.03868364755994302,0.19668158927551663
930,0,train,16,0.05176141572854354,0.22751135296627187,0.03630863582684556,0.1905482506528086
930,1,train,14,0.020855855925147587,0.14441556676877873,0.03630863582684556,0.1905482506528086
930,-1,train,30,0.03630863582684556,0.1905482506528086,0.03630863582684556,0.1905482506528086
931,0,train,16,0.0499250508937402,0.22343914360232453,0.036394735407909856,0.190774042804334
931,1,train,14,0.022864419922079517,0.15120985391858402,0.036394735407909856,0.190774042804334
931,-1,train,30,0.036394735407909856,0.190774042804334,0.036394735407909856,0.190774042804334
932,0,train,16,0.02563592022317594,0.16011221134934067,0.03807700589710636,0.19513330289088626
932,1,train,14,0.050518091571036775,0.22476230015515675,0.03807700589710636,0.19513330289088626
932,-1,train,30,0.03807700589710636,0.19513330289088626,0.03807700589710636,0.19513330289088626
933,0,train,16,0.06266874106686876,0.25033725465233647,0.03540115039874319,0.18815193434759897
933,1,train,14,0.00813355973061762,0.09018625023038501,0.03540115039874319,0.18815193434759897
933,-1,train,30,0.03540115039874319,0.18815193434759897,0.03540115039874319,0.18815193434759897
934,0,train,16,0.048804121669946084,0.2209165491083592,0.036340127796988655,0.19063086790178724
934,1,train,14,0.023876133924031227,0.15451904065205435,0.036340127796988655,0.19063086790178724
934,-1,train,30,0.036340127796988655,0.19063086790178724,0.036340127796988655,0.19063086790178724
935,0,train,16,0.026573920131317475,0.16301509172870307,0.037878933721732955,0.19462511071733
935,1,train,14,0.04918394731214844,0.2217745416231278,0.037878933721732955,0.19462511071733
935,-1,train,30,0.037878933721732955,0.19462511071733,0.037878933721732955,0.19462511071733
936,0,train,16,0.04174765305541162,0.20432242425982428,0.03675631538149942,0.19171936621400412
936,1,train,14,0.03176497770758722,0.17822732031758548,0.03675631538149942,0.19171936621400412
936,-1,train,30,0.03675631538149942,0.19171936621400412,0.03675631538149942,0.19171936621400412
937,0,train,16,0.022482354451215478,0.14994116996747583,0.03808425919314241,0.19515188749572066
937,1,train,14,0.053686163935069336,0.23170274908828625,0.03808425919314241,0.19515188749572066
937,-1,train,30,0.03808425919314241,0.19515188749572066,0.03808425919314241,0.19515188749572066
938,0,train,16,0.019982584457972002,0.14135976958799842,0.0382208868124301,0.19550162866950777
938,1,train,14,0.05645918916688819,0.2376114247398222,0.0382208868124301,0.19550162866950777
938,-1,train,30,0.0382208868124301,0.19550162866950777,0.0382208868124301,0.19550162866950777
939,0,train,16,0.012185827493959321,0.11038943560848258,0.038734645574532836,0.19681119270644348
939,1,train,14,0.06528346365510634,0.2555062888758442,0.038734645574532836,0.19681119270644348
939,-1,train,30,0.038734645574532836,0.19681119270644348,0.038734645574532836,0.19681119270644348
940,0,train,16,0.059040524733417,0.24298256055407969,0.03535133609097352,0.18801950986792174
940,1,train,14,0.011662147448530042,0.10799142303224846,0.03535133609097352,0.18801950986792174
940,-1,train,30,0.03535133609097352,0.18801950986792174,0.03535133609097352,0.18801950986792174
941,0,train,16,0.0264814911289039,0.16273134648525434,0.03762197962573304,0.19396386164884696
941,1,train,14,0.048762468122562186,0.22082225459079569,0.03762197962573304,0.19396386164884696
941,-1,train,30,0.03762197962573304,0.19396386164884696,0.03762197962573304,0.19396386164884696
942,0,train,16,0.035690632846576247,0.18891964653411844,0.03692278949405454,0.19215303665062006
942,1,train,14,0.03815494614153283,0.19533291105579936,0.03692278949405454,0.19215303665062006
942,-1,train,30,0.03692278949405454,0.19215303665062006,0.03692278949405454,0.19215303665062006
943,0,train,16,0.029447726745997747,0.17160339957587598,0.03732229623207156,0.19318979329165287
943,1,train,14,0.04519686571814538,0.21259554491603389,0.03732229623207156,0.19318979329165287
943,-1,train,30,0.03732229623207156,0.19318979329165287,0.03732229623207156,0.19318979329165287
944,0,train,16,0.030614669722834182,0.17497048243299262,0.037197096516598,0.19286548814289714
944,1,train,14,0.04377952331036182,0.20923556894171177,0.037197096516598,0.19286548814289714
944,-1,train,30,0.037197096516598,0.19286548814289714,0.037197096516598,0.19286548814289714
945,0,train,16,0.036553546815076075,0.191189818806013,0.03672653034627785,0.19164167173732818
945,1,train,14,0.03689951387747962,0.19209246179243894,0.03672653034627785,0.19164167173732818
945,-1,train,30,0.03672653034627785,0.19164167173732818,0.03672653034627785,0.19164167173732818
946,0,train,16,0.04098229126702097,0.2024408339911219,0.03636687892934036,0.19070101973859593
946,1,train,14,0.03175146659165974,0.17818941211996783,0.03636687892934036,0.19070101973859593
946,-1,train,30,0.03636687892934036,0.19070101973859593,0.03636687892934036,0.19070101973859593
947,0,train,16,0.04065284569195564,0.20162550853489655,0.03634468416130354,0.1906428182788524
947,1,train,14,0.03203652263065145,0.17898749294476263,0.03634468416130354,0.1906428182788524
947,-1,train,30,0.03634468416130354,0.1906428182788524,0.03634468416130354,0.1906428182788524
948,0,train,16,0.0301525859790069,0.1736449998675657,0.03704885508376137,0.19248079146699645
948,1,train,14,0.043945124188515844,0.20963092374102596,0.03704885508376137,0.19248079146699645
948,-1,train,30,0.03704885508376137,0.19248079146699645,0.03704885508376137,0.19248079146699645
949,0,train,16,0.05729395337035555,0.23936155365963757,0.03507284828072653,0.18727746335511522
949,1,train,14,0.012851743191097506,0.11336552911311933,0.03507284828072653,0.18727746335511522
949,-1,train,30,0.03507284828072653,0.18727746335511522,0.03507284828072653,0.18727746335511522
950,0,train,16,0.025872619064124153,0.16084967847068937,0.03726205007896359,0.19303380553406596
950,1,train,14,0.04865148109380303,0.22057080743789065,0.03726205007896359,0.19303380553406596
950,-1,train,30,0.03726205007896359,0.19303380553406596,0.03726205007896359,0.19303380553406596
951,0,train,16,0.05691945748013035,0.23857799035143698,0.035014762773415815,0.18712232035066212
951,1,train,14,0.01311006806670128,0.11449920552869038,0.035014762773415815,0.18712232035066212
951,-1,train,30,0.035014762773415815,0.18712232035066212,0.035014762773415815,0.18712232035066212
952,0,train,16,0.054287608196968935,0.23299701327907388,0.035150296270144155,0.18748412271481593
952,1,train,14,0.016012984343319374,0.12654242112161193,0.035150296270144155,0.18748412271481593
952,-1,train,30,0.035150296270144155,0.18748412271481593,0.035150296270144155,0.18748412271481593
953,0,train,16,0.040097549106048895,0.20024372426133333,0.03611376293866343,0.19003621480829236
953,1,train,14,0.03212997677127797,0.17924836616069328,0.03611376293866343,0.19003621480829236
953,-1,train,30,0.03611376293866343,0.19003621480829236,0.03611376293866343,0.19003621480829236
954,0,train,16,0.05732619886045101,0.23942890147275664,0.034843662013872394,0.18666457085872615
954,1,train,14,0.012361125167293773,0.11118059708102747,0.034843662013872394,0.18666457085872615
954,-1,train,30,0.034843662013872394,0.18666457085872615,0.034843662013872394,0.18666457085872615
955,0,train,16,0.049896412213052695,0.22337504832244065,0.03532552153889396,0.18795084873150736
955,1,train,14,0.02075463086473523,0.14406467597830924,0.03532552153889396,0.18795084873150736
955,-1,train,30,0.03532552153889396,0.18795084873150736,0.03532552153889396,0.18795084873150736
956,0,train,16,0.05758196236269386,0.23996241864653278,0.03473551001234989,0.1863746495968534
956,1,train,14,0.011889057662005912,0.10903695548760481,0.03473551001234989,0.1863746495968534
956,-1,train,30,0.03473551001234989,0.1863746495968534,0.03473551001234989,0.1863746495968534
957,0,train,16,0.04054045578447852,0.2013466060912836,0.03590246988604044,0.1894794708828385
957,1,train,14,0.03126448398760236,0.17681765745423267,0.03590246988604044,0.1894794708828385
957,-1,train,30,0.03590246988604044,0.1894794708828385,0.03590246988604044,0.1894794708828385
958,0,train,16,0.04424694035227711,0.21034956703610566,0.03559672976001444,0.18867095632347455
958,1,train,14,0.026946519167751776,0.16415394959534715,0.03559672976001444,0.18867095632347455
958,-1,train,30,0.03559672976001444,0.18867095632347455,0.03559672976001444,0.18867095632347455
959,0,train,16,0.04256988460529842,0.2063247067253421,0.035669196771935585,0.18886290470056735
959,1,train,14,0.028768508938572752,0.16961282067866437,0.035669196771935585,0.18886290470056735
959,-1,train,30,0.035669196771935585,0.18886290470056735,0.035669196771935585,0.18886290470056735
960,0,train,16,0.04719510367167536,0.21724434094280884,0.03529689200160547,0.18787467099533525
960,1,train,14,0.023398680331535575,0.15296627187565098,0.03529689200160547,0.18787467099533525
960,-1,train,30,0.03529689200160547,0.18787467099533525,0.03529689200160547,0.18787467099533525
961,0,train,16,0.017960223062066585,0.1340157567678763,0.03734029182719475,0.1932363625904678
961,1,train,14,0.05672036059232291,0.2381603673836663,0.03734029182719475,0.1932363625904678
961,-1,train,30,0.03734029182719475,0.1932363625904678,0.03734029182719475,0.1932363625904678
962,0,train,16,0.03887534786587928,0.1971683236878563,0.0357993577966068,0.1892071822014344
962,1,train,14,0.032723367727334314,0.18089601357502136,0.0357993577966068,0.1892071822014344
962,-1,train,30,0.0357993577966068,0.1892071822014344,0.0357993577966068,0.1892071822014344
963,0,train,16,0.0423493850179276,0.205789662077393,0.03550809476151679,0.18843591685641248
963,1,train,14,0.02866680450510598,0.1693127417092582,0.03550809476151679,0.18843591685641248
963,-1,train,30,0.03550809476151679,0.18843591685641248,0.03550809476151679,0.18843591685641248
964,0,train,16,0.024857579535009694,0.1576628666966629,0.03670949413608386,0.19159721849777428
964,1,train,14,0.048561408737158036,0.22036653270666587,0.03670949413608386,0.19159721849777428
964,-1,train,30,0.03670949413608386,0.19159721849777428,0.03670949413608386,0.19159721849777428
965,0,train,16,0.04654472924465605,0.2157422750521002,0.035121037811598754,0.18740607730700398
965,1,train,14,0.023697346378541463,0.1539394243803109,0.035121037811598754,0.18740607730700398
965,-1,train,30,0.035121037811598754,0.18740607730700398,0.035121037811598754,0.18740607730700398
966,0,train,16,0.046233944311754704,0.2150207997188986,0.03509687545071497,0.1873416009612253
966,1,train,14,0.023959806589675236,0.15478955581587292,0.03509687545071497,0.1873416009612253
966,-1,train,30,0.03509687545071497,0.1873416009612253,0.03509687545071497,0.1873416009612253
967,0,train,16,0.0429532960978019,0.20725176983032473,0.03528827945792051,0.18785174861555193
967,1,train,14,0.027623262818039132,0.166202475366762,0.03528827945792051,0.18785174861555193
967,-1,train,30,0.03528827945792051,0.18785174861555193,0.03528827945792051,0.18785174861555193
968,0,train,16,0.025453044152848228,0.15954010202092836,0.036490657070074,0.19102527861535498
968,1,train,14,0.04752826998729977,0.21800979332887724,0.036490657070074,0.19102527861535498
968,-1,train,30,0.036490657070074,0.19102527861535498,0.036490657070074,0.19102527861535498
969,0,train,16,0.015454448290503199,0.12431592130738202,0.03716062928693265,0.1927709243815899
969,1,train,14,0.0588668102833621,0.24262483443242594,0.03716062928693265,0.1927709243815899
969,-1,train,30,0.03716062928693265,0.1927709243815899,0.03716062928693265,0.1927709243815899
970,0,train,16,0.01428408820392209,0.11951605835167962,0.037197977317755246,0.1928677715891259
970,1,train,14,0.060111866431588404,0.2451772143401348,0.037197977317755246,0.1928677715891259
970,-1,train,30,0.037197977317755246,0.1928677715891259,0.037197977317755246,0.1928677715891259
971,0,train,16,0.032727376473366245,0.18090709348548564,0.0358362038445042,0.1893045267406572
971,1,train,14,0.038945031215642155,0.19734495487760045,0.0358362038445042,0.1893045267406572
971,-1,train,30,0.0358362038445042,0.1893045267406572,0.0358362038445042,0.1893045267406572
972,0,train,16,0.028606752658401152,0.16913530872766086,0.03608244773084672,0.18995380420209204
972,1,train,14,0.04355814280329228,0.20870587630273443,0.03608244773084672,0.18995380420209204
972,-1,train,30,0.03608244773084672,0.18995380420209204,0.03608244773084672,0.18995380420209204
973,0,train,16,0.0434251872688513,0.20838710917149195,0.03498265452048216,0.18703650584974624
973,1,train,14,0.02654012177211302,0.16291139239510852,0.03498265452048216,0.18703650584974624
973,-1,train,30,0.03498265452048216,0.18703650584974624,0.03498265452048216,0.18703650584974624
974,0,train,16,0.029396666503969434,0.1714545610474374,0.03593513473432165,0.18956564755862718
974,1,train,14,0.04247360296467387,0.20609124912201846,0.03593513473432165,0.18956564755862718
974,-1,train,30,0.03593513473432165,0.18956564755862718,0.03593513473432165,0.18956564755862718
975,0,train,16,0.03511126522538458,0.1873800022024351,0.035482360139288405,0.18836761966773483
975,1,train,14,0.035853455053192235,0.1893500859603508,0.035482360139288405,0.18836761966773483
975,-1,train,30,0.035482360139288405,0.18836761966773483,0.035482360139288405,0.18836761966773483
976,0,train,16,0.03133807349209646,0.17702562947804043,0.03570631730223954,0.18896115289190935
976,1,train,14,0.04007456111238262,0.20018631599682987,0.03570631730223954,0.18896115289190935
976,-1,train,30,0.03570631730223954,0.18896115289190935,0.03570631730223954,0.18896115289190935
977,0,train,16,0.024399158665178555,0.15620230044778008,0.03615410446961119,0.19014232687545188
977,1,train,14,0.04790905027404382,0.21888136118464682,0.03615410446961119,0.19014232687545188
977,-1,train,30,0.03615410446961119,0.19014232687545188,0.03615410446961119,0.19014232687545188
978,0,train,16,0.01802207268850475,0.13424631350061256,0.03656718341406866,0.19122547794179692
978,1,train,14,0.05511229413963256,0.23476007782336536,0.03656718341406866,0.19122547794179692
978,-1,train,30,0.03656718341406866,0.19122547794179692,0.03656718341406866,0.19122547794179692
979,0,train,16,0.028733905622047043,0.16951078320286012,0.035754505340598805,0.1890886176918082
979,1,train,14,0.04277510505915056,0.20682143278478313,0.035754505340598805,0.1890886176918082
979,-1,train,30,0.035754505340598805,0.1890886176918082,0.035754505340598805,0.1890886176918082
980,0,train,16,0.04844287092285058,0.2200974123492836,0.034309210826506446,0.185227456999513
980,1,train,14,0.02017555073016231,0.1420406657621764,0.034309210826506446,0.185227456999513
980,-1,train,30,0.034309210826506446,0.185227456999513,0.034309210826506446,0.185227456999513
981,0,train,16,0.011850496320190152,0.10885998493565095,0.03686984241393883,0.1920152140168555
981,1,train,14,0.0618891885076875,0.2487753776154053,0.03686984241393883,0.1920152140168555
981,-1,train,30,0.03686984241393883,0.1920152140168555,0.03686984241393883,0.1920152140168555
982,0,train,16,0.052642218151522764,0.22943892030674037,0.033918169524099887,0.18416886143998362
982,1,train,14,0.015194120896677012,0.12326443484102384,0.033918169524099887,0.18416886143998362
982,-1,train,30,0.033918169524099887,0.18416886143998362,0.033918169524099887,0.18416886143998362
983,0,train,16,0.011881489447629984,0.10900224514949214,0.03677640382624145,0.19177174929129015
983,1,train,14,0.06167131820485292,0.24833710597664,0.03677640382624145,0.19177174929129015
983,-1,train,30,0.03677640382624145,0.19177174929129015,0.03677640382624145,0.19177174929129015
984,0,train,16,0.027237382568398194,0.16503751866893235,0.03563052980108463,0.1887605091142865
984,1,train,14,0.044023677033771066,0.20981819995837125,0.03563052980108463,0.1887605091142865
984,-1,train,30,0.03563052980108463,0.1887605091142865,0.03563052980108463,0.1887605091142865
985,0,train,16,0.04793992602702681,0.21895188061998191,0.03411605476691751,0.18470531872936824
985,1,train,14,0.0202921835068082,0.1424506353331153,0.03411605476691751,0.18470531872936824
985,-1,train,30,0.03411605476691751,0.18470531872936824,0.03411605476691751,0.18470531872936824
986,0,train,16,0.020679852963436978,0.14380491286265912,0.03600815517204824,0.18975814915847022
986,1,train,14,0.05133645738065949,0.22657550039812224,0.03600815517204824,0.18975814915847022
986,-1,train,30,0.03600815517204824,0.18975814915847022,0.03600815517204824,0.18975814915847022
987,0,train,16,0.03125051167550504,0.17677814252759033,0.035207306203508204,0.18763610048044646
987,1,train,14,0.03916410073151137,0.19789921862279136,0.035207306203508204,0.18763610048044646
987,-1,train,30,0.035207306203508204,0.18763610048044646,0.035207306203508204,0.18763610048044646
988,0,train,16,0.034579187149051456,0.18595479867175102,0.0349251209808254,0.18688263959187165
988,1,train,14,0.035271054812599345,0.1878058966395873,0.0349251209808254,0.18688263959187165
988,-1,train,30,0.0349251209808254,0.18688263959187165,0.0349251209808254,0.18688263959187165
989,0,train,16,0.03512591269535404,0.18741908306080798,0.03483905836995396,0.18665223912386897
989,1,train,14,0.03455220404455388,0.1858822316536841,0.03483905836995396,0.18665223912386897
989,-1,train,30,0.03483905836995396,0.18665223912386897,0.03483905836995396,0.18665223912386897
990,0,train,16,0.03636034143974942,0.19068387829008887,0.03470757130444886,0.18629968143947231
990,1,train,14,0.0330548011691483,0.18180979393076793,0.03470757130444886,0.18629968143947231
990,-1,train,30,0.03470757130444886,0.18629968143947231,0.03470757130444886,0.18629968143947231
991,0,train,16,0.03478860942609289,0.1865170486204757,0.03477262055543784,0.186474182007692
991,1,train,14,0.03475663168478279,0.1864313055384819,0.03477262055543784,0.186474182007692
991,-1,train,30,0.03477262055543784,0.186474182007692,0.03477262055543784,0.186474182007692
992,0,train,16,0.05173331851499131,0.2274495955480935,0.03352374869997304,0.18309491718770632
992,1,train,14,0.015314178884954769,0.12375047024134805,0.03352374869997304,0.18309491718770632
992,-1,train,30,0.03352374869997304,0.18309491718770632,0.03352374869997304,0.18309491718770632
993,0,train,16,0.02166019966687141,0.14717404549332538,0.035616770453162604,0.188724059020472
993,1,train,14,0.0495733412394538,0.22265071578473264,0.035616770453162604,0.188724059020472
993,-1,train,30,0.035616770453162604,0.188724059020472,0.035616770453162604,0.188724059020472
994,0,train,16,0.048474311594460195,0.22016882521024678,0.03366081813194485,0.18346884785146728
994,1,train,14,0.018847324669429504,0.13728555885244997,0.03366081813194485,0.18346884785146728
994,-1,train,30,0.03366081813194485,0.18346884785146728,0.03366081813194485,0.18346884785146728
995,0,train,16,0.03412914729522572,0.18474075699537912,0.034635809439464364,0.18610698385462154
995,1,train,14,0.03514247158370301,0.18746325395581667,0.034635809439464364,0.18610698385462154
995,-1,train,30,0.034635809439464364,0.18610698385462154,0.034635809439464364,0.18610698385462154
996,0,train,16,0.031284898106720464,0.1768753745062338,0.03479339905136297,0.18652988782327343
996,1,train,14,0.03830189999600547,0.19570871211064028,0.03479339905136297,0.18652988782327343
996,-1,train,30,0.03479339905136297,0.18652988782327343,0.03479339905136297,0.18652988782327343
997,0,train,16,0.021581922298118252,0.14690787010272205,0.035439816209848964,0.18825465787026086
997,1,train,14,0.04929771012157967,0.2220308765050025,0.035439816209848964,0.18825465787026086
997,-1,train,30,0.035439816209848964,0.18825465787026086,0.035439816209848964,0.18825465787026086
998,0,train,16,0.034070054311491266,0.18458075281971104,0.03450323876603316,0.18575047447054654
998,1,train,14,0.034936423220575046,0.18691287601600656,0.03450323876603316,0.18575047447054654
998,-1,train,30,0.03450323876603316,0.18575047447054654,0.03450323876603316,0.18575047447054654
999,0,train,16,0.028089264475714887,0.16759852169907372,0.03488628654341032,0.18677871009140823
999,1,train,14,0.041683308611105745,0.20416490543456714,0.03488628654341032,0.18677871009140823
999,-1,train,30,0.03488628654341032,0.18677871009140823,0.03488628654341032,0.18677871009140823
1000,0,train,16,0.03440624136170551,0.1854891947303279,0.03438767761705186,0.18543914801640957
1000,1,train,14,0.03436911387239821,0.18538908779213034,0.03438767761705186,0.18543914801640957
1000,-1,train,30,0.03438767761705186,0.18543914801640957,0.03438767761705186,0.18543914801640957
