epoch,batch_idx,phase,batch_size,batch_MSE,batch_RMSE,epoch_MSE,epoch_RMSE
1,0,train,16,0.344685845995583,0.5870995196690106,0.34200180240241007,0.5848092017080528
1,1,train,14,0.3393177588092372,0.5825098787224446,0.34200180240241007,0.5848092017080528
1,-1,train,30,0.34200180240241007,0.5848092017080528,0.34200180240241007,0.5848092017080528
2,0,train,16,0.3299510965161599,0.5744136980575584,0.33996076163960975,0.5830615418972596
2,1,train,14,0.34997042676305956,0.5915829838349473,0.33996076163960975,0.5830615418972596
2,-1,train,30,0.33996076163960975,0.5830615418972596,0.33996076163960975,0.5830615418972596
3,0,train,16,0.30962674332639184,0.5564411409362107,0.3383694045720681,0.5816952849835282
3,1,train,14,0.3671120658177444,0.6058977354453013,0.3383694045720681,0.5816952849835282
3,-1,train,30,0.3383694045720681,0.5816952849835282,0.3383694045720681,0.5816952849835282
4,0,train,16,0.3386139066134652,0.5819054103662082,0.33330092087836605,0.5773221984978285
4,1,train,14,0.3279879351432669,0.5727023093573719,0.33330092087836605,0.5773221984978285
4,-1,train,30,0.33330092087836605,0.5773221984978285,0.33330092087836605,0.5773221984978285
5,0,train,16,0.32096390266774083,0.5665367619737848,0.3315795939062021,0.5758294833596158
5,1,train,14,0.3421952851446634,0.5849746021364205,0.3315795939062021,0.5758294833596158
5,-1,train,30,0.3315795939062021,0.5758294833596158,0.3315795939062021,0.5758294833596158
6,0,train,16,0.3563766984462767,0.5969729461594359,0.3260651390174,0.5710211371021217
6,1,train,14,0.29575357958852333,0.5438323083345852,0.3260651390174,0.5710211371021217
6,-1,train,30,0.3260651390174,0.5710211371021217,0.3260651390174,0.5710211371021217
7,0,train,16,0.2967228949691334,0.5447227689101433,0.3273560915623335,0.572150409911881
7,1,train,14,0.3579892881555336,0.5983220605623142,0.3273560915623335,0.572150409911881
7,-1,train,30,0.3273560915623335,0.572150409911881,0.3273560915623335,0.572150409911881
8,0,train,16,0.27426211202535306,0.5237004029264758,0.32600733500182655,0.5709705202563671
8,1,train,14,0.37775255797830004,0.6146157807755184,0.32600733500182655,0.5709705202563671
8,-1,train,30,0.32600733500182655,0.5709705202563671,0.32600733500182655,0.5709705202563671
9,0,train,16,0.3127072845287555,0.5592023645593387,0.3202982324998807,0.5659489663387334
9,1,train,14,0.3278891804710059,0.5726160847120921,0.3202982324998807,0.5659489663387334
9,-1,train,30,0.3202982324998807,0.5659489663387334,0.3202982324998807,0.5659489663387334
10,0,train,16,0.2977874832837962,0.5456990775911172,0.3184354856208179,0.5643008821726384
10,1,train,14,0.3390834879578396,0.5823087565526038,0.3184354856208179,0.5643008821726384
10,-1,train,30,0.3184354856208179,0.5643008821726384,0.3184354856208179,0.5643008821726384
11,0,train,16,0.33625676870133203,0.5798765115965053,0.3127599989681972,0.5592494961716078
11,1,train,14,0.28926322923506237,0.5378319711908751,0.3127599989681972,0.5592494961716078
11,-1,train,30,0.3127599989681972,0.5592494961716078,0.3127599989681972,0.5592494961716078
12,0,train,16,0.31309777843352654,0.5595514082133353,0.3115132570672471,0.5581337268677168
12,1,train,14,0.30992873570096763,0.5567124353748241,0.3115132570672471,0.5581337268677168
12,-1,train,30,0.3115132570672471,0.5581337268677168,0.3115132570672471,0.5581337268677168
13,0,train,16,0.31568180072475893,0.5618556760634877,0.30842615160836834,0.5553612802567067
13,1,train,14,0.30117050249197774,0.5487900349787501,0.30842615160836834,0.5553612802567067
13,-1,train,30,0.30842615160836834,0.5553612802567067,0.30842615160836834,0.5553612802567067
14,0,train,16,0.28089460604145466,0.5299949113354341,0.3080325969971535,0.5550068440993801
14,1,train,14,0.3351705879528524,0.5789391919302513,0.3080325969971535,0.5550068440993801
14,-1,train,30,0.3080325969971535,0.5550068440993801,0.3080325969971535,0.5550068440993801
15,0,train,16,0.3054160845463563,0.5526446277187143,0.30340216267426234,0.5508195373026109
15,1,train,14,0.30138824080216836,0.5489883794782622,0.30340216267426234,0.5508195373026109
15,-1,train,30,0.30340216267426234,0.5508195373026109,0.30340216267426234,0.5508195373026109
16,0,train,16,0.29773049327280715,0.545646857658694,0.30109974526923405,0.5487255646215456
16,1,train,14,0.30446899726566096,0.5517870941456142,0.30109974526923405,0.5487255646215456
16,-1,train,30,0.30109974526923405,0.5487255646215456,0.30109974526923405,0.5487255646215456
17,0,train,16,0.2976168011138345,0.5455426666300579,0.29823769559997737,0.5461114314862648
17,1,train,14,0.2988585900861202,0.5466796046004645,0.29823769559997737,0.5461114314862648
17,-1,train,30,0.29823769559997737,0.5461114314862648,0.29823769559997737,0.5461114314862648
18,0,train,16,0.2899172824192765,0.5384396738904708,0.29593252820485405,0.5439968090024555
18,1,train,14,0.30194777399043154,0.549497747029441,0.29593252820485405,0.5439968090024555
18,-1,train,30,0.29593252820485405,0.5439968090024555,0.29593252820485405,0.5439968090024555
19,0,train,16,0.2912588232370224,0.5396840031324093,0.29299971412768655,0.5412944800454615
19,1,train,14,0.29474060501835075,0.5429001796079559,0.29299971412768655,0.5412944800454615
19,-1,train,30,0.29299971412768655,0.5412944800454615,0.29299971412768655,0.5412944800454615
20,0,train,16,0.30177452686103695,0.5493400830642499,0.2894084978055601,0.537967004383689
20,1,train,14,0.2770424687500832,0.526348239049095,0.2894084978055601,0.537967004383689
20,-1,train,30,0.2894084978055601,0.537967004383689,0.2894084978055601,0.537967004383689
21,0,train,16,0.28908657228286394,0.5376677154924442,0.28748099496451246,0.5361725421583172
21,1,train,14,0.285875417646161,0.5346731877008244,0.28748099496451246,0.5361725421583172
21,-1,train,30,0.28748099496451246,0.5361725421583172,0.28748099496451246,0.5361725421583172
22,0,train,16,0.2618785922395635,0.5117407470971639,0.286614060849548,0.5353634847928536
22,1,train,14,0.31134952945953254,0.5579870334152331,0.286614060849548,0.5353634847928536
22,-1,train,30,0.286614060849548,0.5353634847928536,0.286614060849548,0.5353634847928536
23,0,train,16,0.2676289607312587,0.5173286776617537,0.283378758279898,0.5323333150197327
23,1,train,14,0.29912855582853726,0.5469264629075259,0.283378758279898,0.5323333150197327
23,-1,train,30,0.283378758279898,0.5323333150197327,0.283378758279898,0.5323333150197327
24,0,train,16,0.30136924048054775,0.5489710743568806,0.2781623004317031,0.5274109407584404
24,1,train,14,0.2549553603828584,0.5049310451763274,0.2781623004317031,0.5274109407584404
24,-1,train,30,0.2781623004317031,0.5274109407584404,0.2781623004317031,0.5274109407584404
25,0,train,16,0.29939039249801774,0.5471657815488993,0.27550343727621607,0.5248842132091763
25,1,train,14,0.25161648205441434,0.5016138774539779,0.27550343727621607,0.5248842132091763
25,-1,train,30,0.27550343727621607,0.5248842132091763,0.27550343727621607,0.5248842132091763
26,0,train,16,0.27653011416675505,0.5258613069686293,0.27434934214745804,0.5237836787715497
26,1,train,14,0.27216857012816104,0.5216977766179965,0.27434934214745804,0.5237836787715497
26,-1,train,30,0.27434934214745804,0.5237836787715497,0.27434934214745804,0.5237836787715497
27,0,train,16,0.3027055601957163,0.5501868411691762,0.2696984458964058,0.5193249906334239
27,1,train,14,0.23669133159709527,0.48650933351488257,0.2696984458964058,0.5193249906334239
27,-1,train,30,0.2696984458964058,0.5193249906334239,0.2696984458964058,0.5193249906334239
28,0,train,16,0.2746879246829386,0.5241067874803175,0.2689236708630195,0.5185785098353185
28,1,train,14,0.2631594170431004,0.5129906598010342,0.2689236708630195,0.5185785098353185
28,-1,train,30,0.2689236708630195,0.5185785098353185,0.2689236708630195,0.5185785098353185
29,0,train,16,0.28165424589836224,0.5307110757261075,0.26565666530715815,0.5154189221469834
29,1,train,14,0.249659084715954,0.49965896841341095,0.26565666530715815,0.5154189221469834
29,-1,train,30,0.26565666530715815,0.5154189221469834,0.26565666530715815,0.5154189221469834
30,0,train,16,0.26017641817875575,0.5100749142809865,0.2644279016107383,0.5142255357435473
30,1,train,14,0.2686793850427209,0.518342922246191,0.2644279016107383,0.5142255357435473
30,-1,train,30,0.2644279016107383,0.5142255357435473,0.2644279016107383,0.5142255357435473
31,0,train,16,0.30327506871070004,0.550704157157634,0.25859845186638597,0.50852576322777
31,1,train,14,0.21392183502207196,0.4625168483656265,0.25859845186638597,0.50852576322777
31,-1,train,30,0.25859845186638597,0.50852576322777,0.25859845186638597,0.50852576322777
32,0,train,16,0.2805327664620992,0.5296534399606021,0.2574648167659411,0.5074099099997369
32,1,train,14,0.23439686706978294,0.48414550196173767,0.2574648167659411,0.5074099099997369
32,-1,train,30,0.2574648167659411,0.5074099099997369,0.2574648167659411,0.5074099099997369
33,0,train,16,0.27679472167264735,0.5261128411972543,0.25498059310571036,0.5049560308637876
33,1,train,14,0.23316646453877338,0.4828731350352527,0.25498059310571036,0.5049560308637876
33,-1,train,30,0.25498059310571036,0.5049560308637876,0.25498059310571036,0.5049560308637876
34,0,train,16,0.26059546020873997,0.5104855142006871,0.2533842104719581,0.5033728344596657
34,1,train,14,0.24617296073517622,0.4961582013180637,0.2533842104719581,0.5033728344596657
34,-1,train,30,0.2533842104719581,0.5033728344596657,0.2533842104719581,0.5033728344596657
35,0,train,16,0.22768612005399116,0.47716466765047805,0.25298655932338515,0.5029776926697497
35,1,train,14,0.2782869985927791,0.5275291447804369,0.25298655932338515,0.5029776926697497
35,-1,train,30,0.25298655932338515,0.5029776926697497,0.25298655932338515,0.5029776926697497
36,0,train,16,0.21853579475758225,0.46747812222347074,0.2508987934687245,0.5008979870879144
36,1,train,14,0.28326179217986674,0.5322234419676258,0.2508987934687245,0.5008979870879144
36,-1,train,30,0.2508987934687245,0.5008979870879144,0.2508987934687245,0.5008979870879144
37,0,train,16,0.25072029890627207,0.5007197808218405,0.2458679719994326,0.49585075577176707
37,1,train,14,0.24101564509259313,0.49093344263005056,0.2458679719994326,0.49585075577176707
37,-1,train,30,0.2458679719994326,0.49585075577176707,0.2458679719994326,0.49585075577176707
38,0,train,16,0.2596382148744814,0.5095470683602069,0.24250850944876778,0.4924515300501845
38,1,train,14,0.22537880402305413,0.4747407756060713,0.24250850944876778,0.4924515300501845
38,-1,train,30,0.24250850944876778,0.4924515300501845,0.24250850944876778,0.4924515300501845
39,0,train,16,0.2458496613910576,0.49583229159773123,0.2407738480497964,0.49068711828393907
39,1,train,14,0.2356980347085352,0.4854874197222161,0.2407738480497964,0.49068711828393907
39,-1,train,30,0.2407738480497964,0.49068711828393907,0.2407738480497964,0.49068711828393907
40,0,train,16,0.23437980046497386,0.4841278761494466,0.23888656686980603,0.48876023454226103
40,1,train,14,0.24339333327463816,0.49334909878770244,0.23888656686980603,0.48876023454226103
40,-1,train,30,0.23888656686980603,0.48876023454226103,0.23888656686980603,0.48876023454226103
41,0,train,16,0.21688444295481882,0.4657085386320706,0.23744490526917494,0.4872831879607329
41,1,train,14,0.25800536758353104,0.5079422876504092,0.23744490526917494,0.4872831879607329
41,-1,train,30,0.23744490526917494,0.4872831879607329,0.23744490526917494,0.4872831879607329
42,0,train,16,0.2310445644458993,0.48067095236335977,0.23376265589072237,0.48349007837878366
42,1,train,14,0.23648074733554547,0.486292861695034,0.23376265589072237,0.48349007837878366
42,-1,train,30,0.23376265589072237,0.48349007837878366,0.23376265589072237,0.48349007837878366
43,0,train,16,0.24789519559983972,0.4978907466501458,0.2299050815504406,0.4794841827948453
43,1,train,14,0.21191496750104147,0.4603422286745389,0.2299050815504406,0.4794841827948453
43,-1,train,30,0.2299050815504406,0.4794841827948453,0.2299050815504406,0.4794841827948453
44,0,train,16,0.19861363426802892,0.4456608960499327,0.23076832623124793,0.4803835199413568
44,1,train,14,0.26292301819446695,0.5127601956026491,0.23076832623124793,0.4803835199413568
44,-1,train,30,0.23076832623124793,0.4803835199413568,0.23076832623124793,0.4803835199413568
45,0,train,16,0.24443655265100825,0.4944052514395536,0.22487704914282652,0.4742120297322987
45,1,train,14,0.20531754563464483,0.453119791704848,0.22487704914282652,0.4742120297322987
45,-1,train,30,0.22487704914282652,0.4742120297322987,0.22487704914282652,0.4742120297322987
46,0,train,16,0.22410538461828414,0.47339770237959977,0.22371006879761884,0.4729799877348077
46,1,train,14,0.22331475297695358,0.47256190385700114,0.22371006879761884,0.4729799877348077
46,-1,train,30,0.22371006879761884,0.4729799877348077,0.22371006879761884,0.4729799877348077
47,0,train,16,0.1991127126860752,0.44622047542226834,0.22288991247412038,0.4721121820861228
47,1,train,14,0.24666711226216553,0.4966559294543513,0.22288991247412038,0.4721121820861228
47,-1,train,30,0.22288991247412038,0.4721121820861228,0.22288991247412038,0.4721121820861228
48,0,train,16,0.24330347864206622,0.4932580244071719,0.2171623776619257,0.4660068429346566
48,1,train,14,0.1910212766817852,0.43705980904423736,0.2171623776619257,0.4660068429346566
48,-1,train,30,0.2171623776619257,0.4660068429346566,0.2171623776619257,0.4660068429346566
49,0,train,16,0.21685212452179425,0.4656738392070079,0.21647643054794036,0.46527027687994466
49,1,train,14,0.21610073657408643,0.4648663642102819,0.21647643054794036,0.46527027687994466
49,-1,train,30,0.21647643054794036,0.46527027687994466,0.21647643054794036,0.46527027687994466
50,0,train,16,0.19700831560854884,0.44385618798046383,0.21534037503388348,0.46404781546073837
50,1,train,14,0.2336724344592181,0.4833967671170527,0.21534037503388348,0.46404781546073837
50,-1,train,30,0.21534037503388348,0.46404781546073837,0.21534037503388348,0.46404781546073837
51,0,train,16,0.2345236606634711,0.4842764300102485,0.21014184703583594,0.458412311173943
51,1,train,14,0.1857600334082008,0.4309988786623473,0.21014184703583594,0.458412311173943
51,-1,train,30,0.21014184703583594,0.458412311173943,0.21014184703583594,0.458412311173943
52,0,train,16,0.2288175699955521,0.47834879533197544,0.20802965638218768,0.4561026818406001
52,1,train,14,0.18724174276882324,0.43271438937112233,0.20802965638218768,0.4561026818406001
52,-1,train,30,0.20802965638218768,0.4561026818406001,0.20802965638218768,0.4561026818406001
53,0,train,16,0.2003606233113593,0.44761660303362216,0.20755828626939327,0.45558565195733863
53,1,train,14,0.21475594922742727,0.463417683334837,0.20755828626939327,0.45558565195733863
53,-1,train,30,0.20755828626939327,0.45558565195733863,0.20755828626939327,0.45558565195733863
54,0,train,16,0.16648258097682647,0.40802277016954147,0.20748840323703843,0.4555089496783114
54,1,train,14,0.24849422549725042,0.4984919512863276,0.20748840323703843,0.4555089496783114
54,-1,train,30,0.20748840323703843,0.4555089496783114,0.20748840323703843,0.4555089496783114
55,0,train,16,0.21372174157387838,0.4623004883989183,0.20166693144829445,0.4490734143191895
55,1,train,14,0.18961212132271052,0.43544473968887315,0.20166693144829445,0.4490734143191895
55,-1,train,30,0.20166693144829445,0.4490734143191895,0.20166693144829445,0.4490734143191895
56,0,train,16,0.18844210878975334,0.4340991923394391,0.20102093618849945,0.4483535838916641
56,1,train,14,0.21359976358724556,0.46216854456707196,0.20102093618849945,0.4483535838916641
56,-1,train,30,0.20102093618849945,0.4483535838916641,0.20102093618849945,0.4483535838916641
57,0,train,16,0.20759260551661085,0.45562331537862594,0.19722510429575926,0.4441003313393937
57,1,train,14,0.18685760307490767,0.43227028937333606,0.19722510429575926,0.4441003313393937
57,-1,train,30,0.19722510429575926,0.4441003313393937,0.19722510429575926,0.4441003313393937
58,0,train,16,0.1794975898082558,0.4236715588852476,0.19680964069062626,0.443632326020801
58,1,train,14,0.2141216915729967,0.462732851192777,0.19680964069062626,0.443632326020801
58,-1,train,30,0.19680964069062626,0.443632326020801,0.19680964069062626,0.443632326020801
59,0,train,16,0.17162548075127662,0.41427705795913516,0.19496926299636422,0.44155323914151534
59,1,train,14,0.21831304524145181,0.46723981555669225,0.19496926299636422,0.44155323914151534
59,-1,train,30,0.19496926299636422,0.44155323914151534,0.19496926299636422,0.44155323914151534
60,0,train,16,0.20805652022675533,0.4561321302284628,0.19000664077930346,0.4358975117837947
60,1,train,14,0.17195676133185162,0.41467669494661935,0.19000664077930346,0.4358975117837947
60,-1,train,30,0.19000664077930346,0.4358975117837947,0.19000664077930346,0.4358975117837947
61,0,train,16,0.21541289013151219,0.46412594210140007,0.18712392937787806,0.43257823497938275
61,1,train,14,0.15883496862424393,0.39854105011183466,0.18712392937787806,0.43257823497938275
61,-1,train,30,0.18712392937787806,0.43257823497938275,0.18712392937787806,0.43257823497938275
62,0,train,16,0.1833607864211825,0.4282064763886489,0.18705068381820117,0.43249356505987596
62,1,train,14,0.1907405812152198,0.43673857307915886,0.18705068381820117,0.43249356505987596
62,-1,train,30,0.18705068381820117,0.43249356505987596,0.18705068381820117,0.43249356505987596
63,0,train,16,0.1669641195751375,0.40861243198798725,0.1858890713992108,0.4311485491094813
63,1,train,14,0.20481402322328407,0.45256383331336153,0.1858890713992108,0.4311485491094813
63,-1,train,30,0.1858890713992108,0.4311485491094813,0.1858890713992108,0.4311485491094813
64,0,train,16,0.18695910246445466,0.4323876761246262,0.18215412274667298,0.4267951765738139
64,1,train,14,0.17734914302889132,0.42112841631608205,0.18215412274667298,0.4267951765738139
64,-1,train,30,0.18215412274667298,0.4267951765738139,0.18215412274667298,0.4267951765738139
65,0,train,16,0.21303924827474954,0.46156174914603737,0.17801681721966328,0.4219203920405641
65,1,train,14,0.142994386164577,0.37814598525513526,0.17801681721966328,0.4219203920405641
65,-1,train,30,0.17801681721966328,0.4219203920405641,0.17801681721966328,0.4219203920405641
66,0,train,16,0.17361705993955553,0.4166738051996496,0.17853173485400292,0.4225301585141621
66,1,train,14,0.18344640976845028,0.4283064437624658,0.17853173485400292,0.4225301585141621
66,-1,train,30,0.17853173485400292,0.4225301585141621,0.17853173485400292,0.4225301585141621
67,0,train,16,0.18311288146112992,0.42791690952932665,0.17559337146479684,0.4190386276523882
67,1,train,14,0.16807386146846376,0.40996812250279135,0.17559337146479684,0.4190386276523882
67,-1,train,30,0.17559337146479684,0.4190386276523882,0.17559337146479684,0.4190386276523882
68,0,train,16,0.17148713112539085,0.41411004711959215,0.1741796513104128,0.4173483572633452
68,1,train,14,0.17687217149543472,0.42056173327519314,0.1741796513104128,0.4173483572633452
68,-1,train,30,0.1741796513104128,0.4173483572633452,0.1741796513104128,0.4173483572633452
69,0,train,16,0.18250508111645503,0.4272061342214728,0.17117795217544793,0.4137365734080659
69,1,train,14,0.15985082323444083,0.39981348555850493,0.17117795217544793,0.4137365734080659
69,-1,train,30,0.17117795217544793,0.4137365734080659,0.17117795217544793,0.4137365734080659
70,0,train,16,0.18099036525004197,0.4254296243211584,0.16908354377718865,0.4111976942751365
70,1,train,14,0.15717672230433535,0.39645519583470634,0.16908354377718865,0.4111976942751365
70,-1,train,30,0.16908354377718865,0.4111976942751365,0.16908354377718865,0.4111976942751365
71,0,train,16,0.18938827203101935,0.43518762853626636,0.16630391427162616,0.40780376932003237
71,1,train,14,0.14321955651223298,0.3784435975310363,0.16630391427162616,0.40780376932003237
71,-1,train,30,0.16630391427162616,0.40780376932003237,0.16630391427162616,0.40780376932003237
72,0,train,16,0.1791526811819689,0.42326431597994285,0.16485164749781303,0.4060192698602038
72,1,train,14,0.15055061381365717,0.3880085228621366,0.16485164749781303,0.4060192698602038
72,-1,train,30,0.16485164749781303,0.4060192698602038,0.16485164749781303,0.4060192698602038
73,0,train,16,0.1571773380762399,0.3964559724310379,0.1642689832323548,0.4053011019382439
73,1,train,14,0.17136062838846972,0.41395727845813957,0.1642689832323548,0.4053011019382439
73,-1,train,30,0.1642689832323548,0.4053011019382439,0.1642689832323548,0.4053011019382439
74,0,train,16,0.18509716136255658,0.43022919631582024,0.16015636098419475,0.40019540350208266
74,1,train,14,0.13521556060583292,0.36771668524263745,0.16015636098419475,0.40019540350208266
74,-1,train,30,0.16015636098419475,0.40019540350208266,0.16015636098419475,0.40019540350208266
75,0,train,16,0.1454742637257533,0.3814108856938319,0.16085347186551585,0.401065420929698
75,1,train,14,0.17623268000527836,0.41980076227334123,0.16085347186551585,0.401065420929698
75,-1,train,30,0.16085347186551585,0.401065420929698,0.16085347186551585,0.401065420929698
76,0,train,16,0.14758723524588227,0.38417084122286305,0.158612554476399,0.398261916929549
76,1,train,14,0.1696378737069157,0.4118711858177453,0.158612554476399,0.398261916929549
76,-1,train,30,0.158612554476399,0.398261916929549,0.158612554476399,0.398261916929549
77,0,train,16,0.13589797438308224,0.368643424440315,0.15736934448429338,0.3966980520298699
77,1,train,14,0.17884071458550452,0.4228956308422972,0.15736934448429338,0.3966980520298699
77,-1,train,30,0.15736934448429338,0.3966980520298699,0.15736934448429338,0.3966980520298699
78,0,train,16,0.1876065733357358,0.4331357446987443,0.15164364694097168,0.3894144924639704
78,1,train,14,0.11568072054620757,0.3401186859703647,0.15164364694097168,0.3894144924639704
78,-1,train,30,0.15164364694097168,0.3894144924639704,0.15164364694097168,0.3894144924639704
79,0,train,16,0.15365383521201842,0.3919870344947884,0.15201643957894828,0.38989285653747013
79,1,train,14,0.15037904394587817,0.3877873695027704,0.15201643957894828,0.38989285653747013
79,-1,train,30,0.15201643957894828,0.38989285653747013,0.15201643957894828,0.38989285653747013
80,0,train,16,0.16330406147004498,0.4041089722711499,0.14931486607214095,0.3864128182037197
80,1,train,14,0.13532567067423695,0.3678663761126273,0.14931486607214095,0.3864128182037197
80,-1,train,30,0.14931486607214095,0.3864128182037197,0.14931486607214095,0.3864128182037197
81,0,train,16,0.12593810284763451,0.3548775885395336,0.14997096780532337,0.38726085240484015
81,1,train,14,0.17400383276301223,0.4171376664400042,0.14997096780532337,0.38726085240484015
81,-1,train,30,0.14997096780532337,0.38726085240484015,0.14997096780532337,0.38726085240484015
82,0,train,16,0.14245647484679513,0.37743406688691356,0.1468171512148111,0.3831672627127885
82,1,train,14,0.15117782758282705,0.38881593020711874,0.1468171512148111,0.3831672627127885
82,-1,train,30,0.1468171512148111,0.3831672627127885,0.1468171512148111,0.3831672627127885
83,0,train,16,0.11422980043932814,0.3379789940799992,0.14686661372672086,0.38323180155973596
83,1,train,14,0.1795034270141136,0.4236784476629813,0.14686661372672086,0.38323180155973596
83,-1,train,30,0.14686661372672086,0.38323180155973596,0.14686661372672086,0.38323180155973596
84,0,train,16,0.12165584474069852,0.34879197918056903,0.14440006766438782,0.3800000890320788
84,1,train,14,0.16714429058807712,0.40883283941982584,0.14440006766438782,0.3800000890320788
84,-1,train,30,0.14440006766438782,0.3800000890320788,0.14440006766438782,0.3800000890320788
85,0,train,16,0.1569805839794125,0.39620775355791876,0.13997700697447535,0.37413501169293867
85,1,train,14,0.12297342996953817,0.35067567633005026,0.13997700697447535,0.37413501169293867
85,-1,train,30,0.13997700697447535,0.37413501169293867,0.13997700697447535,0.37413501169293867
86,0,train,16,0.1315067775524071,0.3626386321841719,0.13988382550471867,0.3740104617583827
86,1,train,14,0.14826087345703026,0.3850465860867101,0.13988382550471867,0.3740104617583827
86,-1,train,30,0.13988382550471867,0.3740104617583827,0.13988382550471867,0.3740104617583827
87,0,train,16,0.15828499072667215,0.39785046277046376,0.13611615305561775,0.3689392267780938
87,1,train,14,0.11394731538456333,0.3375608321244681,0.13611615305561775,0.3689392267780938
87,-1,train,30,0.13611615305561775,0.3689392267780938,0.13611615305561775,0.3689392267780938
88,0,train,16,0.10668181423416906,0.32662182142987484,0.13791626142221178,0.3713707869800905
88,1,train,14,0.1691507086102545,0.4112793559252087,0.13791626142221178,0.3713707869800905
88,-1,train,30,0.13791626142221178,0.3713707869800905,0.13791626142221178,0.3713707869800905
89,0,train,16,0.14132844771996925,0.3759367602668955,0.1336163267288527,0.36553567093903805
89,1,train,14,0.1259042057377362,0.3548298264488714,0.1336163267288527,0.36553567093903805
89,-1,train,30,0.1336163267288527,0.36553567093903805,0.1336163267288527,0.36553567093903805
90,0,train,16,0.1427786661256573,0.3778606437903494,0.13169508376827926,0.36289817272656427
90,1,train,14,0.12061150141090124,0.3472916661984581,0.13169508376827926,0.36289817272656427
90,-1,train,30,0.13169508376827926,0.36289817272656427,0.13169508376827926,0.36289817272656427
91,0,train,16,0.08704349520250376,0.29503134613546367,0.13385436247166466,0.3658611245700541
91,1,train,14,0.18066522974082555,0.4250473264718007,0.13385436247166466,0.3658611245700541
91,-1,train,30,0.13385436247166466,0.3658611245700541,0.13385436247166466,0.3658611245700541
92,0,train,16,0.1412952355632999,0.3758925851400901,0.1282366074598172,0.3581013927085696
92,1,train,14,0.11517797935633446,0.339378813947386,0.1282366074598172,0.3581013927085696
92,-1,train,30,0.1282366074598172,0.3581013927085696,0.1282366074598172,0.3581013927085696
93,0,train,16,0.09130215783263694,0.30216246926552104,0.13003082832444757,0.3605978762062355
93,1,train,14,0.1687594988162582,0.4108034795571457,0.13003082832444757,0.3605978762062355
93,-1,train,30,0.13003082832444757,0.3605978762062355,0.13003082832444757,0.3605978762062355
94,0,train,16,0.1207183468497126,0.34744545881290867,0.12619722448518148,0.355242486880696
94,1,train,14,0.13167610212065034,0.36287201892767973,0.12619722448518148,0.355242486880696
94,-1,train,30,0.12619722448518148,0.355242486880696,0.12619722448518148,0.355242486880696
95,0,train,16,0.14819209512962736,0.3849572640302133,0.12254914076625001,0.35007019405577794
95,1,train,14,0.09690618640287266,0.3112975849615166,0.12254914076625001,0.35007019405577794
95,-1,train,30,0.12254914076625001,0.35007019405577794,0.12254914076625001,0.35007019405577794
96,0,train,16,0.09603800716396949,0.30989999542428115,0.12455715433080708,0.3529265565678036
96,1,train,14,0.15307630149764467,0.39124966645052195,0.12455715433080708,0.3529265565678036
96,-1,train,30,0.12455715433080708,0.3529265565678036,0.12455715433080708,0.3529265565678036
97,0,train,16,0.09551114657180387,0.3090487770106911,0.12292782249692956,0.35061064230415134
97,1,train,14,0.15034449842205524,0.38774282510712593,0.12292782249692956,0.35061064230415134
97,-1,train,30,0.12292782249692956,0.35061064230415134,0.12292782249692956,0.35061064230415134
98,0,train,16,0.11917574490358335,0.34521840174530577,0.11960720929024422,0.34584275225923733
98,1,train,14,0.1200386736769051,0.34646597766145104,0.11960720929024422,0.34584275225923733
98,-1,train,30,0.11960720929024422,0.34584275225923733,0.11960720929024422,0.34584275225923733
99,0,train,16,0.10231037662328192,0.3198599328194795,0.11917466407649499,0.3452168363166765
99,1,train,14,0.13603895152970807,0.36883458559320065,0.11917466407649499,0.3452168363166765
99,-1,train,30,0.11917466407649499,0.3452168363166765,0.11917466407649499,0.3452168363166765
100,0,train,16,0.0827437399412377,0.2876521161772284,0.11896769411923067,0.3449169379999055
100,1,train,14,0.15519164829722362,0.39394371209250645,0.11896769411923067,0.3449169379999055
100,-1,train,30,0.11896769411923067,0.3449169379999055,0.11896769411923067,0.3449169379999055
101,0,train,16,0.10856816904542826,0.32949684223893294,0.11554532275430912,0.33991958277555756
101,1,train,14,0.12252247646318996,0.3500321077604024,0.11554532275430912,0.33991958277555756
101,-1,train,30,0.11554532275430912,0.33991958277555756,0.11554532275430912,0.33991958277555756
102,0,train,16,0.1410593265387399,0.375578655595256,0.11168831024346343,0.3341980105318753
102,1,train,14,0.08231729394818696,0.28690990562925317,0.11168831024346343,0.3341980105318753
102,-1,train,30,0.11168831024346343,0.3341980105318753,0.11168831024346343,0.3341980105318753
103,0,train,16,0.12475575542226797,0.3532078077028705,0.11130403309774886,0.3336225908084596
103,1,train,14,0.09785231077322976,0.3128135399454917,0.11130403309774886,0.3336225908084596
103,-1,train,30,0.11130403309774886,0.3336225908084596,0.11130403309774886,0.3336225908084596
104,0,train,16,0.12218152549988187,0.34954474034074934,0.10995630594731029,0.33159660123003415
104,1,train,14,0.09773108639473872,0.31261971530077676,0.10995630594731029,0.33159660123003415
104,-1,train,30,0.10995630594731029,0.33159660123003415,0.10995630594731029,0.33159660123003415
105,0,train,16,0.09280500383797143,0.3046391370752803,0.11054656094830678,0.3324854296782143
105,1,train,14,0.12828811805864215,0.3581733072950051,0.11054656094830678,0.3324854296782143
105,-1,train,30,0.11054656094830678,0.3324854296782143,0.11054656094830678,0.3324854296782143
106,0,train,16,0.10051536443442095,0.3170415815542513,0.10853590712940642,0.32944788226577876
106,1,train,14,0.1165564498243919,0.3414036464720198,0.10853590712940642,0.32944788226577876
106,-1,train,30,0.10853590712940642,0.32944788226577876,0.10853590712940642,0.32944788226577876
107,0,train,16,0.11738086583144919,0.3426089109049109,0.10588808675185388,0.32540449712911756
107,1,train,14,0.09439530767225855,0.3072381937068674,0.10588808675185388,0.32540449712911756
107,-1,train,30,0.10588808675185388,0.32540449712911756,0.10588808675185388,0.32540449712911756
108,0,train,16,0.08870439934635621,0.2978328379248269,0.10648961823118139,0.32632747084973
108,1,train,14,0.12427483711600658,0.35252636371767515,0.10648961823118139,0.32632747084973
108,-1,train,30,0.10648961823118139,0.32632747084973,0.10648961823118139,0.32632747084973
109,0,train,16,0.10375179501558568,0.32210525456065703,0.10401382404439435,0.32251174249071046
109,1,train,14,0.10427585307320301,0.3229177187352887,0.10401382404439435,0.32251174249071046
109,-1,train,30,0.10401382404439435,0.32251174249071046,0.10401382404439435,0.32251174249071046
110,0,train,16,0.07335255827888777,0.27083677423660135,0.10479412701716759,0.32371921014540916
110,1,train,14,0.1362356957554474,0.3691011998835108,0.10479412701716759,0.32371921014540916
110,-1,train,30,0.10479412701716759,0.32371921014540916,0.10479412701716759,0.32371921014540916
111,0,train,16,0.10585800345391737,0.32535826937995194,0.10111700565162088,0.31798900240671985
111,1,train,14,0.09637600784932437,0.31044485476381206,0.10111700565162088,0.31798900240671985
111,-1,train,30,0.10111700565162088,0.31798900240671985,0.10111700565162088,0.31798900240671985
112,0,train,16,0.13277653060122832,0.3643851404780776,0.09788681795953427,0.31286869124208366
112,1,train,14,0.06299710531784024,0.25099224154909694,0.09788681795953427,0.31286869124208366
112,-1,train,30,0.09788681795953427,0.31286869124208366,0.09788681795953427,0.31286869124208366
113,0,train,16,0.09403867151002689,0.3066572541291448,0.09930267577993873,0.3151232707686608
113,1,train,14,0.10456668004985058,0.32336771646200335,0.09930267577993873,0.3151232707686608
113,-1,train,30,0.09930267577993873,0.3151232707686608,0.09930267577993873,0.3151232707686608
114,0,train,16,0.09374182318281658,0.306172864870185,0.09801340340057929,0.3130709239143413
114,1,train,14,0.10228498361834201,0.31982023641155355,0.09801340340057929,0.3130709239143413
114,-1,train,30,0.09801340340057929,0.3130709239143413,0.09801340340057929,0.3130709239143413
115,0,train,16,0.07833312372635119,0.2798805526047696,0.09782819419011721,0.3127749897132397
115,1,train,14,0.11732326465388321,0.34252483801015543,0.09782819419011721,0.3127749897132397
115,-1,train,30,0.09782819419011721,0.3127749897132397,0.09782819419011721,0.3127749897132397
116,0,train,16,0.07589987316604697,0.27549931608998046,0.09675424046230091,0.31105343666691887
116,1,train,14,0.11760860775855483,0.3429411141268349,0.09675424046230091,0.31105343666691887
116,-1,train,30,0.09675424046230091,0.31105343666691887,0.09675424046230091,0.31105343666691887
117,0,train,16,0.09861678893227792,0.3140331016505711,0.09389970970435957,0.30643059524851557
117,1,train,14,0.08918263047644123,0.29863461031240374,0.09389970970435957,0.30643059524851557
117,-1,train,30,0.09389970970435957,0.30643059524851557,0.09389970970435957,0.30643059524851557
118,0,train,16,0.09533416873610677,0.3087623175455625,0.09291831135653236,0.30482505040847996
118,1,train,14,0.09050245397695796,0.30083625774988954,0.09291831135653236,0.30482505040847996
118,-1,train,30,0.09291831135653236,0.30482505040847996,0.09291831135653236,0.30482505040847996
119,0,train,16,0.05023511671336031,0.2241319181048525,0.09492789594520941,0.3081037097232187
119,1,train,14,0.1396206751770585,0.3736585007424005,0.09492789594520941,0.3081037097232187
119,-1,train,30,0.09492789594520941,0.3081037097232187,0.09492789594520941,0.3081037097232187
120,0,train,16,0.0829258981466267,0.28796857145637733,0.0914468325444667,0.3024017733818152
120,1,train,14,0.09996776694230672,0.31617679697015516,0.0914468325444667,0.3024017733818152
120,-1,train,30,0.0914468325444667,0.3024017733818152,0.0914468325444667,0.3024017733818152
121,0,train,16,0.1262371317778186,0.35529865152828627,0.08722337569280908,0.2953360385946982
121,1,train,14,0.04820961960779956,0.21956689096446114,0.08722337569280908,0.2953360385946982
121,-1,train,30,0.08722337569280908,0.2953360385946982,0.08722337569280908,0.2953360385946982
122,0,train,16,0.09682836238557567,0.3111725604637653,0.08816856290788358,0.2969319162836551
122,1,train,14,0.0795087634301915,0.28197298351117167,0.08816856290788358,0.2969319162836551
122,-1,train,30,0.08816856290788358,0.2969319162836551,0.08816856290788358,0.2969319162836551
123,0,train,16,0.0906845046886383,0.3011386801602184,0.08749708496651348,0.2957990618080346
123,1,train,14,0.08430966524438868,0.29036126677707663,0.08749708496651348,0.2957990618080346
123,-1,train,30,0.08749708496651348,0.2957990618080346,0.08749708496651348,0.2957990618080346
124,0,train,16,0.07792133481030393,0.2791439320678562,0.08731679288660121,0.29549415034244114
124,1,train,14,0.09671225096289851,0.3109859337058487,0.08731679288660121,0.29549415034244114
124,-1,train,30,0.08731679288660121,0.29549415034244114,0.08731679288660121,0.29549415034244114
125,0,train,16,0.08661468010244804,0.2943037208437026,0.08563465630851747,0.2926339971850801
125,1,train,14,0.08465463251458691,0.2909546915149967,0.08563465630851747,0.2926339971850801
125,-1,train,30,0.08563465630851747,0.2926339971850801,0.08563465630851747,0.2926339971850801
126,0,train,16,0.10898605756900058,0.3301303645062062,0.0830015978836257,0.28809997897192857
126,1,train,14,0.05701713819825082,0.23878261703535042,0.0830015978836257,0.28809997897192857
126,-1,train,30,0.0830015978836257,0.28809997897192857,0.0830015978836257,0.28809997897192857
127,0,train,16,0.09890323009016684,0.3144888393729845,0.08268979170155144,0.28755832747731624
127,1,train,14,0.06647635331293604,0.2578300861283183,0.08268979170155144,0.28755832747731624
127,-1,train,30,0.08268979170155144,0.28755832747731624,0.08268979170155144,0.28755832747731624
128,0,train,16,0.07666879588995273,0.2768913069959993,0.08325883467538134,0.2885460702823404
128,1,train,14,0.08984887346080994,0.29974801660863404,0.08325883467538134,0.2885460702823404
128,-1,train,30,0.08325883467538134,0.2885460702823404,0.08325883467538134,0.2885460702823404
129,0,train,16,0.10492962035660341,0.3239284185689848,0.08027057291617665,0.28332061858639346
129,1,train,14,0.05561152547574989,0.23582096063698385,0.08027057291617665,0.28332061858639346
129,-1,train,30,0.08027057291617665,0.28332061858639346,0.08027057291617665,0.28332061858639346
130,0,train,16,0.0834160707141058,0.28881840438951567,0.08083202291882016,0.2843097306087503
130,1,train,14,0.07824797512353451,0.27972839527572907,0.08083202291882016,0.2843097306087503
130,-1,train,30,0.08083202291882016,0.2843097306087503,0.08083202291882016,0.2843097306087503
131,0,train,16,0.06606041944738995,0.25702221586351237,0.08111741067202831,0.2848111842467362
131,1,train,14,0.09617440189666666,0.3101199798411361,0.08111741067202831,0.2848111842467362
131,-1,train,30,0.08111741067202831,0.2848111842467362,0.08111741067202831,0.2848111842467362
132,0,train,16,0.09505239627408667,0.3083056864121819,0.078132464084004,0.27952184902794985
132,1,train,14,0.06121253189392132,0.24741166482993748,0.078132464084004,0.27952184902794985
132,-1,train,30,0.078132464084004,0.27952184902794985,0.078132464084004,0.27952184902794985
133,0,train,16,0.08245582818295678,0.28715122876797305,0.07811126192354845,0.2794839206887374
133,1,train,14,0.07376669566414011,0.2716002497497749,0.07811126192354845,0.2794839206887374
133,-1,train,30,0.07811126192354845,0.2794839206887374,0.07811126192354845,0.2794839206887374
134,0,train,16,0.04390200007353831,0.2095280412582963,0.07996062599282651,0.28277309983947646
134,1,train,14,0.11601925191211471,0.3406159889261141,0.07996062599282651,0.28277309983947646
134,-1,train,30,0.07996062599282651,0.28277309983947646,0.07996062599282651,0.28277309983947646
135,0,train,16,0.05698245108802047,0.23870997274521327,0.07816249876540766,0.2795755689709093
135,1,train,14,0.09934254644279486,0.31518652642966016,0.07816249876540766,0.2795755689709093
135,-1,train,30,0.07816249876540766,0.2795755689709093,0.07816249876540766,0.2795755689709093
136,0,train,16,0.06326326227076746,0.2515218922296178,0.07688179151961178,0.2772756598037624
136,1,train,14,0.09050032076845609,0.30083271226456754,0.07688179151961178,0.2772756598037624
136,-1,train,30,0.07688179151961178,0.2772756598037624,0.07688179151961178,0.2772756598037624
137,0,train,16,0.04903289517373328,0.22143372636916284,0.07704639673562413,0.27757232703499846
137,1,train,14,0.105059898297515,0.32412944682258504,0.07704639673562413,0.27757232703499846
137,-1,train,30,0.07704639673562413,0.27757232703499846,0.07704639673562413,0.27757232703499846
138,0,train,16,0.10776040562234468,0.3282688008665226,0.07206043206492083,0.2684407421851624
138,1,train,14,0.03636045850749697,0.190684185257973,0.07206043206492083,0.2684407421851624
138,-1,train,30,0.07206043206492083,0.2684407421851624,0.07206043206492083,0.2684407421851624
139,0,train,16,0.06477856000624498,0.2545163256183088,0.07432473080820258,0.27262562390245454
139,1,train,14,0.08387090161016018,0.28960473340427323,0.07432473080820258,0.27262562390245454
139,-1,train,30,0.07432473080820258,0.27262562390245454,0.07432473080820258,0.27262562390245454
140,0,train,16,0.06324778380196026,0.25149112072190594,0.07364988544390816,0.2713851238441565
140,1,train,14,0.08405198708585607,0.289917207295214,0.07364988544390816,0.2713851238441565
140,-1,train,30,0.07364988544390816,0.2713851238441565,0.07364988544390816,0.2713851238441565
141,0,train,16,0.077232611525875,0.27790755931761735,0.07189523768445678,0.2681328731887547
141,1,train,14,0.06655786384303856,0.2579881079488715,0.07189523768445678,0.2681328731887547
141,-1,train,30,0.07189523768445678,0.2681328731887547,0.07189523768445678,0.2681328731887547
142,0,train,16,0.048817093446540165,0.22094590615474224,0.07317287927031035,0.27050485997539925
142,1,train,14,0.09752866509408055,0.31229579743262725,0.07317287927031035,0.27050485997539925
142,-1,train,30,0.07317287927031035,0.27050485997539925,0.07317287927031035,0.27050485997539925
143,0,train,16,0.08699882878652321,0.2949556386755866,0.06974551190043443,0.264093755890658
143,1,train,14,0.05249219501434566,0.22911175223969996,0.06974551190043443,0.264093755890658
143,-1,train,30,0.06974551190043443,0.264093755890658,0.06974551190043443,0.264093755890658
144,0,train,16,0.05416458491623344,0.23273286170249666,0.07135408240118328,0.2671218493519077
144,1,train,14,0.08854357988613312,0.29756273269032385,0.07135408240118328,0.2671218493519077
144,-1,train,30,0.07135408240118328,0.2671218493519077,0.07135408240118328,0.2671218493519077
145,0,train,16,0.062245713931365486,0.24949090951649017,0.07008622234626054,0.26473802587890644
145,1,train,14,0.0779267307611556,0.2791535970772284,0.07008622234626054,0.26473802587890644
145,-1,train,30,0.07008622234626054,0.26473802587890644,0.07008622234626054,0.26473802587890644
146,0,train,16,0.055120093107086855,0.23477668774196225,0.0699285925144773,0.26444014921051096
146,1,train,14,0.08473709192186775,0.2910963619179528,0.0699285925144773,0.26444014921051096
146,-1,train,30,0.0699285925144773,0.26444014921051096,0.0699285925144773,0.26444014921051096
147,0,train,16,0.04563781488125138,0.2136300888949199,0.0699378689771463,0.26445768844400475
147,1,train,14,0.09423792307304121,0.3069819588722458,0.0699378689771463,0.26445768844400475
147,-1,train,30,0.0699378689771463,0.26445768844400475,0.0699378689771463,0.26445768844400475
148,0,train,16,0.08745034034437549,0.29572003710329725,0.06634147394478457,0.25756838692817985
148,1,train,14,0.04523260754519366,0.2126795889247336,0.06634147394478457,0.25756838692817985
148,-1,train,30,0.06634147394478457,0.25756838692817985,0.06634147394478457,0.25756838692817985
149,0,train,16,0.05619306865860472,0.23705077232231225,0.06792752493833437,0.26062909457375316
149,1,train,14,0.07966198121806402,0.2822445415204057,0.06792752493833437,0.26062909457375316
149,-1,train,30,0.06792752493833437,0.26062909457375316,0.06792752493833437,0.26062909457375316
150,0,train,16,0.0774630989359712,0.2783219339828811,0.06579935422461126,0.25651384801723914
150,1,train,14,0.05413560951325133,0.23267060302765222,0.06579935422461126,0.25651384801723914
150,-1,train,30,0.06579935422461126,0.25651384801723914,0.06579935422461126,0.25651384801723914
151,0,train,16,0.08924749478157194,0.29874319202547855,0.06436938081747952,0.25371121539553493
151,1,train,14,0.039491266853387094,0.19872409731430934,0.06436938081747952,0.25371121539553493
151,-1,train,30,0.06436938081747952,0.25371121539553493,0.06436938081747952,0.25371121539553493
152,0,train,16,0.051245732937659216,0.2263752038931367,0.06648491239224319,0.2578466838883975
152,1,train,14,0.08172409184682718,0.28587425880415884,0.06648491239224319,0.2578466838883975
152,-1,train,30,0.06648491239224319,0.2578466838883975,0.06648491239224319,0.2578466838883975
153,0,train,16,0.041913013524892045,0.204726680051458,0.06658942623013374,0.2580492709350944
153,1,train,14,0.09126583893537543,0.30210236499467436,0.06658942623013374,0.2580492709350944
153,-1,train,30,0.06658942623013374,0.2580492709350944,0.06658942623013374,0.2580492709350944
154,0,train,16,0.05978020444260659,0.24449990683557854,0.06477785296329538,0.2545149366212038
154,1,train,14,0.06977550148398419,0.26415052807818534,0.06477785296329538,0.2545149366212038
154,-1,train,30,0.06477785296329538,0.2545149366212038,0.06477785296329538,0.2545149366212038
155,0,train,16,0.08164138658147342,0.28572956896596025,0.06270300314143062,0.25040567713498557
155,1,train,14,0.043764619701387814,0.2091999514851469,0.06270300314143062,0.25040567713498557
155,-1,train,30,0.06270300314143062,0.25040567713498557,0.06270300314143062,0.25040567713498557
156,0,train,16,0.06280237504400583,0.2506040204067082,0.06349335926219454,0.25197888654050865
156,1,train,14,0.06418434348038324,0.25334629162548095,0.06349335926219454,0.25197888654050865
156,-1,train,30,0.06349335926219454,0.25197888654050865,0.06349335926219454,0.25197888654050865
157,0,train,16,0.03579401512462619,0.18919306309858772,0.0649185288419535,0.2547911474952642
157,1,train,14,0.0940430425592808,0.3066643809758166,0.0649185288419535,0.2547911474952642
157,-1,train,30,0.0649185288419535,0.2547911474952642,0.0649185288419535,0.2547911474952642
158,0,train,16,0.07467005237695716,0.2732582155708354,0.06165776880555429,0.24830982422279288
158,1,train,14,0.048645485234151416,0.22055721533006217,0.06165776880555429,0.24830982422279288
158,-1,train,30,0.06165776880555429,0.24830982422279288,0.06165776880555429,0.24830982422279288
159,0,train,16,0.04898421005371726,0.22132376748491622,0.06302246360028253,0.25104275253486713
159,1,train,14,0.07706071714684781,0.2775981216558351,0.06302246360028253,0.25104275253486713
159,-1,train,30,0.06302246360028253,0.25104275253486713,0.06302246360028253,0.25104275253486713
160,0,train,16,0.05311294131365211,0.2304624509842159,0.062255021138482025,0.24950956121656345
160,1,train,14,0.07139710096331194,0.26720235957661737,0.062255021138482025,0.24950956121656345
160,-1,train,30,0.062255021138482025,0.24950956121656345,0.062255021138482025,0.24950956121656345
161,0,train,16,0.07820747685012502,0.279655997343388,0.06002774995184279,0.24500561208234148
161,1,train,14,0.041848023053560564,0.20456789350619164,0.06002774995184279,0.24500561208234148
161,-1,train,30,0.06002774995184279,0.24500561208234148,0.06002774995184279,0.24500561208234148
162,0,train,16,0.03276873730074062,0.18102137249711875,0.062807354893229,0.2506139559027569
162,1,train,14,0.0928459724857174,0.30470637093063446,0.062807354893229,0.2506139559027569
162,-1,train,30,0.062807354893229,0.2506139559027569,0.062807354893229,0.2506139559027569
163,0,train,16,0.07627650941178364,0.2761820222458074,0.059285844273943455,0.24348684620312339
163,1,train,14,0.04229517913610327,0.2056579177568986,0.059285844273943455,0.24348684620312339
163,-1,train,30,0.059285844273943455,0.24348684620312339,0.059285844273943455,0.24348684620312339
164,0,train,16,0.05017636297660924,0.22400081021418033,0.060740802767770004,0.24645649264681588
164,1,train,14,0.07130524255893077,0.26703041504467384,0.060740802767770004,0.24645649264681588
164,-1,train,30,0.060740802767770004,0.24645649264681588,0.060740802767770004,0.24645649264681588
165,0,train,16,0.07370051119428667,0.2714783807125103,0.05865737817485534,0.24219285326956974
165,1,train,14,0.04361424515542402,0.20884023835320628,0.05865737817485534,0.24219285326956974
165,-1,train,30,0.05865737817485534,0.24219285326956974,0.05865737817485534,0.24219285326956974
166,0,train,16,0.06244071068442306,0.2498813932337161,0.05906571743672172,0.24303439558367396
166,1,train,14,0.05569072418902038,0.23598882216965358,0.05906571743672172,0.24303439558367396
166,-1,train,30,0.05906571743672172,0.24303439558367396,0.05906571743672172,0.24303439558367396
167,0,train,16,0.07230393758100684,0.26889391510595184,0.05798368437654225,0.24079801572384738
167,1,train,14,0.04366343117207767,0.20895796508407538,0.05798368437654225,0.24079801572384738
167,-1,train,30,0.05798368437654225,0.24079801572384738,0.05798368437654225,0.24079801572384738
168,0,train,16,0.0765090026499128,0.2766026078147363,0.057317322692225316,0.2394103646299076
168,1,train,14,0.038125642734537835,0.19525788776522662,0.057317322692225316,0.2394103646299076
168,-1,train,30,0.057317322692225316,0.2394103646299076,0.057317322692225316,0.2394103646299076
169,0,train,16,0.06695626358347312,0.2587590840598125,0.05764351222321696,0.24009063335169276
169,1,train,14,0.0483307608629608,0.2198425820057634,0.05764351222321696,0.24009063335169276
169,-1,train,30,0.05764351222321696,0.24009063335169276,0.05764351222321696,0.24009063335169276
170,0,train,16,0.07285002256713342,0.26990743333063916,0.05689168748847396,0.2385197842705589
170,1,train,14,0.040933352409814494,0.20231992588426503,0.05689168748847396,0.2385197842705589
170,-1,train,30,0.05689168748847396,0.2385197842705589,0.05689168748847396,0.2385197842705589
171,0,train,16,0.07635601517756395,0.27632592201522455,0.056283957961034387,0.23724240337897942
171,1,train,14,0.036211900744504824,0.1902942477966815,0.056283957961034387,0.23724240337897942
171,-1,train,30,0.056283957961034387,0.23724240337897942,0.056283957961034387,0.23724240337897942
172,0,train,16,0.06674862232296325,0.2583575474472601,0.05665543556515179,0.2380240230841244
172,1,train,14,0.046562248807340334,0.2157828742216127,0.05665543556515179,0.2380240230841244
172,-1,train,30,0.05665543556515179,0.2380240230841244,0.05665543556515179,0.2380240230841244
173,0,train,16,0.060538628927265394,0.24604598945576292,0.05677684281399687,0.23827891810648477
173,1,train,14,0.05301505670072835,0.23024998740657587,0.05677684281399687,0.23827891810648477
173,-1,train,30,0.05677684281399687,0.23827891810648477,0.05677684281399687,0.23827891810648477
174,0,train,16,0.05122608298763462,0.22633179844563295,0.05713538930429731,0.2390301012514895
174,1,train,14,0.06304469562096,0.25108702798225163,0.05713538930429731,0.2390301012514895
174,-1,train,30,0.05713538930429731,0.2390301012514895,0.05713538930429731,0.2390301012514895
175,0,train,16,0.08531327742424782,0.2920843669631222,0.0544127655030762,0.23326544001003707
175,1,train,14,0.023512253581904573,0.15333705873631648,0.0544127655030762,0.23326544001003707
175,-1,train,30,0.0544127655030762,0.23326544001003707,0.0544127655030762,0.23326544001003707
176,0,train,16,0.05045182971479208,0.22461484749408728,0.05660564776219318,0.23791941442890527
176,1,train,14,0.06275946580959427,0.25051839415419036,0.05660564776219318,0.23791941442890527
176,-1,train,30,0.05660564776219318,0.23791941442890527,0.05660564776219318,0.23791941442890527
177,0,train,16,0.041144154137074444,0.2028402182435092,0.056994905080354694,0.23873605735279013
177,1,train,14,0.07284565602363494,0.26989934424454415,0.056994905080354694,0.23873605735279013
177,-1,train,30,0.056994905080354694,0.23873605735279013,0.056994905080354694,0.23873605735279013
178,0,train,16,0.0341554667656321,0.18481197679163572,0.057226262506030426,0.2392201130884074
178,1,train,14,0.08029705824642874,0.2833673556470977,0.057226262506030426,0.2392201130884074
178,-1,train,30,0.057226262506030426,0.2392201130884074,0.057226262506030426,0.2392201130884074
179,0,train,16,0.026116555468207528,0.16160617397923735,0.05753472303147503,0.2398639677639704
179,1,train,14,0.08895289059474253,0.2982497118099907,0.05753472303147503,0.2398639677639704
179,-1,train,30,0.05753472303147503,0.2398639677639704,0.05753472303147503,0.2398639677639704
180,0,train,16,0.04867139075613274,0.22061593495514495,0.05567976534051368,0.23596560202816358
180,1,train,14,0.06268813992489461,0.2503759971021476,0.05567976534051368,0.23596560202816358
180,-1,train,30,0.05567976534051368,0.23596560202816358,0.05567976534051368,0.23596560202816358
181,0,train,16,0.07723333338444481,0.2779088580532201,0.0533966287994354,0.2310771057448907
181,1,train,14,0.029559924214425992,0.17192999800624087,0.0533966287994354,0.2310771057448907
181,-1,train,30,0.0533966287994354,0.2310771057448907,0.0533966287994354,0.2310771057448907
182,0,train,16,0.0376093032882816,0.19393118183593272,0.055988077340766024,0.23661799876756212
182,1,train,14,0.07436685139325046,0.2727028628255495,0.055988077340766024,0.23661799876756212
182,-1,train,30,0.055988077340766024,0.23661799876756212,0.055988077340766024,0.23661799876756212
183,0,train,16,0.026184922364006918,0.16181755888656496,0.056570471634745385,0.23784547848287002
183,1,train,14,0.08695602090548385,0.2948830631038071,0.056570471634745385,0.23784547848287002
183,-1,train,30,0.056570471634745385,0.23784547848287002,0.056570471634745385,0.23784547848287002
184,0,train,16,0.07055324042223944,0.26561859954122086,0.05317866234271381,0.23060499201603119
184,1,train,14,0.03580408426318818,0.18921967197727665,0.05317866234271381,0.23060499201603119
184,-1,train,30,0.05317866234271381,0.23060499201603119,0.05317866234271381,0.23060499201603119
185,0,train,16,0.0724587536061654,0.2691816368294193,0.0528322886470535,0.22985275427336846
185,1,train,14,0.033205823687941595,0.1822246517020724,0.0528322886470535,0.22985275427336846
185,-1,train,30,0.0528322886470535,0.22985275427336846,0.0528322886470535,0.22985275427336846
186,0,train,16,0.04597425164826099,0.21441607133855659,0.05451111707687126,0.23347615954711792
186,1,train,14,0.06304798250548152,0.2510935732062482,0.05451111707687126,0.23347615954711792
186,-1,train,30,0.05451111707687126,0.23347615954711792,0.05451111707687126,0.23347615954711792
187,0,train,16,0.06818960174419146,0.26113138789542606,0.052725306803073496,0.22961991813227678
187,1,train,14,0.03726101186195553,0.19303111630500283,0.052725306803073496,0.22961991813227678
187,-1,train,30,0.052725306803073496,0.22961991813227678,0.052725306803073496,0.22961991813227678
188,0,train,16,0.057847948873628284,0.24051600544169255,0.053268517482362235,0.23079973458035483
188,1,train,14,0.04868908609109618,0.22065603570058123,0.053268517482362235,0.23079973458035483
188,-1,train,30,0.053268517482362235,0.23079973458035483,0.053268517482362235,0.23079973458035483
189,0,train,16,0.0707945537889149,0.2660724596588585,0.05216213025125959,0.22839030244574657
189,1,train,14,0.03352970671360428,0.18311118675166813,0.05216213025125959,0.22839030244574657
189,-1,train,30,0.05216213025125959,0.22839030244574657,0.05216213025125959,0.22839030244574657
190,0,train,16,0.059060967507880556,0.2430246232542714,0.052806278823051715,0.22979616799035557
190,1,train,14,0.046551590138222874,0.21575817513647744,0.052806278823051715,0.22979616799035557
190,-1,train,30,0.052806278823051715,0.22979616799035557,0.052806278823051715,0.22979616799035557
191,0,train,16,0.06323449163494858,0.25146469262094945,0.052339562796707276,0.2287784141843528
191,1,train,14,0.04144463395846597,0.20357955191636012,0.052339562796707276,0.2287784141843528
191,-1,train,30,0.052339562796707276,0.2287784141843528,0.052339562796707276,0.2287784141843528
192,0,train,16,0.04456676336348939,0.211108416136092,0.0534965648795848,0.23129324434488957
192,1,train,14,0.06242636639568021,0.2498526893905291,0.0534965648795848,0.23129324434488957
192,-1,train,30,0.0534965648795848,0.23129324434488957,0.0534965648795848,0.23129324434488957
193,0,train,16,0.05056557863498664,0.22486791375157691,0.052900508151373926,0.230001104674247
193,1,train,14,0.055235437667761206,0.23502220675451332,0.052900508151373926,0.230001104674247
193,-1,train,30,0.052900508151373926,0.230001104674247,0.052900508151373926,0.230001104674247
194,0,train,16,0.05689402778147743,0.23852469008779245,0.05229548767649775,0.22868206680126396
194,1,train,14,0.047696947571518065,0.21839630851165517,0.05229548767649775,0.22868206680126396
194,-1,train,30,0.05229548767649775,0.22868206680126396,0.05229548767649775,0.22868206680126396
195,0,train,16,0.036016813533074545,0.18978096198795744,0.05362489091280424,0.23157048800053137
195,1,train,14,0.07123296829253394,0.26689505108288153,0.05362489091280424,0.23157048800053137
195,-1,train,30,0.05362489091280424,0.23157048800053137,0.05362489091280424,0.23157048800053137
196,0,train,16,0.07562087402757257,0.2749924981296264,0.05065519054172675,0.22506708009330628
196,1,train,14,0.025689507055880918,0.1602794654841378,0.05065519054172675,0.22506708009330628
196,-1,train,30,0.05065519054172675,0.22506708009330628,0.05065519054172675,0.22506708009330628
197,0,train,16,0.08420592532684179,0.29018257240372275,0.04989994132940026,0.2233829477140103
197,1,train,14,0.015593957331958726,0.12487576759307117,0.04989994132940026,0.2233829477140103
197,-1,train,30,0.04989994132940026,0.2233829477140103,0.04989994132940026,0.2233829477140103
198,0,train,16,0.059857339377747266,0.24465759619874317,0.0515033137792672,0.22694341536882537
198,1,train,14,0.04314928818078714,0.20772406740863503,0.0515033137792672,0.22694341536882537
198,-1,train,30,0.0515033137792672,0.22694341536882537,0.0515033137792672,0.22694341536882537
199,0,train,16,0.07293179127313422,0.2700588663109105,0.050431349439626655,0.2245692531038625
199,1,train,14,0.027930907606119097,0.16712542477468562,0.050431349439626655,0.2245692531038625
199,-1,train,30,0.050431349439626655,0.2245692531038625,0.050431349439626655,0.2245692531038625
200,0,train,16,0.0556924336760398,0.2359924441079413,0.051521395163655906,0.22698324864107464
200,1,train,14,0.047350356651272005,0.2176013709774642,0.051521395163655906,0.22698324864107464
200,-1,train,30,0.051521395163655906,0.22698324864107464,0.051521395163655906,0.22698324864107464
201,0,train,16,0.029252648151505748,0.17103405553136414,0.05328580494097885,0.23083718275221357
201,1,train,14,0.07731896173045195,0.2780628737002694,0.05328580494097885,0.23083718275221357
201,-1,train,30,0.05328580494097885,0.23083718275221357,0.05328580494097885,0.23083718275221357
202,0,train,16,0.04197464072787752,0.20487713568838647,0.05225663719867206,0.22859710671544392
202,1,train,14,0.0625386336694666,0.2500772554021389,0.05225663719867206,0.22859710671544392
202,-1,train,30,0.05225663719867206,0.22859710671544392,0.05225663719867206,0.22859710671544392
203,0,train,16,0.04324264407912034,0.20794865731502174,0.05204418285217002,0.22813194176215223
203,1,train,14,0.0608457216252197,0.2466692555330309,0.05204418285217002,0.22813194176215223
203,-1,train,30,0.05204418285217002,0.22813194176215223,0.05204418285217002,0.22813194176215223
204,0,train,16,0.04503937870919996,0.2122248305670191,0.05180411553488576,0.22760517466631938
204,1,train,14,0.058568852360571556,0.24201002533071136,0.05180411553488576,0.22760517466631938
204,-1,train,30,0.05180411553488576,0.22760517466631938,0.05180411553488576,0.22760517466631938
205,0,train,16,0.04198213688259749,0.2048954291403239,0.05191079365122889,0.22783940320152896
205,1,train,14,0.06183945041986029,0.24867539166523955,0.05191079365122889,0.22783940320152896
205,-1,train,30,0.05191079365122889,0.22783940320152896,0.05191079365122889,0.22783940320152896
206,0,train,16,0.029119218732644298,0.17064354289759778,0.05272012253723842,0.22960862905657187
206,1,train,14,0.07632102634183255,0.27626260395108226,0.05272012253723842,0.22960862905657187
206,-1,train,30,0.05272012253723842,0.22960862905657187,0.05272012253723842,0.22960862905657187
207,0,train,16,0.0641415178190142,0.2532617575138698,0.050120879331622264,0.22387692898470415
207,1,train,14,0.03610024084423032,0.190000633799549,0.050120879331622264,0.22387692898470415
207,-1,train,30,0.050120879331622264,0.22387692898470415,0.050120879331622264,0.22387692898470415
208,0,train,16,0.07430117303795229,0.27258241512972237,0.04929275695000184,0.22201972198433598
208,1,train,14,0.024284340862051387,0.15583433787856701,0.04929275695000184,0.22201972198433598
208,-1,train,30,0.04929275695000184,0.22201972198433598,0.04929275695000184,0.22201972198433598
209,0,train,16,0.07067993747798414,0.2658569868895383,0.04945473752568871,0.22238421150272497
209,1,train,14,0.028229537573393287,0.16801648006488318,0.04945473752568871,0.22238421150272497
209,-1,train,30,0.04945473752568871,0.22238421150272497,0.04945473752568871,0.22238421150272497
210,0,train,16,0.056093561687210254,0.23684079396761498,0.05039467528232734,0.22448758380437733
210,1,train,14,0.04469578887744442,0.2114137859209858,0.05039467528232734,0.22448758380437733
210,-1,train,30,0.05039467528232734,0.22448758380437733,0.05039467528232734,0.22448758380437733
211,0,train,16,0.032849936241162,0.18124551371320063,0.05196336942476943,0.22795475302079013
211,1,train,14,0.07107680260837686,0.26660233046313914,0.05196336942476943,0.22795475302079013
211,-1,train,30,0.05196336942476943,0.22795475302079013,0.05196336942476943,0.22795475302079013
212,0,train,16,0.05177227691562514,0.22753522126392903,0.0505204877261182,0.22476763051230977
212,1,train,14,0.04926869853661127,0.22196553456924628,0.0505204877261182,0.22476763051230977
212,-1,train,30,0.0505204877261182,0.22476763051230977,0.0505204877261182,0.22476763051230977
213,0,train,16,0.04478484166799598,0.21162429366213129,0.05093403859496466,0.22568570755580572
213,1,train,14,0.05708323552193334,0.23892098175324272,0.05093403859496466,0.22568570755580572
213,-1,train,30,0.05093403859496466,0.22568570755580572,0.05093403859496466,0.22568570755580572
214,0,train,16,0.05883542789510011,0.2425601531478328,0.049854811775495306,0.2232819109903337
214,1,train,14,0.04087419565589051,0.2021736769609004,0.049854811775495306,0.2232819109903337
214,-1,train,30,0.049854811775495306,0.2232819109903337,0.049854811775495306,0.2232819109903337
215,0,train,16,0.05019672970443572,0.22404626688350718,0.05038826165791163,0.22447329831833368
215,1,train,14,0.05057979361138755,0.22489951892209006,0.05038826165791163,0.22447329831833368
215,-1,train,30,0.05038826165791163,0.22447329831833368,0.05038826165791163,0.22447329831833368
216,0,train,16,0.04410729027764749,0.21001735708661676,0.05074001468390353,0.2252554431837409
216,1,train,14,0.05737273909015957,0.23952607183803515,0.05074001468390353,0.2252554431837409
216,-1,train,30,0.05074001468390353,0.2252554431837409,0.05074001468390353,0.2252554431837409
217,0,train,16,0.03315553929760418,0.1820866258065215,0.051441846639451894,0.22680795100580556
217,1,train,14,0.0697281539812996,0.2640608906697461,0.051441846639451894,0.22680795100580556
217,-1,train,30,0.051441846639451894,0.22680795100580556,0.051441846639451894,0.22680795100580556
218,0,train,16,0.0549604852593315,0.23443652714398305,0.049810400382812065,0.2231824374425821
218,1,train,14,0.044660315506292625,0.2113298736721636,0.049810400382812065,0.2231824374425821
218,-1,train,30,0.049810400382812065,0.2231824374425821,0.049810400382812065,0.2231824374425821
219,0,train,16,0.043733548862810175,0.20912567719629785,0.050540567373902195,0.2248122936449477
219,1,train,14,0.057347585884994216,0.23947355988708693,0.050540567373902195,0.2248122936449477
219,-1,train,30,0.050540567373902195,0.2248122936449477,0.050540567373902195,0.2248122936449477
220,0,train,16,0.06422019739678707,0.2534170424355613,0.049006696009404285,0.22137456043864726
220,1,train,14,0.03379319462202151,0.18382925398864433,0.049006696009404285,0.22137456043864726
220,-1,train,30,0.049006696009404285,0.22137456043864726,0.049006696009404285,0.22137456043864726
221,0,train,16,0.0370598783173305,0.19250942397017995,0.0508746040445318,0.2255539936346324
221,1,train,14,0.0646893297717331,0.2543409714767424,0.0508746040445318,0.2255539936346324
221,-1,train,30,0.0508746040445318,0.2255539936346324,0.0508746040445318,0.2255539936346324
222,0,train,16,0.0644455750256868,0.2538613303078805,0.0488569273798899,0.22103603185881232
222,1,train,14,0.03326827973409299,0.1823959422084082,0.0488569273798899,0.22103603185881232
222,-1,train,30,0.0488569273798899,0.22103603185881232,0.0488569273798899,0.22103603185881232
223,0,train,16,0.042777711966108856,0.20682773500212406,0.05033342265690496,0.22435111467720625
223,1,train,14,0.05788913334770106,0.24060160711786832,0.05033342265690496,0.22435111467720625
223,-1,train,30,0.05033342265690496,0.22435111467720625,0.05033342265690496,0.22435111467720625
224,0,train,16,0.028270167492804896,0.1681373471088589,0.05130631909179043,0.22650898236447586
224,1,train,14,0.07434247069077597,0.27265815720564085,0.05130631909179043,0.22650898236447586
224,-1,train,30,0.05130631909179043,0.22650898236447586,0.05130631909179043,0.22650898236447586
225,0,train,16,0.042816088639245374,0.2069204886888811,0.050210655304348095,0.22407734223778203
225,1,train,14,0.05760522196945082,0.24001087885646105,0.050210655304348095,0.22407734223778203
225,-1,train,30,0.050210655304348095,0.22407734223778203,0.050210655304348095,0.22407734223778203
226,0,train,16,0.013800773665605929,0.11747669413805416,0.052221195940384636,0.22851957452346316
226,1,train,14,0.09064161821516334,0.3010674645576359,0.052221195940384636,0.22851957452346316
226,-1,train,30,0.052221195940384636,0.22851957452346316,0.052221195940384636,0.22851957452346316
227,0,train,16,0.0389402254240442,0.19733277838221455,0.050359735567056925,0.22440974926918153
227,1,train,14,0.06177924571006965,0.24855431138901946,0.050359735567056925,0.22440974926918153
227,-1,train,30,0.050359735567056925,0.22440974926918153,0.050359735567056925,0.22440974926918153
228,0,train,16,0.06574208236637644,0.25640218869264053,0.04839260951403547,0.21998320279974895
228,1,train,14,0.03104313666169451,0.17619062591890214,0.04839260951403547,0.21998320279974895
228,-1,train,30,0.04839260951403547,0.21998320279974895,0.04839260951403547,0.21998320279974895
229,0,train,16,0.0537387542792116,0.23181620797349697,0.049188749899989455,0.22178536899441645
229,1,train,14,0.04463874552076731,0.21127883358435912,0.049188749899989455,0.22178536899441645
229,-1,train,30,0.049188749899989455,0.22178536899441645,0.049188749899989455,0.22178536899441645
230,0,train,16,0.022614090973456107,0.15037982236143288,0.05135608702147163,0.22661881435898396
230,1,train,14,0.08009808306948715,0.28301604737097,0.05135608702147163,0.22661881435898396
230,-1,train,30,0.05135608702147163,0.22661881435898396,0.05135608702147163,0.22661881435898396
231,0,train,16,0.07105283092873926,0.2665573689259767,0.0478486260308543,0.21874328796754952
231,1,train,14,0.024644421132969337,0.15698541694364268,0.0478486260308543,0.21874328796754952
231,-1,train,30,0.0478486260308543,0.21874328796754952,0.0478486260308543,0.21874328796754952
232,0,train,16,0.07898241637934054,0.28103810485295505,0.0472319295506787,0.21732908123552794
232,1,train,14,0.015481442722016866,0.12442444583769247,0.0472319295506787,0.21732908123552794
232,-1,train,30,0.0472319295506787,0.21732908123552794,0.0472319295506787,0.21732908123552794
233,0,train,16,0.053494641376994244,0.23128908616057578,0.0489904981256874,0.22133797262486932
233,1,train,14,0.04448635487438055,0.21091788656816318,0.0489904981256874,0.22133797262486932
233,-1,train,30,0.0489904981256874,0.22133797262486932,0.0489904981256874,0.22133797262486932
234,0,train,16,0.022254813083813014,0.14918047152296113,0.051171871951788336,0.22621200664816254
234,1,train,14,0.08008893081976366,0.2829998777734076,0.051171871951788336,0.22621200664816254
234,-1,train,30,0.051171871951788336,0.22621200664816254,0.051171871951788336,0.22621200664816254
235,0,train,16,0.015277908609281467,0.12360383735661877,0.05162346967220656,0.2272079876945495
235,1,train,14,0.08796903073513165,0.29659573620524565,0.05162346967220656,0.2272079876945495
235,-1,train,30,0.05162346967220656,0.2272079876945495,0.05162346967220656,0.2272079876945495
236,0,train,16,0.04301776869746324,0.20740725324217385,0.04958967701565503,0.2226873975231985
236,1,train,14,0.05616158533384682,0.23698435672813262,0.04958967701565503,0.2226873975231985
236,-1,train,30,0.04958967701565503,0.2226873975231985,0.04958967701565503,0.2226873975231985
237,0,train,16,0.0681375115752197,0.2610316294536348,0.04775314468662648,0.21852492921089456
237,1,train,14,0.02736877779803326,0.16543511658058957,0.04775314468662648,0.21852492921089456
237,-1,train,30,0.04775314468662648,0.21852492921089456,0.04775314468662648,0.21852492921089456
238,0,train,16,0.080337003921453,0.28343783078737567,0.04683999830156245,0.21642550289086185
238,1,train,14,0.013342992681671903,0.11551187247063352,0.04683999830156245,0.21642550289086185
238,-1,train,30,0.04683999830156245,0.21642550289086185,0.04683999830156245,0.21642550289086185
239,0,train,16,0.03212497515945179,0.1792344139931051,0.05022623095174253,0.22411209461281317
239,1,train,14,0.06832748674403327,0.26139526916919,0.05022623095174253,0.22411209461281317
239,-1,train,30,0.05022623095174253,0.22411209461281317,0.05022623095174253,0.22411209461281317
240,0,train,16,0.07338785340097027,0.27090192579782496,0.047240974489978646,0.21734988955593845
240,1,train,14,0.02109409557898701,0.14523806518604898,0.047240974489978646,0.21734988955593845
240,-1,train,30,0.047240974489978646,0.21734988955593845,0.047240974489978646,0.21734988955593845
241,0,train,16,0.05204986997211213,0.22814440596278518,0.048712616319629004,0.22070934805673503
241,1,train,14,0.04537536266714587,0.21301493531474705,0.048712616319629004,0.22070934805673503
241,-1,train,30,0.048712616319629004,0.22070934805673503,0.048712616319629004,0.22070934805673503
242,0,train,16,0.047247244866487625,0.21736431369129483,0.04901055649736202,0.22138327962464108
242,1,train,14,0.05077386812823643,0.22533057521835875,0.04901055649736202,0.22138327962464108
242,-1,train,30,0.04901055649736202,0.22138327962464108,0.04901055649736202,0.22138327962464108
243,0,train,16,0.06930804573710174,0.26326421279220946,0.04739764617799214,0.21771000477238556
243,1,train,14,0.025487246618882547,0.15964725684734626,0.04739764617799214,0.21771000477238556
243,-1,train,30,0.04739764617799214,0.21771000477238556,0.04739764617799214,0.21771000477238556
244,0,train,16,0.05799665710056856,0.240824951158655,0.048161433262978434,0.21945713308748574
244,1,train,14,0.0383262094253883,0.19577080840970212,0.048161433262978434,0.21945713308748574
244,-1,train,30,0.048161433262978434,0.21945713308748574,0.048161433262978434,0.21945713308748574
245,0,train,16,0.05494130477707728,0.234395615951061,0.04833346866494021,0.21984874042154576
245,1,train,14,0.04172563255280314,0.2042685305004252,0.04833346866494021,0.21984874042154576
245,-1,train,30,0.04833346866494021,0.21984874042154576,0.04833346866494021,0.21984874042154576
246,0,train,16,0.0370459489168147,0.19247324208007383,0.04956935358847222,0.22264176065705243
246,1,train,14,0.062092758260129735,0.24918418541338,0.04956935358847222,0.22264176065705243
246,-1,train,30,0.04956935358847222,0.22264176065705243,0.04956935358847222,0.22264176065705243
247,0,train,16,0.04381984625642731,0.20933190453542266,0.04904483074639028,0.22146067539495648
247,1,train,14,0.054269815236353255,0.23295882734155676,0.04904483074639028,0.22146067539495648
247,-1,train,30,0.04904483074639028,0.22146067539495648,0.04904483074639028,0.22146067539495648
248,0,train,16,0.04695428133377102,0.2166893659914372,0.048780516981826685,0.22086311820180998
248,1,train,14,0.05060675262988236,0.22495944663401526,0.048780516981826685,0.22086311820180998
248,-1,train,30,0.048780516981826685,0.22086311820180998,0.048780516981826685,0.22086311820180998
249,0,train,16,0.04652298037889906,0.21569186442445867,0.048770871714326675,0.2208412817258736
249,1,train,14,0.05101876304975429,0.22587333408296406,0.048770871714326675,0.2208412817258736
249,-1,train,30,0.048770871714326675,0.2208412817258736,0.048770871714326675,0.2208412817258736
250,0,train,16,0.0378779797242765,0.194622659842775,0.049348635353619635,0.22214552742204746
250,1,train,14,0.06081929098296278,0.2466156746497732,0.049348635353619635,0.22214552742204746
250,-1,train,30,0.049348635353619635,0.22214552742204746,0.049348635353619635,0.22214552742204746
251,0,train,16,0.059026918319460726,0.24295456019482475,0.047800355642944395,0.21863292442572413
251,1,train,14,0.03657379296642806,0.19124275925228662,0.047800355642944395,0.21863292442572413
251,-1,train,30,0.047800355642944395,0.21863292442572413,0.047800355642944395,0.21863292442572413
252,0,train,16,0.05162202135353292,0.2272048004632229,0.04828815038768525,0.21974564930320065
252,1,train,14,0.044954279421837565,0.21202424253334232,0.04828815038768525,0.21974564930320065
252,-1,train,30,0.04828815038768525,0.21974564930320065,0.04828815038768525,0.21974564930320065
253,0,train,16,0.0642219797340887,0.25342055902015664,0.04735714414907104,0.21761696659284413
253,1,train,14,0.030492308564053376,0.1746204700602234,0.04735714414907104,0.21761696659284413
253,-1,train,30,0.04735714414907104,0.21761696659284413,0.04735714414907104,0.21761696659284413
254,0,train,16,0.07471829044172386,0.2733464659397005,0.04656524157609228,0.21578980878644913
254,1,train,14,0.01841219271046069,0.13569153514667262,0.04656524157609228,0.21578980878644913
254,-1,train,30,0.04656524157609228,0.21578980878644913,0.04656524157609228,0.21578980878644913
255,0,train,16,0.03232582659144043,0.1797938446984224,0.049551840904013586,0.2226024278933489
255,1,train,14,0.06677785521658675,0.25841411574561235,0.049551840904013586,0.2226024278933489
255,-1,train,30,0.049551840904013586,0.2226024278933489,0.049551840904013586,0.2226024278933489
256,0,train,16,0.043613613122180074,0.20883872514976737,0.04870759763228121,0.22069797831489352
256,1,train,14,0.05380158214238235,0.23195168061987037,0.04870759763228121,0.22069797831489352
256,-1,train,30,0.04870759763228121,0.22069797831489352,0.04870759763228121,0.22069797831489352
257,0,train,16,0.03488976015202181,0.1867880085873336,0.0492930340099301,0.222020345936876
257,1,train,14,0.06369630786783838,0.25238127479636513,0.0492930340099301,0.222020345936876
257,-1,train,30,0.0492930340099301,0.222020345936876,0.0492930340099301,0.222020345936876
258,0,train,16,0.019216524313903232,0.13862367876341772,0.050377804812639995,0.2244500051517932
258,1,train,14,0.08153908531137675,0.2855504952042226,0.050377804812639995,0.2244500051517932
258,-1,train,30,0.050377804812639995,0.2244500051517932,0.050377804812639995,0.2244500051517932
259,0,train,16,0.053809723401866495,0.23196922942896217,0.04786871480607866,0.21878920175840183
259,1,train,14,0.04192770621029083,0.20476256056782166,0.04786871480607866,0.21878920175840183
259,-1,train,30,0.04786871480607866,0.21878920175840183,0.04786871480607866,0.21878920175840183
260,0,train,16,0.04429426758749974,0.21046203360107432,0.048510793747971195,0.22025166003454139
260,1,train,14,0.05272731990844265,0.22962430165041905,0.048510793747971195,0.22025166003454139
260,-1,train,30,0.048510793747971195,0.22025166003454139,0.048510793747971195,0.22025166003454139
261,0,train,16,0.0493996285254678,0.22226027203588994,0.04811002993633535,0.2193399870893024
261,1,train,14,0.046820431347202894,0.21638029334300038,0.04811002993633535,0.2193399870893024
261,-1,train,30,0.04811002993633535,0.2193399870893024,0.04811002993633535,0.2193399870893024
262,0,train,16,0.056959901566223915,0.23866273602350224,0.04753739120982088,0.21803071162068174
262,1,train,14,0.03811488085341785,0.19523032769889478,0.04753739120982088,0.21803071162068174
262,-1,train,30,0.04753739120982088,0.21803071162068174,0.04753739120982088,0.21803071162068174
263,0,train,16,0.04839868282874013,0.2199970064085876,0.04810896987789062,0.21933757060269138
263,1,train,14,0.047819256927041115,0.21867614622322462,0.04810896987789062,0.21933757060269138
263,-1,train,30,0.04810896987789062,0.21933757060269138,0.04810896987789062,0.21933757060269138
264,0,train,16,0.051332972879159076,0.22656781077452082,0.04786653693141537,0.21878422459449715
264,1,train,14,0.04440010098367166,0.21071331468056703,0.04786653693141537,0.21878422459449715
264,-1,train,30,0.04786653693141537,0.21878422459449715,0.04786653693141537,0.21878422459449715
265,0,train,16,0.02627595250622845,0.16209858884712244,0.049616476738933164,0.22274756281255506
265,1,train,14,0.07295700097163788,0.2701055367289569,0.049616476738933164,0.22274756281255506
265,-1,train,30,0.049616476738933164,0.22274756281255506,0.049616476738933164,0.22274756281255506
266,0,train,16,0.062316763453660384,0.2496332579077964,0.04701229707636967,0.2168231931237285
266,1,train,14,0.03170783069907895,0.17806692758364465,0.04701229707636967,0.2168231931237285
266,-1,train,30,0.04701229707636967,0.2168231931237285,0.04701229707636967,0.2168231931237285
267,0,train,16,0.04092682812736816,0.20230380156430122,0.04849940348830596,0.2202258011412513
267,1,train,14,0.05607197884924377,0.23679522556260243,0.04849940348830596,0.2202258011412513
267,-1,train,30,0.04849940348830596,0.2202258011412513,0.04849940348830596,0.2202258011412513
268,0,train,16,0.038371890192504,0.19588744266160604,0.048646574789900164,0.22055968532327064
268,1,train,14,0.05892125938729633,0.24273701692839583,0.048646574789900164,0.22055968532327064
268,-1,train,30,0.048646574789900164,0.22055968532327064,0.048646574789900164,0.22055968532327064
269,0,train,16,0.048855006149939484,0.22103168585055738,0.04786313484646701,0.2187764494786105
269,1,train,14,0.046871263542994535,0.21649772179631482,0.04786313484646701,0.2187764494786105
269,-1,train,30,0.04786313484646701,0.2187764494786105,0.04786313484646701,0.2187764494786105
270,0,train,16,0.03621530688028408,0.1903031972413603,0.048731689176817305,0.2207525519146207
270,1,train,14,0.06124807147335053,0.24748347717241756,0.048731689176817305,0.2207525519146207
270,-1,train,30,0.048731689176817305,0.2207525519146207,0.048731689176817305,0.2207525519146207
271,0,train,16,0.04895576785686818,0.22125950342723852,0.04778696183398012,0.21860229146552906
271,1,train,14,0.046618155811092056,0.21591237993939127,0.04778696183398012,0.21860229146552906
271,-1,train,30,0.04778696183398012,0.21860229146552906,0.04778696183398012,0.21860229146552906
272,0,train,16,0.06433308610827754,0.25363967770890566,0.04665806599343829,0.21600478233927667
272,1,train,14,0.02898304587859904,0.17024407736717023,0.04665806599343829,0.21600478233927667
272,-1,train,30,0.04665806599343829,0.21600478233927667,0.04665806599343829,0.21600478233927667
273,0,train,16,0.05486373116691337,0.2342300816866044,0.047294491239206954,0.21747296668599284
273,1,train,14,0.03972525131150053,0.1993119447286101,0.047294491239206954,0.21747296668599284
273,-1,train,30,0.047294491239206954,0.21747296668599284,0.047294491239206954,0.21747296668599284
274,0,train,16,0.031345278757915894,0.17704597921985094,0.04894033439882155,0.2212246243048489
274,1,train,14,0.0665353900397272,0.25794454838148295,0.04894033439882155,0.2212246243048489
274,-1,train,30,0.04894033439882155,0.2212246243048489,0.04894033439882155,0.2212246243048489
275,0,train,16,0.034515945870560095,0.1857846760918674,0.04868214965603601,0.22064031738564013
275,1,train,14,0.06284835344151192,0.25069573877812906,0.04868214965603601,0.22064031738564013
275,-1,train,30,0.04868214965603601,0.22064031738564013,0.04868214965603601,0.22064031738564013
276,0,train,16,0.07589314389354522,0.2754871029531967,0.045698748325713114,0.213772655701596
276,1,train,14,0.015504352757881005,0.12451647584910604,0.045698748325713114,0.213772655701596
276,-1,train,30,0.045698748325713114,0.213772655701596,0.045698748325713114,0.213772655701596
277,0,train,16,0.030015395972459957,0.17324951940037223,0.04892849538359681,0.2211978647808265
277,1,train,14,0.06784159479473366,0.2604641910027819,0.04892849538359681,0.2211978647808265
277,-1,train,30,0.04892849538359681,0.2211978647808265,0.04892849538359681,0.2211978647808265
278,0,train,16,0.03440746422749893,0.18549249102726215,0.04858351995594681,0.22041669618236004
278,1,train,14,0.06275957568439469,0.2505186134489705,0.04858351995594681,0.22041669618236004
278,-1,train,30,0.04858351995594681,0.22041669618236004,0.04858351995594681,0.22041669618236004
279,0,train,16,0.05285217221346702,0.22989600303934607,0.04723238799144068,0.21733013594860856
279,1,train,14,0.04161260376941435,0.20399167573559063,0.04723238799144068,0.21733013594860856
279,-1,train,30,0.04723238799144068,0.21733013594860856,0.04723238799144068,0.21733013594860856
280,0,train,16,0.051566512972743,0.22708261266055355,0.04728856792678557,0.2174593477567372
280,1,train,14,0.04301062288082813,0.2073900259916762,0.04728856792678557,0.2174593477567372
280,-1,train,30,0.04728856792678557,0.2174593477567372,0.04728856792678557,0.2174593477567372
281,0,train,16,0.05343394326837688,0.23115783194254286,0.04712076530425899,0.2170731796060006
281,1,train,14,0.0408075873401411,0.2020088793596487,0.04712076530425899,0.2170731796060006
281,-1,train,30,0.04712076530425899,0.2170731796060006,0.04712076530425899,0.2170731796060006
282,0,train,16,0.04474134748222056,0.2115215059567716,0.04770817049731366,0.2184220009461356
282,1,train,14,0.05067499351240675,0.2251110692800484,0.04770817049731366,0.2184220009461356
282,-1,train,30,0.04770817049731366,0.2184220009461356,0.04770817049731366,0.2184220009461356
283,0,train,16,0.01844924225709561,0.13582798775324476,0.049557718352033965,0.2226156291728727
283,1,train,14,0.08066619444697232,0.2840179474029279,0.049557718352033965,0.2226156291728727
283,-1,train,30,0.049557718352033965,0.2226156291728727,0.049557718352033965,0.2226156291728727
284,0,train,16,0.06455955099239498,0.2540857158369887,0.046232581387396804,0.21501763041061728
284,1,train,14,0.027905611782398625,0.16704972847149027,0.046232581387396804,0.21501763041061728
284,-1,train,30,0.046232581387396804,0.21501763041061728,0.046232581387396804,0.21501763041061728
285,0,train,16,0.07473159377050352,0.2733707990450032,0.045476496611414494,0.2132521901679195
285,1,train,14,0.01622139945232546,0.12736325785847918,0.045476496611414494,0.2132521901679195
285,-1,train,30,0.045476496611414494,0.2132521901679195,0.045476496611414494,0.2132521901679195
286,0,train,16,0.05578356091800945,0.23618543756550583,0.04678229651576769,0.21629215546516636
286,1,train,14,0.037781032113525945,0.1943734346908701,0.04678229651576769,0.21629215546516636
286,-1,train,30,0.04678229651576769,0.21629215546516636,0.04678229651576769,0.21629215546516636
287,0,train,16,0.03463176015850367,0.18609610463011758,0.04825703080397717,0.21967482970057622
287,1,train,14,0.06188230144945067,0.24876153530932124,0.04825703080397717,0.21967482970057622
287,-1,train,30,0.04825703080397717,0.21967482970057622,0.04825703080397717,0.21967482970057622
288,0,train,16,0.06064392822016788,0.2462598794366794,0.04637154123906681,0.21534052391286412
288,1,train,14,0.03209915425796574,0.17916236842028443,0.04637154123906681,0.21534052391286412
288,-1,train,30,0.04637154123906681,0.21534052391286412,0.04637154123906681,0.21534052391286412
289,0,train,16,0.02511676802333787,0.15848270575472223,0.04887390655547558,0.22107443668474105
289,1,train,14,0.07263104508761328,0.26950147511212863,0.04887390655547558,0.22107443668474105
289,-1,train,30,0.04887390655547558,0.22107443668474105,0.04887390655547558,0.22107443668474105
290,0,train,16,0.06392729901132894,0.2528384840393743,0.04606707454335669,0.2146324172704503
290,1,train,14,0.02820685007538444,0.16794895080167796,0.04606707454335669,0.2146324172704503
290,-1,train,30,0.04606707454335669,0.2146324172704503,0.04606707454335669,0.2146324172704503
291,0,train,16,0.032464094327037424,0.1801779518338396,0.04828405529802334,0.21973633131101317
291,1,train,14,0.06410401626900926,0.253187709553622,0.04828405529802334,0.21973633131101317
291,-1,train,30,0.04828405529802334,0.21973633131101317,0.04828405529802334,0.21973633131101317
292,0,train,16,0.0630857131589314,0.25116869462361624,0.04605939736379959,0.2146145320424495
292,1,train,14,0.029033081568667785,0.1703909668047804,0.04605939736379959,0.2146145320424495
292,-1,train,30,0.04605939736379959,0.2146145320424495,0.04605939736379959,0.2146145320424495
293,0,train,16,0.04755944087722866,0.21808127126653645,0.0471313176888061,0.2170974842986581
293,1,train,14,0.046703194500383544,0.21610921891576848,0.0471313176888061,0.2170974842986581
293,-1,train,30,0.0471313176888061,0.2170974842986581,0.0471313176888061,0.2170974842986581
294,0,train,16,0.0458602142570777,0.21414998075432484,0.04722005399347577,0.21730175791621145
294,1,train,14,0.048579893729873834,0.22040847018631982,0.04722005399347577,0.21730175791621145
294,-1,train,30,0.04722005399347577,0.21730175791621145,0.04722005399347577,0.21730175791621145
295,0,train,16,0.06733394124756344,0.259487844122925,0.045658856194602825,0.21367933029332253
295,1,train,14,0.023983771141642216,0.1548669465755757,0.045658856194602825,0.21367933029332253
295,-1,train,30,0.045658856194602825,0.21367933029332253,0.045658856194602825,0.21367933029332253
296,0,train,16,0.05712181682793119,0.23900170883893526,0.046348889363420784,0.21528792201008579
296,1,train,14,0.03557596189891037,0.18861591104387343,0.046348889363420784,0.21528792201008579
296,-1,train,30,0.046348889363420784,0.21528792201008579,0.046348889363420784,0.21528792201008579
297,0,train,16,0.05313896715314239,0.23051890845035336,0.04659781690216966,0.21586527488730015
297,1,train,14,0.040056666651196934,0.2001416164899168,0.04659781690216966,0.21586527488730015
297,-1,train,30,0.04659781690216966,0.21586527488730015,0.04659781690216966,0.21586527488730015
298,0,train,16,0.04281392322115162,0.20691525613436923,0.047302556632158654,0.2174915093334879
298,1,train,14,0.051791190043165694,0.2275767783478044,0.047302556632158654,0.2174915093334879
298,-1,train,30,0.047302556632158654,0.2174915093334879,0.047302556632158654,0.2174915093334879
299,0,train,16,0.02970228281406422,0.17234350238423327,0.04820999282765317,0.21956774086293543
299,1,train,14,0.06671770284124212,0.2582977019666302,0.04820999282765317,0.21956774086293543
299,-1,train,30,0.04820999282765317,0.21956774086293543,0.04820999282765317,0.21956774086293543
300,0,train,16,0.05421139988196233,0.23283341659212564,0.04642003451030119,0.2154530912061862
300,1,train,14,0.03862866913864004,0.19654177453823918,0.04642003451030119,0.2154530912061862
300,-1,train,30,0.04642003451030119,0.2154530912061862,0.04642003451030119,0.2154530912061862
301,0,train,16,0.07104688530921145,0.2665462160849624,0.045189209811945824,0.21257753835235232
301,1,train,14,0.019331534314680193,0.13903788805458817,0.045189209811945824,0.21257753835235232
301,-1,train,30,0.045189209811945824,0.21257753835235232,0.045189209811945824,0.21257753835235232
302,0,train,16,0.03790245879219703,0.19468553822047757,0.04751333320927371,0.21797553351069865
302,1,train,14,0.057124207626350385,0.23900671042117286,0.04751333320927371,0.21797553351069865
302,-1,train,30,0.04751333320927371,0.21797553351069865,0.04751333320927371,0.21797553351069865
303,0,train,16,0.06266429761684746,0.2503283795674143,0.045714801465737115,0.2138101996298051
303,1,train,14,0.02876530531462678,0.16960337648356763,0.045714801465737115,0.2138101996298051
303,-1,train,30,0.045714801465737115,0.2138101996298051,0.045714801465737115,0.2138101996298051
304,0,train,16,0.05133400724826543,0.226570093455128,0.04648741139165209,0.2156093954159978
304,1,train,14,0.04164081553503875,0.20406081332543677,0.04648741139165209,0.2156093954159978
304,-1,train,30,0.04648741139165209,0.2156093954159978,0.04648741139165209,0.2156093954159978
305,0,train,16,0.04197265183939438,0.20487228177426633,0.04712108499604964,0.21707391597345277
305,1,train,14,0.052269518152704905,0.22862527890131681,0.04712108499604964,0.21707391597345277
305,-1,train,30,0.04712108499604964,0.21707391597345277,0.04712108499604964,0.21707391597345277
306,0,train,16,0.053246058502097744,0.23075107475827225,0.04628398727580169,0.21513713597564157
306,1,train,14,0.03932191604950564,0.19829754423468193,0.04628398727580169,0.21513713597564157
306,-1,train,30,0.04628398727580169,0.21513713597564157,0.04628398727580169,0.21513713597564157
307,0,train,16,0.07034879845514398,0.2652334791370501,0.04503003375384483,0.21220281278495068
307,1,train,14,0.019711269052545683,0.14039682707435266,0.04503003375384483,0.21220281278495068
307,-1,train,30,0.04503003375384483,0.21220281278495068,0.04503003375384483,0.21220281278495068
308,0,train,16,0.07183346678699082,0.2680176613340823,0.044889376336595,0.21187113143747308
308,1,train,14,0.017945285886199168,0.13396001599805507,0.044889376336595,0.21187113143747308
308,-1,train,30,0.044889376336595,0.21187113143747308,0.044889376336595,0.21187113143747308
309,0,train,16,0.02967493647886531,0.17226414739830603,0.047860100773501967,0.2187695151832219
309,1,train,14,0.06604526506813863,0.25699273349287255,0.047860100773501967,0.2187695151832219
309,-1,train,30,0.047860100773501967,0.2187695151832219,0.047860100773501967,0.2187695151832219
310,0,train,16,0.041018387631499516,0.20252996724312064,0.047016682102625024,0.21683330487410143
310,1,train,14,0.05301497657375053,0.2302498134065488,0.047016682102625024,0.21683330487410143
310,-1,train,30,0.047016682102625024,0.21683330487410143,0.047016682102625024,0.21683330487410143
311,0,train,16,0.024979017435618797,0.15804751638548073,0.04812875733479883,0.2193826732784493
311,1,train,14,0.07127849723397886,0.2669803311743748,0.04812875733479883,0.2193826732784493
311,-1,train,30,0.04812875733479883,0.2193826732784493,0.04812875733479883,0.2193826732784493
312,0,train,16,0.062407546607979814,0.2498150247842988,0.04542275977832124,0.21312615930082643
312,1,train,14,0.028437972948662665,0.1686356218260622,0.04542275977832124,0.21312615930082643
312,-1,train,30,0.04542275977832124,0.21312615930082643,0.04542275977832124,0.21312615930082643
313,0,train,16,0.04661673025307129,0.21590907867218387,0.04651431968691592,0.21567178695164538
313,1,train,14,0.04641190912076055,0.21543423386444538,0.04651431968691592,0.21567178695164538
313,-1,train,30,0.04651431968691592,0.21567178695164538,0.04651431968691592,0.21567178695164538
314,0,train,16,0.07215941320968725,0.26862504203757187,0.044662568766804495,0.21133520475018944
314,1,train,14,0.01716572432392175,0.13101803052985397,0.044662568766804495,0.21133520475018944
314,-1,train,30,0.044662568766804495,0.21133520475018944,0.044662568766804495,0.21133520475018944
315,0,train,16,0.036929605904031174,0.1921707727622262,0.04713397895214863,0.21710361340187
315,1,train,14,0.05733835200026608,0.23945427956139367,0.04713397895214863,0.21710361340187
315,-1,train,30,0.04713397895214863,0.21710361340187,0.04713397895214863,0.21710361340187
316,0,train,16,0.04567227942080091,0.21371073772929827,0.04647642132738135,0.2155839078581269
316,1,train,14,0.047280563233961785,0.2174409419450757,0.04647642132738135,0.2155839078581269
316,-1,train,30,0.04647642132738135,0.2155839078581269,0.04647642132738135,0.2155839078581269
317,0,train,16,0.022498892617919642,0.14999630868097935,0.04809929087894824,0.21931550533181243
317,1,train,14,0.07369968913997685,0.2714768666755546,0.04809929087894824,0.21931550533181243
317,-1,train,30,0.04809929087894824,0.21931550533181243,0.04809929087894824,0.21931550533181243
318,0,train,16,0.03904131560248711,0.19758875373483964,0.04687862228685391,0.2165147160976683
318,1,train,14,0.054715928971220705,0.23391436247315106,0.04687862228685391,0.2165147160976683
318,-1,train,30,0.04687862228685391,0.2165147160976683,0.04687862228685391,0.2165147160976683
319,0,train,16,0.037615092598129576,0.19394610745805024,0.04694717087996362,0.21667295834959105
319,1,train,14,0.05627924916179766,0.23723247914608503,0.04694717087996362,0.21667295834959105
319,-1,train,30,0.04694717087996362,0.21667295834959105,0.04694717087996362,0.21667295834959105
320,0,train,16,0.054687123740767264,0.23385278219590902,0.04569544107166426,0.2137649201147472
320,1,train,14,0.036703758402561265,0.1915822497063892,0.04569544107166426,0.2137649201147472
320,-1,train,30,0.04569544107166426,0.2137649201147472,0.04569544107166426,0.2137649201147472
321,0,train,16,0.013299376680631726,0.11532292348285195,0.048619117287301936,0.22049743147552067
321,1,train,14,0.08393885789397215,0.28972203556852927,0.048619117287301936,0.22049743147552067
321,-1,train,30,0.048619117287301936,0.22049743147552067,0.048619117287301936,0.22049743147552067
322,0,train,16,0.058292728142647215,0.2414388704054242,0.04536665235514611,0.21299448902529405
322,1,train,14,0.032440576567645,0.1801126774206774,0.04536665235514611,0.21299448902529405
322,-1,train,30,0.04536665235514611,0.21299448902529405,0.04536665235514611,0.21299448902529405
323,0,train,16,0.05069582410061754,0.22515733188288037,0.045871689240777724,0.21417677101118535
323,1,train,14,0.041047554380937906,0.2026019604567979,0.045871689240777724,0.21417677101118535
323,-1,train,30,0.045871689240777724,0.21417677101118535,0.045871689240777724,0.21417677101118535
324,0,train,16,0.04450622792609127,0.21096499218138365,0.046276034203608415,0.2151186514545134
324,1,train,14,0.04804584048112556,0.2191936141431259,0.046276034203608415,0.2151186514545134
324,-1,train,30,0.046276034203608415,0.2151186514545134,0.046276034203608415,0.2151186514545134
325,0,train,16,0.0705717426542304,0.2656534258281463,0.044385238607543814,0.21067804491105335
325,1,train,14,0.01819873456085723,0.1349026855212943,0.044385238607543814,0.21067804491105335
325,-1,train,30,0.044385238607543814,0.21067804491105335,0.044385238607543814,0.21067804491105335
326,0,train,16,0.012115918730238455,0.11007233408190477,0.048524391994050495,0.22028252766402173
326,1,train,14,0.08493286525786253,0.29143243686635595,0.048524391994050495,0.22028252766402173
326,-1,train,30,0.048524391994050495,0.22028252766402173,0.048524391994050495,0.22028252766402173
327,0,train,16,0.024705989885397434,0.15718139166389078,0.047582030720867696,0.21813305737752747
327,1,train,14,0.07045807155633796,0.2654393933769778,0.047582030720867696,0.21813305737752747
327,-1,train,30,0.047582030720867696,0.21813305737752747,0.047582030720867696,0.21813305737752747
328,0,train,16,0.06234189696626035,0.24968359370663573,0.04486158272284476,0.2118055304349836
328,1,train,14,0.02738126847942917,0.16547286327198538,0.04486158272284476,0.2118055304349836
328,-1,train,30,0.04486158272284476,0.2118055304349836,0.04486158272284476,0.2118055304349836
329,0,train,16,0.02490733101205307,0.15782056587166665,0.0474958046194159,0.2179353221013425
329,1,train,14,0.07008427822677873,0.26473435407362367,0.0474958046194159,0.2179353221013425
329,-1,train,30,0.0474958046194159,0.2179353221013425,0.0474958046194159,0.2179353221013425
330,0,train,16,0.059164042405698336,0.24323659758699623,0.045016761368978,0.21217153760336943
330,1,train,14,0.030869480332257677,0.1756971267046154,0.045016761368978,0.21217153760336943
330,-1,train,30,0.045016761368978,0.21217153760336943,0.045016761368978,0.21217153760336943
331,0,train,16,0.045987223212264526,0.21444631778667717,0.04591916602155788,0.21428757785172214
331,1,train,14,0.04585110883085123,0.21412872023820445,0.04591916602155788,0.21428757785172214
331,-1,train,30,0.04591916602155788,0.21428757785172214,0.04591916602155788,0.21428757785172214
332,0,train,16,0.025350519731794027,0.15921846542343646,0.04735897655265877,0.21762117671003153
332,1,train,14,0.06936743337352351,0.26337697958159423,0.04735897655265877,0.21762117671003153
332,-1,train,30,0.04735897655265877,0.21762117671003153,0.04735897655265877,0.21762117671003153
333,0,train,16,0.027615246208239172,0.16617835661793978,0.04715734532052515,0.21715742059742088
333,1,train,14,0.06669944443281113,0.2582623558182863,0.04715734532052515,0.21715742059742088
333,-1,train,30,0.04715734532052515,0.21715742059742088,0.04715734532052515,0.21715742059742088
334,0,train,16,0.045496944436382365,0.2133001276051713,0.045846135200964575,0.21411710627823405
334,1,train,14,0.04619532596554678,0.21493097953889007,0.045846135200964575,0.21411710627823405
334,-1,train,30,0.045846135200964575,0.21411710627823405,0.045846135200964575,0.21411710627823405
335,0,train,16,0.02980920918916875,0.17265343665611974,0.04692790210552845,0.21662848867480114
335,1,train,14,0.06404659502188814,0.2530742875558245,0.04692790210552845,0.21662848867480114
335,-1,train,30,0.04692790210552845,0.21662848867480114,0.04692790210552845,0.21662848867480114
336,0,train,16,0.050233226359386846,0.22412770100856977,0.04543533984766556,0.21315567045627842
336,1,train,14,0.040637453335944276,0.20158733426469103,0.04543533984766556,0.21315567045627842
336,-1,train,30,0.04543533984766556,0.21315567045627842,0.04543533984766556,0.21315567045627842
337,0,train,16,0.05787903242435769,0.2405806152298179,0.044855707926051286,0.21179166160652144
337,1,train,14,0.03183238342774487,0.17841632051957823,0.044855707926051286,0.21179166160652144
337,-1,train,30,0.044855707926051286,0.21179166160652144,0.044855707926051286,0.21179166160652144
338,0,train,16,0.054707283792801216,0.23389588237675588,0.045044398292544016,0.212236656335667
338,1,train,14,0.035381512792286816,0.1880997416061139,0.045044398292544016,0.212236656335667
338,-1,train,30,0.045044398292544016,0.212236656335667,0.045044398292544016,0.212236656335667
339,0,train,16,0.04951469348759394,0.2225189733204653,0.04537728612800357,0.21301945011665852
339,1,train,14,0.04123987876841319,0.2030760418375668,0.04537728612800357,0.21301945011665852
339,-1,train,30,0.04537728612800357,0.21301945011665852,0.04537728612800357,0.21301945011665852
340,0,train,16,0.041873832023920206,0.20463096545713752,0.045884969290881664,0.21420777131299804
340,1,train,14,0.049896106557843115,0.22337436414647746,0.045884969290881664,0.21420777131299804
340,-1,train,30,0.045884969290881664,0.21420777131299804,0.045884969290881664,0.21420777131299804
341,0,train,16,0.035754886828208016,0.18908962644261587,0.04628540675604453,0.21514043496294352
341,1,train,14,0.05681592668388104,0.2383609168548423,0.04628540675604453,0.21514043496294352
341,-1,train,30,0.04628540675604453,0.21514043496294352,0.04628540675604453,0.21514043496294352
342,0,train,16,0.04779085885328733,0.21861120477525237,0.04539003661218842,0.2130493759957734
342,1,train,14,0.04298921437108952,0.20733840544165838,0.04539003661218842,0.2130493759957734
342,-1,train,30,0.04539003661218842,0.2130493759957734,0.04539003661218842,0.2130493759957734
343,0,train,16,0.04083118383795561,0.20206727552465195,0.04584939783079294,0.21412472494037896
343,1,train,14,0.050867611823630275,0.225538492997604,0.04584939783079294,0.21412472494037896
343,-1,train,30,0.04584939783079294,0.21412472494037896,0.04584939783079294,0.21412472494037896
344,0,train,16,0.047250651939890996,0.21737215079188732,0.04535560035319089,0.21296854310717084
344,1,train,14,0.04346054876649078,0.2084719375995023,0.04535560035319089,0.21296854310717084
344,-1,train,30,0.04535560035319089,0.21296854310717084,0.04535560035319089,0.21296854310717084
345,0,train,16,0.07590316782368296,0.27550529545488406,0.043286886491549215,0.20805500833084797
345,1,train,14,0.010670605159415465,0.10329862128516268,0.043286886491549215,0.20805500833084797
345,-1,train,30,0.043286886491549215,0.20805500833084797,0.043286886491549215,0.20805500833084797
346,0,train,16,0.027083248759960085,0.16456989019854174,0.04672581025647875,0.2161615374123684
346,1,train,14,0.06636837175299741,0.25762059652325436,0.04672581025647875,0.2161615374123684
346,-1,train,30,0.04672581025647875,0.2161615374123684,0.04672581025647875,0.2161615374123684
347,0,train,16,0.02149932078925222,0.14662646687843303,0.04708657360590306,0.21699440915816948
347,1,train,14,0.0726738264225539,0.26958083467218863,0.04708657360590306,0.21699440915816948
347,-1,train,30,0.04708657360590306,0.21699440915816948,0.04708657360590306,0.21699440915816948
348,0,train,16,0.040808639408593,0.2020114833582314,0.0456670441562432,0.21369848889555396
348,1,train,14,0.0505254489038934,0.22477866647859043,0.0456670441562432,0.21369848889555396
348,-1,train,30,0.0456670441562432,0.21369848889555396,0.0456670441562432,0.21369848889555396
349,0,train,16,0.05418979994992971,0.23278702702240456,0.04467835567827806,0.21137255185638001
349,1,train,14,0.03516691140662641,0.18752842826256078,0.04467835567827806,0.21137255185638001
349,-1,train,30,0.04467835567827806,0.21137255185638001,0.04467835567827806,0.21137255185638001
350,0,train,16,0.027397619871699263,0.16552226397587505,0.04655126602947693,0.21575742404255047
350,1,train,14,0.06570491218725459,0.2563296943142846,0.04655126602947693,0.21575742404255047
350,-1,train,30,0.04655126602947693,0.21575742404255047,0.04655126602947693,0.21575742404255047
351,0,train,16,0.04793069326726365,0.2189307956119094,0.04504752153470804,0.21224401413163116
351,1,train,14,0.04216434980215243,0.20533959628418585,0.04504752153470804,0.21224401413163116
351,-1,train,30,0.04504752153470804,0.21224401413163116,0.04504752153470804,0.21224401413163116
352,0,train,16,0.040329371747722345,0.2008217412227131,0.04555219828520442,0.21342960967308267
352,1,train,14,0.05077502482268648,0.22533314186485415,0.04555219828520442,0.21342960967308267
352,-1,train,30,0.04555219828520442,0.21342960967308267,0.04555219828520442,0.21342960967308267
353,0,train,16,0.0674570928801496,0.2597250332181124,0.043585492789131375,0.20877138881832294
353,1,train,14,0.01971389269811315,0.14040617044173362,0.043585492789131375,0.20877138881832294
353,-1,train,30,0.043585492789131375,0.20877138881832294,0.043585492789131375,0.20877138881832294
354,0,train,16,0.014522319423434195,0.12050858651330283,0.04733206574846254,0.2175593384538171
354,1,train,14,0.08014181207349089,0.2830932921732532,0.04733206574846254,0.2175593384538171
354,-1,train,30,0.04733206574846254,0.2175593384538171,0.04733206574846254,0.2175593384538171
355,0,train,16,0.054578825763470784,0.23362111583388773,0.04442650499149979,0.21077595923515516
355,1,train,14,0.0342741842195288,0.18513288259930702,0.04442650499149979,0.21077595923515516
355,-1,train,30,0.04442650499149979,0.21077595923515516,0.04442650499149979,0.21077595923515516
356,0,train,16,0.053079131786798184,0.2303890878205784,0.044495125339796174,0.21093867672808647
356,1,train,14,0.03591111889279416,0.18950229257925658,0.044495125339796174,0.21093867672808647
356,-1,train,30,0.044495125339796174,0.21093867672808647,0.044495125339796174,0.21093867672808647
357,0,train,16,0.04187898439413019,0.2046435544895812,0.04525676127138259,0.21273636565331888
357,1,train,14,0.04863453814863499,0.2205323970500366,0.04525676127138259,0.21273636565331888
357,-1,train,30,0.04525676127138259,0.21273636565331888,0.04525676127138259,0.21273636565331888
358,0,train,16,0.07287516816251492,0.26995401119915763,0.043019813426715264,0.20741218244528276
358,1,train,14,0.013164458690915606,0.11473647498034618,0.043019813426715264,0.20741218244528276
358,-1,train,30,0.043019813426715264,0.20741218244528276,0.043019813426715264,0.20741218244528276
359,0,train,16,0.051161826864888175,0.22618980274293574,0.04452004521477138,0.21099773746363107
359,1,train,14,0.03787826356465459,0.19462338904832222,0.04452004521477138,0.21099773746363107
359,-1,train,30,0.04452004521477138,0.21099773746363107,0.04452004521477138,0.21099773746363107
360,0,train,16,0.046546866271849396,0.21574722772691518,0.04481357137072725,0.21169216180748698
360,1,train,14,0.0430802764696051,0.20755788703300362,0.04481357137072725,0.21169216180748698
360,-1,train,30,0.04481357137072725,0.21169216180748698,0.04481357137072725,0.21169216180748698
361,0,train,16,0.035878739783684006,0.1894168413412176,0.045535001624992424,0.21338931937890523
361,1,train,14,0.05519126346630085,0.23492820917527305,0.045535001624992424,0.21338931937890523
361,-1,train,30,0.045535001624992424,0.21338931937890523,0.045535001624992424,0.21338931937890523
362,0,train,16,0.05149839313962099,0.2269325739941734,0.0443869628229996,0.21068213693381696
362,1,train,14,0.03727553250637822,0.1930687248271408,0.0443869628229996,0.21068213693381696
362,-1,train,30,0.0443869628229996,0.21068213693381696,0.0443869628229996,0.21068213693381696
363,0,train,16,0.03215861515335005,0.1793282330068248,0.04572607653720469,0.21383656501450982
363,1,train,14,0.05929353792105933,0.24350264458740348,0.04572607653720469,0.21383656501450982
363,-1,train,30,0.04572607653720469,0.21383656501450982,0.04572607653720469,0.21383656501450982
364,0,train,16,0.0604974657051785,0.24596232578421132,0.04367038284084131,0.20897459855408576
364,1,train,14,0.02684329997650412,0.1638392504148628,0.04367038284084131,0.20897459855408576
364,-1,train,30,0.04367038284084131,0.20897459855408576,0.04367038284084131,0.20897459855408576
365,0,train,16,0.060547010312527565,0.24606302101804645,0.04362764870546048,0.2088723263274972
365,1,train,14,0.0267082870983934,0.16342670252560748,0.04362764870546048,0.2088723263274972
365,-1,train,30,0.04362764870546048,0.2088723263274972,0.04362764870546048,0.2088723263274972
366,0,train,16,0.0632150586981078,0.2514260501581087,0.04340087505061947,0.2083287667381043
366,1,train,14,0.023586691403131146,0.15357959305562424,0.04340087505061947,0.2083287667381043
366,-1,train,30,0.04340087505061947,0.2083287667381043,0.04340087505061947,0.2083287667381043
367,0,train,16,0.05312696306638931,0.23049286988188877,0.04408093162768123,0.20995459420474996
367,1,train,14,0.03503490018897315,0.18717612077659146,0.04408093162768123,0.20995459420474996
367,-1,train,30,0.04408093162768123,0.20995459420474996,0.04408093162768123,0.20995459420474996
368,0,train,16,0.03822660731034841,0.1955162584296979,0.04510570386792038,0.2123810346239051
368,1,train,14,0.05198480042549235,0.22800175531230532,0.04510570386792038,0.2123810346239051
368,-1,train,30,0.04510570386792038,0.2123810346239051,0.04510570386792038,0.2123810346239051
369,0,train,16,0.05480718031666982,0.23410933410838156,0.04388681064703688,0.20949179135955873
369,1,train,14,0.03296644097740394,0.18156662958099967,0.04388681064703688,0.20949179135955873
369,-1,train,30,0.04388681064703688,0.20949179135955873,0.04388681064703688,0.20949179135955873
370,0,train,16,0.06470485621543981,0.25437149253687963,0.04314502861212023,0.20771381420627813
370,1,train,14,0.021585201008800656,0.1469190287498548,0.04314502861212023,0.20771381420627813
370,-1,train,30,0.04314502861212023,0.20771381420627813,0.04314502861212023,0.20771381420627813
371,0,train,16,0.023130610683032276,0.15208750995079207,0.04607169869689579,0.2146431892627758
371,1,train,14,0.0690127867107593,0.26270284869174776,0.04607169869689579,0.2146431892627758
371,-1,train,30,0.04607169869689579,0.2146431892627758,0.04607169869689579,0.2146431892627758
372,0,train,16,0.060639815187711416,0.24625152829517916,0.04335884039511858,0.20822785691429133
372,1,train,14,0.026077865602525747,0.16148642544352063,0.04335884039511858,0.20822785691429133
372,-1,train,30,0.04335884039511858,0.20822785691429133,0.04335884039511858,0.20822785691429133
373,0,train,16,0.06574837641252286,0.2564144621750553,0.04295950777892779,0.20726675512230078
373,1,train,14,0.020170639145332715,0.1420233753483303,0.04295950777892779,0.20726675512230078
373,-1,train,30,0.04295950777892779,0.20726675512230078,0.04295950777892779,0.20726675512230078
374,0,train,16,0.04361811532475829,0.20884950400888744,0.04449277216819969,0.21093309879722455
374,1,train,14,0.04536742901164109,0.21299631220197474,0.04449277216819969,0.21093309879722455
374,-1,train,30,0.04449277216819969,0.21093309879722455,0.04449277216819969,0.21093309879722455
375,0,train,16,0.025679129142626544,0.16024708778204533,0.04574095650337881,0.2138713550323624
375,1,train,14,0.06580278386413108,0.2565205330263663,0.04574095650337881,0.2138713550323624
375,-1,train,30,0.04574095650337881,0.2138713550323624,0.04574095650337881,0.2138713550323624
376,0,train,16,0.0531771225504542,0.23060165339922045,0.04373724184452561,0.20913450658493832
376,1,train,14,0.03429736113859703,0.18519546738135095,0.04373724184452561,0.20913450658493832
376,-1,train,30,0.04373724184452561,0.20913450658493832,0.04373724184452561,0.20913450658493832
377,0,train,16,0.06606220779753168,0.2570256948196652,0.04278343950086245,0.20684158068643366
377,1,train,14,0.01950467120419322,0.13965912503017203,0.04278343950086245,0.20684158068643366
377,-1,train,30,0.04278343950086245,0.20684158068643366,0.04278343950086245,0.20684158068643366
378,0,train,16,0.04717456126148841,0.21719705629102898,0.04408681988044495,0.20996861641789458
378,1,train,14,0.04099907849940149,0.2024822918168438,0.04408681988044495,0.20996861641789458
378,-1,train,30,0.04408681988044495,0.20996861641789458,0.04408681988044495,0.20996861641789458
379,0,train,16,0.04481025929558285,0.2116843388056444,0.04421731927305795,0.21027914607268583
379,1,train,14,0.04362437925053305,0.20886449973734897,0.04421731927305795,0.21027914607268583
379,-1,train,30,0.04421731927305795,0.21027914607268583,0.04421731927305795,0.21027914607268583
380,0,train,16,0.061336774353846574,0.24766262203620185,0.043003050546768305,0.2073717689242398
380,1,train,14,0.024669326739690033,0.15706472149941894,0.043003050546768305,0.2073717689242398
380,-1,train,30,0.043003050546768305,0.2073717689242398,0.043003050546768305,0.2073717689242398
381,0,train,16,0.06688829634432374,0.25862771766445247,0.042573116458682725,0.20633253853593408
381,1,train,14,0.018257936573041714,0.13512193224285135,0.042573116458682725,0.20633253853593408
381,-1,train,30,0.042573116458682725,0.20633253853593408,0.042573116458682725,0.20633253853593408
382,0,train,16,0.03086267342039196,0.175677754483577,0.045098456278211796,0.21236397123385076
382,1,train,14,0.05933423913603163,0.24358620473259898,0.045098456278211796,0.21236397123385076
382,-1,train,30,0.045098456278211796,0.21236397123385076,0.045098456278211796,0.21236397123385076
383,0,train,16,0.03844372288412103,0.19607070888870942,0.04451963275488005,0.2109967600577792
383,1,train,14,0.050595542625639076,0.22493452964282534,0.04451963275488005,0.2109967600577792
383,-1,train,30,0.04451963275488005,0.2109967600577792,0.04451963275488005,0.2109967600577792
384,0,train,16,0.057586127429900845,0.23997109707192,0.043118922637256675,0.20765096348742684
384,1,train,14,0.028651717844612505,0.1692681832023151,0.043118922637256675,0.20765096348742684
384,-1,train,30,0.043118922637256675,0.20765096348742684,0.043118922637256675,0.20765096348742684
385,0,train,16,0.07308768089763161,0.27034733380899395,0.041986334201118254,0.20490567147133398
385,1,train,14,0.010884987504604903,0.10433114350281465,0.041986334201118254,0.20490567147133398
385,-1,train,30,0.041986334201118254,0.20490567147133398,0.041986334201118254,0.20490567147133398
386,0,train,16,0.04681409179700127,0.2163656437538115,0.043808509246122916,0.20930482375263815
386,1,train,14,0.04080292669524456,0.2019973432875902,0.043808509246122916,0.20930482375263815
386,-1,train,30,0.043808509246122916,0.20930482375263815,0.043808509246122916,0.20930482375263815
387,0,train,16,0.06594484460104223,0.25679728308734545,0.04241148265392562,0.20594048328079068
387,1,train,14,0.018878120706809005,0.13739767358586902,0.04241148265392562,0.20594048328079068
387,-1,train,30,0.04241148265392562,0.20594048328079068,0.04241148265392562,0.20594048328079068
388,0,train,16,0.04667614699633613,0.2160466315320286,0.043740957066349076,0.20914338877035793
388,1,train,14,0.04080576713636201,0.2020043740525487,0.043740957066349076,0.20914338877035793
388,-1,train,30,0.043740957066349076,0.20914338877035793,0.043740957066349076,0.20914338877035793
389,0,train,16,0.01671750494635975,0.1292961907650792,0.04584839651301246,0.21412238676283352
389,1,train,14,0.07497928807966517,0.27382346152158904,0.04584839651301246,0.21412238676283352
389,-1,train,30,0.04584839651301246,0.21412238676283352,0.04584839651301246,0.21412238676283352
390,0,train,16,0.0446914859177158,0.21140360904609884,0.04380941399922156,0.20930698507030662
390,1,train,14,0.04292734208072731,0.2071891456633945,0.04380941399922156,0.20930698507030662
390,-1,train,30,0.04380941399922156,0.20930698507030662,0.04380941399922156,0.20930698507030662
391,0,train,16,0.04301356822949123,0.20739712685929673,0.04388876305668271,0.20949645117920904
391,1,train,14,0.044763957883874196,0.21157494625752407,0.04388876305668271,0.20949645117920904
391,-1,train,30,0.04388876305668271,0.20949645117920904,0.04388876305668271,0.20949645117920904
392,0,train,16,0.0596822435282451,0.24429949555462677,0.04266662810357567,0.20655901845132704
392,1,train,14,0.025651012678906227,0.16015933528491627,0.04266662810357567,0.20655901845132704
392,-1,train,30,0.04266662810357567,0.20655901845132704,0.04266662810357567,0.20655901845132704
393,0,train,16,0.04915375317590138,0.22170645722644475,0.04337520428420319,0.2082671464350611
393,1,train,14,0.037596655392505,0.19389856985678106,0.04337520428420319,0.2082671464350611
393,-1,train,30,0.04337520428420319,0.2082671464350611,0.04337520428420319,0.2082671464350611
394,0,train,16,0.06713666856121926,0.25910744597795576,0.04205664600891218,0.2050771708623663
394,1,train,14,0.016976623456605104,0.13029437231363872,0.04205664600891218,0.2050771708623663
394,-1,train,30,0.04205664600891218,0.2050771708623663,0.04205664600891218,0.2050771708623663
395,0,train,16,0.020828836924405087,0.14432199043945135,0.04532332882847721,0.21289276368274523
395,1,train,14,0.06981782073254934,0.2642306203537912,0.04532332882847721,0.21289276368274523
395,-1,train,30,0.04532332882847721,0.21289276368274523,0.04532332882847721,0.21289276368274523
396,0,train,16,0.039154242861398215,0.19787431076670417,0.04397168662195669,0.20969426940657365
396,1,train,14,0.04878913038251516,0.22088261675042506,0.04397168662195669,0.20969426940657365
396,-1,train,30,0.04397168662195669,0.20969426940657365,0.04397168662195669,0.20969426940657365
397,0,train,16,0.06601259842942125,0.25692917006330995,0.042023440793832065,0.20499619702285227
397,1,train,14,0.01803428315824287,0.13429178365872899,0.042023440793832065,0.20499619702285227
397,-1,train,30,0.042023440793832065,0.20499619702285227,0.042023440793832065,0.20499619702285227
398,0,train,16,0.03520804663449353,0.1876380735205239,0.04417522535595946,0.21017903167528262
398,1,train,14,0.0531424040774254,0.23052636308549485,0.04417522535595946,0.21017903167528262
398,-1,train,30,0.04417522535595946,0.21017903167528262,0.04417522535595946,0.21017903167528262
399,0,train,16,0.05172978259780705,0.22744182244654795,0.04295993303256608,0.20726778098046517
399,1,train,14,0.03419008346732512,0.18490560691154045,0.04295993303256608,0.20726778098046517
399,-1,train,30,0.04295993303256608,0.20726778098046517,0.04295993303256608,0.20726778098046517
400,0,train,16,0.05914255139165588,0.24319241639421219,0.04239232067524694,0.20589395492643037
400,1,train,14,0.025642089958837995,0.16013147710190523,0.04239232067524694,0.20589395492643037
400,-1,train,30,0.04239232067524694,0.20589395492643037,0.04239232067524694,0.20589395492643037
401,0,train,16,0.022302448146803055,0.14934004200750398,0.044979044890335405,0.2120826369374339
401,1,train,14,0.06765564163386775,0.2601069811325097,0.044979044890335405,0.2120826369374339
401,-1,train,30,0.044979044890335405,0.2120826369374339,0.044979044890335405,0.2120826369374339
402,0,train,16,0.05988835225618133,0.24472096815798464,0.042265061748194395,0.2055846826691969
402,1,train,14,0.024641771240207458,0.1569769767838821,0.042265061748194395,0.2055846826691969
402,-1,train,30,0.042265061748194395,0.2055846826691969,0.042265061748194395,0.2055846826691969
403,0,train,16,0.03924037041868701,0.19809182319996707,0.04369311619580789,0.20902898410461618
403,1,train,14,0.04814586197292877,0.21942165338208708,0.04369311619580789,0.20902898410461618
403,-1,train,30,0.04369311619580789,0.20902898410461618,0.04369311619580789,0.20902898410461618
404,0,train,16,0.045946550484509595,0.21435146485272638,0.04317602286706848,0.20778840888526118
404,1,train,14,0.04040549524962737,0.20101118190197123,0.04317602286706848,0.20778840888526118
404,-1,train,30,0.04317602286706848,0.20778840888526118,0.04317602286706848,0.20778840888526118
405,0,train,16,0.016396254969490657,0.1280478620262387,0.04524830284203885,0.21271648465043524
405,1,train,14,0.07410035071458705,0.2722137959666759,0.04524830284203885,0.21271648465043524
405,-1,train,30,0.04524830284203885,0.21271648465043524,0.04524830284203885,0.21271648465043524
406,0,train,16,0.024926872580400505,0.15788246444871737,0.044597683278949606,0.21118163575214016
406,1,train,14,0.0642684939774987,0.25351231523833057,0.044597683278949606,0.21118163575214016
406,-1,train,30,0.044597683278949606,0.21118163575214016,0.044597683278949606,0.21118163575214016
407,0,train,16,0.05745437216238298,0.23969641666571276,0.04224157081349164,0.20552754271262924
407,1,train,14,0.0270287694646003,0.16440428663693749,0.04224157081349164,0.20552754271262924
407,-1,train,30,0.04224157081349164,0.20552754271262924,0.04224157081349164,0.20552754271262924
408,0,train,16,0.025798859516476397,0.1606202338327161,0.044457992335702946,0.21085063987501423
408,1,train,14,0.0631171251549295,0.25123121851181135,0.044457992335702946,0.21085063987501423
408,-1,train,30,0.044457992335702946,0.21085063987501423,0.044457992335702946,0.21085063987501423
409,0,train,16,0.06240048441916989,0.2498008895483959,0.04180974616976381,0.20447431665068308
409,1,train,14,0.021219007920357722,0.1456674566276137,0.04180974616976381,0.20447431665068308
409,-1,train,30,0.04180974616976381,0.20447431665068308,0.04180974616976381,0.20447431665068308
410,0,train,16,0.03623436536578204,0.19035326465753624,0.043633528646448864,0.2088864012961324
410,1,train,14,0.05103269192711569,0.22590416536025998,0.043633528646448864,0.2088864012961324
410,-1,train,30,0.043633528646448864,0.2088864012961324,0.043633528646448864,0.2088864012961324
411,0,train,16,0.044232865324127284,0.21031610809476123,0.043022916541356385,0.207419662860965
411,1,train,14,0.041812967758585486,0.20448219423359454,0.043022916541356385,0.207419662860965
411,-1,train,30,0.043022916541356385,0.207419662860965,0.043022916541356385,0.207419662860965
412,0,train,16,0.05198189814190619,0.22799539061548194,0.0424338393879482,0.20599475572923745
412,1,train,14,0.032885780633990225,0.18134437028479883,0.0424338393879482,0.20599475572923745
412,-1,train,30,0.0424338393879482,0.20599475572923745,0.0424338393879482,0.20599475572923745
413,0,train,16,0.051719662757984945,0.22741957426304568,0.0424105529937344,0.20593822615953164
413,1,train,14,0.03310144322948385,0.18193802029670392,0.0424105529937344,0.20593822615953164
413,-1,train,30,0.0424105529937344,0.20593822615953164,0.0424105529937344,0.20593822615953164
414,0,train,16,0.04691336911233996,0.21659494249021596,0.04271187245562163,0.20666850862098374
414,1,train,14,0.0385103757989033,0.19624060690617345,0.04271187245562163,0.20666850862098374
414,-1,train,30,0.04271187245562163,0.20666850862098374,0.04271187245562163,0.20666850862098374
415,0,train,16,0.047250351553007004,0.21737145984007883,0.042648692027018306,0.20651559753931012
415,1,train,14,0.0380470325010296,0.1950564854113536,0.042648692027018306,0.20651559753931012
415,-1,train,30,0.042648692027018306,0.20651559753931012,0.042648692027018306,0.20651559753931012
416,0,train,16,0.03030771483545897,0.17409111073072905,0.04381793633415838,0.20932734253832772
416,1,train,14,0.057328157832857794,0.23943299236499926,0.04381793633415838,0.20932734253832772
416,-1,train,30,0.04381793633415838,0.20932734253832772,0.04381793633415838,0.20932734253832772
417,0,train,16,0.06349934179031257,0.2519907573509643,0.04142051818781612,0.2035203139438816
417,1,train,14,0.019341694585319674,0.13907442103176154,0.04142051818781612,0.2035203139438816
417,-1,train,30,0.04142051818781612,0.2035203139438816,0.04142051818781612,0.2035203139438816
418,0,train,16,0.04734981123294232,0.21760011772272164,0.042524481313206214,0.20621464863875752
418,1,train,14,0.03769915139347012,0.1941626931041855,0.042524481313206214,0.20621464863875752
418,-1,train,30,0.042524481313206214,0.20621464863875752,0.042524481313206214,0.20621464863875752
419,0,train,16,0.045510234380742746,0.21333127848663624,0.04261691814604006,0.2064386546798832
419,1,train,14,0.03972360191133738,0.19930780695029832,0.04261691814604006,0.2064386546798832
419,-1,train,30,0.04261691814604006,0.2064386546798832,0.04261691814604006,0.2064386546798832
420,0,train,16,0.03367661798239514,0.18351190147343344,0.04341867583625024,0.208371485180315
420,1,train,14,0.05316073369010533,0.2305661156590563,0.04341867583625024,0.208371485180315
420,-1,train,30,0.04341867583625024,0.208371485180315,0.04341867583625024,0.208371485180315
421,0,train,16,0.04603683586272827,0.21456196275837958,0.042498288776796476,0.2061511309132125
421,1,train,14,0.038959741690864684,0.19738222232730251,0.042498288776796476,0.2061511309132125
421,-1,train,30,0.042498288776796476,0.2061511309132125,0.042498288776796476,0.2061511309132125
422,0,train,16,0.05806871036351082,0.2409745014799508,0.04160452797764762,0.20397188036013106
422,1,train,14,0.02514034559178442,0.15855707361005508,0.04160452797764762,0.20397188036013106
422,-1,train,30,0.04160452797764762,0.20397188036013106,0.04160452797764762,0.20397188036013106
423,0,train,16,0.059483192818441166,0.24389176455641376,0.04146582853233735,0.2036316000338291
423,1,train,14,0.02344846424623353,0.15312891381523455,0.04146582853233735,0.2036316000338291
423,-1,train,30,0.04146582853233735,0.2036316000338291,0.04146582853233735,0.2036316000338291
424,0,train,16,0.036206532927919685,0.1902801432833171,0.04308088308595315,0.20755934834632997
424,1,train,14,0.0499552332439866,0.22350667382426548,0.04308088308595315,0.20755934834632997
424,-1,train,30,0.04308088308595315,0.20755934834632997,0.04308088308595315,0.20755934834632997
425,0,train,16,0.027490441150117225,0.16580241599601986,0.043663116525341356,0.20895721218790547
425,1,train,14,0.05983579190056549,0.24461355624855605,0.043663116525341356,0.20895721218790547
425,-1,train,30,0.043663116525341356,0.20895721218790547,0.043663116525341356,0.20895721218790547
426,0,train,16,0.051114948038116975,0.22608615180527306,0.04194160276862073,0.2047964911042685
426,1,train,14,0.03276825749912449,0.18102004722992557,0.04194160276862073,0.2047964911042685
426,-1,train,30,0.04194160276862073,0.2047964911042685,0.04194160276862073,0.2047964911042685
427,0,train,16,0.06989834879346872,0.26438295859126154,0.04056625858048993,0.20141067146626052
427,1,train,14,0.01123416836751113,0.10599135987197791,0.04056625858048993,0.20141067146626052
427,-1,train,30,0.04056625858048993,0.20141067146626052,0.04056625858048993,0.20141067146626052
428,0,train,16,0.05238500775817843,0.22887771354629186,0.04176851802176674,0.2043734768059856
428,1,train,14,0.031152028285355047,0.17649937191206955,0.04176851802176674,0.2043734768059856
428,-1,train,30,0.04176851802176674,0.2043734768059856,0.04176851802176674,0.2043734768059856
429,0,train,16,0.051098144293276936,0.22604898649026706,0.041819568400219824,0.20449833349007962
429,1,train,14,0.03254099250716271,0.18039122070423136,0.041819568400219824,0.20449833349007962
429,-1,train,30,0.041819568400219824,0.20449833349007962,0.041819568400219824,0.20449833349007962
430,0,train,16,0.017116175856782354,0.13082880362054203,0.04421480803333719,0.21027317478303595
430,1,train,14,0.07131344020989203,0.2670457642612817,0.04421480803333719,0.21027317478303595
430,-1,train,30,0.04421480803333719,0.21027317478303595,0.04421480803333719,0.21027317478303595
431,0,train,16,0.049957778643286356,0.22351236798729138,0.041829338281098055,0.20452221952907232
431,1,train,14,0.033700897918909754,0.1835780431285554,0.041829338281098055,0.20452221952907232
431,-1,train,30,0.041829338281098055,0.20452221952907232,0.041829338281098055,0.20452221952907232
432,0,train,16,0.03558454419619462,0.1886386603965227,0.04280908890281275,0.20690357392469746
432,1,train,14,0.05003363360943088,0.22368199214382656,0.04280908890281275,0.20690357392469746
432,-1,train,30,0.04280908890281275,0.20690357392469746,0.04280908890281275,0.20690357392469746
433,0,train,16,0.030511389096373267,0.17467509581040241,0.04312984355535058,0.2076772581563773
433,1,train,14,0.055748298014327895,0.23611077487977522,0.04312984355535058,0.2076772581563773
433,-1,train,30,0.04312984355535058,0.2076772581563773,0.04312984355535058,0.2076772581563773
434,0,train,16,0.040474611209144584,0.20118302912806682,0.042380915918850404,0.20586625735863176
434,1,train,14,0.044287220628556216,0.21044529129575748,0.042380915918850404,0.20586625735863176
434,-1,train,30,0.042380915918850404,0.20586625735863176,0.042380915918850404,0.20586625735863176
435,0,train,16,0.02987268135631542,0.17283715270830927,0.0430937198651485,0.20759026919667622
435,1,train,14,0.056314758373981574,0.23730730788153487,0.0430937198651485,0.20759026919667622
435,-1,train,30,0.0430937198651485,0.20759026919667622,0.0430937198651485,0.20759026919667622
436,0,train,16,0.03912288209714247,0.19779505073975556,0.04239490994488469,0.20590024270234528
436,1,train,14,0.04566693779262692,0.2136982400316552,0.04239490994488469,0.20590024270234528
436,-1,train,30,0.04239490994488469,0.20590024270234528,0.04239490994488469,0.20590024270234528
437,0,train,16,0.02547548224640983,0.15961040770078194,0.04332941116179972,0.20815717898213293
437,1,train,14,0.061183340077189605,0.24735266337193462,0.04332941116179972,0.20815717898213293
437,-1,train,30,0.04332941116179972,0.20815717898213293,0.04332941116179972,0.20815717898213293
438,0,train,16,0.05776735985666703,0.24034841346817132,0.040989348137834336,0.2024582627057595
438,1,train,14,0.024211336419001646,0.15559992422556523,0.040989348137834336,0.2024582627057595
438,-1,train,30,0.040989348137834336,0.2024582627057595,0.040989348137834336,0.2024582627057595
439,0,train,16,0.05379714314210347,0.23194211161861802,0.041227268793008344,0.20304499204119353
439,1,train,14,0.02865739444391322,0.1692849504353923,0.041227268793008344,0.20304499204119353
439,-1,train,30,0.041227268793008344,0.20304499204119353,0.041227268793008344,0.20304499204119353
440,0,train,16,0.0688020371123858,0.2623014241524163,0.04012948565115706,0.20032345257397363
440,1,train,14,0.011456934189928313,0.10703706923271168,0.04012948565115706,0.20032345257397363
440,-1,train,30,0.04012948565115706,0.20032345257397363,0.04012948565115706,0.20032345257397363
441,0,train,16,0.02713416692853216,0.16472451829807291,0.043048222399291944,0.20748065548212427
441,1,train,14,0.05896227787005173,0.24282149383868745,0.043048222399291944,0.20748065548212427
441,-1,train,30,0.043048222399291944,0.20748065548212427,0.043048222399291944,0.20748065548212427
442,0,train,16,0.05832240315866838,0.2415003170984841,0.04078759766137634,0.2019593960710329
442,1,train,14,0.0232527921640843,0.15248866241161768,0.04078759766137634,0.2019593960710329
442,-1,train,30,0.04078759766137634,0.2019593960710329,0.04078759766137634,0.2019593960710329
443,0,train,16,0.04733479846048407,0.21756561874635447,0.041526000756093695,0.20377929422807828
443,1,train,14,0.03571720305170331,0.1889899548962942,0.041526000756093695,0.20377929422807828
443,-1,train,30,0.041526000756093695,0.20377929422807828,0.041526000756093695,0.20377929422807828
444,0,train,16,0.03075249662751853,0.17536389773131336,0.04266783367005425,0.20656193664384118
444,1,train,14,0.05458317071258997,0.2336304147849547,0.04266783367005425,0.20656193664384118
444,-1,train,30,0.04266783367005425,0.20656193664384118,0.04266783367005425,0.20656193664384118
445,0,train,16,0.04871125228003687,0.22070625790864398,0.04134505864308924,0.20333484365226054
445,1,train,14,0.033978865006141605,0.18433356993814665,0.04134505864308924,0.20333484365226054
445,-1,train,30,0.04134505864308924,0.20333484365226054,0.04134505864308924,0.20333484365226054
446,0,train,16,0.03443100097237761,0.1855559241101658,0.04232447917088271,0.20572914030560355
446,1,train,14,0.050217957369387806,0.2240936352719278,0.04232447917088271,0.20572914030560355
446,-1,train,30,0.04232447917088271,0.20572914030560355,0.04232447917088271,0.20572914030560355
447,0,train,16,0.016348951496150566,0.12786301848521553,0.043578010782968614,0.20875346891241978
447,1,train,14,0.07080707006978666,0.26609597905602905,0.043578010782968614,0.20875346891241978
447,-1,train,30,0.043578010782968614,0.20875346891241978,0.043578010782968614,0.20875346891241978
448,0,train,16,0.0466632314489329,0.21601673881653916,0.04137080239187217,0.20339813763127768
448,1,train,14,0.03607837333481144,0.18994307919693057,0.04137080239187217,0.20339813763127768
448,-1,train,30,0.04137080239187217,0.20339813763127768,0.04137080239187217,0.20339813763127768
449,0,train,16,0.040609529873270656,0.20151806339202116,0.04175878706210924,0.20434966861267292
449,1,train,14,0.04290804425094782,0.20714256986662066,0.04175878706210924,0.20434966861267292
449,-1,train,30,0.04175878706210924,0.20434966861267292,0.04175878706210924,0.20434966861267292
450,0,train,16,0.06342357132060271,0.251840368727102,0.040098191138928686,0.20024532738350898
450,1,train,14,0.01677281095725466,0.12950988748838702,0.040098191138928686,0.20024532738350898
450,-1,train,30,0.040098191138928686,0.20024532738350898,0.040098191138928686,0.20024532738350898
451,0,train,16,0.04851422568628675,0.22025945084442292,0.04111432015360837,0.2027666643055716
451,1,train,14,0.03371441462092999,0.18361485403128472,0.04111432015360837,0.2027666643055716
451,-1,train,30,0.04111432015360837,0.2027666643055716,0.04111432015360837,0.2027666643055716
452,0,train,16,0.038864761800776915,0.19714147661204356,0.04176229186277307,0.20435824393151616
452,1,train,14,0.04465982192476922,0.21132870587018987,0.04176229186277307,0.20435824393151616
452,-1,train,30,0.04176229186277307,0.20435824393151616,0.04176229186277307,0.20435824393151616
453,0,train,16,0.034854067279126426,0.18669244033738064,0.04200553731270208,0.20495252453361507
453,1,train,14,0.04915700734627774,0.22171379602153254,0.04200553731270208,0.20495252453361507
453,-1,train,30,0.04200553731270208,0.20495252453361507,0.04200553731270208,0.20495252453361507
454,0,train,16,0.03398559305567593,0.18435181869370296,0.04202613788330285,0.20500277530634275
454,1,train,14,0.050066682710929775,0.22375585514334542,0.04202613788330285,0.20500277530634275
454,-1,train,30,0.04202613788330285,0.20500277530634275,0.04202613788330285,0.20500277530634275
455,0,train,16,0.04448308515156576,0.21091013525093041,0.04123574651824412,0.2030658674377457
455,1,train,14,0.03798840788492247,0.19490615148045604,0.04123574651824412,0.2030658674377457
455,-1,train,30,0.04123574651824412,0.2030658674377457,0.04123574651824412,0.2030658674377457
456,0,train,16,0.040990400119962286,0.20246086071130462,0.041444374130499194,0.20357891376687123
456,1,train,14,0.0418983481410361,0.2046908599352597,0.041444374130499194,0.20357891376687123
456,-1,train,30,0.041444374130499194,0.20357891376687123,0.041444374130499194,0.20357891376687123
457,0,train,16,0.0556148677677779,0.23582804703380364,0.0403621862024794,0.20090342506408249
457,1,train,14,0.025109504637180896,0.1584597887073591,0.0403621862024794,0.20090342506408249
457,-1,train,30,0.0403621862024794,0.20090342506408249,0.0403621862024794,0.20090342506408249
458,0,train,16,0.04936227146968042,0.22217621715584326,0.0407692700526527,0.20191401648388033
458,1,train,14,0.03217626863562498,0.17937744739968003,0.0407692700526527,0.20191401648388033
458,-1,train,30,0.0407692700526527,0.20191401648388033,0.0407692700526527,0.20191401648388033
459,0,train,16,0.03824199243396749,0.1955555993418943,0.04151540477383417,0.20375329389689426
459,1,train,14,0.04478881711370084,0.21163368615062406,0.04151540477383417,0.20375329389689426
459,-1,train,30,0.04151540477383417,0.20375329389689426,0.04151540477383417,0.20375329389689426
460,0,train,16,0.03413129025591843,0.184746556817491,0.04176762275106803,0.20437128651321845
460,1,train,14,0.04940395524621763,0.22227000527785487,0.04176762275106803,0.20437128651321845
460,-1,train,30,0.04176762275106803,0.20437128651321845,0.04176762275106803,0.20437128651321845
461,0,train,16,0.035866162707195344,0.18938363896386443,0.04160070319091508,0.20396250437498328
461,1,train,14,0.04733524367463481,0.2175666419160686,0.04160070319091508,0.20396250437498328
461,-1,train,30,0.04160070319091508,0.20396250437498328,0.04160070319091508,0.20396250437498328
462,0,train,16,0.038104613881654446,0.19520403141752593,0.04140142571334846,0.2034734029630125
462,1,train,14,0.04469823754504248,0.21141957701462388,0.04140142571334846,0.2034734029630125
462,-1,train,30,0.04140142571334846,0.2034734029630125,0.04140142571334846,0.2034734029630125
463,0,train,16,0.053226218855275786,0.23070808146936636,0.04028263000803278,0.20070533128951204
463,1,train,14,0.027339041160789786,0.16534521813705344,0.04028263000803278,0.20070533128951204
463,-1,train,30,0.04028263000803278,0.20070533128951204,0.04028263000803278,0.20070533128951204
464,0,train,16,0.04782731755885496,0.21869457597035863,0.04062549000662906,0.20155765926064198
464,1,train,14,0.03342366245440315,0.18282139495803862,0.04062549000662906,0.20155765926064198
464,-1,train,30,0.04062549000662906,0.20155765926064198,0.04062549000662906,0.20155765926064198
465,0,train,16,0.05694344527421774,0.23862825749315134,0.03993787756366951,0.1998446335623489
465,1,train,14,0.022932309853121276,0.15143417663500297,0.03993787756366951,0.1998446335623489
465,-1,train,30,0.03993787756366951,0.1998446335623489,0.03993787756366951,0.1998446335623489
466,0,train,16,0.018628456836698167,0.13648610492170318,0.042628446612156874,0.20646657504825539
466,1,train,14,0.06662843638761558,0.25812484651349543,0.042628446612156874,0.20646657504825539
466,-1,train,30,0.042628446612156874,0.20646657504825539,0.042628446612156874,0.20646657504825539
467,0,train,16,0.06609495289029414,0.2570893869654952,0.039206869237442224,0.19800724541653072
467,1,train,14,0.0123187855845903,0.11099002470758487,0.039206869237442224,0.19800724541653072
467,-1,train,30,0.039206869237442224,0.19800724541653072,0.039206869237442224,0.19800724541653072
468,0,train,16,0.024938929597689095,0.15792064335510128,0.042089443717838695,0.20515711958847224
468,1,train,14,0.0592399578379883,0.2433926002120613,0.042089443717838695,0.20515711958847224
468,-1,train,30,0.042089443717838695,0.20515711958847224,0.042089443717838695,0.20515711958847224
469,0,train,16,0.026034570279297814,0.16135231724179797,0.04197265334867996,0.2048722854577455
469,1,train,14,0.057910736418062096,0.2406464967915845,0.04197265334867996,0.2048722854577455
469,-1,train,30,0.04197265334867996,0.2048722854577455,0.04197265334867996,0.2048722854577455
470,0,train,16,0.0157647175206619,0.12555762629431116,0.04266393304905837,0.20655249465706865
470,1,train,14,0.06956314857745484,0.26374826743972146,0.04266393304905837,0.20655249465706865
470,-1,train,30,0.04266393304905837,0.20655249465706865,0.04266393304905837,0.20655249465706865
471,0,train,16,0.021966543505622757,0.1482111450115097,0.042175288434236055,0.20536623002391619
471,1,train,14,0.06238403336284935,0.24976795903968418,0.042175288434236055,0.20536623002391619
471,-1,train,30,0.042175288434236055,0.20536623002391619,0.042175288434236055,0.20536623002391619
472,0,train,16,0.05114683695090544,0.22615666461748465,0.04005995940117983,0.20014984237110914
472,1,train,14,0.028973081851454217,0.1702148109050861,0.04005995940117983,0.20014984237110914
472,-1,train,30,0.04005995940117983,0.20014984237110914,0.04005995940117983,0.20014984237110914
473,0,train,16,0.04468393917901787,0.21138575916796729,0.04047024642637262,0.20117218104492635
473,1,train,14,0.03625655367372736,0.19041153765916435,0.04047024642637262,0.20117218104492635
473,-1,train,30,0.04047024642637262,0.20117218104492635,0.04047024642637262,0.20117218104492635
474,0,train,16,0.053060523867549676,0.23034870059878712,0.03983524328156374,0.19958768319103196
474,1,train,14,0.026609962695577805,0.16312560404662968,0.03983524328156374,0.19958768319103196
474,-1,train,30,0.03983524328156374,0.19958768319103196,0.03983524328156374,0.19958768319103196
475,0,train,16,0.0683168043455268,0.26137483495074043,0.03871172074610619,0.19675294342425018
475,1,train,14,0.009106637146685576,0.09542870190192035,0.03871172074610619,0.19675294342425018
475,-1,train,30,0.03871172074610619,0.19675294342425018,0.03871172074610619,0.19675294342425018
476,0,train,16,0.05632857661235902,0.23733642074565595,0.03951202565227521,0.19877632065282627
476,1,train,14,0.022695474692191395,0.15065017322323726,0.03951202565227521,0.19877632065282627
476,-1,train,30,0.03951202565227521,0.19877632065282627,0.03951202565227521,0.19877632065282627
477,0,train,16,0.036581727299903034,0.19126350226821381,0.04087910490478193,0.2021858177637144
477,1,train,14,0.04517648250966083,0.2125476005737558,0.04087910490478193,0.2021858177637144
477,-1,train,30,0.04087910490478193,0.2021858177637144,0.04087910490478193,0.2021858177637144
478,0,train,16,0.05247729269096237,0.22907922797792551,0.039704064844370404,0.19925878862517057
478,1,train,14,0.02693083699777844,0.16410617598913954,0.039704064844370404,0.19925878862517057
478,-1,train,30,0.039704064844370404,0.19925878862517057,0.039704064844370404,0.19925878862517057
479,0,train,16,0.04073671588131857,0.2018333864387123,0.040496716687275267,0.20123796035359548
479,1,train,14,0.04025671749323195,0.20064076727632385,0.040496716687275267,0.20123796035359548
479,-1,train,30,0.040496716687275267,0.20123796035359548,0.040496716687275267,0.20123796035359548
480,0,train,16,0.03913408177102153,0.19782336002358653,0.040567782051905435,0.20141445343347492
480,1,train,14,0.042001482332789344,0.20494263180897562,0.040567782051905435,0.20141445343347492
480,-1,train,30,0.040567782051905435,0.20141445343347492,0.040567782051905435,0.20141445343347492
481,0,train,16,0.05953875107199713,0.24400563737749406,0.039076667081997675,0.19767819070903517
481,1,train,14,0.018614583091998222,0.13643527070372316,0.039076667081997675,0.19767819070903517
481,-1,train,30,0.039076667081997675,0.19767819070903517,0.039076667081997675,0.19767819070903517
482,0,train,16,0.05517405364881023,0.23489157849699557,0.03934345965860011,0.19835185821816773
482,1,train,14,0.023512865668389987,0.15333905460902642,0.03934345965860011,0.19835185821816773
482,-1,train,30,0.03934345965860011,0.19835185821816773,0.03934345965860011,0.19835185821816773
483,0,train,16,0.05457308807648734,0.23360883561305498,0.03934088059273565,0.19834535687213767
483,1,train,14,0.024108673108983944,0.15526967865292934,0.03934088059273565,0.19834535687213767
483,-1,train,30,0.03934088059273565,0.19834535687213767,0.03934088059273565,0.19834535687213767
484,0,train,16,0.061437366688125654,0.24786562223940142,0.03881336123763672,0.1970110688200963
484,1,train,14,0.016189355787147794,0.127237399325622,0.03881336123763672,0.1970110688200963
484,-1,train,30,0.03881336123763672,0.1970110688200963,0.03881336123763672,0.1970110688200963
485,0,train,16,0.05588750732854969,0.23640538768934538,0.03916590381506235,0.1979037741304151
485,1,train,14,0.02244430030157502,0.14981421929034314,0.03916590381506235,0.1979037741304151
485,-1,train,30,0.03916590381506235,0.1979037741304151,0.03916590381506235,0.1979037741304151
486,0,train,16,0.060497593716374226,0.24596258600928358,0.03879666383501855,0.19696868744807777
486,1,train,14,0.01709573395366288,0.13075065565289865,0.03879666383501855,0.19696868744807777
486,-1,train,30,0.03879666383501855,0.19696868744807777,0.03879666383501855,0.19696868744807777
487,0,train,16,0.03193780270837516,0.1787115069277162,0.0407863443572596,0.20195629318557914
487,1,train,14,0.04963488600614405,0.22278888214213932,0.0407863443572596,0.20195629318557914
487,-1,train,30,0.0407863443572596,0.20195629318557914,0.0407863443572596,0.20195629318557914
488,0,train,16,0.03736822824414151,0.1933086346859382,0.04036012678894438,0.20089829961685685
488,1,train,14,0.04335202533374724,0.20821149183882057,0.04036012678894438,0.20089829961685685
488,-1,train,30,0.04036012678894438,0.20089829961685685,0.04036012678894438,0.20089829961685685
489,0,train,16,0.02156063407022678,0.14683539787880434,0.04144277196344923,0.20357497872638777
489,1,train,14,0.06132490985667168,0.24763866793510192,0.04144277196344923,0.20357497872638777
489,-1,train,30,0.04144277196344923,0.20357497872638777,0.04144277196344923,0.20357497872638777
490,0,train,16,0.03711268371850373,0.19264652532164636,0.04029455203499449,0.20073502941687704
490,1,train,14,0.043476420351485245,0.2085100006030532,0.04029455203499449,0.20073502941687704
490,-1,train,30,0.04029455203499449,0.20073502941687704,0.04029455203499449,0.20073502941687704
491,0,train,16,0.021175035721179857,0.14551644484792725,0.0413879299491873,0.2034402367998703
491,1,train,14,0.06160082417719475,0.2481951332665384,0.0413879299491873,0.2034402367998703
491,-1,train,30,0.0413879299491873,0.2034402367998703,0.0413879299491873,0.2034402367998703
492,0,train,16,0.04410756543714312,0.21001801217310653,0.039709423017854205,0.19927223343419978
492,1,train,14,0.03531128059856529,0.1879129601665763,0.039709423017854205,0.19927223343419978
492,-1,train,30,0.039709423017854205,0.19927223343419978,0.039709423017854205,0.19927223343419978
493,0,train,16,0.05444808447389874,0.2333411332660805,0.038933472169335744,0.19731566630487238
493,1,train,14,0.023418859864772747,0.15303221838806608,0.038933472169335744,0.19731566630487238
493,-1,train,30,0.038933472169335744,0.19731566630487238,0.038933472169335744,0.19731566630487238
494,0,train,16,0.05486517147559796,0.23423315622600904,0.03885549141049765,0.19711796318574734
494,1,train,14,0.022845811345397333,0.1511483091053199,0.03885549141049765,0.19711796318574734
494,-1,train,30,0.03885549141049765,0.19711796318574734,0.03885549141049765,0.19711796318574734
495,0,train,16,0.03276131902701274,0.18100088128794495,0.04038657015283893,0.20096410165210835
495,1,train,14,0.048011821278665115,0.21911599959534017,0.04038657015283893,0.20096410165210835
495,-1,train,30,0.04038657015283893,0.20096410165210835,0.04038657015283893,0.20096410165210835
496,0,train,16,0.04348341891167614,0.20852678224073795,0.039579314217596195,0.19894550564814525
496,1,train,14,0.03567520952351626,0.18887882232668715,0.039579314217596195,0.19894550564814525
496,-1,train,30,0.039579314217596195,0.19894550564814525,0.039579314217596195,0.19894550564814525
497,0,train,16,0.03650227545260792,0.19105568678426696,0.04003432482793902,0.20008579366846369
497,1,train,14,0.043566374203270114,0.20872559546751834,0.04003432482793902,0.20008579366846369
497,-1,train,30,0.04003432482793902,0.20008579366846369,0.04003432482793902,0.20008579366846369
498,0,train,16,0.042958777206367676,0.20726499271793988,0.039528980289955024,0.19881896360748647
498,1,train,14,0.036099183373542364,0.18999785097085273,0.039528980289955024,0.19881896360748647
498,-1,train,30,0.039528980289955024,0.19881896360748647,0.039528980289955024,0.19881896360748647
499,0,train,16,0.06242470501950335,0.24984936465699356,0.0381057896894946,0.1952070431349612
499,1,train,14,0.01378687435948586,0.11741752151823791,0.0381057896894946,0.1952070431349612
499,-1,train,30,0.0381057896894946,0.1952070431349612,0.0381057896894946,0.1952070431349612
500,0,train,16,0.04471452849857519,0.21145810104740653,0.03931794624643219,0.19828753426887982
500,1,train,14,0.03392136399428918,0.18417753390218142,0.03931794624643219,0.19828753426887982
500,-1,train,30,0.03931794624643219,0.19828753426887982,0.03931794624643219,0.19828753426887982
501,0,train,16,0.014853551850304928,0.12187514861654498,0.04141113290826481,0.2034972552843522
501,1,train,14,0.06796871396622468,0.26070810107517695,0.04141113290826481,0.2034972552843522
501,-1,train,30,0.04141113290826481,0.2034972552843522,0.04141113290826481,0.2034972552843522
502,0,train,16,0.04766236796074904,0.21831712704400688,0.03902198108875855,0.19753982152659386
502,1,train,14,0.030381594216768067,0.17430316754657119,0.03902198108875855,0.19753982152659386
502,-1,train,30,0.03902198108875855,0.19753982152659386,0.03902198108875855,0.19753982152659386
503,0,train,16,0.024359726239211704,0.15607602711246754,0.04064314567759175,0.20160145256815923
503,1,train,14,0.05692656511597181,0.23859288571952814,0.04064314567759175,0.20160145256815923
503,-1,train,30,0.04064314567759175,0.20160145256815923,0.04064314567759175,0.20160145256815923
504,0,train,16,0.03630087707486385,0.1905278905432584,0.039743394064435555,0.19935745299445304
504,1,train,14,0.04318591105400726,0.20781220140792325,0.039743394064435555,0.19935745299445304
504,-1,train,30,0.039743394064435555,0.19935745299445304,0.039743394064435555,0.19935745299445304
505,0,train,16,0.05835898929330426,0.24157605281423128,0.03813536417062999,0.19528278001562244
505,1,train,14,0.017911739047955712,0.13383474529417133,0.03813536417062999,0.19528278001562244
505,-1,train,30,0.03813536417062999,0.19528278001562244,0.03813536417062999,0.19528278001562244
506,0,train,16,0.027216570736872992,0.16497445480095696,0.04030127603929651,0.20075177717593562
506,1,train,14,0.053385981341720026,0.23105406584113602,0.04030127603929651,0.20075177717593562
506,-1,train,30,0.04030127603929651,0.20075177717593562,0.04030127603929651,0.20075177717593562
507,0,train,16,0.021270341740354873,0.14584355227556298,0.04068582743837171,0.20170728157003084
507,1,train,14,0.060101313136388536,0.245155691625523,0.04068582743837171,0.20170728157003084
507,-1,train,30,0.04068582743837171,0.20170728157003084,0.04068582743837171,0.20170728157003084
508,0,train,16,0.04626609148313318,0.2150955403608666,0.038859440866263,0.19712798093183778
508,1,train,14,0.03145279024939281,0.1773493452183932,0.038859440866263,0.19712798093183778
508,-1,train,30,0.038859440866263,0.19712798093183778,0.038859440866263,0.19712798093183778
509,0,train,16,0.04966041495163095,0.22284616880626631,0.03857495070654624,0.1964050679248024
509,1,train,14,0.027489486461461533,0.1657995369760167,0.03857495070654624,0.1964050679248024
509,-1,train,30,0.03857495070654624,0.1964050679248024,0.03857495070654624,0.1964050679248024
510,0,train,16,0.05376746440476123,0.2318781240323486,0.0382346774895031,0.19553689546861253
510,1,train,14,0.022701890574244966,0.1506714656935578,0.0382346774895031,0.19553689546861253
510,-1,train,30,0.0382346774895031,0.19553689546861253,0.0382346774895031,0.19553689546861253
511,0,train,16,0.020170158975888013,0.1420216848790635,0.04058480608652922,0.20145671020477135
511,1,train,14,0.06099945319717043,0.246980673732117,0.04058480608652922,0.20145671020477135
511,-1,train,30,0.04058480608652922,0.20145671020477135,0.04058480608652922,0.20145671020477135
512,0,train,16,0.046538145143723765,0.215727015331237,0.038660303151315425,0.1966222346310697
512,1,train,14,0.03078246115890709,0.17544931222124266,0.038660303151315425,0.1966222346310697
512,-1,train,30,0.038660303151315425,0.1966222346310697,0.038660303151315425,0.1966222346310697
513,0,train,16,0.050894339780031654,0.2255977388628522,0.0383109579813318,0.1957318522400782
513,1,train,14,0.025727576182631953,0.1603981801100996,0.0383109579813318,0.1957318522400782
513,-1,train,30,0.0383109579813318,0.1957318522400782,0.0383109579813318,0.1957318522400782
514,0,train,16,0.03597057773691056,0.18965910929061794,0.03932479470258738,0.19830480252022992
514,1,train,14,0.042679011668264204,0.20658899212751924,0.03932479470258738,0.19830480252022992
514,-1,train,30,0.03932479470258738,0.19830480252022992,0.03932479470258738,0.19830480252022992
515,0,train,16,0.06374046251417534,0.25246873571627704,0.03731469594053083,0.1931701217593726
515,1,train,14,0.010888929366886315,0.10435003290313959,0.03731469594053083,0.1931701217593726
515,-1,train,30,0.03731469594053083,0.1931701217593726,0.03731469594053083,0.1931701217593726
516,0,train,16,0.032833970991294315,0.18120146520184188,0.03946084687353642,0.1986475443430812
516,1,train,14,0.04608772275577853,0.21468051321854653,0.03946084687353642,0.1986475443430812
516,-1,train,30,0.03946084687353642,0.1986475443430812,0.03946084687353642,0.1986475443430812
517,0,train,16,0.03155367170979878,0.17763353205349147,0.03950536468253124,0.19875956500891032
517,1,train,14,0.0474570576552637,0.21784640840570152,0.03950536468253124,0.19875956500891032
517,-1,train,30,0.03950536468253124,0.19875956500891032,0.03950536468253124,0.19875956500891032
518,0,train,16,0.04180925601365736,0.20447311807095173,0.0387312756201819,0.19680263113124757
518,1,train,14,0.03565329522670645,0.18882080189085748,0.0387312756201819,0.19680263113124757
518,-1,train,30,0.0387312756201819,0.19680263113124757,0.0387312756201819,0.19680263113124757
519,0,train,16,0.050269640213408885,0.2242089209050543,0.038090136787664174,0.19516694594030048
519,1,train,14,0.025910633361919462,0.16096780225225002,0.038090136787664174,0.19516694594030048
519,-1,train,30,0.038090136787664174,0.19516694594030048,0.038090136787664174,0.19516694594030048
520,0,train,16,0.0428000253419662,0.2068816699032715,0.038573508311942714,0.19640139590120717
520,1,train,14,0.03434699128191924,0.18532941288937177,0.038573508311942714,0.19640139590120717
520,-1,train,30,0.038573508311942714,0.19640139590120717,0.038573508311942714,0.19640139590120717
521,0,train,16,0.03335683173285355,0.1826385275150168,0.0391984244783397,0.19798591989921832
521,1,train,14,0.045040017223825835,0.21222633489702883,0.0391984244783397,0.19798591989921832
521,-1,train,30,0.0391984244783397,0.19798591989921832,0.0391984244783397,0.19798591989921832
522,0,train,16,0.05962789288161131,0.24418823247980503,0.03728705217300737,0.19309855559534198
522,1,train,14,0.014946211464403442,0.12225469915059888,0.03728705217300737,0.19309855559534198
522,-1,train,30,0.03728705217300737,0.19309855559534198,0.03728705217300737,0.19309855559534198
523,0,train,16,0.04339826764187003,0.20832250872594163,0.0383960814478788,0.1959491807787897
523,1,train,14,0.033393895253887584,0.18273996621945507,0.0383960814478788,0.1959491807787897
523,-1,train,30,0.0383960814478788,0.1959491807787897,0.0383960814478788,0.1959491807787897
524,0,train,16,0.038689287380032064,0.19669592619073753,0.0386858996542336,0.19668731442122445
524,1,train,14,0.03868251192843514,0.19667870227463657,0.0386858996542336,0.19668731442122445
524,-1,train,30,0.0386858996542336,0.19668731442122445,0.0386858996542336,0.19668731442122445
525,0,train,16,0.06413189454764072,0.25324275813464187,0.0368425363045235,0.19194409682124505
525,1,train,14,0.009553178061406284,0.0977403604526108,0.0368425363045235,0.19194409682124505
525,-1,train,30,0.0368425363045235,0.19194409682124505,0.0368425363045235,0.19194409682124505
526,0,train,16,0.04974546275766021,0.22303690895827133,0.03780850809105522,0.19444410017034514
526,1,train,14,0.025871553424450227,0.16084636590377238,0.03780850809105522,0.19444410017034514
526,-1,train,30,0.03780850809105522,0.19444410017034514,0.03780850809105522,0.19444410017034514
527,0,train,16,0.038055924436773546,0.19507927731251606,0.03859613172875234,0.19645898230610975
527,1,train,14,0.03913633902073114,0.19782906515659204,0.03859613172875234,0.19645898230610975
527,-1,train,30,0.03859613172875234,0.19645898230610975,0.03859613172875234,0.19645898230610975
528,0,train,16,0.05651440093044222,0.23772757713492607,0.03723925000940303,0.19297473930388667
528,1,train,14,0.01796409908836383,0.13403021707198653,0.03723925000940303,0.19297473930388667
528,-1,train,30,0.03723925000940303,0.19297473930388667,0.03723925000940303,0.19297473930388667
529,0,train,16,0.013512810283752641,0.11624461399889735,0.040263384791570246,0.20065738160249735
529,1,train,14,0.06701395929938785,0.25887054544576493,0.040263384791570246,0.20065738160249735
529,-1,train,30,0.040263384791570246,0.20065738160249735,0.040263384791570246,0.20065738160249735
530,0,train,16,0.023187288682229284,0.15227372945531112,0.03952182262025093,0.19880096232224564
530,1,train,14,0.05585635655827258,0.23633949428369475,0.03952182262025093,0.19880096232224564
530,-1,train,30,0.03952182262025093,0.19880096232224564,0.03952182262025093,0.19880096232224564
531,0,train,16,0.046099997766968576,0.21470910033570673,0.03784955339480514,0.19454961679429014
531,1,train,14,0.029599109022641703,0.1720439159710151,0.03784955339480514,0.19454961679429014
531,-1,train,30,0.03784955339480514,0.19454961679429014,0.03784955339480514,0.19454961679429014
532,0,train,16,0.03437933548555822,0.18541665374382696,0.03863578880449602,0.19655988605128977
532,1,train,14,0.04289224212343382,0.20710442323483538,0.03863578880449602,0.19655988605128977
532,-1,train,30,0.03863578880449602,0.19655988605128977,0.03863578880449602,0.19655988605128977
533,0,train,16,0.031151967194484664,0.1764991988494131,0.038821328039305054,0.19703128695540983
533,1,train,14,0.04649068888412545,0.21561699581462831,0.038821328039305054,0.19703128695540983
533,-1,train,30,0.038821328039305054,0.19703128695540983,0.038821328039305054,0.19703128695540983
534,0,train,16,0.0462739528917615,0.21511381380971678,0.0377000534972922,0.19416501615196338
534,1,train,14,0.0291261541028229,0.17066386290841684,0.0377000534972922,0.19416501615196338
534,-1,train,30,0.0377000534972922,0.19416501615196338,0.0377000534972922,0.19416501615196338
535,0,train,16,0.05899220942748897,0.2428831188606754,0.03675085849062919,0.19170513423126984
535,1,train,14,0.014509507553769405,0.12045541728693403,0.03675085849062919,0.19170513423126984
535,-1,train,30,0.03675085849062919,0.19170513423126984,0.03675085849062919,0.19170513423126984
536,0,train,16,0.0573367932367754,0.23945102471439833,0.036823286376978265,0.19189394564961726
536,1,train,14,0.016309779517181124,0.12770974715025132,0.036823286376978265,0.19189394564961726
536,-1,train,30,0.036823286376978265,0.19189394564961726,0.036823286376978265,0.19189394564961726
537,0,train,16,0.06028232818517868,0.2455245979228531,0.0365651987239297,0.19122028847360759
537,1,train,14,0.012848069262680728,0.11334932405039179,0.0365651987239297,0.19122028847360759
537,-1,train,30,0.0365651987239297,0.19122028847360759,0.0365651987239297,0.19122028847360759
538,0,train,16,0.05246646567560248,0.22905559516327575,0.03707306033947134,0.19254365826864134
538,1,train,14,0.0216796550033402,0.14724012701481956,0.03707306033947134,0.19254365826864134
538,-1,train,30,0.03707306033947134,0.19254365826864134,0.03707306033947134,0.19254365826864134
539,0,train,16,0.05658440747775879,0.23787477268041432,0.03673933065494734,0.19167506529266487
539,1,train,14,0.016894253832135893,0.1299778974754396,0.03673933065494734,0.19167506529266487
539,-1,train,30,0.03673933065494734,0.19167506529266487,0.03673933065494734,0.19167506529266487
540,0,train,16,0.023907966119750972,0.15462201046342325,0.039019421829418845,0.19753334358892133
540,1,train,14,0.05413087753908672,0.2326604339785489,0.039019421829418845,0.19753334358892133
540,-1,train,30,0.039019421829418845,0.19753334358892133,0.039019421829418845,0.19753334358892133
541,0,train,16,0.04535750883777323,0.21297302373252164,0.03744670720237001,0.19351151697604463
541,1,train,14,0.029535905566966798,0.1718601337337045,0.03744670720237001,0.19351151697604463
541,-1,train,30,0.03744670720237001,0.19351151697604463,0.03744670720237001,0.19351151697604463
542,0,train,16,0.04485348009707709,0.2117864020589544,0.037439418774157296,0.19349268403264577
542,1,train,14,0.030025357451237498,0.17327826595172718,0.037439418774157296,0.19349268403264577
542,-1,train,30,0.037439418774157296,0.19349268403264577,0.037439418774157296,0.19349268403264577
543,0,train,16,0.04581197762177919,0.21403732763651107,0.03732587886303933,0.1931990653782759
543,1,train,14,0.02883978010429946,0.1698227902971196,0.03732587886303933,0.1931990653782759
543,-1,train,30,0.03732587886303933,0.1931990653782759,0.03732587886303933,0.1931990653782759
544,0,train,16,0.012434907382288786,0.11151191587578785,0.039666638984312996,0.19916485378779308
544,1,train,14,0.06689837058633721,0.2586471932697844,0.039666638984312996,0.19916485378779308
544,-1,train,30,0.039666638984312996,0.19916485378779308,0.039666638984312996,0.19916485378779308
545,0,train,16,0.05963528808016769,0.24420337442420342,0.03625851846379218,0.1904166969144045
545,1,train,14,0.012881748847416672,0.11349779225789668,0.03625851846379218,0.1904166969144045
545,-1,train,30,0.03625851846379218,0.1904166969144045,0.03625851846379218,0.1904166969144045
546,0,train,16,0.054994389319147845,0.23450882567431838,0.036538314481383,0.19114997902532713
546,1,train,14,0.018082239643618152,0.1344702184263049,0.036538314481383,0.19114997902532713
546,-1,train,30,0.036538314481383,0.19114997902532713,0.036538314481383,0.19114997902532713
547,0,train,16,0.022722635510103537,0.15074029159486038,0.03878978828024411,0.19695123325393044
547,1,train,14,0.05485694105038468,0.23421558669393608,0.03878978828024411,0.19695123325393044
547,-1,train,30,0.03878978828024411,0.19695123325393044,0.03878978828024411,0.19695123325393044
548,0,train,16,0.03784593379733119,0.19454031406711358,0.037665743868599555,0.19407664431507352
548,1,train,14,0.03748555393986791,0.1936118641505936,0.037665743868599555,0.19407664431507352
548,-1,train,30,0.037665743868599555,0.19407664431507352,0.037665743868599555,0.19407664431507352
549,0,train,16,0.03841952367966681,0.19600898877262443,0.037579775582194455,0.19385503754660197
549,1,train,14,0.036740027484722104,0.1916768830211982,0.037579775582194455,0.19385503754660197
549,-1,train,30,0.037579775582194455,0.19385503754660197,0.037579775582194455,0.19385503754660197
550,0,train,16,0.04564156244421574,0.2136388598645287,0.03702187911470754,0.19241070426228252
550,1,train,14,0.028402195785199345,0.16852951013160675,0.03702187911470754,0.19241070426228252
550,-1,train,30,0.03702187911470754,0.19241070426228252,0.03702187911470754,0.19241070426228252
551,0,train,16,0.030583431181762957,0.17488119161808954,0.03804552306375029,0.19505261614177413
551,1,train,14,0.045507614945737615,0.21332513903836467,0.03804552306375029,0.19505261614177413
551,-1,train,30,0.03804552306375029,0.19505261614177413,0.03804552306375029,0.19505261614177413
552,0,train,16,0.02337715724034269,0.15289590328175143,0.038515190930612196,0.1962528749613931
552,1,train,14,0.0536532246208817,0.2316316572079078,0.038515190930612196,0.1962528749613931
552,-1,train,30,0.038515190930612196,0.1962528749613931,0.038515190930612196,0.1962528749613931
553,0,train,16,0.033794657233011095,0.1838332321236046,0.03772662839773089,0.1942334378981407
553,1,train,14,0.041658599562450674,0.204104383986358,0.03772662839773089,0.1942334378981407
553,-1,train,30,0.03772662839773089,0.1942334378981407,0.03772662839773089,0.1942334378981407
554,0,train,16,0.044646630766539,0.21129749351693455,0.03690702670284926,0.19211201602931885
554,1,train,14,0.02916742263915952,0.17078472601248484,0.03690702670284926,0.19211201602931885
554,-1,train,30,0.03690702670284926,0.19211201602931885,0.03690702670284926,0.19211201602931885
555,0,train,16,0.009330059394901134,0.09659223258058142,0.039394237147438144,0.19847981546605223
555,1,train,14,0.06945841489997516,0.263549644090018,0.039394237147438144,0.19847981546605223
555,-1,train,30,0.039394237147438144,0.19847981546605223,0.039394237147438144,0.19847981546605223
556,0,train,16,0.037335241601567086,0.19322329466595659,0.037334858842019335,0.19322230420430073
556,1,train,14,0.037334476082471584,0.19322131373756773,0.037334858842019335,0.19322230420430073
556,-1,train,30,0.037334858842019335,0.19322230420430073,0.037334858842019335,0.19322230420430073
557,0,train,16,0.04134380051385888,0.20333174989130173,0.037005309115255396,0.19236764050966418
557,1,train,14,0.03266681771665191,0.1807396406897278,0.037005309115255396,0.19236764050966418
557,-1,train,30,0.037005309115255396,0.19236764050966418,0.037005309115255396,0.19236764050966418
558,0,train,16,0.03042346398263544,0.174423232347745,0.037734472392814605,0.19425362903383453
558,1,train,14,0.04504548080299377,0.2122392065641826,0.037734472392814605,0.19425362903383453
558,-1,train,30,0.037734472392814605,0.19425362903383453,0.037734472392814605,0.19425362903383453
559,0,train,16,0.04431350861193295,0.21050774002856273,0.03669848862569557,0.1915684959112421
559,1,train,14,0.0290834686394582,0.17053875993292023,0.03669848862569557,0.1915684959112421
559,-1,train,30,0.03669848862569557,0.1915684959112421,0.03669848862569557,0.1915684959112421
560,0,train,16,0.036956976627364975,0.19224197415591887,0.03717497688918649,0.19280813491444412
560,1,train,14,0.037392977151008,0.19337263806187266,0.03717497688918649,0.19280813491444412
560,-1,train,30,0.03717497688918649,0.19280813491444412,0.03717497688918649,0.19280813491444412
561,0,train,16,0.04523254136381646,0.21267943333528153,0.03654466667726938,0.19116659404108602
561,1,train,14,0.027856791990722312,0.16690354097718332,0.03654466667726938,0.19116659404108602
561,-1,train,30,0.03654466667726938,0.19116659404108602,0.03654466667726938,0.19116659404108602
562,0,train,16,0.0621851279680122,0.2493694607765999,0.03529794155818425,0.18787746421054402
562,1,train,14,0.008410755148356304,0.09171016927449378,0.03529794155818425,0.18787746421054402
562,-1,train,30,0.03529794155818425,0.18787746421054402,0.03529794155818425,0.18787746421054402
563,0,train,16,0.020470380893586274,0.14307473883808516,0.03821315915729968,0.19548186401121634
563,1,train,14,0.055955937421013076,0.23655007381316345,0.03821315915729968,0.19548186401121634
563,-1,train,30,0.03821315915729968,0.19548186401121634,0.03821315915729968,0.19548186401121634
564,0,train,16,0.046766956264355786,0.21625669068113426,0.0362889257459367,0.1904965242358419
564,1,train,14,0.025810895227517623,0.16065769582412673,0.0362889257459367,0.1904965242358419
564,-1,train,30,0.0362889257459367,0.1904965242358419,0.0362889257459367,0.1904965242358419
565,0,train,16,0.04018687939146539,0.20046665406362574,0.036711502787193526,0.19160246028481348
565,1,train,14,0.03323612618292167,0.18230777872302012,0.036711502787193526,0.19160246028481348
565,-1,train,30,0.036711502787193526,0.19160246028481348,0.036711502787193526,0.19160246028481348
566,0,train,16,0.02673562145335387,0.1635103099298447,0.03762499424377429,0.19397163257490588
566,1,train,14,0.0485143670341947,0.2202597717110292,0.03762499424377429,0.19397163257490588
566,-1,train,30,0.03762499424377429,0.19397163257490588,0.03762499424377429,0.19397163257490588
567,0,train,16,0.04298207332633597,0.20732118397871446,0.03642514333646095,0.19085372235421805
567,1,train,14,0.029868213346585928,0.17282422673510195,0.03642514333646095,0.19085372235421805
567,-1,train,30,0.03642514333646095,0.19085372235421805,0.03642514333646095,0.19085372235421805
568,0,train,16,0.0407273128043919,0.20181009093797045,0.03653421322139852,0.19113925086543193
568,1,train,14,0.03234111363840514,0.1798363523829516,0.03653421322139852,0.19113925086543193
568,-1,train,30,0.03653421322139852,0.19113925086543193,0.03653421322139852,0.19113925086543193
569,0,train,16,0.042962398169275356,0.2072737276387805,0.03633323693661011,0.19061279321338875
569,1,train,14,0.029704075703944854,0.1723487038069763,0.03633323693661011,0.19061279321338875
569,-1,train,30,0.03633323693661011,0.19061279321338875,0.03633323693661011,0.19061279321338875
570,0,train,16,0.033762252389653975,0.1837450744636546,0.03693865992244582,0.19219432853871057
570,1,train,14,0.040115067455237664,0.20028746205201578,0.03693865992244582,0.19219432853871057
570,-1,train,30,0.03693865992244582,0.19219432853871057,0.03693865992244582,0.19219432853871057
571,0,train,16,0.05483700963924479,0.23417303354409702,0.035399725038621085,0.18814814651922854
571,1,train,14,0.01596244043799739,0.12634255196883348,0.035399725038621085,0.18814814651922854
571,-1,train,30,0.035399725038621085,0.18814814651922854,0.035399725038621085,0.18814814651922854
572,0,train,16,0.061179354279664123,0.24734460632822403,0.03489892411560919,0.18681253736194792
572,1,train,14,0.008618493951554255,0.09283584410966626,0.03489892411560919,0.18681253736194792
572,-1,train,30,0.03489892411560919,0.18681253736194792,0.03489892411560919,0.18681253736194792
573,0,train,16,0.019750901901218063,0.14053790200945104,0.03780341295589678,0.1944309979295914
573,1,train,14,0.05585592401057549,0.23633857918371154,0.03780341295589678,0.1944309979295914
573,-1,train,30,0.03780341295589678,0.1944309979295914,0.03780341295589678,0.1944309979295914
574,0,train,16,0.05453987134760776,0.2335377300300912,0.035274053273992925,0.18781387934333535
574,1,train,14,0.016008235200378095,0.12652365470684956,0.035274053273992925,0.18781387934333535
574,-1,train,30,0.035274053273992925,0.18781387934333535,0.035274053273992925,0.18781387934333535
575,0,train,16,0.022807987393827944,0.1510231352933316,0.037488316063500775,0.19361899716582764
575,1,train,14,0.052168644733173605,0.22840456373105508,0.037488316063500775,0.19361899716582764
575,-1,train,30,0.037488316063500775,0.19361899716582764,0.037488316063500775,0.19361899716582764
576,0,train,16,0.008723471741596376,0.09339952752341082,0.03846291050799917,0.19611963315282632
576,1,train,14,0.06820234927440197,0.2611557950235873,0.03846291050799917,0.19611963315282632
576,-1,train,30,0.03846291050799917,0.19611963315282632,0.03846291050799917,0.19611963315282632
577,0,train,16,0.043489244789159075,0.20854075090772806,0.035922019771909314,0.1895310522629717
577,1,train,14,0.02835479475465955,0.16838882015935486,0.035922019771909314,0.1895310522629717
577,-1,train,30,0.035922019771909314,0.1895310522629717,0.035922019771909314,0.1895310522629717
578,0,train,16,0.026374957303106378,0.16240368623620086,0.037092813635493965,0.19259494706635988
578,1,train,14,0.047810669967881546,0.21865651137773498,0.037092813635493965,0.19259494706635988
578,-1,train,30,0.037092813635493965,0.19259494706635988,0.037092813635493965,0.19259494706635988
579,0,train,16,0.029840843620958273,0.1727450248804818,0.036798034532446164,0.19182813801016305
579,1,train,14,0.04375522544393405,0.20917749746073083,0.036798034532446164,0.19182813801016305
579,-1,train,30,0.036798034532446164,0.19182813801016305,0.036798034532446164,0.19182813801016305
580,0,train,16,0.03979220846637672,0.19947984476226344,0.036042927270088454,0.18984974919680156
580,1,train,14,0.0322936460738002,0.17970432959113755,0.036042927270088454,0.18984974919680156
580,-1,train,30,0.036042927270088454,0.18984974919680156,0.036042927270088454,0.18984974919680156
581,0,train,16,0.057098539495277385,0.23895300687640947,0.03477213262353832,0.18647287369357057
581,1,train,14,0.012445725751799258,0.11156041301375348,0.03477213262353832,0.18647287369357057
581,-1,train,30,0.03477213262353832,0.18647287369357057,0.03477213262353832,0.18647287369357057
582,0,train,16,0.029310714861893006,0.1712037232711164,0.03669528335951598,0.19156012987966986
582,1,train,14,0.04407985185713895,0.20995202275076788,0.03669528335951598,0.19156012987966986
582,-1,train,30,0.03669528335951598,0.19156012987966986,0.03669528335951598,0.19156012987966986
583,0,train,16,0.029446711794665983,0.1716004422915803,0.036638170614217154,0.19141099919862797
583,1,train,14,0.04382962943376832,0.20935527085260672,0.036638170614217154,0.19141099919862797
583,-1,train,30,0.036638170614217154,0.19141099919862797,0.036638170614217154,0.19141099919862797
584,0,train,16,0.04627156696821055,0.21510826801452926,0.03539439515579338,0.18813398192722489
584,1,train,14,0.024517223343376218,0.1565797667113354,0.03539439515579338,0.18813398192722489
584,-1,train,30,0.03539439515579338,0.18813398192722489,0.03539439515579338,0.18813398192722489
585,0,train,16,0.01869444280876414,0.13672762269842967,0.03731276824040935,0.19316513205133412
585,1,train,14,0.05593109367205455,0.236497555319404,0.03731276824040935,0.19316513205133412
585,-1,train,30,0.03731276824040935,0.19316513205133412,0.03731276824040935,0.19316513205133412
586,0,train,16,0.05401909615110383,0.23242008551565382,0.03475587603730074,0.18642927891643185
586,1,train,14,0.015492655923497639,0.12446949796435125,0.03475587603730074,0.18642927891643185
586,-1,train,30,0.03475587603730074,0.18642927891643185,0.03475587603730074,0.18642927891643185
587,0,train,16,0.047500316154749735,0.21794567248456606,0.03516615469755276,0.18752641066674516
587,1,train,14,0.022831993240355786,0.1511025917724636,0.03516615469755276,0.18752641066674516
587,-1,train,30,0.03516615469755276,0.18752641066674516,0.03516615469755276,0.18752641066674516
588,0,train,16,0.04268203976533927,0.206596320793327,0.03545813052992436,0.18830329399647888
588,1,train,14,0.028234221294509445,0.16803041776568148,0.03545813052992436,0.18830329399647888
588,-1,train,30,0.03545813052992436,0.18830329399647888,0.03545813052992436,0.18830329399647888
589,0,train,16,0.05004995519126763,0.22371847306663709,0.03488902020260332,0.18678602785701964
589,1,train,14,0.019728085213939022,0.14045670227489687,0.03488902020260332,0.18678602785701964
589,-1,train,30,0.03488902020260332,0.18678602785701964,0.03488902020260332,0.18678602785701964
590,0,train,16,0.049020016135766835,0.2214046434376814,0.03491481969927954,0.18685507672867638
590,1,train,14,0.020809623262792232,0.1442554098215808,0.03491481969927954,0.18685507672867638
590,-1,train,30,0.03491481969927954,0.18685507672867638,0.03491481969927954,0.18685507672867638
591,0,train,16,0.02838760894790982,0.16848622776924474,0.03633714641403661,0.19062304796124893
591,1,train,14,0.0442866838801634,0.2104440160236527,0.03633714641403661,0.19062304796124893
591,-1,train,30,0.03633714641403661,0.19062304796124893,0.03633714641403661,0.19062304796124893
592,0,train,16,0.024815805705928607,0.1575303326535198,0.03654161652629441,0.1911586161445369
592,1,train,14,0.048267427346660216,0.2196984919080243,0.03654161652629441,0.1911586161445369
592,-1,train,30,0.03654161652629441,0.1911586161445369,0.03654161652629441,0.1911586161445369
593,0,train,16,0.028777661975528498,0.16963980068229417,0.036215495705073715,0.19030369335636582
593,1,train,14,0.043653329434618936,0.20893379198832088,0.036215495705073715,0.19030369335636582
593,-1,train,30,0.036215495705073715,0.19030369335636582,0.036215495705073715,0.19030369335636582
594,0,train,16,0.018763290575950057,0.13697916110105968,0.03688660034566325,0.19205884604897336
594,1,train,14,0.05500991011537644,0.23454191547648032,0.03688660034566325,0.19205884604897336
594,-1,train,30,0.03688660034566325,0.19205884604897336,0.03688660034566325,0.19205884604897336
595,0,train,16,0.025796466264051163,0.16061278362587195,0.036333810600522716,0.19061429799603888
595,1,train,14,0.046871154936994265,0.2164974709713586,0.036333810600522716,0.19061429799603888
595,-1,train,30,0.036333810600522716,0.19061429799603888,0.036333810600522716,0.19061429799603888
596,0,train,16,0.03604327738700656,0.18985067128405567,0.035553200445167105,0.1885555632835242
596,1,train,14,0.035063123503327645,0.18725149800022334,0.035553200445167105,0.1885555632835242
596,-1,train,30,0.035553200445167105,0.1885555632835242,0.035553200445167105,0.1885555632835242
597,0,train,16,0.042884865120822895,0.20708661260647174,0.035021418611242264,0.18714010423007213
597,1,train,14,0.027157972101661626,0.16479675998532747,0.035021418611242264,0.18714010423007213
597,-1,train,30,0.035021418611242264,0.18714010423007213,0.035021418611242264,0.18714010423007213
598,0,train,16,0.021325750349928757,0.14603338779172645,0.036508891812053246,0.19107300126405416
598,1,train,14,0.05169203327417773,0.2273588205330458,0.036508891812053246,0.19107300126405416
598,-1,train,30,0.036508891812053246,0.19107300126405416,0.036508891812053246,0.19107300126405416
599,0,train,16,0.04211398787488405,0.20521692882139148,0.03498325264206957,0.1870381047863498
599,1,train,14,0.02785251740925509,0.16689073494132348,0.03498325264206957,0.1870381047863498
599,-1,train,30,0.03498325264206957,0.1870381047863498,0.03498325264206957,0.1870381047863498
600,0,train,16,0.03922417060262352,0.19805092931522317,0.035136892473590864,0.18744837282193427
600,1,train,14,0.03104961434455821,0.17620900755795152,0.035136892473590864,0.18744837282193427
600,-1,train,30,0.035136892473590864,0.18744837282193427,0.035136892473590864,0.18744837282193427
601,0,train,16,0.02179241909102657,0.1476225561729188,0.036330341292666754,0.1906051974440014
601,1,train,14,0.05086826349430694,0.22553993769243383,0.036330341292666754,0.1906051974440014
601,-1,train,30,0.036330341292666754,0.1906051974440014,0.036330341292666754,0.1906051974440014
602,0,train,16,0.032341018488452285,0.17983608783681956,0.035529188429780416,0.1884918789491484
602,1,train,14,0.03871735837110855,0.19676726956256863,0.035529188429780416,0.1884918789491484
602,-1,train,30,0.035529188429780416,0.1884918789491484,0.035529188429780416,0.1884918789491484
603,0,train,16,0.028456113074006393,0.1686893982264635,0.03575710200395751,0.18909548382750316
603,1,train,14,0.043058090933908624,0.2075044359379062,0.03575710200395751,0.18909548382750316
603,-1,train,30,0.03575710200395751,0.18909548382750316,0.03575710200395751,0.18909548382750316
604,0,train,16,0.031302446081067484,0.17692497302830792,0.035506918253526296,0.18843279505841412
604,1,train,14,0.039711390425985114,0.19927716985642163,0.035506918253526296,0.18843279505841412
604,-1,train,30,0.035506918253526296,0.18843279505841412,0.035506918253526296,0.18843279505841412
605,0,train,16,0.0454380799989614,0.21316209794182783,0.034455306037684576,0.1856214051172024
605,1,train,14,0.023472532076407752,0.15320748048449773,0.034455306037684576,0.1856214051172024
605,-1,train,30,0.034455306037684576,0.1856214051172024,0.034455306037684576,0.1856214051172024
606,0,train,16,0.03566965818032206,0.18886412623979723,0.03509721388694044,0.18734250421871818
606,1,train,14,0.034524769593558824,0.18580842175089596,0.03509721388694044,0.18734250421871818
606,-1,train,30,0.03509721388694044,0.18734250421871818,0.03509721388694044,0.18734250421871818
607,0,train,16,0.014812918353909493,0.12170833313257352,0.03653976758338813,0.19115377993486848
607,1,train,14,0.058266616812866774,0.24138478993686982,0.03653976758338813,0.19115377993486848
607,-1,train,30,0.03653976758338813,0.19115377993486848,0.03653976758338813,0.19115377993486848
608,0,train,16,0.029471460861586325,0.17167253962584209,0.03544555110376943,0.18826988899919558
608,1,train,14,0.04141964134595253,0.20351815974490467,0.03544555110376943,0.18826988899919558
608,-1,train,30,0.03544555110376943,0.18826988899919558,0.03544555110376943,0.18826988899919558
609,0,train,16,0.038887148426665,0.19719824651011733,0.034723821952351304,0.18634329060191918
609,1,train,14,0.03056049547803761,0.17481560421780892,0.034723821952351304,0.18634329060191918
609,-1,train,30,0.034723821952351304,0.18634329060191918,0.034723821952351304,0.18634329060191918
610,0,train,16,0.014813146943843114,0.1217092722180324,0.03639130410928633,0.19076504949619658
610,1,train,14,0.05796946127472954,0.2407684806504571,0.03639130410928633,0.19076504949619658
610,-1,train,30,0.03639130410928633,0.19076504949619658,0.03639130410928633,0.19076504949619658
611,0,train,16,0.04769154622895883,0.21838394224154584,0.03400841108290683,0.18441369548628114
611,1,train,14,0.02032527593685483,0.14256674204334904,0.03400841108290683,0.18441369548628114
611,-1,train,30,0.03400841108290683,0.18441369548628114,0.03400841108290683,0.18441369548628114
612,0,train,16,0.01796117351080251,0.13401930275450066,0.036068575393479116,0.18991728566267768
612,1,train,14,0.054175977276155717,0.23275733560117007,0.036068575393479116,0.18991728566267768
612,-1,train,30,0.036068575393479116,0.18991728566267768,0.036068575393479116,0.18991728566267768
613,0,train,16,0.02830974623672407,0.16825500360085602,0.03528078094697322,0.18783178896814356
613,1,train,14,0.04225181565722237,0.20555246448832076,0.03528078094697322,0.18783178896814356
613,-1,train,30,0.03528078094697322,0.18783178896814356,0.03528078094697322,0.18783178896814356
614,0,train,16,0.01193212091250599,0.10923424789188595,0.03640410372505995,0.19079859466217236
614,1,train,14,0.06087608653761391,0.24673079770797546,0.03640410372505995,0.19079859466217236
614,-1,train,30,0.03640410372505995,0.19079859466217236,0.03640410372505995,0.19079859466217236
615,0,train,16,0.02865133939743657,0.16926706530638666,0.035160920117266556,0.1875124532324895
615,1,train,14,0.04167050083709654,0.2041335367770238,0.035160920117266556,0.1875124532324895
615,-1,train,30,0.035160920117266556,0.1875124532324895,0.035160920117266556,0.1875124532324895
616,0,train,16,0.028207482686760432,0.16795083413535175,0.03514120411429203,0.18745987334438277
616,1,train,14,0.042074925541823634,0.20512173347020943,0.03514120411429203,0.18745987334438277
616,-1,train,30,0.03514120411429203,0.18745987334438277,0.03514120411429203,0.18745987334438277
617,0,train,16,0.05507763412683784,0.23468624613904804,0.03319121013102033,0.18218454964958014
617,1,train,14,0.01130478613520283,0.10632396783041362,0.03319121013102033,0.18218454964958014
617,-1,train,30,0.03319121013102033,0.18218454964958014,0.03319121013102033,0.18218454964958014
618,0,train,16,0.041229524536983336,0.2030505467537168,0.03411380873008627,0.18469923857473336
618,1,train,14,0.02699809292318921,0.16431096409914103,0.03411380873008627,0.18469923857473336
618,-1,train,30,0.03411380873008627,0.18469923857473336,0.03411380873008627,0.18469923857473336
619,0,train,16,0.028978356375484793,0.1702303039281925,0.03494027353098593,0.18692317547855303
619,1,train,14,0.04090219068648707,0.20224290021280616,0.03494027353098593,0.18692317547855303
619,-1,train,30,0.03494027353098593,0.18692317547855303,0.03494027353098593,0.18692317547855303
620,0,train,16,0.02167701999512826,0.14723117874665087,0.035410356064676865,0.18817639614116555
620,1,train,14,0.04914369213422547,0.22168376605927972,0.035410356064676865,0.18817639614116555
620,-1,train,30,0.035410356064676865,0.18817639614116555,0.035410356064676865,0.18817639614116555
621,0,train,16,0.040310246275484185,0.2007741175437815,0.03403817654570466,0.18449438079709815
621,1,train,14,0.027766106815925132,0.16663165010262945,0.03403817654570466,0.18449438079709815
621,-1,train,30,0.03403817654570466,0.18449438079709815,0.03403817654570466,0.18449438079709815
622,0,train,16,0.03470217481997543,0.18628519753317876,0.034384894589654706,0.18543164398142703
622,1,train,14,0.03406761435933398,0.18457414325775423,0.034384894589654706,0.18543164398142703
622,-1,train,30,0.034384894589654706,0.18543164398142703,0.034384894589654706,0.18543164398142703
623,0,train,16,0.02875295477883405,0.1695669625216954,0.03475980197103822,0.18643980790335046
623,1,train,14,0.040766649163242394,0.20190752626695815,0.03475980197103822,0.18643980790335046
623,-1,train,30,0.03475980197103822,0.18643980790335046,0.03475980197103822,0.18643980790335046
624,0,train,16,0.02444900327151225,0.1563617704923817,0.0350179278389832,0.18713077736968656
624,1,train,14,0.04558685240645415,0.21351077819738784,0.0350179278389832,0.18713077736968656
624,-1,train,30,0.0350179278389832,0.18713077736968656,0.0350179278389832,0.18713077736968656
625,0,train,16,0.05415310785535651,0.2327082032403596,0.03285700688476169,0.18126501837023515
625,1,train,14,0.011560905914166864,0.10752165323397359,0.03285700688476169,0.18126501837023515
625,-1,train,30,0.03285700688476169,0.18126501837023515,0.03285700688476169,0.18126501837023515
626,0,train,16,0.05462683956766942,0.23372385322784112,0.032771458512001035,0.18102888861173796
626,1,train,14,0.010916077456332643,0.10448003376881462,0.032771458512001035,0.18102888861173796
626,-1,train,30,0.032771458512001035,0.18102888861173796,0.032771458512001035,0.18102888861173796
627,0,train,16,0.03397149694340006,0.1843135831766071,0.034187740759680466,0.18489927192847588
627,1,train,14,0.03440398457596087,0.18548311129577502,0.034187740759680466,0.18489927192847588
627,-1,train,30,0.034187740759680466,0.18489927192847588,0.034187740759680466,0.18489927192847588
628,0,train,16,0.03776052886188414,0.19432068562529348,0.033870557339085595,0.18403955373529243
628,1,train,14,0.029980585816287052,0.17314902776593075,0.033870557339085595,0.18403955373529243
628,-1,train,30,0.033870557339085595,0.18403955373529243,0.033870557339085595,0.18403955373529243
629,0,train,16,0.010846877754235373,0.10414834494237234,0.035743418295690645,0.1890592983581888
629,1,train,14,0.060639958837145916,0.2462518199671749,0.035743418295690645,0.1890592983581888
629,-1,train,30,0.035743418295690645,0.1890592983581888,0.035743418295690645,0.1890592983581888
630,0,train,16,0.03775957187427329,0.19431822321715814,0.03377268068361137,0.18377344934350928
630,1,train,14,0.02978578949294945,0.17258560047973137,0.03377268068361137,0.18377344934350928
630,-1,train,30,0.03377268068361137,0.18377344934350928,0.03377268068361137,0.18377344934350928
631,0,train,16,0.01727473320101854,0.13143337932587193,0.03518205854837122,0.18756881016941815
631,1,train,14,0.053089383895723895,0.23041133630037366,0.03518205854837122,0.18756881016941815
631,-1,train,30,0.03518205854837122,0.18756881016941815,0.03518205854837122,0.18756881016941815
632,0,train,16,0.04077699028418285,0.20193313320052966,0.03346027577419329,0.18292150167269372
632,1,train,14,0.026143561264203734,0.16168970673547445,0.03346027577419329,0.18292150167269372
632,-1,train,30,0.03346027577419329,0.18292150167269372,0.03346027577419329,0.18292150167269372
633,0,train,16,0.04048207336871218,0.20120157397175645,0.03343115301414913,0.18284187981463418
633,1,train,14,0.026380232659586084,0.1624199269165766,0.03343115301414913,0.18284187981463418
633,-1,train,30,0.03343115301414913,0.18284187981463418,0.03343115301414913,0.18284187981463418
634,0,train,16,0.05006471617390845,0.22375146071904972,0.03270169748983791,0.18083610670946748
634,1,train,14,0.015338678805767362,0.1238494198846622,0.03270169748983791,0.18083610670946748
634,-1,train,30,0.03270169748983791,0.18083610670946748,0.03270169748983791,0.18083610670946748
635,0,train,16,0.033843220925515775,0.18396527097665955,0.033802588369145015,0.18385480240979568
635,1,train,14,0.033761955812774254,0.18374426742833164,0.033802588369145015,0.18385480240979568
635,-1,train,30,0.033802588369145015,0.18385480240979568,0.033802588369145015,0.18385480240979568
636,0,train,16,0.03997729734102714,0.19994323529698907,0.03331466880929241,0.1825230637735747
636,1,train,14,0.02665204027755768,0.16325452605535223,0.03331466880929241,0.1825230637735747
636,-1,train,30,0.03331466880929241,0.1825230637735747,0.03331466880929241,0.1825230637735747
637,0,train,16,0.021066392361924504,0.14514266210154925,0.034615113876732016,0.18605137429412344
637,1,train,14,0.04816383539153953,0.21946260590711014,0.034615113876732016,0.18605137429412344
637,-1,train,30,0.034615113876732016,0.18605137429412344,0.034615113876732016,0.18605137429412344
638,0,train,16,0.029858458993395332,0.17279600398561112,0.033937015982476525,0.18422002057994816
638,1,train,14,0.038015572971557714,0.19497582663386176,0.033937015982476525,0.18422002057994816
638,-1,train,30,0.033937015982476525,0.18422002057994816,0.033937015982476525,0.18422002057994816
639,0,train,16,0.03657189160489512,0.1912377881196473,0.03341162409232243,0.18278846816011787
639,1,train,14,0.030251356579749738,0.1739291711581175,0.03341162409232243,0.18278846816011787
639,-1,train,30,0.03341162409232243,0.18278846816011787,0.03341162409232243,0.18278846816011787
640,0,train,16,0.024303429496232765,0.15589557240740598,0.034241599674354625,0.18504485854612288
640,1,train,14,0.044179769852476486,0.21018984241032315,0.034241599674354625,0.18504485854612288
640,-1,train,30,0.034241599674354625,0.18504485854612288,0.034241599674354625,0.18504485854612288
641,0,train,16,0.03353505786669575,0.1831257979278063,0.03352708483792387,0.1831040273667509
641,1,train,14,0.03351911180915199,0.1830822542169284,0.03352708483792387,0.1831040273667509
641,-1,train,30,0.03352708483792387,0.1831040273667509,0.03352708483792387,0.1831040273667509
642,0,train,16,0.02673151743098451,0.16349775971243308,0.03395925957262826,0.18428038303798985
642,1,train,14,0.04118700171427202,0.20294580979727572,0.03395925957262826,0.18428038303798985
642,-1,train,30,0.03395925957262826,0.18428038303798985,0.03395925957262826,0.18428038303798985
643,0,train,16,0.042981450397311195,0.20731968164482406,0.03276016909592771,0.1809977046703292
643,1,train,14,0.022538887794544223,0.15012957002051336,0.03276016909592771,0.1809977046703292
643,-1,train,30,0.03276016909592771,0.1809977046703292,0.03276016909592771,0.1809977046703292
644,0,train,16,0.03655954432983361,0.19120550287539742,0.03316117840855038,0.18210210984101854
644,1,train,14,0.02976281248726715,0.1725190206535707,0.03316117840855038,0.18210210984101854
644,-1,train,30,0.03316117840855038,0.18210210984101854,0.03316117840855038,0.18210210984101854
645,0,train,16,0.007930957146973993,0.08905592145935043,0.03517038586276788,0.18753769184558042
645,1,train,14,0.06240981457856177,0.24981956404285427,0.03517038586276788,0.18753769184558042
645,-1,train,30,0.03517038586276788,0.18753769184558042,0.03517038586276788,0.18753769184558042
646,0,train,16,0.052722104976555335,0.22961294601253504,0.03192227745379688,0.17866806500826296
646,1,train,14,0.011122449931038426,0.1054630263696165,0.03192227745379688,0.17866806500826296
646,-1,train,30,0.03192227745379688,0.17866806500826296,0.03192227745379688,0.17866806500826296
647,0,train,16,0.010837770456067,0.10410461303932214,0.03484534929600429,0.18666909036046725
647,1,train,14,0.05885292813594158,0.24259622448822568,0.03484534929600429,0.18666909036046725
647,-1,train,30,0.03484534929600429,0.18666909036046725,0.03484534929600429,0.18666909036046725
648,0,train,16,0.04986726133347944,0.2233097878138785,0.032019108271504323,0.17893883947177125
648,1,train,14,0.014170955209529204,0.11904182126265207,0.032019108271504323,0.17893883947177125
648,-1,train,30,0.032019108271504323,0.17893883947177125,0.032019108271504323,0.17893883947177125
649,0,train,16,0.03344713048394943,0.18288556663648836,0.03313164083952703,0.18202099010698472
649,1,train,14,0.03281615119510463,0.18115228730298888,0.03313164083952703,0.18202099010698472
649,-1,train,30,0.03313164083952703,0.18202099010698472,0.03313164083952703,0.18202099010698472
650,0,train,16,0.01984172616080265,0.14086066221909738,0.03405410229782124,0.1845375362841426
650,1,train,14,0.04826647843483983,0.2196963323199544,0.03405410229782124,0.1845375362841426
650,-1,train,30,0.03405410229782124,0.1845375362841426,0.03405410229782124,0.1845375362841426
651,0,train,16,0.03294290301131775,0.18150179892033508,0.033066451892744125,0.18184183207596685
651,1,train,14,0.0331900007741705,0.18218123057595836,0.033066451892744125,0.18184183207596685
651,-1,train,30,0.033066451892744125,0.18184183207596685,0.033066451892744125,0.18184183207596685
652,0,train,16,0.037014353966207676,0.19239114835721438,0.032728408919618326,0.1809099469891535
652,1,train,14,0.028442463873028973,0.16864893676815448,0.032728408919618326,0.1809099469891535
652,-1,train,30,0.032728408919618326,0.1809099469891535,0.032728408919618326,0.1809099469891535
653,0,train,16,0.03923896782553709,0.19808828290824546,0.032519418349028835,0.1803314125409903
653,1,train,14,0.025799868872520584,0.16062337585955722,0.032519418349028835,0.1803314125409903
653,-1,train,30,0.032519418349028835,0.1803314125409903,0.032519418349028835,0.1803314125409903
654,0,train,16,0.013385275848607043,0.11569475290006476,0.03431657183122217,0.18524732611085692
654,1,train,14,0.0552478678138373,0.23504864988728888,0.03431657183122217,0.18524732611085692
654,-1,train,30,0.03431657183122217,0.18524732611085692,0.03431657183122217,0.18524732611085692
655,0,train,16,0.02698992080417389,0.1642860943725119,0.03329142149658518,0.18245936944039123
655,1,train,14,0.03959292218899646,0.19897970295735307,0.03329142149658518,0.18245936944039123
655,-1,train,30,0.03329142149658518,0.18245936944039123,0.03329142149658518,0.18245936944039123
656,0,train,16,0.046073304188377594,0.2146469291380093,0.03188550632112873,0.1785651318738592
656,1,train,14,0.017697708453879864,0.13303273452004158,0.03188550632112873,0.1785651318738592
656,-1,train,30,0.03188550632112873,0.1785651318738592,0.03188550632112873,0.1785651318738592
657,0,train,16,0.02881975760563327,0.16976382890837868,0.03305716309320364,0.18181628940555256
657,1,train,14,0.037294568580774005,0.19311801723499028,0.03305716309320364,0.18181628940555256
657,-1,train,30,0.03305716309320364,0.18181628940555256,0.03305716309320364,0.18181628940555256
658,0,train,16,0.0351742344135317,0.18754795230428858,0.03255826238644144,0.18043908220350002
658,1,train,14,0.02994229035935118,0.17303840717988356,0.03255826238644144,0.18043908220350002
658,-1,train,30,0.03255826238644144,0.18043908220350002,0.03255826238644144,0.18043908220350002
659,0,train,16,0.02964540833593536,0.17217842006458114,0.032900503474761596,0.18138495933996732
659,1,train,14,0.03615559861358783,0.19014625584951136,0.032900503474761596,0.18138495933996732
659,-1,train,30,0.032900503474761596,0.18138495933996732,0.032900503474761596,0.18138495933996732
660,0,train,16,0.03239199964629267,0.1799777754232246,0.03265361924715564,0.18070312461923738
660,1,train,14,0.0329152388480186,0.18142557385335342,0.03265361924715564,0.18070312461923738
660,-1,train,30,0.03265361924715564,0.18070312461923738,0.03265361924715564,0.18070312461923738
661,0,train,16,0.020486934790858027,0.14313257767139537,0.03345195277722251,0.18289875007014814
661,1,train,14,0.046416970763586994,0.21544598108014684,0.03345195277722251,0.18289875007014814
661,-1,train,30,0.03345195277722251,0.18289875007014814,0.03345195277722251,0.18289875007014814
662,0,train,16,0.02596569869040609,0.1611387560160686,0.03301105663413747,0.18168945108106158
662,1,train,14,0.04005641457786885,0.20014098675151187,0.03301105663413747,0.18168945108106158
662,-1,train,30,0.03301105663413747,0.18168945108106158,0.03301105663413747,0.18168945108106158
663,0,train,16,0.026321824793201703,0.16224002216839623,0.03293483924524585,0.18147958354935095
663,1,train,14,0.03954785369729,0.19886642174406918,0.03293483924524585,0.18147958354935095
663,-1,train,30,0.03293483924524585,0.18147958354935095,0.03293483924524585,0.18147958354935095
664,0,train,16,0.035959741128620375,0.18963053849161632,0.03219817813017883,0.1794385079356681
664,1,train,14,0.02843661513173728,0.1686315958880105,0.03219817813017883,0.1794385079356681
664,-1,train,30,0.03219817813017883,0.1794385079356681,0.03219817813017883,0.1794385079356681
665,0,train,16,0.02317211344205164,0.1522238924809494,0.033058529891358185,0.18182004810074764
665,1,train,14,0.04294494634066474,0.207231624856499,0.033058529891358185,0.18182004810074764
665,-1,train,30,0.033058529891358185,0.18182004810074764,0.033058529891358185,0.18182004810074764
666,0,train,16,0.04140433421054546,0.20348054995636672,0.031713251139022444,0.178082147165353
666,1,train,14,0.022022168067499424,0.14839867946683158,0.031713251139022444,0.178082147165353
666,-1,train,30,0.031713251139022444,0.178082147165353,0.031713251139022444,0.178082147165353
667,0,train,16,0.029013971476726217,0.17033488038780026,0.03253986496727492,0.18038809541451153
667,1,train,14,0.03606575845782363,0.18990986930073864,0.03253986496727492,0.18038809541451153
667,-1,train,30,0.03253986496727492,0.18038809541451153,0.03253986496727492,0.18038809541451153
668,0,train,16,0.04165340664642501,0.2040916623638139,0.031587107127285616,0.17772762060885644
668,1,train,14,0.021520807608146227,0.1466997191822337,0.031587107127285616,0.17772762060885644
668,-1,train,30,0.031587107127285616,0.17772762060885644,0.031587107127285616,0.17772762060885644
669,0,train,16,0.042136605736554006,0.205272028626781,0.03150637501587733,0.1775003521570516
669,1,train,14,0.020876144295200662,0.14448579271056605,0.03150637501587733,0.1775003521570516
669,-1,train,30,0.03150637501587733,0.1775003521570516,0.03150637501587733,0.1775003521570516
670,0,train,16,0.02871133609757572,0.16944419759193796,0.03240696151516473,0.18001933650351212
670,1,train,14,0.03610258693275374,0.19000680759581678,0.03240696151516473,0.18001933650351212
670,-1,train,30,0.03240696151516473,0.18001933650351212,0.03240696151516473,0.18001933650351212
671,0,train,16,0.032531695764090394,0.1803654505832267,0.03208669953250017,0.17912760684076637
671,1,train,14,0.03164170330090995,0.1778811493692065,0.03208669953250017,0.17912760684076637
671,-1,train,30,0.03208669953250017,0.17912760684076637,0.03208669953250017,0.17912760684076637
672,0,train,16,0.04131858914805764,0.2032697447926219,0.03140946563082159,0.17722715827666363
672,1,train,14,0.02150034211358553,0.14662994957915496,0.03140946563082159,0.17722715827666363
672,-1,train,30,0.03140946563082159,0.17722715827666363,0.03140946563082159,0.17722715827666363
673,0,train,16,0.03831639715756082,0.1957457462055327,0.03157184620711565,0.1776846819709444
673,1,train,14,0.024827295256670483,0.15756679617441766,0.03157184620711565,0.1776846819709444
673,-1,train,30,0.03157184620711565,0.1776846819709444,0.03157184620711565,0.1776846819709444
674,0,train,16,0.03171299634537181,0.17808143178156394,0.031990636838224534,0.1788592654525466
674,1,train,14,0.03226827733107727,0.17963373105037167,0.031990636838224534,0.1788592654525466
674,-1,train,30,0.031990636838224534,0.1788592654525466,0.031990636838224534,0.1788592654525466
675,0,train,16,0.032197052770104664,0.17943537212630253,0.03190650903163718,0.17862393185583275
675,1,train,14,0.03161596529316969,0.17780878857123372,0.03190650903163718,0.17862393185583275
675,-1,train,30,0.03190650903163718,0.17862393185583275,0.03190650903163718,0.17862393185583275
676,0,train,16,0.03187802205865987,0.17854417397008468,0.03187833682257006,0.1785450554413929
676,1,train,14,0.031878651586480254,0.17854593690834933,0.03187833682257006,0.1785450554413929
676,-1,train,30,0.03187833682257006,0.1785450554413929,0.03187833682257006,0.1785450554413929
677,0,train,16,0.02844567743212946,0.16865846386152536,0.03207133294886112,0.17908470886388128
677,1,train,14,0.035696988465592785,0.18893646674369877,0.03207133294886112,0.17908470886388128
677,-1,train,30,0.03207133294886112,0.17908470886388128,0.03207133294886112,0.17908470886388128
678,0,train,16,0.027809675941919656,0.16676233370254703,0.03206645631320131,0.17907109290223622
678,1,train,14,0.036323236684482965,0.1905865595588602,0.03206645631320131,0.17907109290223622
678,-1,train,30,0.03206645631320131,0.17907109290223622,0.03206645631320131,0.17907109290223622
679,0,train,16,0.031804952112328394,0.1783394294942327,0.031729146899893854,0.17812677199088814
679,1,train,14,0.03165334168745932,0.17791386030171827,0.031729146899893854,0.17812677199088814
679,-1,train,30,0.031729146899893854,0.17812677199088814,0.031729146899893854,0.17812677199088814
680,0,train,16,0.034966165324906213,0.18699242050122303,0.03145602060525234,0.17735845230846017
680,1,train,14,0.02794587588559847,0.16717020035161312,0.03145602060525234,0.17735845230846017
680,-1,train,30,0.03145602060525234,0.17735845230846017,0.03145602060525234,0.17735845230846017
681,0,train,16,0.04059937838112743,0.201492874268862,0.03100563920947809,0.17608418216716143
681,1,train,14,0.021411900037828748,0.14632805622240988,0.03100563920947809,0.17608418216716143
681,-1,train,30,0.03100563920947809,0.17608418216716143,0.03100563920947809,0.17608418216716143
682,0,train,16,0.019099615730308616,0.13820135936490863,0.032482406335971103,0.18022876112311015
682,1,train,14,0.04586519694163359,0.21416161407132134,0.032482406335971103,0.18022876112311015
682,-1,train,30,0.032482406335971103,0.18022876112311015,0.032482406335971103,0.18022876112311015
683,0,train,16,0.04050002040647599,0.2012461686752719,0.030907184480441174,0.17580439266537448
683,1,train,14,0.021314348554406358,0.14599434425485927,0.030907184480441174,0.17580439266537448
683,-1,train,30,0.030907184480441174,0.17580439266537448,0.030907184480441174,0.17580439266537448
684,0,train,16,0.015413915845352169,0.12415279233811928,0.03264091297009801,0.18066796331972643
684,1,train,14,0.049867910094843856,0.22331124041311456,0.03264091297009801,0.18066796331972643
684,-1,train,30,0.03264091297009801,0.18066796331972643,0.03264091297009801,0.18066796331972643
685,0,train,16,0.0471419512260715,0.21712197315350537,0.03033721249871037,0.17417580916622827
685,1,train,14,0.013532473771349238,0.11632916131112284,0.03033721249871037,0.17417580916622827
685,-1,train,30,0.03033721249871037,0.17417580916622827,0.03033721249871037,0.17417580916622827
686,0,train,16,0.0348330516777646,0.18663614783252627,0.031154414366103816,0.17650613124224274
686,1,train,14,0.027475777054443033,0.1657581884989186,0.031154414366103816,0.17650613124224274
686,-1,train,30,0.031154414366103816,0.17650613124224274,0.031154414366103816,0.17650613124224274
687,0,train,16,0.04374334551957492,0.20914909877782148,0.030475001741052027,0.1745709074876224
687,1,train,14,0.01720665796252913,0.13117415127428547,0.030475001741052027,0.1745709074876224
687,-1,train,30,0.030475001741052027,0.1745709074876224,0.030475001741052027,0.1745709074876224
688,0,train,16,0.021929835319041514,0.14808725576173498,0.03197138169836714,0.17880542972283348
688,1,train,14,0.04201292807769277,0.2049705541722829,0.03197138169836714,0.17880542972283348
688,-1,train,30,0.03197138169836714,0.17880542972283348,0.03197138169836714,0.17880542972283348
689,0,train,16,0.031660705466914324,0.1779345538868556,0.03122677379261482,0.17671098945061345
689,1,train,14,0.030792842118315313,0.1754788936548077,0.03122677379261482,0.17671098945061345
689,-1,train,30,0.03122677379261482,0.17671098945061345,0.03122677379261482,0.17671098945061345
690,0,train,16,0.04373509819179333,0.20912938146466492,0.03032040882813907,0.17412756481424493
690,1,train,14,0.01690571946448481,0.13002199607945114,0.03032040882813907,0.17412756481424493
690,-1,train,30,0.03032040882813907,0.17412756481424493,0.03032040882813907,0.17412756481424493
691,0,train,16,0.028512754505771735,0.16885720152179395,0.03134859948431091,0.1770553571183626
691,1,train,14,0.034184444462850086,0.18489035794992145,0.03134859948431091,0.1770553571183626
691,-1,train,30,0.03134859948431091,0.1770553571183626,0.03134859948431091,0.1770553571183626
692,0,train,16,0.027402614723126148,0.16553735144409598,0.03137564445934396,0.1771317150014191
692,1,train,14,0.03534867419556177,0.18801243096019415,0.03137564445934396,0.1771317150014191
692,-1,train,30,0.03137564445934396,0.1771317150014191,0.03137564445934396,0.1771317150014191
693,0,train,16,0.03130383932210415,0.17692891036262035,0.031045196138170632,0.17619647027727495
693,1,train,14,0.030786552954237118,0.175460972738205,0.031045196138170632,0.17619647027727495
693,-1,train,30,0.031045196138170632,0.17619647027727495,0.031045196138170632,0.17619647027727495
694,0,train,16,0.028215134514191092,0.16797361255325519,0.031214114963837178,0.17667516793210408
694,1,train,14,0.03421309541348326,0.1849678226435162,0.031214114963837178,0.17667516793210408
694,-1,train,30,0.031214114963837178,0.17667516793210408,0.031214114963837178,0.17667516793210408
695,0,train,16,0.033457547660092464,0.18291404445829867,0.030790592481236202,0.17547248354438996
695,1,train,14,0.02812363730237994,0.16770103548392282,0.030790592481236202,0.17547248354438996
695,-1,train,30,0.030790592481236202,0.17547248354438996,0.030790592481236202,0.17547248354438996
696,0,train,16,0.03988136789221156,0.19970319950419313,0.03028397810127053,0.17402292406826902
696,1,train,14,0.0206865883103295,0.14382832930382491,0.03028397810127053,0.17402292406826902
696,-1,train,30,0.03028397810127053,0.17402292406826902,0.03028397810127053,0.17402292406826902
697,0,train,16,0.012151754182549337,0.11023499527168919,0.0322047005260771,0.1794566814751602
697,1,train,14,0.052257646869604865,0.22859931511184556,0.0322047005260771,0.1794566814751602
697,-1,train,30,0.0322047005260771,0.1794566814751602,0.0322047005260771,0.1794566814751602
698,0,train,16,0.046375612414347046,0.21534997658311236,0.029722598137439302,0.1724024307759009
698,1,train,14,0.013069583860531557,0.11432228068286407,0.029722598137439302,0.1724024307759009
698,-1,train,30,0.029722598137439302,0.1724024307759009,0.029722598137439302,0.1724024307759009
699,0,train,16,0.031001219167165087,0.1760716307846471,0.030755979263296217,0.1753738271900805
699,1,train,14,0.030510739359427348,0.17467323595624873,0.030755979263296217,0.1753738271900805
699,-1,train,30,0.030755979263296217,0.1753738271900805,0.030755979263296217,0.1753738271900805
700,0,train,16,0.045400374735049424,0.21307363688417538,0.029688103801673502,0.1723023615673143
700,1,train,14,0.01397583286829758,0.11821942678044747,0.029688103801673502,0.1723023615673143
700,-1,train,30,0.029688103801673502,0.1723023615673143,0.029688103801673502,0.1723023615673143
701,0,train,16,0.03617544991927283,0.19019844878250936,0.030286658401969466,0.17403062489679644
701,1,train,14,0.0243978668846661,0.15619816543310008,0.030286658401969466,0.17403062489679644
701,-1,train,30,0.030286658401969466,0.17403062489679644,0.030286658401969466,0.17403062489679644
702,0,train,16,0.018379711918174377,0.13557179617521625,0.03150380690009574,0.17749311789502079
702,1,train,14,0.04462790188201712,0.2112531701111657,0.03150380690009574,0.17749311789502079
702,-1,train,30,0.03150380690009574,0.17749311789502079,0.03150380690009574,0.17749311789502079
703,0,train,16,0.015270234269847124,0.12357278935852797,0.031673698863076194,0.17797106186983375
703,1,train,14,0.04807716345630527,0.2192650529754007,0.031673698863076194,0.17797106186983375
703,-1,train,30,0.031673698863076194,0.17797106186983375,0.031673698863076194,0.17797106186983375
704,0,train,16,0.012197373748065224,0.11044172104809497,0.03184524946076814,0.17845237308808234
704,1,train,14,0.05149312517347106,0.22692096680005366,0.03184524946076814,0.17845237308808234
704,-1,train,30,0.03184524946076814,0.17845237308808234,0.03184524946076814,0.17845237308808234
705,0,train,16,0.027382875846511768,0.16547772009098918,0.030703269410179895,0.17522348418571038
705,1,train,14,0.03402366297384802,0.18445504323234976,0.030703269410179895,0.17522348418571038
705,-1,train,30,0.030703269410179895,0.17522348418571038,0.030703269410179895,0.17522348418571038
706,0,train,16,0.03325934888304883,0.18237145852092326,0.03023312739859592,0.173876759225021
706,1,train,14,0.027206905914143008,0.1649451603234936,0.03023312739859592,0.173876759225021
706,-1,train,30,0.03023312739859592,0.173876759225021,0.03023312739859592,0.173876759225021
707,0,train,16,0.03372864083393052,0.18365358922147565,0.03014976582498146,0.17363687921919543
707,1,train,14,0.026570890816032405,0.1630057999459909,0.03014976582498146,0.17363687921919543
707,-1,train,30,0.03014976582498146,0.17363687921919543,0.03014976582498146,0.17363687921919543
708,0,train,16,0.04237815401251834,0.20585954923811123,0.02948458956469601,0.1717107730012768
708,1,train,14,0.016591025116873676,0.12880615325703068,0.02948458956469601,0.1717107730012768
708,-1,train,30,0.02948458956469601,0.1717107730012768,0.02948458956469601,0.1717107730012768
709,0,train,16,0.03029284231034232,0.17404839071460076,0.030285021823486684,0.1740259228491166
709,1,train,14,0.030277201336631043,0.17400345208251197,0.030285021823486684,0.1740259228491166
709,-1,train,30,0.030285021823486684,0.1740259228491166,0.030285021823486684,0.1740259228491166
710,0,train,16,0.015147193964919417,0.12307393698472238,0.03131445855348237,0.17695891769979372
710,1,train,14,0.047481723142045316,0.2179030131550395,0.03131445855348237,0.17695891769979372
710,-1,train,30,0.03131445855348237,0.17695891769979372,0.03131445855348237,0.17695891769979372
711,0,train,16,0.04198694991152269,0.2049071738898438,0.029360622786384988,0.17134941723386451
711,1,train,14,0.016734295661247286,0.12936110567418355,0.029360622786384988,0.17134941723386451
711,-1,train,30,0.029360622786384988,0.17134941723386451,0.029360622786384988,0.17134941723386451
712,0,train,16,0.039204661182494,0.19800166964572294,0.029499098370229952,0.171753015607383
712,1,train,14,0.019793535557965904,0.1406895005249713,0.029499098370229952,0.171753015607383
712,-1,train,30,0.029499098370229952,0.171753015607383,0.029499098370229952,0.171753015607383
713,0,train,16,0.039421778607278746,0.1985491843530936,0.02942857442656964,0.17154758647841606
713,1,train,14,0.019435370245860534,0.13941079673346873,0.02942857442656964,0.17154758647841606
713,-1,train,30,0.02942857442656964,0.17154758647841606,0.02942857442656964,0.17154758647841606
714,0,train,16,0.03352694473184282,0.18310364478033422,0.029794915244500526,0.1726120367891548
714,1,train,14,0.026062885757158233,0.16144003765224485,0.029794915244500526,0.1726120367891548
714,-1,train,30,0.029794915244500526,0.1726120367891548,0.029794915244500526,0.1726120367891548
715,0,train,16,0.018580486365883126,0.1363102577427067,0.030809317973723646,0.17552583278174083
715,1,train,14,0.04303814958156417,0.20745637994904897,0.030809317973723646,0.17552583278174083
715,-1,train,30,0.030809317973723646,0.17552583278174083,0.030809317973723646,0.17552583278174083
716,0,train,16,0.03623838489031308,0.19036382243040056,0.029500477078726953,0.17175702919743038
716,1,train,14,0.02276256926714083,0.15087269225125144,0.029500477078726953,0.17175702919743038
716,-1,train,30,0.029500477078726953,0.17175702919743038,0.029500477078726953,0.17175702919743038
717,0,train,16,0.021015954797900357,0.14496880629259645,0.030531746896261147,0.17473335942590112
717,1,train,14,0.04004753899462194,0.20011881219571023,0.030531746896261147,0.17473335942590112
717,-1,train,30,0.030531746896261147,0.17473335942590112,0.030531746896261147,0.17473335942590112
718,0,train,16,0.04162923985524828,0.204032448045031,0.029013270526253944,0.17033282280950418
718,1,train,14,0.01639730119725961,0.12805194726070981,0.029013270526253944,0.17033282280950418
718,-1,train,30,0.029013270526253944,0.17033282280950418,0.029013270526253944,0.17033282280950418
719,0,train,16,0.02632741695227071,0.16225725546881012,0.03004843016134605,0.17334483021234307
719,1,train,14,0.03376944337042139,0.18376464124096722,0.03004843016134605,0.17334483021234307
719,-1,train,30,0.03004843016134605,0.17334483021234307,0.03004843016134605,0.17334483021234307
720,0,train,16,0.01530377712595,0.1237084359530505,0.030783443031338176,0.17545211036444724
720,1,train,14,0.04626310893672635,0.21508860717556927,0.030783443031338176,0.17545211036444724
720,-1,train,30,0.030783443031338176,0.17545211036444724,0.030783443031338176,0.17545211036444724
721,0,train,16,0.029911425699027838,0.17294919976405743,0.029690447542097577,0.1723091626759807
721,1,train,14,0.029469469385167316,0.17166673930953344,0.029690447542097577,0.1723091626759807
721,-1,train,30,0.029690447542097577,0.1723091626759807,0.029690447542097577,0.1723091626759807
722,0,train,16,0.04715487372318983,0.21715172972645147,0.028415402555564573,0.16856868794519514
722,1,train,14,0.00967593138793932,0.098366312261563,0.028415402555564573,0.16856868794519514
722,-1,train,30,0.028415402555564573,0.16856868794519514,0.028415402555564573,0.16856868794519514
723,0,train,16,0.02975927860600272,0.17250877834476344,0.029594271635941288,0.17202985681544145
723,1,train,14,0.029429264665879855,0.17154959826790575,0.029594271635941288,0.17202985681544145
723,-1,train,30,0.029594271635941288,0.17202985681544145,0.029594271635941288,0.17202985681544145
724,0,train,16,0.029317673905578278,0.17122404593274357,0.029573404880308116,0.1719691974753273
724,1,train,14,0.02982913585503795,0.17271113413743178,0.029573404880308116,0.1719691974753273
724,-1,train,30,0.029573404880308116,0.1719691974753273,0.029573404880308116,0.1719691974753273
725,0,train,16,0.02632172190011305,0.16223970506664837,0.029736128380592586,0.17244166660234
725,1,train,14,0.033150534861072126,0.18207288337660862,0.029736128380592586,0.17244166660234
725,-1,train,30,0.029736128380592586,0.17244166660234,0.029736128380592586,0.17244166660234
726,0,train,16,0.04145463222872979,0.20360410661067174,0.02860714193333871,0.1691364595033806
726,1,train,14,0.015759651637947632,0.12553745113689235,0.02860714193333871,0.1691364595033806
726,-1,train,30,0.02860714193333871,0.1691364595033806,0.02860714193333871,0.1691364595033806
727,0,train,16,0.0319139182419772,0.17864467034305054,0.029232669739186014,0.17097564077723473
727,1,train,14,0.026551421236394826,0.1629460684901444,0.029232669739186014,0.17097564077723473
727,-1,train,30,0.029232669739186014,0.17097564077723473,0.029232669739186014,0.17097564077723473
728,0,train,16,0.011631474140297677,0.10784931219204727,0.030629029900959573,0.17501151362398867
728,1,train,14,0.04962658566162147,0.22277025308963821,0.030629029900959573,0.17501151362398867
728,-1,train,30,0.030629029900959573,0.17501151362398867,0.030629029900959573,0.17501151362398867
729,0,train,16,0.006355347609233233,0.07972043407579535,0.030961000291044923,0.17595738203055
729,1,train,14,0.055566652972856616,0.23572580039710675,0.030961000291044923,0.17595738203055
729,-1,train,30,0.030961000291044923,0.17595738203055,0.030961000291044923,0.17595738203055
730,0,train,16,0.03427247259932298,0.18512825986143494,0.028919307369511902,0.17005677689969284
730,1,train,14,0.023566142139700826,0.15351267745597047,0.028919307369511902,0.17005677689969284
730,-1,train,30,0.028919307369511902,0.17005677689969284,0.028919307369511902,0.17005677689969284
731,0,train,16,0.020691568540968135,0.14384564136937947,0.029824396130386226,0.17269741205468664
731,1,train,14,0.03895722371980432,0.19737584381024015,0.029824396130386226,0.17269741205468664
731,-1,train,30,0.029824396130386226,0.17269741205468664,0.029824396130386226,0.17269741205468664
732,0,train,16,0.03187924105859235,0.17854758765828327,0.0289746924713876,0.17021954197855074
732,1,train,14,0.02607014388418285,0.16146251541513543,0.0289746924713876,0.17021954197855074
732,-1,train,30,0.0289746924713876,0.17021954197855074,0.0289746924713876,0.17021954197855074
733,0,train,16,0.026048920554090454,0.16139677987522072,0.029335591995667286,0.17127636146201636
733,1,train,14,0.032622263437244114,0.18061634321745115,0.029335591995667286,0.17127636146201636
733,-1,train,30,0.029335591995667286,0.17127636146201636,0.029335591995667286,0.17127636146201636
734,0,train,16,0.034986809509948084,0.18704761294907798,0.02864767175424534,0.16925623106475382
734,1,train,14,0.022308533998542594,0.14936041643803286,0.02864767175424534,0.16925623106475382
734,-1,train,30,0.02864767175424534,0.16925623106475382,0.02864767175424534,0.16925623106475382
735,0,train,16,0.014463935381256903,0.12026610237825495,0.030057319585565494,0.1733704691853993
735,1,train,14,0.045650703789874084,0.21366025318218193,0.030057319585565494,0.1733704691853993
735,-1,train,30,0.030057319585565494,0.1733704691853993,0.030057319585565494,0.1733704691853993
736,0,train,16,0.019982378209067026,0.14135904006842656,0.029610264743112458,0.17207633405879047
736,1,train,14,0.039238151277157886,0.19808622182564312,0.029610264743112458,0.17207633405879047
736,-1,train,30,0.029610264743112458,0.17207633405879047,0.029610264743112458,0.17207633405879047
737,0,train,16,0.034699913704798135,0.1862791284733696,0.028513408905479258,0.16885913924179308
737,1,train,14,0.022326904106160377,0.1494218996872961,0.028513408905479258,0.16885913924179308
737,-1,train,30,0.028513408905479258,0.16885913924179308,0.028513408905479258,0.16885913924179308
738,0,train,16,0.041065815313811475,0.20264702147776925,0.028004663067829984,0.16734593830693945
738,1,train,14,0.014943510821848492,0.12224365350335571,0.028004663067829984,0.16734593830693945
738,-1,train,30,0.028004663067829984,0.16734593830693945,0.028004663067829984,0.16734593830693945
739,0,train,16,0.04549990480162697,0.21330706692847043,0.02764875394235342,0.16627914464043114
739,1,train,14,0.00979760308307987,0.09898284236714901,0.02764875394235342,0.16627914464043114
739,-1,train,30,0.02764875394235342,0.16627914464043114,0.02764875394235342,0.16627914464043114
740,0,train,16,0.02289219336332736,0.15130166345195073,0.02919369368279894,0.1708616214449545
740,1,train,14,0.03549519400227052,0.1884016825887458,0.02919369368279894,0.1708616214449545
740,-1,train,30,0.02919369368279894,0.1708616214449545,0.02919369368279894,0.1708616214449545
741,0,train,16,0.02638295136175524,0.1624282960624633,0.028892378765375495,0.16997758312605665
741,1,train,14,0.03140180616899575,0.1772055477940681,0.028892378765375495,0.16997758312605665
741,-1,train,30,0.028892378765375495,0.16997758312605665,0.028892378765375495,0.16997758312605665
742,0,train,16,0.006317496299111244,0.07948267923963839,0.030285535339815227,0.17402739824468796
742,1,train,14,0.05425357438051921,0.23292396695170553,0.030285535339815227,0.17402739824468796
742,-1,train,30,0.030285535339815227,0.17402739824468796,0.030285535339815227,0.17402739824468796
743,0,train,16,0.0476283669225964,0.21823924239832854,0.02730589353604388,0.1652449501075415
743,1,train,14,0.006983420149491359,0.08356686035439742,0.02730589353604388,0.1652449501075415
743,-1,train,30,0.02730589353604388,0.1652449501075415,0.02730589353604388,0.1652449501075415
744,0,train,16,0.03449133862337204,0.18571843910439276,0.02816002242837875,0.16780948253414868
744,1,train,14,0.021828706233385457,0.1477454101939734,0.02816002242837875,0.16780948253414868
744,-1,train,30,0.02816002242837875,0.16780948253414868,0.02816002242837875,0.16780948253414868
745,0,train,16,0.033586383355294895,0.18326588159091395,0.028173643694501378,0.16785006313523204
745,1,train,14,0.02276090403370786,0.15086717347954742,0.028173643694501378,0.16785006313523204
745,-1,train,30,0.028173643694501378,0.16785006313523204,0.028173643694501378,0.16785006313523204
746,0,train,16,0.006206707875380625,0.07878266227654804,0.030083637523320307,0.1734463534448629
746,1,train,14,0.053960567171259986,0.23229413933902848,0.030083637523320307,0.1734463534448629
746,-1,train,30,0.030083637523320307,0.1734463534448629,0.030083637523320307,0.1734463534448629
747,0,train,16,0.03049527754121591,0.17462897108216582,0.02829121723499259,0.16819993232755057
747,1,train,14,0.026087156928769263,0.16151519101548703,0.02829121723499259,0.16819993232755057
747,-1,train,30,0.02829121723499259,0.16819993232755057,0.02829121723499259,0.16819993232755057
748,0,train,16,0.019531915425746015,0.13975662927298302,0.02901740717454858,0.17034496521631798
748,1,train,14,0.03850289892335114,0.19622155570515473,0.02901740717454858,0.17034496521631798
748,-1,train,30,0.02901740717454858,0.17034496521631798,0.02901740717454858,0.17034496521631798
749,0,train,16,0.02289921900377054,0.151324878998037,0.028725435863050215,0.16948579841110645
749,1,train,14,0.034551652722329886,0.18588074865980578,0.028725435863050215,0.16948579841110645
749,-1,train,30,0.028725435863050215,0.16948579841110645,0.028725435863050215,0.16948579841110645
750,0,train,16,0.03371883318477934,0.1836268857895797,0.027906975972472332,0.16705381160713553
750,1,train,14,0.02209511876016532,0.14864426918036672,0.027906975972472332,0.16705381160713553
750,-1,train,30,0.027906975972472332,0.16705381160713553,0.027906975972472332,0.16705381160713553
751,0,train,16,0.04515793780957331,0.21250397127953471,0.027044077132000126,0.16445083499940075
751,1,train,14,0.008930216454426935,0.09449982251002874,0.027044077132000126,0.16445083499940075
751,-1,train,30,0.027044077132000126,0.16445083499940075,0.027044077132000126,0.16445083499940075
752,0,train,16,0.037167052342485456,0.19278758347592165,0.02755285882828594,0.16599053836976957
752,1,train,14,0.017938665314086423,0.13393530271771675,0.02755285882828594,0.16599053836976957
752,-1,train,30,0.02755285882828594,0.16599053836976957,0.02755285882828594,0.16599053836976957
753,0,train,16,0.03025714390392817,0.17394580737668894,0.02799383811740558,0.16731359214781558
753,1,train,14,0.02573053233088299,0.16040739487593142,0.02799383811740558,0.16731359214781558
753,-1,train,30,0.02799383811740558,0.16731359214781558,0.02799383811740558,0.16731359214781558
754,0,train,16,0.022848638097369325,0.15115765973767034,0.028470339829087837,0.16873156144920795
754,1,train,14,0.03409204156080635,0.18464030318651004,0.028470339829087837,0.16873156144920795
754,-1,train,30,0.028470339829087837,0.16873156144920795,0.028470339829087837,0.16873156144920795
755,0,train,16,0.01759736363715854,0.13265505507578118,0.02879861608393338,0.169701550033974
755,1,train,14,0.03999986853070822,0.19999967132650048,0.02879861608393338,0.169701550033974
755,-1,train,30,0.02879861608393338,0.169701550033974,0.02879861608393338,0.169701550033974
756,0,train,16,0.038668249814815904,0.19664244154000912,0.027245256231832483,0.16506137110733232
756,1,train,14,0.01582226264884906,0.1257865757895057,0.027245256231832483,0.16506137110733232
756,-1,train,30,0.027245256231832483,0.16506137110733232,0.027245256231832483,0.16506137110733232
757,0,train,16,0.013539760838548298,0.11636047799209273,0.028978701258134253,0.17023131691358748
757,1,train,14,0.04441764167772021,0.21075493274825197,0.028978701258134253,0.17023131691358748
757,-1,train,30,0.028978701258134253,0.17023131691358748,0.028978701258134253,0.17023131691358748
758,0,train,16,0.028128988930998498,0.1677169905853265,0.02788760232207462,0.16699581528312205
758,1,train,14,0.027646215713150745,0.16627151203122784,0.02788760232207462,0.16699581528312205
758,-1,train,30,0.02788760232207462,0.16699581528312205,0.02788760232207462,0.16699581528312205
759,0,train,16,0.022039391509571533,0.14845669910641127,0.028269350053968134,0.16813491622494162
759,1,train,14,0.03449930859836473,0.18573989501010474,0.028269350053968134,0.16813491622494162
759,-1,train,30,0.028269350053968134,0.16813491622494162,0.028269350053968134,0.16813491622494162
760,0,train,16,0.04174974916610726,0.20432755361455113,0.026820479962047197,0.16376959413165557
760,1,train,14,0.01189121075798713,0.10904682828027201,0.026820479962047197,0.16376959413165557
760,-1,train,30,0.026820479962047197,0.16376959413165557,0.026820479962047197,0.16376959413165557
761,0,train,16,0.022226830526005575,0.14908665441952065,0.028151837525310322,0.1677850932750294
761,1,train,14,0.03407684452461507,0.18459914551431453,0.028151837525310322,0.1677850932750294
761,-1,train,30,0.028151837525310322,0.1677850932750294,0.028151837525310322,0.1677850932750294
762,0,train,16,0.03306738957238766,0.18184441034133456,0.027329723954346963,0.16531704072583372
762,1,train,14,0.02159205833630627,0.1469423639945481,0.027329723954346963,0.16531704072583372
762,-1,train,30,0.027329723954346963,0.16531704072583372,0.027329723954346963,0.16531704072583372
763,0,train,16,0.03361684817061684,0.1833489791916411,0.027239158587409003,0.1650428992335296
763,1,train,14,0.02086146900420117,0.14443499923564637,0.027239158587409003,0.1650428992335296
763,-1,train,30,0.027239158587409003,0.1650428992335296,0.027239158587409003,0.1650428992335296
764,0,train,16,0.03893070313884136,0.19730864942734103,0.026808896200283972,0.16373422427911635
764,1,train,14,0.014687089261726587,0.12119030184683338,0.026808896200283972,0.16373422427911635
764,-1,train,30,0.026808896200283972,0.16373422427911635,0.026808896200283972,0.16373422427911635
765,0,train,16,0.016543748223937393,0.12862250278989829,0.028349935359954538,0.16837439045161987
765,1,train,14,0.04015612249597168,0.20038992613395434,0.028349935359954538,0.16837439045161987
765,-1,train,30,0.028349935359954538,0.16837439045161987,0.028349935359954538,0.16837439045161987
766,0,train,16,0.027785273145124478,0.16668915125203704,0.027498181050176825,0.1658257550870094
766,1,train,14,0.027211088955229175,0.16495783993259966,0.027498181050176825,0.1658257550870094
766,-1,train,30,0.027498181050176825,0.1658257550870094,0.027498181050176825,0.1658257550870094
767,0,train,16,0.03298828251606152,0.1816267670693434,0.027078918191118018,0.16455673243935667
767,1,train,14,0.02116955386617451,0.14549760776787538,0.027078918191118018,0.16455673243935667
767,-1,train,30,0.027078918191118018,0.16455673243935667,0.027078918191118018,0.16455673243935667
768,0,train,16,0.025144197074256858,0.15856921855851108,0.02758284314505923,0.16608083316583896
768,1,train,14,0.030021489215861605,0.17326710367482226,0.02758284314505923,0.16608083316583896
768,-1,train,30,0.02758284314505923,0.16608083316583896,0.02758284314505923,0.16608083316583896
769,0,train,16,0.013279776830817658,0.11523791403360986,0.028379009063698536,0.16846070480589392
769,1,train,14,0.043478241296579415,0.20851436712269833,0.028379009063698536,0.16846070480589392
769,-1,train,30,0.028379009063698536,0.16846070480589392,0.028379009063698536,0.16846070480589392
770,0,train,16,0.008184393103084936,0.0904676356664909,0.028693752347900277,0.16939230309521233
770,1,train,14,0.04920311159271562,0.2218177440889606,0.028693752347900277,0.16939230309521233
770,-1,train,30,0.028693752347900277,0.16939230309521233,0.028693752347900277,0.16939230309521233
771,0,train,16,0.016517582599080535,0.12852074773778954,0.028047566280738838,0.16747407644390472
771,1,train,14,0.039577549962397145,0.19894107158250943,0.028047566280738838,0.16747407644390472
771,-1,train,30,0.028047566280738838,0.16747407644390472,0.028047566280738838,0.16747407644390472
772,0,train,16,0.038563237879567926,0.19637524762445985,0.026428708697600375,0.16256908899787922
772,1,train,14,0.014294179515632822,0.11955826828635827,0.026428708697600375,0.16256908899787922
772,-1,train,30,0.026428708697600375,0.16256908899787922,0.026428708697600375,0.16256908899787922
773,0,train,16,0.016714164789991475,0.12928327343470025,0.027927425762260497,0.16711500759136055
773,1,train,14,0.039140686734529515,0.19784005341317898,0.027927425762260497,0.16711500759136055
773,-1,train,30,0.027927425762260497,0.16711500759136055,0.027927425762260497,0.16711500759136055
774,0,train,16,0.014070006032371617,0.11861705624559908,0.02806447052328237,0.16752453707825124
774,1,train,14,0.042058935014193125,0.20508275162527229,0.02806447052328237,0.16752453707825124
774,-1,train,30,0.02806447052328237,0.16752453707825124,0.02806447052328237,0.16752453707825124
775,0,train,16,0.013933774056512449,0.1180414082282673,0.02802086545726564,0.16739434117456192
775,1,train,14,0.04210795685801883,0.20520223404733884,0.02802086545726564,0.16739434117456192
775,-1,train,30,0.02802086545726564,0.16739434117456192,0.02802086545726564,0.16739434117456192
776,0,train,16,0.023856695148799813,0.15445612693836336,0.027264488261173603,0.16511961803848021
776,1,train,14,0.030672281373547394,0.1751350375383161,0.027264488261173603,0.16511961803848021
776,-1,train,30,0.027264488261173603,0.16511961803848021,0.027264488261173603,0.16511961803848021
777,0,train,16,0.045115251073621916,0.2124035100313126,0.025728472660394335,0.16040097462420339
777,1,train,14,0.006341694247166753,0.07963475527159454,0.025728472660394335,0.16040097462420339
777,-1,train,30,0.025728472660394335,0.16040097462420339,0.025728472660394335,0.16040097462420339
778,0,train,16,0.027243169653168576,0.1650550503715914,0.02691698491665291,0.16406396592991684
778,1,train,14,0.026590800180137243,0.1630668580065773,0.02691698491665291,0.16406396592991684
778,-1,train,30,0.02691698491665291,0.16406396592991684,0.02691698491665291,0.16406396592991684
779,0,train,16,0.013570452004345474,0.11649228302486596,0.027845190016693517,0.1668687808330052
779,1,train,14,0.04211992802904156,0.20523140117691924,0.027845190016693517,0.1668687808330052
779,-1,train,30,0.027845190016693517,0.1668687808330052,0.027845190016693517,0.1668687808330052
780,0,train,16,0.019125840356911773,0.13829620514284466,0.027395356764998574,0.1655154275739835
780,1,train,14,0.03566487317308537,0.18885145795859076,0.027395356764998574,0.1655154275739835
780,-1,train,30,0.027395356764998574,0.1655154275739835,0.027395356764998574,0.1655154275739835
781,0,train,16,0.02075525688857237,0.14406684867995265,0.027227779292798918,0.1650084218844569
781,1,train,14,0.03370030169702546,0.18357641922922852,0.027227779292798918,0.1650084218844569
781,-1,train,30,0.027227779292798918,0.1650084218844569,0.027227779292798918,0.1650084218844569
782,0,train,16,0.03542753176646805,0.18822202784602032,0.02613220873953405,0.16165459702567708
782,1,train,14,0.01683688571260005,0.12975702567722508,0.02613220873953405,0.16165459702567708
782,-1,train,30,0.02613220873953405,0.16165459702567708,0.02613220873953405,0.16165459702567708
783,0,train,16,0.032116882339777525,0.17921183649462868,0.02631730021869345,0.16222607749277995
783,1,train,14,0.020517718097609376,0.14324007154986126,0.02631730021869345,0.16222607749277995
783,-1,train,30,0.02631730021869345,0.16222607749277995,0.02631730021869345,0.16222607749277995
784,0,train,16,0.015896659859868212,0.1260819569163971,0.02742084893187848,0.16559241809901346
784,1,train,14,0.038945038003888745,0.19734497207653592,0.02742084893187848,0.16559241809901346
784,-1,train,30,0.02742084893187848,0.16559241809901346,0.02742084893187848,0.16559241809901346
785,0,train,16,0.028618325892758322,0.16916951821400428,0.02646372740656146,0.16267675742576584
785,1,train,14,0.0243091289203646,0.1559138509573944,0.02646372740656146,0.16267675742576584
785,-1,train,30,0.02646372740656146,0.16267675742576584,0.02646372740656146,0.16267675742576584
786,0,train,16,0.02864018898144513,0.1692341247545693,0.02641017632640616,0.16251208055528105
786,1,train,14,0.02418016367136719,0.1554997224157239,0.02641017632640616,0.16251208055528105
786,-1,train,30,0.02641017632640616,0.16251208055528105,0.02641017632640616,0.16251208055528105
787,0,train,16,0.01833642638435724,0.13541206144342252,0.027093400278846096,0.16460072988552055
787,1,train,14,0.035850374173334955,0.18934195037902973,0.027093400278846096,0.16460072988552055
787,-1,train,30,0.027093400278846096,0.16460072988552055,0.027093400278846096,0.16460072988552055
788,0,train,16,0.0314678386480946,0.17739176600985346,0.026108876672838767,0.1615824144913015
788,1,train,14,0.020749914697582934,0.1440483068195629,0.026108876672838767,0.1615824144913015
788,-1,train,30,0.026108876672838767,0.1615824144913015,0.026108876672838767,0.1615824144913015
789,0,train,16,0.03138893847532077,0.17716923681982932,0.02606347773749112,0.16144187107900823
789,1,train,14,0.020738016999661466,0.14400700330074737,0.02606347773749112,0.16144187107900823
789,-1,train,30,0.02606347773749112,0.16144187107900823,0.02606347773749112,0.16144187107900823
790,0,train,16,0.03377469803696199,0.1837789379579771,0.02584246450928786,0.16075591593869215
790,1,train,14,0.017910230981613734,0.13382911111418822,0.02584246450928786,0.16075591593869215
790,-1,train,30,0.02584246450928786,0.16075591593869215,0.02584246450928786,0.16075591593869215
791,0,train,16,0.03940631436153553,0.1985102374224955,0.02539691350286534,0.15936409100818585
791,1,train,14,0.011387512644195154,0.10671228909640705,0.02539691350286534,0.15936409100818585
791,-1,train,30,0.02539691350286534,0.15936409100818585,0.02539691350286534,0.15936409100818585
792,0,train,16,0.029127914832590616,0.17066902130319556,0.02607074738468621,0.1614643842606976
792,1,train,14,0.023013579936781808,0.15170227400003536,0.02607074738468621,0.1614643842606976
792,-1,train,30,0.02607074738468621,0.1614643842606976,0.02607074738468621,0.1614643842606976
793,0,train,16,0.0367747074824118,0.19176732642035713,0.02547739592260986,0.15961640242346606
793,1,train,14,0.014180084362807916,0.11908015940032965,0.02547739592260986,0.15961640242346606
793,-1,train,30,0.02547739592260986,0.15961640242346606,0.02547739592260986,0.15961640242346606
794,0,train,16,0.01807483821015934,0.13444269489324936,0.026759613333014617,0.16358365851457968
794,1,train,14,0.03544438845586989,0.18826680125786885,0.026759613333014617,0.16358365851457968
794,-1,train,30,0.026759613333014617,0.16358365851457968,0.026759613333014617,0.16358365851457968
795,0,train,16,0.0315589272303231,0.17764832459193952,0.025749918247737084,0.1604678106279795
795,1,train,14,0.019940909265151064,0.14121228439888317,0.025749918247737084,0.1604678106279795
795,-1,train,30,0.025749918247737084,0.1604678106279795,0.025749918247737084,0.1604678106279795
796,0,train,16,0.023168318935989533,0.15221142840138363,0.026295979126457338,0.16216035004419957
796,1,train,14,0.029423639316925144,0.17153320179173812,0.026295979126457338,0.16216035004419957
796,-1,train,30,0.026295979126457338,0.16216035004419957,0.026295979126457338,0.16216035004419957
797,0,train,16,0.03777046852792074,0.19434625936179153,0.025207296474789923,0.15876805873597474
797,1,train,14,0.012644124421659101,0.11244609562656722,0.025207296474789923,0.15876805873597474
797,-1,train,30,0.025207296474789923,0.15876805873597474,0.025207296474789923,0.15876805873597474
798,0,train,16,0.02076911983900946,0.14411495355794784,0.02636669224561691,0.16237823821441377
798,1,train,14,0.03196426465222436,0.17878552696520028,0.02636669224561691,0.16237823821441377
798,-1,train,30,0.02636669224561691,0.16237823821441377,0.02636669224561691,0.16237823821441377
799,0,train,16,0.028202340275170098,0.1679355241608222,0.025791846101094723,0.1605984000577052
799,1,train,14,0.02338135192701935,0.15290962012580944,0.025791846101094723,0.1605984000577052
799,-1,train,30,0.025791846101094723,0.1605984000577052,0.025791846101094723,0.1605984000577052
800,0,train,16,0.02395830085117236,0.15478469191484137,0.02604016270913257,0.16136964618270863
800,1,train,14,0.028122024567092785,0.1676962270508576,0.02604016270913257,0.16136964618270863
800,-1,train,30,0.02604016270913257,0.16136964618270863,0.02604016270913257,0.16136964618270863
801,0,train,16,0.013014789827780477,0.11408238175888719,0.026775348030496342,0.16363174517952297
801,1,train,14,0.04053590623321221,0.2013353079646295,0.026775348030496342,0.16363174517952297
801,-1,train,30,0.026775348030496342,0.16363174517952297,0.026775348030496342,0.16363174517952297
802,0,train,16,0.02342631062918049,0.15305656022915348,0.025980088968944767,0.16118340165458964
802,1,train,14,0.028533867308709042,0.1689197066914013,0.025980088968944767,0.16118340165458964
802,-1,train,30,0.025980088968944767,0.16118340165458964,0.025980088968944767,0.16118340165458964
803,0,train,16,0.039080205025487785,0.19768713925161593,0.024824369106604446,0.1575575104734917
803,1,train,14,0.010568533187721104,0.1028033714803221,0.024824369106604446,0.1575575104734917
803,-1,train,30,0.024824369106604446,0.1575575104734917,0.024824369106604446,0.1575575104734917
804,0,train,16,0.02797144730376303,0.16724666604677962,0.025556941499138158,0.15986538555653051
804,1,train,14,0.023142435694513287,0.1521263806659229,0.025556941499138158,0.15986538555653051
804,-1,train,30,0.025556941499138158,0.15986538555653051,0.025556941499138158,0.15986538555653051
805,0,train,16,0.02405989556861038,0.1551125255052292,0.02578417596285578,0.16057451841078577
805,1,train,14,0.02750845635710118,0.1658567344339722,0.02578417596285578,0.16057451841078577
805,-1,train,30,0.02578417596285578,0.16057451841078577,0.02578417596285578,0.16057451841078577
806,0,train,16,0.039032519445002266,0.19756649373059762,0.02467591877637547,0.15708570519425205
806,1,train,14,0.010319318107748676,0.10158404455301372,0.02467591877637547,0.15708570519425205
806,-1,train,30,0.02467591877637547,0.15708570519425205,0.02467591877637547,0.15708570519425205
807,0,train,16,0.020034482801631195,0.1415432188472171,0.025971157530201974,0.161155693446437
807,1,train,14,0.03190783225877276,0.1786276357643821,0.025971157530201974,0.161155693446437
807,-1,train,30,0.025971157530201974,0.161155693446437,0.025971157530201974,0.161155693446437
808,0,train,16,0.021850704859149,0.14781983919335387,0.02579460949206383,0.16060700324725516
808,1,train,14,0.029738514124978663,0.17244858400398266,0.02579460949206383,0.16060700324725516
808,-1,train,30,0.02579460949206383,0.16060700324725516,0.02579460949206383,0.16060700324725516
809,0,train,16,0.03504338961680376,0.18719879704956377,0.024812411450230786,0.15751955894501096
809,1,train,14,0.01458143328365781,0.12075360567559798,0.024812411450230786,0.15751955894501096
809,-1,train,30,0.024812411450230786,0.15751955894501096,0.024812411450230786,0.15751955894501096
810,0,train,16,0.025945165775091646,0.16107503150734334,0.025402870864993578,0.15938278095513825
810,1,train,14,0.02486057595489551,0.15767236902798,0.025402870864993578,0.15938278095513825
810,-1,train,30,0.025402870864993578,0.15938278095513825,0.025402870864993578,0.15938278095513825
811,0,train,16,0.04092092193526173,0.2022892037041565,0.024297451095705996,0.15587639685246127
811,1,train,14,0.007673980256150266,0.08760125716078661,0.024297451095705996,0.15587639685246127
811,-1,train,30,0.024297451095705996,0.15587639685246127,0.024297451095705996,0.15587639685246127
812,0,train,16,0.03081974517155091,0.17555553301320614,0.024956725488947354,0.15797697771810726
812,1,train,14,0.019093705806343793,0.13817997614105956,0.024956725488947354,0.15797697771810726
812,-1,train,30,0.024956725488947354,0.15797697771810726,0.024956725488947354,0.15797697771810726
813,0,train,16,0.038094824725173025,0.19517895564115775,0.024395105176479363,0.15618932478399208
813,1,train,14,0.0106953856277857,0.1034184975127066,0.024395105176479363,0.15618932478399208
813,-1,train,30,0.024395105176479363,0.15618932478399208,0.024395105176479363,0.15618932478399208
814,0,train,16,0.012429150155386696,0.11148609848490841,0.02617686601584603,0.16179266366509337
814,1,train,14,0.03992458187630536,0.1998113657335472,0.02617686601584603,0.16179266366509337
814,-1,train,30,0.02617686601584603,0.16179266366509337,0.02617686601584603,0.16179266366509337
815,0,train,16,0.02948863288934839,0.1717225462464041,0.02491018396850138,0.1578296042208222
815,1,train,14,0.020331735047654363,0.14258939318074948,0.02491018396850138,0.1578296042208222
815,-1,train,30,0.02491018396850138,0.1578296042208222,0.02491018396850138,0.1578296042208222
816,0,train,16,0.02548150055725461,0.15962925971529973,0.025141208384820857,0.1585597943515974
816,1,train,14,0.024800916212387104,0.1574830664306074,0.025141208384820857,0.1585597943515974
816,-1,train,30,0.025141208384820857,0.1585597943515974,0.025141208384820857,0.1585597943515974
817,0,train,16,0.028455129927456257,0.16868648412797113,0.02488121917481876,0.15773781783332352
817,1,train,14,0.02130730842218126,0.14597023128768843,0.02488121917481876,0.15773781783332352
817,-1,train,30,0.02488121917481876,0.15773781783332352,0.02488121917481876,0.15773781783332352
818,0,train,16,0.027886252467775676,0.16699177365300266,0.024873304505305845,0.15771272778474743
818,1,train,14,0.021860356542836017,0.147852482369543,0.024873304505305845,0.15771272778474743
818,-1,train,30,0.024873304505305845,0.15771272778474743,0.024873304505305845,0.15771272778474743
819,0,train,16,0.017373845182098033,0.13180988271786767,0.025571790837647372,0.15991182206968743
819,1,train,14,0.03376973649319671,0.18376543878868165,0.025571790837647372,0.15991182206968743
819,-1,train,30,0.025571790837647372,0.15991182206968743,0.025571790837647372,0.15991182206968743
820,0,train,16,0.012046431527008218,0.1097562368478813,0.025906674946715526,0.1609555061087241
820,1,train,14,0.039766918366422835,0.19941644457371824,0.025906674946715526,0.1609555061087241
820,-1,train,30,0.025906674946715526,0.1609555061087241,0.025906674946715526,0.1609555061087241
821,0,train,16,0.01907061906538619,0.13809641221040533,0.025356071312599926,0.1592358983163028
821,1,train,14,0.031641523559813665,0.17788064414042823,0.025356071312599926,0.1592358983163028
821,-1,train,30,0.025356071312599926,0.1592358983163028,0.025356071312599926,0.1592358983163028
822,0,train,16,0.027538899969429115,0.16594848589073996,0.024704805277115133,0.15717762333460553
822,1,train,14,0.021870710584801147,0.14788749299653825,0.024704805277115133,0.15717762333460553
822,-1,train,30,0.024704805277115133,0.15717762333460553,0.024704805277115133,0.15717762333460553
823,0,train,16,0.01956795229488627,0.1398854970856031,0.02522045683269257,0.15880949855941418
823,1,train,14,0.03087296137049887,0.17570703278610925,0.02522045683269257,0.15880949855941418
823,-1,train,30,0.02522045683269257,0.15880949855941418,0.02522045683269257,0.15880949855941418
824,0,train,16,0.0272158164721135,0.1649721687804143,0.02462926534237067,0.1569371381871438
824,1,train,14,0.02204271421262784,0.14846788950014694,0.02462926534237067,0.1569371381871438
824,-1,train,30,0.02462926534237067,0.1569371381871438,0.02462926534237067,0.1569371381871438
825,0,train,16,0.034249626001186737,0.18506654479183085,0.02408762068982634,0.15520187076780467
825,1,train,14,0.013925615378465943,0.11800684462549596,0.02408762068982634,0.15520187076780467
825,-1,train,30,0.02408762068982634,0.15520187076780467,0.02408762068982634,0.15520187076780467
826,0,train,16,0.009816330875750097,0.09907739841028375,0.025772895887089583,0.16053939045321428
826,1,train,14,0.04172946089842907,0.20427790115044034,0.025772895887089583,0.16053939045321428
826,-1,train,30,0.025772895887089583,0.16053939045321428,0.025772895887089583,0.16053939045321428
827,0,train,16,0.027886027427484823,0.16699109984512595,0.02443373654899539,0.15631294427844225
827,1,train,14,0.020981445670505954,0.14484973479611882,0.02443373654899539,0.15631294427844225
827,-1,train,30,0.02443373654899539,0.15631294427844225,0.02443373654899539,0.15631294427844225
828,0,train,16,0.01326115941087347,0.1151571075134899,0.02542881199316418,0.15946414014807272
828,1,train,14,0.03759646457545489,0.19389807780237248,0.02542881199316418,0.15946414014807272
828,-1,train,30,0.02542881199316418,0.15946414014807272,0.02542881199316418,0.15946414014807272
829,0,train,16,0.008984864836281657,0.09478852692326038,0.02568142858265363,0.16025426229168954
829,1,train,14,0.0423779923290256,0.20585915653432957,0.02568142858265363,0.16025426229168954
829,-1,train,30,0.02568142858265363,0.16025426229168954,0.02568142858265363,0.16025426229168954
830,0,train,16,0.020665877908079753,0.14375631432420544,0.024804964889542615,0.15749592023142256
830,1,train,14,0.028944051871005478,0.17012951499080187,0.024804964889542615,0.15749592023142256
830,-1,train,30,0.024804964889542615,0.15749592023142256,0.024804964889542615,0.15749592023142256
831,0,train,16,0.022436448039243596,0.14978801033208097,0.02462469622519601,0.15692258035475967
831,1,train,14,0.026812944411148423,0.1637465859526495,0.02462469622519601,0.15692258035475967
831,-1,train,30,0.02462469622519601,0.15692258035475967,0.02462469622519601,0.15692258035475967
832,0,train,16,0.010740130556167909,0.10363460115312795,0.02540942431829243,0.15940333847913107
832,1,train,14,0.04007871808041695,0.2001966984753169,0.02540942431829243,0.15940333847913107
832,-1,train,30,0.02540942431829243,0.15940333847913107,0.02540942431829243,0.15940333847913107
833,0,train,16,0.022005225862015476,0.14834158507315295,0.02455842498656885,0.15671127906621415
833,1,train,14,0.027111624111122223,0.16465607826959267,0.02455842498656885,0.15671127906621415
833,-1,train,30,0.02455842498656885,0.15671127906621415,0.02455842498656885,0.15671127906621415
834,0,train,16,0.020021271717457583,0.1414965431290022,0.02465223447211702,0.1570103005287138
834,1,train,14,0.029283197226776456,0.17112333922284376,0.02465223447211702,0.1570103005287138
834,-1,train,30,0.02465223447211702,0.1570103005287138,0.02465223447211702,0.1570103005287138
835,0,train,16,0.028349174536883886,0.16837213111701083,0.02401897890536371,0.15498057589699332
835,1,train,14,0.019688783273843533,0.1403167248543221,0.02401897890536371,0.15498057589699332
835,-1,train,30,0.02401897890536371,0.15498057589699332,0.02401897890536371,0.15498057589699332
836,0,train,16,0.01155924210420292,0.10751391586303105,0.02515825823041203,0.15861354995841948
836,1,train,14,0.03875727435662114,0.19686867286752643,0.02515825823041203,0.15861354995841948
836,-1,train,30,0.02515825823041203,0.15861354995841948,0.02515825823041203,0.15861354995841948
837,0,train,16,0.024814774146345264,0.15752705845773057,0.024166784923620455,0.15545669790530242
837,1,train,14,0.02351879570089565,0.15335838973103377,0.024166784923620455,0.15545669790530242
837,-1,train,30,0.024166784923620455,0.15545669790530242,0.024166784923620455,0.15545669790530242
838,0,train,16,0.029170186245846403,0.17079281672788935,0.02381181767812323,0.15431078276686705
838,1,train,14,0.018453449110400057,0.13584347282957712,0.02381181767812323,0.15431078276686705
838,-1,train,30,0.02381181767812323,0.15431078276686705,0.02381181767812323,0.15431078276686705
839,0,train,16,0.028385596567818274,0.16848025572101402,0.023821662711292737,0.15434267948721356
839,1,train,14,0.0192577288547672,0.13877221931916778,0.023821662711292737,0.15434267948721356
839,-1,train,30,0.023821662711292737,0.15434267948721356,0.023821662711292737,0.15434267948721356
840,0,train,16,0.028528919694592408,0.16890506118702425,0.023764173563398328,0.15415632832744275
840,1,train,14,0.01899942743220425,0.13783841058356794,0.023764173563398328,0.15415632832744275
840,-1,train,30,0.023764173563398328,0.15415632832744275,0.023764173563398328,0.15415632832744275
841,0,train,16,0.028721509056399933,0.16947421354412573,0.02370145917540084,0.153952782291847
841,1,train,14,0.018681409294401746,0.13667995205735822,0.02370145917540084,0.153952782291847
841,-1,train,30,0.02370145917540084,0.153952782291847,0.02370145917540084,0.153952782291847
842,0,train,16,0.032474325220554844,0.18020634067799846,0.0233846925052058,0.1529205431104853
842,1,train,14,0.014295059789856759,0.11956194959039752,0.0233846925052058,0.1529205431104853
842,-1,train,30,0.0233846925052058,0.1529205431104853,0.0233846925052058,0.1529205431104853
843,0,train,16,0.008648448303264661,0.09299703384121809,0.025038480129974013,0.15823552107530728
843,1,train,14,0.041428511956683366,0.2035399517458019,0.025038480129974013,0.15823552107530728
843,-1,train,30,0.025038480129974013,0.15823552107530728,0.025038480129974013,0.15823552107530728
844,0,train,16,0.023117210793397087,0.1520434503469225,0.02395983644406436,0.1547896522512547
844,1,train,14,0.02480246209473163,0.15748797444481794,0.02395983644406436,0.1547896522512547
844,-1,train,30,0.02395983644406436,0.1547896522512547,0.02395983644406436,0.1547896522512547
845,0,train,16,0.02710902946163211,0.16464819908408385,0.023635872448589286,0.1537396254990537
845,1,train,14,0.020162715435546458,0.1419954768136875,0.023635872448589286,0.1537396254990537
845,-1,train,30,0.023635872448589286,0.1537396254990537,0.023635872448589286,0.1537396254990537
846,0,train,16,0.02185346775333798,0.14782918437621842,0.02395392820380892,0.15477056633549197
846,1,train,14,0.02605438865427986,0.16141371891595788,0.02395392820380892,0.15477056633549197
846,-1,train,30,0.02395392820380892,0.15477056633549197,0.02395392820380892,0.15477056633549197
847,0,train,16,0.02180970990999942,0.14768110884605187,0.023911693370166544,0.15463406277455993
847,1,train,14,0.02601367683033367,0.16128755944068862,0.023911693370166544,0.15463406277455993
847,-1,train,30,0.023911693370166544,0.15463406277455993,0.023911693370166544,0.15463406277455993
848,0,train,16,0.01909209238927577,0.13817413791761385,0.024062579987212708,0.15512117839680276
848,1,train,14,0.029033067585149647,0.17039092577115028,0.024062579987212708,0.15512117839680276
848,-1,train,30,0.024062579987212708,0.15512117839680276,0.024062579987212708,0.15512117839680276
849,0,train,16,0.023687761550443567,0.1539082894143248,0.02368572516031789,0.1539016736761426
849,1,train,14,0.023683688770192207,0.15389505765355888,0.02368572516031789,0.1539016736761426
849,-1,train,30,0.02368572516031789,0.1539016736761426,0.02368572516031789,0.1539016736761426
850,0,train,16,0.02724404631339754,0.1650577060103452,0.02339213763808536,0.1529448843148582
850,1,train,14,0.019540228962773177,0.13978636901634287,0.02339213763808536,0.1529448843148582
850,-1,train,30,0.02339213763808536,0.1529448843148582,0.02339213763808536,0.1529448843148582
851,0,train,16,0.021579845112108312,0.14690080024325367,0.023744239511860388,0.15409165944936926
851,1,train,14,0.025908633911612466,0.16096159141737032,0.023744239511860388,0.15409165944936926
851,-1,train,30,0.023744239511860388,0.15409165944936926,0.023744239511860388,0.15409165944936926
852,0,train,16,0.03759635634247282,0.19389779870455678,0.022569645691776406,0.15023197293444696
852,1,train,14,0.007542935041079996,0.08685007219962454,0.022569645691776406,0.15023197293444696
852,-1,train,30,0.022569645691776406,0.15023197293444696,0.022569645691776406,0.15023197293444696
853,0,train,16,0.03851392887780705,0.19624965956099658,0.02245203149936787,0.1498400196855562
853,1,train,14,0.006390134120928688,0.07993831447390348,0.02245203149936787,0.1498400196855562
853,-1,train,30,0.02245203149936787,0.1498400196855562,0.02245203149936787,0.1498400196855562
854,0,train,16,0.033112671941410675,0.1819688762986975,0.02278661130037365,0.1509523477802636
854,1,train,14,0.01246055065933663,0.1116268366448527,0.02278661130037365,0.1509523477802636
854,-1,train,30,0.02278661130037365,0.1509523477802636,0.02278661130037365,0.1509523477802636
855,0,train,16,0.01835236590313889,0.13547090426781275,0.023798985345442416,0.1542691976560532
855,1,train,14,0.029245604787745943,0.17101346376161716,0.023798985345442416,0.1542691976560532
855,-1,train,30,0.023798985345442416,0.1542691976560532,0.023798985345442416,0.1542691976560532
856,0,train,16,0.0250343649758102,0.1582225172843935,0.02327107575027791,0.15254860127276787
856,1,train,14,0.021507786524745626,0.1466553324115616,0.02327107575027791,0.15254860127276787
856,-1,train,30,0.02327107575027791,0.15254860127276787,0.02327107575027791,0.15254860127276787
857,0,train,16,0.025951481377345677,0.1610946348496612,0.023159444752904428,0.15218227476583607
857,1,train,14,0.02036740812846318,0.14271442859242783,0.023159444752904428,0.15218227476583607
857,-1,train,30,0.023159444752904428,0.15218227476583607,0.023159444752904428,0.15218227476583607
858,0,train,16,0.02650301953062717,0.16279748011141687,0.023074291955924833,0.15190224473629357
858,1,train,14,0.019645564381222495,0.14016263546759705,0.023074291955924833,0.15190224473629357
858,-1,train,30,0.023074291955924833,0.15190224473629357,0.023074291955924833,0.15190224473629357
859,0,train,16,0.03179093503599612,0.1783001262927094,0.02266306713453082,0.15054257582003444
859,1,train,14,0.013535199233065513,0.11634087516030431,0.02266306713453082,0.15054257582003444
859,-1,train,30,0.02266306713453082,0.15054257582003444,0.02266306713453082,0.15054257582003444
860,0,train,16,0.033604410271098166,0.18331505740418097,0.022480295779994705,0.1499343048804866
860,1,train,14,0.011356181288891246,0.10656538504078726,0.022480295779994705,0.1499343048804866
860,-1,train,30,0.022480295779994705,0.1499343048804866,0.022480295779994705,0.1499343048804866
861,0,train,16,0.030031721243843474,0.17329662790672953,0.02269343291781416,0.15064339652906847
861,1,train,14,0.015355144591784846,0.12391587707709148,0.02269343291781416,0.15064339652906847
861,-1,train,30,0.02269343291781416,0.15064339652906847,0.02269343291781416,0.15064339652906847
862,0,train,16,0.013888547800145687,0.11784968307189327,0.023801904016164725,0.15427865703383836
862,1,train,14,0.03371526023218376,0.18361715669344125,0.023801904016164725,0.15427865703383836
862,-1,train,30,0.023801904016164725,0.15427865703383836,0.023801904016164725,0.15427865703383836
863,0,train,16,0.02793726860488976,0.1671444543049208,0.022755591061831663,0.1508495643408746
863,1,train,14,0.01757391351877357,0.13256663803074123,0.022755591061831663,0.1508495643408746
863,-1,train,30,0.022755591061831663,0.1508495643408746,0.022755591061831663,0.1508495643408746
864,0,train,16,0.01875753711715254,0.13695815827161426,0.023365347703037435,0.15285727886835299
864,1,train,14,0.027973158288922335,0.1672517811233182,0.023365347703037435,0.15285727886835299
864,-1,train,30,0.023365347703037435,0.15285727886835299,0.023365347703037435,0.15285727886835299
865,0,train,16,0.034019288914427716,0.18444318614258354,0.022248784856271832,0.14916026567511817
865,1,train,14,0.01047828079811595,0.10236347394513313,0.022248784856271832,0.14916026567511817
865,-1,train,30,0.022248784856271832,0.14916026567511817,0.022248784856271832,0.14916026567511817
866,0,train,16,0.0339775462144025,0.1843299927152456,0.022205079227080975,0.1490136880527456
866,1,train,14,0.010432612239759453,0.10214015977939066,0.022205079227080975,0.1490136880527456
866,-1,train,30,0.022205079227080975,0.1490136880527456,0.022205079227080975,0.1490136880527456
867,0,train,16,0.032279397929615726,0.17966468192055923,0.02227566164578279,0.14925033214630642
867,1,train,14,0.012271925361949855,0.11077872251452377,0.02227566164578279,0.14925033214630642
867,-1,train,30,0.02227566164578279,0.14925033214630642,0.02227566164578279,0.14925033214630642
868,0,train,16,0.015386109549280783,0.12404075761329734,0.02343275328873849,0.15307760544488044
868,1,train,14,0.031479397028196195,0.17742434170145932,0.02343275328873849,0.15307760544488044
868,-1,train,30,0.02343275328873849,0.15307760544488044,0.02343275328873849,0.15307760544488044
869,0,train,16,0.018030971512873636,0.13427945305546055,0.023201825976513796,0.15232145606090364
869,1,train,14,0.028372680440153952,0.16844192007975317,0.023201825976513796,0.15232145606090364
869,-1,train,30,0.023201825976513796,0.15232145606090364,0.023201825976513796,0.15232145606090364
870,0,train,16,0.010811809290363683,0.10397985040556504,0.023674668036634712,0.15386574679451795
870,1,train,14,0.03653752678290574,0.19114791859422833,0.023674668036634712,0.15386574679451795
870,-1,train,30,0.023674668036634712,0.15386574679451795,0.023674668036634712,0.15386574679451795
871,0,train,16,0.017377165151928328,0.13182247589818788,0.023164063646213612,0.1521974495391221
871,1,train,14,0.028950962140498897,0.17014982262846734,0.023164063646213612,0.1521974495391221
871,-1,train,30,0.023164063646213612,0.1521974495391221,0.023164063646213612,0.1521974495391221
872,0,train,16,0.021597476966709103,0.1469608007827567,0.022823858911132245,0.15107567279721856
872,1,train,14,0.024050240855555387,0.15508140074024154,0.022823858911132245,0.15107567279721856
872,-1,train,30,0.022823858911132245,0.15107567279721856,0.022823858911132245,0.15107567279721856
873,0,train,16,0.027537941256478942,0.16594559727958721,0.022356613725796073,0.14952128184909355
873,1,train,14,0.017175286195113205,0.1310545161187252,0.022356613725796073,0.14952128184909355
873,-1,train,30,0.022356613725796073,0.14952128184909355,0.022356613725796073,0.14952128184909355
874,0,train,16,0.010391530097723792,0.10193885470086365,0.02353253355746957,0.1534031732314217
874,1,train,14,0.036673537017215346,0.19150336032878207,0.02353253355746957,0.1534031732314217
874,-1,train,30,0.02353253355746957,0.1534031732314217,0.02353253355746957,0.1534031732314217
875,0,train,16,0.0225925400186656,0.15030815020705166,0.022622030490568473,0.15040621825765207
875,1,train,14,0.022651520962471344,0.15050422240745057,0.022622030490568473,0.15040621825765207
875,-1,train,30,0.022622030490568473,0.15040621825765207,0.022622030490568473,0.15040621825765207
876,0,train,16,0.015695709624414727,0.12528251922919945,0.023068955216651775,0.15188467735967237
876,1,train,14,0.03044220080888882,0.17447693489080102,0.023068955216651775,0.15188467735967237
876,-1,train,30,0.023068955216651775,0.15188467735967237,0.023068955216651775,0.15188467735967237
877,0,train,16,0.03631272447178724,0.19055897898495164,0.021571518798624623,0.14687245759033454
877,1,train,14,0.006830313125462009,0.0826457084515706,0.021571518798624623,0.14687245759033454
877,-1,train,30,0.021571518798624623,0.14687245759033454,0.021571518798624623,0.14687245759033454
878,0,train,16,0.018431686988162204,0.13576334920795893,0.02278842716807039,0.15095836236548935
878,1,train,14,0.02714516734797858,0.1647579052670268,0.02278842716807039,0.15095836236548935
878,-1,train,30,0.02278842716807039,0.15095836236548935,0.02278842716807039,0.15095836236548935
879,0,train,16,0.03663322130566988,0.19139807027676606,0.02146113183626932,0.14649618369182632
879,1,train,14,0.00628904236686876,0.07930348269066599,0.02146113183626932,0.14649618369182632
879,-1,train,30,0.02146113183626932,0.14649618369182632,0.02146113183626932,0.14649618369182632
880,0,train,16,0.02105301594539785,0.1450965745474298,0.022519935541779494,0.1500664370929739
880,1,train,14,0.02398685513816114,0.15487690317849573,0.022519935541779494,0.1500664370929739
880,-1,train,30,0.022519935541779494,0.1500664370929739,0.022519935541779494,0.1500664370929739
881,0,train,16,0.031802235603508436,0.1783318132120807,0.021713515782753705,0.1473550670413261
881,1,train,14,0.011624795961998977,0.10781834705651436,0.021713515782753705,0.1473550670413261
881,-1,train,30,0.021713515782753705,0.1473550670413261,0.021713515782753705,0.1473550670413261
882,0,train,16,0.02397011204806811,0.15482284084742828,0.022226153837433156,0.14908438495507553
882,1,train,14,0.0204821956267982,0.14311602155872766,0.022226153837433156,0.14908438495507553
882,-1,train,30,0.022226153837433156,0.14908438495507553,0.022226153837433156,0.14908438495507553
883,0,train,16,0.01347106479592596,0.1160649163008614,0.022933851889307987,0.15143926798987106
883,1,train,14,0.03239663898269001,0.17999066359867116,0.022933851889307987,0.15143926798987106
883,-1,train,30,0.022933851889307987,0.15143926798987106,0.022933851889307987,0.15143926798987106
884,0,train,16,0.01550692423666542,0.12452680127854172,0.02274571476256626,0.15081682519721154
884,1,train,14,0.0299845052884671,0.17316034560044946,0.02274571476256626,0.15081682519721154
884,-1,train,30,0.02274571476256626,0.15081682519721154,0.02274571476256626,0.15081682519721154
885,0,train,16,0.021459984355634704,0.14649226722129297,0.02228059628883161,0.1492668626615821
885,1,train,14,0.02310120822202852,0.15199081624239183,0.02228059628883161,0.1492668626615821
885,-1,train,30,0.02228059628883161,0.1492668626615821,0.02228059628883161,0.1492668626615821
886,0,train,16,0.02010328596962065,0.14178605703531166,0.022334560386840896,0.1494475171651938
886,1,train,14,0.02456583480406114,0.15673491890469443,0.022334560386840896,0.1494475171651938
886,-1,train,30,0.022334560386840896,0.1494475171651938,0.022334560386840896,0.1494475171651938
887,0,train,16,0.025655594510572945,0.16017363862562697,0.021897642040559835,0.14797851884837823
887,1,train,14,0.01813968957054672,0.13468366482445718,0.021897642040559835,0.14797851884837823
887,-1,train,30,0.021897642040559835,0.14797851884837823,0.021897642040559835,0.14797851884837823
888,0,train,16,0.011501231782849843,0.10724379601100402,0.02286760978803532,0.15122040136183781
888,1,train,14,0.0342339877932208,0.18502428973845786,0.02286760978803532,0.15122040136183781
888,-1,train,30,0.02286760978803532,0.15122040136183781,0.02286760978803532,0.15122040136183781
889,0,train,16,0.016924594136842334,0.13009455844439588,0.022436123323030882,0.14978692640891889
889,1,train,14,0.027947652509219427,0.16717551408390952,0.022436123323030882,0.14978692640891889
889,-1,train,30,0.022436123323030882,0.14978692640891889,0.022436123323030882,0.14978692640891889
890,0,train,16,0.02456837285598816,0.15674301533397958,0.02185311083315903,0.14782797716656693
890,1,train,14,0.019137848810329903,0.13833961403130307,0.02185311083315903,0.14782797716656693
890,-1,train,30,0.02185311083315903,0.14782797716656693,0.02185311083315903,0.14782797716656693
891,0,train,16,0.013192450332425951,0.11485839252064235,0.02261942002506571,0.1503975399568281
891,1,train,14,0.03204638971770547,0.1790150544443273,0.02261942002506571,0.1503975399568281
891,-1,train,30,0.02261942002506571,0.1503975399568281,0.02261942002506571,0.1503975399568281
892,0,train,16,0.020529651792235235,0.14328172176602022,0.022055598419140923,0.14851127371058712
892,1,train,14,0.02358154504604661,0.15356283745114443,0.022055598419140923,0.14851127371058712
892,-1,train,30,0.022055598419140923,0.14851127371058712,0.022055598419140923,0.14851127371058712
893,0,train,16,0.03336990366069722,0.18267431034684986,0.021114587364931964,0.14530859356876305
893,1,train,14,0.008859271069166706,0.09412370088966278,0.021114587364931964,0.14530859356876305
893,-1,train,30,0.021114587364931964,0.14530859356876305,0.021114587364931964,0.14530859356876305
894,0,train,16,0.019800502945042178,0.14071425992074213,0.02202902365337335,0.14842177621014158
894,1,train,14,0.024257544361704523,0.15574833662580323,0.02202902365337335,0.14842177621014158
894,-1,train,30,0.02202902365337335,0.14842177621014158,0.02202902365337335,0.14842177621014158
895,0,train,16,0.028273663320917335,0.1681477425388677,0.02139076879464466,0.1462558333696289
895,1,train,14,0.014507874268371987,0.12044863746996887,0.02139076879464466,0.1462558333696289
895,-1,train,30,0.02139076879464466,0.1462558333696289,0.02139076879464466,0.1462558333696289
896,0,train,16,0.03316310694814265,0.1821074049788823,0.021004570248790218,0.14492953546047893
896,1,train,14,0.00884603354943778,0.0940533548016113,0.021004570248790218,0.14492953546047893
896,-1,train,30,0.021004570248790218,0.14492953546047893,0.021004570248790218,0.14492953546047893
897,0,train,16,0.021776541742859822,0.14756876953766276,0.021768812701215102,0.14754257928210116
897,1,train,14,0.02176108365957038,0.1475163843766867,0.021768812701215102,0.14754257928210116
897,-1,train,30,0.021768812701215102,0.14754257928210116,0.021768812701215102,0.14754257928210116
898,0,train,16,0.03335543348356347,0.18263469956052567,0.02091213618144789,0.14461029071766604
898,1,train,14,0.008468838879332304,0.09202629449962822,0.02091213618144789,0.14461029071766604
898,-1,train,30,0.02091213618144789,0.14461029071766604,0.02091213618144789,0.14461029071766604
899,0,train,16,0.02348188053017447,0.15323798657700535,0.02157050158414433,0.14686899463176128
899,1,train,14,0.019659122638114184,0.1402109932855273,0.02157050158414433,0.14686899463176128
899,-1,train,30,0.02157050158414433,0.14686899463176128,0.02157050158414433,0.14686899463176128
900,0,train,16,0.014063782960447338,0.11859082156915576,0.022202335382733567,0.14900448108272973
900,1,train,14,0.030340887805019798,0.17418635941146424,0.022202335382733567,0.14900448108272973
900,-1,train,30,0.022202335382733567,0.14900448108272973,0.022202335382733567,0.14900448108272973
901,0,train,16,0.024339682137058654,0.15601180127496334,0.021432878926199245,0.14639972310834212
901,1,train,14,0.018526075715339835,0.13611052756983874,0.021432878926199245,0.14639972310834212
901,-1,train,30,0.021432878926199245,0.14639972310834212,0.021432878926199245,0.14639972310834212
902,0,train,16,0.0359601921918894,0.18963172780916543,0.02058660446218751,0.143480327788124
902,1,train,14,0.005213016732485612,0.07220122389880668,0.02058660446218751,0.143480327788124
902,-1,train,30,0.02058660446218751,0.143480327788124,0.02058660446218751,0.143480327788124
903,0,train,16,0.03310628509360159,0.1819513261660975,0.02073462189954738,0.14399521484947816
903,1,train,14,0.00836295870549317,0.09144921380467505,0.02073462189954738,0.14399521484947816
903,-1,train,30,0.02073462189954738,0.14399521484947816,0.02073462189954738,0.14399521484947816
904,0,train,16,0.025105254193711592,0.15844637639817324,0.021263385938120133,0.14581970353186202
904,1,train,14,0.01742151768252867,0.13199059694739118,0.021263385938120133,0.14581970353186202
904,-1,train,30,0.021263385938120133,0.14581970353186202,0.021263385938120133,0.14581970353186202
905,0,train,16,0.03610617223890625,0.19001624203974313,0.020455062985809253,0.14302119767995672
905,1,train,14,0.004803953732712259,0.06931056003750265,0.020455062985809253,0.14302119767995672
905,-1,train,30,0.020455062985809253,0.14302119767995672,0.020455062985809253,0.14302119767995672
906,0,train,16,0.019375669255151984,0.13919651308546485,0.021595978056684006,0.14695570100096153
906,1,train,14,0.023816286858216025,0.15432526318855258,0.021595978056684006,0.14695570100096153
906,-1,train,30,0.021595978056684006,0.14695570100096153,0.021595978056684006,0.14695570100096153
907,0,train,16,0.02647434006179354,0.1627093729992023,0.021053484096214267,0.14509818777715408
907,1,train,14,0.01563262813063499,0.1250305087993926,0.021053484096214267,0.14509818777715408
907,-1,train,30,0.021053484096214267,0.14509818777715408,0.021053484096214267,0.14509818777715408
908,0,train,16,0.008845411441981624,0.09405004753843361,0.022281150700018567,0.14926871976411724
908,1,train,14,0.03571688995805551,0.18898912656038047,0.022281150700018567,0.14926871976411724
908,-1,train,30,0.022281150700018567,0.14926871976411724,0.022281150700018567,0.14926871976411724
909,0,train,16,0.035424331181869495,0.1882135255019402,0.02036453453292707,0.14270436059534786
909,1,train,14,0.005304737883984649,0.07283363154466932,0.02036453453292707,0.14270436059534786
909,-1,train,30,0.02036453453292707,0.14270436059534786,0.02036453453292707,0.14270436059534786
910,0,train,16,0.020471599783645964,0.14307899840174296,0.021369510425848885,0.14618314001911742
910,1,train,14,0.022267421068051806,0.14922272302853815,0.021369510425848885,0.14618314001911742
910,-1,train,30,0.021369510425848885,0.14618314001911742,0.021369510425848885,0.14618314001911742
911,0,train,16,0.023354504959354542,0.15282180786574454,0.02112723758987801,0.14535211587685268
911,1,train,14,0.01889997022040148,0.13747716254127984,0.02112723758987801,0.14535211587685268
911,-1,train,30,0.02112723758987801,0.14535211587685268,0.02112723758987801,0.14535211587685268
912,0,train,16,0.019219738351675394,0.13863527095106568,0.02138425160978306,0.1462335515871206
912,1,train,14,0.023548764867890728,0.15345606820158897,0.02138425160978306,0.1462335515871206
912,-1,train,30,0.02138425160978306,0.1462335515871206,0.02138425160978306,0.1462335515871206
913,0,train,16,0.03201961173726145,0.17894024627584887,0.020442515188778477,0.14297732403699012
913,1,train,14,0.008865418640295506,0.09415635209743156,0.020442515188778477,0.14297732403699012
913,-1,train,30,0.020442515188778477,0.14297732403699012,0.020442515188778477,0.14297732403699012
914,0,train,16,0.016802096905675978,0.12962290270502347,0.021482191464456794,0.14656804380374597
914,1,train,14,0.02616228602323761,0.16174759974490382,0.021482191464456794,0.14656804380374597
914,-1,train,30,0.021482191464456794,0.14656804380374597,0.021482191464456794,0.14656804380374597
915,0,train,16,0.018006619992957208,0.1341887476391266,0.021360175920836985,0.1461512090981015
915,1,train,14,0.024713731848716766,0.15720601721536223,0.021360175920836985,0.1461512090981015
915,-1,train,30,0.021360175920836985,0.1461512090981015,0.021360175920836985,0.1461512090981015
916,0,train,16,0.019086215152797792,0.13815286878236654,0.021246318264878293,0.14576116857681368
916,1,train,14,0.02340642137695879,0.15299157289523757,0.021246318264878293,0.14576116857681368
916,-1,train,30,0.021246318264878293,0.14576116857681368,0.021246318264878293,0.14576116857681368
917,0,train,16,0.01823490658033302,0.1350366860535796,0.0212705014159323,0.14584409969529896
917,1,train,14,0.024306096251531583,0.15590412519087357,0.0212705014159323,0.14584409969529896
917,-1,train,30,0.0212705014159323,0.14584409969529896,0.0212705014159323,0.14584409969529896
918,0,train,16,0.017962287496014778,0.13402345875261829,0.021253797262711975,0.14578682129298237
918,1,train,14,0.024545307029409175,0.15666941957321848,0.021253797262711975,0.14578682129298237
918,-1,train,30,0.021253797262711975,0.14578682129298237,0.021253797262711975,0.14578682129298237
919,0,train,16,0.0360952892915693,0.1899876029944304,0.019938289436732697,0.14120300788840406
919,1,train,14,0.003781289581896096,0.061492191226985043,0.019938289436732697,0.14120300788840406
919,-1,train,30,0.019938289436732697,0.14120300788840406,0.019938289436732697,0.14120300788840406
920,0,train,16,0.024053433213980305,0.15509169292383235,0.020748686443268948,0.14404404341474503
920,1,train,14,0.01744393967255759,0.13207550746659122,0.020748686443268948,0.14404404341474503
920,-1,train,30,0.020748686443268948,0.14404404341474503,0.020748686443268948,0.14404404341474503
921,0,train,16,0.014007874343779139,0.1183548661601167,0.021421900866882348,0.14636222486311948
921,1,train,14,0.028835927389985555,0.16981144658115824,0.021421900866882348,0.14636222486311948
921,-1,train,30,0.021421900866882348,0.14636222486311948,0.021421900866882348,0.14636222486311948
922,0,train,16,0.020090884123543522,0.14174231592415698,0.020954492665691275,0.14475666708546198
922,1,train,14,0.021818101207839027,0.14770951630764698,0.020954492665691275,0.14475666708546198
922,-1,train,30,0.020954492665691275,0.14475666708546198,0.020954492665691275,0.14475666708546198
923,0,train,16,0.025855427035989823,0.16079622830150533,0.020507373818118187,0.1432039588074233
923,1,train,14,0.015159320600246547,0.12312319277961625,0.020507373818118187,0.1432039588074233
923,-1,train,30,0.020507373818118187,0.1432039588074233,0.020507373818118187,0.1432039588074233
924,0,train,16,0.0287689166853179,0.16961402266710704,0.02026872663488756,0.14236827819035938
924,1,train,14,0.011768536584457218,0.10848288613628058,0.02026872663488756,0.14236827819035938
924,-1,train,30,0.02026872663488756,0.14236827819035938,0.02026872663488756,0.14236827819035938
925,0,train,16,0.015354876952916277,0.1239147971507692,0.021180742374154952,0.14553605180213922
925,1,train,14,0.027006607795393628,0.16433687290256446,0.021180742374154952,0.14553605180213922
925,-1,train,30,0.021180742374154952,0.14553605180213922,0.021180742374154952,0.14553605180213922
926,0,train,16,0.01692644491277961,0.13010167144498802,0.02103485821132238,0.14503398984831928
926,1,train,14,0.025143271509865152,0.15856630004469788,0.02103485821132238,0.14503398984831928
926,-1,train,30,0.02103485821132238,0.14503398984831928,0.02103485821132238,0.14503398984831928
927,0,train,16,0.023730873507537813,0.15404828303988918,0.02051289459045188,0.14322323341710966
927,1,train,14,0.017294915673365947,0.13151013524959188,0.02051289459045188,0.14322323341710966
927,-1,train,30,0.02051289459045188,0.14322323341710966,0.02051289459045188,0.14322323341710966
928,0,train,16,0.025393291087404724,0.15935272538430187,0.020368896738656408,0.1427196438429427
928,1,train,14,0.015344502389908093,0.12387292839804867,0.020368896738656408,0.1427196438429427
928,-1,train,30,0.020368896738656408,0.1427196438429427,0.020368896738656408,0.1427196438429427
929,0,train,16,0.02575242498668673,0.16047562115999653,0.020295699466865165,0.14246297577569114
929,1,train,14,0.014838973947043603,0.12181532722545059,0.020295699466865165,0.14246297577569114
929,-1,train,30,0.020295699466865165,0.14246297577569114,0.020295699466865165,0.14246297577569114
930,0,train,16,0.031437197479095715,0.17730537916006867,0.019874515049576956,0.14097700184631873
930,1,train,14,0.008311832620058199,0.09116925260227923,0.019874515049576956,0.14097700184631873
930,-1,train,30,0.019874515049576956,0.14097700184631873,0.019874515049576956,0.14097700184631873
931,0,train,16,0.026014766018906597,0.16129093594776675,0.020204689176388298,0.14214319954323631
931,1,train,14,0.014394612333870002,0.11997754929098195,0.020204689176388298,0.14214319954323631
931,-1,train,30,0.020204689176388298,0.14214319954323631,0.020204689176388298,0.14214319954323631
932,0,train,16,0.03250197162061668,0.18028303198198292,0.019719080114695642,0.1404246421205895
932,1,train,14,0.006936188608774601,0.08328378358825085,0.019719080114695642,0.1404246421205895
932,-1,train,30,0.019719080114695642,0.1404246421205895,0.019719080114695642,0.1404246421205895
933,0,train,16,0.021037663994654666,0.14504366237328215,0.020489700820142384,0.14314223981809976
933,1,train,14,0.019941737645630103,0.14121521747187907,0.020489700820142384,0.14314223981809976
933,-1,train,30,0.020489700820142384,0.14314223981809976,0.020489700820142384,0.14314223981809976
934,0,train,16,0.03418490203480293,0.18489159536009994,0.019534610276510767,0.13976627016741475
934,1,train,14,0.004884318518218607,0.06988789965522363,0.019534610276510767,0.13976627016741475
934,-1,train,30,0.019534610276510767,0.13976627016741475,0.019534610276510767,0.13976627016741475
935,0,train,16,0.03417522923330825,0.1848654354748563,0.01949829810585424,0.13963630654616385
935,1,train,14,0.00482136697840023,0.06943606396102986,0.01949829810585424,0.13963630654616385
935,-1,train,30,0.01949829810585424,0.13963630654616385,0.01949829810585424,0.13963630654616385
936,0,train,16,0.03149250588758582,0.17746127996716868,0.019645464336753054,0.1401622785800554
936,1,train,14,0.007798422785920288,0.08830867899544352,0.019645464336753054,0.1401622785800554
936,-1,train,30,0.019645464336753054,0.1401622785800554,0.019645464336753054,0.1401622785800554
937,0,train,16,0.02072763092600785,0.14397093778262282,0.02037730745338999,0.14274910666406984
937,1,train,14,0.020026983980772125,0.14151672685860187,0.02037730745338999,0.14274910666406984
937,-1,train,30,0.02037730745338999,0.14274910666406984,0.02037730745338999,0.14274910666406984
938,0,train,16,0.0241347944949369,0.15535377206536344,0.020103150037605745,0.14178557767842873
938,1,train,14,0.016071505580274585,0.12677344193589832,0.020103150037605745,0.14178557767842873
938,-1,train,30,0.020103150037605745,0.14178557767842873,0.020103150037605745,0.14178557767842873
939,0,train,16,0.020811761225710185,0.14426281997004697,0.02030629243362743,0.14250014888984303
939,1,train,14,0.019800823641544677,0.14071539944705652,0.02030629243362743,0.14250014888984303
939,-1,train,30,0.02030629243362743,0.14250014888984303,0.02030629243362743,0.14250014888984303
940,0,train,16,0.027513558594678713,0.1658721151811802,0.01980475101413684,0.14072935377573806
940,1,train,14,0.012095943433594965,0.1099815595161069,0.01980475101413684,0.14072935377573806
940,-1,train,30,0.01980475101413684,0.14072935377573806,0.01980475101413684,0.14072935377573806
941,0,train,16,0.004349395893578466,0.06594994991338861,0.02143001503216219,0.14638994170421063
941,1,train,14,0.03851063417074591,0.19624126520878812,0.02143001503216219,0.14638994170421063
941,-1,train,30,0.02143001503216219,0.14638994170421063,0.02143001503216219,0.14638994170421063
942,0,train,16,0.023526755145069102,0.1533843380044687,0.020020747522183177,0.14149469079150348
942,1,train,14,0.016514739899297252,0.12850968795891324,0.020020747522183177,0.14149469079150348
942,-1,train,30,0.020020747522183177,0.14149469079150348,0.020020747522183177,0.14149469079150348
943,0,train,16,0.01339639708130045,0.11574280574316682,0.020705323240068522,0.1438934440482558
943,1,train,14,0.028014249398836594,0.16737457811399137,0.020705323240068522,0.1438934440482558
943,-1,train,30,0.020705323240068522,0.1438934440482558,0.020705323240068522,0.1438934440482558
944,0,train,16,0.014789278696457553,0.12161117833676949,0.020574568699476516,0.14343837945081683
944,1,train,14,0.026359858702495482,0.16235719479744493,0.020574568699476516,0.14343837945081683
944,-1,train,30,0.020574568699476516,0.14343837945081683,0.020574568699476516,0.14343837945081683
945,0,train,16,0.026494895894578208,0.16277252807085785,0.019710911021680023,0.14039555200105175
945,1,train,14,0.01292692614878184,0.11369664088609584,0.019710911021680023,0.14039555200105175
945,-1,train,30,0.019710911021680023,0.14039555200105175,0.019710911021680023,0.14039555200105175
946,0,train,16,0.023824568054937257,0.15435209119068408,0.01986625642730364,0.14094770813072358
946,1,train,14,0.01590794479967002,0.1261267013747288,0.01986625642730364,0.14094770813072358
946,-1,train,30,0.01986625642730364,0.14094770813072358,0.01986625642730364,0.14094770813072358
947,0,train,16,0.024562116666879713,0.15672305722796412,0.019777108080201923,0.14063110637480572
947,1,train,14,0.014992099493524133,0.12244222920840724,0.019777108080201923,0.14063110637480572
947,-1,train,30,0.019777108080201923,0.14063110637480572,0.019777108080201923,0.14063110637480572
948,0,train,16,0.0161616674371412,0.127128546900927,0.02034201579025305,0.14262543879074674
948,1,train,14,0.024522364143364898,0.15659618176496162,0.02034201579025305,0.14262543879074674
948,-1,train,30,0.02034201579025305,0.14262543879074674,0.02034201579025305,0.14262543879074674
949,0,train,16,0.02254732195549773,0.15015765699922776,0.01985490495376595,0.1409074339904249
949,1,train,14,0.01716248795203417,0.13100567908313812,0.01985490495376595,0.1409074339904249
949,-1,train,30,0.01985490495376595,0.1409074339904249,0.01985490495376595,0.1409074339904249
950,0,train,16,0.010135460797441298,0.10067502568880377,0.020708533429948744,0.14390459836276512
950,1,train,14,0.03128160606245619,0.1768660681489137,0.020708533429948744,0.14390459836276512
950,-1,train,30,0.020708533429948744,0.14390459836276512,0.020708533429948744,0.14390459836276512
951,0,train,16,0.008561668440153792,0.09252928423020353,0.02078845702956184,0.1441820274152151
951,1,train,14,0.03301524561896989,0.18170097858561435,0.02078845702956184,0.1441820274152151
951,-1,train,30,0.02078845702956184,0.1441820274152151,0.02078845702956184,0.1441820274152151
952,0,train,16,0.02066239403766376,0.143744196535595,0.019890340945426507,0.1410331200301068
952,1,train,14,0.019118287853189253,0.13826889691173952,0.019890340945426507,0.1410331200301068
952,-1,train,30,0.019890340945426507,0.1410331200301068,0.019890340945426507,0.1410331200301068
953,0,train,16,0.02313662513579962,0.15210728166593346,0.01968135769641792,0.1402902623007667
953,1,train,14,0.016226090257036224,0.1273816715898964,0.01968135769641792,0.1402902623007667
953,-1,train,30,0.01968135769641792,0.1402902623007667,0.01968135769641792,0.1402902623007667
954,0,train,16,0.023026481546918276,0.15174479083948245,0.019656688886823922,0.1402023141279199
954,1,train,14,0.016286896226729568,0.12762012469328482,0.019656688886823922,0.1402023141279199
954,-1,train,30,0.019656688886823922,0.1402023141279199,0.019656688886823922,0.1402023141279199
955,0,train,16,0.02198933816015791,0.14828802433156194,0.019699498342685827,0.14035490138461795
955,1,train,14,0.017409658525213742,0.1319456650489653,0.019699498342685827,0.14035490138461795
955,-1,train,30,0.019699498342685827,0.14035490138461795,0.019699498342685827,0.14035490138461795
956,0,train,16,0.03323129092908503,0.18229451700225388,0.018884037382581063,0.137419203107066
956,1,train,14,0.004536783836077097,0.06735565184954487,0.018884037382581063,0.137419203107066
956,-1,train,30,0.018884037382581063,0.137419203107066,0.018884037382581063,0.137419203107066
957,0,train,16,0.0237685731703921,0.1541705976196243,0.019507449664500673,0.13966907196835193
957,1,train,14,0.015246326158609245,0.12347601450730925,0.019507449664500673,0.13966907196835193
957,-1,train,30,0.019507449664500673,0.13966907196835193,0.019507449664500673,0.13966907196835193
958,0,train,16,0.017567484566061716,0.13254238780881275,0.019914208138287252,0.14111771022195355
958,1,train,14,0.022260931710512785,0.1492009775789448,0.019914208138287252,0.14111771022195355
958,-1,train,30,0.019914208138287252,0.14111771022195355,0.019914208138287252,0.14111771022195355
959,0,train,16,0.031092535211495093,0.1763307551492226,0.01893094075814218,0.1375897552804793
959,1,train,14,0.006769346304789267,0.08227603724529559,0.01893094075814218,0.1375897552804793
959,-1,train,30,0.01893094075814218,0.1375897552804793,0.01893094075814218,0.1375897552804793
960,0,train,16,0.023173724542034858,0.15222918426515614,0.01945279996599037,0.13947329481298695
960,1,train,14,0.015731875389945887,0.12542677301894475,0.01945279996599037,0.13947329481298695
960,-1,train,30,0.01945279996599037,0.13947329481298695,0.01945279996599037,0.13947329481298695
961,0,train,16,0.006709744683814838,0.08191303122101415,0.020598233867575512,0.14352084819835587
961,1,train,14,0.03448672305133619,0.18570601242645912,0.020598233867575512,0.14352084819835587
961,-1,train,30,0.020598233867575512,0.14352084819835587,0.020598233867575512,0.14352084819835587
962,0,train,16,0.01606395235911204,0.12674364820026304,0.019895829392274005,0.14105257669491192
962,1,train,14,0.02372770642543597,0.1540380031856943,0.019895829392274005,0.14105257669491192
962,-1,train,30,0.019895829392274005,0.14105257669491192,0.019895829392274005,0.14105257669491192
963,0,train,16,0.020811978100919712,0.14426357163511416,0.01952757387750962,0.1397410958791637
963,1,train,14,0.018243169654099528,0.1350672782508759,0.01952757387750962,0.1397410958791637
963,-1,train,30,0.01952757387750962,0.1397410958791637,0.01952757387750962,0.1397410958791637
964,0,train,16,0.031320414190847884,0.17697574463990223,0.01875908819393976,0.13696382074818064
964,1,train,14,0.006197762197031639,0.07872586739459679,0.01875908819393976,0.13696382074818064
964,-1,train,30,0.01875908819393976,0.13696382074818064,0.01875908819393976,0.13696382074818064
965,0,train,16,0.02336696874789862,0.15286258125485983,0.019283505248041254,0.13886506129347748
965,1,train,14,0.015200041748183887,0.12328844937050627,0.019283505248041254,0.13886506129347748
965,-1,train,30,0.019283505248041254,0.13886506129347748,0.019283505248041254,0.13886506129347748
966,0,train,16,0.009947184546939622,0.09973557312684186,0.020211329344342985,0.1421665549429365
966,1,train,14,0.030475474141746346,0.17457226051622962,0.020211329344342985,0.1421665549429365
966,-1,train,30,0.020211329344342985,0.1421665549429365,0.020211329344342985,0.1421665549429365
967,0,train,16,0.01396050029012493,0.11815456102125271,0.01989128365111568,0.14103646213343443
967,1,train,14,0.02582206701210643,0.1606924609684799,0.01989128365111568,0.14103646213343443
967,-1,train,30,0.01989128365111568,0.14103646213343443,0.01989128365111568,0.14103646213343443
968,0,train,16,0.013355318169269324,0.11556521176058704,0.01990194761590505,0.14107426276931256
968,1,train,14,0.026448577062540772,0.16263018496743084,0.01990194761590505,0.14107426276931256
968,-1,train,30,0.01990194761590505,0.14107426276931256,0.01990194761590505,0.14107426276931256
969,0,train,16,0.019734673249993145,0.140480152512706,0.019416742104805408,0.13934397046447833
969,1,train,14,0.01909881095961767,0.13819844774677345,0.019416742104805408,0.13934397046447833
969,-1,train,30,0.019416742104805408,0.13934397046447833,0.019416742104805408,0.13934397046447833
970,0,train,16,0.01336864781639398,0.11562286891611875,0.019838448099030813,0.14084902590728418
970,1,train,14,0.026308248381667645,0.1621981762587596,0.019838448099030813,0.14084902590728418
970,-1,train,30,0.019838448099030813,0.14084902590728418,0.019838448099030813,0.14084902590728418
971,0,train,16,0.016935122228749235,0.13013501538305988,0.01955494952538775,0.13983901288763356
971,1,train,14,0.022174776822026267,0.1489119767581717,0.01955494952538775,0.13983901288763356
971,-1,train,30,0.01955494952538775,0.13983901288763356,0.01955494952538775,0.13983901288763356
972,0,train,16,0.005031134650036553,0.07093049168049347,0.02038218990126069,0.14276620714041782
972,1,train,14,0.03573324515248483,0.18903239180755457,0.02038218990126069,0.14276620714041782
972,-1,train,30,0.02038218990126069,0.14276620714041782,0.02038218990126069,0.14276620714041782
973,0,train,16,0.02129943329507941,0.1459432536812833,0.01918487373021541,0.13850947162636718
973,1,train,14,0.017070314165351413,0.13065341237545774,0.01918487373021541,0.13850947162636718
973,-1,train,30,0.01918487373021541,0.13850947162636718,0.01918487373021541,0.13850947162636718
974,0,train,16,0.014868820887063879,0.12193777465192597,0.01960942043423116,0.1400336403662747
974,1,train,14,0.02435001998139844,0.15604492936778958,0.01960942043423116,0.1400336403662747
974,-1,train,30,0.01960942043423116,0.1400336403662747,0.01960942043423116,0.1400336403662747
975,0,train,16,0.015898071040253092,0.1260875530742551,0.019506763979494496,0.13966661726946242
975,1,train,14,0.023115456918735896,0.15203768256171196,0.019506763979494496,0.13966661726946242
975,-1,train,30,0.019506763979494496,0.13966661726946242,0.019506763979494496,0.13966661726946242
976,0,train,16,0.03186473406568175,0.17850695803156175,0.01834466274173677,0.13544247022901187
976,1,train,14,0.004824591417791789,0.06945927884589494,0.01834466274173677,0.13544247022901187
976,-1,train,30,0.01834466274173677,0.13544247022901187,0.01834466274173677,0.13544247022901187
977,0,train,16,0.01771506819726275,0.13309796466235968,0.019311569667310104,0.13896607379972317
977,1,train,14,0.02090807113735746,0.14459623486577186,0.019311569667310104,0.13896607379972317
977,-1,train,30,0.019311569667310104,0.13896607379972317,0.019311569667310104,0.13896607379972317
978,0,train,16,0.01240160613605648,0.11136249878687385,0.019663532786744386,0.14022671923262123
978,1,train,14,0.02692545943743229,0.16408979077758704,0.019663532786744386,0.14022671923262123
978,-1,train,30,0.019663532786744386,0.14022671923262123,0.019663532786744386,0.14022671923262123
979,0,train,16,0.00451800495081005,0.06721610633479189,0.020203647592240307,0.1421395356410042
979,1,train,14,0.035889290233670566,0.1894446891144499,0.020203647592240307,0.1421395356410042
979,-1,train,30,0.020203647592240307,0.1421395356410042,0.020203647592240307,0.1421395356410042
980,0,train,16,0.004451275868767215,0.06671788267599037,0.020174937633986683,0.14203850757448377
980,1,train,14,0.03589859939920615,0.18946925713478202,0.020174937633986683,0.14203850757448377
980,-1,train,30,0.020174937633986683,0.14203850757448377,0.020174937633986683,0.14203850757448377
981,0,train,16,0.011948627284332257,0.10930977670973561,0.019603494181239203,0.14001247866257924
981,1,train,14,0.027258361078146148,0.16510106322536552,0.019603494181239203,0.14001247866257924
981,-1,train,30,0.019603494181239203,0.14001247866257924,0.019603494181239203,0.14001247866257924
982,0,train,16,0.014047143744038815,0.11852064691031185,0.01942399797120105,0.13937000384301154
982,1,train,14,0.024800852198363286,0.15748286318950164,0.01942399797120105,0.13937000384301154
982,-1,train,30,0.01942399797120105,0.13937000384301154,0.01942399797120105,0.13937000384301154
983,0,train,16,0.01406222133866594,0.11858423731114494,0.01939066686351165,0.13925037473382845
983,1,train,14,0.024719112388357355,0.1572231293046839,0.01939066686351165,0.13925037473382845
983,-1,train,30,0.01939066686351165,0.13925037473382845,0.01939066686351165,0.13925037473382845
984,0,train,16,0.013483863905120958,0.11612004092800242,0.01940204692910818,0.1392912306252916
984,1,train,14,0.0253202299530954,0.15912331681150754,0.01940204692910818,0.1392912306252916
984,-1,train,30,0.01940204692910818,0.1392912306252916,0.01940204692910818,0.1392912306252916
985,0,train,16,0.02547604610328033,0.1596121740447148,0.018521322093085615,0.13609306408882715
985,1,train,14,0.011566598082890896,0.10754811984823769,0.018521322093085615,0.13609306408882715
985,-1,train,30,0.018521322093085615,0.13609306408882715,0.018521322093085615,0.13609306408882715
986,0,train,16,0.02125016647705467,0.14577436838160085,0.01879016117100258,0.13707720879490717
986,1,train,14,0.016330155864950485,0.12778949825768346,0.01879016117100258,0.13707720879490717
986,-1,train,30,0.01879016117100258,0.13707720879490717,0.01879016117100258,0.13707720879490717
987,0,train,16,0.016433848632373165,0.12819457333433878,0.01910312964100191,0.13821407179083434
987,1,train,14,0.021772410649630657,0.14755477169387188,0.01910312964100191,0.13821407179083434
987,-1,train,30,0.01910312964100191,0.13821407179083434,0.01910312964100191,0.13821407179083434
988,0,train,16,0.009316309499556578,0.09652103138464994,0.019583471494672815,0.1399409571736338
988,1,train,14,0.029850633489789054,0.1727733587385192,0.019583471494672815,0.1399409571736338
988,-1,train,30,0.019583471494672815,0.1399409571736338,0.019583471494672815,0.1399409571736338
989,0,train,16,0.006240529930914482,0.07899702482318231,0.019776020101987965,0.1406272381225912
989,1,train,14,0.03331151027306145,0.1825144111380289,0.019776020101987965,0.1406272381225912
989,-1,train,30,0.019776020101987965,0.1406272381225912,0.019776020101987965,0.1406272381225912
990,0,train,16,0.010362863459527461,0.10179815057027049,0.019449536401335003,0.13946159471816966
990,1,train,14,0.028536209343142546,0.16892663893874924,0.019449536401335003,0.13946159471816966
990,-1,train,30,0.019449536401335003,0.13946159471816966,0.019449536401335003,0.13946159471816966
991,0,train,16,0.014136168214132818,0.11889561898628906,0.01914939700060142,0.13838134628844098
991,1,train,14,0.02416262578707002,0.15544332017513657,0.01914939700060142,0.13838134628844098
991,-1,train,30,0.01914939700060142,0.13838134628844098,0.01914939700060142,0.13838134628844098
992,0,train,16,0.008961678311444477,0.09466614131485701,0.019486811961720505,0.1395951716991691
992,1,train,14,0.030011945611996535,0.17323956133630833,0.019486811961720505,0.1395951716991691
992,-1,train,30,0.019486811961720505,0.1395951716991691,0.019486811961720505,0.1395951716991691
993,0,train,16,0.026396107943008302,0.16246879067380388,0.018223371565850542,0.13499396862767812
993,1,train,14,0.010050635188692784,0.10025285626201771,0.018223371565850542,0.13499396862767812
993,-1,train,30,0.018223371565850542,0.13499396862767812,0.018223371565850542,0.13499396862767812
994,0,train,16,0.012556716988864451,0.11205675789020692,0.019172159952627166,0.13846356904481108
994,1,train,14,0.025787602916389877,0.1605851889695618,0.019172159952627166,0.13846356904481108
994,-1,train,30,0.019172159952627166,0.13846356904481108,0.019172159952627166,0.13846356904481108
995,0,train,16,0.025688836048618758,0.16027737222895425,0.018214377717287927,0.13496065247800162
995,1,train,14,0.0107399193859571,0.1036335823271448,0.018214377717287927,0.13496065247800162
995,-1,train,30,0.018214377717287927,0.13496065247800162,0.018214377717287927,0.13496065247800162
996,0,train,16,0.02716883295674692,0.16482970896275623,0.01807521402863494,0.13444409257618922
996,1,train,14,0.008981595100522956,0.09477127782468145,0.01807521402863494,0.13444409257618922
996,-1,train,30,0.01807521402863494,0.13444409257618922,0.01807521402863494,0.13444409257618922
997,0,train,16,0.01773584582990251,0.13317599569705688,0.01871654478784246,0.13680842367282237
997,1,train,14,0.019697243745782404,0.14034686938361826,0.01871654478784246,0.13680842367282237
997,-1,train,30,0.01871654478784246,0.13680842367282237,0.01871654478784246,0.13680842367282237
998,0,train,16,0.011027490606660419,0.10501185936198072,0.019166948776291107,0.13844474990511957
998,1,train,14,0.027306406945921798,0.16524650358153362,0.019166948776291107,0.13844474990511957
998,-1,train,30,0.019166948776291107,0.13844474990511957,0.019166948776291107,0.13844474990511957
999,0,train,16,0.011665698773397517,0.1080078644053178,0.01909545683689226,0.13818631204606432
999,1,train,14,0.026525214900387003,0.1628656344978492,0.01909545683689226,0.13818631204606432
999,-1,train,30,0.01909545683689226,0.13818631204606432,0.01909545683689226,0.13818631204606432
1000,0,train,16,0.010231859968425447,0.10115265675416266,0.019168160444213145,0.13844912583405192
1000,1,train,14,0.028104460920000844,0.16764385142319072,0.019168160444213145,0.13844912583405192
1000,-1,train,30,0.019168160444213145,0.13844912583405192,0.019168160444213145,0.13844912583405192
